"p_val","avg_log2FC","pct.1","pct.2","p_val_adj","gene","gene_symbol","cluster"
0,4.97767252546142,0.838,0.267,0,"GRCh38-CCL5","CCL5","5"
0,4.7470358002771,0.919,0.199,0,"GRCh38-OASL","OASL","5"
0,4.66564315893011,0.698,0.143,0,"GRCh38-IFIT2","IFIT2","5"
0,3.77331581097097,0.887,0.345,0,"GRCh38-IFIT3","IFIT3","5"
0,3.70648008735962,0.919,0.737,0,"GRCh38-ZC3HAV1","ZC3HAV1","5"
0,3.27363935183224,0.964,0.696,0,"GRCh38-ISG15","ISG15","5"
0,3.11523531567173,0.71,0.133,0,"GRCh38-HERC5","HERC5","5"
0,2.96081366425816,0.399,0.03,0,"GRCh38-RSAD2","RSAD2","5"
0,2.7391348304925,0.867,0.445,0,"GRCh38-RIGI","RIGI","5"
0,2.68810075080753,0.693,0.167,0,"GRCh38-IFIT1","IFIT1","5"
0,2.54894275830852,0.836,0.557,0,"GRCh38-PLAAT4","PLAAT4","5"
0,2.46506732198713,0.868,0.42,0,"GRCh38-DDX60","DDX60","5"
0,2.33779553654026,0.77,0.312,0,"GRCh38-PMAIP1","PMAIP1","5"
0,2.32963332640647,0.8,0.396,0,"GRCh38-ISG20","ISG20","5"
0,2.28707454594293,0.789,0.429,0,"GRCh38-CXCL11","CXCL11","5"
0,2.10493307913755,0.907,0.801,0,"GRCh38-FNDC3A","FNDC3A","5"
0,2.08679836003272,0.948,0.599,0,"GRCh38-IFI44","IFI44","5"
0,1.90824291468831,0.787,0.425,0,"GRCh38-HERC6","HERC6","5"
0,1.85945871247106,0.767,0.331,0,"GRCh38-GBP4","GBP4","5"
0,1.83454675746201,0.905,0.784,0,"GRCh38-B4GALT5","B4GALT5","5"
0,1.74296543440113,0.767,0.311,0,"GRCh38-IL7R","IL7R","5"
0,1.70963158042548,0.93,0.794,0,"GRCh38-SAR1A","SAR1A","5"
0,1.57487036631245,0.313,0.044,0,"GRCh38-RANBP3L","RANBP3L","5"
0,1.54999099742848,0.769,0.444,0,"GRCh38-SAMD9L","SAMD9L","5"
0,1.54457527644102,0.471,0.155,0,"GRCh38-CFAP54","CFAP54","5"
0,1.50027250749389,0.899,0.644,0,"GRCh38-SQOR","SQOR","5"
0,1.29654249424895,0.798,0.499,0,"GRCh38-APOL1","APOL1","5"
0,1.25357003431698,0.602,0.155,0,"GRCh38-RTP4","RTP4","5"
0,1.20167571535665,0.699,0.315,0,"GRCh38-TRANK1","TRANK1","5"
0,1.14226408770454,0.421,0.09,0,"GRCh38-MDGA1","MDGA1","5"
0,0.923993077448222,0.327,0.073,0,"GRCh38-LINC02968","LINC02968","5"
0,0.844789675596249,0.312,0.043,0,"GRCh38-ENSG00000273445","ENSG00000273445","5"
0,0.808219085181324,0.427,0.085,0,"GRCh38-ADAP1","ADAP1","5"
0,0.778474895485348,0.179,0.011,0,"GRCh38-CH25H","CH25H","5"
0,0.75744378589776,0.204,0.013,0,"GRCh38-ENSG00000270240","ENSG00000270240","5"
0,0.650651522757382,0.256,0.042,0,"GRCh38-MYO3B","MYO3B","5"
0,0.455198885998492,0.15,0.012,0,"GRCh38-PIK3AP1","PIK3AP1","5"
0,0.432391828185026,0.139,0.012,0,"GRCh38-CPXM1","CPXM1","5"
0,0.426626398133231,0.158,0.011,0,"GRCh38-TNFRSF8","TNFRSF8","5"
0,0.34057287915453,0.118,0.007,0,"GRCh38-PLAAT2","PLAAT2","5"
0,0.296731889882858,0.118,0.007,0,"GRCh38-ACTN2","ACTN2","5"
2.75775842847219e-316,1.64589884765615,0.943,0.908,1.99391449895397e-311,"GRCh38-PARP14","PARP14","5"
2.86884873468663e-311,0.669741689622052,0.335,0.08,2.07423501215312e-306,"GRCh38-CEACAM1","CEACAM1","5"
1.12891256030885e-303,1.22141109667088,0.389,0.11,8.16226359354502e-299,"GRCh38-IDO1","IDO1","5"
1.30953002016083e-296,1.61305128173345,0.903,0.781,9.46816395176681e-292,"GRCh38-ZNFX1","ZNFX1","5"
1.58356831935907e-295,1.31207815094805,0.625,0.273,1.14495156626299e-290,"GRCh38-AIM2","AIM2","5"
1.96503153272342e-286,2.03922292603415,0.77,0.503,1.42075709878969e-281,"GRCh38-IFIH1","IFIH1","5"
1.23704623621865e-281,0.794894582759558,0.483,0.175,8.94409169710812e-277,"GRCh38-DHX58","DHX58","5"
1.58936321904841e-280,0.27051456856126,0.176,0.025,1.14914139463638e-275,"GRCh38-USP30-AS1","USP30-AS1","5"
2.98458645933016e-275,-1.02761380292814,0.752,0.929,2.15791570182489e-270,"GRCh38-DANCR","DANCR","5"
6.54346768672829e-274,1.46233017407221,0.944,0.928,4.73105800685829e-269,"GRCh38-RFC1","RFC1","5"
1.10567093674138e-266,-0.84103039696926,0.907,0.973,7.99422200682754e-262,"GRCh38-EIF4B","EIF4B","5"
7.75239902227244e-266,1.28163481532441,0.623,0.317,5.60513954108342e-261,"GRCh38-CD99P1","CD99P1","5"
3.34519240221814e-260,1.21280519352268,0.805,0.542,2.41864101065176e-255,"GRCh38-SAMHD1","SAMHD1","5"
4.15889569652594e-260,1.41308541131642,0.416,0.141,3.00696476650219e-255,"GRCh38-ENSG00000272865","ENSG00000272865","5"
1.86157168803738e-257,1.95711950941299,0.688,0.408,1.34595356188479e-252,"GRCh38-ZNF704","ZNF704","5"
8.2394864596283e-257,1.42548651456257,0.677,0.379,5.95731350004045e-252,"GRCh38-CHEK2","CHEK2","5"
1.16232378876475e-254,2.00892156348459,0.906,0.794,8.40383345752687e-250,"GRCh38-GRB10","GRB10","5"
4.78560046329293e-252,1.37084373320616,0.98,0.941,3.46008484697005e-247,"GRCh38-SOD2","SOD2","5"
3.40611799202524e-248,1.49718031265511,0.916,0.723,2.46269143059409e-243,"GRCh38-EPSTI1","EPSTI1","5"
5.59733908409635e-248,1.80477482464075,0.933,0.863,4.04698810458335e-243,"GRCh38-MAP4K4","MAP4K4","5"
1.94718993950233e-246,1.58397097139624,0.875,0.711,1.40785727005897e-241,"GRCh38-CFB","CFB","5"
4.81049113741665e-244,1.61785494185803,0.72,0.448,3.47808130217499e-239,"GRCh38-FGF2","FGF2","5"
1.34958474585518e-239,1.00385006599556,0.487,0.179,9.75776762948214e-235,"GRCh38-OAS2","OAS2","5"
4.18889866083613e-233,1.423361625355,0.901,0.816,3.02865750975774e-228,"GRCh38-KDM6A","KDM6A","5"
1.81772758385579e-232,1.55589649684729,0.862,0.723,1.31425339767941e-227,"GRCh38-RPS6KC1","RPS6KC1","5"
1.4112331555283e-229,0.613728386145076,0.228,0.049,1.02034979611007e-224,"GRCh38-PLD5","PLD5","5"
1.4253825652861e-226,-0.779773482160197,0.974,0.992,1.03058010235316e-221,"GRCh38-RPL23","RPL23","5"
6.73961091555545e-226,1.0946733599504,0.75,0.52,4.8728734841649e-221,"GRCh38-IRF1-AS1","IRF1-AS1","5"
1.44469181136531e-223,1.0102073701382,0.675,0.368,1.04454107345334e-218,"GRCh38-MX2","MX2","5"
1.55579248611305e-223,1.78457989895616,0.832,0.623,1.12486908330946e-218,"GRCh38-SAMD9","SAMD9","5"
6.23843246238071e-222,0.662036155092466,0.333,0.102,4.5105114389505e-217,"GRCh38-BATF3","BATF3","5"
3.56770244473383e-213,1.05805005928684,0.965,0.964,2.57952022159145e-208,"GRCh38-PPA1","PPA1","5"
3.76955257359306e-212,1.19404266937124,0.939,0.872,2.72546190175925e-207,"GRCh38-CCND3","CCND3","5"
1.20127933941286e-210,1.02001108953716,0.845,0.69,8.68548987982286e-206,"GRCh38-STAT2","STAT2","5"
2.66563043474173e-209,0.976619947580383,0.653,0.378,1.92730411692696e-204,"GRCh38-APOL2","APOL2","5"
4.60415063058008e-208,2.41177176993772,0.834,0.702,3.32889298892201e-203,"GRCh38-IGFBP6","IGFBP6","5"
3.02787366380272e-199,-0.80692409229559,0.331,0.679,2.18921321640265e-194,"GRCh38-NT5DC2","NT5DC2","5"
4.21109770611475e-199,1.71681347264825,0.889,0.823,3.04470786347509e-194,"GRCh38-AFAP1","AFAP1","5"
4.35612886920511e-199,1.91493170080214,0.838,0.634,3.14956829501268e-194,"GRCh38-TTC28","TTC28","5"
7.43075643578434e-196,0.658887933601534,0.306,0.094,5.37258551820079e-191,"GRCh38-RHEBL1","RHEBL1","5"
3.22641771298736e-185,2.41928096096048,0.653,0.434,2.33276453484412e-180,"GRCh38-SLC2A13","SLC2A13","5"
2.11353821820408e-182,0.968668607041122,0.472,0.217,1.52813040252591e-177,"GRCh38-RGS9","RGS9","5"
5.75704485619378e-182,0.284204187937453,0.108,0.014,4.16245857192523e-177,"GRCh38-RIPOR2","RIPOR2","5"
3.79270355488542e-179,1.33290577641526,0.905,0.852,2.74220052425325e-174,"GRCh38-IRF1","IRF1","5"
6.70259464913464e-179,1.35252539485569,0.88,0.778,4.84610998321733e-174,"GRCh38-ZFP36L2","ZFP36L2","5"
1.48613642005918e-177,-0.690179467394276,0.95,0.982,1.07450635443119e-172,"GRCh38-H3-3A","H3-3A","5"
4.16055230352754e-176,1.5045479039487,0.773,0.575,3.00816252649648e-171,"GRCh38-SLPI","SLPI","5"
7.92621008453567e-176,1.1871582582156,0.833,0.635,5.73080841532098e-171,"GRCh38-COL8A1","COL8A1","5"
8.93859666053528e-176,-0.637742300093647,0.985,0.995,6.46278415750022e-171,"GRCh38-RPL6","RPL6","5"
2.13181690468771e-174,0.873117293193472,0.866,0.746,1.54134625842731e-169,"GRCh38-APOL6","APOL6","5"
1.67856328615596e-173,1.660511112107,0.957,0.934,1.21363482715648e-168,"GRCh38-SPAG9","SPAG9","5"
3.30124588362169e-173,1.5173301179219,0.681,0.409,2.38686679877615e-168,"GRCh38-DMD","DMD","5"
7.02960721830553e-173,-0.680927331408759,0.905,0.97,5.08254661097926e-168,"GRCh38-EIF3A","EIF3A","5"
3.51775924295258e-171,0.701972315939105,0.564,0.304,2.54341028783957e-166,"GRCh38-THEMIS2","THEMIS2","5"
3.92025810205873e-169,1.32506965027416,0.754,0.544,2.8344250129505e-164,"GRCh38-JAK2","JAK2","5"
9.05426061989636e-168,1.35634126358228,0.778,0.552,6.54641151339746e-163,"GRCh38-PLCG2","PLCG2","5"
2.07745167624075e-167,-0.637581764553077,0.978,0.993,1.50203911095558e-162,"GRCh38-RPL5","RPL5","5"
4.06952389892284e-162,0.340554528831851,0.229,0.063,2.94234716939919e-157,"GRCh38-CALHM5","CALHM5","5"
2.26488549448277e-160,0.637218653404896,0.297,0.102,1.63755751022093e-155,"GRCh38-FZD4","FZD4","5"
7.41855160354529e-159,-0.649822489667292,0.925,0.97,5.36376118039532e-154,"GRCh38-RBMX","RBMX","5"
7.42527260795657e-152,0.358872063712174,0.168,0.039,5.36862060100476e-147,"GRCh38-C12orf40","C12orf40","5"
1.70380659680034e-148,1.15701443896856,0.884,0.671,1.23188624561858e-143,"GRCh38-KRT17","KRT17","5"
3.21144667204764e-146,1.33829078775607,0.761,0.576,2.32194017282388e-141,"GRCh38-WARS1","WARS1","5"
1.46436758969257e-144,1.65231756939944,0.798,0.641,1.05876705469952e-139,"GRCh38-PRSS23","PRSS23","5"
2.91731675305953e-144,2.98287605250184,0.398,0.174,2.1092783587971e-139,"GRCh38-CXCL10","CXCL10","5"
3.35339381736139e-144,0.263050765649216,0.148,0.032,2.42457079782863e-139,"GRCh38-CFAP57","CFAP57","5"
4.35272397075336e-144,1.30044729054923,0.86,0.769,3.14710648533409e-139,"GRCh38-GBP1","GBP1","5"
1.02272135033118e-140,0.575711328532083,0.234,0.072,7.39447990716452e-136,"GRCh38-HCAR2","HCAR2","5"
7.59788229209896e-140,-0.542734324691458,0.948,0.978,5.49342085483339e-135,"GRCh38-SLC25A3","SLC25A3","5"
4.85632953392756e-139,0.305127571796727,0.207,0.059,3.5112233796203e-134,"GRCh38-C19orf38","C19orf38","5"
1.19468329892251e-135,-0.539923883754245,0.982,0.992,8.63779918786953e-131,"GRCh38-RPS7","RPS7","5"
2.03175268245993e-135,0.932817412791721,0.33,0.134,1.46899782447218e-130,"GRCh38-NRG2","NRG2","5"
9.19908546180625e-134,1.54553929716599,0.494,0.282,6.65112277059516e-129,"GRCh38-HIP1R","HIP1R","5"
2.40891201950267e-132,1.15154474080585,0.34,0.141,1.74169156834082e-127,"GRCh38-GBP5","GBP5","5"
4.88272139651704e-131,-0.531291152729495,0.978,0.991,3.53030522410975e-126,"GRCh38-RPL17","RPL17","5"
1.43215828466479e-129,0.969081519922638,0.663,0.459,1.03547908297833e-124,"GRCh38-FAS","FAS","5"
3.56459049978075e-127,0.341264187510065,0.18,0.049,2.57727022315147e-122,"GRCh38-P2RX7","P2RX7","5"
1.55241298439201e-125,0.520113292824081,0.363,0.16,1.12242563597511e-120,"GRCh38-USP18","USP18","5"
2.96110642464366e-125,1.37286697103009,0.736,0.547,2.14093916714586e-120,"GRCh38-PLAUR","PLAUR","5"
1.020758422397e-124,1.34767267950365,0.803,0.739,7.38028754561478e-120,"GRCh38-MFSD14A","MFSD14A","5"
2.23236424272398e-123,-0.601337951890352,0.87,0.953,1.61404399477429e-118,"GRCh38-MRPL51","MRPL51","5"
3.09182984995936e-123,-0.503454923574794,0.923,0.965,2.23545481811762e-118,"GRCh38-SNHG8","SNHG8","5"
4.20596348984535e-123,-0.824965187448071,0.691,0.837,3.04099572242798e-118,"GRCh38-THBS1","THBS1","5"
7.68625014673963e-123,-0.474616004492594,0.963,0.988,5.55731258109568e-118,"GRCh38-EIF1","EIF1","5"
1.06642021158386e-122,0.782863134644687,0.68,0.474,7.71043141379362e-118,"GRCh38-DDX60L","DDX60L","5"
1.10775619301576e-122,-0.541119255226646,0.934,0.968,8.00929882674255e-118,"GRCh38-MT-ND3","MT-ND3","5"
2.87396470806077e-121,-0.547692055371984,0.981,0.993,2.0779339632221e-116,"GRCh38-NPM1","NPM1","5"
2.00209703946027e-120,-0.76732393078974,0.837,0.916,1.44755620147057e-115,"GRCh38-TP63","TP63","5"
3.94551593571068e-117,-0.508850979978316,0.963,0.984,2.85268693183753e-112,"GRCh38-SLC25A6","SLC25A6","5"
6.20564815802864e-117,0.574109925769,0.375,0.172,4.48680773121787e-112,"GRCh38-PODXL","PODXL","5"
3.3318789915319e-116,0.725598595515669,0.531,0.321,2.40901514845739e-111,"GRCh38-ITGA1","ITGA1","5"
6.05819160911679e-115,0.950953705910008,0.543,0.352,4.38019369722362e-110,"GRCh38-MIIP","MIIP","5"
9.9536171615691e-115,-0.493112565249454,0.961,0.988,7.19666428015769e-110,"GRCh38-RPS17","RPS17","5"
1.18865717224965e-114,-0.481084705873684,0.961,0.985,8.59422908679945e-110,"GRCh38-PABPC1","PABPC1","5"
1.71027158074811e-114,0.467263627834579,0.267,0.101,1.2365605583125e-109,"GRCh38-GBP1P1","GBP1P1","5"
3.10423694417914e-114,0.959807102094884,0.468,0.251,2.2444253953804e-109,"GRCh38-OAS1","OAS1","5"
2.61418794378095e-113,0.523074458014573,0.236,0.084,1.8901101671125e-108,"GRCh38-ENSG00000232053","ENSG00000232053","5"
2.63485815973977e-113,0.566931272030415,0.462,0.245,1.90505514665505e-108,"GRCh38-NFE2L3","NFE2L3","5"
2.79731284680806e-113,-0.439519447606051,0.923,0.966,2.02251313449916e-108,"GRCh38-MT-ND4L","MT-ND4L","5"
3.56315434664987e-112,0.991158600338561,0.949,0.915,2.57623185571479e-107,"GRCh38-KYNU","KYNU","5"
2.0025159292413e-111,-0.627042347175221,0.769,0.897,1.44785906716005e-106,"GRCh38-GCSH","GCSH","5"
3.88827841256899e-111,0.705301109703098,0.592,0.398,2.81130305785563e-106,"GRCh38-TYSND1","TYSND1","5"
6.84116884702235e-111,-0.40362267932346,0.964,0.98,4.9463018997741e-106,"GRCh38-MT-CYB","MT-CYB","5"
2.39559864363039e-110,1.23765609827116,0.422,0.215,1.73206573131764e-105,"GRCh38-TNFSF10","TNFSF10","5"
2.95381697307866e-110,0.934956791469575,0.792,0.66,2.13566874787533e-105,"GRCh38-CD276","CD276","5"
5.42768780482806e-110,0.732868395095327,0.865,0.805,3.92432683664678e-105,"GRCh38-GBP2","GBP2","5"
1.97198245117863e-109,0.403156621370016,0.194,0.061,1.42578275185117e-104,"GRCh38-HCAR3","HCAR3","5"
3.63219847843724e-109,1.26672182340268,0.685,0.528,2.62615214387969e-104,"GRCh38-PPM1K","PPM1K","5"
4.8633735682864e-109,0.544066320963492,0.616,0.407,3.51631635734244e-104,"GRCh38-BTN3A1","BTN3A1","5"
5.59220040846855e-108,1.09613901632038,0.534,0.307,4.04327273933093e-103,"GRCh38-ENSG00000286533","ENSG00000286533","5"
9.36480995037613e-108,-0.533834237718181,0.896,0.954,6.77094489032095e-103,"GRCh38-PABPC4","PABPC4","5"
7.98069380986901e-107,1.44992752258154,0.597,0.409,5.77020123841149e-102,"GRCh38-FYN","FYN","5"
5.66651374345324e-106,-0.572241302247589,0.905,0.966,4.09700276679156e-101,"GRCh38-CCT6A","CCT6A","5"
7.47806304477274e-106,1.38721471447577,0.578,0.371,5.40678914263158e-101,"GRCh38-IL6","IL6","5"
1.10971771692951e-104,1.12898865477937,0.483,0.267,8.02348103694371e-100,"GRCh38-MX1","MX1","5"
4.98927373453642e-104,-0.567423514264779,0.92,0.963,3.60734469554452e-99,"GRCh38-TXNRD1","TXNRD1","5"
5.05864368172285e-104,0.849595059335218,0.919,0.877,3.65750055475926e-99,"GRCh38-STAT1","STAT1","5"
5.47747899926536e-104,0.994398183466077,0.942,0.911,3.96032686604884e-99,"GRCh38-SH3KBP1","SH3KBP1","5"
6.32114653406062e-102,-0.494962745034861,0.792,0.898,4.57031536705651e-97,"GRCh38-CCNB1IP1","CCNB1IP1","5"
2.86121648080418e-100,1.19080313044555,0.615,0.447,2.06871673995104e-95,"GRCh38-NEDD1","NEDD1","5"
3.04680589098271e-100,-0.466003822417201,0.884,0.957,2.20290159529832e-95,"GRCh38-ATP5PB","ATP5PB","5"
4.93084752762638e-100,-0.52803504883846,0.99,0.997,3.56510137942443e-95,"GRCh38-ACTG1","ACTG1","5"
1.08722047609211e-99,0.842468402800468,0.417,0.225,7.86082148624118e-95,"GRCh38-KLF4","KLF4","5"
1.23294097972141e-98,-0.61913322034477,0.815,0.906,8.91440987158175e-94,"GRCh38-ME1","ME1","5"
2.27476480780354e-97,-0.662300449275928,0.689,0.851,1.64470045133811e-92,"GRCh38-SLC7A11","SLC7A11","5"
8.44966534932124e-97,-0.387450238875634,0.975,0.988,6.10927704086624e-92,"GRCh38-MT-CO3","MT-CO3","5"
1.53105739862934e-96,-0.51098804290561,0.523,0.747,1.10698512035698e-91,"GRCh38-RAB4A","RAB4A","5"
2.0160457472679e-96,-0.484612422942358,0.857,0.945,1.45764139618964e-91,"GRCh38-TRIR","TRIR","5"
2.13196179728974e-96,-0.650680187978947,0.789,0.876,1.54145101867643e-91,"GRCh38-DOCK10","DOCK10","5"
2.27063729481698e-96,-0.421886815548361,0.981,0.991,1.64171617689857e-91,"GRCh38-RPL15","RPL15","5"
9.35789106568288e-96,-0.573188602264178,0.828,0.914,6.76594239831003e-91,"GRCh38-C12orf75","C12orf75","5"
2.58941997281558e-95,-0.36379697081327,0.965,0.982,1.87220242874512e-90,"GRCh38-MT-ND4","MT-ND4","5"
3.7033753850502e-95,-0.588429790455359,0.867,0.931,2.677614470899e-90,"GRCh38-MAP1B","MAP1B","5"
6.59587774101981e-95,-0.611036496692864,0.29,0.539,4.76895152431214e-90,"GRCh38-TOX2","TOX2","5"
7.84903369742398e-95,0.868968671867093,0.931,0.812,5.67500834391148e-90,"GRCh38-ITGA2","ITGA2","5"
1.02325407302348e-94,-0.370144150628362,0.946,0.975,7.39833159877434e-90,"GRCh38-MT-ND5","MT-ND5","5"
1.66340991574657e-93,0.959774746628063,0.934,0.897,1.20267863728308e-88,"GRCh38-TYMP","TYMP","5"
3.41651314499263e-93,-0.507543197892883,0.952,0.978,2.47020733409257e-88,"GRCh38-TPM1","TPM1","5"
1.29298618873243e-92,-0.504173376483395,0.867,0.947,9.34854874177319e-88,"GRCh38-HDAC2","HDAC2","5"
1.13675107873748e-91,0.655644381436268,0.717,0.573,8.21893764948771e-87,"GRCh38-RBM38","RBM38","5"
2.2689163830168e-91,-0.628233179820341,0.833,0.927,1.64047192324881e-86,"GRCh38-ZNF385D","ZNF385D","5"
3.09169428602976e-91,0.42741698565274,0.244,0.1,2.23535680268524e-86,"GRCh38-SSC5D","SSC5D","5"
5.26793077177598e-91,-0.525383619428757,0.746,0.871,3.80881930660947e-86,"GRCh38-MAP7D3","MAP7D3","5"
7.07658630885598e-91,-0.771507045438553,0.842,0.919,5.11651343302905e-86,"GRCh38-TM4SF1","TM4SF1","5"
3.53257983908758e-90,0.313079729671257,0.102,0.024,2.5541258752571e-85,"GRCh38-SNRPF-DT","SNRPF-DT","5"
4.24150989511219e-90,0.487473941799574,0.573,0.378,3.06669648436402e-85,"GRCh38-APOL3","APOL3","5"
4.33679877170691e-90,0.59312684960744,0.909,0.92,3.13559224791953e-85,"GRCh38-TMEM219","TMEM219","5"
8.22684682299143e-90,0.777080313697,0.698,0.536,5.94817478995926e-85,"GRCh38-CTSS","CTSS","5"
9.47312869429339e-90,0.594295882988304,0.154,0.047,6.84926150854801e-85,"GRCh38-NCF2","NCF2","5"
1.18373201683592e-89,-0.422296880780141,0.976,0.991,8.55861922812709e-85,"GRCh38-RPL4","RPL4","5"
1.63403473439143e-89,-0.450155851222031,0.852,0.936,1.18143979365969e-84,"GRCh38-EIF3L","EIF3L","5"
1.69481051459888e-89,0.837721702888156,0.488,0.294,1.22538189826528e-84,"GRCh38-EPHA4","EPHA4","5"
4.41068849604009e-89,0.505385040177054,0.129,0.036,3.1890159964069e-84,"GRCh38-PLXNA4","PLXNA4","5"
1.52419297555973e-88,0.262625658023195,0.155,0.048,1.1020220051892e-83,"GRCh38-STX11","STX11","5"
8.28463381647282e-88,-0.617764269637197,0.786,0.878,5.98995594198618e-83,"GRCh38-EIF2B3","EIF2B3","5"
2.64149619725831e-87,-0.494544901444705,0.834,0.921,1.9098545805417e-82,"GRCh38-SLC4A7","SLC4A7","5"
3.09679289368648e-87,0.65447689547561,0.507,0.312,2.2390431979932e-82,"GRCh38-SRGAP3","SRGAP3","5"
3.88661128010834e-87,-0.585777113072464,0.352,0.569,2.81009768774393e-82,"GRCh38-UNC5B","UNC5B","5"
4.88013687078529e-87,-0.509015065328683,0.852,0.925,3.52843656031518e-82,"GRCh38-CCDC85B","CCDC85B","5"
4.98104737406059e-87,0.644683717211324,0.493,0.311,3.60139687239329e-82,"GRCh38-SIX1","SIX1","5"
7.02153680754188e-87,-0.485579010951191,0.967,0.985,5.07671154258893e-82,"GRCh38-HSPD1","HSPD1","5"
8.16320624995708e-87,-0.40411163116961,0.917,0.963,5.90216138284397e-82,"GRCh38-TTC3","TTC3","5"
4.11025120098501e-86,0.724233658507858,0.491,0.3,2.97179382333618e-81,"GRCh38-ENSG00000251095","ENSG00000251095","5"
6.81469706089494e-85,1.03052962766189,0.387,0.201,4.92716226896826e-80,"GRCh38-BRIP1","BRIP1","5"
7.4327144492767e-85,-0.639368948991706,0.896,0.961,5.37400120111604e-80,"GRCh38-HNRNPAB","HNRNPAB","5"
7.71898861913221e-85,0.571580970481929,0.924,0.936,5.58098315140497e-80,"GRCh38-PSMB9","PSMB9","5"
1.82488265056877e-84,-0.415070479412401,0.83,0.937,1.31942665401423e-79,"GRCh38-MT-ATP8","MT-ATP8","5"
1.87650602852324e-84,-0.382822993199671,0.98,0.992,1.35675138874288e-79,"GRCh38-RPS20","RPS20","5"
4.67607842729355e-84,-0.56809507311891,0.796,0.903,3.38089822450178e-79,"GRCh38-ABCE1","ABCE1","5"
1.38211529968928e-83,-0.745721973836144,0.75,0.842,9.99297003981344e-79,"GRCh38-ENSG00000259345","ENSG00000259345","5"
1.55661630582669e-83,-0.467948902291998,0.645,0.803,1.12546472143881e-78,"GRCh38-CIBAR1","CIBAR1","5"
1.58384500051824e-83,0.497088981768512,0.333,0.167,1.14515161227469e-78,"GRCh38-NMNAT2","NMNAT2","5"
1.6812535117634e-83,-0.458221697521907,0.965,0.987,1.21557991407517e-78,"GRCh38-HSPA8","HSPA8","5"
3.13703303415866e-83,0.968373911612768,0.953,0.951,2.26813762435739e-78,"GRCh38-ACSL4","ACSL4","5"
5.02725365221083e-83,0.725092257123327,0.471,0.279,3.63480493562147e-78,"GRCh38-PTGER4","PTGER4","5"
6.52454909049217e-83,0.364980908934993,0.37,0.196,4.71737948340765e-78,"GRCh38-TMEM140","TMEM140","5"
7.27281491814438e-83,-0.457617024513949,0.879,0.941,5.25839064211675e-78,"GRCh38-CIRBP","CIRBP","5"
8.54550860534189e-83,0.758845781703199,0.414,0.235,6.1785736318343e-78,"GRCh38-SLC2A14","SLC2A14","5"
9.42746128767662e-83,0.846301670365976,0.792,0.663,6.81624306021595e-78,"GRCh38-ARHGAP26","ARHGAP26","5"
4.99783369591168e-82,-0.475994892490683,0.959,0.979,3.61353371881807e-77,"GRCh38-MYH9","MYH9","5"
2.03948414861425e-81,0.77395912898689,0.829,0.716,1.47458782913108e-76,"GRCh38-XAF1","XAF1","5"
2.3436020897666e-81,-0.474391688918815,0.889,0.951,1.69447118294305e-76,"GRCh38-KIF5B","KIF5B","5"
3.4540419567128e-81,-0.452078479736597,0.83,0.918,2.49734141554249e-76,"GRCh38-CNN2","CNN2","5"
4.68272563495118e-81,-0.534113471128466,0.634,0.795,3.3857042885824e-76,"GRCh38-ELOVL6","ELOVL6","5"
1.60695613356546e-80,-0.351235371080179,0.983,0.988,1.1618614236905e-75,"GRCh38-MT-CO2","MT-CO2","5"
1.78518907008535e-80,-0.410096179373361,0.986,0.994,1.29072740145311e-75,"GRCh38-RPL37A","RPL37A","5"
2.65375588284315e-80,0.765068118076568,0.89,0.862,1.91871857841326e-75,"GRCh38-RNF149","RNF149","5"
3.71601521055969e-79,0.584426543609529,0.886,0.874,2.68675331753887e-74,"GRCh38-PSMB10","PSMB10","5"
5.18073473150711e-79,-0.446271665299029,0.871,0.933,3.74577482557427e-74,"GRCh38-G6PD","G6PD","5"
7.06136375615709e-79,-0.427110771133866,0.907,0.958,5.1055072229767e-74,"GRCh38-ATP5F1A","ATP5F1A","5"
2.41060024850968e-78,0.260447267651501,0.153,0.051,1.74291219167747e-73,"GRCh38-ENSG00000230649","ENSG00000230649","5"
2.47081101058591e-78,0.98677859693231,0.237,0.101,1.78644577687383e-73,"GRCh38-ENSG00000251293","ENSG00000251293","5"
2.23996173643426e-77,-0.483370109316784,0.851,0.932,1.6195371346767e-72,"GRCh38-TXNL4A","TXNL4A","5"
2.71598951222728e-77,0.378235231448148,0.319,0.159,1.96371473713057e-72,"GRCh38-ETV7","ETV7","5"
4.83445288226701e-77,-1.08309226110469,0.824,0.914,3.4954061229367e-72,"GRCh38-H4C3","H4C3","5"
1.70169133542548e-76,-0.44952916200472,0.865,0.927,1.23035686933933e-71,"GRCh38-CMBL","CMBL","5"
5.73602446037278e-76,-0.511220197574349,0.863,0.928,4.14726040533873e-71,"GRCh38-NREP","NREP","5"
6.78464850049026e-76,0.553769312280892,0.763,0.622,4.90543655882447e-71,"GRCh38-PCGF5","PCGF5","5"
1.72139450491899e-75,-0.533619341511036,0.937,0.972,1.24460265494653e-70,"GRCh38-PA2G4","PA2G4","5"
2.46255249115873e-75,-0.479971480248059,0.852,0.932,1.78047470215759e-70,"GRCh38-RDX","RDX","5"
2.54048760169806e-75,0.446971645651827,0.626,0.452,1.83682334577973e-70,"GRCh38-TNFRSF14","TNFRSF14","5"
1.07250442631655e-74,-0.328222116167455,0.984,0.996,7.75442150315391e-70,"GRCh38-ENO1","ENO1","5"
1.08405913974643e-74,-0.458345967659469,0.968,0.986,7.83796439219463e-70,"GRCh38-SERBP1","SERBP1","5"
1.941325843701e-74,-0.430856403848379,0.929,0.969,1.4036174115127e-69,"GRCh38-CCT4","CCT4","5"
1.94957958848575e-74,-0.482310237312373,0.737,0.87,1.40958503406697e-69,"GRCh38-UTP11","UTP11","5"
4.65512275903634e-74,-0.533838173474931,0.483,0.647,3.36574685723845e-69,"GRCh38-TLE2","TLE2","5"
6.33999964441788e-74,-0.612134671682629,0.821,0.901,4.58394654290702e-69,"GRCh38-ANO5","ANO5","5"
9.49165245886502e-74,-0.65451704460619,0.404,0.599,6.86265456080859e-69,"GRCh38-TGFB2","TGFB2","5"
1.9743007253909e-73,0.64377003300558,0.884,0.862,1.42745891047213e-68,"GRCh38-UBE2L6","UBE2L6","5"
2.78159126789173e-73,-0.45571547306311,0.848,0.926,2.01114611851108e-68,"GRCh38-MRPS18B","MRPS18B","5"
5.30182239346303e-73,-0.398585786909925,0.921,0.972,3.83332362692164e-68,"GRCh38-CSDE1","CSDE1","5"
6.64504200823423e-73,-0.477300421507136,0.716,0.842,4.80449827279351e-68,"GRCh38-MAGI1","MAGI1","5"
8.57155623659054e-73,0.446679032867471,0.416,0.246,6.1974065901797e-68,"GRCh38-GBP3","GBP3","5"
1.17945295929169e-72,-0.655711352305302,0.988,0.99,8.52768078627077e-68,"GRCh38-HMGB1","HMGB1","5"
1.62577216512833e-72,-0.766229315165788,0.24,0.438,1.17546579083108e-67,"GRCh38-SCN9A","SCN9A","5"
2.07851408164801e-72,-0.470749887342217,0.94,0.97,1.50280725131315e-67,"GRCh38-ANP32B","ANP32B","5"
6.4476740108905e-72,0.588685715470603,0.286,0.144,4.66179726335405e-67,"GRCh38-ENSG00000287796","ENSG00000287796","5"
8.17857265249807e-72,0.855331249008934,0.313,0.164,5.91327159920916e-67,"GRCh38-S100P","S100P","5"
8.23501256689942e-72,-0.392370496055001,0.893,0.954,5.95407878611962e-67,"GRCh38-RSL24D1","RSL24D1","5"
4.12092514870125e-71,-0.585455032890001,0.651,0.818,2.97951130101398e-66,"GRCh38-ODC1","ODC1","5"
4.36075476365498e-71,0.738519534125552,0.711,0.605,3.15291290921782e-66,"GRCh38-UBN2","UBN2","5"
6.50766142677167e-71,-0.687898579631335,0.593,0.725,4.70516936478446e-66,"GRCh38-MGLL","MGLL","5"
9.11612880247325e-71,0.992303594579196,0.43,0.257,6.59114344676421e-66,"GRCh38-RBFOX1","RBFOX1","5"
1.11229243759921e-70,0.903480688168778,0.536,0.344,8.04209678232978e-66,"GRCh38-SAA1","SAA1","5"
2.49431033802597e-70,-0.674447739739362,0.581,0.752,1.80343626059954e-65,"GRCh38-PEG10","PEG10","5"
3.36561194493804e-70,-0.478721198171462,0.669,0.824,2.4334047484291e-65,"GRCh38-NLN","NLN","5"
3.94543346061896e-70,-0.463651857501897,0.794,0.899,2.85262730069672e-65,"GRCh38-ANP32A","ANP32A","5"
4.87933269388732e-70,-0.547563478741981,0.92,0.96,3.52785512433441e-65,"GRCh38-PRKDC","PRKDC","5"
4.99053523431702e-70,-0.483345531748034,0.792,0.9,3.60825678511589e-65,"GRCh38-AHR","AHR","5"
5.36965011372638e-70,-0.44609748125236,0.804,0.916,3.88236442522645e-65,"GRCh38-TCP1","TCP1","5"
6.36370805364172e-70,0.348686657289531,0.211,0.089,4.60108819694404e-65,"GRCh38-TNFSF13B","TNFSF13B","5"
7.03743048473392e-70,0.640622013000246,0.813,0.727,5.08820298907232e-65,"GRCh38-RBMS2","RBMS2","5"
9.588265441181e-70,-0.417304390609578,0.902,0.954,6.93250767928268e-65,"GRCh38-F2R","F2R","5"
1.07048768405903e-69,0.884611574619454,0.676,0.538,7.73984005328361e-65,"GRCh38-NFKBIZ","NFKBIZ","5"
1.42051968308517e-69,-0.466564331898768,0.733,0.856,1.02706414126424e-64,"GRCh38-VAV3","VAV3","5"
1.94650372412483e-69,0.29882675809262,0.167,0.063,1.40736112261673e-64,"GRCh38-ENSG00000289600","ENSG00000289600","5"
1.95680233436544e-69,0.919442826650452,0.248,0.115,1.4148072237929e-64,"GRCh38-SCN3A","SCN3A","5"
5.2553182791408e-69,-0.622059127046486,0.806,0.899,3.79970022218438e-64,"GRCh38-TUBA1A","TUBA1A","5"
2.14203519996014e-68,-0.422491863964518,0.337,0.539,1.54873429027518e-63,"GRCh38-TIMM21","TIMM21","5"
2.60425804858858e-68,-0.363106385151959,0.973,0.989,1.88293065429051e-63,"GRCh38-EEF2","EEF2","5"
2.76489134306597e-68,-0.584203077221531,0.76,0.833,1.99907173886356e-63,"GRCh38-CAMK2N1","CAMK2N1","5"
4.71538646959988e-68,0.590567159213067,0.704,0.603,3.40931872525011e-63,"GRCh38-SECTM1","SECTM1","5"
4.72229370592291e-68,-0.43881475375041,0.788,0.886,3.41431279525638e-63,"GRCh38-METRN","METRN","5"
7.91700871417875e-68,0.631415946243564,0.894,0.881,5.72415564052552e-63,"GRCh38-IL1R1","IL1R1","5"
9.50592765365657e-68,-0.449328783626413,0.911,0.969,6.87297581214678e-63,"GRCh38-HSPE1","HSPE1","5"
1.48215342428058e-67,-0.436955178694222,0.885,0.952,1.07162656882334e-62,"GRCh38-ILF3","ILF3","5"
1.99934085225468e-67,-0.395988390171589,0.899,0.956,1.44556342299718e-62,"GRCh38-GNG12","GNG12","5"
2.82509632909233e-67,0.721113727908583,0.531,0.359,2.04260114786034e-62,"GRCh38-TRIM22","TRIM22","5"
3.18893999956401e-67,0.600822609400037,0.523,0.359,2.30566739848477e-62,"GRCh38-CPEB3","CPEB3","5"
7.7087838777135e-67,-0.434539920207467,0.699,0.831,5.57360491926442e-62,"GRCh38-AIMP2","AIMP2","5"
8.58910436685229e-67,-0.398938959261714,0.891,0.94,6.21009423932154e-62,"GRCh38-DPYSL2","DPYSL2","5"
1.54497543395563e-66,0.515485659613538,0.541,0.372,1.1170481382586e-61,"GRCh38-IL15","IL15","5"
1.83712143140863e-66,0.360644786652677,0.224,0.101,1.32827553733707e-61,"GRCh38-PRSS23-AS1","PRSS23-AS1","5"
2.67714078249146e-66,1.12674706138766,0.854,0.824,1.93562632855697e-61,"GRCh38-XBP1","XBP1","5"
3.84754573963787e-66,0.612554845303491,0.224,0.1,2.78185252067297e-61,"GRCh38-ENSG00000249870","ENSG00000249870","5"
4.32207341874146e-66,-0.386590595068885,0.693,0.826,3.12494552321845e-61,"GRCh38-BCAT2","BCAT2","5"
5.0109503896236e-66,-0.504448107615316,0.954,0.981,3.62301735070565e-61,"GRCh38-CCT5","CCT5","5"
7.41579139020973e-66,0.356027811295556,0.137,0.047,5.36176549094944e-61,"GRCh38-ENSG00000255910","ENSG00000255910","5"
1.34355615434765e-65,-0.394766447260626,0.894,0.956,9.71417970716441e-61,"GRCh38-CALU","CALU","5"
1.81872019575793e-65,-0.444918926686595,0.884,0.944,1.3149710759369e-60,"GRCh38-PNN","PNN","5"
2.35854602414629e-65,0.296934185579881,0.25,0.119,1.70527594637825e-60,"GRCh38-FAM177B","FAM177B","5"
2.41344519294777e-65,0.844745433502033,0.846,0.782,1.7449691434051e-60,"GRCh38-ENSG00000285280","ENSG00000285280","5"
2.46636311704027e-65,0.775456188339341,0.876,0.794,1.78322986088245e-60,"GRCh38-TNIP1","TNIP1","5"
3.83418138696186e-65,1.06545336109723,0.843,0.805,2.77218982640117e-60,"GRCh38-AGL","AGL","5"
4.68758414483016e-65,0.384859827518081,0.675,0.497,3.38921708839511e-60,"GRCh38-SERINC2","SERINC2","5"
5.91564791454421e-65,-0.397002501477045,0.895,0.949,4.27713175517376e-60,"GRCh38-NRP1","NRP1","5"
9.15150456625011e-65,-0.362271507406913,0.935,0.97,6.61672083149015e-60,"GRCh38-NDUFA13","NDUFA13","5"
1.18197107940109e-64,-0.518500303688571,0.773,0.878,8.54588729828573e-60,"GRCh38-SACS","SACS","5"
1.69860570037708e-64,0.886438552376887,0.673,0.514,1.22812589348663e-59,"GRCh38-IFI6","IFI6","5"
1.88138908695569e-64,0.388946378837666,0.221,0.099,1.3602819376507e-59,"GRCh38-CRLF2","CRLF2","5"
2.73285669467854e-64,-0.446366762509244,0.926,0.969,1.97591004738648e-59,"GRCh38-CCT2","CCT2","5"
4.83872495603793e-64,-0.355113715283562,0.731,0.862,3.49849491771454e-59,"GRCh38-TXNDC5","TXNDC5","5"
5.39194819414342e-64,-0.435223188651693,0.784,0.895,3.89848638332957e-59,"GRCh38-RPF2","RPF2","5"
7.6159079384685e-64,-0.461472418361764,0.867,0.942,5.5064537576715e-59,"GRCh38-RBM8A","RBM8A","5"
3.43116981419111e-63,-0.348635150399384,0.966,0.981,2.48080439905645e-58,"GRCh38-TKT","TKT","5"
3.62641411900829e-63,0.548080539028118,0.29,0.151,2.62196993632538e-58,"GRCh38-TCF7L1","TCF7L1","5"
3.68896807995974e-63,0.444316411659148,0.555,0.406,2.66719770117249e-58,"GRCh38-ENSG00000287839","ENSG00000287839","5"
4.1426354921383e-63,-0.388712111244563,0.895,0.942,2.99520831352583e-58,"GRCh38-SULF2","SULF2","5"
9.83935230113787e-63,-0.416027716693446,0.901,0.953,7.11404850076871e-58,"GRCh38-ZC3H13","ZC3H13","5"
1.82067837993747e-62,-0.336212213355738,0.863,0.936,1.31638688226239e-57,"GRCh38-TBL1XR1","TBL1XR1","5"
2.22000831561472e-62,-0.3804521668438,0.932,0.977,1.60511041235576e-57,"GRCh38-MORF4L1","MORF4L1","5"
2.60299969850991e-62,-0.364492973415436,0.574,0.738,1.88202084201663e-57,"GRCh38-SAMM50","SAMM50","5"
6.51819993038467e-62,-0.62163292171892,0.742,0.827,4.71278891366673e-57,"GRCh38-ADGRL3","ADGRL3","5"
1.02739363413142e-61,-0.420837975528779,0.901,0.953,7.42826145349701e-57,"GRCh38-SMARCE1","SMARCE1","5"
2.94223164401452e-61,0.693052067209959,0.645,0.518,2.12729232325538e-56,"GRCh38-TRIM26","TRIM26","5"
3.03709406317575e-61,0.562500496356219,0.769,0.683,2.19587974955733e-56,"GRCh38-HSCB","HSCB","5"
4.52831867698056e-61,-0.389953784133023,0.674,0.809,3.27406496983048e-56,"GRCh38-APPL2","APPL2","5"
4.82562387487402e-61,-0.363037576543362,0.897,0.955,3.48902257401141e-56,"GRCh38-MRPL36","MRPL36","5"
8.37855783074019e-61,-0.592823170994478,0.793,0.872,6.05786488278177e-56,"GRCh38-TLL1","TLL1","5"
1.02148843567397e-60,0.513964977682152,0.603,0.449,7.38556568760992e-56,"GRCh38-ELMO1","ELMO1","5"
1.17440472141804e-60,-0.46165743508736,0.812,0.897,8.49118101679671e-56,"GRCh38-PDGFC","PDGFC","5"
1.3672651880687e-60,-0.370623611961802,0.901,0.959,9.88560076277434e-56,"GRCh38-PHB2","PHB2","5"
1.84063165232856e-60,-0.466564907183645,0.911,0.955,1.33081349726659e-55,"GRCh38-KPNB1","KPNB1","5"
3.52097948269397e-60,-0.366960641921813,0.89,0.948,2.54573858557739e-55,"GRCh38-URI1","URI1","5"
4.35463170630371e-60,-0.404694636942925,0.566,0.744,3.14848581629171e-55,"GRCh38-HTRA1","HTRA1","5"
1.05784416677482e-59,-0.41657950855042,0.752,0.858,7.64842489461529e-55,"GRCh38-CISD3","CISD3","5"
1.34993786564551e-59,0.542358109626972,0.988,0.992,9.76032075619019e-55,"GRCh38-B2M","B2M","5"
1.66594841833501e-59,-0.272670297610117,0.893,0.946,1.20451402542458e-54,"GRCh38-LAMB1","LAMB1","5"
2.22592745391222e-59,0.440096333308333,0.924,0.902,1.60939006772762e-54,"GRCh38-SLK","SLK","5"
3.31521541239947e-59,-0.358838707620828,0.891,0.952,2.39696704747306e-54,"GRCh38-EIF3D","EIF3D","5"
3.8096116137761e-59,-0.419852821733088,0.906,0.958,2.75442538899239e-54,"GRCh38-IMPDH2","IMPDH2","5"
4.35370344856567e-59,-0.923149334245085,0.919,0.961,3.14781466738195e-54,"GRCh38-TUBA1B","TUBA1B","5"
6.7009505533207e-59,0.541151225780138,0.745,0.635,4.84492126906193e-54,"GRCh38-PARP9","PARP9","5"
7.43290304215801e-59,-0.490270773062191,0.902,0.951,5.37413755754109e-54,"GRCh38-CAV1","CAV1","5"
1.03205399632746e-58,0.616183816632614,0.801,0.754,7.46195680424681e-54,"GRCh38-OGFRL1","OGFRL1","5"
1.05753503706427e-58,-0.432169835105857,0.772,0.886,7.64618982498206e-54,"GRCh38-PALLD","PALLD","5"
1.06659031968966e-58,-0.453535037213169,0.554,0.72,7.7116613294202e-54,"GRCh38-SCD","SCD","5"
1.06968737547321e-58,1.04026001790634,0.699,0.558,7.73405366214638e-54,"GRCh38-SDC4","SDC4","5"
1.30090553065087e-58,0.592520878727575,0.937,0.938,9.40580716771192e-54,"GRCh38-SMARCA5","SMARCA5","5"
1.4133056706976e-58,-0.513018964408762,0.333,0.506,1.02184826602778e-53,"GRCh38-DEPTOR","DEPTOR","5"
1.91189425799709e-58,-0.476574884662677,0.656,0.777,1.38233778641705e-53,"GRCh38-TANC1","TANC1","5"
2.25716190834248e-58,-0.423686589120021,0.765,0.867,1.63197320296978e-53,"GRCh38-MOCS2","MOCS2","5"
2.47490830571861e-58,0.365084162238159,0.404,0.24,1.78940820320067e-53,"GRCh38-RAB27B","RAB27B","5"
3.13810720578134e-58,-0.353846656772619,0.748,0.862,2.26891427192402e-53,"GRCh38-CARD19","CARD19","5"
3.81418190105462e-58,-0.346177550455868,0.977,0.988,2.75772979810051e-53,"GRCh38-NAP1L1","NAP1L1","5"
4.30846832557559e-58,-0.430845945884936,0.764,0.877,3.11510876875766e-53,"GRCh38-NDUFAF8","NDUFAF8","5"
6.2727253849943e-58,-0.462055718235699,0.801,0.89,4.53530590785858e-53,"GRCh38-SEPTIN11","SEPTIN11","5"
8.18049454076892e-58,-0.468274771726632,0.945,0.978,5.91466116286675e-53,"GRCh38-RAN","RAN","5"
1.06255395167677e-57,0.520611964675679,0.682,0.567,7.68247758141338e-53,"GRCh38-EHD4","EHD4","5"
1.37479728991807e-57,0.464812640753548,0.623,0.471,9.9400593655656e-53,"GRCh38-MICALL2","MICALL2","5"
1.60618945528588e-57,-0.323456651512095,0.765,0.875,1.1613070999608e-52,"GRCh38-UBL3","UBL3","5"
3.07400191663743e-57,-0.382663445933197,0.964,0.983,2.22256486576719e-52,"GRCh38-SET","SET","5"
3.28828611414012e-57,-0.422927513870573,0.79,0.884,2.37749662624559e-52,"GRCh38-RABL6","RABL6","5"
3.47086767849564e-57,0.375618692100072,0.592,0.428,2.50950674890592e-52,"GRCh38-CLEC2B","CLEC2B","5"
3.54815097020593e-57,-0.390481837269713,0.768,0.881,2.56538411447829e-52,"GRCh38-LAGE3","LAGE3","5"
4.15734360207268e-57,-0.469619168654593,0.708,0.835,3.00584257117059e-52,"GRCh38-TOMM40","TOMM40","5"
4.73939935024218e-57,-0.34070267019385,0.939,0.971,3.4266805182121e-52,"GRCh38-GPX4","GPX4","5"
6.48042548792228e-57,-0.49019860255602,0.851,0.92,4.68547723627756e-52,"GRCh38-SRM","SRM","5"
7.90488696410775e-57,-0.303900553624376,0.977,0.992,5.71539137278919e-52,"GRCh38-RPL10A","RPL10A","5"
1.49299619782077e-56,-0.515454118387956,0.532,0.683,1.07946611094837e-51,"GRCh38-DLC1","DLC1","5"
2.36121342656125e-56,-0.402712071545844,0.634,0.78,1.70720453167231e-51,"GRCh38-METTL16","METTL16","5"
2.44257840542119e-56,-0.514130381320967,0.666,0.797,1.76603303868763e-51,"GRCh38-YWHAH","YWHAH","5"
3.16056376595539e-56,-0.455082513740982,0.658,0.789,2.28515081406107e-51,"GRCh38-PYCR1","PYCR1","5"
3.45131678728011e-56,-0.396225866847995,0.937,0.977,2.49537106353927e-51,"GRCh38-PPP1R14B","PPP1R14B","5"
6.37569130963277e-56,-0.491591149559438,0.787,0.883,4.60975233069068e-51,"GRCh38-COL12A1","COL12A1","5"
6.78323884885427e-56,-0.40695267236396,0.934,0.968,4.90441735249861e-51,"GRCh38-CCT3","CCT3","5"
6.9295511359681e-56,-0.438094252484992,0.975,0.988,5.01020406232766e-51,"GRCh38-NCL","NCL","5"
8.52187628835076e-56,0.436252813236634,0.446,0.29,6.16148699400337e-51,"GRCh38-FMNL1-DT","FMNL1-DT","5"
9.99716616858791e-56,-0.483153478981909,0.521,0.669,7.22815108321243e-51,"GRCh38-CDON","CDON","5"
1.00889272407967e-55,-0.42561430912071,0.963,0.983,7.29449617364084e-51,"GRCh38-CALM2","CALM2","5"
1.27216787541544e-55,-0.316348515507389,0.278,0.461,9.1980281728287e-51,"GRCh38-GET1","GET1","5"
1.68994440353195e-55,-0.456022699039748,0.835,0.909,1.22186360264167e-50,"GRCh38-P3H2","P3H2","5"
1.70944590672803e-55,-0.356753051669343,0.908,0.956,1.2359635794825e-50,"GRCh38-ENAH","ENAH","5"
2.03329626454076e-55,0.571575121799325,0.821,0.768,1.47011386518826e-50,"GRCh38-MFSD12","MFSD12","5"
2.03906016648337e-55,-0.402663323875832,0.674,0.796,1.47428128157081e-50,"GRCh38-TIMM44","TIMM44","5"
2.24372255902341e-55,0.654475654350645,0.419,0.264,1.62225628462511e-50,"GRCh38-AQP3","AQP3","5"
3.61234963485316e-55,-0.342039391553512,0.64,0.786,2.61180103299153e-50,"GRCh38-BTBD7","BTBD7","5"
5.65205879708906e-55,-0.58518728809528,0.81,0.904,4.08655155147133e-50,"GRCh38-RANBP1","RANBP1","5"
5.73310914460863e-55,-0.357548242430493,0.884,0.942,4.14515257373493e-50,"GRCh38-RHOBTB3","RHOBTB3","5"
5.91112215767514e-55,-0.368389065258692,0.993,0.997,4.27385954244228e-50,"GRCh38-ACTB","ACTB","5"
5.99308334773926e-55,-0.327895831161999,0.889,0.955,4.33311912208244e-50,"GRCh38-DAD1","DAD1","5"
7.12160644860436e-55,0.27477581389251,0.302,0.164,5.14906389446993e-50,"GRCh38-ENSG00000249771","ENSG00000249771","5"
7.97515408137496e-55,-0.322080266670007,0.99,0.995,5.76619590391572e-50,"GRCh38-HSP90AB1","HSP90AB1","5"
9.49860775922263e-55,-0.408170177451754,0.752,0.86,6.86768338207315e-50,"GRCh38-POLD2","POLD2","5"
9.82029926338445e-55,0.506022341283244,0.626,0.5,7.10027277341223e-50,"GRCh38-ZBED1","ZBED1","5"
1.17941736326592e-54,-0.485912350774754,0.528,0.663,8.52742341988527e-50,"GRCh38-TACC1","TACC1","5"
3.08503970193395e-54,-0.649621661697889,0.703,0.778,2.23054540529229e-49,"GRCh38-SNED1","SNED1","5"
3.99271169662161e-54,-0.455166258129177,0.419,0.574,2.88681041089136e-49,"GRCh38-STAC","STAC","5"
4.64654569051566e-54,-0.393985143190174,0.898,0.953,3.35954546515664e-49,"GRCh38-VKORC1","VKORC1","5"
9.51758225042072e-54,-0.368192790711736,0.873,0.939,6.88140231869919e-49,"GRCh38-LRPPRC","LRPPRC","5"
1.08436501419034e-53,-0.265130979915269,0.885,0.944,7.84017592559897e-49,"GRCh38-ANXA1","ANXA1","5"
1.46901500069093e-53,0.48277538656157,0.795,0.703,1.06212722579956e-48,"GRCh38-ERAP2","ERAP2","5"
1.66395367213105e-53,0.736284326610698,0.905,0.909,1.20307178402419e-48,"GRCh38-CEBPB","CEBPB","5"
1.96564845638425e-53,0.563572987372146,0.746,0.648,1.42120314693494e-48,"GRCh38-C5orf15","C5orf15","5"
2.23782294496387e-53,-0.401992128160723,0.773,0.853,1.61799074566777e-48,"GRCh38-TPCN1","TPCN1","5"
2.44393833851583e-53,-0.44971803704039,0.826,0.9,1.76701629751372e-48,"GRCh38-IARS1","IARS1","5"
3.63857682220248e-53,-0.319474551674888,0.674,0.825,2.63076381398884e-48,"GRCh38-NFIX","NFIX","5"
3.82824607851227e-53,-0.565394524985952,0.564,0.695,2.76789847968594e-48,"GRCh38-COLEC12","COLEC12","5"
6.55689203944217e-53,-0.331868801458081,0.989,0.995,4.74076408235748e-48,"GRCh38-RPS6","RPS6","5"
6.73900494108313e-53,-0.351470444307584,0.657,0.785,4.87243535250192e-48,"GRCh38-PCYOX1","PCYOX1","5"
6.85694050761651e-53,-0.479703957080794,0.83,0.892,4.95770512581689e-48,"GRCh38-ITSN1","ITSN1","5"
7.63151592949883e-53,-0.385890529033682,0.903,0.951,5.51773864734624e-48,"GRCh38-DNAJC21","DNAJC21","5"
9.34297743174518e-53,-0.575231316675304,0.866,0.913,6.7551595427004e-48,"GRCh38-CCDC102B","CCDC102B","5"
9.38040021220507e-53,0.609100716815858,0.521,0.354,6.78221696142851e-48,"GRCh38-TNFAIP3","TNFAIP3","5"
9.85671754143047e-53,-0.387679495060675,0.803,0.891,7.12660391680506e-48,"GRCh38-ITGB1BP1","ITGB1BP1","5"
1.14702670374129e-52,-0.386454652999892,0.809,0.895,8.29323247339024e-48,"GRCh38-MYC","MYC","5"
1.38962472453985e-52,0.301893510782584,0.289,0.158,1.00472646833681e-47,"GRCh38-ENSG00000225450","ENSG00000225450","5"
1.53364532094509e-52,-0.375017175754678,0.917,0.948,1.10885623994972e-47,"GRCh38-NQO1","NQO1","5"
2.06035477542806e-52,-0.357813278892918,0.556,0.71,1.48967770973e-47,"GRCh38-OTUD6B-AS1","OTUD6B-AS1","5"
4.02803773899877e-52,-0.428256540445291,0.841,0.918,2.91235184605089e-47,"GRCh38-SRSF7","SRSF7","5"
4.26229996192143e-52,0.306436753553609,0.227,0.11,3.08172811846843e-47,"GRCh38-PLA2G4A","PLA2G4A","5"
4.57646188148682e-52,0.70612755395222,0.257,0.134,3.3088734695526e-47,"GRCh38-DNER","DNER","5"
4.62157785593705e-52,-0.361897394698188,0.753,0.861,3.34149322139961e-47,"GRCh38-RCN2","RCN2","5"
5.79040302044873e-52,0.288544394169226,0.234,0.119,4.18657719184484e-47,"GRCh38-ENSG00000286695","ENSG00000286695","5"
6.13048684989487e-52,-0.328898136752048,0.933,0.975,4.43246460221099e-47,"GRCh38-TOMM20","TOMM20","5"
6.17292670594556e-52,-0.361957587706945,0.738,0.845,4.46314946693276e-47,"GRCh38-PDE7A","PDE7A","5"
7.78729191927352e-52,-0.523608421416053,0.897,0.952,5.63036780347314e-47,"GRCh38-JPT1","JPT1","5"
7.94883191250939e-52,-0.888243530600458,0.777,0.872,5.74716444938254e-47,"GRCh38-H1-2","H1-2","5"
8.64129052016774e-52,-0.323852696199375,0.86,0.94,6.24782587189168e-47,"GRCh38-PHPT1","PHPT1","5"
9.5774847412288e-52,-0.434908447745295,0.371,0.533,6.92471301760324e-47,"GRCh38-CENPV","CENPV","5"
1.06354407507224e-51,-0.477857779525226,0.708,0.805,7.68963637158732e-47,"GRCh38-ARHGAP29","ARHGAP29","5"
1.43703509524456e-51,-0.318181302404381,0.447,0.619,1.03900511456372e-46,"GRCh38-TCFL5","TCFL5","5"
1.59034800057313e-51,-0.30969121188482,0.901,0.953,1.14985341137438e-46,"GRCh38-ARL6IP5","ARL6IP5","5"
2.31870481256226e-51,-0.440841730634131,0.694,0.79,1.67646995357876e-46,"GRCh38-HEG1","HEG1","5"
2.87515698941346e-51,-0.517933062187239,0.821,0.904,2.07879600648572e-46,"GRCh38-LSM4","LSM4","5"
2.96403062327974e-51,-0.337925064426053,0.616,0.777,2.14305342124372e-46,"GRCh38-EGLN3","EGLN3","5"
3.12401605203342e-51,-0.719684340288057,0.479,0.615,2.2587260859412e-46,"GRCh38-PHGDH","PHGDH","5"
3.60801147430925e-51,-0.52008152419044,0.459,0.614,2.60866445615507e-46,"GRCh38-ZSCAN31","ZSCAN31","5"
3.73883578680463e-51,0.459653787986791,0.717,0.608,2.70325305057548e-46,"GRCh38-IL15RA","IL15RA","5"
5.8966542185804e-51,-0.31247892471459,0.935,0.976,4.263398933118e-46,"GRCh38-NSA2","NSA2","5"
6.53683803121828e-51,-0.39714545380726,0.978,0.99,4.72626463333144e-46,"GRCh38-IRX2","IRX2","5"
7.58218847129827e-51,-0.33643868635362,0.519,0.667,5.48207390851807e-46,"GRCh38-CBX6","CBX6","5"
8.11836659821188e-51,-0.42487095137174,0.943,0.974,5.86974141783915e-46,"GRCh38-HNRNPD","HNRNPD","5"
1.32012798340422e-50,-0.539711235271265,0.69,0.793,9.5447893456092e-46,"GRCh38-NR3C2","NR3C2","5"
3.70597806845535e-50,-0.406720288361359,0.744,0.829,2.67949626305459e-45,"GRCh38-DDR2","DDR2","5"
3.83188695200644e-50,-0.57424032083177,0.369,0.524,2.7705309040397e-45,"GRCh38-EMP2","EMP2","5"
4.73419073544406e-50,-0.376126572456778,0.766,0.878,3.42291458554076e-45,"GRCh38-PTPN11","PTPN11","5"
6.66440385178393e-50,-0.34758911481721,0.107,0.263,4.81849727291682e-45,"GRCh38-ENSG00000259579","ENSG00000259579","5"
7.276337181014e-50,-0.407025940506443,0.458,0.611,5.26093730861674e-45,"GRCh38-JDP2","JDP2","5"
7.49700345815664e-50,-0.375055167147126,0.694,0.803,5.42048344031641e-45,"GRCh38-KATNAL1","KATNAL1","5"
8.08307944610434e-50,-0.446065341485244,0.837,0.918,5.84422810112236e-45,"GRCh38-DKC1","DKC1","5"
8.63629969595332e-50,-0.433947664992316,0.812,0.911,6.24421740616817e-45,"GRCh38-CYCS","CYCS","5"
1.53251119788754e-49,-0.420580877772256,0.777,0.859,1.10803624629665e-44,"GRCh38-UACA","UACA","5"
2.30025582915981e-49,-0.4303102951195,0.847,0.91,1.66313096959912e-44,"GRCh38-PARP1","PARP1","5"
3.28740936879627e-49,-0.379866250704155,0.899,0.942,2.37686272182708e-44,"GRCh38-SSBP2","SSBP2","5"
4.36999267987469e-49,-0.382504707941105,0.712,0.817,3.159592107403e-44,"GRCh38-KCTD3","KCTD3","5"
6.02473641167031e-49,-0.271330147718621,0.095,0.244,4.35600492036587e-44,"GRCh38-NANOS1","NANOS1","5"
6.61739064540856e-49,-0.4237696425409,0.913,0.95,4.7845057844433e-44,"GRCh38-COL6A3","COL6A3","5"
6.89267498087185e-49,-0.989698617377416,0.32,0.471,4.98354186466996e-44,"GRCh38-LRRC7","LRRC7","5"
6.92043911171084e-49,-0.330859091748913,0.942,0.975,5.00361588654917e-44,"GRCh38-SEPTIN7","SEPTIN7","5"
9.77605475588989e-49,-0.282187689535182,0.926,0.973,7.06828310960351e-44,"GRCh38-RBM3","RBM3","5"
1.04869392061358e-48,-0.308839075317518,0.786,0.872,7.58226678482029e-44,"GRCh38-ANXA11","ANXA11","5"
1.16635615162571e-48,-0.421147840358301,0.318,0.491,8.43298824748423e-44,"GRCh38-BHLHE41","BHLHE41","5"
1.28774810321302e-48,-0.415401734490204,0.894,0.946,9.3106763358508e-44,"GRCh38-SUPT16H","SUPT16H","5"
2.29786830317128e-48,-0.331774551434364,0.982,0.991,1.6614047405589e-43,"GRCh38-YBX1","YBX1","5"
3.11378338138628e-48,-0.368584816230638,0.765,0.857,2.25132766040991e-43,"GRCh38-HPRT1","HPRT1","5"
3.2782888774869e-48,-0.332498694396006,0.962,0.983,2.37026842420058e-43,"GRCh38-PSMA7","PSMA7","5"
5.36294268193982e-48,0.523417221747307,0.523,0.394,3.87751481789613e-43,"GRCh38-SMOX","SMOX","5"
5.46704653958248e-48,0.444689191410276,0.892,0.882,3.95278398904893e-43,"GRCh38-SCPEP1","SCPEP1","5"
6.50726141192824e-48,0.538423047393717,0.393,0.255,4.70488014605236e-43,"GRCh38-PLA2G4C","PLA2G4C","5"
6.84672686679929e-48,0.45060796710049,0.501,0.365,4.95032045923322e-43,"GRCh38-GTPBP1","GTPBP1","5"
9.00002174351949e-48,-0.382217386347102,0.895,0.949,6.50719572099946e-43,"GRCh38-SRSF3","SRSF3","5"
1.04652239862588e-47,-0.360611891354174,0.857,0.919,7.56656624654484e-43,"GRCh38-ACAT1","ACAT1","5"
1.05803990645733e-47,-0.327109203160644,0.788,0.886,7.64984013166777e-43,"GRCh38-SRI","SRI","5"
1.21260578653258e-47,-0.347369350014254,0.719,0.835,8.76738235778789e-43,"GRCh38-ADSL","ADSL","5"
1.30536002300232e-47,-0.596388908157908,0.801,0.857,9.43801403831135e-43,"GRCh38-ENSG00000227400","ENSG00000227400","5"
1.41270316704276e-47,-0.43368591045182,0.817,0.905,1.02141264383526e-42,"GRCh38-BRIX1","BRIX1","5"
1.45676151393905e-47,-0.401929331574954,0.749,0.862,1.05326770980821e-42,"GRCh38-UQCC2","UQCC2","5"
1.61513246530851e-47,-0.37734826765526,0.92,0.962,1.16777307506736e-42,"GRCh38-NDUFC2","NDUFC2","5"
1.88236173960036e-47,-0.429716304590345,0.793,0.881,1.36098518496585e-42,"GRCh38-NAE1","NAE1","5"
2.04130349723928e-47,-0.408895729218477,0.554,0.692,1.47590325457394e-42,"GRCh38-ACTL6A","ACTL6A","5"
2.20772491275971e-47,0.357752275358283,0.191,0.091,1.59622926642352e-42,"GRCh38-ENSG00000285572","ENSG00000285572","5"
2.20997653612057e-47,-0.371793104661845,0.956,0.968,1.59785723514589e-42,"GRCh38-PTMS","PTMS","5"
2.61701251209691e-47,-0.350128661384133,0.798,0.884,1.89215238649631e-42,"GRCh38-UBTF","UBTF","5"
3.13214932655399e-47,-0.390817414447582,0.595,0.73,2.26460660608507e-42,"GRCh38-FARSB","FARSB","5"
3.14244136988304e-47,-0.662837733906827,0.31,0.462,2.27204795925283e-42,"GRCh38-PSAT1","PSAT1","5"
4.97106967530095e-47,0.746142617455623,0.789,0.704,3.59418279663609e-42,"GRCh38-CITED2","CITED2","5"
5.00047054253755e-47,0.591172199542962,0.852,0.804,3.6154402116655e-42,"GRCh38-HLA-F","HLA-F","5"
6.21729207041677e-47,-0.275788460159617,0.97,0.989,4.49522651275274e-42,"GRCh38-EIF4A1","EIF4A1","5"
6.68674916304911e-47,-0.370539871863379,0.512,0.659,4.83465337986777e-42,"GRCh38-MTCL1","MTCL1","5"
7.15877285900933e-47,-0.412450381909958,0.896,0.953,5.17593595252093e-42,"GRCh38-HNRNPR","HNRNPR","5"
7.4458304483868e-47,0.373607280401847,0.226,0.117,5.38348433079262e-42,"GRCh38-RAET1G","RAET1G","5"
7.75398100485031e-47,-0.535833443247836,0.835,0.912,5.60628334612687e-42,"GRCh38-EIF4EBP1","EIF4EBP1","5"
7.82093052536971e-47,-0.489109366628755,0.54,0.68,5.65468918845281e-42,"GRCh38-ENSG00000284837","ENSG00000284837","5"
8.87260167474489e-47,0.93317246922715,0.32,0.19,6.41506846287405e-42,"GRCh38-SAA2","SAA2","5"
1.02110545589209e-46,-0.315241393213186,0.875,0.923,7.38279666719096e-42,"GRCh38-PCNX2","PCNX2","5"
1.35760922561978e-46,-0.4522233892581,0.613,0.738,9.81578622307615e-42,"GRCh38-NETO2","NETO2","5"
1.46613409295759e-46,0.600213396640279,0.189,0.09,1.06004427189019e-41,"GRCh38-CX3CL1","CX3CL1","5"
1.59812827343938e-46,-1.08406236012519,0.12,0.262,1.15547870426214e-41,"GRCh38-TRDN","TRDN","5"
1.61851257729905e-46,-0.333128882011804,0.888,0.949,1.17021696363876e-41,"GRCh38-UBE2I","UBE2I","5"
1.74646145019269e-46,-0.256900354608072,0.964,0.986,1.26272655771832e-41,"GRCh38-RAC1","RAC1","5"
1.75028968565492e-46,-0.322862745940262,0.914,0.953,1.26549444852222e-41,"GRCh38-GTF2F2","GTF2F2","5"
1.81928574771533e-46,-0.997367385941323,0.189,0.336,1.31537998131314e-41,"GRCh38-ENSG00000288714","ENSG00000288714","5"
2.0318970285288e-46,-0.635910284283171,0.351,0.507,1.46910218956689e-41,"GRCh38-ENSG00000280241","ENSG00000280241","5"
2.03653633051627e-46,-0.428429141734689,0.944,0.979,1.47245649768988e-41,"GRCh38-NUCKS1","NUCKS1","5"
2.14273865212268e-46,-0.532463383309246,0.767,0.848,1.54924290025774e-41,"GRCh38-ENSG00000290548","ENSG00000290548","5"
2.14581552005494e-46,-0.429942788416409,0.727,0.821,1.55146753731013e-41,"GRCh38-PKP4","PKP4","5"
2.41581516330664e-46,-0.309144358332993,0.865,0.925,1.74668267937397e-41,"GRCh38-DCTN2","DCTN2","5"
2.67638630061346e-46,-0.326559487560325,0.951,0.979,1.93508082306954e-41,"GRCh38-NDUFS6","NDUFS6","5"
2.6927269822743e-46,-0.321844848337918,0.313,0.473,1.94689546272396e-41,"GRCh38-ENSG00000290018","ENSG00000290018","5"
4.35563278545065e-46,-0.378620323985127,0.307,0.464,3.14920961653653e-41,"GRCh38-GPAT3","GPAT3","5"
4.79404890956906e-46,-0.410820207648118,0.858,0.926,3.46619324259662e-41,"GRCh38-PAICS","PAICS","5"
6.98486368256896e-46,-0.383988492066893,0.936,0.974,5.05019613977101e-41,"GRCh38-EIF5A","EIF5A","5"
8.07134357927703e-46,-0.448476259354471,0.762,0.847,5.83574283468888e-41,"GRCh38-FLNB","FLNB","5"
8.14698476093587e-46,-0.330168171411451,0.687,0.791,5.89043292185185e-41,"GRCh38-NSMF","NSMF","5"
8.25734337304611e-46,-0.327584231653599,0.776,0.86,5.9702244055798e-41,"GRCh38-SLC25A43","SLC25A43","5"
1.1289800486673e-45,-0.512311927724102,0.187,0.342,8.1627515478743e-41,"GRCh38-AKAP6","AKAP6","5"
1.13734582847274e-45,0.457102204025793,0.509,0.355,8.22323780902359e-41,"GRCh38-COL4A2","COL4A2","5"
1.26298929227845e-45,-0.289542024885072,0.945,0.975,9.13166518103163e-41,"GRCh38-ATP5F1B","ATP5F1B","5"
1.31692499095723e-45,-0.363979536458365,0.916,0.954,9.52163106961894e-41,"GRCh38-EEA1","EEA1","5"
1.31821355407371e-45,0.552761701461828,0.833,0.75,9.53094763866371e-41,"GRCh38-CP","CP","5"
1.5621086148406e-45,-0.785720096772684,0.461,0.588,1.12943577070205e-40,"GRCh38-KLRC2","KLRC2","5"
1.74706480003547e-45,0.652349380182092,0.726,0.621,1.26316279172164e-40,"GRCh38-TENT5A","TENT5A","5"
1.80958571973708e-45,-0.340712440409437,0.703,0.823,1.30836666708431e-40,"GRCh38-OSBPL1A","OSBPL1A","5"
1.91988726150938e-45,-0.3286635956857,0.685,0.806,1.38811688781651e-40,"GRCh38-GORASP2","GORASP2","5"
1.99246474792636e-45,-0.385125420592478,0.29,0.446,1.44059186204572e-40,"GRCh38-HACD3","HACD3","5"
2.07146740695906e-45,-0.345285271386228,0.594,0.727,1.49771236457954e-40,"GRCh38-STX2","STX2","5"
2.29645379855367e-45,0.430903639551348,0.104,0.038,1.66038202543028e-40,"GRCh38-ENSG00000248242","ENSG00000248242","5"
2.71229688194238e-45,-0.358699445799263,0.895,0.942,1.96104489158198e-40,"GRCh38-CAVIN1","CAVIN1","5"
2.72808363972723e-45,-0.32015154178565,0.773,0.879,1.97245903319558e-40,"GRCh38-CDK2AP1","CDK2AP1","5"
3.22775711720034e-45,-0.424328756407112,0.498,0.643,2.33373295087819e-40,"GRCh38-PELI2","PELI2","5"
3.32536136640551e-45,-0.338144304613461,0.817,0.898,2.40430277513851e-40,"GRCh38-STRAP","STRAP","5"
3.37069998675852e-45,0.727699220984847,0.702,0.599,2.43708350442614e-40,"GRCh38-ATF3","ATF3","5"
3.44056917859632e-45,-0.515785867141411,0.178,0.328,2.48760032750871e-40,"GRCh38-CAP2","CAP2","5"
3.75359936498299e-45,-0.308663208354459,0.679,0.821,2.71392741287e-40,"GRCh38-PMEPA1","PMEPA1","5"
5.07964771347016e-45,-0.402489045783876,0.868,0.926,3.6726868897932e-40,"GRCh38-DDX46","DDX46","5"
6.1227965853125e-45,0.305846437446218,0.212,0.107,4.42690438711264e-40,"GRCh38-LINC01828","LINC01828","5"
6.62786846672328e-45,-0.285454448314428,0.861,0.938,4.79208145881026e-40,"GRCh38-GBE1","GBE1","5"
7.69103045697382e-45,-0.339065590667644,0.476,0.63,5.56076884100121e-40,"GRCh38-IPO5","IPO5","5"
7.77683167886538e-45,-0.334352577504325,0.883,0.944,5.62280484045325e-40,"GRCh38-ARL2","ARL2","5"
8.46899058042904e-45,-0.303306427173713,0.776,0.887,6.1232495694618e-40,"GRCh38-SLC2A4RG","SLC2A4RG","5"
9.11278395146186e-45,-0.312907597370223,0.338,0.501,6.58872505258596e-40,"GRCh38-CMTM4","CMTM4","5"
1.10834423481764e-44,-0.289294769028614,0.903,0.959,8.01355048657853e-40,"GRCh38-ATP5MJ","ATP5MJ","5"
1.10952146419129e-44,-0.391578348051314,0.905,0.954,8.02206209039584e-40,"GRCh38-C1QBP","C1QBP","5"
1.1973696255957e-44,-0.388261401368514,0.937,0.968,8.65722186698204e-40,"GRCh38-TARS1","TARS1","5"
1.72504476871589e-44,-0.387565627228631,0.908,0.954,1.24724186867696e-39,"GRCh38-MRPS34","MRPS34","5"
1.74484353620448e-44,-1.23245096806781,0.563,0.692,1.26155677354656e-39,"GRCh38-H1-3","H1-3","5"
1.75518558056389e-44,-0.761348663580456,0.221,0.367,1.2690342784593e-39,"GRCh38-AKAP12","AKAP12","5"
1.75939983398529e-44,-0.322750281181461,0.584,0.722,1.27208126796805e-39,"GRCh38-MMAB","MMAB","5"
1.88873029395487e-44,-0.302645123578433,0.902,0.953,1.36558977713525e-39,"GRCh38-BZW2","BZW2","5"
1.92726085664897e-44,0.854895764199538,0.721,0.604,1.39344814457434e-39,"GRCh38-PRR16","PRR16","5"
1.92750573041848e-44,-0.347062941158359,0.854,0.927,1.39362519320717e-39,"GRCh38-NIFK","NIFK","5"
2.23743255041725e-44,-0.317234924597854,0.92,0.966,1.61770848260268e-39,"GRCh38-CCT8","CCT8","5"
2.45943448860153e-44,-0.377624144957994,0.782,0.874,1.77822032394868e-39,"GRCh38-HTATSF1","HTATSF1","5"
2.77178806903275e-44,-0.727180089140896,0.898,0.95,2.00405820967206e-39,"GRCh38-H2AZ1","H2AZ1","5"
2.99086713417169e-44,-0.379896556846004,0.682,0.787,2.16245675534882e-39,"GRCh38-SRPX","SRPX","5"
3.69088923054741e-44,-0.362040407871934,0.827,0.895,2.66858673147039e-39,"GRCh38-UROD","UROD","5"
4.22050472249556e-44,-0.35696506819417,0.788,0.879,3.05150932445874e-39,"GRCh38-HNRNPUL1","HNRNPUL1","5"
4.3535615049794e-44,-0.402578990747438,0.728,0.827,3.14771203933021e-39,"GRCh38-CBX5","CBX5","5"
4.52239826575318e-44,-0.34631413097058,0.653,0.78,3.26978439410487e-39,"GRCh38-PDZD8","PDZD8","5"
4.59822368975789e-44,-0.398449862332344,0.27,0.423,3.32460769216875e-39,"GRCh38-MIR503HG","MIR503HG","5"
5.60640303029515e-44,-0.270226276511234,0.934,0.963,4.053541518964e-39,"GRCh38-CHD4","CHD4","5"
5.96543592632214e-44,-0.341181639999454,0.843,0.91,4.31312948344944e-39,"GRCh38-POLR2I","POLR2I","5"
6.42383844513881e-44,-0.359704477567867,0.947,0.978,4.64456367260426e-39,"GRCh38-DYNLL1","DYNLL1","5"
8.21884695948765e-44,-0.428380808045016,0.391,0.538,5.94239072864876e-39,"GRCh38-DCLK2","DCLK2","5"
8.30784273554563e-44,-0.414142719560254,0.248,0.4,6.0067364546542e-39,"GRCh38-NKD2","NKD2","5"
9.2937842529341e-44,0.461446990303774,0.452,0.306,6.71959189055642e-39,"GRCh38-COL4A1","COL4A1","5"
1.0475568019012e-43,-0.332714705061938,0.402,0.567,7.57404518910608e-39,"GRCh38-FAM171A1","FAM171A1","5"
1.24472452852468e-43,-0.429796319130504,0.6,0.716,8.99960728613912e-39,"GRCh38-AR","AR","5"
1.33826124593888e-43,0.370027557706756,0.535,0.395,9.67589646038727e-39,"GRCh38-C6orf141","C6orf141","5"
1.66095272914586e-43,-0.37759080599416,0.87,0.936,1.20090204222704e-38,"GRCh38-NME1","NME1","5"
1.78975509563332e-43,0.554878337752771,0.77,0.713,1.29402872924481e-38,"GRCh38-N4BP1","N4BP1","5"
1.8342429593847e-43,-0.409960980409348,0.882,0.943,1.32619434449432e-38,"GRCh38-SNRPD1","SNRPD1","5"
1.84940561275241e-43,-0.419790328384579,0.361,0.515,1.33715724613225e-38,"GRCh38-AADACP1","AADACP1","5"
2.62882652735702e-43,-0.343334923256869,0.516,0.648,1.90069415580967e-38,"GRCh38-F2RL2","F2RL2","5"
2.77152330943969e-43,0.436686322284548,0.994,0.994,2.00386678319108e-38,"GRCh38-IFITM3","IFITM3","5"
2.99525722123418e-43,-0.365923975131317,0.651,0.776,2.16563087609674e-38,"GRCh38-TRIM28","TRIM28","5"
3.49547546823023e-43,-0.601968918368267,0.675,0.786,2.52729867303982e-38,"GRCh38-LIMCH1","LIMCH1","5"
3.99736599491387e-43,-0.330853783521923,0.75,0.844,2.89017556164263e-38,"GRCh38-SSBP4","SSBP4","5"
4.38331474224532e-43,-0.319763807449349,0.913,0.952,3.16922422493821e-38,"GRCh38-TNPO1","TNPO1","5"
4.48127865453546e-43,-0.371045779467266,0.883,0.941,3.24005409280223e-38,"GRCh38-CYC1","CYC1","5"
4.79579403923923e-43,0.296174625600201,0.458,0.322,3.46745500625075e-38,"GRCh38-BTN3A3","BTN3A3","5"
5.17171360033384e-43,-0.35797013498148,0.772,0.864,3.73925236731337e-38,"GRCh38-TBCB","TBCB","5"
5.36126101089276e-43,-0.259339514215611,0.787,0.879,3.87629893609569e-38,"GRCh38-GSE1","GSE1","5"
7.36977014986991e-43,-0.42103799071876,0.067,0.193,5.32849121375894e-38,"GRCh38-CBLN2","CBLN2","5"
8.02587715127814e-43,-0.334761904707548,0.783,0.863,5.80286969791712e-38,"GRCh38-ARHGAP35","ARHGAP35","5"
8.31829377403882e-43,-0.297499272489384,0.619,0.766,6.01429276450555e-38,"GRCh38-GPAA1","GPAA1","5"
8.94392556182304e-43,-0.368375505389044,0.703,0.818,6.46663705970929e-38,"GRCh38-DTD1","DTD1","5"
9.11880864183351e-43,-0.319636546972978,0.844,0.912,6.59308102421847e-38,"GRCh38-CHD3","CHD3","5"
9.84798749470965e-43,-0.391333408177994,0.777,0.878,7.12029191842497e-38,"GRCh38-ERRFI1","ERRFI1","5"
1.042363796325e-42,-0.276619012011166,0.957,0.974,7.536498720189e-38,"GRCh38-KTN1","KTN1","5"
1.07888850733546e-42,-0.328455236919171,0.858,0.919,7.80057968573688e-38,"GRCh38-NARS1","NARS1","5"
1.29421703030202e-42,-0.368928724328371,0.951,0.978,9.35744797248969e-38,"GRCh38-PTGES3","PTGES3","5"
1.44248255318999e-42,-0.321667068370851,0.856,0.921,1.04294373560743e-37,"GRCh38-STUB1","STUB1","5"
1.47563698131987e-42,0.412814528157621,0.709,0.605,1.06691505023389e-37,"GRCh38-DTX3L","DTX3L","5"
1.50504584653993e-42,0.423637751096326,0.704,0.586,1.0881782479653e-37,"GRCh38-SEL1L3","SEL1L3","5"
1.50834462875995e-42,-0.582395822063961,0.158,0.303,1.09056333348602e-37,"GRCh38-ENSG00000286639","ENSG00000286639","5"
1.63419760450929e-42,-0.4930057440605,0.228,0.376,1.1815575520123e-37,"GRCh38-GRIN2A","GRIN2A","5"
1.74059776469609e-42,-0.33203818262745,0.752,0.841,1.25848699583057e-37,"GRCh38-ALDH3A2","ALDH3A2","5"
1.82001485957623e-42,0.469760506289119,0.422,0.281,1.31590714377081e-37,"GRCh38-EREG","EREG","5"
1.853087594158e-42,-0.443412164280429,0.23,0.385,1.33981939232812e-37,"GRCh38-LYPLAL1-DT","LYPLAL1-DT","5"
1.88826768004074e-42,0.724355613362442,0.736,0.632,1.36525529802306e-37,"GRCh38-PIK3R3","PIK3R3","5"
2.08825890216684e-42,-0.321450568110722,0.947,0.979,1.50985295144467e-37,"GRCh38-TPM2","TPM2","5"
2.36804432449059e-42,-0.30374138591257,0.933,0.967,1.71214340749319e-37,"GRCh38-HMGN1","HMGN1","5"
2.53162476617728e-42,-0.299575875315987,0.92,0.962,1.8304153384415e-37,"GRCh38-PPDPF","PPDPF","5"
2.70039454840098e-42,-0.276299731333891,0.923,0.959,1.95243926638487e-37,"GRCh38-NDUFB2","NDUFB2","5"
3.21855484723502e-42,-0.291535370981629,0.852,0.918,2.32707952564786e-37,"GRCh38-EMD","EMD","5"
3.56969175730551e-42,-0.328280691424006,0.862,0.93,2.58095853436703e-37,"GRCh38-EIF3J","EIF3J","5"
3.8637615641564e-42,0.585359898218398,0.748,0.68,2.79357688611636e-37,"GRCh38-PLEKHA4","PLEKHA4","5"
3.87574823359991e-42,0.461157766652677,0.925,0.931,2.80224348785741e-37,"GRCh38-OPTN","OPTN","5"
3.94348636160594e-42,-0.338747832113301,0.318,0.467,2.85121950916833e-37,"GRCh38-TRIB2","TRIB2","5"
4.4016927595445e-42,-0.27344928231711,0.931,0.964,3.18251189900587e-37,"GRCh38-HADHA","HADHA","5"
5.20235574807042e-42,0.69778928612746,0.526,0.396,3.76140725296988e-37,"GRCh38-SLCO3A1","SLCO3A1","5"
5.48410332012994e-42,-0.378017619303445,0.361,0.508,3.96511638252035e-37,"GRCh38-RNF43","RNF43","5"
5.93859965842676e-42,0.594623716025381,0.382,0.248,4.29372632503571e-37,"GRCh38-PDE7B-AS1","PDE7B-AS1","5"
6.52223157031554e-42,0.569047740540218,0.373,0.243,4.71570386996954e-37,"GRCh38-OAS3","OAS3","5"
6.9343053146101e-42,-0.35589091276629,0.889,0.936,5.01364142856939e-37,"GRCh38-IPO7","IPO7","5"
8.31016880402641e-42,-0.424301117476682,0.888,0.942,6.00841824868717e-37,"GRCh38-PPM1G","PPM1G","5"
8.52007312818474e-42,-0.335704236955721,0.823,0.904,6.16018327314013e-37,"GRCh38-MRPL3","MRPL3","5"
9.00642533882604e-42,-0.30863974773047,0.946,0.975,6.511825648478e-37,"GRCh38-KHDRBS1","KHDRBS1","5"
9.57228492532208e-42,0.90622932461171,0.551,0.414,6.92095344670637e-37,"GRCh38-S100A9","S100A9","5"
9.92897184916096e-42,0.338114621478925,0.716,0.618,7.17884522638036e-37,"GRCh38-STN1","STN1","5"
1.15157474614698e-41,-0.304679407202662,0.431,0.585,8.32611572959187e-37,"GRCh38-USP46","USP46","5"
1.47354570490444e-41,-0.292508725639916,0.846,0.921,1.06540301556001e-36,"GRCh38-EIF4H","EIF4H","5"
1.56249116690054e-41,0.68370732975134,0.337,0.221,1.12971236349243e-36,"GRCh38-OTUD1","OTUD1","5"
1.80338891065302e-41,-0.40641191341618,0.824,0.903,1.30388625018034e-36,"GRCh38-CKLF","CKLF","5"
1.91534445732954e-41,-0.31655587544954,0.784,0.867,1.3848323495384e-36,"GRCh38-NUDT3","NUDT3","5"
2.5246720208875e-41,0.441264447832764,0.846,0.803,1.82538836454208e-36,"GRCh38-SNX10","SNX10","5"
2.54814878114901e-41,-0.328897290100893,0.371,0.532,1.84236253174636e-36,"GRCh38-ALG14","ALG14","5"
2.99948102321358e-41,-0.345504671489101,0.856,0.932,2.16868476940388e-36,"GRCh38-MRPL41","MRPL41","5"
3.01683335946646e-41,-0.38391256034962,0.878,0.932,2.18123085556144e-36,"GRCh38-GLO1","GLO1","5"
3.01825315153903e-41,-0.358989942255939,0.843,0.901,2.18225739362575e-36,"GRCh38-PCOLCE","PCOLCE","5"
3.15803301861728e-41,-0.382028550008715,0.799,0.872,2.28332103312066e-36,"GRCh38-RUVBL1","RUVBL1","5"
3.36359424431188e-41,-0.320561587092142,0.676,0.784,2.43194591052238e-36,"GRCh38-RBFA","RBFA","5"
4.00685050231248e-41,0.393720428549391,0.55,0.396,2.89703305018197e-36,"GRCh38-BRCA2","BRCA2","5"
5.42921278128179e-41,-0.359842644836101,0.366,0.525,3.92542942512236e-36,"GRCh38-CHML","CHML","5"
6.62443334536783e-41,-0.282545161539931,0.476,0.621,4.78959779736785e-36,"GRCh38-CLN8-AS1","CLN8-AS1","5"
7.39410844427778e-41,-0.361038576055581,0.888,0.951,5.34608828738172e-36,"GRCh38-TOMM6","TOMM6","5"
7.71744561631011e-41,-0.332176168027245,0.909,0.963,5.57986752950453e-36,"GRCh38-SNRPE","SNRPE","5"
7.92349442890597e-41,-0.36597515504124,0.801,0.878,5.7288449419876e-36,"GRCh38-HLTF","HLTF","5"
8.04536911622918e-41,-0.305232531323603,0.879,0.93,5.81696277841602e-36,"GRCh38-POLR2E","POLR2E","5"
8.15969832617089e-41,0.542541711276843,0.861,0.838,5.89962508378808e-36,"GRCh38-DHRSX","DHRSX","5"
8.40457900724807e-41,-0.356084764701927,0.67,0.779,6.0766787138205e-36,"GRCh38-LINC00662","LINC00662","5"
9.35983111158233e-41,-0.294513394095425,0.795,0.888,6.76734509029626e-36,"GRCh38-WWC2","WWC2","5"
1.12994854104538e-40,0.470070538108701,0.532,0.394,8.1697539414663e-36,"GRCh38-BACH2","BACH2","5"
1.30318841438457e-40,-0.367269677572882,0.657,0.775,9.42231287368332e-36,"GRCh38-DCAF13","DCAF13","5"
1.35190299412859e-40,-0.413775810236149,0.823,0.909,9.77452902814852e-36,"GRCh38-SMS","SMS","5"
1.36810610102632e-40,-0.289598059274973,0.688,0.796,9.89168073164048e-36,"GRCh38-NIT2","NIT2","5"
1.46748517851276e-40,-0.372649919067123,0.933,0.969,1.0610211337683e-35,"GRCh38-ASPH","ASPH","5"
1.68297694674641e-40,-0.385271445863402,0.296,0.444,1.21682599203659e-35,"GRCh38-STRA6","STRA6","5"
1.78787544952711e-40,-0.351601281061629,0.665,0.78,1.29266970751709e-35,"GRCh38-PPID","PPID","5"
1.82727853239829e-40,-0.372591869003759,0.505,0.634,1.32115892449461e-35,"GRCh38-PVR","PVR","5"
1.83569554951035e-40,-0.330517890399957,0.106,0.239,1.32724459620697e-35,"GRCh38-RUNX1T1","RUNX1T1","5"
2.07433986064438e-40,-0.327296342957115,0.69,0.797,1.4997892060431e-35,"GRCh38-APMAP","APMAP","5"
2.24071719136389e-40,-0.300665476129296,0.711,0.823,1.62008334369992e-35,"GRCh38-APIP","APIP","5"
2.59577315170196e-40,-0.327179773677411,0.979,0.989,1.87679590414355e-35,"GRCh38-PFN1","PFN1","5"
3.31497434917637e-40,-0.302325802017306,0.261,0.414,2.3967927539415e-35,"GRCh38-TMEM37","TMEM37","5"
3.73130151726536e-40,-0.368234292275115,0.888,0.949,2.6978056230132e-35,"GRCh38-NOP58","NOP58","5"
4.04826848917241e-40,-0.278108218180747,0.601,0.738,2.92697908304144e-35,"GRCh38-LPIN1","LPIN1","5"
4.30672638913681e-40,0.476098427306002,0.527,0.393,3.11384931387369e-35,"GRCh38-ENSG00000251670","ENSG00000251670","5"
4.68639102941153e-40,-0.27520262898867,0.325,0.483,3.38835444208512e-35,"GRCh38-FHOD1","FHOD1","5"
5.83842425359297e-40,-0.553563114793219,0.742,0.817,4.22129750383279e-35,"GRCh38-SLC38A4-AS1","SLC38A4-AS1","5"
7.21343555507992e-40,0.941933451767819,0.623,0.499,5.21545817503388e-35,"GRCh38-CASC19","CASC19","5"
7.75150324255257e-40,-0.317092245253104,0.776,0.874,5.60449187443036e-35,"GRCh38-COPRS","COPRS","5"
1.45550999961405e-39,0.516247385804026,0.546,0.429,1.05236283992095e-34,"GRCh38-TTC26","TTC26","5"
2.03648641436149e-39,0.681968875396151,0.68,0.58,1.47242040731164e-34,"GRCh38-HES4","HES4","5"
2.13549512908712e-39,-0.260847739600607,0.978,0.988,1.54400568823257e-34,"GRCh38-TPM4","TPM4","5"
2.45893688021962e-39,0.488082388667627,0.387,0.271,1.77786054313639e-34,"GRCh38-SYNM","SYNM","5"
2.82654117424262e-39,-0.269075703719067,0.682,0.802,2.0436457998009e-34,"GRCh38-ORAI2","ORAI2","5"
2.98813553151619e-39,-0.263643232235119,0.143,0.28,2.16048175199683e-34,"GRCh38-MGAT5B","MGAT5B","5"
3.02852495589982e-39,-0.353018532710765,0.547,0.682,2.18968411361469e-34,"GRCh38-RUNX2","RUNX2","5"
3.54826180814678e-39,-0.519396084848815,0.268,0.41,2.56546425252629e-34,"GRCh38-DIRC3","DIRC3","5"
3.67381435448264e-39,-0.288299770212314,0.947,0.976,2.65624125457804e-34,"GRCh38-PARK7","PARK7","5"
4.13276797547949e-39,-0.363525428702898,0.732,0.825,2.98807390163118e-34,"GRCh38-TRAP1","TRAP1","5"
4.26258535528501e-39,-0.329472712288067,0.771,0.861,3.08193446357817e-34,"GRCh38-SSH1","SSH1","5"
4.69739674664354e-39,0.438887903503963,0.445,0.329,3.39631179575821e-34,"GRCh38-TDRD7","TDRD7","5"
5.22523087195045e-39,-0.287354964373405,0.997,0.998,3.77794642503761e-34,"GRCh38-VIM","VIM","5"
5.39043172289828e-39,-0.419727033118387,0.851,0.92,3.89738994428992e-34,"GRCh38-CACYBP","CACYBP","5"
5.643713271134e-39,-0.329158095154027,0.735,0.823,4.08051756929531e-34,"GRCh38-TPD52","TPD52","5"
6.2247478829955e-39,-0.300213967833898,0.755,0.853,4.50061721436341e-34,"GRCh38-ETS1","ETS1","5"
6.30355310694101e-39,0.803371699542557,0.594,0.487,4.55759496738049e-34,"GRCh38-ZFPM2","ZFPM2","5"
7.30871519723434e-39,-0.284757926731854,0.905,0.96,5.28434726190437e-34,"GRCh38-APEX1","APEX1","5"
8.36798696461118e-39,-0.274832269286545,0.957,0.982,6.05022193515318e-34,"GRCh38-RHOA","RHOA","5"
9.10898867726917e-39,-0.321240652350328,0.542,0.686,6.58598099343916e-34,"GRCh38-IMPDH1","IMPDH1","5"
9.85732154028176e-39,-0.35878523945926,0.872,0.931,7.12704062005452e-34,"GRCh38-SRSF10","SRSF10","5"
9.87540169746378e-39,-0.268611949454244,0.929,0.966,7.14011293530026e-34,"GRCh38-FXR1","FXR1","5"
9.90726425264994e-39,0.543328963802241,0.403,0.275,7.16315019995096e-34,"GRCh38-IRF7","IRF7","5"
1.00445719381573e-38,-0.286305090584781,0.585,0.711,7.26242640272648e-34,"GRCh38-SH3BP2","SH3BP2","5"
1.01843299191689e-38,-0.522617610696003,0.79,0.871,7.36347421815749e-34,"GRCh38-EXOSC8","EXOSC8","5"
1.08565824252934e-38,0.332651432260872,0.54,0.388,7.84952622513561e-34,"GRCh38-MCTP1","MCTP1","5"
1.13286301675034e-38,-0.380519522682337,0.136,0.271,8.19082618370833e-34,"GRCh38-SOX9","SOX9","5"
1.14494811723002e-38,-0.302149319221691,0.8,0.875,8.27820387719645e-34,"GRCh38-LOXL2","LOXL2","5"
1.21437889153674e-38,-0.407347051406408,0.71,0.801,8.78020226158896e-34,"GRCh38-CACNA2D3","CACNA2D3","5"
1.23788900485603e-38,-0.790262800043396,0.227,0.365,8.95018508291004e-34,"GRCh38-ADGRB3","ADGRB3","5"
1.2429537110751e-38,-0.307078008714635,0.912,0.956,8.98680392181516e-34,"GRCh38-EIF5B","EIF5B","5"
1.40752875345464e-38,-0.345535119185644,0.849,0.907,1.01767143932277e-33,"GRCh38-GNG10","GNG10","5"
1.4407720753816e-38,-0.417721080529015,0.804,0.876,1.04170702594241e-33,"GRCh38-SSRP1","SSRP1","5"
1.57710000567971e-38,-0.286080938314702,0.428,0.57,1.14027484610654e-33,"GRCh38-KIF1C","KIF1C","5"
1.6685636102057e-38,-0.302210961211855,0.884,0.947,1.20640486145093e-33,"GRCh38-GNL3","GNL3","5"
1.68364686360612e-38,-0.393205172071273,0.93,0.963,1.2173103553245e-33,"GRCh38-S100A4","S100A4","5"
1.70467039870747e-38,0.39548428183277,0.945,0.939,1.23251079167348e-33,"GRCh38-ENSG00000289901","ENSG00000289901","5"
2.06011874645397e-38,-0.278060763464127,0.896,0.948,1.48950705606115e-33,"GRCh38-EIF3B","EIF3B","5"
2.08937045439966e-38,0.443403299371946,0.598,0.49,1.51065662594004e-33,"GRCh38-AIFM2","AIFM2","5"
2.15627369093817e-38,1.16920532438496,0.619,0.511,1.55902900402212e-33,"GRCh38-S100A8","S100A8","5"
2.34395748346218e-38,-0.292001338067918,0.92,0.961,1.69472813969283e-33,"GRCh38-METAP2","METAP2","5"
2.39862373294013e-38,-0.330635748012862,0.768,0.85,1.73425293139038e-33,"GRCh38-FADS1","FADS1","5"
2.86473709669191e-38,-0.288711810796784,0.522,0.652,2.07126221565018e-33,"GRCh38-ZCCHC24","ZCCHC24","5"
3.11323410040789e-38,-0.306805131473023,0.964,0.984,2.25093051927691e-33,"GRCh38-YWHAE","YWHAE","5"
3.43947083825917e-38,-0.281962093312833,0.809,0.89,2.48680620547815e-33,"GRCh38-ERI3","ERI3","5"
4.0361119786245e-38,-0.313626576636544,0.89,0.948,2.91818968278508e-33,"GRCh38-NDUFAB1","NDUFAB1","5"
4.37178816724969e-38,-0.303895514481093,0.673,0.769,3.16089028068487e-33,"GRCh38-NFYB","NFYB","5"
4.74197912356592e-38,-0.280518080969103,0.826,0.905,3.42854574592063e-33,"GRCh38-NDUFAF3","NDUFAF3","5"
4.80374570858214e-38,-0.395843024241792,0.763,0.843,3.47320422221906e-33,"GRCh38-PSIP1","PSIP1","5"
5.06733326710666e-38,-0.30111149168199,0.92,0.959,3.66378329878346e-33,"GRCh38-GTF3A","GTF3A","5"
5.34892017309403e-38,-0.417397624915655,0.169,0.306,3.86737626355045e-33,"GRCh38-ST6GALNAC3","ST6GALNAC3","5"
5.49942754105347e-38,-0.270470199070997,0.668,0.791,3.97619610073248e-33,"GRCh38-TBL1X","TBL1X","5"
7.89561464991492e-38,-0.316683883215942,0.792,0.879,5.70868730418148e-33,"GRCh38-CUL3","CUL3","5"
7.99125049755333e-38,-0.41618202473189,0.708,0.828,5.77783393474101e-33,"GRCh38-IL1RAP","IL1RAP","5"
8.63411563846611e-38,-0.348327569314595,0.803,0.872,6.24263828892377e-33,"GRCh38-SLC25A39","SLC25A39","5"
8.74088798315945e-38,-0.346760424940147,0.554,0.678,6.31983682958394e-33,"GRCh38-HADH","HADH","5"
8.79127993913991e-38,0.448462601502305,0.869,0.847,6.35627122159694e-33,"GRCh38-WASHC4","WASHC4","5"
9.27548022490853e-38,-0.29875881101983,0.912,0.956,6.70635771221337e-33,"GRCh38-SLC38A2","SLC38A2","5"
9.41281790000743e-38,-0.289784947355888,0.861,0.92,6.80565559806337e-33,"GRCh38-PDLIM4","PDLIM4","5"
1.04281719257151e-37,-0.291091894848533,0.775,0.871,7.5397768657305e-33,"GRCh38-HNRNPA0","HNRNPA0","5"
1.05155053470992e-37,-0.332940479028987,0.885,0.926,7.60292067605969e-33,"GRCh38-ABCC3","ABCC3","5"
1.07042406184666e-37,0.656167618569322,0.533,0.424,7.73938005196373e-33,"GRCh38-PDK3","PDK3","5"
1.21466590181771e-37,0.704293540368337,0.802,0.758,8.78227740332239e-33,"GRCh38-AEBP2","AEBP2","5"
1.33139883665738e-37,-0.320149070749074,0.934,0.97,9.62627986880019e-33,"GRCh38-SLC25A5","SLC25A5","5"
1.42889779309908e-37,-0.275832624522206,0.951,0.974,1.0331216823665e-32,"GRCh38-YWHAQ","YWHAQ","5"
1.61381617423456e-37,-0.341770742248442,0.617,0.727,1.16682137029507e-32,"GRCh38-MSRB3","MSRB3","5"
1.83133168623531e-37,0.353938803031704,0.484,0.356,1.32408943578186e-32,"GRCh38-MAP3K8","MAP3K8","5"
1.99087579218984e-37,-0.293162154610841,0.785,0.865,1.4394430152691e-32,"GRCh38-NME4","NME4","5"
2.01703313997559e-37,-0.302904003887863,0.908,0.947,1.45835530086515e-32,"GRCh38-SMYD3","SMYD3","5"
2.02153699389694e-37,-0.329115818484237,0.94,0.966,1.46161167732736e-32,"GRCh38-TRIO","TRIO","5"
2.82641657060255e-37,0.89606463999686,0.69,0.629,2.04355570887706e-32,"GRCh38-MYO1E","MYO1E","5"
2.86500874554419e-37,-0.28757103992097,0.839,0.916,2.07145862320336e-32,"GRCh38-WDR43","WDR43","5"
3.3275000767583e-37,-0.321265368489732,0.862,0.913,2.40584910549778e-32,"GRCh38-BAZ1B","BAZ1B","5"
3.53735901307262e-37,-0.307819313786641,0.821,0.898,2.55758131363176e-32,"GRCh38-DNPH1","DNPH1","5"
3.9805253084639e-37,-0.299022440521041,0.838,0.91,2.87799940852557e-32,"GRCh38-METTL5","METTL5","5"
3.99417722768896e-37,-0.293093185049509,0.772,0.864,2.88787001916367e-32,"GRCh38-MRPS27","MRPS27","5"
4.03016921281773e-37,-0.315936651378569,0.827,0.899,2.91389294425147e-32,"GRCh38-HDAC1","HDAC1","5"
4.87991954725408e-37,-0.315958963356864,0.247,0.393,3.52827943105564e-32,"GRCh38-LMCD1","LMCD1","5"
5.23543400980086e-37,0.483152633523033,0.565,0.457,3.78532349776622e-32,"GRCh38-SH2B3","SH2B3","5"
5.25292334248229e-37,0.469148260274591,0.15,0.071,3.79796863508154e-32,"GRCh38-SLC30A4-AS1","SLC30A4-AS1","5"
5.47323230717624e-37,0.602121110774966,0.899,0.896,3.95725642273457e-32,"GRCh38-CDH12","CDH12","5"
5.84586337414274e-37,0.389209948744913,0.273,0.161,4.22667613677269e-32,"GRCh38-BIRC3","BIRC3","5"
5.94850381383764e-37,0.388661344451667,0.903,0.904,4.30088722748089e-32,"GRCh38-IFI30","IFI30","5"
5.98920947929864e-37,-0.376407511616126,0.429,0.564,4.3303182377225e-32,"GRCh38-ENSG00000285407","ENSG00000285407","5"
6.70051085982241e-37,-0.634185133416203,0.472,0.591,4.8446033618688e-32,"GRCh38-RFC3","RFC3","5"
6.8388435906549e-37,-0.290508812240828,0.801,0.878,4.9446206929153e-32,"GRCh38-NSMCE1","NSMCE1","5"
7.59027999804302e-37,-0.298745728907443,0.933,0.971,5.48792424418506e-32,"GRCh38-DBI","DBI","5"
7.59731565790634e-37,-0.279711368773677,0.834,0.901,5.49301116697944e-32,"GRCh38-MIEN1","MIEN1","5"
7.76309310173729e-37,-0.556958196962212,0.913,0.957,5.6128715744181e-32,"GRCh38-HMGN2","HMGN2","5"
8.69034306366079e-37,-0.293675147673511,0.894,0.945,6.28329184188803e-32,"GRCh38-SMARCC1","SMARCC1","5"
8.82550628753546e-37,-0.337597770114662,0.885,0.94,6.38101755601389e-32,"GRCh38-MRPL12","MRPL12","5"
9.53448177899259e-37,-0.319756744099036,0.609,0.73,6.89362101584722e-32,"GRCh38-ME2","ME2","5"
1.06281558800159e-36,-0.330944227663421,0.167,0.299,7.68436926436907e-32,"GRCh38-PLEKHS1","PLEKHS1","5"
1.07756257348856e-36,-0.25386385287353,0.928,0.959,7.790992918837e-32,"GRCh38-NFE2L2","NFE2L2","5"
1.10248525723239e-36,-0.349168582643034,0.739,0.841,7.9711889068416e-32,"GRCh38-SLC1A5","SLC1A5","5"
1.12640727111573e-36,-0.340889085554906,0.407,0.542,8.14414985162094e-32,"GRCh38-CXXC5","CXXC5","5"
1.14778844768392e-36,-0.283041521467891,0.718,0.821,8.29874003444425e-32,"GRCh38-LARP1B","LARP1B","5"
1.20333357728155e-36,0.411215371885696,0.848,0.818,8.70034243046106e-32,"GRCh38-RNF114","RNF114","5"
1.2171545351132e-36,-0.331540561459268,0.818,0.9,8.80027071977543e-32,"GRCh38-STIP1","STIP1","5"
1.3115170611702e-36,0.595395654181668,0.939,0.958,9.48253065567275e-32,"GRCh38-NR3C1","NR3C1","5"
1.4533289193381e-36,-0.315868343115637,0.721,0.809,1.05078587525983e-31,"GRCh38-RAP1GDS1","RAP1GDS1","5"
1.48018601848938e-36,-0.290982240961373,0.934,0.962,1.07020409508819e-31,"GRCh38-ACTN1","ACTN1","5"
1.69932017618402e-36,-0.283259743535569,0.508,0.648,1.22864247378457e-31,"GRCh38-KANK2","KANK2","5"
1.81281813684698e-36,-0.282427368497713,0.854,0.928,1.31070376930311e-31,"GRCh38-CDK4","CDK4","5"
1.90657536865969e-36,-0.396863978336996,0.663,0.769,1.37849212304833e-31,"GRCh38-EEF1E1","EEF1E1","5"
1.9762148116166e-36,-0.588209637004712,0.687,0.756,1.42884283309503e-31,"GRCh38-PPCDC","PPCDC","5"
1.97653621851141e-36,0.268051066132602,0.183,0.095,1.42907521670812e-31,"GRCh38-DNAJB5","DNAJB5","5"
2.64520489597944e-36,-0.261361413908014,0.756,0.849,1.91253604389106e-31,"GRCh38-IAH1","IAH1","5"
2.67533648277424e-36,-0.30273352060301,0.555,0.691,1.93432178377543e-31,"GRCh38-MARCKSL1","MARCKSL1","5"
2.67965427325455e-36,-0.302108080673212,0.612,0.74,1.93744363264851e-31,"GRCh38-CTDSPL","CTDSPL","5"
2.68145454209348e-36,-0.363975091246922,0.648,0.764,1.93874526302443e-31,"GRCh38-MIPOL1","MIPOL1","5"
2.71569608854931e-36,-0.504837173245311,0.101,0.223,1.96350258594292e-31,"GRCh38-LINC02343","LINC02343","5"
2.71577542689651e-36,-0.275164822010283,0.839,0.903,1.96355994915471e-31,"GRCh38-UBE3A","UBE3A","5"
3.46754969442637e-36,-0.336087909612341,0.793,0.878,2.50710778006416e-31,"GRCh38-GTPBP4","GTPBP4","5"
3.55931769187259e-36,-0.596311265247862,0.228,0.361,2.57345787757772e-31,"GRCh38-PTPRC","PTPRC","5"
3.68904856180851e-36,-0.290424788311863,0.783,0.872,2.66725589115879e-31,"GRCh38-PFN2","PFN2","5"
3.90660685166531e-36,-0.34360479845737,0.76,0.848,2.82455488589105e-31,"GRCh38-PAWR","PAWR","5"
4.08898199356323e-36,0.610541818059062,0.445,0.311,2.95641576098609e-31,"GRCh38-SERPINA1","SERPINA1","5"
4.47344277771282e-36,0.556720168600027,0.673,0.584,3.23438859714192e-31,"GRCh38-SNTB1","SNTB1","5"
4.6602613204427e-36,-0.302276042899605,0.452,0.585,3.36946213990648e-31,"GRCh38-METAP1D","METAP1D","5"
4.92706037058982e-36,-0.302775809280245,0.449,0.589,3.56236318914386e-31,"GRCh38-SLC9B2","SLC9B2","5"
5.33448238832805e-36,-0.304624814658395,0.962,0.983,3.85693745640895e-31,"GRCh38-EEF1B2","EEF1B2","5"
5.46748984827483e-36,-1.01547413269253,0.254,0.385,3.95310451009967e-31,"GRCh38-PRR11","PRR11","5"
5.77958231442932e-36,-0.418052385066346,0.565,0.691,4.17875360497869e-31,"GRCh38-NAALADL2","NAALADL2","5"
6.21180783680868e-36,-0.305786826915253,0.626,0.736,4.49126130216941e-31,"GRCh38-CS","CS","5"
6.3410805209201e-36,-0.453327696480874,0.814,0.873,4.58472803823565e-31,"GRCh38-NBEA","NBEA","5"
6.83663055900636e-36,-0.348562256178379,0.5,0.623,4.94302062677278e-31,"GRCh38-SAMD1","SAMD1","5"
7.12533093859364e-36,-0.298457360178558,0.823,0.894,5.15175677522197e-31,"GRCh38-CSNK2A1","CSNK2A1","5"
7.24783252796135e-36,-0.255941824825188,0.984,0.993,5.24032787436661e-31,"GRCh38-RPS3A","RPS3A","5"
7.95269650978116e-36,-0.382180025095509,0.619,0.73,5.74995863050197e-31,"GRCh38-IFRD2","IFRD2","5"
8.06995529754111e-36,-0.328779507682552,0.952,0.977,5.83473907922817e-31,"GRCh38-EIF2S2","EIF2S2","5"
8.44060837707877e-36,-0.275167896265891,0.233,0.37,6.10272866879549e-31,"GRCh38-MPP7","MPP7","5"
9.22779153437935e-36,-0.414901621318477,0.843,0.916,6.67187783518696e-31,"GRCh38-H2AZ2","H2AZ2","5"
9.54662585607085e-36,-0.377854726493148,0.902,0.949,6.90240142645635e-31,"GRCh38-NAP1L4","NAP1L4","5"
1.0882740189377e-35,-0.310385092830351,0.396,0.546,7.86843881172335e-31,"GRCh38-CCDC112","CCDC112","5"
1.11189090488627e-35,-0.317101485217965,0.649,0.75,8.03919362050871e-31,"GRCh38-ZC2HC1A","ZC2HC1A","5"
1.15272183994563e-35,0.568981876106905,0.764,0.662,8.33440944717487e-31,"GRCh38-IFI44L","IFI44L","5"
1.28951076783611e-35,-0.301145170056536,0.878,0.936,9.32342075360864e-31,"GRCh38-RAD23A","RAD23A","5"
1.35758312140605e-35,-0.338602057334732,0.362,0.502,9.81559748439001e-31,"GRCh38-DAAM1","DAAM1","5"
1.53928740246971e-35,0.531669515136572,0.689,0.603,1.11293557773365e-30,"GRCh38-SMIM14","SMIM14","5"
1.59833247957326e-35,0.391059850882026,0.446,0.331,1.15562634938106e-30,"GRCh38-CCDC117","CCDC117","5"
1.70239988763766e-35,-0.301433611136413,0.561,0.685,1.23086916675978e-30,"GRCh38-TRIM2","TRIM2","5"
1.83924108369982e-35,-0.315047181654049,0.745,0.825,1.32980808833664e-30,"GRCh38-MACROD1","MACROD1","5"
1.90077470348191e-35,-0.29524562124425,0.906,0.949,1.37429812611149e-30,"GRCh38-TUFM","TUFM","5"
2.12543979760734e-35,-0.384460563813268,0.883,0.928,1.53673548246606e-30,"GRCh38-SMC3","SMC3","5"
2.1518296402501e-35,-0.319534613703437,0.895,0.934,1.55581586649363e-30,"GRCh38-MTHFD2","MTHFD2","5"
2.22384188160798e-35,-0.308053240510738,0.307,0.448,1.6078821572402e-30,"GRCh38-MB","MB","5"
2.28240303547518e-35,-0.347630643110042,0.097,0.215,1.65022304270927e-30,"GRCh38-RASL11A","RASL11A","5"
2.48583191680823e-35,-0.299268884260931,0.665,0.782,1.79730619249069e-30,"GRCh38-KRAS","KRAS","5"
2.5670055926102e-35,-0.302340080260755,0.952,0.978,1.85599638356903e-30,"GRCh38-LDHB","LDHB","5"
2.8243195404138e-35,-0.290451291011888,0.497,0.634,2.04203951410999e-30,"GRCh38-FAM216A","FAM216A","5"
3.27495998166432e-35,-0.295133376447913,0.725,0.816,2.36786156594294e-30,"GRCh38-MTLN","MTLN","5"
3.43279385688028e-35,-0.30426790749489,0.816,0.886,2.48197861440158e-30,"GRCh38-PRPF38B","PRPF38B","5"
3.43453427109045e-35,-0.562150596531605,0.768,0.834,2.48323696868382e-30,"GRCh38-CHRM3","CHRM3","5"
3.52458857122271e-35,-0.251494727221291,0.979,0.991,2.54834802876544e-30,"GRCh38-RPL7","RPL7","5"
3.55192345325044e-35,-0.468636396537761,0.351,0.488,2.56811169516914e-30,"GRCh38-CTNNAL1","CTNNAL1","5"
3.78687511991127e-35,-0.294076135885123,0.496,0.628,2.73798644919825e-30,"GRCh38-AZIN1","AZIN1","5"
3.88880036590617e-35,-0.367392074824933,0.597,0.697,2.81168044055748e-30,"GRCh38-AARS1","AARS1","5"
3.93492618560761e-35,-0.378879437676942,0.51,0.643,2.84503033071801e-30,"GRCh38-ANKRD50","ANKRD50","5"
4.10657840061747e-35,-0.344497791880538,0.682,0.796,2.96913831521444e-30,"GRCh38-MTHFD1L","MTHFD1L","5"
4.48497952926293e-35,-0.252215753667822,0.597,0.726,3.24272989924768e-30,"GRCh38-ENDOG","ENDOG","5"
5.06496175333764e-35,-0.266965458752046,0.897,0.948,3.66206864689818e-30,"GRCh38-BRD9","BRD9","5"
5.20399246364123e-35,-0.281605834481994,0.836,0.9,3.76259063106188e-30,"GRCh38-POLR2B","POLR2B","5"
5.30034820048384e-35,-0.282799794368188,0.505,0.633,3.83225775591383e-30,"GRCh38-IDH2","IDH2","5"
5.30831218009497e-35,-0.276376773613642,0.793,0.887,3.83801587245226e-30,"GRCh38-PBRM1","PBRM1","5"
6.04063607817818e-35,-0.355034728846281,0.902,0.949,4.36750069724438e-30,"GRCh38-SYNCRIP","SYNCRIP","5"
6.49218999962753e-35,-0.334247406821543,0.652,0.775,4.6939832135307e-30,"GRCh38-USP7","USP7","5"
6.7255688827895e-35,-0.343617545095753,0.355,0.503,4.86272081363447e-30,"GRCh38-CTPS1","CTPS1","5"
6.95798334885412e-35,-0.321349690546088,0.804,0.877,5.03076112088851e-30,"GRCh38-DFFA","DFFA","5"
7.18099739642638e-35,-0.287948124007223,0.57,0.696,5.1920047375642e-30,"GRCh38-BMP2K","BMP2K","5"
7.26246832521782e-35,0.344289003748,0.925,0.944,5.25090984849899e-30,"GRCh38-C1R","C1R","5"
7.35941258555566e-35,0.266763733412983,0.248,0.147,5.32100248760845e-30,"GRCh38-TNFRSF1B","TNFRSF1B","5"
7.45559186259378e-35,-0.339322179853898,0.735,0.814,5.39054202849256e-30,"GRCh38-RGL1","RGL1","5"
8.68946568696974e-35,-0.512130813061153,0.704,0.784,6.28265748099286e-30,"GRCh38-CENPX","CENPX","5"
1.00845808158627e-34,0.391839385118334,0.149,0.073,7.29135362148506e-30,"GRCh38-ENSG00000287124","ENSG00000287124","5"
1.11108724680594e-34,-0.345994693715731,0.903,0.949,8.03338301185632e-30,"GRCh38-BANF1","BANF1","5"
1.2164264170439e-34,0.410695845209735,0.87,0.873,8.79500628051083e-30,"GRCh38-PXK","PXK","5"
1.22168881332529e-34,-0.286430839292009,0.393,0.532,8.83305445810455e-30,"GRCh38-SH3BP4","SH3BP4","5"
1.31932446501437e-34,-0.280249586938106,0.727,0.835,9.53897974694691e-30,"GRCh38-TUBA4A","TUBA4A","5"
1.34787490872771e-34,-0.585752038287085,0.563,0.67,9.74540516508308e-30,"GRCh38-DTYMK","DTYMK","5"
1.49112641691853e-34,0.353865529051759,0.263,0.16,1.07811422196043e-29,"GRCh38-FER1L6","FER1L6","5"
1.66865143047451e-34,-0.277983885712599,0.742,0.827,1.20646835726168e-29,"GRCh38-SBNO1","SBNO1","5"
1.74301037377147e-34,-0.400055671728097,0.303,0.432,1.26023136044425e-29,"GRCh38-WFDC3","WFDC3","5"
1.76262637015109e-34,-0.324936768082728,0.92,0.959,1.27441411814664e-29,"GRCh38-HNRNPM","HNRNPM","5"
1.8683215122928e-34,-0.299994790264446,0.769,0.855,1.35083381981794e-29,"GRCh38-SNRNP200","SNRNP200","5"
1.92262183935932e-34,-0.470765510328488,0.656,0.758,1.39009404229358e-29,"GRCh38-COTL1","COTL1","5"
1.99282855723019e-34,-0.285780158139032,0.678,0.791,1.44085490344857e-29,"GRCh38-CORO1C","CORO1C","5"
2.11620094256537e-34,-0.280133506251854,0.827,0.906,1.53005560549361e-29,"GRCh38-CFAP97","CFAP97","5"
2.17458481393444e-34,0.324652187036229,0.44,0.32,1.57226831217088e-29,"GRCh38-TRIM21","TRIM21","5"
2.23840151472657e-34,-0.37124112330779,0.562,0.682,1.61840906317761e-29,"GRCh38-TBC1D8","TBC1D8","5"
2.71102545183307e-34,-0.288789096512863,0.849,0.912,1.96012562218434e-29,"GRCh38-MTREX","MTREX","5"
2.94674647181596e-34,-0.429851290318672,0.279,0.406,2.13055663405237e-29,"GRCh38-KLRC3","KLRC3","5"
3.25194529864691e-34,-0.282807386401084,0.692,0.793,2.35122148982769e-29,"GRCh38-HLCS","HLCS","5"
3.29164424902033e-34,-0.291120548460603,0.868,0.913,2.37992462492668e-29,"GRCh38-HECTD1","HECTD1","5"
3.40811882800266e-34,0.689993031185798,0.438,0.34,2.46413807502248e-29,"GRCh38-NAPEPLD","NAPEPLD","5"
3.61209093768073e-34,-0.32851725639923,0.91,0.945,2.61161398976192e-29,"GRCh38-EDIL3","EDIL3","5"
3.86595051114688e-34,-0.393527470902649,0.515,0.626,2.79515953856942e-29,"GRCh38-SAMD11","SAMD11","5"
4.54953150787183e-34,-0.286372697945771,0.832,0.898,3.28940227082149e-29,"GRCh38-MYO9A","MYO9A","5"
4.95827567216575e-34,-0.361477986503867,0.874,0.918,3.58493247648928e-29,"GRCh38-WLS","WLS","5"
5.20119328519889e-34,-0.297595660597932,0.719,0.817,3.7605667690645e-29,"GRCh38-TMEM18","TMEM18","5"
5.72410782553584e-34,-0.26155134885034,0.985,0.993,4.13864444001893e-29,"GRCh38-RPS16","RPS16","5"
6.38528217516695e-34,-0.289348724090891,0.546,0.659,4.6166867182892e-29,"GRCh38-MDFIC","MDFIC","5"
6.59310691715368e-34,-0.262072540237313,0.758,0.851,4.76694816324045e-29,"GRCh38-KMT5B","KMT5B","5"
8.01594297444768e-34,-0.271547851106455,0.951,0.981,5.79568708938516e-29,"GRCh38-SRP14","SRP14","5"
8.02464515175983e-34,0.513267918531893,0.4,0.285,5.80197893762539e-29,"GRCh38-TTC39B","TTC39B","5"
8.03193850044219e-34,-0.295564572031683,0.701,0.805,5.80725217458972e-29,"GRCh38-TP53","TP53","5"
8.79239597315645e-34,-0.275315595841902,0.85,0.921,6.35707813651157e-29,"GRCh38-LAPTM4B","LAPTM4B","5"
9.76491802848263e-34,-0.276799908343274,0.318,0.458,7.06023103295351e-29,"GRCh38-SYT12","SYT12","5"
1.00271982163935e-33,-0.301291435136265,0.914,0.956,7.2498648544168e-29,"GRCh38-NHP2","NHP2","5"
1.04456155791388e-33,-0.285006718015082,0.882,0.945,7.55238897602894e-29,"GRCh38-ANAPC11","ANAPC11","5"
1.08502084772287e-33,-0.279873550626438,0.924,0.948,7.84491773320589e-29,"GRCh38-ETFA","ETFA","5"
1.10525652309038e-33,-0.298772190806585,0.798,0.866,7.99122571324809e-29,"GRCh38-PRPF8","PRPF8","5"
1.16756285917085e-33,-0.273891400101552,0.857,0.922,8.44171298437708e-29,"GRCh38-UQCRFS1","UQCRFS1","5"
1.28905356015564e-33,-0.283751637184696,0.631,0.745,9.32011505063729e-29,"GRCh38-RXYLT1","RXYLT1","5"
1.33348642428277e-33,-0.362720060690619,0.171,0.301,9.64137354484931e-29,"GRCh38-BCL11B","BCL11B","5"
1.38041864787258e-33,-0.29523974848549,0.383,0.523,9.98070290784834e-29,"GRCh38-AP3M2","AP3M2","5"
1.41219679872977e-33,-0.272929144793543,0.253,0.387,1.0210465294176e-28,"GRCh38-HAUS7","HAUS7","5"
1.44152129272876e-33,-0.296955056076576,0.813,0.893,1.04224872506875e-28,"GRCh38-LY6K","LY6K","5"
1.72251934319095e-33,-0.495811854855083,0.852,0.886,1.24541593551392e-28,"GRCh38-VCAN","VCAN","5"
2.05028510473963e-33,-0.28451958404505,0.865,0.925,1.48239713642885e-28,"GRCh38-ACTR3","ACTR3","5"
2.08127113831896e-33,-0.76053420020614,0.602,0.684,1.50480065842738e-28,"GRCh38-EYS","EYS","5"
2.08507371132674e-33,-0.253909681016272,0.697,0.793,1.50754999476346e-28,"GRCh38-GALK1","GALK1","5"
2.35493171106314e-33,-0.287803405299274,0.388,0.525,1.70266272573287e-28,"GRCh38-BTBD3","BTBD3","5"
2.50839068792012e-33,-0.341780783051971,0.793,0.888,1.81361663518e-28,"GRCh38-MTCH2","MTCH2","5"
2.55120712342026e-33,0.402482679764016,0.541,0.434,1.84457377437531e-28,"GRCh38-FAM161A","FAM161A","5"
2.74403283909881e-33,-0.340191319430776,0.423,0.553,1.98399062332522e-28,"GRCh38-ODAD2","ODAD2","5"
2.80228130139551e-33,-0.261077200920228,0.871,0.921,2.02610542653498e-28,"GRCh38-ROCK2","ROCK2","5"
3.03724277131344e-33,-0.304348737952657,0.659,0.77,2.19598726851504e-28,"GRCh38-GLOD4","GLOD4","5"
3.31820396854672e-33,-0.258969079583982,0.958,0.979,2.39912783333865e-28,"GRCh38-ARPC2","ARPC2","5"
3.42257236699063e-33,-0.39323876593243,0.591,0.676,2.47458827278156e-28,"GRCh38-PEX2","PEX2","5"
3.61035947951413e-33,-0.284489762319935,0.651,0.756,2.6103621108783e-28,"GRCh38-FBXO17","FBXO17","5"
3.71601682379466e-33,-0.291456655385771,0.758,0.838,2.68675448394001e-28,"GRCh38-TMEM267","TMEM267","5"
3.73130372828373e-33,-0.265979488398769,0.94,0.974,2.69780722162371e-28,"GRCh38-PEBP1","PEBP1","5"
3.84437417377767e-33,-0.310365931554825,0.827,0.896,2.77955941512473e-28,"GRCh38-CDC123","CDC123","5"
3.95205746648368e-33,-0.256382901438693,0.889,0.938,2.85741658941703e-28,"GRCh38-KLHL5","KLHL5","5"
4.29573280965296e-33,-0.274777214454289,0.677,0.777,3.10590073603529e-28,"GRCh38-WDR35","WDR35","5"
4.79729558072929e-33,-0.391975055011528,0.936,0.969,3.46854065077889e-28,"GRCh38-SNRPB","SNRPB","5"
4.91175616295546e-33,-0.29632415525047,0.611,0.718,3.55129794094005e-28,"GRCh38-KCNAB2","KCNAB2","5"
4.96432862728696e-33,-0.272523021298955,0.684,0.782,3.58930888410102e-28,"GRCh38-GDI1","GDI1","5"
5.28770601545512e-33,-0.379141165376471,0.834,0.893,3.82311720329436e-28,"GRCh38-GARS1","GARS1","5"
5.74289703182608e-33,-0.258596908467358,0.916,0.96,4.15222941195089e-28,"GRCh38-MDH2","MDH2","5"
6.2466348882573e-33,-0.360722232373999,0.454,0.6,4.51644195690779e-28,"GRCh38-CXADR","CXADR","5"
6.26362421197767e-33,-0.315448915420855,0.855,0.915,4.52872557774409e-28,"GRCh38-HNRNPH3","HNRNPH3","5"
6.78302444259638e-33,1.42418154828026,0.38,0.266,4.90426233248603e-28,"GRCh38-TNFAIP6","TNFAIP6","5"
7.11689030702963e-33,-0.255615639196606,0.287,0.422,5.14565402978856e-28,"GRCh38-TRNP1","TRNP1","5"
7.28401797426261e-33,-0.321874024726146,0.725,0.808,5.26649067575135e-28,"GRCh38-C8orf33","C8orf33","5"
7.30522521502017e-33,-0.370482404051433,0.876,0.921,5.28182393496388e-28,"GRCh38-PKIG","PKIG","5"
7.7017516160684e-33,-0.311581287149064,0.897,0.949,5.56852045344978e-28,"GRCh38-ACTN4","ACTN4","5"
7.9263476976789e-33,-0.269441644309525,0.843,0.914,5.7309079123758e-28,"GRCh38-RTL8A","RTL8A","5"
8.3254620321498e-33,-0.346449350897629,0.664,0.774,6.01947555848495e-28,"GRCh38-ADISSP","ADISSP","5"
8.65544977772164e-33,-0.288352967220613,0.625,0.726,6.2580632982883e-28,"GRCh38-PREPL","PREPL","5"
9.79846323910942e-33,-0.295195112000582,0.539,0.665,7.08448489114089e-28,"GRCh38-DPY19L1","DPY19L1","5"
9.82759447737661e-33,-0.309097304128034,0.877,0.927,7.10554735903284e-28,"GRCh38-USP14","USP14","5"
1.06246527126087e-32,0.527479001156226,0.316,0.203,7.68183640427032e-28,"GRCh38-TFPI2","TFPI2","5"
1.1072472196423e-32,-0.453946960001867,0.557,0.671,8.00561884745773e-28,"GRCh38-GRIK2","GRIK2","5"
1.22955833488479e-32,0.693763783925853,0.693,0.635,8.88995267288402e-28,"GRCh38-TMEM135","TMEM135","5"
1.26600639324575e-32,-0.280743918949843,0.503,0.637,9.15347942444544e-28,"GRCh38-MMGT1","MMGT1","5"
1.38200400705992e-32,-0.285050445763337,0.468,0.598,9.99216537184461e-28,"GRCh38-ATPSCKMT","ATPSCKMT","5"
1.47342880270011e-32,-0.344345719457617,0.329,0.461,1.06531849292823e-27,"GRCh38-ENSG00000257496","ENSG00000257496","5"
1.5327856929875e-32,-0.309898345653202,0.764,0.833,1.10823471174382e-27,"GRCh38-HDGFL3","HDGFL3","5"
1.62380296758511e-32,0.680446429298927,0.82,0.771,1.17404202162339e-27,"GRCh38-AP1S2","AP1S2","5"
1.65140082780391e-32,0.388645177925281,0.22,0.127,1.19399582651878e-27,"GRCh38-IL18R1","IL18R1","5"
1.65400528742256e-32,-0.282264967543535,0.854,0.923,1.19587890291226e-27,"GRCh38-C7orf50","C7orf50","5"
1.66240175946624e-32,-0.32680040501084,0.832,0.898,1.20194972012928e-27,"GRCh38-VBP1","VBP1","5"
1.82238760453403e-32,1.07792747801207,0.669,0.613,1.31762268583019e-27,"GRCh38-GLCCI1","GLCCI1","5"
1.88545818652931e-32,0.480959833222937,0.48,0.371,1.36322397802442e-27,"GRCh38-ENC1","ENC1","5"
2.06119957360666e-32,0.387857522366205,0.651,0.57,1.49028851570909e-27,"GRCh38-STAMBPL1","STAMBPL1","5"
2.19931683049737e-32,-0.339216331094292,0.774,0.855,1.59015005478621e-27,"GRCh38-EIF2S1","EIF2S1","5"
2.2048337426352e-32,-0.252733471341302,0.547,0.668,1.5941388926001e-27,"GRCh38-PRR7","PRR7","5"
2.3079729727651e-32,-0.286239676135205,0.966,0.985,1.66871061876863e-27,"GRCh38-NME2","NME2","5"
2.35998131977947e-32,-0.273704451374034,0.376,0.508,1.70631369382696e-27,"GRCh38-ADGRA2","ADGRA2","5"
2.39059600309177e-32,-0.273028886279668,0.705,0.805,1.72844872215541e-27,"GRCh38-KLF10","KLF10","5"
2.57923619653862e-32,-0.312576149960743,0.929,0.962,1.86483935482136e-27,"GRCh38-MGST1","MGST1","5"
2.7116822547395e-32,-0.32374279051369,0.798,0.861,1.96060050382175e-27,"GRCh38-ENSG00000285080","ENSG00000285080","5"
2.81207633340284e-32,-0.292086684541489,0.564,0.681,2.03318743057692e-27,"GRCh38-CUEDC1","CUEDC1","5"
2.89293275133908e-32,-0.272935393579929,0.985,0.991,2.09164823787318e-27,"GRCh38-HNRNPA1","HNRNPA1","5"
2.95905036631406e-32,-0.326044610032366,0.533,0.659,2.13945259585239e-27,"GRCh38-PAGR1","PAGR1","5"
3.04811769705994e-32,-0.298077738713356,0.762,0.851,2.20385005732828e-27,"GRCh38-NAA38","NAA38","5"
3.43771158254024e-32,-0.253547742939559,0.896,0.949,2.48553422840824e-27,"GRCh38-MICOS13","MICOS13","5"
3.45969201427437e-32,-0.256749331406374,0.854,0.912,2.50142652016066e-27,"GRCh38-MFF","MFF","5"
3.54593216982163e-32,-0.292478666399,0.759,0.83,2.56377987742443e-27,"GRCh38-PCNX4","PCNX4","5"
4.33453887164187e-32,-0.332034950902198,0.651,0.762,3.1339582949745e-27,"GRCh38-PAK1IP1","PAK1IP1","5"
4.33938432663494e-32,-0.262096084524121,0.906,0.95,3.13746165584359e-27,"GRCh38-ETFB","ETFB","5"
4.4980170599186e-32,-0.385244147862336,0.802,0.882,3.25215629466235e-27,"GRCh38-EBNA1BP2","EBNA1BP2","5"
5.92657110977639e-32,0.846452393114661,0.584,0.467,4.28502944379053e-27,"GRCh38-ENSG00000285744","ENSG00000285744","5"
6.38174375957249e-32,1.38765199127224,0.83,0.828,4.6141283730461e-27,"GRCh38-TRPC4","TRPC4","5"
7.13021187822207e-32,-0.27366453351069,0.801,0.888,5.15528579219212e-27,"GRCh38-ICE1","ICE1","5"
7.28000436726702e-32,-0.320565978570166,0.911,0.958,5.2635887576214e-27,"GRCh38-GADD45GIP1","GADD45GIP1","5"
7.32195766906241e-32,-0.396285377114433,0.259,0.391,5.29392183388551e-27,"GRCh38-CDCA7L","CDCA7L","5"
7.51113476627397e-32,-0.274839211452147,0.965,0.979,5.4307006587114e-27,"GRCh38-DST","DST","5"
8.42374567985984e-32,-0.254614479064327,0.924,0.966,6.09053660145226e-27,"GRCh38-SSBP1","SSBP1","5"
8.75058122148696e-32,0.620212101709114,0.229,0.136,6.3268452347595e-27,"GRCh38-ENSG00000290113","ENSG00000290113","5"
9.04702319693196e-32,-0.336798145253019,0.632,0.735,6.54117871184574e-27,"GRCh38-COPS3","COPS3","5"
9.26310607544739e-32,-0.28407210459221,0.379,0.504,6.69741095466997e-27,"GRCh38-PLXND1","PLXND1","5"
9.4899909910045e-32,-0.310831716497149,0.669,0.771,6.86145328631607e-27,"GRCh38-SH3D19","SH3D19","5"
9.64356400274682e-32,-0.253712515029615,0.775,0.854,6.972489645266e-27,"GRCh38-RNF130","RNF130","5"
9.86154881513738e-32,-0.313810634704639,0.598,0.718,7.13009702432063e-27,"GRCh38-NEK6","NEK6","5"
1.11880099930956e-31,-0.258499654859767,0.402,0.531,8.08915498520798e-27,"GRCh38-SRSF8","SRSF8","5"
1.12326808272571e-31,-0.309664675713911,0.49,0.608,8.12145289172342e-27,"GRCh38-GOT1","GOT1","5"
1.13625158637122e-31,-0.281856026727941,0.739,0.833,8.2153262197812e-27,"GRCh38-SNTB2","SNTB2","5"
1.18098537554831e-31,-0.278313883816521,0.742,0.839,8.53876046228936e-27,"GRCh38-MAZ","MAZ","5"
1.25749780726734e-31,-0.261449760762425,0.582,0.705,9.09196064610431e-27,"GRCh38-DUSP14","DUSP14","5"
1.38682179121718e-31,-0.256141805667757,0.553,0.677,1.00269989148585e-26,"GRCh38-NMT2","NMT2","5"
1.47650119145398e-31,-0.308442583901728,0.956,0.979,1.06753989144506e-26,"GRCh38-XRCC5","XRCC5","5"
1.52074945252234e-31,-0.625454203175462,0.331,0.457,1.0995322691627e-26,"GRCh38-ENSG00000231424","ENSG00000231424","5"
1.62696724871958e-31,-0.402259291334936,0.737,0.811,1.17632986016923e-26,"GRCh38-CSE1L","CSE1L","5"
1.80194488913857e-31,-0.353256613002543,0.416,0.525,1.30284219374497e-26,"GRCh38-LLGL2","LLGL2","5"
1.87187151335463e-31,-1.50358907451887,0.321,0.445,1.35340054158566e-26,"GRCh38-CENPF","CENPF","5"
1.89820178511192e-31,-0.300712138628875,0.591,0.703,1.37243785467162e-26,"GRCh38-XPOT","XPOT","5"
1.97979698683897e-31,0.857591654231428,0.239,0.142,1.43143281742431e-26,"GRCh38-PI3","PI3","5"
1.99820496892588e-31,-0.340468672100032,0.945,0.964,1.44474215663279e-26,"GRCh38-LCP1","LCP1","5"
2.1835568054977e-31,-0.271042104904151,0.861,0.927,1.57875524151095e-26,"GRCh38-ZNF706","ZNF706","5"
2.23267907073423e-31,-0.296713706934346,0.16,0.283,1.61427162172226e-26,"GRCh38-EXPH5","EXPH5","5"
2.30599623349055e-31,0.611978602831048,0.915,0.914,1.66728139673834e-26,"GRCh38-MED13L","MED13L","5"
2.66354039691654e-31,-0.276958966456988,0.713,0.822,1.9257929777786e-26,"GRCh38-PCBP3","PCBP3","5"
2.6880864739095e-31,-0.25274545376108,0.659,0.772,1.94354028236605e-26,"GRCh38-FAM89B","FAM89B","5"
3.05677657005018e-31,-0.299302760305479,0.465,0.588,2.21011059567768e-26,"GRCh38-EIF5AL1","EIF5AL1","5"
3.13536950540876e-31,-0.27527668844239,0.664,0.764,2.26693485980064e-26,"GRCh38-CHPT1","CHPT1","5"
3.24581238830073e-31,-0.313124465086906,0.75,0.834,2.34678727298919e-26,"GRCh38-CCN1","CCN1","5"
3.37583224839034e-31,0.365252802301165,0.972,0.974,2.44079423223118e-26,"GRCh38-FN1","FN1","5"
3.41461949561514e-31,-0.584829223939588,0.345,0.468,2.46883818771966e-26,"GRCh38-FRMD5","FRMD5","5"
3.47471943989081e-31,-0.307244753274337,0.735,0.823,2.51229164942985e-26,"GRCh38-SRSF1","SRSF1","5"
3.58071970223779e-31,-0.308142715810878,0.596,0.71,2.58893195911197e-26,"GRCh38-PAXX","PAXX","5"
3.716176639206e-31,-0.337893757958903,0.842,0.908,2.68687003367872e-26,"GRCh38-PPA2","PPA2","5"
3.81810907299106e-31,-0.441960093951044,0.488,0.601,2.76056922195399e-26,"GRCh38-TRIB3","TRIB3","5"
3.85013356111569e-31,-0.324679961727616,0.799,0.892,2.78372356735786e-26,"GRCh38-ARHGDIA","ARHGDIA","5"
3.9562216949139e-31,-0.403090835337367,0.157,0.275,2.86042740985665e-26,"GRCh38-ARHGAP28","ARHGAP28","5"
4.43491343520169e-31,-0.554963915093188,0.401,0.517,3.20653111191953e-26,"GRCh38-UBE2T","UBE2T","5"
4.7311878415536e-31,-0.321083288052604,0.589,0.692,3.42074343320008e-26,"GRCh38-ZNF532","ZNF532","5"
4.91347381460868e-31,-0.713962678691102,0.344,0.46,3.55253983743837e-26,"GRCh38-BGN","BGN","5"
5.20808172749508e-31,-0.281136440137832,0.806,0.884,3.7655472506135e-26,"GRCh38-NAXE","NAXE","5"
5.38817106476289e-31,-0.453872916312518,0.876,0.899,3.89575544324486e-26,"GRCh38-KRT7","KRT7","5"
5.62585988075106e-31,-0.351894888913183,0.798,0.88,4.06760921098063e-26,"GRCh38-FDPS","FDPS","5"
5.65146774893779e-31,-0.270839673294895,0.905,0.947,4.086124211837e-26,"GRCh38-U2AF1","U2AF1","5"
5.9226503438275e-31,0.363622169277688,0.732,0.65,4.28219465159416e-26,"GRCh38-TRIM38","TRIM38","5"
6.09658041036038e-31,-0.276687183544068,0.62,0.716,4.40794956829876e-26,"GRCh38-FLYWCH2","FLYWCH2","5"
6.21197483843009e-31,0.345449055711574,0.797,0.741,4.49138204768173e-26,"GRCh38-BTN3A2","BTN3A2","5"
6.74240404243436e-31,-0.25264898378607,0.581,0.711,4.87489297076089e-26,"GRCh38-RABGGTB","RABGGTB","5"
7.60243919340484e-31,-0.265757352235475,0.759,0.837,5.49671558561557e-26,"GRCh38-SPECC1L","SPECC1L","5"
7.86043412390782e-31,-0.295997999422613,0.906,0.949,5.68325108026783e-26,"GRCh38-MRPL20","MRPL20","5"
8.05757625920865e-31,-0.30028950566959,0.518,0.646,5.82578878693304e-26,"GRCh38-APPL1","APPL1","5"
8.60979731769898e-31,-0.260841256115065,0.678,0.78,6.22505565664272e-26,"GRCh38-CMC4","CMC4","5"
8.7623223560293e-31,-0.350180706413864,0.509,0.622,6.33533430985631e-26,"GRCh38-GPN3","GPN3","5"
9.03077053505827e-31,0.347937098773839,0.144,0.072,6.52942771225783e-26,"GRCh38-SAA4","SAA4","5"
9.29846393248024e-31,-0.443294010055863,0.455,0.572,6.72297539246186e-26,"GRCh38-TMEM97","TMEM97","5"
1.04645466023966e-30,0.373461933552773,0.608,0.504,7.5660764844648e-26,"GRCh38-TRIM14","TRIM14","5"
1.04922471197275e-30,-0.273766868046735,0.737,0.831,7.58610451250538e-26,"GRCh38-VPS25","VPS25","5"
1.11693701641346e-30,-0.266492835557791,0.846,0.913,8.07567801607256e-26,"GRCh38-IMMT","IMMT","5"
1.16506399486801e-30,0.476964173662923,0.749,0.661,8.42364569569468e-26,"GRCh38-SMOC1","SMOC1","5"
1.17334105499114e-30,-0.295784305304857,0.816,0.87,8.48349049579694e-26,"GRCh38-R3HDM1","R3HDM1","5"
1.21677971483619e-30,-0.858029971891169,0.187,0.304,8.79756069420859e-26,"GRCh38-MGAT4C","MGAT4C","5"
1.30446472624859e-30,0.296742123719708,0.703,0.613,9.43154086372256e-26,"GRCh38-LGMN","LGMN","5"
1.33382696858621e-30,-0.355503076336203,0.869,0.92,9.64383574827198e-26,"GRCh38-TMPRSS15","TMPRSS15","5"
1.35914247403604e-30,-0.28550464836562,0.899,0.942,9.82687191577538e-26,"GRCh38-PDAP1","PDAP1","5"
1.40549869427363e-30,-0.405682989466111,0.333,0.458,1.01620366593372e-25,"GRCh38-MYLK","MYLK","5"
1.48755983654842e-30,-0.412056675873443,0.728,0.833,1.07553551302124e-25,"GRCh38-TUBB3","TUBB3","5"
1.59334371096765e-30,-0.387506996391801,0.821,0.886,1.15201936990383e-25,"GRCh38-TOMM5","TOMM5","5"
1.60667415594134e-30,-0.451273842996341,0.491,0.616,1.16165754822871e-25,"GRCh38-DIO2","DIO2","5"
1.80019687530504e-30,-0.276912613903744,0.454,0.58,1.30157834478305e-25,"GRCh38-CREB3L1","CREB3L1","5"
1.84721572084562e-30,-0.25741355296407,0.118,0.231,1.3355739104858e-25,"GRCh38-RFLNB","RFLNB","5"
1.88144891029033e-30,-0.276043687960434,0.891,0.941,1.36032519111811e-25,"GRCh38-NAA10","NAA10","5"
1.98761322776712e-30,-0.288130942353932,0.742,0.822,1.43708411594018e-25,"GRCh38-MRPL24","MRPL24","5"
2.02177356446322e-30,-0.271155751084661,0.832,0.89,1.4617827225782e-25,"GRCh38-CEP290","CEP290","5"
2.1484981452017e-30,-0.258212422534639,0.92,0.96,1.55340712894374e-25,"GRCh38-TALDO1","TALDO1","5"
2.18517611620417e-30,-0.30963428281026,0.829,0.903,1.57992603553794e-25,"GRCh38-SRSF2","SRSF2","5"
2.2224331011673e-30,-0.280913296934483,0.61,0.729,1.60686358080598e-25,"GRCh38-PYGB","PYGB","5"
2.53710057867126e-30,-0.279654535028929,0.377,0.503,1.83437446039089e-25,"GRCh38-PTGR3","PTGR3","5"
2.8457821220232e-30,-0.292642798385181,0.765,0.85,2.05755738986522e-25,"GRCh38-ERGIC2","ERGIC2","5"
3.16520983779694e-30,-0.276840094473099,0.874,0.935,2.28851001692394e-25,"GRCh38-PRMT1","PRMT1","5"
3.22759982029961e-30,-0.279767136191816,0.909,0.952,2.33361922207302e-25,"GRCh38-HNRNPA3","HNRNPA3","5"
3.47244681137332e-30,-0.348353392501311,0.488,0.617,2.51064849355914e-25,"GRCh38-ENSG00000286385","ENSG00000286385","5"
3.48843449115973e-30,-0.295378249734753,0.507,0.628,2.52220790579831e-25,"GRCh38-NKX2-5","NKX2-5","5"
3.64164124975716e-30,-0.306599886974499,0.908,0.953,2.63297945639942e-25,"GRCh38-DDX21","DDX21","5"
4.80400256578447e-30,-0.357779707788349,0.882,0.915,3.47338993511349e-25,"GRCh38-CPE","CPE","5"
5.11611030641594e-30,-0.294541034327575,0.652,0.754,3.69905007374485e-25,"GRCh38-MLF1","MLF1","5"
5.19271557635244e-30,-0.286781805675134,0.654,0.76,3.75443721601434e-25,"GRCh38-LTV1","LTV1","5"
6.06461281650297e-30,-0.281448010691529,0.651,0.761,4.38483635858798e-25,"GRCh38-MAP3K4","MAP3K4","5"
6.11298099550925e-30,0.451429961674639,0.212,0.124,4.4198075193731e-25,"GRCh38-FYB1","FYB1","5"
6.63469382243102e-30,-0.290702229240169,0.788,0.863,4.79701632749408e-25,"GRCh38-ARHGAP5","ARHGAP5","5"
6.68009856271261e-30,-0.28198426434428,0.063,0.161,4.82984486281247e-25,"GRCh38-CARD18","CARD18","5"
7.57940724110875e-30,-0.284088337062719,0.854,0.897,5.48006302346645e-25,"GRCh38-CARS1","CARS1","5"
7.65104617212627e-30,-0.338673103543564,0.595,0.683,5.53185940337073e-25,"GRCh38-GLT8D2","GLT8D2","5"
7.68502507290281e-30,-0.256958680364332,0.767,0.855,5.55642682821019e-25,"GRCh38-ECHDC1","ECHDC1","5"
7.89919351265718e-30,-0.632566991142685,0.059,0.154,5.7112748935214e-25,"GRCh38-LINC01541","LINC01541","5"
9.69014763094119e-30,-0.28630634022759,0.5,0.62,7.0061705401231e-25,"GRCh38-RAB30","RAB30","5"
9.88748978149568e-30,-0.274501103114852,0.895,0.94,7.148852861817e-25,"GRCh38-MEF2A","MEF2A","5"
1.09103432686389e-29,0.414927205180564,0.547,0.444,7.88839639009132e-25,"GRCh38-LINC02100","LINC02100","5"
1.13037145993531e-29,-0.256064103913536,0.593,0.698,8.17281172962426e-25,"GRCh38-TPD52L1","TPD52L1","5"
1.22396999846411e-29,-0.295992428525085,0.892,0.945,8.8495478828952e-25,"GRCh38-ELOC","ELOC","5"
1.27218416566182e-29,-0.410202370284419,0.639,0.721,9.19814595456811e-25,"GRCh38-ERMP1","ERMP1","5"
1.289740421436e-29,0.398016980917445,0.193,0.11,9.32508119506659e-25,"GRCh38-TRPA1","TRPA1","5"
1.31473482955138e-29,-0.323389477128174,0.901,0.941,9.50579576462237e-25,"GRCh38-NOP56","NOP56","5"
1.42101632688498e-29,-0.262163309258385,0.803,0.883,1.02742322466438e-24,"GRCh38-USP16","USP16","5"
1.54756283871563e-29,1.11809781411055,0.281,0.185,1.11891888364818e-24,"GRCh38-CEMIP","CEMIP","5"
1.65016586533062e-29,-0.255452386758046,0.809,0.88,1.19310292395134e-24,"GRCh38-CHID1","CHID1","5"
1.66105756258641e-29,-0.252265735753401,0.862,0.927,1.20097783890123e-24,"GRCh38-ZFP36L1","ZFP36L1","5"
2.13843689984876e-29,-0.268039982228713,0.454,0.582,1.54613264732865e-24,"GRCh38-FOXD1","FOXD1","5"
2.14125093695636e-29,-0.260597655558293,0.547,0.659,1.54816725243819e-24,"GRCh38-TSEN2","TSEN2","5"
2.34066656388991e-29,-0.270912246277881,0.597,0.701,1.69234873902368e-24,"GRCh38-ADA","ADA","5"
2.42573623272206e-29,-0.273237603987926,0.707,0.793,1.7538558109827e-24,"GRCh38-ATIC","ATIC","5"
2.72171641696055e-29,-0.258310123966961,0.502,0.637,1.96785540379081e-24,"GRCh38-UTP20","UTP20","5"
2.75039684730447e-29,-0.286835696178597,0.483,0.606,1.98859192853808e-24,"GRCh38-TCF3","TCF3","5"
2.98234887892545e-29,-0.280004470916678,0.903,0.949,2.15629788644068e-24,"GRCh38-LSM7","LSM7","5"
3.39167472394466e-29,0.474788238960583,0.33,0.225,2.45224865890647e-24,"GRCh38-AMPH","AMPH","5"
3.50768178802503e-29,-0.622071872721805,0.182,0.297,2.53612408637785e-24,"GRCh38-AKR1B10","AKR1B10","5"
3.74146171553894e-29,-0.265967294619547,0.106,0.211,2.70515164956897e-24,"GRCh38-COL15A1","COL15A1","5"
3.97164923506685e-29,-0.508425481479604,0.662,0.765,2.87158182993803e-24,"GRCh38-DNMT1","DNMT1","5"
4.20988332754627e-29,-0.258710471140291,0.668,0.758,3.04382984348251e-24,"GRCh38-PMPCA","PMPCA","5"
4.21959599985264e-29,-0.289236298454858,0.9,0.946,3.05085229981346e-24,"GRCh38-HSPA9","HSPA9","5"
4.22994763953829e-29,0.66264081288821,0.434,0.336,3.05833674233897e-24,"GRCh38-ETV3","ETV3","5"
4.61165299895213e-29,-0.369858327948455,0.485,0.592,3.33431735130237e-24,"GRCh38-SAC3D1","SAC3D1","5"
5.2054992273006e-29,-0.318783514006368,0.481,0.599,3.76368005132288e-24,"GRCh38-FANCC","FANCC","5"
5.78958647872645e-29,-0.255135253953421,0.512,0.623,4.1859868158488e-24,"GRCh38-TXNRD3","TXNRD3","5"
6.33612421799834e-29,-0.256460001623703,0.9,0.945,4.58114453209716e-24,"GRCh38-PRPF6","PRPF6","5"
6.48808242137046e-29,-0.276064451523237,0.817,0.884,4.69101335229927e-24,"GRCh38-ECI1","ECI1","5"
7.01034821237375e-29,0.325108502297551,0.236,0.144,5.06862196451047e-24,"GRCh38-TNS4","TNS4","5"
7.95464046903121e-29,0.458535477363496,0.166,0.089,5.75136415191894e-24,"GRCh38-ARHGAP15","ARHGAP15","5"
9.79629010943273e-29,-0.281599820997059,0.336,0.464,7.08291367492206e-24,"GRCh38-XYLB","XYLB","5"
1.01972963444713e-28,-0.279858658979376,0.858,0.915,7.37284920297964e-24,"GRCh38-CAPN2","CAPN2","5"
1.05103154487869e-28,-0.355180643943831,0.873,0.922,7.59916827578189e-24,"GRCh38-FBL","FBL","5"
1.0786260645693e-28,-0.252369670656643,0.667,0.776,7.79868217204898e-24,"GRCh38-DGKD","DGKD","5"
1.16557506762019e-28,-0.256256617801826,0.562,0.682,8.42734085390751e-24,"GRCh38-KLF7","KLF7","5"
1.18091775903542e-28,-0.300279464100079,0.471,0.584,8.53827158137786e-24,"GRCh38-COL18A1","COL18A1","5"
1.18755177652714e-28,-0.342105319656141,0.509,0.61,8.58623685464651e-24,"GRCh38-FHL1","FHL1","5"
1.2218767604709e-28,-0.301763551717445,0.517,0.634,8.83441335355672e-24,"GRCh38-MAP9","MAP9","5"
1.35479190439674e-28,-0.288439586592026,0.662,0.762,9.79541642716934e-24,"GRCh38-IMP4","IMP4","5"
1.58121312934281e-28,-0.302387567447978,0.195,0.316,1.14324871677744e-23,"GRCh38-BCL2","BCL2","5"
1.75922719612731e-28,-0.29071896646503,0.879,0.926,1.27195644734397e-23,"GRCh38-RBBP4","RBBP4","5"
1.76616294269753e-28,-0.323424505374958,0.9,0.948,1.27697113082917e-23,"GRCh38-NUDC","NUDC","5"
1.89970153292716e-28,-0.257287868315022,0.366,0.491,1.373522202337e-23,"GRCh38-CERK","CERK","5"
1.91362619695411e-28,-0.299566378298397,0.683,0.777,1.38359001292176e-23,"GRCh38-MCUR1","MCUR1","5"
2.13477954844085e-28,0.464905366248371,0.385,0.289,1.5434883091137e-23,"GRCh38-B3GNT2","B3GNT2","5"
2.22755756724685e-28,-0.251943903071457,0.853,0.914,1.61056867227082e-23,"GRCh38-MRPS5","MRPS5","5"
2.23351212329652e-28,-0.289378441536553,0.867,0.919,1.61487393538585e-23,"GRCh38-CMSS1","CMSS1","5"
2.47426734500851e-28,-0.282829459218948,0.756,0.833,1.78894477578805e-23,"GRCh38-CRIM1","CRIM1","5"
2.57796482499171e-28,-0.378904586026753,0.663,0.77,1.8639201277655e-23,"GRCh38-GADD45A","GADD45A","5"
2.60501847802074e-28,-0.416191281018028,0.513,0.609,1.88348045997856e-23,"GRCh38-RHOBTB1","RHOBTB1","5"
3.03985705290434e-28,-0.266865311254413,0.642,0.741,2.1978774463909e-23,"GRCh38-CPSF2","CPSF2","5"
3.08584664156033e-28,-0.266751699687544,0.765,0.853,2.23112883878095e-23,"GRCh38-MRPL19","MRPL19","5"
3.1644314365166e-28,-0.304383772309089,0.451,0.57,2.28794721723023e-23,"GRCh38-EPS8","EPS8","5"
3.213714638742e-28,-0.284088361727714,0.728,0.821,2.32357995810324e-23,"GRCh38-GRPEL1","GRPEL1","5"
3.31815630905579e-28,-0.257995546195611,0.714,0.799,2.39909337457352e-23,"GRCh38-PACSIN2","PACSIN2","5"
3.67886194426948e-28,-0.458759454700389,0.039,0.123,2.65989076294572e-23,"GRCh38-ENSG00000287352","ENSG00000287352","5"
4.16615856235764e-28,-0.407999952967123,0.489,0.595,3.01221596375582e-23,"GRCh38-POLR1G","POLR1G","5"
4.39200742638059e-28,-0.271286784054729,0.721,0.812,3.1755092094217e-23,"GRCh38-UTP18","UTP18","5"
4.58537443134193e-28,-0.514114555613258,0.676,0.752,3.31531742134884e-23,"GRCh38-HMGA1","HMGA1","5"
4.70057039051035e-28,-0.341923961051328,0.767,0.835,3.39860640374679e-23,"GRCh38-COL1A1","COL1A1","5"
4.98422205133777e-28,0.449865212561837,0.814,0.791,3.60369222755824e-23,"GRCh38-ITPRIPL2","ITPRIPL2","5"
5.27821934482896e-28,-0.326694012334663,0.819,0.876,3.81625815069823e-23,"GRCh38-PHIP","PHIP","5"
5.57300951010701e-28,-0.319802837960825,0.645,0.742,4.02939733599757e-23,"GRCh38-PTGR1","PTGR1","5"
5.60272601791211e-28,-0.267087733783078,0.39,0.513,4.05088296547082e-23,"GRCh38-SEMA6B","SEMA6B","5"
5.69226419939877e-28,-0.29096535225115,0.491,0.599,4.1156208614493e-23,"GRCh38-KCTD1","KCTD1","5"
6.06338555995945e-28,-0.670796957750717,0.285,0.399,4.38394902756188e-23,"GRCh38-COL21A1","COL21A1","5"
6.30282182951461e-28,-0.262069423020453,0.874,0.922,4.55706623917565e-23,"GRCh38-VMP1","VMP1","5"
6.63333151070244e-28,-0.259517987363238,0.764,0.848,4.79603134886808e-23,"GRCh38-GTF2A2","GTF2A2","5"
6.71033768099097e-28,-0.25343185016074,0.905,0.954,4.85170835011009e-23,"GRCh38-PSMB5","PSMB5","5"
6.81241235540469e-28,-0.290300526744211,0.634,0.732,4.9255103812047e-23,"GRCh38-PTPMT1","PTPMT1","5"
7.58838813660944e-28,-0.295212528879636,0.882,0.925,5.48655639053136e-23,"GRCh38-GMDS","GMDS","5"
7.64547275213771e-28,0.359601745523551,0.717,0.586,5.52782970925061e-23,"GRCh38-KRT75","KRT75","5"
7.68499756087409e-28,-0.275471490587572,0.674,0.763,5.55640693646319e-23,"GRCh38-SMIM10L1","SMIM10L1","5"
8.61204829306593e-28,-0.443317384731427,0.174,0.287,6.22668315685253e-23,"GRCh38-PPM1E","PPM1E","5"
9.12911886444695e-28,0.25948026969467,0.23,0.138,6.60053552137243e-23,"GRCh38-TINAGL1","TINAGL1","5"
1.05227176078336e-27,-0.276679484554554,0.883,0.931,7.60813528481586e-23,"GRCh38-SARS1","SARS1","5"
1.07513199723595e-27,-0.34053156257764,0.737,0.828,7.77341936641536e-23,"GRCh38-MRTO4","MRTO4","5"
1.18312772666872e-27,0.550455816368043,0.812,0.795,8.55425008936016e-23,"GRCh38-ADAMTS6","ADAMTS6","5"
1.23404114218551e-27,-0.285880650692976,0.753,0.842,8.92236426622964e-23,"GRCh38-UBE2N","UBE2N","5"
1.33231252523129e-27,-0.297423982349102,0.872,0.93,9.6328860199273e-23,"GRCh38-PPFIBP1","PPFIBP1","5"
1.34308246512661e-27,-0.283941249543,0.682,0.793,9.71075483935844e-23,"GRCh38-MYO10","MYO10","5"
1.43681590188898e-27,-0.270262139781812,0.857,0.901,1.03884663338377e-22,"GRCh38-ANTXR1","ANTXR1","5"
1.46617962131021e-27,-0.265884789940353,0.699,0.794,1.06007718979971e-22,"GRCh38-WDR12","WDR12","5"
1.50536663859429e-27,-0.274507206365142,0.796,0.878,1.08841018703645e-22,"GRCh38-FUBP1","FUBP1","5"
1.60406078216122e-27,0.527717901815816,0.675,0.588,1.1597680267182e-22,"GRCh38-CD74","CD74","5"
1.69872686421226e-27,-0.560279503275124,0.098,0.197,1.22821349736275e-22,"GRCh38-HPGD","HPGD","5"
2.07605494146896e-27,-0.413127289304178,0.844,0.877,1.50102924378089e-22,"GRCh38-ENSG00000249413","ENSG00000249413","5"
2.09465561073893e-27,-0.251081894404812,0.454,0.566,1.51447789967646e-22,"GRCh38-UQCC6","UQCC6","5"
2.16591095716546e-27,-0.288673604260176,0.508,0.614,1.56599694024977e-22,"GRCh38-SEPHS1","SEPHS1","5"
2.32191943262665e-27,-0.250286408526532,0.656,0.758,1.67879418817772e-22,"GRCh38-PLA2G12A","PLA2G12A","5"
2.81874355700361e-27,-0.269097931284759,0.813,0.871,2.03800796658475e-22,"GRCh38-AFG3L2","AFG3L2","5"
2.90156798554722e-27,-0.347668203705349,0.483,0.606,2.09789168491035e-22,"GRCh38-SLC6A6","SLC6A6","5"
2.99380016855874e-27,0.374568643285385,0.988,0.993,2.16457739787134e-22,"GRCh38-MT2A","MT2A","5"
3.01340088246682e-27,0.291065451300071,0.327,0.23,2.17874910604116e-22,"GRCh38-TNFAIP8L3","TNFAIP8L3","5"
3.0257507916943e-27,-0.296326238602398,0.786,0.873,2.18767833741081e-22,"GRCh38-DHX9","DHX9","5"
3.34668248878147e-27,-0.499733734980192,0.405,0.514,2.41971837303878e-22,"GRCh38-MCM7","MCM7","5"
3.48818685291917e-27,-0.250685715196833,0.615,0.709,2.52202885839762e-22,"GRCh38-PYCR2","PYCR2","5"
3.50781227131092e-27,-0.269833370828389,0.853,0.896,2.53621842840322e-22,"GRCh38-GAS6","GAS6","5"
3.88058453564673e-27,-0.266069957082963,0.777,0.861,2.8057402309633e-22,"GRCh38-BCL7C","BCL7C","5"
3.93049274205639e-27,-0.250213837446074,0.927,0.961,2.84182486236161e-22,"GRCh38-TCEA1","TCEA1","5"
3.98774960903795e-27,0.325797990480466,0.453,0.345,2.88322272232662e-22,"GRCh38-HELZ2","HELZ2","5"
4.15284038500249e-27,-0.306808030778589,0.249,0.363,3.0025866551645e-22,"GRCh38-MIR3681HG","MIR3681HG","5"
4.22269380837418e-27,-0.268744042903061,0.711,0.816,3.0530920773307e-22,"GRCh38-MRPS23","MRPS23","5"
4.50455584774124e-27,-0.611109926327928,0.313,0.422,3.25688396903387e-22,"GRCh38-ENSG00000289450","ENSG00000289450","5"
4.53435609262399e-27,0.433843054456386,0.891,0.877,3.278430142089e-22,"GRCh38-ACSL3","ACSL3","5"
4.5343732812396e-27,-0.270813865731338,0.829,0.896,3.27844256980186e-22,"GRCh38-NELFE","NELFE","5"
4.53924639283116e-27,-0.281186625713907,0.81,0.877,3.28196592694478e-22,"GRCh38-DCXR","DCXR","5"
4.5648193882765e-27,-0.562783509981982,0.463,0.569,3.30045571411167e-22,"GRCh38-MCM3","MCM3","5"
4.67779679194538e-27,-0.274092877614054,0.928,0.963,3.38214063651235e-22,"GRCh38-SRRM1","SRRM1","5"
4.70821395531573e-27,-0.26396851021552,0.905,0.933,3.40413285397238e-22,"GRCh38-STXBP5","STXBP5","5"
4.76762485957877e-27,0.518354919551953,0.77,0.705,3.44708812597264e-22,"GRCh38-SRGN","SRGN","5"
5.16502674097313e-27,-0.292000024987685,0.897,0.944,3.73441763425839e-22,"GRCh38-LARS1","LARS1","5"
5.41645623606226e-27,-0.385728002092755,0.595,0.687,3.91620618779773e-22,"GRCh38-HAT1","HAT1","5"
5.46078114783502e-27,0.383962012420642,0.527,0.431,3.94825398550768e-22,"GRCh38-LMO7","LMO7","5"
5.63134922861593e-27,-0.274289566790538,0.862,0.92,4.07157811927389e-22,"GRCh38-SRP9","SRP9","5"
6.21115692291026e-27,-0.277411653569615,0.916,0.965,4.49079067840257e-22,"GRCh38-XRCC6","XRCC6","5"
6.49059132028058e-27,-0.302286635412614,0.585,0.688,4.69282733638926e-22,"GRCh38-PRAG1","PRAG1","5"
6.62411478615136e-27,-0.254858034841574,0.448,0.575,4.78936747268315e-22,"GRCh38-RCAN3","RCAN3","5"
7.08066446452366e-27,-0.38946443891424,0.031,0.11,5.1194620211399e-22,"GRCh38-SOST","SOST","5"
7.5115797216529e-27,-0.299743623336644,0.481,0.588,5.43102237034948e-22,"GRCh38-S100A3","S100A3","5"
8.11432403357522e-27,-0.299427845805438,0.773,0.85,5.86681856275556e-22,"GRCh38-PRKAR2A","PRKAR2A","5"
8.14612275024545e-27,-0.259718511693603,0.951,0.98,5.88980967088246e-22,"GRCh38-HNRNPU","HNRNPU","5"
8.38203756554588e-27,0.440131340922351,0.195,0.114,6.06038080064098e-22,"GRCh38-SCN2A","SCN2A","5"
8.49022153157775e-27,-0.259845657760734,0.584,0.695,6.13859997176134e-22,"GRCh38-NDUFAF4","NDUFAF4","5"
8.64063191078e-27,-0.279114133475836,0.645,0.749,6.24734968413216e-22,"GRCh38-DESI2","DESI2","5"
8.64133836080282e-27,-0.38502942230083,0.628,0.701,6.24786046162765e-22,"GRCh38-KITLG","KITLG","5"
9.49201048886714e-27,-0.482547964008394,0.578,0.665,6.86291342366072e-22,"GRCh38-TNFRSF19","TNFRSF19","5"
9.52170767016271e-27,-0.262387680243499,0.742,0.831,6.88438507968104e-22,"GRCh38-TAF1B","TAF1B","5"
9.92642248958096e-27,-0.329673596613171,0.892,0.945,7.17700198841683e-22,"GRCh38-SNRPG","SNRPG","5"
1.08196121268478e-26,-0.29746508818172,0.737,0.833,7.82279595995352e-22,"GRCh38-TENM3","TENM3","5"
1.0898388505573e-26,-0.294978595547657,0.766,0.854,7.87975285729937e-22,"GRCh38-GMPS","GMPS","5"
1.11252431218396e-26,-0.270648423388623,0.576,0.685,8.0437732819525e-22,"GRCh38-SLC12A8","SLC12A8","5"
1.25603047705609e-26,0.427850576655186,0.929,0.94,9.08135155521097e-22,"GRCh38-SP100","SP100","5"
1.30915072846181e-26,0.709274084900609,0.794,0.753,9.4654215969246e-22,"GRCh38-BASP1","BASP1","5"
1.30920309502588e-26,-0.281950094323904,0.364,0.478,9.46580021765608e-22,"GRCh38-ADGRF5","ADGRF5","5"
1.55848658932859e-26,0.453447273046794,0.928,0.947,1.12681697381635e-21,"GRCh38-ITM2B","ITM2B","5"
1.62907717942085e-26,-0.277487326077293,0.648,0.747,1.17785538226486e-21,"GRCh38-RRP1B","RRP1B","5"
1.66804910986193e-26,-0.28462569235114,0.548,0.665,1.20603286741237e-21,"GRCh38-POP7","POP7","5"
1.8485346360497e-26,-0.260378319164766,0.73,0.817,1.33652751255665e-21,"GRCh38-MRPS10","MRPS10","5"
1.85412267499034e-26,0.265844556813573,0.162,0.09,1.34056777647152e-21,"GRCh38-SNCAIP","SNCAIP","5"
2.21249366163707e-26,-0.570809588252256,0.921,0.96,1.59967716723683e-21,"GRCh38-TUBA1C","TUBA1C","5"
2.23582041016987e-26,-0.387273724970128,0.082,0.176,1.61654287296102e-21,"GRCh38-ENSG00000286494","ENSG00000286494","5"
2.23703149320719e-26,-0.425830773938698,0.039,0.12,1.61741851021867e-21,"GRCh38-LINC02511","LINC02511","5"
2.25415084969856e-26,-0.250523099532818,0.948,0.972,1.62979614734905e-21,"GRCh38-MTDH","MTDH","5"
2.30984841625954e-26,-0.288560464932248,0.57,0.677,1.67006660192397e-21,"GRCh38-SNHG9","SNHG9","5"
2.43026783690506e-26,-0.319012776253128,0.539,0.638,1.7571322514391e-21,"GRCh38-PXMP2","PXMP2","5"
2.56825512750284e-26,0.442255539745338,0.712,0.649,1.8568998222871e-21,"GRCh38-TAP1","TAP1","5"
2.68419902381819e-26,-0.357269785198945,0.585,0.68,1.94072957820103e-21,"GRCh38-MAGI3","MAGI3","5"
3.09125465018843e-26,-0.434651478754853,0.767,0.845,2.23503893717924e-21,"GRCh38-CKAP5","CKAP5","5"
3.177032421551e-26,0.35237010397357,0.36,0.255,2.2970579814298e-21,"GRCh38-HLA-DRA","HLA-DRA","5"
3.34669312037502e-26,-0.281454360608601,0.508,0.632,2.41972605989354e-21,"GRCh38-CEP83","CEP83","5"
3.35817693363089e-26,-0.256878480003686,0.824,0.882,2.4280290865538e-21,"GRCh38-UTP14A","UTP14A","5"
3.44117455055844e-26,-0.267993282960289,0.623,0.724,2.48803802354476e-21,"GRCh38-MTMR2","MTMR2","5"
3.58334033337091e-26,-0.261801027674359,0.696,0.789,2.59082672783383e-21,"GRCh38-TMX2","TMX2","5"
3.60244641746442e-26,-0.261029418839963,0.912,0.948,2.60464080875513e-21,"GRCh38-BCLAF1","BCLAF1","5"
3.62409619189702e-26,-0.360154247457117,0.369,0.482,2.62029402866538e-21,"GRCh38-CEP78","CEP78","5"
4.16621038801818e-26,-0.278287104142747,0.83,0.886,3.0122534347449e-21,"GRCh38-MRPL4","MRPL4","5"
4.21584059820699e-26,-0.315490685595253,0.658,0.746,3.04813706931562e-21,"GRCh38-NCAM2","NCAM2","5"
4.87144122855299e-26,-0.254955523851055,0.906,0.956,3.52214943706838e-21,"GRCh38-TMEM14B","TMEM14B","5"
5.18469489382167e-26,0.351960200819165,0.26,0.171,3.74863810213094e-21,"GRCh38-SH3RF3","SH3RF3","5"
5.92245433762414e-26,0.340229583822744,0.231,0.145,4.282052935189e-21,"GRCh38-PATL2","PATL2","5"
6.15481452191373e-26,-0.298010314137853,0.799,0.862,4.45005399563407e-21,"GRCh38-CBLB","CBLB","5"
6.23388187918106e-26,-0.322856037367143,0.839,0.879,4.50722127628549e-21,"GRCh38-SYNJ2","SYNJ2","5"
6.29906941248614e-26,-0.267283730140332,0.482,0.595,4.55435316661573e-21,"GRCh38-SREBF1","SREBF1","5"
6.39880972663664e-26,-0.34860383033646,0.646,0.731,4.62646740855283e-21,"GRCh38-SIGMAR1","SIGMAR1","5"
7.3653865744401e-26,0.565258237067981,0.44,0.342,5.32532180105168e-21,"GRCh38-ZC3H12A","ZC3H12A","5"
7.63909065917167e-26,-0.297374291381124,0.278,0.395,5.5232153283943e-21,"GRCh38-DENND2A","DENND2A","5"
7.72257928720797e-26,-0.263553674242382,0.873,0.933,5.58357927623711e-21,"GRCh38-EIF4G1","EIF4G1","5"
7.73235618330268e-26,-0.280638300599264,0.859,0.908,5.59064816765151e-21,"GRCh38-RIF1","RIF1","5"
8.87139588967434e-26,-0.287491563228593,0.681,0.78,6.41419665615234e-21,"GRCh38-GOT2","GOT2","5"
1.03775027060412e-25,-0.29007871199946,0.922,0.959,7.50314200652193e-21,"GRCh38-EIF1AX","EIF1AX","5"
1.07899182254188e-25,-0.269122773754029,0.664,0.759,7.80132667534232e-21,"GRCh38-USP22","USP22","5"
1.08716730715276e-25,-0.388219810806032,0.801,0.872,7.86043706417588e-21,"GRCh38-EZR","EZR","5"
1.21386141473204e-25,-0.369561145494268,0.715,0.803,8.77646080079561e-21,"GRCh38-SLBP","SLBP","5"
1.2869410814415e-25,-0.272456569464876,0.741,0.827,9.30484140703832e-21,"GRCh38-NAA15","NAA15","5"
1.33158617589448e-25,0.309792967553103,0.214,0.131,9.62763436895226e-21,"GRCh38-PLCL1","PLCL1","5"
1.37305273470694e-25,-0.254620150332057,0.824,0.873,9.92744588247815e-21,"GRCh38-EPHX1","EPHX1","5"
1.43919225418889e-25,-0.253849696114689,0.32,0.44,1.04056478362365e-20,"GRCh38-ABLIM3","ABLIM3","5"
1.45686858330351e-25,0.40384712779585,0.949,0.963,1.05334512310011e-20,"GRCh38-LY6E","LY6E","5"
1.49924121475393e-25,-0.317399056667828,0.425,0.524,1.08398138309139e-20,"GRCh38-PCK2","PCK2","5"
1.56029841045214e-25,-0.343452408245906,0.698,0.767,1.12812695672511e-20,"GRCh38-AHRR","AHRR","5"
1.60400231348615e-25,-0.258091969158956,0.659,0.754,1.15972575269675e-20,"GRCh38-SLC25A11","SLC25A11","5"
1.61269697195075e-25,-0.332306889554503,0.786,0.847,1.16601216465983e-20,"GRCh38-RESF1","RESF1","5"
1.62482579506905e-25,-0.281443867237419,0.959,0.971,1.17478154635082e-20,"GRCh38-KRT18","KRT18","5"
1.74866764173901e-25,-0.264114931701286,0.796,0.865,1.26432167833014e-20,"GRCh38-TMA16","TMA16","5"
1.87273597067358e-25,-0.290862296583295,0.718,0.797,1.35402556151641e-20,"GRCh38-CTCF","CTCF","5"
1.87584397137867e-25,-0.264629703862143,0.397,0.518,1.3562727081862e-20,"GRCh38-ZFYVE28","ZFYVE28","5"
2.07779658529262e-25,-0.291049162930768,0.738,0.806,1.50228848709827e-20,"GRCh38-NXN","NXN","5"
2.19248590164107e-25,-0.272809304206377,0.567,0.674,1.58521115660453e-20,"GRCh38-FH","FH","5"
2.37132912331549e-25,-0.293327343142383,0.601,0.699,1.71451838273957e-20,"GRCh38-SRRT","SRRT","5"
2.43406599110967e-25,-0.31640652354736,0.677,0.755,1.75987839289212e-20,"GRCh38-SLC27A4","SLC27A4","5"
2.49142199220182e-25,-0.323271371285298,0.795,0.869,1.80134792880176e-20,"GRCh38-LSM5","LSM5","5"
2.56982012394149e-25,-0.262817533856469,0.845,0.901,1.85803134601217e-20,"GRCh38-MRPS26","MRPS26","5"
3.32851461001585e-25,-0.544293486532296,0.07,0.158,2.40658263333366e-20,"GRCh38-BUB1B","BUB1B","5"
3.39892282613263e-25,-0.402169811782502,0.721,0.802,2.45748918175041e-20,"GRCh38-OXCT1","OXCT1","5"
3.40723501873181e-25,0.361089406573774,0.713,0.636,2.46349906324348e-20,"GRCh38-EPAS1","EPAS1","5"
3.45618455351569e-25,-0.270011335665246,0.581,0.705,2.49889055588291e-20,"GRCh38-MICAL2","MICAL2","5"
3.75454822045768e-25,-0.375494375407037,0.792,0.861,2.71461345435531e-20,"GRCh38-LSM3","LSM3","5"
3.96645522977032e-25,-0.25345109337867,0.32,0.44,2.86782646022854e-20,"GRCh38-FAM107B","FAM107B","5"
4.09135118098252e-25,-0.350877704943986,0.679,0.757,2.95812873087398e-20,"GRCh38-PINCR","PINCR","5"
4.30286164786649e-25,-0.286499926412212,0.519,0.632,3.11105502864043e-20,"GRCh38-SOGA1","SOGA1","5"
4.75044073786707e-25,0.264113100926861,0.275,0.183,3.43466366229265e-20,"GRCh38-GMPR","GMPR","5"
5.3385110203063e-25,0.411391666949811,0.776,0.743,3.85985023790186e-20,"GRCh38-IFI35","IFI35","5"
5.81198708140034e-25,-0.256645241960314,0.14,0.244,4.20218289959407e-20,"GRCh38-WFDC10B","WFDC10B","5"
5.93354197783058e-25,0.303845628355861,0.889,0.918,4.29006952081107e-20,"GRCh38-CSAG1","CSAG1","5"
6.21554426214214e-25,-0.264085346613996,0.75,0.839,4.49396281241401e-20,"GRCh38-GAR1","GAR1","5"
6.41368194715866e-25,-0.438949095062595,0.269,0.393,4.63722032143466e-20,"GRCh38-TMEM158","TMEM158","5"
6.47108982453008e-25,0.335693648455226,0.444,0.338,4.67872736493174e-20,"GRCh38-RNF19B","RNF19B","5"
7.15226999926396e-25,-0.290780256670328,0.892,0.936,5.17123425486783e-20,"GRCh38-PCM1","PCM1","5"
7.17331716919631e-25,-0.352155778993147,0.67,0.757,5.18645177967231e-20,"GRCh38-CMC2","CMC2","5"
7.18236458777891e-25,-0.27253324372783,0.489,0.604,5.19299324425591e-20,"GRCh38-LIX1-AS1","LIX1-AS1","5"
7.19657937623395e-25,-0.269189905683792,0.157,0.259,5.20327082060467e-20,"GRCh38-PLCE1","PLCE1","5"
7.51579924767871e-25,-0.275588449722961,0.806,0.883,5.43407317205666e-20,"GRCh38-MRPL37","MRPL37","5"
7.63042272913052e-25,-0.398245454973843,0.813,0.88,5.51694824161595e-20,"GRCh38-SMC1A","SMC1A","5"
7.65213831514486e-25,-0.253663556388234,0.916,0.953,5.53264904461604e-20,"GRCh38-BDP1","BDP1","5"
8.11547044820042e-25,-0.252959252002467,0.851,0.914,5.86764744345787e-20,"GRCh38-TCERG1","TCERG1","5"
8.1662045377079e-25,-0.417137236633981,0.284,0.394,5.90432920485357e-20,"GRCh38-RFC4","RFC4","5"
9.80737034469522e-25,-0.410170446831651,0.17,0.275,7.09092490662154e-20,"GRCh38-COL14A1","COL14A1","5"
1.08897776005721e-24,-0.337595612093557,0.816,0.875,7.87352700076561e-20,"GRCh38-TFDP1","TFDP1","5"
1.1134689561813e-24,-0.267625815847042,0.438,0.542,8.05060324698205e-20,"GRCh38-HAGHL","HAGHL","5"
1.14393218356069e-24,0.577134844593968,0.845,0.853,8.27085847358052e-20,"GRCh38-HTATIP2","HTATIP2","5"
1.14510787760467e-24,-0.272438299618006,0.439,0.553,8.27935897665725e-20,"GRCh38-PPM1L","PPM1L","5"
1.17138828079964e-24,0.322639683293982,0.542,0.448,8.46937154783755e-20,"GRCh38-ATP10D","ATP10D","5"
1.27419206438306e-24,-0.25408746984131,0.902,0.947,9.21266346390243e-20,"GRCh38-MICOS10","MICOS10","5"
1.36179126987481e-24,-0.256081090967566,0.758,0.832,9.84602323944888e-20,"GRCh38-VPS4A","VPS4A","5"
1.57249204394614e-24,-0.284974009291524,0.871,0.931,1.13694319761394e-19,"GRCh38-SOX4","SOX4","5"
1.66871487587698e-24,-0.305674002527249,0.524,0.62,1.20651422955657e-19,"GRCh38-DBP","DBP","5"
1.70026129105601e-24,-0.276936791714796,0.916,0.957,1.22932291865931e-19,"GRCh38-SNRPD3","SNRPD3","5"
1.8060657988595e-24,0.30189689611679,0.606,0.52,1.30582169389139e-19,"GRCh38-TAPBPL","TAPBPL","5"
1.81562044811717e-24,-0.306523080164606,0.716,0.816,1.31272989639767e-19,"GRCh38-ANKH","ANKH","5"
2.02328614326713e-24,-0.257290093816946,0.799,0.871,1.462876347305e-19,"GRCh38-FAF2","FAF2","5"
2.06180894308863e-24,-0.251238691482468,0.849,0.897,1.49072910203194e-19,"GRCh38-TSPAN4","TSPAN4","5"
2.09261279653994e-24,-0.452419920015236,0.718,0.794,1.51300090415431e-19,"GRCh38-NSD2","NSD2","5"
2.13613300086451e-24,-0.250722122561525,0.57,0.677,1.54446688228506e-19,"GRCh38-GLMN","GLMN","5"
2.34449222678687e-24,-0.254560913224217,0.737,0.813,1.69511476981144e-19,"GRCh38-AGPS","AGPS","5"
2.37229011686726e-24,-0.26635596717238,0.681,0.786,1.71521320029737e-19,"GRCh38-RBM28","RBM28","5"
2.45660959747589e-24,0.50241090625187,0.67,0.611,1.77617787116702e-19,"GRCh38-DISP1","DISP1","5"
2.48373077440909e-24,-0.375477887211177,0.359,0.47,1.79578702451326e-19,"GRCh38-CDCA4","CDCA4","5"
2.5006834677155e-24,-0.295252668810043,0.652,0.751,1.80804416082766e-19,"GRCh38-DAZAP1","DAZAP1","5"
2.92291022393749e-24,-0.432277432331419,0.267,0.374,2.11332255011129e-19,"GRCh38-PRIM1","PRIM1","5"
2.93543217892536e-24,-0.314448454293671,0.884,0.926,2.12237617400661e-19,"GRCh38-SLC38A1","SLC38A1","5"
2.96135021493332e-24,-0.250490689736079,0.884,0.932,2.14111543240109e-19,"GRCh38-NDUFS8","NDUFS8","5"
3.19625003466533e-24,-0.303104138194686,0.903,0.943,2.31095270006372e-19,"GRCh38-TGFBR2","TGFBR2","5"
3.25417293871433e-24,-0.271450330926079,0.777,0.85,2.35283211814924e-19,"GRCh38-MSANTD3","MSANTD3","5"
3.36533668950671e-24,-0.270865718184639,0.505,0.617,2.43320573324714e-19,"GRCh38-TTL","TTL","5"
3.77137709890924e-24,0.520481598792127,0.906,0.912,2.72678107005336e-19,"GRCh38-WTAP","WTAP","5"
3.91927980308619e-24,-0.251588505908901,0.519,0.62,2.83371768322738e-19,"GRCh38-CASP6","CASP6","5"
4.06736034088344e-24,0.327218811183744,0.704,0.65,2.94078287366554e-19,"GRCh38-C21orf91","C21orf91","5"
4.60199995201256e-24,-0.258835768810896,0.075,0.164,3.32733800530412e-19,"GRCh38-CARMN","CARMN","5"
4.73427756332784e-24,-0.256485522876649,0.582,0.682,3.42297736383729e-19,"GRCh38-PLEKHJ1","PLEKHJ1","5"
4.74923797128032e-24,-0.31713277507175,0.419,0.527,3.4337940379951e-19,"GRCh38-ELFN1-AS1","ELFN1-AS1","5"
5.50144454529712e-24,-0.253526866931255,0.762,0.844,3.97765443514072e-19,"GRCh38-EMC6","EMC6","5"
5.61367228192772e-24,0.523265433083971,0.659,0.572,4.05879733327938e-19,"GRCh38-CHST11","CHST11","5"
6.16734870022486e-24,-0.291277849618651,0.746,0.823,4.45911645723658e-19,"GRCh38-PAFAH1B3","PAFAH1B3","5"
7.83069779658081e-24,-0.270990074966291,0.599,0.68,5.66175112088386e-19,"GRCh38-IL20RB","IL20RB","5"
8.6299191849385e-24,-0.270936303893471,0.574,0.682,6.23960416909423e-19,"GRCh38-PLXNA1","PLXNA1","5"
9.31710174161612e-24,-0.266770751480151,0.755,0.83,6.73645090122329e-19,"GRCh38-ARID2","ARID2","5"
9.55293181046069e-24,-0.252397469021282,0.84,0.893,6.90696075759929e-19,"GRCh38-NAA20","NAA20","5"
1.05323956649091e-23,-0.272183341852226,0.784,0.853,7.61513271364256e-19,"GRCh38-SHMT2","SHMT2","5"
1.07934786500909e-23,-0.379904620008933,0.9,0.951,7.80390093358872e-19,"GRCh38-DUT","DUT","5"
1.08127053782061e-23,0.269484397028122,0.141,0.077,7.81780224255058e-19,"GRCh38-IPCEF1","IPCEF1","5"
1.17620511983038e-23,-0.305632202879004,0.409,0.519,8.50419825739763e-19,"GRCh38-LINC01179","LINC01179","5"
1.23055397514591e-23,-0.250081321089363,0.606,0.706,8.89715135109997e-19,"GRCh38-THAP12","THAP12","5"
1.2329116291363e-23,-0.41504719283063,0.919,0.934,8.9141976609813e-19,"GRCh38-COL4A5","COL4A5","5"
1.28231590404345e-23,-0.264582675950486,0.484,0.6,9.27140044941496e-19,"GRCh38-JPT2","JPT2","5"
1.2973452687568e-23,-0.292159848993137,0.907,0.946,9.38006576216543e-19,"GRCh38-ERH","ERH","5"
1.33059344176722e-23,-0.819414036019823,0.173,0.269,9.62045670266535e-19,"GRCh38-NTNG1","NTNG1","5"
1.4107547888301e-23,0.309529696597455,0.565,0.479,1.02000392741994e-18,"GRCh38-ODF3B","ODF3B","5"
1.4301141425379e-23,-0.279112396137536,0.956,0.977,1.03400112733775e-18,"GRCh38-POLR2L","POLR2L","5"
1.48941879664217e-23,-0.255927330011145,0.67,0.765,1.07687957834822e-18,"GRCh38-ITPR2","ITPR2","5"
1.51166221313354e-23,-0.25388394816467,0.891,0.942,1.09296201333981e-18,"GRCh38-AIMP1","AIMP1","5"
1.55794534262603e-23,0.582565202622648,0.495,0.402,1.12642564162547e-18,"GRCh38-MXD1","MXD1","5"
1.55828534433919e-23,0.362876875988775,0.647,0.576,1.12667146966412e-18,"GRCh38-MAN2A1","MAN2A1","5"
1.86426943937817e-23,-0.41626343722627,0.454,0.554,1.34790409005921e-18,"GRCh38-DYNC2I2","DYNC2I2","5"
1.87879119044527e-23,-0.252670873797687,0.686,0.769,1.35840360651574e-18,"GRCh38-CLOCK","CLOCK","5"
1.95437553825853e-23,-0.347147050493359,0.381,0.492,1.41305260167169e-18,"GRCh38-CEP135","CEP135","5"
2.44523844858196e-23,-0.290954887891117,0.724,0.803,1.76795630309373e-18,"GRCh38-FAM136A","FAM136A","5"
2.56761525577553e-23,-0.258341104261183,0.403,0.515,1.85643718223082e-18,"GRCh38-RPL23AP7","RPL23AP7","5"
2.62588931009514e-23,-0.270434692554359,0.592,0.684,1.89857048898499e-18,"GRCh38-ANKRD36C","ANKRD36C","5"
3.16078253993422e-23,0.269371899590455,0.427,0.33,2.28530899202324e-18,"GRCh38-TMEM38B","TMEM38B","5"
3.1730762295585e-23,-0.263249893570815,0.703,0.798,2.29419757549539e-18,"GRCh38-MRPL48","MRPL48","5"
3.29466580604019e-23,-0.267012119419295,0.261,0.368,2.38210927108317e-18,"GRCh38-CFAP210","CFAP210","5"
3.50447757985239e-23,-0.26175385940642,0.636,0.736,2.53380737978487e-18,"GRCh38-PPP5C","PPP5C","5"
3.53208961055102e-23,-0.254194431953089,0.756,0.838,2.5537714302206e-18,"GRCh38-DYNC1LI1","DYNC1LI1","5"
3.5662894500205e-23,-0.297322462385617,0.714,0.788,2.57849859815382e-18,"GRCh38-ALDH7A1","ALDH7A1","5"
3.74915495079954e-23,-0.285673564342767,0.436,0.539,2.71071401252709e-18,"GRCh38-KLHL23","KLHL23","5"
4.08677467863687e-23,-0.301777239820985,0.385,0.495,2.95481982814803e-18,"GRCh38-SPRY1","SPRY1","5"
5.30000215687808e-23,-0.257808474485935,0.767,0.84,3.83200755946599e-18,"GRCh38-NOP14","NOP14","5"
5.35327176847306e-23,-0.296740827280462,0.766,0.844,3.87052255404139e-18,"GRCh38-SLC39A10","SLC39A10","5"
5.8284465683044e-23,-0.303928771632499,0.881,0.932,4.21408343781544e-18,"GRCh38-CHCHD10","CHCHD10","5"
5.99762550456203e-23,-0.273676226281417,0.839,0.885,4.33640319230844e-18,"GRCh38-MMP2","MMP2","5"
6.36792353860108e-23,-0.307554572381966,0.724,0.801,4.60413607687935e-18,"GRCh38-PYDC2-AS1","PYDC2-AS1","5"
6.69114553174513e-23,-0.482671172187725,0.745,0.803,4.83783204236237e-18,"GRCh38-USP1","USP1","5"
7.27301380119614e-23,-0.265412502763422,0.287,0.4,5.25853443854084e-18,"GRCh38-USP2-AS1","USP2-AS1","5"
8.17386527109908e-23,-0.303740145575582,0.844,0.88,5.90986806831006e-18,"GRCh38-LINC01876","LINC01876","5"
8.22134441901224e-23,-0.261941754524808,0.814,0.879,5.94419644183423e-18,"GRCh38-VDAC3","VDAC3","5"
8.49816618492299e-23,-0.259485893708973,0.813,0.86,6.14434411502302e-18,"GRCh38-STEAP1B","STEAP1B","5"
8.70434038600232e-23,-0.253736078890423,0.583,0.681,6.2934121858874e-18,"GRCh38-BAG2","BAG2","5"
9.0978506168529e-23,-0.295789163947165,0.715,0.793,6.57792795299699e-18,"GRCh38-CDK5RAP2","CDK5RAP2","5"
1.09864455034821e-22,-0.412755045297127,0.88,0.941,7.9434198279276e-18,"GRCh38-RPL22L1","RPL22L1","5"
1.35833903882647e-22,-0.343349286911055,0.768,0.838,9.82106291852312e-18,"GRCh38-GUSBP1","GUSBP1","5"
1.57583930074786e-22,0.419593783512103,0.602,0.519,1.13936333122672e-17,"GRCh38-KSR1","KSR1","5"
1.61117021636912e-22,-0.330906492881731,0.098,0.186,1.1649082898392e-17,"GRCh38-ENSG00000289612","ENSG00000289612","5"
1.7182029943939e-22,0.394294298430568,0.513,0.433,1.24229512900667e-17,"GRCh38-GABARAPL1","GABARAPL1","5"
1.78132242871741e-22,-0.256492911291599,0.789,0.853,1.28793174241126e-17,"GRCh38-GLRX5","GLRX5","5"
1.805698005511e-22,-0.349072410598627,0.358,0.463,1.30555577194456e-17,"GRCh38-SLITRK6","SLITRK6","5"
1.86629864488784e-22,-0.438978117691292,0.438,0.536,1.3493712462268e-17,"GRCh38-CENPJ","CENPJ","5"
1.90880388431532e-22,0.46620870115563,0.357,0.261,1.38010338443766e-17,"GRCh38-NR4A1","NR4A1","5"
1.91620289495389e-22,0.435590781692223,0.19,0.117,1.38545301710957e-17,"GRCh38-GPR143","GPR143","5"
1.93886353173615e-22,-0.788979312096684,0.17,0.265,1.40183711071587e-17,"GRCh38-CDKN3","CDKN3","5"
2.11132451516921e-22,0.437603100814385,0.934,0.938,1.52652985095764e-17,"GRCh38-PTEN","PTEN","5"
2.13747814381992e-22,-0.250227630642889,0.7,0.778,1.54543944754468e-17,"GRCh38-TET1","TET1","5"
2.31294608430411e-22,-0.27997657274691,0.645,0.742,1.67230627787356e-17,"GRCh38-NOP16","NOP16","5"
2.36079741277154e-22,0.341688148273015,0.7,0.644,1.70690374538208e-17,"GRCh38-N4BP2L1","N4BP2L1","5"
2.43801320311441e-22,-0.252590602856509,0.733,0.793,1.76273230611578e-17,"GRCh38-ANXA6","ANXA6","5"
2.49235481970756e-22,-0.27743158966459,0.737,0.814,1.80202238174496e-17,"GRCh38-PAM16","PAM16","5"
2.58257034431936e-22,-0.305075375185801,0.475,0.571,1.86725001034978e-17,"GRCh38-FAM171B","FAM171B","5"
2.78812164519817e-22,-0.250925108431979,0.637,0.725,2.01586771191118e-17,"GRCh38-SLC20A2","SLC20A2","5"
2.83215896106426e-22,-0.256524610888551,0.736,0.804,2.04770757202868e-17,"GRCh38-ANKRD36","ANKRD36","5"
3.09398593709256e-22,-0.268953311969336,0.516,0.606,2.23701371223666e-17,"GRCh38-JADE1","JADE1","5"
3.27169019262545e-22,0.251950066118392,0.378,0.276,2.36549744307206e-17,"GRCh38-PHACTR1","PHACTR1","5"
3.44425632231929e-22,-0.263924275911786,0.393,0.499,2.49026620616329e-17,"GRCh38-GRK6","GRK6","5"
3.60913115729428e-22,-0.258425462246816,0.892,0.939,2.60947400934691e-17,"GRCh38-TAF15","TAF15","5"
3.92643109250659e-22,0.360987081244863,0.66,0.584,2.83888820850411e-17,"GRCh38-STK24","STK24","5"
4.11469606231577e-22,0.397869182693481,0.84,0.825,2.97500754697555e-17,"GRCh38-LAP3","LAP3","5"
4.31586386293256e-22,-0.312107637602855,0.804,0.876,3.1204558901775e-17,"GRCh38-SIVA1","SIVA1","5"
4.65078652191416e-22,-0.490015235054168,0.268,0.371,3.36261167107437e-17,"GRCh38-IGFBP5","IGFBP5","5"
4.75763497360645e-22,-0.304161485943015,0.823,0.88,3.43986523861694e-17,"GRCh38-SNX5","SNX5","5"
4.99007924680353e-22,-0.299378704768125,0.727,0.798,3.60792709702389e-17,"GRCh38-NOLC1","NOLC1","5"
5.11453984998031e-22,-0.353997898368615,0.713,0.79,3.69791460233277e-17,"GRCh38-EFNA5","EFNA5","5"
5.35424734631056e-22,-0.261927123837215,0.552,0.633,3.87122791632946e-17,"GRCh38-TP53I11","TP53I11","5"
5.57470565784087e-22,0.479455052009216,0.839,0.847,4.03062368473211e-17,"GRCh38-GLRX","GLRX","5"
6.3961766930655e-22,-0.292359952297831,0.631,0.709,4.62456367262022e-17,"GRCh38-ENSG00000287211","ENSG00000287211","5"
6.44207971396417e-22,-0.355382295602405,0.647,0.723,4.65775247479037e-17,"GRCh38-NUDT4","NUDT4","5"
7.49693365589721e-22,-0.258844765872727,0.787,0.857,5.4204329718868e-17,"GRCh38-PUF60","PUF60","5"
7.72107525339277e-22,-0.270252370984277,0.697,0.788,5.58249182970804e-17,"GRCh38-LRRC58","LRRC58","5"
7.83051920455888e-22,-0.253048051460842,0.934,0.976,5.66162199528016e-17,"GRCh38-TMA7","TMA7","5"
8.2436694445005e-22,-0.254699340604349,0.558,0.665,5.96033788176275e-17,"GRCh38-ARL13B","ARL13B","5"
9.66979303676415e-22,-0.598375328284044,0.19,0.284,6.99145376144121e-17,"GRCh38-LMNB1","LMNB1","5"
1.0064776688455e-21,0.679847132506324,0.202,0.126,7.27703484128673e-17,"GRCh38-THSD7B","THSD7B","5"
1.07730031032507e-21,-0.269232814297925,0.453,0.555,7.78909670371233e-17,"GRCh38-MAK16","MAK16","5"
1.11882266821623e-21,-0.296872905610569,0.795,0.859,8.08931165573702e-17,"GRCh38-ATP2B4","ATP2B4","5"
1.16228710037993e-21,0.427340997832109,0.409,0.317,8.40356819316698e-17,"GRCh38-NCEH1","NCEH1","5"
1.24854424955255e-21,0.281084555837993,0.885,0.9,9.02722463311488e-17,"GRCh38-NUB1","NUB1","5"
1.2523158201054e-21,-0.285492335862306,0.24,0.344,9.05449384252609e-17,"GRCh38-GMFG","GMFG","5"
1.33766257209554e-21,-0.541692874297544,0.23,0.332,9.6715679287652e-17,"GRCh38-LINC03002","LINC03002","5"
1.51128493923907e-21,0.466719647563803,0.783,0.73,1.09268923676863e-16,"GRCh38-KIAA1217","KIAA1217","5"
1.57338215139967e-21,-0.308236534949945,0.64,0.723,1.13758676310499e-16,"GRCh38-NUP107","NUP107","5"
1.59149417030081e-21,0.466557875946339,0.541,0.469,1.15068211501089e-16,"GRCh38-PCED1A","PCED1A","5"
1.65800437708166e-21,-0.289684372264281,0.679,0.755,1.19877032471758e-16,"GRCh38-MRPL1","MRPL1","5"
1.67403404040873e-21,-0.318025273005901,0.619,0.71,1.21036009189632e-16,"GRCh38-EXOSC9","EXOSC9","5"
1.72732633939488e-21,0.476095761972386,0.366,0.261,1.24889148990929e-16,"GRCh38-IL33","IL33","5"
1.89679207518695e-21,-0.258922224599539,0.858,0.916,1.37141860620167e-16,"GRCh38-H1-10","H1-10","5"
2.47119091353086e-21,-0.31543219359048,0.633,0.741,1.78672045430108e-16,"GRCh38-FABP5","FABP5","5"
2.47878564833216e-21,-0.262546190370225,0.548,0.664,1.79221159945712e-16,"GRCh38-COX20","COX20","5"
2.59030755533139e-21,-0.263344845916477,0.387,0.496,1.8728441686557e-16,"GRCh38-SUN2","SUN2","5"
2.74986294261915e-21,-0.284325289098603,0.673,0.756,1.9882059047725e-16,"GRCh38-SLC7A1","SLC7A1","5"
3.04198038895274e-21,-0.270011961469835,0.116,0.207,2.19941266082061e-16,"GRCh38-DKK1","DKK1","5"
3.83538112314014e-21,-0.258550689736427,0.625,0.725,2.77305725965278e-16,"GRCh38-TSR1","TSR1","5"
4.13178274346725e-21,-0.629634835362642,0.21,0.302,2.98736155918169e-16,"GRCh38-KIF23","KIF23","5"
4.6376633870996e-21,1.40726564228955,0.16,0.095,3.35312338214075e-16,"GRCh38-CSF3","CSF3","5"
4.86803276752566e-21,-0.377177508242851,0.46,0.56,3.51968505157641e-16,"GRCh38-ENSG00000287292","ENSG00000287292","5"
5.03197513350091e-21,0.428834042179627,0.9,0.903,3.63821866102383e-16,"GRCh38-PLSCR1","PLSCR1","5"
5.49640685240982e-21,0.380772387529604,0.36,0.272,3.97401208242935e-16,"GRCh38-BCL2L11","BCL2L11","5"
5.9684963218136e-21,-0.43800042171257,0.84,0.856,4.31534221059767e-16,"GRCh38-COL4A6","COL4A6","5"
6.05209897378205e-21,0.277378844992754,0.517,0.425,4.37578860002389e-16,"GRCh38-ACP2","ACP2","5"
6.10652211044379e-21,-0.507160270983704,0.285,0.382,4.41513761629307e-16,"GRCh38-KIF18A","KIF18A","5"
6.12734675754928e-21,0.301113526685085,0.888,0.898,4.43019425264328e-16,"GRCh38-XRN1","XRN1","5"
6.3298934348748e-21,-0.361803695563462,0.632,0.719,4.57663955128318e-16,"GRCh38-LYAR","LYAR","5"
6.39022052819628e-21,-0.293970398951064,0.851,0.893,4.62025724629647e-16,"GRCh38-UBE2E3","UBE2E3","5"
6.636976589879e-21,-0.422999642932617,0.847,0.901,4.79866681401431e-16,"GRCh38-RAD21","RAD21","5"
6.76621161262277e-21,-0.260841523626643,0.621,0.72,4.89210632015851e-16,"GRCh38-RRP15","RRP15","5"
7.13986709717543e-21,-0.276381244260425,0.401,0.517,5.16226670859978e-16,"GRCh38-MTFP1","MTFP1","5"
7.27582008718699e-21,-0.252270429053105,0.573,0.667,5.26056343943794e-16,"GRCh38-TFB1M","TFB1M","5"
7.32002299450254e-21,-0.34657670205875,0.519,0.613,5.29252302548523e-16,"GRCh38-TCOF1","TCOF1","5"
7.92360179332255e-21,0.331335349349221,0.645,0.569,5.72892256860807e-16,"GRCh38-WDR19","WDR19","5"
8.20804159788173e-21,-0.589485203658,0.267,0.367,5.93457823610045e-16,"GRCh38-CENPP","CENPP","5"
8.90834269446839e-21,-0.340544890624635,0.334,0.439,6.44090993495453e-16,"GRCh38-STC2","STC2","5"
9.05426193877331e-21,-0.323377315803411,0.657,0.743,6.54641246697188e-16,"GRCh38-ARSJ","ARSJ","5"
9.87043446471942e-21,1.13694862155418,0.583,0.535,7.13652152668143e-16,"GRCh38-CDKN2C","CDKN2C","5"
1.09499922797127e-20,-0.431383585579704,0.236,0.326,7.91706341807787e-16,"GRCh38-LSP1","LSP1","5"
1.25179612816714e-20,-0.529350878100955,0.785,0.852,9.05073636587406e-16,"GRCh38-UBE2S","UBE2S","5"
1.36610871427807e-20,0.632260553915463,0.57,0.509,9.87723922597334e-16,"GRCh38-NOCT","NOCT","5"
1.37717608533646e-20,-0.255135794895604,0.796,0.87,9.95725853219967e-16,"GRCh38-ARPC5L","ARPC5L","5"
1.51788677370051e-20,-0.274927992398179,0.357,0.461,1.09746249512095e-15,"GRCh38-NALCN","NALCN","5"
1.94511519201173e-20,-0.259852787405904,0.571,0.664,1.40635718612832e-15,"GRCh38-IRAK1BP1","IRAK1BP1","5"
2.18585521235772e-20,-0.379157295252266,0.246,0.341,1.58041703563888e-15,"GRCh38-BARD1","BARD1","5"
2.59770397843067e-20,-0.252717040903019,0.123,0.211,1.87819193048494e-15,"GRCh38-MANCR","MANCR","5"
2.69645836627187e-20,-0.252982510786841,0.828,0.89,1.94959332798189e-15,"GRCh38-UBA2","UBA2","5"
3.1322202228889e-20,-0.492005634388302,0.437,0.527,2.26465786555313e-15,"GRCh38-NCAPD3","NCAPD3","5"
3.41019271009604e-20,-0.26033118243623,0.604,0.698,2.46563753325364e-15,"GRCh38-LAS1L","LAS1L","5"
3.4481816642734e-20,0.324233920217613,0.705,0.66,2.49310430690295e-15,"GRCh38-PML","PML","5"
3.50079272739836e-20,-0.259162419157724,0.541,0.651,2.53114315776357e-15,"GRCh38-CRNDE","CRNDE","5"
3.53510384232067e-20,1.35366870284263,0.596,0.551,2.55595078007469e-15,"GRCh38-SLC39A8","SLC39A8","5"
3.62673401351857e-20,0.471017102337286,0.766,0.755,2.6222012264542e-15,"GRCh38-ASMTL","ASMTL","5"
4.35223654481821e-20,0.295263701425396,0.201,0.128,3.14675406663446e-15,"GRCh38-NECTIN4","NECTIN4","5"
4.82263203198484e-20,-0.379059544800152,0.57,0.644,3.48685941176568e-15,"GRCh38-CADM1","CADM1","5"
4.87864966816412e-20,-0.287869290954107,0.568,0.669,3.52736128307602e-15,"GRCh38-DNAH5","DNAH5","5"
5.28108906599619e-20,-0.291421435313681,0.767,0.827,3.81833301649656e-15,"GRCh38-ENSG00000287176","ENSG00000287176","5"
5.53950623071762e-20,0.391546459596708,0.897,0.907,4.00517379493345e-15,"GRCh38-SERPINE1","SERPINE1","5"
5.54877629957234e-20,-0.257217664381658,0.795,0.859,4.01187624011679e-15,"GRCh38-GTF3C6","GTF3C6","5"
5.54881838188485e-20,-0.274621633354277,0.66,0.739,4.01190666647038e-15,"GRCh38-PNO1","PNO1","5"
5.78633514038494e-20,-0.376416720577891,0.522,0.623,4.18363603320112e-15,"GRCh38-PGP","PGP","5"
6.29778918115256e-20,0.807669560447324,0.216,0.141,4.55342753375692e-15,"GRCh38-PTGS2","PTGS2","5"
7.16193936869445e-20,0.366757221350377,0.965,0.983,5.17822540235346e-15,"GRCh38-TIMP1","TIMP1","5"
7.64045916381905e-20,-0.250248314696963,0.732,0.809,5.52420478462445e-15,"GRCh38-SREBF2","SREBF2","5"
8.40763775020641e-20,0.555262838335351,0.908,0.918,6.07889024615424e-15,"GRCh38-ELF1","ELF1","5"
8.91754378778515e-20,-0.309514758385119,0.397,0.492,6.44756250944442e-15,"GRCh38-NEK10","NEK10","5"
8.96606197587302e-20,-0.260098172392846,0.118,0.204,6.48264212979571e-15,"GRCh38-LINC00840","LINC00840","5"
1.03000755194761e-19,-0.260063615717359,0.256,0.354,7.44716060209159e-15,"GRCh38-NUDT8","NUDT8","5"
1.03428385957235e-19,0.445347053923503,0.958,0.966,7.47807916148e-15,"GRCh38-PNRC1","PNRC1","5"
1.05494283340928e-19,-0.256255923878169,0.546,0.634,7.62744767411578e-15,"GRCh38-COMTD1","COMTD1","5"
1.42554101156264e-19,-0.257269561671143,0.695,0.772,1.03069466218002e-14,"GRCh38-CCDC137","CCDC137","5"
1.62312139501451e-19,-0.41016024658577,0.184,0.275,1.17354923102339e-14,"GRCh38-ROR1","ROR1","5"
1.77507940204772e-19,0.375017145612295,0.832,0.817,1.28341790926854e-14,"GRCh38-HYCC1","HYCC1","5"
2.22379609701902e-19,-0.265487104193471,0.682,0.764,1.60784905406669e-14,"GRCh38-GPATCH4","GPATCH4","5"
2.2255046606293e-19,-0.284689512908767,0.841,0.892,1.6090843797282e-14,"GRCh38-PSMC3","PSMC3","5"
2.51876014120242e-19,-0.277616824765372,0.691,0.762,1.82111395729217e-14,"GRCh38-ZNF804A","ZNF804A","5"
2.80363890260665e-19,0.286250699356851,0.42,0.339,2.02708699936266e-14,"GRCh38-IFIT5","IFIT5","5"
2.96768199014308e-19,-0.257807232881605,0.523,0.619,2.14569343251325e-14,"GRCh38-MIR181A1HG","MIR181A1HG","5"
3.05909346997606e-19,0.392135787768358,0.16,0.098,2.21178576066209e-14,"GRCh38-MMP28","MMP28","5"
3.18384547469318e-19,-0.363645957344848,0.488,0.585,2.30198395511266e-14,"GRCh38-LBR","LBR","5"
3.39905179856802e-19,0.382551963718981,0.977,0.982,2.45758243140065e-14,"GRCh38-HLA-B","HLA-B","5"
3.56708762576003e-19,-0.258638733787302,0.831,0.895,2.57907569517702e-14,"GRCh38-LSM2","LSM2","5"
3.74909408273112e-19,-0.283396437697731,0.744,0.803,2.71067000369626e-14,"GRCh38-LINC02994","LINC02994","5"
4.19927388809335e-19,-0.496980554213749,0.484,0.552,3.03615900656925e-14,"GRCh38-ANGPT1","ANGPT1","5"
4.2802048453762e-19,-0.274652753982584,0.594,0.685,3.0946737073039e-14,"GRCh38-SQLE","SQLE","5"
4.29705628925447e-19,-0.300299321996552,0.686,0.763,3.10685763825677e-14,"GRCh38-UPP1","UPP1","5"
5.85195367140096e-19,-0.572702698557169,0.512,0.592,4.23107954349632e-14,"GRCh38-RRM1","RRM1","5"
6.03067746847557e-19,-0.26452760511643,0.452,0.557,4.3603004232572e-14,"GRCh38-BOP1","BOP1","5"
7.00673193057072e-19,-0.253101980953618,0.196,0.288,5.06600732044124e-14,"GRCh38-ERRFI1-DT","ERRFI1-DT","5"
7.68848479519211e-19,-0.66631952840341,0.718,0.769,5.5589282766198e-14,"GRCh38-SMC4","SMC4","5"
8.3641607065213e-19,-0.509363144158365,0.049,0.114,6.04745547402903e-14,"GRCh38-SPC25","SPC25","5"
8.72124928041323e-19,-0.255667390410697,0.833,0.883,6.30563765472437e-14,"GRCh38-AHCY","AHCY","5"
9.69995791192105e-19,-0.263815915864936,0.871,0.908,7.01326356947716e-14,"GRCh38-RTN3","RTN3","5"
1.13275016922171e-18,-0.30950669669072,0.528,0.61,8.19001027350684e-14,"GRCh38-RAD51C","RAD51C","5"
1.20463048699358e-18,-0.276091391648428,0.377,0.472,8.70971934706101e-14,"GRCh38-ENSG00000257869","ENSG00000257869","5"
1.20568530243762e-18,0.257790721599333,0.811,0.78,8.71734587368449e-14,"GRCh38-FMR1","FMR1","5"
1.39149433528649e-18,-0.306344392213424,0.188,0.278,1.00607823429884e-13,"GRCh38-KCNK2","KCNK2","5"
1.60656331909754e-18,-0.435865511405751,0.065,0.134,1.1615774109739e-13,"GRCh38-NEIL3","NEIL3","5"
1.63960587152109e-18,-0.263453875237829,0.595,0.677,1.18546783722718e-13,"GRCh38-PROS1","PROS1","5"
1.64183455386088e-18,-0.703608496429082,0.084,0.156,1.1870792191325e-13,"GRCh38-PBK","PBK","5"
1.68747540832345e-18,0.272166261229449,0.665,0.608,1.22007846972602e-13,"GRCh38-TOM1","TOM1","5"
1.71961338596248e-18,0.380643361747756,0.56,0.492,1.24331487031859e-13,"GRCh38-MSC","MSC","5"
1.76984570800982e-18,-0.25480111959599,0.05,0.116,1.27963384380526e-13,"GRCh38-PLK4","PLK4","5"
1.83807682005082e-18,-0.314587963975264,0.092,0.168,1.32896630243315e-13,"GRCh38-KRT15","KRT15","5"
1.92040709483639e-18,-0.302802958080349,0.125,0.206,1.38849273770861e-13,"GRCh38-CDCA7","CDCA7","5"
2.1566668320832e-18,-0.382228212461889,0.543,0.627,1.5593132529328e-13,"GRCh38-MTUS1","MTUS1","5"
2.18399640048775e-18,-0.302782853008506,0.271,0.366,1.57907307748066e-13,"GRCh38-LRP8","LRP8","5"
2.27941285856883e-18,-0.252108105917981,0.924,0.96,1.64806108500244e-13,"GRCh38-HP1BP3","HP1BP3","5"
2.63915538593725e-18,0.264579314383025,0.754,0.715,1.90816212714035e-13,"GRCh38-ANGEL2","ANGEL2","5"
2.6407930104746e-18,-0.26269273231305,0.895,0.927,1.90934616243334e-13,"GRCh38-MIR548XHG","MIR548XHG","5"
2.7853066419299e-18,0.463735507938485,0.267,0.189,2.01383240824816e-13,"GRCh38-RGS2","RGS2","5"
2.9925547883696e-18,-0.263635632304015,0.639,0.727,2.16367696308699e-13,"GRCh38-NUP153","NUP153","5"
3.09986450930863e-18,-0.262724031831935,0.421,0.506,2.24126403752033e-13,"GRCh38-ADAMTS9","ADAMTS9","5"
3.23280852727743e-18,-0.276194374651276,0.672,0.758,2.33738522139213e-13,"GRCh38-ENSG00000260289","ENSG00000260289","5"
3.27951258549415e-18,-0.270903448823874,0.716,0.768,2.37115318956398e-13,"GRCh38-RBPMS","RBPMS","5"
3.38793811074618e-18,-0.26340527201984,0.549,0.636,2.44954701283171e-13,"GRCh38-LINC00342","LINC00342","5"
3.40353608634711e-18,0.469387016895636,0.423,0.338,2.46082466115069e-13,"GRCh38-CADPS2","CADPS2","5"
3.43836889349429e-18,0.322739615336888,0.685,0.628,2.48600947737424e-13,"GRCh38-CYTH1","CYTH1","5"
3.50684427413818e-18,0.282447911602409,0.617,0.553,2.53551854708738e-13,"GRCh38-SLC25A28","SLC25A28","5"
3.621146324344e-18,-0.366556321776583,0.83,0.867,2.6181612154272e-13,"GRCh38-ITPRID2","ITPRID2","5"
3.8508241402443e-18,-0.252448255461808,0.529,0.619,2.78422286987943e-13,"GRCh38-NUP85","NUP85","5"
3.86325234058726e-18,-0.298574277247959,0.552,0.636,2.7932087072914e-13,"GRCh38-MORC4","MORC4","5"
3.9484671169037e-18,-0.265320172785337,0.723,0.794,2.85482069486372e-13,"GRCh38-RPL26L1","RPL26L1","5"
3.99150539266071e-18,1.50116640729094,0.194,0.128,2.88593822900154e-13,"GRCh38-MMP13","MMP13","5"
4.06259934971742e-18,0.444837922609632,0.929,0.945,2.93734058183269e-13,"GRCh38-GPBP1","GPBP1","5"
4.18014146393048e-18,-0.524562535507416,0.158,0.24,3.02232588125102e-13,"GRCh38-CCNB2","CCNB2","5"
4.74091516022741e-18,0.462410234604231,0.167,0.105,3.42777647914762e-13,"GRCh38-ENSG00000231606","ENSG00000231606","5"
4.80454297766166e-18,-0.251792054187136,0.881,0.93,3.47378066370894e-13,"GRCh38-ATP5MC1","ATP5MC1","5"
4.88527588665325e-18,-0.38542841933683,0.622,0.695,3.53215217156803e-13,"GRCh38-SKA2","SKA2","5"
5.00673408154714e-18,-0.28736685085552,0.567,0.652,3.61996887564021e-13,"GRCh38-RAD1","RAD1","5"
5.48951324329701e-18,-0.371199459948973,0.697,0.789,3.96902786516861e-13,"GRCh38-TNFRSF12A","TNFRSF12A","5"
5.49861584378701e-18,-0.255371237181901,0.751,0.823,3.97560922737488e-13,"GRCh38-TFAM","TFAM","5"
5.61286954578412e-18,-0.285586474573447,0.227,0.318,4.05821693899283e-13,"GRCh38-LMNB2","LMNB2","5"
5.98329983494997e-18,0.465416208180346,0.251,0.175,4.32604544666553e-13,"GRCh38-PPP4R4","PPP4R4","5"
6.23590574897963e-18,0.493018000349979,0.825,0.817,4.50868457462725e-13,"GRCh38-ESYT2","ESYT2","5"
6.67746035827844e-18,0.320532451148123,0.613,0.548,4.82793738824248e-13,"GRCh38-RGS17","RGS17","5"
6.82985279793882e-18,0.273649962262257,0.835,0.82,4.93812016996573e-13,"GRCh38-IRF2","IRF2","5"
7.11521947579977e-18,0.589213555178797,0.354,0.27,5.14444598539275e-13,"GRCh38-SERPINB4","SERPINB4","5"
8.25406446675255e-18,-0.273889743690197,0.777,0.841,5.96785369075143e-13,"GRCh38-SUZ12","SUZ12","5"
9.3453810605912e-18,-0.275771291396777,0.555,0.628,6.75689741442865e-13,"GRCh38-STARD3NL","STARD3NL","5"
1.09573687880964e-17,-0.272660840400588,0.726,0.801,7.92239678116946e-13,"GRCh38-MYL9","MYL9","5"
1.11314637332025e-17,-0.2552456871854,0.432,0.523,8.04827090838007e-13,"GRCh38-PCSK6","PCSK6","5"
1.12900679791184e-17,-0.289735207583594,0.618,0.701,8.16294495026217e-13,"GRCh38-NDUFAF6","NDUFAF6","5"
1.33278716414567e-17,-0.272800071386949,0.098,0.173,9.63631775420603e-13,"GRCh38-PAQR4","PAQR4","5"
1.34608522223169e-17,-0.377780852864478,0.478,0.555,9.73246537377953e-13,"GRCh38-LINC01687","LINC01687","5"
1.38922031783855e-17,-0.273307687210888,0.668,0.762,1.00443407420363e-12,"GRCh38-AGPAT5","AGPAT5","5"
1.41801743786731e-17,-0.270527465401872,0.789,0.846,1.02525496792682e-12,"GRCh38-CBX1","CBX1","5"
1.58024793896109e-17,-0.405963620225172,0.118,0.194,1.14255086482765e-12,"GRCh38-CENPM","CENPM","5"
1.6228103809449e-17,-0.792766823870991,0.137,0.215,1.17332436163078e-12,"GRCh38-CCSER1","CCSER1","5"
1.7206952523741e-17,-0.329958404295694,0.635,0.699,1.24409708137152e-12,"GRCh38-CFI","CFI","5"
1.74754404096739e-17,-0.318019659279283,0.767,0.841,1.26350929250025e-12,"GRCh38-ENSG00000189229","ENSG00000189229","5"
1.79368250180891e-17,0.311470439646705,0.938,0.954,1.29686832245787e-12,"GRCh38-DPYD","DPYD","5"
1.86022498139255e-17,-0.285160722980046,0.837,0.887,1.34497986604644e-12,"GRCh38-FHIT","FHIT","5"
1.90462484539801e-17,0.360890092278404,0.875,0.891,1.37708185571967e-12,"GRCh38-CTSL","CTSL","5"
2.11100093019996e-17,0.393396102232734,0.387,0.299,1.52629589255318e-12,"GRCh38-SERPINB3","SERPINB3","5"
2.12779807103584e-17,-0.366661255308642,0.297,0.386,1.53844056132034e-12,"GRCh38-BRI3BP","BRI3BP","5"
2.22745509234485e-17,-0.390815123350641,0.444,0.526,1.61049458086717e-12,"GRCh38-TMEM106C","TMEM106C","5"
2.37313430490314e-17,-0.26314893021211,0.482,0.584,1.71582356513107e-12,"GRCh38-NFATC2","NFATC2","5"
2.42075250149949e-17,0.285405858201797,0.391,0.301,1.75025247363416e-12,"GRCh38-LPAR1","LPAR1","5"
2.52668033488585e-17,-0.311166054746041,0.54,0.627,1.82684041572917e-12,"GRCh38-MAGOHB","MAGOHB","5"
2.69425794305643e-17,-0.314531063417956,0.572,0.669,1.94800237798866e-12,"GRCh38-EBP","EBP","5"
2.70548015634505e-17,-0.359955628529516,0.124,0.202,1.9561162626406e-12,"GRCh38-GLRA3","GLRA3","5"
2.83999790883191e-17,-0.3035500442224,0.498,0.585,2.05337528804365e-12,"GRCh38-SNRNP25","SNRNP25","5"
2.93286953294788e-17,0.269559694002301,0.886,0.905,2.12052332971198e-12,"GRCh38-CIR1","CIR1","5"
2.95711720154597e-17,-0.441126393478591,0.064,0.13,2.13805487906177e-12,"GRCh38-SGO1","SGO1","5"
3.41978919418183e-17,-0.498539639485522,0.226,0.309,2.47257598317735e-12,"GRCh38-KIF22","KIF22","5"
3.52953109416475e-17,-0.325066167411231,0.117,0.194,2.55192157170299e-12,"GRCh38-FANCB","FANCB","5"
3.54665406120868e-17,-0.416885771042972,0.163,0.242,2.5643018193351e-12,"GRCh38-CDT1","CDT1","5"
4.01607807062341e-17,-0.268135801944839,0.755,0.824,2.90370476662214e-12,"GRCh38-UCHL5","UCHL5","5"
4.44778802383588e-17,-0.26886391628292,0.532,0.608,3.21583969699382e-12,"GRCh38-ABCC4","ABCC4","5"
4.92886346972457e-17,-0.253606230751259,0.506,0.604,3.56366686588026e-12,"GRCh38-RRP12","RRP12","5"
5.03447233646035e-17,0.30359695857723,0.629,0.555,3.64002418870756e-12,"GRCh38-HLA-DPA1","HLA-DPA1","5"
5.6681142437854e-17,-0.283431867482464,0.568,0.637,4.09815996054172e-12,"GRCh38-MARS1","MARS1","5"
5.71372147388707e-17,-0.270717311295685,0.168,0.252,4.13113490004983e-12,"GRCh38-SLC29A1","SLC29A1","5"
6.06874547966374e-17,0.309971019738036,0.868,0.838,4.38782435670647e-12,"GRCh38-ADAR","ADAR","5"
6.21811782535e-17,0.267979153918026,0.615,0.543,4.49582355008456e-12,"GRCh38-GGT5","GGT5","5"
6.66406557494576e-17,0.400148009397768,0.513,0.429,4.81825269199728e-12,"GRCh38-AFF1","AFF1","5"
7.03177217686998e-17,0.383969703483247,0.157,0.1,5.08411191932053e-12,"GRCh38-BAALC","BAALC","5"
7.11472084664715e-17,-0.288230842372655,0.166,0.25,5.14408546654282e-12,"GRCh38-H4C5","H4C5","5"
7.13839643490916e-17,-0.659087770266721,0.12,0.193,5.16120339036802e-12,"GRCh38-KIF2C","KIF2C","5"
7.66652323550252e-17,-0.306824246165012,0.094,0.165,5.54304962973303e-12,"GRCh38-UHRF1","UHRF1","5"
7.83949153568803e-17,0.369328537386915,0.316,0.236,5.66810917013316e-12,"GRCh38-TRIM69","TRIM69","5"
8.02932773520003e-17,-0.407889890800766,0.174,0.255,5.80536453910433e-12,"GRCh38-APOLD1","APOLD1","5"
8.42553494662225e-17,-0.487255520757311,0.12,0.194,6.09183027710682e-12,"GRCh38-GINS2","GINS2","5"
8.75811476291814e-17,0.329541895602066,0.174,0.112,6.33229213588508e-12,"GRCh38-ACER2","ACER2","5"
9.21085570886295e-17,-0.392816154101413,0.059,0.122,6.65963289462209e-12,"GRCh38-NCAPH","NCAPH","5"
9.67555901975443e-17,-0.310022092180943,0.132,0.21,6.99562268246285e-12,"GRCh38-PDGFD","PDGFD","5"
9.82638015815814e-17,0.285213837325444,0.924,0.926,7.1046693819515e-12,"GRCh38-TAPBP","TAPBP","5"
9.87265843400138e-17,-0.306964040565767,0.138,0.221,7.13812950095167e-12,"GRCh38-PRRX1","PRRX1","5"
1.04993090113691e-16,0.293065921648032,0.651,0.599,7.59121040140007e-12,"GRCh38-AVPI1","AVPI1","5"
1.06400680862842e-16,-0.387121767787044,0.151,0.228,7.69298202774522e-12,"GRCh38-CIP2A","CIP2A","5"
1.11085043838669e-16,-0.260804052312355,0.227,0.312,8.03167083962346e-12,"GRCh38-KRT86","KRT86","5"
1.11766197460768e-16,-0.258745821909296,0.945,0.971,8.08091960880846e-12,"GRCh38-TPM3","TPM3","5"
1.12317528261703e-16,-0.256491846131928,0.15,0.229,8.12078192837766e-12,"GRCh38-POLE2","POLE2","5"
1.22817695542253e-16,0.661899522122097,0.255,0.188,8.87996502309596e-12,"GRCh38-LYPD3","LYPD3","5"
1.29966218664581e-16,0.264798490639913,0.406,0.323,9.39681754188652e-12,"GRCh38-PANX1","PANX1","5"
1.31497777609204e-16,-0.25468302411739,0.493,0.585,9.50755231670065e-12,"GRCh38-POP1","POP1","5"
1.4106410620896e-16,-0.279702395076651,0.526,0.604,1.01992170071202e-11,"GRCh38-LINC01885","LINC01885","5"
1.41615938454608e-16,-0.251723523325185,0.518,0.608,1.0239115582145e-11,"GRCh38-RANBP17","RANBP17","5"
1.44356496737911e-16,-0.563865805272461,0.075,0.141,1.04372634271444e-11,"GRCh38-CDCA8","CDCA8","5"
1.58955010023894e-16,-0.33310511892582,0.188,0.274,1.14927651347476e-11,"GRCh38-NRXN3","NRXN3","5"
1.59904188269487e-16,-0.487933899802541,0.578,0.652,1.15613926202605e-11,"GRCh38-TMPO","TMPO","5"
1.83255658453219e-16,-0.327174909821406,0.573,0.647,1.32497506174847e-11,"GRCh38-SPANXB1","SPANXB1","5"
1.8646278607687e-16,-0.47609853709521,0.467,0.549,1.34816323589298e-11,"GRCh38-MIR924HG","MIR924HG","5"
1.93512563318553e-16,-0.337214970837447,0.276,0.361,1.3991345353058e-11,"GRCh38-MCM6","MCM6","5"
2.11918987013476e-16,0.474212778426081,0.958,0.96,1.53221665990484e-11,"GRCh38-EXT1","EXT1","5"
2.22045109256884e-16,-0.490391642433979,0.069,0.132,1.60543054894913e-11,"GRCh38-KIF15","KIF15","5"
2.26614167019645e-16,-0.508058987056999,0.094,0.162,1.63846575038543e-11,"GRCh38-RAD51AP1","RAD51AP1","5"
2.41633748424778e-16,0.688758622275325,0.929,0.933,1.74706032786083e-11,"GRCh38-PLS3","PLS3","5"
2.58952178860952e-16,0.444834755192262,0.355,0.277,1.87227604360046e-11,"GRCh38-CAMK4","CAMK4","5"
2.6257204803583e-16,-0.607391795597298,0.386,0.467,1.89844842170866e-11,"GRCh38-CKS1B","CKS1B","5"
2.86530875181113e-16,-0.315650708328402,0.599,0.677,2.07167553373449e-11,"GRCh38-CDH11","CDH11","5"
2.90671349894379e-16,-0.288218858377576,0.106,0.179,2.10161199400634e-11,"GRCh38-TOX","TOX","5"
3.08695825870495e-16,-0.294352490693409,0.431,0.517,2.23193256020885e-11,"GRCh38-ENSG00000251314","ENSG00000251314","5"
3.46654124380174e-16,0.454755330706716,0.736,0.698,2.50637865009353e-11,"GRCh38-SGMS1","SGMS1","5"
3.47488556409801e-16,-0.271809674742995,0.451,0.545,2.51241176055415e-11,"GRCh38-GALNT10","GALNT10","5"
4.2596200774058e-16,-0.386815684531989,0.295,0.377,3.07979050836594e-11,"GRCh38-PTPRR","PTPRR","5"
4.749094241546e-16,0.567272732265997,0.721,0.684,3.43369011852259e-11,"GRCh38-LAMB3","LAMB3","5"
5.04321373431864e-16,-0.577072560510426,0.28,0.356,3.64634439418706e-11,"GRCh38-MAD2L1","MAD2L1","5"
5.07477718308231e-16,-0.277819884138058,0.606,0.677,3.66916539891217e-11,"GRCh38-NUP155","NUP155","5"
5.08223032304378e-16,0.449422837522514,0.337,0.264,3.67455416816712e-11,"GRCh38-TESK2","TESK2","5"
5.24578475109067e-16,-0.611964509098705,0.072,0.135,3.79280729073357e-11,"GRCh38-DEPDC1","DEPDC1","5"
5.56333020268618e-16,-0.446725949974782,0.164,0.242,4.02239900314616e-11,"GRCh38-TSPAN8","TSPAN8","5"
5.90224020321938e-16,-0.584089969251846,0.087,0.152,4.26743771173168e-11,"GRCh38-NUF2","NUF2","5"
6.58202423986943e-16,-0.422922007258936,0.225,0.307,4.75893516591039e-11,"GRCh38-E2F7","E2F7","5"
6.96781815294554e-16,-0.267542143562592,0.51,0.583,5.03787188094269e-11,"GRCh38-STAC2","STAC2","5"
7.47918841190294e-16,0.254264083628272,0.879,0.888,5.40760280557407e-11,"GRCh38-CD47","CD47","5"
7.73724800138099e-16,0.267193741677823,0.675,0.614,5.59418504995849e-11,"GRCh38-GPR158","GPR158","5"
8.58969044344875e-16,-0.263734472912667,0.677,0.754,6.21051798442232e-11,"GRCh38-BUB3","BUB3","5"
9.35577873107924e-16,-0.268126111406088,0.518,0.595,6.76441513814491e-11,"GRCh38-CDH2","CDH2","5"
9.42771400780719e-16,0.381872415927625,0.295,0.224,6.81642578192475e-11,"GRCh38-PTGES","PTGES","5"
9.52850325205352e-16,0.259649489314967,0.222,0.157,6.88929842129974e-11,"GRCh38-EBF4","EBF4","5"
1.0351535640677e-15,-0.406282194618032,0.468,0.524,7.48436729892227e-11,"GRCh38-PURPL","PURPL","5"
1.07607798374628e-15,0.277763694748162,0.677,0.628,7.78025903808237e-11,"GRCh38-NEDD4L","NEDD4L","5"
1.07747360609173e-15,-0.267995150573829,0.049,0.106,7.79034966676445e-11,"GRCh38-E2F1","E2F1","5"
1.11832051844695e-15,-0.262056091509349,0.806,0.853,8.08568101247515e-11,"GRCh38-CYB5A","CYB5A","5"
1.24617780852122e-15,-0.288626444887323,0.64,0.704,9.01011479117015e-11,"GRCh38-LAMA3","LAMA3","5"
1.32829499600746e-15,0.273872561918245,0.8,0.775,9.60383848013313e-11,"GRCh38-SYNE2","SYNE2","5"
1.34259734146409e-15,-0.369127276557094,0.053,0.111,9.70724729825363e-11,"GRCh38-PKMYT1","PKMYT1","5"
1.3815178165633e-15,-0.826568967530831,0.184,0.256,9.98865011731596e-11,"GRCh38-TYMS","TYMS","5"
1.4336787932008e-15,0.377469003477782,0.861,0.856,1.03657844106005e-10,"GRCh38-NPTN","NPTN","5"
1.97369205642096e-15,-0.278940252699044,0.444,0.525,1.42701883063348e-10,"GRCh38-POLR3K","POLR3K","5"
2.23620856571679e-15,0.293496660923025,0.253,0.181,1.61682351718456e-10,"GRCh38-COL17A1","COL17A1","5"
2.38269816134008e-15,-0.25144735562264,0.741,0.809,1.72273842461211e-10,"GRCh38-LINC01194","LINC01194","5"
2.61551996233173e-15,-0.257140791594463,0.642,0.708,1.89107324316508e-10,"GRCh38-IMMP1L","IMMP1L","5"
2.7580783954147e-15,-0.287883480868184,0.169,0.247,1.99414584145274e-10,"GRCh38-TAFA2","TAFA2","5"
2.91845754494298e-15,0.40434539400463,0.852,0.841,2.11010317414468e-10,"GRCh38-SP110","SP110","5"
2.99860357256432e-15,0.346952976073551,0.775,0.758,2.16805035503546e-10,"GRCh38-LINC02615","LINC02615","5"
3.04512779840081e-15,-0.266085056158984,0.513,0.593,2.20168830079975e-10,"GRCh38-NECTIN3","NECTIN3","5"
3.44079201091034e-15,-0.298557830257424,0.43,0.511,2.4877614397284e-10,"GRCh38-FAT4","FAT4","5"
3.61335113872154e-15,0.743762788866057,0.673,0.611,2.61252514031845e-10,"GRCh38-PID1","PID1","5"
3.64501003765561e-15,-0.387795718249108,0.382,0.463,2.63541515742576e-10,"GRCh38-MMS22L","MMS22L","5"
4.13470534060662e-15,-0.427307752924703,0.055,0.113,2.9894746553654e-10,"GRCh38-KIFC1","KIFC1","5"
4.56068133690407e-15,0.257212439669766,0.842,0.844,3.29746382020838e-10,"GRCh38-AZI2","AZI2","5"
4.7624655340225e-15,-0.834947262216886,0.136,0.205,3.44335783040895e-10,"GRCh38-RRM2","RRM2","5"
4.90771567100511e-15,1.2406211480674,0.191,0.13,3.54837658445011e-10,"GRCh38-CXCL1","CXCL1","5"
5.05388359205299e-15,-0.295589687532865,0.374,0.453,3.65405891472615e-10,"GRCh38-GSTCD","GSTCD","5"
5.18497850429508e-15,-0.856437153757861,0.236,0.307,3.74884315817543e-10,"GRCh38-PRC1","PRC1","5"
5.40378208527978e-15,-0.551309824776291,0.071,0.132,3.90704252329899e-10,"GRCh38-KIF14","KIF14","5"
5.45380318662978e-15,-0.497574518665396,0.075,0.137,3.94320877999707e-10,"GRCh38-DTL","DTL","5"
6.21268338839843e-15,0.260710526437639,0.801,0.802,4.49189434347983e-10,"GRCh38-SUN1","SUN1","5"
6.97903568489352e-15,-0.267150920978797,0.642,0.709,5.04598238089171e-10,"GRCh38-G2E3","G2E3","5"
6.9979564413881e-15,-0.439063024371832,0.846,0.898,5.05966246625242e-10,"GRCh38-TUBB4B","TUBB4B","5"
7.2875146968921e-15,0.484005349283333,0.867,0.859,5.26901887614692e-10,"GRCh38-SAT1","SAT1","5"
7.69339849679883e-15,-0.4159899257208,0.164,0.237,5.56248098115549e-10,"GRCh38-CDH9","CDH9","5"
8.95349512400559e-15,-0.345837664091122,0.479,0.572,6.47355604455852e-10,"GRCh38-ALYREF","ALYREF","5"
9.37357269435554e-15,0.268339872879938,0.278,0.212,6.77728052947294e-10,"GRCh38-ENPP1","ENPP1","5"
9.4782925575517e-15,0.529135646596492,0.521,0.464,6.85299508496103e-10,"GRCh38-PRKD1","PRKD1","5"
9.63256408026911e-15,0.262006705969796,0.385,0.314,6.96453648131617e-10,"GRCh38-GPR161","GPR161","5"
9.72033917951668e-15,-0.25489013827728,0.642,0.713,7.02799963357415e-10,"GRCh38-SAE1","SAE1","5"
1.04256046106899e-14,-0.26011015992037,0.572,0.653,7.53792064562104e-10,"GRCh38-ADAM12","ADAM12","5"
1.08703970023189e-14,-1.08326745813753,0.154,0.223,7.85951444061662e-10,"GRCh38-UBE2C","UBE2C","5"
1.16348744682867e-14,-0.500925009149078,0.087,0.149,8.41224693806067e-10,"GRCh38-TTK","TTK","5"
1.24455625193505e-14,-0.252233165694184,0.857,0.901,8.99839061274078e-10,"GRCh38-SLC3A2","SLC3A2","5"
1.28557596285917e-14,0.625648462484525,0.444,0.37,9.29497132666437e-10,"GRCh38-DSP","DSP","5"
1.37136677547703e-14,-0.29819784198546,0.203,0.281,9.91525606005405e-10,"GRCh38-ENSG00000251199","ENSG00000251199","5"
1.37796335134563e-14,-0.329795326013621,0.576,0.647,9.96295062289918e-10,"GRCh38-DCTPP1","DCTPP1","5"
1.39753840777296e-14,-0.302780246263234,0.117,0.184,1.01044821958801e-09,"GRCh38-WDR76","WDR76","5"
1.57082178120339e-14,-0.371817356974744,0.214,0.289,1.13573556424568e-09,"GRCh38-CENPA","CENPA","5"
1.72063788209891e-14,-0.9593023116297,0.23,0.303,1.24405560151516e-09,"GRCh38-CENPE","CENPE","5"
1.82929540214467e-14,-0.76018129385082,0.76,0.801,1.32261716165864e-09,"GRCh38-STMN1","STMN1","5"
2.78192305709736e-14,-0.286515734055647,0.408,0.481,2.01138600874254e-09,"GRCh38-PDGFRB","PDGFRB","5"
2.80436099312516e-14,0.312458367730089,0.214,0.151,2.02760908524935e-09,"GRCh38-SGO1-AS1","SGO1-AS1","5"
3.02900066000359e-14,0.633048212542575,0.407,0.335,2.1900280571958e-09,"GRCh38-PELI1","PELI1","5"
3.22964842346875e-14,0.288888138365007,0.73,0.66,2.33510040313637e-09,"GRCh38-FRMD4B","FRMD4B","5"
3.27140128247626e-14,-0.35648880826611,0.052,0.106,2.36528855525599e-09,"GRCh38-MCM10","MCM10","5"
3.40499413810409e-14,0.732810901864513,0.959,0.967,2.46187886173202e-09,"GRCh38-IFI27","IFI27","5"
3.48578801501262e-14,-0.27311752407735,0.617,0.677,2.52029445061443e-09,"GRCh38-ZRANB3","ZRANB3","5"
3.83459605330409e-14,0.332083878081751,0.512,0.445,2.77248963845992e-09,"GRCh38-RASSF6","RASSF6","5"
3.9111523909584e-14,0.335057674108561,0.75,0.703,2.82784140171074e-09,"GRCh38-DIP2B","DIP2B","5"
4.67366815597215e-14,0.289967970766017,0.232,0.166,3.37915555013099e-09,"GRCh38-ABCA9","ABCA9","5"
5.30160016698591e-14,0.294977112810594,0.196,0.133,3.83316295273415e-09,"GRCh38-LAPTM5","LAPTM5","5"
6.57646393620324e-14,-0.264170824009976,0.315,0.395,4.75491495515367e-09,"GRCh38-GEN1","GEN1","5"
6.6836894190161e-14,-0.365192798615107,0.159,0.235,4.83244112373702e-09,"GRCh38-LINC01060","LINC01060","5"
8.31575793623461e-14,0.258262400479468,0.691,0.645,6.01245930305635e-09,"GRCh38-GNS","GNS","5"
8.72958069061017e-14,-0.263530590876348,0.384,0.467,6.31166143092496e-09,"GRCh38-TUBG1","TUBG1","5"
9.31478470029282e-14,-0.311020401071599,0.514,0.577,6.73477563400571e-09,"GRCh38-MSH2","MSH2","5"
9.99174672979363e-14,-0.34432127328689,0.524,0.608,7.22423272057539e-09,"GRCh38-F3","F3","5"
1.02192527401862e-13,-0.273372390211002,0.483,0.56,7.38872411620943e-09,"GRCh38-NUDT1","NUDT1","5"
1.02752947789229e-13,0.607217985628328,0.183,0.127,7.42924363105683e-09,"GRCh38-UNC5C","UNC5C","5"
1.06411541150801e-13,0.295391042826973,0.954,0.964,7.6937672482852e-09,"GRCh38-HLA-E","HLA-E","5"
1.18916775486861e-13,-0.493357031831818,0.225,0.297,8.597920701251e-09,"GRCh38-KRT81","KRT81","5"
1.4410476191e-13,-0.275828905688418,0.35,0.434,1.04190624956168e-08,"GRCh38-CNTRL","CNTRL","5"
1.45564492553656e-13,-0.26009182698355,0.291,0.374,1.05246039406144e-08,"GRCh38-LINC01091","LINC01091","5"
1.52660564462804e-13,-0.295176897360128,0.552,0.624,1.10376641317897e-08,"GRCh38-TTF2","TTF2","5"
1.68206445309782e-13,-0.556616146000812,0.075,0.131,1.21616624087878e-08,"GRCh38-CCNA2","CCNA2","5"
2.31204909916376e-13,0.315845223578061,0.821,0.818,1.67165773967738e-08,"GRCh38-STAMBP","STAMBP","5"
2.5211498481866e-13,-0.262546143055203,0.469,0.538,1.82284176323587e-08,"GRCh38-ENSG00000260971","ENSG00000260971","5"
2.93126568023703e-13,0.356637789495391,0.269,0.199,2.11936371212498e-08,"GRCh38-PDZK1IP1","PDZK1IP1","5"
3.03462532351987e-13,0.26143964318854,0.619,0.558,2.19409480141134e-08,"GRCh38-IRF9","IRF9","5"
3.13434709648651e-13,0.288174414157026,0.495,0.426,2.26619563770168e-08,"GRCh38-ENSG00000243797","ENSG00000243797","5"
3.20234452133472e-13,0.292289766335816,0.938,0.957,2.31535913581543e-08,"GRCh38-RNF213","RNF213","5"
3.23735194341386e-13,0.364403352289188,0.864,0.821,2.34067020212709e-08,"GRCh38-C3","C3","5"
3.84377850470788e-13,0.304170667048272,0.916,0.943,2.77912873447389e-08,"GRCh38-RBMS3","RBMS3","5"
3.99327584445798e-13,-0.369712213064915,0.326,0.402,2.88721830106001e-08,"GRCh38-CEP128","CEP128","5"
4.07766242366553e-13,-0.268287314631164,0.284,0.362,2.94823148555865e-08,"GRCh38-DDAH1","DDAH1","5"
4.12024258938201e-13,-0.419013584458078,0.077,0.134,2.97901779697498e-08,"GRCh38-CDCA5","CDCA5","5"
5.62824557350981e-13,-0.319965221627518,0.174,0.243,4.06933411455906e-08,"GRCh38-MCM5","MCM5","5"
5.66346684736104e-13,0.317441323431463,0.834,0.82,4.09479979997898e-08,"GRCh38-CPNE8","CPNE8","5"
7.22210987283444e-13,0.664312256629729,0.926,0.937,5.22172988025675e-08,"GRCh38-SRPK2","SRPK2","5"
7.57690235138705e-13,0.550816044000127,0.912,0.911,5.47825193809987e-08,"GRCh38-NAMPT","NAMPT","5"
7.93467686455377e-13,-0.28204046620465,0.122,0.185,5.73693006660967e-08,"GRCh38-FANCD2","FANCD2","5"
8.60496600828916e-13,0.424854297363895,0.792,0.768,6.22156252331323e-08,"GRCh38-RIPK2-DT","RIPK2-DT","5"
8.88629016887979e-13,0.252897416825792,0.53,0.465,6.42496551790347e-08,"GRCh38-CLN5","CLN5","5"
9.67085605804834e-13,-0.383974256922607,0.422,0.495,6.99222234709011e-08,"GRCh38-NCAPD2","NCAPD2","5"
9.98963068917711e-13,-0.810322804110229,0.122,0.183,7.22270278088883e-08,"GRCh38-CDC20","CDC20","5"
1.02142400990337e-12,-0.415332180911765,0.092,0.148,7.38509987640337e-08,"GRCh38-CENPI","CENPI","5"
1.03253255868198e-12,0.263096009935822,0.756,0.744,7.46541690578245e-08,"GRCh38-METRNL","METRNL","5"
1.1726688800813e-12,-0.259770358598113,0.072,0.126,8.4786305367638e-08,"GRCh38-BLM","BLM","5"
1.21461016405013e-12,-0.25226188274642,0.197,0.27,8.78187440811528e-08,"GRCh38-RPL39L","RPL39L","5"
1.42920672947568e-12,-0.354137712599309,0.448,0.515,1.0333450495455e-07,"GRCh38-RBL1","RBL1","5"
1.58820091091975e-12,-0.31526509149817,0.256,0.324,1.1483010226132e-07,"GRCh38-PARPBP","PARPBP","5"
1.62052092668586e-12,-0.422829672567245,0.082,0.137,1.17166904041241e-07,"GRCh38-SHCBP1","SHCBP1","5"
1.62632347098418e-12,-0.568197413673484,0.102,0.159,1.17586439599098e-07,"GRCh38-MYBL2","MYBL2","5"
1.76193767538188e-12,-0.299400723936708,0.211,0.282,1.27391617805461e-07,"GRCh38-GLYATL2","GLYATL2","5"
1.81619820308635e-12,1.09420183892788,0.202,0.144,1.3131476247955e-07,"GRCh38-IL1B","IL1B","5"
1.83155385022738e-12,-0.250477236812638,0.674,0.741,1.3242500647914e-07,"GRCh38-SNRPA1","SNRPA1","5"
1.93156822868023e-12,-0.260807457526639,0.582,0.643,1.39656246070038e-07,"GRCh38-ENSG00000285899","ENSG00000285899","5"
2.04558369674231e-12,-0.656996268491946,0.443,0.514,1.47899792441863e-07,"GRCh38-PCNA","PCNA","5"
2.24415063990794e-12,0.319817585760382,0.123,0.079,1.62256579566624e-07,"GRCh38-ENSG00000205622","ENSG00000205622","5"
2.48596599529914e-12,-0.411303917450672,0.414,0.478,1.79740313392118e-07,"GRCh38-VRK1","VRK1","5"
3.23508205503613e-12,-0.538321858103511,0.206,0.27,2.33902902743222e-07,"GRCh38-CENPW","CENPW","5"
3.31876836744352e-12,-0.275994141915516,0.635,0.689,2.39953590502901e-07,"GRCh38-MSH6","MSH6","5"
3.57922499460834e-12,0.367406268466502,0.659,0.633,2.58785125560172e-07,"GRCh38-XPR1","XPR1","5"
3.64496298145646e-12,0.329102420866711,0.309,0.238,2.63538113485265e-07,"GRCh38-ANGPTL4","ANGPTL4","5"
3.73055897109897e-12,0.323525799127733,0.9,0.926,2.69726874728397e-07,"GRCh38-SLC25A37","SLC25A37","5"
3.86690617896073e-12,-0.372179201423711,0.631,0.658,2.79585050551218e-07,"GRCh38-ENSG00000230490","ENSG00000230490","5"
4.04292285198595e-12,0.378718828418127,0.302,0.238,2.92311408044288e-07,"GRCh38-SPOCK1","SPOCK1","5"
4.04490596739275e-12,-0.388226165912847,0.08,0.133,2.9245479125443e-07,"GRCh38-ASF1B","ASF1B","5"
4.70624743390054e-12,-0.264046602105827,0.516,0.598,3.40271101965877e-07,"GRCh38-INPP4B","INPP4B","5"
5.3152298194935e-12,-0.326838507930428,0.239,0.306,3.84301746409019e-07,"GRCh38-WDHD1","WDHD1","5"
5.42324668477255e-12,-0.370600669043419,0.473,0.552,3.92111581802425e-07,"GRCh38-H2AX","H2AX","5"
5.56589953095888e-12,-0.252759521135515,0.663,0.73,4.02425667887389e-07,"GRCh38-WWOX","WWOX","5"
6.32380265536322e-12,-0.456978415715006,0.404,0.472,4.57223579588072e-07,"GRCh38-DHFR","DHFR","5"
6.60602181315496e-12,-0.324420323753077,0.246,0.176,4.7762858913473e-07,"GRCh38-KRT14","KRT14","5"
6.69991005132677e-12,0.366957410668709,0.889,0.9,4.84416896531028e-07,"GRCh38-DYNC2I1","DYNC2I1","5"
7.52112916342438e-12,-0.438193452582302,0.099,0.156,5.43792680773909e-07,"GRCh38-H2AC12","H2AC12","5"
7.5435907976668e-12,0.393847649765046,0.799,0.766,5.45416701852905e-07,"GRCh38-SLFN5","SLFN5","5"
7.92058761339217e-12,0.362709731091145,0.688,0.643,5.72674325623481e-07,"GRCh38-CYLD","CYLD","5"
8.32660167329891e-12,-0.538978270896745,0.132,0.188,6.02029954182858e-07,"GRCh38-CENPU","CENPU","5"
9.19126035116929e-12,-0.499791068891153,0.471,0.517,6.64546505910242e-07,"GRCh38-FMO3","FMO3","5"
9.38403869890806e-12,-0.261098563816242,0.301,0.373,6.78484766008451e-07,"GRCh38-KMT5A","KMT5A","5"
9.64432418072144e-12,-0.322458577622237,0.375,0.436,6.97303926914521e-07,"GRCh38-FIRRE","FIRRE","5"
9.90939800951384e-12,-0.489557619341212,0.069,0.119,7.16469294883869e-07,"GRCh38-CKAP2L","CKAP2L","5"
1.0097910398134e-11,-0.556811663866027,0.607,0.668,7.30099117605885e-07,"GRCh38-CKS2","CKS2","5"
1.05530909973064e-11,-0.432369126542746,0.066,0.116,7.63009585287251e-07,"GRCh38-H3C2","H3C2","5"
1.16796435433272e-11,0.350685073530863,0.779,0.741,8.44461587469645e-07,"GRCh38-DENND5A","DENND5A","5"
1.25679893797223e-11,0.543502376135436,0.228,0.168,9.08690768132681e-07,"GRCh38-IL1A","IL1A","5"
1.25950143150621e-11,0.262883647429664,0.172,0.12,9.10644725007618e-07,"GRCh38-LINC01811","LINC01811","5"
1.36282591443148e-11,0.368936820139643,0.89,0.877,9.85350392652247e-07,"GRCh38-MIR100HG","MIR100HG","5"
1.46562641863793e-11,-0.407517727213619,0.97,0.986,1.0596772132036e-06,"GRCh38-TUBB","TUBB","5"
1.54846694252671e-11,-0.655556987570636,0.131,0.187,1.11957256878566e-06,"GRCh38-NCAPG","NCAPG","5"
1.77587639364201e-11,-0.320255319366071,0.447,0.516,1.28399415013105e-06,"GRCh38-ENSG00000234147","ENSG00000234147","5"
1.93803103607607e-11,0.49829735583746,0.28,0.221,1.40123519970372e-06,"GRCh38-LINC02015","LINC02015","5"
1.97369859129004e-11,-0.300998450401947,0.524,0.593,1.42702355547452e-06,"GRCh38-POLA1","POLA1","5"
2.13763254899354e-11,-0.41761644009952,0.592,0.66,1.54555108557331e-06,"GRCh38-ANP32E","ANP32E","5"
2.19490323641609e-11,0.490403495918422,0.25,0.194,1.58695893799356e-06,"GRCh38-SLC7A2","SLC7A2","5"
2.27513332232033e-11,0.284250761612542,0.651,0.625,1.64496689470404e-06,"GRCh38-SLC35A3","SLC35A3","5"
2.7769813928076e-11,-0.501041080164737,0.838,0.86,2.00781308662775e-06,"GRCh38-CARD16","CARD16","5"
3.15830164132537e-11,0.339342550478319,0.913,0.904,2.28351525271107e-06,"GRCh38-NCOA3","NCOA3","5"
3.84111379674258e-11,-0.283591144083503,0.689,0.731,2.77720209732082e-06,"GRCh38-IGSF1","IGSF1","5"
4.0583661923809e-11,-0.642929261073241,0.351,0.408,2.93427992441524e-06,"GRCh38-ATAD2","ATAD2","5"
4.2636416614195e-11,-0.325406740536768,0.46,0.527,3.08269819403952e-06,"GRCh38-DBF4","DBF4","5"
4.38708625318185e-11,-0.25319620822062,0.058,0.105,3.17195110277554e-06,"GRCh38-ENSG00000259072","ENSG00000259072","5"
4.99451228166069e-11,0.313119000487674,0.393,0.331,3.61113226988631e-06,"GRCh38-ENSG00000222017","ENSG00000222017","5"
5.01751227394772e-11,0.389914666551632,0.637,0.63,3.62776172430968e-06,"GRCh38-RAP2B","RAP2B","5"
5.4997695247297e-11,-0.387449572080372,0.353,0.414,3.97644336177007e-06,"GRCh38-SPDL1","SPDL1","5"
5.62589082040361e-11,0.251020801684522,0.545,0.489,4.06763158096822e-06,"GRCh38-EVA1C","EVA1C","5"
6.28023434416494e-11,0.505007247490902,0.667,0.649,4.54073503551814e-06,"GRCh38-NTN4","NTN4","5"
7.43521624582717e-11,-0.670690733195266,0.098,0.148,5.37581005005796e-06,"GRCh38-CEP55","CEP55","5"
7.55123851742434e-11,-0.287562820718098,0.611,0.671,5.45969647286815e-06,"GRCh38-TOPBP1","TOPBP1","5"
8.11123309572279e-11,-0.270456483196997,0.163,0.224,5.86458375286949e-06,"GRCh38-RTN1","RTN1","5"
8.25321483245192e-11,-0.285969509607476,0.209,0.271,5.96723938815939e-06,"GRCh38-KNTC1","KNTC1","5"
9.32423683392184e-11,-0.270373428441195,0.261,0.333,6.74160971566217e-06,"GRCh38-GAGE12F","GAGE12F","5"
9.66098290782462e-11,0.371882825312245,0.317,0.263,6.98508386201536e-06,"GRCh38-ENSG00000253557","ENSG00000253557","5"
9.69666470360957e-11,-0.296119813573572,0.471,0.534,7.01088251400379e-06,"GRCh38-RAD18","RAD18","5"
1.09053613928548e-10,0.391786275098424,0.622,0.573,7.88479439426185e-06,"GRCh38-DOCK4","DOCK4","5"
1.14061011437902e-10,-0.328602764674853,0.748,0.801,8.24683924898317e-06,"GRCh38-RPA3","RPA3","5"
1.17272657686551e-10,0.335830527848047,0.527,0.472,8.47904769605298e-06,"GRCh38-CCDC69","CCDC69","5"
1.32513081643357e-10,-0.724765819988138,0.165,0.22,9.58096082897801e-06,"GRCh38-ANLN","ANLN","5"
1.34236228042303e-10,-0.454615946436276,0.206,0.266,9.7055477599146e-06,"GRCh38-FEN1","FEN1","5"
1.56386872859511e-10,-0.395890168263922,0.167,0.223,1.13070836814884e-05,"GRCh38-MND1","MND1","5"
1.7026678593262e-10,-1.48451376516969,0.306,0.363,1.23106291565003e-05,"GRCh38-TOP2A","TOP2A","5"
1.71837954552394e-10,-0.347422076665847,0.187,0.244,1.24242277900472e-05,"GRCh38-C21orf58","C21orf58","5"
1.74284523109942e-10,0.505593266551537,0.896,0.881,1.26011195898951e-05,"GRCh38-LRMDA","LRMDA","5"
2.47975902721748e-10,0.652537864160122,0.378,0.32,1.79291537185878e-05,"GRCh38-SOX5","SOX5","5"
2.50394630382036e-10,-0.769365012919351,0.086,0.133,1.8104032565882e-05,"GRCh38-DLGAP5","DLGAP5","5"
2.50552377109373e-10,0.716718331006752,0.651,0.636,1.81154379697619e-05,"GRCh38-JAZF1","JAZF1","5"
2.67068531749856e-10,-0.257604898979653,0.245,0.309,1.93095889825781e-05,"GRCh38-POLR3G","POLR3G","5"
2.99457436098749e-10,-0.614170532378323,0.114,0.165,2.16513715448118e-05,"GRCh38-KNL1","KNL1","5"
3.02089830407698e-10,0.382297983406218,0.183,0.134,2.18416989181374e-05,"GRCh38-EHF","EHF","5"
3.0434219022037e-10,-0.606435648273914,0.101,0.151,2.20045490373132e-05,"GRCh38-CLSPN","CLSPN","5"
3.17269154051962e-10,0.340736494315494,0.962,0.974,2.2939194376265e-05,"GRCh38-HLA-C","HLA-C","5"
4.05747386388607e-10,-0.360155335949335,0.161,0.218,2.93363475306691e-05,"GRCh38-ARHGAP11A","ARHGAP11A","5"
4.33702927025999e-10,0.446065975723718,0.197,0.152,3.13575890298338e-05,"GRCh38-BAMBI","BAMBI","5"
4.81083201153064e-10,-0.627329369386698,0.089,0.137,3.47832776097688e-05,"GRCh38-GTSE1","GTSE1","5"
4.88469286450077e-10,0.262435696537313,0.182,0.133,3.53173063489135e-05,"GRCh38-GCH1","GCH1","5"
5.24165660368599e-10,0.310288270404183,0.737,0.711,3.78982255759704e-05,"GRCh38-ZEB2","ZEB2","5"
5.60561242224589e-10,-0.295336112422672,0.071,0.116,4.05296989353223e-05,"GRCh38-POLQ","POLQ","5"
5.78347415893873e-10,0.355879232441567,0.501,0.44,4.18156748639588e-05,"GRCh38-PDE10A","PDE10A","5"
6.18161505404118e-10,0.450878794555343,0.574,0.543,4.46943131637286e-05,"GRCh38-RIPK2","RIPK2","5"
6.48502185291968e-10,-0.329802552705459,0.142,0.198,4.68880050009799e-05,"GRCh38-HCCS-DT","HCCS-DT","5"
7.29269899793345e-10,-0.335662444080511,0.411,0.468,5.27276722948585e-05,"GRCh38-RFC2","RFC2","5"
7.32347282659693e-10,0.345026869083383,0.896,0.901,5.29501732308611e-05,"GRCh38-MCL1","MCL1","5"
7.36823971202687e-10,0.353515782351178,0.485,0.422,5.32738467658966e-05,"GRCh38-SEMA5A","SEMA5A","5"
9.40510901423404e-10,-0.284396722370615,0.134,0.188,6.8000819194715e-05,"GRCh38-STIL","STIL","5"
9.56404240245187e-10,-0.271927058443534,0.251,0.309,6.91499393782075e-05,"GRCh38-KNSTRN","KNSTRN","5"
9.78210043227234e-10,0.257720951778073,0.163,0.119,7.07265425454155e-05,"GRCh38-SCUBE2","SCUBE2","5"
1.20152606057383e-09,0.282835740799463,0.437,0.375,8.68727372316087e-05,"GRCh38-SLC2A9","SLC2A9","5"
1.43611147342689e-09,-1.23792140858466,0.154,0.204,0.000103833731751711,"GRCh38-ASPM","ASPM","5"
1.45446372910748e-09,-0.350742576793472,0.26,0.321,0.000105160636541929,"GRCh38-CENPN","CENPN","5"
1.67617342675727e-09,0.302108841286314,0.71,0.696,0.000121190691101404,"GRCh38-LMO4","LMO4","5"
1.74601338282918e-09,-0.302637675446974,0.327,0.387,0.000126240259605316,"GRCh38-LRR1","LRR1","5"
1.86441859157005e-09,0.309155419633313,0.966,0.983,0.000134801193007697,"GRCh38-IFITM1","IFITM1","5"
1.92687379371663e-09,-0.553236674175003,0.494,0.555,0.0001393168290333,"GRCh38-KPNA2","KPNA2","5"
2.2176462441068e-09,0.289680656554723,0.106,0.069,0.00016034025874141,"GRCh38-HSPA6","HSPA6","5"
2.29278167529996e-09,0.681667687384245,0.606,0.563,0.000165772700687538,"GRCh38-MAST4","MAST4","5"
2.4224845219553e-09,0.339479387851607,0.872,0.893,0.000175150475906412,"GRCh38-APBB2","APBB2","5"
2.77189490951347e-09,-0.297803040029028,0.566,0.631,0.000200413545747643,"GRCh38-DDX39A","DDX39A","5"
3.03619632459353e-09,0.274577659061286,0.211,0.16,0.000219523066660762,"GRCh38-RNF144B","RNF144B","5"
3.17289199875445e-09,-0.375810080548999,0.108,0.154,0.000229406437293944,"GRCh38-ZWINT","ZWINT","5"
3.17458203144162e-09,-0.262962714468674,0.248,0.307,0.000229528630037292,"GRCh38-CSRP2","CSRP2","5"
3.2060862293891e-09,0.264142581184335,0.614,0.689,0.000231806446557291,"GRCh38-LRRC23","LRRC23","5"
3.60106049892010e-09,-0.359775876891611,0.353,0.412,0.000260363876192921,"GRCh38-PHF19","PHF19","5"
3.99918271805831e-09,0.321937851770265,0.398,0.344,0.000289148908881052,"GRCh38-PCAT1","PCAT1","5"
4.02363359861334e-09,0.27732611896329,0.182,0.135,0.000290916756446942,"GRCh38-POU2F2","POU2F2","5"
4.34376544886328e-09,-0.390589098588617,0.546,0.593,0.000314062929483713,"GRCh38-DNAJC9","DNAJC9","5"
4.37109928170238e-09,0.3401569758902,0.953,0.974,0.000316039220265645,"GRCh38-BST2","BST2","5"
4.49250755883438e-09,-0.253868652811521,0.179,0.233,0.000324817281518844,"GRCh38-MCM8","MCM8","5"
4.63426201301416e-09,-0.667904153399084,0.097,0.142,0.00033506641206495,"GRCh38-HMMR","HMMR","5"
4.85228747471071e-09,-0.46811485839447,0.355,0.404,0.000350830088996534,"GRCh38-MCM4","MCM4","5"
5.39762179411919e-09,-0.38169879527403,0.675,0.732,0.000390258850958405,"GRCh38-TUBB6","TUBB6","5"
5.449103100818e-09,-0.602977795382499,0.173,0.224,0.000393981052395343,"GRCh38-TK1","TK1","5"
6.03339339357212e-09,-0.893702319637699,0.164,0.211,0.000436226409142051,"GRCh38-BIRC5","BIRC5","5"
6.18056199082787e-09,0.496156699894613,0.632,0.615,0.000446866993060837,"GRCh38-STIM2","STIM2","5"
6.42807125300682e-09,-0.541225055107029,0.262,0.316,0.000464762407734899,"GRCh38-TACC3","TACC3","5"
6.8095995576032e-09,-0.641686442072297,0.092,0.136,0.000492347667213827,"GRCh38-PLK1","PLK1","5"
6.9915761098722e-09,0.332461551732358,0.313,0.258,0.00050550493589598,"GRCh38-MAP7","MAP7","5"
7.15330661703275e-09,0.27065096825883,0.159,0.115,0.000517198375024702,"GRCh38-FCRLA","FCRLA","5"
7.60860128936187e-09,-0.357796292864265,0.1,0.146,0.000550117090423442,"GRCh38-TROAP","TROAP","5"
7.70657042049849e-09,0.250200339677413,0.865,0.872,0.000557200454542882,"GRCh38-C1S","C1S","5"
7.82903641037637e-09,0.370247633095555,0.369,0.321,0.000566054990543032,"GRCh38-SOCS1","SOCS1","5"
8.18152051107084e-09,-0.660508703428091,0.163,0.212,0.000591540295991444,"GRCh38-DIAPH3","DIAPH3","5"
8.80769724526725e-09,0.300754046187854,0.676,0.637,0.000636814126227312,"GRCh38-TMEM45A","TMEM45A","5"
1.1302942375438e-08,0.28653085604865,0.33,0.268,0.000817225339628916,"GRCm39-Fth1","Fth1","5"
1.14081859081875e-08,-0.368407876698415,0.109,0.154,0.000824834657533771,"GRCh38-CDC6","CDC6","5"
1.19692945399855e-08,-0.31491662919822,0.881,0.906,0.000865403933830032,"GRCh38-NASP","NASP","5"
1.21387179428625e-08,-0.440577459323497,0.389,0.441,0.000877653584704843,"GRCh38-CENPH","CENPH","5"
1.21613656840017e-08,0.556226090682475,0.392,0.344,0.000879291061684688,"GRCh38-CD70","CD70","5"
1.33911129182722e-08,-0.443831114109679,0.296,0.351,0.000968204246216916,"GRCh38-FBXO5","FBXO5","5"
1.71995820740492e-08,-0.31472441612966,0.122,0.172,0.00124356418311791,"GRCh38-TAGLN","TAGLN","5"
2.09680676658211e-08,0.610494254871499,0.388,0.341,0.0015160332283742,"GRCh38-ITGB8","ITGB8","5"
2.24166542581511e-08,-0.461321859817746,0.765,0.793,0.00162076893617284,"GRCh38-H1-4","H1-4","5"
2.6070263807391e-08,0.449442460482762,0.763,0.741,0.00188493221380198,"GRCh38-TMTC1","TMTC1","5"
2.70058441838739e-08,0.29884789248413,0.531,0.483,0.00195257654618245,"GRCh38-ABCA6","ABCA6","5"
2.73955028290299e-08,-0.379456941785852,0.948,0.956,0.00198074964554452,"GRCh38-DEK","DEK","5"
3.15991439731276e-08,0.373629069162831,0.51,0.462,0.00228468130754507,"GRCh38-DUSP16","DUSP16","5"
3.78157024291613e-08,-0.432510924554971,0.492,0.528,0.00273415091703322,"GRCh38-GMNN","GMNN","5"
4.14501400843088e-08,0.303591735389522,0.123,0.087,0.00299692802837569,"GRCh38-ENSG00000288692","ENSG00000288692","5"
5.28952372090173e-08,0.309687128426059,0.415,0.365,0.00382443144068637,"GRCh38-CCDC146","CCDC146","5"
5.62225719896515e-08,0.277028168357607,0.86,0.87,0.00406500439999578,"GRCh38-POLD4","POLD4","5"
6.1698246308451e-08,0.52193417036853,0.686,0.663,0.00446090660459363,"GRCh38-MDM2","MDM2","5"
6.25339245061852e-08,-0.523857788649172,0.145,0.19,0.0045213278096462,"GRCh38-CDCA2","CDCA2","5"
6.31535214013461e-08,-0.260488227651408,0.323,0.383,0.00456612590436012,"GRCh38-PRKG1","PRKG1","5"
6.90979031716638e-08,0.265671473773537,0.399,0.35,0.00499591659511764,"GRCh38-KCNT2","KCNT2","5"
7.96487493293188e-08,-0.382965985034959,0.229,0.276,0.00575876387400841,"GRCh38-CHAF1A","CHAF1A","5"
8.0580152947486e-08,0.521234172413668,0.129,0.093,0.00582610621840913,"GRCh38-C11orf96","C11orf96","5"
8.30666372561486e-08,0.436193438570057,0.253,0.209,0.00600588400689406,"GRCh38-SEMA3D","SEMA3D","5"
9.05878656705173e-08,-0.355092699591392,0.408,0.468,0.00654968386370974,"GRCh38-ENSG00000286133","ENSG00000286133","5"
9.53835607142323e-08,0.316985840671626,0.852,0.864,0.00689642220676043,"GRCh38-MIA3","MIA3","5"
1.00176789571865e-07,0.355465628093234,0.159,0.118,0.00724298223962498,"GRCh38-ENSG00000250697","ENSG00000250697","5"
1.24115066595247e-07,-0.616905094636377,0.314,0.359,0.00897376754496952,"GRCh38-CDK1","CDK1","5"
1.26826216023985e-07,-0.439730709857943,0.116,0.156,0.00916978907096616,"GRCh38-CIT","CIT","5"
1.37068865508322e-07,0.258658317435369,0.202,0.157,0.00991035311398271,"GRCh38-ENSG00000250421","ENSG00000250421","5"
1.49911822109926e-07,0.336998590127095,0.767,0.772,0.0108389245621919,"GRCh38-RNF19A","RNF19A","5"
1.81170121721403e-07,0.287210808627153,0.883,0.854,0.0130989621407008,"GRCh38-PCDH7","PCDH7","5"
1.98827086572557e-07,0.291679629396455,0.777,0.77,0.014375596013369,"GRCh38-DNAJC1","DNAJC1","5"
2.04887923284862e-07,0.295134194168042,0.324,0.268,0.0148138066293421,"GRCm39-S100a9","S100a9","5"
2.53061673087459e-07,-0.478553338761698,0.076,0.111,0.0182968650875694,"GRCh38-ESCO2","ESCO2","5"
2.6438549253923e-07,-0.267002229337194,0.267,0.316,0.0191155998815714,"GRCh38-DSN1","DSN1","5"
2.99326048016187e-07,-0.290751456213204,0.476,0.519,0.0216418719236664,"GRCh38-NECTIN3-AS1","NECTIN3-AS1","5"
3.76536620983265e-07,-0.463826159323883,0.294,0.336,0.027224350770332,"GRCh38-ATAD5","ATAD5","5"
4.23556598514283e-07,-0.256817988600576,0.072,0.108,0.0306239891857797,"GRCh38-CCNE2","CCNE2","5"
4.39663509300107e-07,0.267515863836337,0.321,0.266,0.0317885510494163,"GRCm39-S100a8","S100a8","5"
4.40130877467803e-07,-0.485760987244973,0.255,0.296,0.0318223427026771,"GRCh38-KIF11","KIF11","5"
4.68202182983266e-07,-0.353831482361804,0.221,0.266,0.0338519542340561,"GRCh38-FANCA","FANCA","5"
6.72377391461566e-07,-0.260864033350699,0.222,0.27,0.0486142301574541,"GRCh38-NCAPG2","NCAPG2","5"
6.85046776025122e-07,0.500898178960121,0.151,0.113,0.0495302520001684,"GRCh38-CCL20","CCL20","5"
7.33409194805866e-07,-0.301108468516571,0.208,0.254,0.0530269516028537,"GRCh38-GAS2L3","GAS2L3","5"
7.86794719332053e-07,0.313597016877087,0.163,0.127,0.0568868317971461,"GRCh38-MAOA","MAOA","5"
8.0502777436394e-07,0.319135489994448,0.848,0.866,0.0582051181420616,"GRCh38-CLASP1","CLASP1","5"
9.00924536083946e-07,0.318163886270257,0.199,0.158,0.0651386458079415,"GRCh38-TNIP3","TNIP3","5"
1.06566612193645e-06,1.23942998202164,0.611,0.59,0.0770497919482491,"GRCh38-KAZN","KAZN","5"
1.14799286303097e-06,-0.407381573006333,0.193,0.234,0.0830021799828649,"GRCh38-DEPDC1B","DEPDC1B","5"
1.26539996096045e-06,-0.841921105154515,0.393,0.435,0.0914909479773627,"GRCh38-POSTN","POSTN","5"
1.4652132461152e-06,0.506241123942692,0.357,0.32,0.105937848120621,"GRCh38-NRXN1","NRXN1","5"
1.78604617825259e-06,0.389534236107657,0.481,0.454,0.129134710780019,"GRCh38-TACC2","TACC2","5"
1.82938852534359e-06,0.316107001161231,0.289,0.245,0.132268449159392,"GRCh38-SH3RF2","SH3RF2","5"
1.95585164464438e-06,0.304726166743591,0.426,0.386,0.141411985611078,"GRCh38-H2AC6","H2AC6","5"
2.07966245797805e-06,-0.388410882779007,0.464,0.493,0.150363755036729,"GRCh38-GPNMB","GPNMB","5"
2.13833970484433e-06,-0.342379287671258,0.325,0.375,0.154606237339655,"GRCh38-TRIP13","TRIP13","5"
2.16643096532461e-06,-0.969471383997488,0.403,0.438,0.1566372916549,"GRCh38-NUSAP1","NUSAP1","5"
2.2394652736687e-06,-0.558639181252315,0.547,0.578,0.161917818216794,"GRCh38-PCLAF","PCLAF","5"
2.56257373078842e-06,-0.684476802688941,0.151,0.188,0.185279205883464,"GRCh38-KIF4A","KIF4A","5"
2.65561387971594e-06,0.380624980068543,0.824,0.819,0.192006194731222,"GRCh38-CA12","CA12","5"
2.82758008734761e-06,0.334069997284342,0.383,0.344,0.204439695475407,"GRCh38-BTG2","BTG2","5"
3.17475049361267e-06,0.805430557823041,0.858,0.865,0.229540810189183,"GRCh38-CD55","CD55","5"
3.19642343297019e-06,-0.475269810251312,0.332,0.371,0.23110780705061,"GRCh38-HELLS","HELLS","5"
3.49164380901233e-06,-0.322778410324587,0.27,0.31,0.252452830679209,"GRCh38-B3GALT1","B3GALT1","5"
3.86297937949992e-06,-0.25067329312615,0.127,0.164,0.279301135096603,"GRCh38-FOXM1","FOXM1","5"
5.17620154019818e-06,-0.310426834653399,0.13,0.169,0.374249723759409,"GRCh38-KCNIP4","KCNIP4","5"
5.82538866602801e-06,0.431225075446068,0.76,0.736,0.421187251331157,"GRCh38-CD82","CD82","5"
5.86195243402405e-06,0.309759211109874,0.133,0.1,0.423830884884807,"GRCh38-MRGPRX3","MRGPRX3","5"
5.97250389518876e-06,0.269219239785698,0.872,0.864,0.431823976629938,"GRCh38-ENSG00000289474","ENSG00000289474","5"
6.06581567006102e-06,0.48119206317956,0.503,0.48,0.438570604576752,"GRCh38-OSBPL10","OSBPL10","5"
6.28433220265032e-06,0.27068734824937,0.613,0.596,0.454369786916023,"GRCh38-FGD4","FGD4","5"
8.44045303227955e-06,-0.268339931056978,0.201,0.239,0.610261635139876,"GRCh38-RACGAP1","RACGAP1","5"
9.71820702082188e-06,0.260588546539362,0.106,0.077,0.702645804019464,"GRCh38-PAGE2","PAGE2","5"
1.19987229382346e-05,-1.21385706187887,0.178,0.212,0.867531665880236,"GRCh38-MKI67","MKI67","5"
0.0863196141903174,-1.00850124638911,0.426,0.424,1,"GRCh38-CCNB1","CCNB1","5"
0.000828795588186845,-0.986942564978312,0.503,0.441,1,"GRCh38-TPX2","TPX2","5"
3.43288110610315e-05,-0.964215704586841,0.66,0.686,1,"GRCh38-HMGB2","HMGB2","5"
0.00953943003924394,-0.755880990095625,0.519,0.53,1,"GRCh38-PTTG1","PTTG1","5"
0.0793257606763535,0.722451008633467,0.339,0.343,1,"GRCh38-GRAMD1B","GRAMD1B","5"
0.803837046896565,0.701966842896214,0.218,0.228,1,"GRCh38-CXCL3","CXCL3","5"
0.0413395010682458,0.673703433795173,0.171,0.159,1,"GRCh38-CDH8","CDH8","5"
0.154066632425529,0.663187950015037,0.324,0.321,1,"GRCh38-CXCL8","CXCL8","5"
0.0167155790824335,0.634660586336557,0.286,0.267,1,"GRCh38-CFAP20DC-DT","CFAP20DC-DT","5"
4.28841051013269e-05,0.630844016820523,0.378,0.34,1,"GRCh38-HOMER1","HOMER1","5"
0.000513045120194905,0.629770370350551,0.945,0.961,1,"GRCh38-CTSC","CTSC","5"
0.00245281400301527,-0.597482340476499,0.224,0.248,1,"GRCh38-AURKA","AURKA","5"
0.00217121811247606,0.563916103517708,0.321,0.301,1,"GRCh38-PGF","PGF","5"
1.83868600946086e-05,-0.554258449283108,0.206,0.24,1,"GRCh38-NDC80","NDC80","5"
0.446200563254565,0.551560954054718,0.292,0.295,1,"GRCh38-LTBP1","LTBP1","5"
1.48846429617703e-05,-0.549494078981807,0.291,0.323,1,"GRCh38-BRCA1","BRCA1","5"
0.567604020346484,0.537005322588641,0.167,0.172,1,"GRCh38-FOXQ1","FOXQ1","5"
0.91625650927205,0.533919827851502,0.431,0.449,1,"GRCh38-CXCL2","CXCL2","5"
0.00356029903551276,-0.531687822414783,0.352,0.365,1,"GRCh38-CENPK","CENPK","5"
0.00607179964295138,0.530260798157653,0.552,0.616,1,"GRCh38-HSPA1A","HSPA1A","5"
0.00162676769014382,0.522373732751673,0.286,0.265,1,"GRCh38-GK","GK","5"
0.760929918272224,0.487382286803941,0.369,0.392,1,"GRCh38-HSPA1B","HSPA1B","5"
0.000398325093040787,0.475783181881864,0.552,0.508,1,"GRCh38-CASC15","CASC15","5"
0.000598033702629113,0.474483991674024,0.786,0.777,1,"GRCh38-NAV2","NAV2","5"
0.319191002968516,0.467219505662407,0.229,0.229,1,"GRCh38-ZBTB16","ZBTB16","5"
2.71483812431962e-05,-0.458243670271878,0.202,0.24,1,"GRCh38-ENSG00000286147","ENSG00000286147","5"
0.000148336793603622,-0.449229191241522,0.242,0.274,1,"GRCh38-SGO2","SGO2","5"
0.000133381093310107,-0.437870765390396,0.296,0.321,1,"GRCh38-FANCI","FANCI","5"
0.974793367969835,0.423962788461559,0.523,0.527,1,"GRCh38-AKR1C2","AKR1C2","5"
0.00226393831140643,0.420401916535578,0.106,0.131,1,"GRCh38-VGF","VGF","5"
0.281662198469183,0.416068799917087,0.533,0.544,1,"GRCh38-GFPT2","GFPT2","5"
2.17707570635735e-05,-0.412689260026294,0.187,0.221,1,"GRCh38-MELK","MELK","5"
0.83231941748476,0.410669760291641,0.471,0.505,1,"GRCh38-SLC39A14","SLC39A14","5"
0.00494564968291467,0.405755105615191,0.642,0.62,1,"GRCh38-AKR1C1","AKR1C1","5"
0.00112335910113943,0.402504437122372,0.133,0.109,1,"GRCh38-DCN","DCN","5"
0.000150965891200009,0.397225612092534,0.866,0.887,1,"GRCh38-FRMD4A","FRMD4A","5"
0.669709948083138,0.389656425743067,0.914,0.934,1,"GRCh38-PTPRA","PTPRA","5"
0.60129706925589,-0.384463961116327,0.234,0.228,1,"GRCh38-ORC6","ORC6","5"
0.0719867153012544,0.380006676322,0.622,0.633,1,"GRCh38-PDLIM7","PDLIM7","5"
0.598593302389425,0.379700310236465,0.485,0.516,1,"GRCh38-ACSL1","ACSL1","5"
0.00561821643205939,0.379307216605635,0.356,0.339,1,"GRCh38-ZC3H12C","ZC3H12C","5"
0.00382952309943869,0.376543908200468,0.661,0.662,1,"GRCh38-PDIA5","PDIA5","5"
0.142729035127485,0.36472737568483,0.447,0.448,1,"GRCh38-TNFAIP8","TNFAIP8","5"
0.020074065404886,-0.362035444014543,0.15,0.168,1,"GRCh38-H3C4","H3C4","5"
0.00072495094613235,-0.360304368665688,0.16,0.189,1,"GRCh38-LSAMP","LSAMP","5"
0.000524104010784186,-0.352473553937621,0.391,0.423,1,"GRCh38-KIF20B","KIF20B","5"
2.32558383992446e-05,0.350649208800009,0.727,0.719,1,"GRCh38-ROS1","ROS1","5"
0.052955043737285,0.350018091381833,0.727,0.753,1,"GRCh38-SPRED2","SPRED2","5"
0.6149146630427,-0.348744872686927,0.169,0.162,1,"GRCh38-COL1A2","COL1A2","5"
0.00397518708667185,-0.344137108681695,0.119,0.138,1,"GRCh38-AURKB","AURKB","5"
0.00315023398548594,0.343930239381616,0.617,0.622,1,"GRCh38-CCN3","CCN3","5"
0.835689333998734,0.338391613230719,0.721,0.73,1,"GRCh38-VEGFC","VEGFC","5"
0.00374839735320781,0.337751692875352,0.127,0.108,1,"GRCh38-SEMA4A","SEMA4A","5"
0.0167966013682088,0.336616758513633,0.552,0.55,1,"GRCh38-STC1","STC1","5"
0.0803003026257636,0.331690105544208,0.293,0.284,1,"GRCh38-LGR6","LGR6","5"
0.257419222234852,0.329519620732207,0.779,0.785,1,"GRCh38-EGR1","EGR1","5"
3.57972487487848e-05,-0.328400950070713,0.592,0.619,1,"GRCh38-SLC14A1","SLC14A1","5"
0.198197704062303,0.322713151879083,0.897,0.913,1,"GRCh38-LINC00511","LINC00511","5"
0.00021226112948199,0.322233656894514,0.89,0.919,1,"GRCh38-CUX1","CUX1","5"
0.000930967901090796,0.321386301688855,0.57,0.531,1,"GRCh38-LRP1B","LRP1B","5"
0.000222176356616651,0.316421131226153,0.429,0.402,1,"GRCh38-USP49","USP49","5"
0.0596567425793208,0.316320553103166,0.34,0.373,1,"GRCh38-TEX14","TEX14","5"
0.022162416948988,0.309915105781926,0.916,0.936,1,"GRCh38-AFF4","AFF4","5"
0.848865464035544,0.307923887177756,0.801,0.817,1,"GRCh38-CCDC6","CCDC6","5"
0.00162649805526068,0.307660286017924,0.281,0.253,1,"GRCh38-FAAH2","FAAH2","5"
0.00343754302028245,-0.306115871291291,0.138,0.16,1,"GRCh38-H2AC17","H2AC17","5"
0.000128165044490934,-0.305563920920478,0.348,0.398,1,"GRCh38-NRG1","NRG1","5"
0.328511108156128,-0.305414699984654,0.871,0.877,1,"GRCh38-ARL6IP1","ARL6IP1","5"
0.766230754176378,0.304208329329276,0.114,0.117,1,"GRCh38-HBG2","HBG2","5"
2.60262245780625e-05,-0.299935748039771,0.162,0.199,1,"GRCh38-CCNF","CCNF","5"
0.000222543924542857,0.298308252582399,0.655,0.649,1,"GRCh38-DRAM1","DRAM1","5"
0.132559521227816,0.296275157475849,0.792,0.807,1,"GRCh38-B4GALT1","B4GALT1","5"
0.451335442312743,0.295874057514832,0.868,0.897,1,"GRCh38-NFKBIA","NFKBIA","5"
0.285779341506904,-0.295068852852653,0.457,0.435,1,"GRCh38-ECT2","ECT2","5"
0.0488099222192795,0.294103216745455,0.38,0.364,1,"GRCh38-NRCAM","NRCAM","5"
1.84772388230607e-05,0.293193202747966,0.524,0.476,1,"GRCh38-CSTA","CSTA","5"
0.00972598733276054,-0.282984506926127,0.123,0.142,1,"GRCh38-FAM83D","FAM83D","5"
0.00811803384236217,-0.282771680089273,0.775,0.765,1,"GRCh38-PTN","PTN","5"
0.225552735743011,0.281342727122927,0.45,0.452,1,"GRCh38-SNAI1","SNAI1","5"
0.444160602754915,-0.279260384613413,0.242,0.247,1,"GRCh38-LINC02506","LINC02506","5"
0.000385119593752855,0.279003901069258,0.389,0.357,1,"GRCh38-MIR22HG","MIR22HG","5"
0.0496595407252268,0.277899752393858,0.923,0.937,1,"GRCh38-KMT2C","KMT2C","5"
0.00626874050375166,0.275125912477255,0.612,0.588,1,"GRCh38-MEIS1","MEIS1","5"
0.00117732892571896,-0.274670014775163,0.324,0.285,1,"GRCh38-NDRG1","NDRG1","5"
0.109046645223847,0.273676129287316,0.492,0.498,1,"GRCh38-IRAK2","IRAK2","5"
0.595058465053049,0.273634609843407,0.45,0.478,1,"GRCh38-UAP1","UAP1","5"
0.000163599098094783,0.273281497274787,0.943,0.947,1,"GRCh38-SVIL","SVIL","5"
8.24847494411254e-05,0.273040944742504,0.914,0.936,1,"GRCh38-TMEM165","TMEM165","5"
5.55475060900319e-05,0.272535892839419,0.501,0.478,1,"GRCh38-SLC41A2","SLC41A2","5"
0.000493108674015086,0.272041548866876,0.815,0.819,1,"GRCh38-PLPP1","PLPP1","5"
0.000139974223243202,-0.270710083355845,0.596,0.609,1,"GRCh38-PRXL2A","PRXL2A","5"
0.263055978114552,0.270652198672722,0.67,0.664,1,"GRCh38-OPHN1","OPHN1","5"
4.18488381457136e-05,0.269841116287524,0.114,0.086,1,"GRCh38-IL2RG","IL2RG","5"
0.000188149436145807,0.269528117993325,0.165,0.136,1,"GRCh38-SNCG","SNCG","5"
5.07169525274216e-05,0.268866005046695,0.181,0.15,1,"GRCh38-LINC02196","LINC02196","5"
2.64644524261137e-05,0.268795802315374,0.491,0.461,1,"GRCh38-ZBTB43","ZBTB43","5"
0.800953781846373,0.265506784195972,0.846,0.873,1,"GRCh38-TLK1","TLK1","5"
0.00342076658332748,-0.263659738635488,0.287,0.309,1,"GRCh38-LIG1","LIG1","5"
4.8670050573428e-05,-0.263658051462347,0.197,0.153,1,"GRCh38-BUB1","BUB1","5"
0.309828550791599,0.260606186498157,0.731,0.741,1,"GRCh38-CUL4B","CUL4B","5"
0.121693240077585,0.259540982457072,0.892,0.916,1,"GRCh38-IMMP2L","IMMP2L","5"
0.466347918497907,-0.258983850139923,0.217,0.217,1,"GRCh38-ENSG00000290886","ENSG00000290886","5"
0.00153924402498189,0.258130688518122,0.886,0.929,1,"GRCh38-CEBPD","CEBPD","5"
0.00366202941715219,0.258102528021714,0.731,0.734,1,"GRCh38-TMEM132A","TMEM132A","5"
0.000305783302208451,0.256765029979708,0.476,0.451,1,"GRCh38-LSS","LSS","5"
0.00513230651899014,0.253588363305578,0.654,0.664,1,"GRCh38-ITGA5","ITGA5","5"
0.000132336957419268,0.253300669892388,0.1,0.076,1,"GRCh38-TRIM55","TRIM55","5"
0.028597689368026,0.25298431859039,0.796,0.811,1,"GRCh38-ABL2","ABL2","5"
0.000440382375309516,0.252634814194035,0.151,0.123,1,"GRCh38-ENSG00000235495","ENSG00000235495","5"
0.000386434776849669,-0.252165100551043,0.86,0.899,1,"GRCh38-MGP","MGP","5"
0.00280697130336076,-0.25199800523578,0.248,0.282,1,"GRCh38-ARHGDIB","ARHGDIB","5"
1.46899506873485e-05,0.251045598062498,0.905,0.923,1,"GRCh38-JUNB","JUNB","5"
0.176081748078844,0.250472206967894,0.957,0.964,1,"GRCh38-NEAT1","NEAT1","5"
