collection_id	pathway_id	leading_edge_gene_id	leading_edge_rank
H	HALLMARK_KRAS_SIGNALING_DN	CDH16	1
H	HALLMARK_KRAS_SIGNALING_DN	ITGB1BP2	2
H	HALLMARK_KRAS_SIGNALING_DN	YPEL1	3
H	HALLMARK_KRAS_SIGNALING_DN	EDN2	4
H	HALLMARK_KRAS_SIGNALING_DN	TGM1	5
H	HALLMARK_KRAS_SIGNALING_DN	EPHA5	6
H	HALLMARK_KRAS_SIGNALING_DN	GDNF	7
H	HALLMARK_KRAS_SIGNALING_DN	STAG3	8
H	HALLMARK_KRAS_SIGNALING_DN	IL5	9
H	HALLMARK_KRAS_SIGNALING_DN	UPK3B	10
H	HALLMARK_KRAS_SIGNALING_DN	PKP1	11
H	HALLMARK_KRAS_SIGNALING_DN	FGFR3	12
H	HALLMARK_KRAS_SIGNALING_DN	GPRC5C	13
H	HALLMARK_KRAS_SIGNALING_DN	SLC5A5	14
H	HALLMARK_KRAS_SIGNALING_DN	EFHD1	15
H	HALLMARK_KRAS_SIGNALING_DN	DLK2	16
H	HALLMARK_KRAS_SIGNALING_DN	SMPX	17
H	HALLMARK_KRAS_SIGNALING_DN	IGFBP2	18
H	HALLMARK_KRAS_SIGNALING_DN	FGF22	19
H	HALLMARK_KRAS_SIGNALING_DN	TCF7L1	20
H	HALLMARK_KRAS_SIGNALING_DN	CACNA1F	21
H	HALLMARK_KRAS_SIGNALING_DN	PDK2	22
H	HALLMARK_KRAS_SIGNALING_DN	TFCP2L1	23
H	HALLMARK_KRAS_SIGNALING_DN	KCNN1	24
H	HALLMARK_KRAS_SIGNALING_DN	CD80	25
H	HALLMARK_KRAS_SIGNALING_DN	GAMT	26
H	HALLMARK_KRAS_SIGNALING_DN	EGF	27
H	HALLMARK_KRAS_SIGNALING_DN	ARPP21	28
H	HALLMARK_KRAS_SIGNALING_DN	CALCB	29
H	HALLMARK_KRAS_SIGNALING_DN	TFAP2B	30
H	HALLMARK_KRAS_SIGNALING_DN	SLC6A3	31
H	HALLMARK_KRAS_SIGNALING_DN	MACROH2A2	32
H	HALLMARK_KRAS_SIGNALING_DN	TG	33
H	HALLMARK_KRAS_SIGNALING_DN	KRT5	34
H	HALLMARK_KRAS_SIGNALING_DN	ABCB11	35
H	HALLMARK_KRAS_SIGNALING_DN	SIDT1	36
H	HALLMARK_KRAS_SIGNALING_DN	TAS2R4	37
H	HALLMARK_KRAS_SIGNALING_DN	MYO15A	38
H	HALLMARK_KRAS_SIGNALING_DN	NPHS1	39
H	HALLMARK_KRAS_SIGNALING_DN	CELSR2	40
H	HALLMARK_KRAS_SIGNALING_DN	GRID2	41
H	HALLMARK_KRAS_SIGNALING_DN	THRB	42
H	HALLMARK_KRAS_SIGNALING_DN	SGK1	43
H	HALLMARK_KRAS_SIGNALING_DN	RYR1	44
H	HALLMARK_KRAS_SIGNALING_DN	SLC30A3	45
H	HALLMARK_KRAS_SIGNALING_DN	P2RX6	46
H	HALLMARK_KRAS_SIGNALING_DN	EDN1	47
H	HALLMARK_KRAS_SIGNALING_DN	CAMK1D	48
H	HALLMARK_KRAS_SIGNALING_DN	HSD11B2	49
H	HALLMARK_KRAS_SIGNALING_DN	DCC	50
H	HALLMARK_KRAS_SIGNALING_DN	KRT15	51
H	HALLMARK_KRAS_SIGNALING_DN	FGGY	52
H	HALLMARK_KRAS_SIGNALING_DN	CPA2	53
H	HALLMARK_KRAS_SIGNALING_DN	BTG2	54
H	HALLMARK_KRAS_SIGNALING_DN	C5	55
H	HALLMARK_KRAS_SIGNALING_DN	BMPR1B	56
H	HALLMARK_KRAS_SIGNALING_DN	ENTPD7	57
H	HALLMARK_KRAS_SIGNALING_DN	SLC29A3	58
H	HALLMARK_KRAS_SIGNALING_DN	RSAD2	59
H	HALLMARK_KRAS_SIGNALING_DN	MAGIX	60
H	HALLMARK_KRAS_SIGNALING_DN	ZBTB16	61
H	HALLMARK_KRAS_SIGNALING_DN	NUDT11	62
H	HALLMARK_MYC_TARGETS_V1	MCM5	1
H	HALLMARK_MYC_TARGETS_V1	PCNA	2
H	HALLMARK_MYC_TARGETS_V1	MCM6	3
H	HALLMARK_MYC_TARGETS_V1	KPNB1	4
H	HALLMARK_MYC_TARGETS_V1	TYMS	5
H	HALLMARK_MYC_TARGETS_V1	LSM7	6
H	HALLMARK_MYC_TARGETS_V1	SNRPG	7
H	HALLMARK_MYC_TARGETS_V1	DUT	8
H	HALLMARK_MYC_TARGETS_V1	TFDP1	9
H	HALLMARK_MYC_TARGETS_V1	SRM	10
H	HALLMARK_MYC_TARGETS_V1	MCM7	11
H	HALLMARK_MYC_TARGETS_V1	NDUFAB1	12
H	HALLMARK_MYC_TARGETS_V1	MCM2	13
H	HALLMARK_MYC_TARGETS_V1	PPM1G	14
H	HALLMARK_MYC_TARGETS_V1	SRSF2	15
H	HALLMARK_MYC_TARGETS_V1	TXNL4A	16
H	HALLMARK_MYC_TARGETS_V1	PSMA4	17
H	HALLMARK_MYC_TARGETS_V1	RANBP1	18
H	HALLMARK_MYC_TARGETS_V1	USP1	19
H	HALLMARK_MYC_TARGETS_V1	NME1	20
H	HALLMARK_MYC_TARGETS_V1	MCM4	21
H	HALLMARK_MYC_TARGETS_V1	SNRPD1	22
H	HALLMARK_MYC_TARGETS_V1	NOP56	23
H	HALLMARK_MYC_TARGETS_V1	H2AZ1	24
H	HALLMARK_MYC_TARGETS_V1	PRDX4	25
H	HALLMARK_MYC_TARGETS_V1	HSPE1	26
H	HALLMARK_MYC_TARGETS_V1	PHB2	27
H	HALLMARK_MYC_TARGETS_V1	RFC4	28
H	HALLMARK_MYC_TARGETS_V1	SET	29
H	HALLMARK_MYC_TARGETS_V1	PSMA7	30
H	HALLMARK_MYC_TARGETS_V1	EIF1AX	31
H	HALLMARK_MYC_TARGETS_V1	NHP2	32
H	HALLMARK_MYC_TARGETS_V1	SNRPD3	33
H	HALLMARK_MYC_TARGETS_V1	SSBP1	34
H	HALLMARK_MYC_TARGETS_V1	GLO1	35
H	HALLMARK_MYC_TARGETS_V1	RAN	36
H	HALLMARK_MYC_TARGETS_V1	ABCE1	37
H	HALLMARK_MYC_TARGETS_V1	CDC45	38
H	HALLMARK_MYC_TARGETS_V1	PSMB2	39
H	HALLMARK_MYC_TARGETS_V1	MRPL9	40
H	HALLMARK_MYC_TARGETS_V1	NAP1L1	41
H	HALLMARK_MYC_TARGETS_V1	ERH	42
H	HALLMARK_MYC_TARGETS_V1	PSMA1	43
H	HALLMARK_MYC_TARGETS_V1	PA2G4	44
H	HALLMARK_MYC_TARGETS_V1	PHB1	45
H	HALLMARK_MYC_TARGETS_V1	SRSF7	46
H	HALLMARK_MYC_TARGETS_V1	C1QBP	47
H	HALLMARK_MYC_TARGETS_V1	HPRT1	48
H	HALLMARK_MYC_TARGETS_V1	XRCC6	49
H	HALLMARK_MYC_TARGETS_V1	HSP90AB1	50
H	HALLMARK_MYC_TARGETS_V1	CTPS1	51
H	HALLMARK_MYC_TARGETS_V1	UBE2L3	52
H	HALLMARK_MYC_TARGETS_V1	PSMA2	53
H	HALLMARK_MYC_TARGETS_V1	SNRPD2	54
H	HALLMARK_MYC_TARGETS_V1	CCT2	55
H	HALLMARK_MYC_TARGETS_V1	SNRPA	56
H	HALLMARK_MYC_TARGETS_V1	SERBP1	57
H	HALLMARK_MYC_TARGETS_V1	COX5A	58
H	HALLMARK_MYC_TARGETS_V1	PTGES3	59
H	HALLMARK_MYC_TARGETS_V1	PRDX3	60
H	HALLMARK_MYC_TARGETS_V1	CDK4	61
H	HALLMARK_MYC_TARGETS_V1	NPM1	62
H	HALLMARK_MYC_TARGETS_V1	VDAC3	63
H	HALLMARK_MYC_TARGETS_V1	SLC25A3	64
H	HALLMARK_MYC_TARGETS_V1	EIF4A1	65
H	HALLMARK_MYC_TARGETS_V1	EIF2S2	66
H	HALLMARK_MYC_TARGETS_V1	FBL	67
H	HALLMARK_MYC_TARGETS_V1	LSM2	68
H	HALLMARK_MYC_TARGETS_V1	SRSF3	69
H	HALLMARK_MYC_TARGETS_V1	TUFM	70
H	HALLMARK_MYC_TARGETS_V1	EIF4E	71
H	HALLMARK_MYC_TARGETS_V1	DEK	72
H	HALLMARK_MYC_TARGETS_V1	VDAC1	73
H	HALLMARK_MYC_TARGETS_V1	POLE3	74
H	HALLMARK_MYC_TARGETS_V1	HNRNPR	75
H	HALLMARK_MYC_TARGETS_V1	PSMB3	76
H	HALLMARK_MYC_TARGETS_V1	CCT7	77
H	HALLMARK_MYC_TARGETS_V1	TRIM28	78
H	HALLMARK_MYC_TARGETS_V1	CCT3	79
H	HALLMARK_MYC_TARGETS_V1	PSMD8	80
H	HALLMARK_MYC_TARGETS_V1	HNRNPD	81
H	HALLMARK_MYC_TARGETS_V1	NOLC1	82
H	HALLMARK_MYC_TARGETS_V1	EEF1B2	83
H	HALLMARK_MYC_TARGETS_V1	PCBP1	84
H	HALLMARK_MYC_TARGETS_V1	GNL3	85
H	HALLMARK_MYC_TARGETS_V1	PSMD3	86
H	HALLMARK_MYC_TARGETS_V1	SRPK1	87
H	HALLMARK_MYC_TARGETS_V1	SSB	88
H	HALLMARK_MYC_TARGETS_V1	TOMM70	89
H	HALLMARK_MYC_TARGETS_V1	HDAC2	90
H	HALLMARK_MYC_TARGETS_V1	CYC1	91
H	HALLMARK_MYC_TARGETS_V1	RPS10	92
H	HALLMARK_MYC_TARGETS_V1	RRP9	93
H	HALLMARK_MYC_TARGETS_V1	PSMD1	94
H	HALLMARK_MYC_TARGETS_V1	PPIA	95
H	HALLMARK_MYC_TARGETS_V1	AIMP2	96
H	HALLMARK_MYC_TARGETS_V1	HSPD1	97
H	HALLMARK_MYC_TARGETS_V1	G3BP1	98
H	HALLMARK_MYC_TARGETS_V1	PSMA6	99
H	HALLMARK_MYC_TARGETS_V1	SNRPA1	100
H	HALLMARK_MYC_TARGETS_V1	HDDC2	101
H	HALLMARK_MYC_TARGETS_V1	SRSF1	102
H	HALLMARK_MYC_TARGETS_V1	EPRS1	103
H	HALLMARK_MYC_TARGETS_V1	RNPS1	104
H	HALLMARK_MYC_TARGETS_V1	APEX1	105
H	HALLMARK_MYC_TARGETS_V1	EIF2S1	106
H	HALLMARK_MYC_TARGETS_V1	PSMC4	107
H	HALLMARK_MYC_TARGETS_V1	XPO1	108
H	HALLMARK_MYC_TARGETS_V1	RPL18	109
H	HALLMARK_MYC_TARGETS_V1	RPS5	110
H	HALLMARK_MYC_TARGETS_V1	RPS3	111
H	HALLMARK_MYC_TARGETS_V1	POLD2	112
H	HALLMARK_MYC_TARGETS_V1	PABPC4	113
H	HALLMARK_MYC_TARGETS_V1	SYNCRIP	114
H	HALLMARK_MYC_TARGETS_V1	CCT5	115
H	HALLMARK_MYC_TARGETS_V1	RSL1D1	116
H	HALLMARK_MYC_TARGETS_V1	EIF3D	117
H	HALLMARK_MYC_TARGETS_V1	SNRPB2	118
H	HALLMARK_MYC_TARGETS_V1	SF3B3	119
H	HALLMARK_MYC_TARGETS_V1	PSMD7	120
H	HALLMARK_MYC_TARGETS_V1	ACP1	121
H	HALLMARK_MYC_TARGETS_V1	CCT4	122
H	HALLMARK_MYC_TARGETS_V1	PRPS2	123
H	HALLMARK_MYC_TARGETS_V1	RRM1	124
H	HALLMARK_MYC_TARGETS_V1	NOP16	125
H	HALLMARK_MYC_TARGETS_V1	CLNS1A	126
H	HALLMARK_MYC_TARGETS_V1	DDX18	127
H	HALLMARK_MYC_TARGETS_V1	RPL22	128
H	HALLMARK_MYC_TARGETS_V1	PSMC6	129
H	HALLMARK_MYC_TARGETS_V1	EIF3J	130
H	HALLMARK_MYC_TARGETS_V1	RPL6	131
H	HALLMARK_MYC_TARGETS_V1	CDK2	132
H	HALLMARK_MYC_TARGETS_V1	PWP1	133
H	HALLMARK_MYC_TARGETS_V1	RACK1	134
H	HALLMARK_MYC_TARGETS_V1	CBX3	135
H	HALLMARK_MYC_TARGETS_V1	COPS5	136
H	HALLMARK_MYC_TARGETS_V1	AP3S1	137
H	HALLMARK_MYC_TARGETS_V1	RPS6	138
H	HALLMARK_MYC_TARGETS_V1	U2AF1	139
H	HALLMARK_MYC_TARGETS_V1	DDX21	140
H	HALLMARK_MYC_TARGETS_V1	GSPT1	141
H	HALLMARK_MYC_TARGETS_V1	CUL1	142
H	HALLMARK_MYC_TARGETS_V1	CAD	143
H	HALLMARK_MYC_TARGETS_V1	EXOSC7	144
H	HALLMARK_MYC_TARGETS_V1	YWHAQ	145
H	HALLMARK_MYC_TARGETS_V1	RPL14	146
H	HALLMARK_OXIDATIVE_PHOSPHORYLATION	UQCR10	1
H	HALLMARK_OXIDATIVE_PHOSPHORYLATION	BAX	2
H	HALLMARK_OXIDATIVE_PHOSPHORYLATION	NDUFAB1	3
H	HALLMARK_OXIDATIVE_PHOSPHORYLATION	UQCRFS1	4
H	HALLMARK_OXIDATIVE_PHOSPHORYLATION	MRPL11	5
H	HALLMARK_OXIDATIVE_PHOSPHORYLATION	MRPS15	6
H	HALLMARK_OXIDATIVE_PHOSPHORYLATION	MPC1	7
H	HALLMARK_OXIDATIVE_PHOSPHORYLATION	ATP5F1D	8
H	HALLMARK_OXIDATIVE_PHOSPHORYLATION	MRPL34	9
H	HALLMARK_OXIDATIVE_PHOSPHORYLATION	TIMM8B	10
H	HALLMARK_OXIDATIVE_PHOSPHORYLATION	ATP5MC1	11
H	HALLMARK_OXIDATIVE_PHOSPHORYLATION	CYCS	12
H	HALLMARK_OXIDATIVE_PHOSPHORYLATION	NDUFA6	13
H	HALLMARK_OXIDATIVE_PHOSPHORYLATION	ATP5MC3	14
H	HALLMARK_OXIDATIVE_PHOSPHORYLATION	NDUFS8	15
H	HALLMARK_OXIDATIVE_PHOSPHORYLATION	MRPL15	16
H	HALLMARK_OXIDATIVE_PHOSPHORYLATION	LDHB	17
H	HALLMARK_OXIDATIVE_PHOSPHORYLATION	SLC25A11	18
H	HALLMARK_OXIDATIVE_PHOSPHORYLATION	PHB2	19
H	HALLMARK_OXIDATIVE_PHOSPHORYLATION	ATP5PF	20
H	HALLMARK_OXIDATIVE_PHOSPHORYLATION	TIMM9	21
H	HALLMARK_OXIDATIVE_PHOSPHORYLATION	FXN	22
H	HALLMARK_OXIDATIVE_PHOSPHORYLATION	POLR2F	23
H	HALLMARK_OXIDATIVE_PHOSPHORYLATION	NDUFB2	24
H	HALLMARK_OXIDATIVE_PHOSPHORYLATION	HSD17B10	25
H	HALLMARK_OXIDATIVE_PHOSPHORYLATION	TOMM22	26
H	HALLMARK_OXIDATIVE_PHOSPHORYLATION	COX7B	27
H	HALLMARK_OXIDATIVE_PHOSPHORYLATION	ATP5ME	28
H	HALLMARK_OXIDATIVE_PHOSPHORYLATION	NDUFC2	29
H	HALLMARK_OXIDATIVE_PHOSPHORYLATION	NDUFS6	30
H	HALLMARK_OXIDATIVE_PHOSPHORYLATION	TIMM13	31
H	HALLMARK_OXIDATIVE_PHOSPHORYLATION	MRPS12	32
H	HALLMARK_OXIDATIVE_PHOSPHORYLATION	NDUFA4	33
H	HALLMARK_OXIDATIVE_PHOSPHORYLATION	COX5A	34
H	HALLMARK_OXIDATIVE_PHOSPHORYLATION	ATP5MF	35
H	HALLMARK_OXIDATIVE_PHOSPHORYLATION	PRDX3	36
H	HALLMARK_OXIDATIVE_PHOSPHORYLATION	VDAC3	37
H	HALLMARK_OXIDATIVE_PHOSPHORYLATION	SLC25A3	38
H	HALLMARK_OXIDATIVE_PHOSPHORYLATION	ISCU	39
H	HALLMARK_OXIDATIVE_PHOSPHORYLATION	UQCRH	40
H	HALLMARK_OXIDATIVE_PHOSPHORYLATION	COX15	41
H	HALLMARK_OXIDATIVE_PHOSPHORYLATION	ATP5MG	42
H	HALLMARK_OXIDATIVE_PHOSPHORYLATION	UQCRB	43
H	HALLMARK_OXIDATIVE_PHOSPHORYLATION	NDUFA1	44
H	HALLMARK_OXIDATIVE_PHOSPHORYLATION	SUCLG1	45
H	HALLMARK_OXIDATIVE_PHOSPHORYLATION	MRPL35	46
H	HALLMARK_OXIDATIVE_PHOSPHORYLATION	SDHA	47
H	HALLMARK_OXIDATIVE_PHOSPHORYLATION	ATP5F1B	48
H	HALLMARK_OXIDATIVE_PHOSPHORYLATION	VDAC1	49
H	HALLMARK_OXIDATIVE_PHOSPHORYLATION	IMMT	50
H	HALLMARK_OXIDATIVE_PHOSPHORYLATION	NDUFS3	51
H	HALLMARK_OXIDATIVE_PHOSPHORYLATION	SLC25A5	52
H	HALLMARK_OXIDATIVE_PHOSPHORYLATION	NDUFA8	53
H	HALLMARK_OXIDATIVE_PHOSPHORYLATION	ATP5F1C	54
H	HALLMARK_OXIDATIVE_PHOSPHORYLATION	CPT1A	55
H	HALLMARK_OXIDATIVE_PHOSPHORYLATION	PDHA1	56
H	HALLMARK_OXIDATIVE_PHOSPHORYLATION	TIMM10	57
H	HALLMARK_OXIDATIVE_PHOSPHORYLATION	ATP6V0B	58
H	HALLMARK_OXIDATIVE_PHOSPHORYLATION	COX5B	59
H	HALLMARK_OXIDATIVE_PHOSPHORYLATION	NDUFS7	60
H	HALLMARK_OXIDATIVE_PHOSPHORYLATION	TIMM50	61
H	HALLMARK_OXIDATIVE_PHOSPHORYLATION	ATP5PO	62
H	HALLMARK_OXIDATIVE_PHOSPHORYLATION	SDHD	63
H	HALLMARK_OXIDATIVE_PHOSPHORYLATION	ATP5F1E	64
H	HALLMARK_OXIDATIVE_PHOSPHORYLATION	TOMM70	65
H	HALLMARK_OXIDATIVE_PHOSPHORYLATION	ATP5F1A	66
H	HALLMARK_OXIDATIVE_PHOSPHORYLATION	FDX1	67
H	HALLMARK_OXIDATIVE_PHOSPHORYLATION	CYC1	68
H	HALLMARK_OXIDATIVE_PHOSPHORYLATION	VDAC2	69
H	HALLMARK_OXIDATIVE_PHOSPHORYLATION	COX11	70
H	HALLMARK_OXIDATIVE_PHOSPHORYLATION	NDUFB8	71
H	HALLMARK_OXIDATIVE_PHOSPHORYLATION	ECI1	72
H	HALLMARK_OXIDATIVE_PHOSPHORYLATION	ATP5PB	73
H	HALLMARK_OXIDATIVE_PHOSPHORYLATION	HCCS	74
H	HALLMARK_OXIDATIVE_PHOSPHORYLATION	NDUFB7	75
H	HALLMARK_OXIDATIVE_PHOSPHORYLATION	NDUFA9	76
H	HALLMARK_OXIDATIVE_PHOSPHORYLATION	GRPEL1	77
H	HALLMARK_OXIDATIVE_PHOSPHORYLATION	CYB5R3	78
H	HALLMARK_OXIDATIVE_PHOSPHORYLATION	COX4I1	79
H	HALLMARK_OXIDATIVE_PHOSPHORYLATION	SDHB	80
H	HALLMARK_OXIDATIVE_PHOSPHORYLATION	NDUFB3	81
H	HALLMARK_OXIDATIVE_PHOSPHORYLATION	OXA1L	82
H	HALLMARK_OXIDATIVE_PHOSPHORYLATION	AFG3L2	83
H	HALLMARK_OXIDATIVE_PHOSPHORYLATION	ATP6V1F	84
H	HALLMARK_OXIDATIVE_PHOSPHORYLATION	FH	85
H	HALLMARK_OXIDATIVE_PHOSPHORYLATION	UQCR11	86
H	HALLMARK_OXIDATIVE_PHOSPHORYLATION	ECHS1	87
H	HALLMARK_OXIDATIVE_PHOSPHORYLATION	UQCRC2	88
H	HALLMARK_OXIDATIVE_PHOSPHORYLATION	NDUFV2	89
H	HALLMARK_OXIDATIVE_PHOSPHORYLATION	NDUFC1	90
H	HALLMARK_OXIDATIVE_PHOSPHORYLATION	PDHB	91
H	HALLMARK_OXIDATIVE_PHOSPHORYLATION	SLC25A6	92
H	HALLMARK_OXIDATIVE_PHOSPHORYLATION	DLAT	93
H	HALLMARK_OXIDATIVE_PHOSPHORYLATION	HSPA9	94
H	HALLMARK_OXIDATIVE_PHOSPHORYLATION	NDUFA2	95
H	HALLMARK_OXIDATIVE_PHOSPHORYLATION	ACAT1	96
H	HALLMARK_OXIDATIVE_PHOSPHORYLATION	NDUFB4	97
H	HALLMARK_OXIDATIVE_PHOSPHORYLATION	NDUFB1	98
H	HALLMARK_OXIDATIVE_PHOSPHORYLATION	ETFB	99
H	HALLMARK_OXIDATIVE_PHOSPHORYLATION	UQCRQ	100
H	HALLMARK_OXIDATIVE_PHOSPHORYLATION	IDH3G	101
H	HALLMARK_OXIDATIVE_PHOSPHORYLATION	ATP6AP1	102
H	HALLMARK_OXIDATIVE_PHOSPHORYLATION	ALAS1	103
H	HALLMARK_OXIDATIVE_PHOSPHORYLATION	COX7C	104
H	HALLMARK_OXIDATIVE_PHOSPHORYLATION	ACAA1	105
H	HALLMARK_OXIDATIVE_PHOSPHORYLATION	NDUFA7	106
H	HALLMARK_OXIDATIVE_PHOSPHORYLATION	MRPS30	107
H	HALLMARK_OXIDATIVE_PHOSPHORYLATION	NDUFA5	108
H	HALLMARK_OXIDATIVE_PHOSPHORYLATION	MRPS11	109
H	HALLMARK_OXIDATIVE_PHOSPHORYLATION	ATP6V0E1	110
H	HALLMARK_OXIDATIVE_PHOSPHORYLATION	IDH1	111
H	HALLMARK_OXIDATIVE_PHOSPHORYLATION	CS	112
H	HALLMARK_OXIDATIVE_PHOSPHORYLATION	COX7A2	113
H	HALLMARK_OXIDATIVE_PHOSPHORYLATION	CYB5A	114
H	HALLMARK_OXIDATIVE_PHOSPHORYLATION	COX6C	115
H	HALLMARK_OXIDATIVE_PHOSPHORYLATION	COX10	116
H	HALLMARK_OXIDATIVE_PHOSPHORYLATION	NDUFB6	117
H	HALLMARK_OXIDATIVE_PHOSPHORYLATION	MTX2	118
H	HALLMARK_OXIDATIVE_PHOSPHORYLATION	ETFA	119
H	HALLMARK_OXIDATIVE_PHOSPHORYLATION	MDH2	120
H	HALLMARK_OXIDATIVE_PHOSPHORYLATION	COX8A	121
H	HALLMARK_OXIDATIVE_PHOSPHORYLATION	PMPCA	122
H	HALLMARK_OXIDATIVE_PHOSPHORYLATION	GPX4	123
H	HALLMARK_OXIDATIVE_PHOSPHORYLATION	TCIRG1	124
H	HALLMARK_OXIDATIVE_PHOSPHORYLATION	ATP1B1	125
H	HALLMARK_OXIDATIVE_PHOSPHORYLATION	NDUFV1	126
H	HALLMARK_OXIDATIVE_PHOSPHORYLATION	COX6B1	127
H	HALLMARK_OXIDATIVE_PHOSPHORYLATION	DLD	128
H	HALLMARK_OXIDATIVE_PHOSPHORYLATION	ATP6V1E1	129
H	HALLMARK_OXIDATIVE_PHOSPHORYLATION	UQCRC1	130
H	HALLMARK_OXIDATIVE_PHOSPHORYLATION	TIMM17A	131
H	HALLMARK_OXIDATIVE_PHOSPHORYLATION	COX17	132
H	HALLMARK_OXIDATIVE_PHOSPHORYLATION	OGDH	133
H	HALLMARK_OXIDATIVE_PHOSPHORYLATION	ACAA2	134
H	HALLMARK_OXIDATIVE_PHOSPHORYLATION	COX7A2L	135
H	HALLMARK_OXIDATIVE_PHOSPHORYLATION	MDH1	136
H	HALLMARK_OXIDATIVE_PHOSPHORYLATION	NDUFB5	137
H	HALLMARK_E2F_TARGETS	POLD3	1
H	HALLMARK_E2F_TARGETS	MCM5	2
H	HALLMARK_E2F_TARGETS	PCNA	3
H	HALLMARK_E2F_TARGETS	LIG1	4
H	HALLMARK_E2F_TARGETS	MCM6	5
H	HALLMARK_E2F_TARGETS	MCM3	6
H	HALLMARK_E2F_TARGETS	UNG	7
H	HALLMARK_E2F_TARGETS	DUT	8
H	HALLMARK_E2F_TARGETS	MCM7	9
H	HALLMARK_E2F_TARGETS	POLE	10
H	HALLMARK_E2F_TARGETS	POLA2	11
H	HALLMARK_E2F_TARGETS	GINS3	12
H	HALLMARK_E2F_TARGETS	MCM2	13
H	HALLMARK_E2F_TARGETS	SLBP	14
H	HALLMARK_E2F_TARGETS	TCF19	15
H	HALLMARK_E2F_TARGETS	DONSON	16
H	HALLMARK_E2F_TARGETS	RAD51C	17
H	HALLMARK_E2F_TARGETS	MMS22L	18
H	HALLMARK_E2F_TARGETS	CDC25A	19
H	HALLMARK_E2F_TARGETS	CNOT9	20
H	HALLMARK_E2F_TARGETS	SRSF2	21
H	HALLMARK_E2F_TARGETS	TIPIN	22
H	HALLMARK_E2F_TARGETS	RANBP1	23
H	HALLMARK_E2F_TARGETS	USP1	24
H	HALLMARK_E2F_TARGETS	RAD51AP1	25
H	HALLMARK_E2F_TARGETS	NME1	26
H	HALLMARK_E2F_TARGETS	MCM4	27
H	HALLMARK_E2F_TARGETS	UBE2T	28
H	HALLMARK_E2F_TARGETS	GINS1	29
H	HALLMARK_E2F_TARGETS	RFC2	30
H	HALLMARK_E2F_TARGETS	NOP56	31
H	HALLMARK_E2F_TARGETS	H2AZ1	32
H	HALLMARK_E2F_TARGETS	ATAD2	33
H	HALLMARK_E2F_TARGETS	PRDX4	34
H	HALLMARK_E2F_TARGETS	HELLS	35
H	HALLMARK_E2F_TARGETS	MSH2	36
H	HALLMARK_E2F_TARGETS	RAN	37
H	HALLMARK_E2F_TARGETS	CSE1L	38
H	HALLMARK_E2F_TARGETS	CCNE1	39
H	HALLMARK_E2F_TARGETS	NAP1L1	40
H	HALLMARK_E2F_TARGETS	SNRPB	41
H	HALLMARK_E2F_TARGETS	DSCC1	42
H	HALLMARK_E2F_TARGETS	BRCA1	43
H	HALLMARK_E2F_TARGETS	H2AX	44
H	HALLMARK_E2F_TARGETS	NASP	45
H	HALLMARK_E2F_TARGETS	PA2G4	46
H	HALLMARK_E2F_TARGETS	SMC3	47
H	HALLMARK_E2F_TARGETS	DNMT1	48
H	HALLMARK_E2F_TARGETS	RFC3	49
H	HALLMARK_E2F_TARGETS	XRCC6	50
H	HALLMARK_E2F_TARGETS	CTPS1	51
H	HALLMARK_E2F_TARGETS	SMC6	52
H	HALLMARK_E2F_TARGETS	PRKDC	53
H	HALLMARK_E2F_TARGETS	CDK4	54
H	HALLMARK_E2F_TARGETS	RRM2	55
H	HALLMARK_E2F_TARGETS	DCK	56
H	HALLMARK_E2F_TARGETS	RPA1	57
H	HALLMARK_E2F_TARGETS	SSRP1	58
H	HALLMARK_E2F_TARGETS	E2F8	59
H	HALLMARK_E2F_TARGETS	RPA2	60
H	HALLMARK_E2F_TARGETS	DCTPP1	61
H	HALLMARK_E2F_TARGETS	LYAR	62
H	HALLMARK_E2F_TARGETS	BARD1	63
H	HALLMARK_E2F_TARGETS	DEK	64
H	HALLMARK_E2F_TARGETS	SMC1A	65
H	HALLMARK_E2F_TARGETS	POP7	66
H	HALLMARK_E2F_TARGETS	BRCA2	67
H	HALLMARK_E2F_TARGETS	HMGA1	68
H	HALLMARK_E2F_TARGETS	CENPM	69
H	HALLMARK_E2F_TARGETS	CHEK2	70
H	HALLMARK_E2F_TARGETS	HNRNPD	71
H	HALLMARK_E2F_TARGETS	NOLC1	72
H	HALLMARK_E2F_TARGETS	DCLRE1B	73
H	HALLMARK_E2F_TARGETS	TUBB	74
H	HALLMARK_E2F_TARGETS	TMPO	75
H	HALLMARK_E2F_TARGETS	DDX39A	76
H	HALLMARK_E2F_TARGETS	ORC6	77
H	HALLMARK_E2F_TARGETS	POLD1	78
H	HALLMARK_E2F_TARGETS	EED	79
H	HALLMARK_E2F_TARGETS	ASF1B	80
H	HALLMARK_E2F_TARGETS	MELK	81
H	HALLMARK_E2F_TARGETS	PSIP1	82
H	HALLMARK_E2F_TARGETS	RAD1	83
H	HALLMARK_E2F_TARGETS	PSMC3IP	84
H	HALLMARK_E2F_TARGETS	PAICS	85
H	HALLMARK_E2F_TARGETS	POLE4	86
H	HALLMARK_E2F_TARGETS	CCP110	87
H	HALLMARK_E2F_TARGETS	IPO7	88
H	HALLMARK_E2F_TARGETS	SRSF1	89
H	HALLMARK_E2F_TARGETS	EIF2S1	90
H	HALLMARK_E2F_TARGETS	MYBL2	91
H	HALLMARK_E2F_TARGETS	XPO1	92
H	HALLMARK_E2F_TARGETS	POLD2	93
H	HALLMARK_E2F_TARGETS	RPA3	94
H	HALLMARK_E2F_TARGETS	ZW10	95
H	HALLMARK_E2F_TARGETS	SYNCRIP	96
H	HALLMARK_E2F_TARGETS	LUC7L3	97
H	HALLMARK_E2F_TARGETS	PHF5A	98
H	HALLMARK_E2F_TARGETS	TBRG4	99
H	HALLMARK_E2F_TARGETS	CDC25B	100
H	HALLMARK_E2F_TARGETS	NUP107	101
H	HALLMARK_E2F_TARGETS	TUBG1	102
H	HALLMARK_E2F_TARGETS	PNN	103
H	HALLMARK_E2F_TARGETS	EZH2	104
H	HALLMARK_E2F_TARGETS	MLH1	105
H	HALLMARK_E2F_TARGETS	PDS5B	106
H	HALLMARK_E2F_TARGETS	TIMELESS	107
H	HALLMARK_E2F_TARGETS	CHEK1	108
H	HALLMARK_E2F_TARGETS	RBBP7	109
H	HALLMARK_E2F_TARGETS	AK2	110
H	HALLMARK_E2F_TARGETS	RAD50	111
H	HALLMARK_E2F_TARGETS	SUV39H1	112
H	HALLMARK_E2F_TARGETS	LMNB1	113
H	HALLMARK_E2F_TARGETS	RFC1	114
H	HALLMARK_E2F_TARGETS	PRIM2	115
H	HALLMARK_E2F_TARGETS	CTCF	116
H	HALLMARK_E2F_TARGETS	PPM1D	117
H	HALLMARK_E2F_TARGETS	HUS1	118
H	HALLMARK_E2F_TARGETS	JPT1	119
H	HALLMARK_E2F_TARGETS	NAA38	120
H	HALLMARK_E2F_TARGETS	NBN	121
H	HALLMARK_E2F_TARGETS	GSPT1	122
H	HALLMARK_E2F_TARGETS	TP53	123
H	HALLMARK_E2F_TARGETS	PRPS1	124
H	HALLMARK_E2F_TARGETS	KIF18B	125
H	HALLMARK_E2F_TARGETS	PLK4	126
H	HALLMARK_E2F_TARGETS	UBR7	127
H	HALLMARK_E2F_TARGETS	CBX5	128
H	HALLMARK_E2F_TARGETS	SHMT1	129
H	HALLMARK_E2F_TARGETS	MRE11	130
H	HALLMARK_DNA_REPAIR	POLD3	1
H	HALLMARK_DNA_REPAIR	PCNA	2
H	HALLMARK_DNA_REPAIR	LIG1	3
H	HALLMARK_DNA_REPAIR	FEN1	4
H	HALLMARK_DNA_REPAIR	TYMS	5
H	HALLMARK_DNA_REPAIR	SAC3D1	6
H	HALLMARK_DNA_REPAIR	DUT	7
H	HALLMARK_DNA_REPAIR	POLA2	8
H	HALLMARK_DNA_REPAIR	CDA	9
H	HALLMARK_DNA_REPAIR	RAD51	10
H	HALLMARK_DNA_REPAIR	NME1	11
H	HALLMARK_DNA_REPAIR	ADRM1	12
H	HALLMARK_DNA_REPAIR	RFC2	13
H	HALLMARK_DNA_REPAIR	PRIM1	14
H	HALLMARK_DNA_REPAIR	PNP	15
H	HALLMARK_DNA_REPAIR	RFC4	16
H	HALLMARK_DNA_REPAIR	POLR1H	17
H	HALLMARK_DNA_REPAIR	POLR2F	18
H	HALLMARK_DNA_REPAIR	ITPA	19
H	HALLMARK_DNA_REPAIR	POLR2I	20
H	HALLMARK_DNA_REPAIR	GTF2H5	21
H	HALLMARK_DNA_REPAIR	RFC3	22
H	HALLMARK_DNA_REPAIR	HPRT1	23
H	HALLMARK_DNA_REPAIR	RFC5	24
H	HALLMARK_DNA_REPAIR	CSTF3	25
H	HALLMARK_DNA_REPAIR	POLR2J	26
H	HALLMARK_DNA_REPAIR	DGCR8	27
H	HALLMARK_DNA_REPAIR	CCNO	28
H	HALLMARK_DNA_REPAIR	NUDT9	29
H	HALLMARK_DNA_REPAIR	POLA1	30
H	HALLMARK_DNA_REPAIR	SSRP1	31
H	HALLMARK_DNA_REPAIR	RPA2	32
H	HALLMARK_DNA_REPAIR	NFX1	33
H	HALLMARK_DNA_REPAIR	ALYREF	34
H	HALLMARK_DNA_REPAIR	ZWINT	35
H	HALLMARK_DNA_REPAIR	GTF3C5	36
H	HALLMARK_DNA_REPAIR	UMPS	37
H	HALLMARK_DNA_REPAIR	EDF1	38
H	HALLMARK_DNA_REPAIR	AK3	39
H	HALLMARK_DNA_REPAIR	NT5C3A	40
H	HALLMARK_DNA_REPAIR	POLD1	41
H	HALLMARK_DNA_REPAIR	APRT	42
H	HALLMARK_DNA_REPAIR	DDB2	43
H	HALLMARK_DNA_REPAIR	NME4	44
H	HALLMARK_DNA_REPAIR	GUK1	45
H	HALLMARK_DNA_REPAIR	SUPT4H1	46
H	HALLMARK_DNA_REPAIR	POLE4	47
H	HALLMARK_DNA_REPAIR	DAD1	48
H	HALLMARK_DNA_REPAIR	RPA3	49
H	HALLMARK_DNA_REPAIR	NELFCD	50
H	HALLMARK_DNA_REPAIR	NELFE	51
H	HALLMARK_DNA_REPAIR	POLR2E	52
H	HALLMARK_DNA_REPAIR	POLR2K	53
H	HALLMARK_DNA_REPAIR	SNAPC5	54
H	HALLMARK_DNA_REPAIR	TARBP2	55
H	HALLMARK_DNA_REPAIR	SF3A3	56
H	HALLMARK_DNA_REPAIR	NME3	57
H	HALLMARK_DNA_REPAIR	POLR2G	58
H	HALLMARK_DNA_REPAIR	CANT1	59
H	HALLMARK_DNA_REPAIR	TAF9	60
H	HALLMARK_DNA_REPAIR	POLR2H	61
H	HALLMARK_DNA_REPAIR	RBX1	62
H	HALLMARK_DNA_REPAIR	SMAD5	63
H	HALLMARK_DNA_REPAIR	NT5C	64
H	HALLMARK_DNA_REPAIR	MRPL40	65
H	HALLMARK_DNA_REPAIR	DGUOK	66
H	HALLMARK_DNA_REPAIR	POLH	67
H	HALLMARK_DNA_REPAIR	TP53	68
H	HALLMARK_DNA_REPAIR	GPX4	69
H	HALLMARK_DNA_REPAIR	RAE1	70
H	HALLMARK_DNA_REPAIR	BCAP31	71
H	HALLMARK_DNA_REPAIR	POLR2D	72
H	HALLMARK_DNA_REPAIR	COX17	73
H	HALLMARK_DNA_REPAIR	ERCC4	74
H	HALLMARK_DNA_REPAIR	MPC2	75
H	HALLMARK_DNA_REPAIR	NCBP2	76
H	HALLMARK_DNA_REPAIR	DCTN4	77
H	HALLMARK_DNA_REPAIR	IMPDH2	78
H	HALLMARK_DNA_REPAIR	CLP1	79
H	HALLMARK_DNA_REPAIR	SURF1	80
C2:CP:REACTOME	REACTOME_CLASS_A_1_RHODOPSIN_LIKE_RECEPTORS	XK	1
C2:CP:REACTOME	REACTOME_CLASS_A_1_RHODOPSIN_LIKE_RECEPTORS	PTGER3	2
C2:CP:REACTOME	REACTOME_CLASS_A_1_RHODOPSIN_LIKE_RECEPTORS	ADRA2B	3
C2:CP:REACTOME	REACTOME_CLASS_A_1_RHODOPSIN_LIKE_RECEPTORS	NTSR1	4
C2:CP:REACTOME	REACTOME_CLASS_A_1_RHODOPSIN_LIKE_RECEPTORS	ACKR1	5
C2:CP:REACTOME	REACTOME_CLASS_A_1_RHODOPSIN_LIKE_RECEPTORS	CXCL13	6
C2:CP:REACTOME	REACTOME_CLASS_A_1_RHODOPSIN_LIKE_RECEPTORS	HCRTR2	7
C2:CP:REACTOME	REACTOME_CLASS_A_1_RHODOPSIN_LIKE_RECEPTORS	GPR132	8
C2:CP:REACTOME	REACTOME_CLASS_A_1_RHODOPSIN_LIKE_RECEPTORS	NMBR	9
C2:CP:REACTOME	REACTOME_CLASS_A_1_RHODOPSIN_LIKE_RECEPTORS	RLN3	10
C2:CP:REACTOME	REACTOME_CLASS_A_1_RHODOPSIN_LIKE_RECEPTORS	P2RY14	11
C2:CP:REACTOME	REACTOME_CLASS_A_1_RHODOPSIN_LIKE_RECEPTORS	GPR37L1	12
C2:CP:REACTOME	REACTOME_CLASS_A_1_RHODOPSIN_LIKE_RECEPTORS	NPSR1	13
C2:CP:REACTOME	REACTOME_CLASS_A_1_RHODOPSIN_LIKE_RECEPTORS	TACR2	14
C2:CP:REACTOME	REACTOME_CLASS_A_1_RHODOPSIN_LIKE_RECEPTORS	XCL1	15
C2:CP:REACTOME	REACTOME_CLASS_A_1_RHODOPSIN_LIKE_RECEPTORS	GPR35	16
C2:CP:REACTOME	REACTOME_CLASS_A_1_RHODOPSIN_LIKE_RECEPTORS	NMU	17
C2:CP:REACTOME	REACTOME_CLASS_A_1_RHODOPSIN_LIKE_RECEPTORS	CNR1	18
C2:CP:REACTOME	REACTOME_CLASS_A_1_RHODOPSIN_LIKE_RECEPTORS	HCAR2	19
C2:CP:REACTOME	REACTOME_CLASS_A_1_RHODOPSIN_LIKE_RECEPTORS	DRD2	20
C2:CP:REACTOME	REACTOME_CLASS_A_1_RHODOPSIN_LIKE_RECEPTORS	EDN2	21
C2:CP:REACTOME	REACTOME_CLASS_A_1_RHODOPSIN_LIKE_RECEPTORS	LPAR5	22
C2:CP:REACTOME	REACTOME_CLASS_A_1_RHODOPSIN_LIKE_RECEPTORS	F2RL3	23
C2:CP:REACTOME	REACTOME_CLASS_A_1_RHODOPSIN_LIKE_RECEPTORS	ACKR2	24
C2:CP:REACTOME	REACTOME_CLASS_A_1_RHODOPSIN_LIKE_RECEPTORS	ADRB1	25
C2:CP:REACTOME	REACTOME_CLASS_A_1_RHODOPSIN_LIKE_RECEPTORS	CCL28	26
C2:CP:REACTOME	REACTOME_CLASS_A_1_RHODOPSIN_LIKE_RECEPTORS	GALR2	27
C2:CP:REACTOME	REACTOME_CLASS_A_1_RHODOPSIN_LIKE_RECEPTORS	GHRL	28
C2:CP:REACTOME	REACTOME_CLASS_A_1_RHODOPSIN_LIKE_RECEPTORS	PLPPR3	29
C2:CP:REACTOME	REACTOME_CLASS_A_1_RHODOPSIN_LIKE_RECEPTORS	F2	30
C2:CP:REACTOME	REACTOME_CLASS_A_1_RHODOPSIN_LIKE_RECEPTORS	PTAFR	31
C2:CP:REACTOME	REACTOME_CLASS_A_1_RHODOPSIN_LIKE_RECEPTORS	CCR1	32
C2:CP:REACTOME	REACTOME_CLASS_A_1_RHODOPSIN_LIKE_RECEPTORS	PLPPR4	33
C2:CP:REACTOME	REACTOME_CLASS_A_1_RHODOPSIN_LIKE_RECEPTORS	ACKR3	34
C2:CP:REACTOME	REACTOME_CLASS_A_1_RHODOPSIN_LIKE_RECEPTORS	PTGER4	35
C2:CP:REACTOME	REACTOME_CLASS_A_1_RHODOPSIN_LIKE_RECEPTORS	CYSLTR2	36
C2:CP:REACTOME	REACTOME_CLASS_A_1_RHODOPSIN_LIKE_RECEPTORS	CXCL5	37
C2:CP:REACTOME	REACTOME_CLASS_A_1_RHODOPSIN_LIKE_RECEPTORS	CXCL9	38
C2:CP:REACTOME	REACTOME_CLASS_A_1_RHODOPSIN_LIKE_RECEPTORS	CCR10	39
C2:CP:REACTOME	REACTOME_CLASS_A_1_RHODOPSIN_LIKE_RECEPTORS	ACKR4	40
C2:CP:REACTOME	REACTOME_CLASS_A_1_RHODOPSIN_LIKE_RECEPTORS	MTNR1A	41
C2:CP:REACTOME	REACTOME_CLASS_A_1_RHODOPSIN_LIKE_RECEPTORS	P2RY1	42
C2:CP:REACTOME	REACTOME_CLASS_A_1_RHODOPSIN_LIKE_RECEPTORS	RRH	43
C2:CP:REACTOME	REACTOME_CLASS_A_1_RHODOPSIN_LIKE_RECEPTORS	GAL	44
C2:CP:REACTOME	REACTOME_CLASS_A_1_RHODOPSIN_LIKE_RECEPTORS	CXCR5	45
C2:CP:REACTOME	REACTOME_CLASS_A_1_RHODOPSIN_LIKE_RECEPTORS	CXCL12	46
C2:CP:REACTOME	REACTOME_CLASS_A_1_RHODOPSIN_LIKE_RECEPTORS	OXTR	47
C2:CP:REACTOME	REACTOME_CLASS_A_1_RHODOPSIN_LIKE_RECEPTORS	TSHR	48
C2:CP:REACTOME	REACTOME_CLASS_A_1_RHODOPSIN_LIKE_RECEPTORS	CCR7	49
C2:CP:REACTOME	REACTOME_CLASS_A_1_RHODOPSIN_LIKE_RECEPTORS	LHCGR	50
C2:CP:REACTOME	REACTOME_CLASS_A_1_RHODOPSIN_LIKE_RECEPTORS	GRPR	51
C2:CP:REACTOME	REACTOME_CLASS_A_1_RHODOPSIN_LIKE_RECEPTORS	NPFF	52
C2:CP:REACTOME	REACTOME_CLASS_A_1_RHODOPSIN_LIKE_RECEPTORS	HTR1F	53
C2:CP:REACTOME	REACTOME_CLASS_A_1_RHODOPSIN_LIKE_RECEPTORS	KISS1R	54
C2:CP:REACTOME	REACTOME_CLASS_A_1_RHODOPSIN_LIKE_RECEPTORS	ADORA1	55
C2:CP:REACTOME	REACTOME_CLASS_A_1_RHODOPSIN_LIKE_RECEPTORS	TACR1	56
C2:CP:REACTOME	REACTOME_CLASS_A_1_RHODOPSIN_LIKE_RECEPTORS	HCAR3	57
C2:CP:REACTOME	REACTOME_CLASS_A_1_RHODOPSIN_LIKE_RECEPTORS	SUCNR1	58
C2:CP:REACTOME	REACTOME_CLASS_A_1_RHODOPSIN_LIKE_RECEPTORS	LPAR2	59
C2:CP:REACTOME	REACTOME_CLASS_A_1_RHODOPSIN_LIKE_RECEPTORS	HRH2	60
C2:CP:REACTOME	REACTOME_CLASS_A_1_RHODOPSIN_LIKE_RECEPTORS	CHRM2	61
C2:CP:REACTOME	REACTOME_CLASS_A_1_RHODOPSIN_LIKE_RECEPTORS	LPAR6	62
C2:CP:REACTOME	REACTOME_CLASS_A_1_RHODOPSIN_LIKE_RECEPTORS	CXCR2	63
C2:CP:REACTOME	REACTOME_CLASS_A_1_RHODOPSIN_LIKE_RECEPTORS	S1PR5	64
C2:CP:REACTOME	REACTOME_CLASS_A_1_RHODOPSIN_LIKE_RECEPTORS	C5AR2	65
C2:CP:REACTOME	REACTOME_CLASS_A_1_RHODOPSIN_LIKE_RECEPTORS	NPBWR1	66
C2:CP:REACTOME	REACTOME_CLASS_A_1_RHODOPSIN_LIKE_RECEPTORS	DRD4	67
C2:CP:REACTOME	REACTOME_CLASS_A_1_RHODOPSIN_LIKE_RECEPTORS	CXCL16	68
C2:CP:REACTOME	REACTOME_CLASS_A_1_RHODOPSIN_LIKE_RECEPTORS	PYY	69
C2:CP:REACTOME	REACTOME_CLASS_A_1_RHODOPSIN_LIKE_RECEPTORS	SAA1	70
C2:CP:REACTOME	REACTOME_CLASS_A_1_RHODOPSIN_LIKE_RECEPTORS	GPR68	71
C2:CP:REACTOME	REACTOME_CLASS_A_1_RHODOPSIN_LIKE_RECEPTORS	C3	72
C2:CP:REACTOME	REACTOME_CLASS_A_1_RHODOPSIN_LIKE_RECEPTORS	TACR3	73
C2:CP:REACTOME	REACTOME_CLASS_A_1_RHODOPSIN_LIKE_RECEPTORS	LPAR3	74
C2:CP:REACTOME	REACTOME_CLASS_A_1_RHODOPSIN_LIKE_RECEPTORS	BDKRB2	75
C2:CP:REACTOME	REACTOME_CLASS_A_1_RHODOPSIN_LIKE_RECEPTORS	C3AR1	76
C2:CP:REACTOME	REACTOME_CLASS_A_1_RHODOPSIN_LIKE_RECEPTORS	GPR143	77
C2:CP:REACTOME	REACTOME_CLASS_A_1_RHODOPSIN_LIKE_RECEPTORS	ADRB2	78
C2:CP:REACTOME	REACTOME_CLASS_A_1_RHODOPSIN_LIKE_RECEPTORS	GPER1	79
C2:CP:REACTOME	REACTOME_CLASS_A_1_RHODOPSIN_LIKE_RECEPTORS	ADRA1B	80
C2:CP:REACTOME	REACTOME_CLASS_A_1_RHODOPSIN_LIKE_RECEPTORS	GNRH1	81
C2:CP:REACTOME	REACTOME_CLASS_A_1_RHODOPSIN_LIKE_RECEPTORS	ADORA2A	82
C2:CP:REACTOME	REACTOME_CLASS_A_1_RHODOPSIN_LIKE_RECEPTORS	CCL17	83
C2:CP:REACTOME	REACTOME_CLASS_A_1_RHODOPSIN_LIKE_RECEPTORS	F2RL2	84
C2:CP:REACTOME	REACTOME_CLASS_A_1_RHODOPSIN_LIKE_RECEPTORS	PSAP	85
C2:CP:REACTOME	REACTOME_CLASS_A_1_RHODOPSIN_LIKE_RECEPTORS	OPRM1	86
C2:CP:REACTOME	REACTOME_CLASS_A_1_RHODOPSIN_LIKE_RECEPTORS	EDN1	87
C2:CP:REACTOME	REACTOME_GPCR_LIGAND_BINDING	XK	1
C2:CP:REACTOME	REACTOME_GPCR_LIGAND_BINDING	PTGER3	2
C2:CP:REACTOME	REACTOME_GPCR_LIGAND_BINDING	ADRA2B	3
C2:CP:REACTOME	REACTOME_GPCR_LIGAND_BINDING	NTSR1	4
C2:CP:REACTOME	REACTOME_GPCR_LIGAND_BINDING	ACKR1	5
C2:CP:REACTOME	REACTOME_GPCR_LIGAND_BINDING	CXCL13	6
C2:CP:REACTOME	REACTOME_GPCR_LIGAND_BINDING	HCRTR2	7
C2:CP:REACTOME	REACTOME_GPCR_LIGAND_BINDING	DHH	8
C2:CP:REACTOME	REACTOME_GPCR_LIGAND_BINDING	GPR132	9
C2:CP:REACTOME	REACTOME_GPCR_LIGAND_BINDING	NMBR	10
C2:CP:REACTOME	REACTOME_GPCR_LIGAND_BINDING	WNT6	11
C2:CP:REACTOME	REACTOME_GPCR_LIGAND_BINDING	RLN3	12
C2:CP:REACTOME	REACTOME_GPCR_LIGAND_BINDING	P2RY14	13
C2:CP:REACTOME	REACTOME_GPCR_LIGAND_BINDING	GPR37L1	14
C2:CP:REACTOME	REACTOME_GPCR_LIGAND_BINDING	NPSR1	15
C2:CP:REACTOME	REACTOME_GPCR_LIGAND_BINDING	TACR2	16
C2:CP:REACTOME	REACTOME_GPCR_LIGAND_BINDING	XCL1	17
C2:CP:REACTOME	REACTOME_GPCR_LIGAND_BINDING	GPR35	18
C2:CP:REACTOME	REACTOME_GPCR_LIGAND_BINDING	NMU	19
C2:CP:REACTOME	REACTOME_GPCR_LIGAND_BINDING	GRM3	20
C2:CP:REACTOME	REACTOME_GPCR_LIGAND_BINDING	CNR1	21
C2:CP:REACTOME	REACTOME_GPCR_LIGAND_BINDING	VIPR1	22
C2:CP:REACTOME	REACTOME_GPCR_LIGAND_BINDING	HCAR2	23
C2:CP:REACTOME	REACTOME_GPCR_LIGAND_BINDING	DRD2	24
C2:CP:REACTOME	REACTOME_GPCR_LIGAND_BINDING	EDN2	25
C2:CP:REACTOME	REACTOME_GPCR_LIGAND_BINDING	LPAR5	26
C2:CP:REACTOME	REACTOME_GPCR_LIGAND_BINDING	F2RL3	27
C2:CP:REACTOME	REACTOME_GPCR_LIGAND_BINDING	ACKR2	28
C2:CP:REACTOME	REACTOME_GPCR_LIGAND_BINDING	ADRB1	29
C2:CP:REACTOME	REACTOME_GPCR_LIGAND_BINDING	CCL28	30
C2:CP:REACTOME	REACTOME_GPCR_LIGAND_BINDING	GALR2	31
C2:CP:REACTOME	REACTOME_GPCR_LIGAND_BINDING	GHRL	32
C2:CP:REACTOME	REACTOME_GPCR_LIGAND_BINDING	PLPPR3	33
C2:CP:REACTOME	REACTOME_GPCR_LIGAND_BINDING	F2	34
C2:CP:REACTOME	REACTOME_GPCR_LIGAND_BINDING	TAS1R1	35
C2:CP:REACTOME	REACTOME_GPCR_LIGAND_BINDING	PTAFR	36
C2:CP:REACTOME	REACTOME_GPCR_LIGAND_BINDING	CCR1	37
C2:CP:REACTOME	REACTOME_GPCR_LIGAND_BINDING	PLPPR4	38
C2:CP:REACTOME	REACTOME_GPCR_LIGAND_BINDING	ACKR3	39
C2:CP:REACTOME	REACTOME_GPCR_LIGAND_BINDING	GRM8	40
C2:CP:REACTOME	REACTOME_GPCR_LIGAND_BINDING	PTGER4	41
C2:CP:REACTOME	REACTOME_GPCR_LIGAND_BINDING	TAS2R30	42
C2:CP:REACTOME	REACTOME_GPCR_LIGAND_BINDING	CYSLTR2	43
C2:CP:REACTOME	REACTOME_GPCR_LIGAND_BINDING	CXCL5	44
C2:CP:REACTOME	REACTOME_GPCR_LIGAND_BINDING	CXCL9	45
C2:CP:REACTOME	REACTOME_GPCR_LIGAND_BINDING	CCR10	46
C2:CP:REACTOME	REACTOME_GPCR_LIGAND_BINDING	GRM1	47
C2:CP:REACTOME	REACTOME_GPCR_LIGAND_BINDING	GLP2R	48
C2:CP:REACTOME	REACTOME_GPCR_LIGAND_BINDING	ACKR4	49
C2:CP:REACTOME	REACTOME_GPCR_LIGAND_BINDING	MTNR1A	50
C2:CP:REACTOME	REACTOME_GPCR_LIGAND_BINDING	P2RY1	51
C2:CP:REACTOME	REACTOME_GPCR_LIGAND_BINDING	RRH	52
C2:CP:REACTOME	REACTOME_GPCR_LIGAND_BINDING	GAL	53
C2:CP:REACTOME	REACTOME_GPCR_LIGAND_BINDING	CXCR5	54
C2:CP:REACTOME	REACTOME_GPCR_LIGAND_BINDING	WNT3A	55
C2:CP:REACTOME	REACTOME_GPCR_LIGAND_BINDING	CXCL12	56
C2:CP:REACTOME	REACTOME_GPCR_LIGAND_BINDING	OXTR	57
C2:CP:REACTOME	REACTOME_GPCR_LIGAND_BINDING	TSHR	58
C2:CP:REACTOME	REACTOME_GPCR_LIGAND_BINDING	CCR7	59
C2:CP:REACTOME	REACTOME_GPCR_LIGAND_BINDING	WNT4	60
C2:CP:REACTOME	REACTOME_GPCR_LIGAND_BINDING	LHCGR	61
C2:CP:REACTOME	REACTOME_GPCR_LIGAND_BINDING	GRPR	62
C2:CP:REACTOME	REACTOME_GPCR_LIGAND_BINDING	NPFF	63
C2:CP:REACTOME	REACTOME_GPCR_LIGAND_BINDING	ADGRE3	64
C2:CP:REACTOME	REACTOME_GPCR_LIGAND_BINDING	HTR1F	65
C2:CP:REACTOME	REACTOME_GPCR_LIGAND_BINDING	KISS1R	66
C2:CP:REACTOME	REACTOME_GPCR_LIGAND_BINDING	CALCB	67
C2:CP:REACTOME	REACTOME_GPCR_LIGAND_BINDING	ADORA1	68
C2:CP:REACTOME	REACTOME_GPCR_LIGAND_BINDING	TACR1	69
C2:CP:REACTOME	REACTOME_GPCR_LIGAND_BINDING	HCAR3	70
C2:CP:REACTOME	REACTOME_GPCR_LIGAND_BINDING	SUCNR1	71
C2:CP:REACTOME	REACTOME_GPCR_LIGAND_BINDING	LPAR2	72
C2:CP:REACTOME	REACTOME_GPCR_LIGAND_BINDING	GIPR	73
C2:CP:REACTOME	REACTOME_GPCR_LIGAND_BINDING	HRH2	74
C2:CP:REACTOME	REACTOME_GPCR_LIGAND_BINDING	ADM	75
C2:CP:REACTOME	REACTOME_GPCR_LIGAND_BINDING	CHRM2	76
C2:CP:REACTOME	REACTOME_GPCR_LIGAND_BINDING	LPAR6	77
C2:CP:REACTOME	REACTOME_GPCR_LIGAND_BINDING	CXCR2	78
C2:CP:REACTOME	REACTOME_GPCR_LIGAND_BINDING	S1PR5	79
C2:CP:REACTOME	REACTOME_GPCR_LIGAND_BINDING	C5AR2	80
C2:CP:REACTOME	REACTOME_GPCR_LIGAND_BINDING	NPBWR1	81
C2:CP:REACTOME	REACTOME_GPCR_LIGAND_BINDING	DRD4	82
C2:CP:REACTOME	REACTOME_GPCR_LIGAND_BINDING	CXCL16	83
C2:CP:REACTOME	REACTOME_GPCR_LIGAND_BINDING	PYY	84
C2:CP:REACTOME	REACTOME_GPCR_LIGAND_BINDING	SAA1	85
C2:CP:REACTOME	REACTOME_GPCR_LIGAND_BINDING	TAS2R4	86
C2:CP:REACTOME	REACTOME_GPCR_LIGAND_BINDING	GPR68	87
C2:CP:REACTOME	REACTOME_GPCR_LIGAND_BINDING	C3	88
C2:CP:REACTOME	REACTOME_GPCR_LIGAND_BINDING	TACR3	89
C2:CP:REACTOME	REACTOME_GPCR_LIGAND_BINDING	LPAR3	90
C2:CP:REACTOME	REACTOME_GPCR_LIGAND_BINDING	BDKRB2	91
C2:CP:REACTOME	REACTOME_GPCR_LIGAND_BINDING	C3AR1	92
C2:CP:REACTOME	REACTOME_GPCR_LIGAND_BINDING	GPR143	93
C2:CP:REACTOME	REACTOME_GPCR_LIGAND_BINDING	ADRB2	94
C2:CP:REACTOME	REACTOME_GPCR_LIGAND_BINDING	GPER1	95
C2:CP:REACTOME	REACTOME_GPCR_LIGAND_BINDING	WNT10B	96
C2:CP:REACTOME	REACTOME_GPCR_LIGAND_BINDING	WNT2B	97
C2:CP:REACTOME	REACTOME_GPCR_LIGAND_BINDING	ADRA1B	98
C2:CP:REACTOME	REACTOME_GPCR_LIGAND_BINDING	GNRH1	99
C2:CP:REACTOME	REACTOME_GPCR_LIGAND_BINDING	GIP	100
C2:CP:REACTOME	REACTOME_GPCR_LIGAND_BINDING	ADORA2A	101
C2:CP:REACTOME	REACTOME_GPCR_LIGAND_BINDING	CCL17	102
C2:CP:REACTOME	REACTOME_GPCR_LIGAND_BINDING	F2RL2	103
C2:CP:REACTOME	REACTOME_GPCR_LIGAND_BINDING	PSAP	104
C2:CP:REACTOME	REACTOME_GPCR_LIGAND_BINDING	FZD2	105
C2:CP:REACTOME	REACTOME_GPCR_LIGAND_BINDING	OPRM1	106
C2:CP:REACTOME	REACTOME_GPCR_LIGAND_BINDING	EDN1	107
C2:CP:REACTOME	REACTOME_GPCR_LIGAND_BINDING	UTS2B	108
C2:CP:REACTOME	REACTOME_GPCR_LIGAND_BINDING	PTCH2	109
C2:CP:REACTOME	REACTOME_GPCR_LIGAND_BINDING	TAS2R20	110
C2:CP:REACTOME	REACTOME_GPCR_LIGAND_BINDING	CCR3	111
C2:CP:REACTOME	REACTOME_GPCR_LIGAND_BINDING	C5AR1	112
C2:CP:REACTOME	REACTOME_GPCR_LIGAND_BINDING	FZD4	113
C2:CP:REACTOME	REACTOME_GPCR_LIGAND_BINDING	OPN3	114
C2:CP:REACTOME	REACTOME_GPCR_LIGAND_BINDING	RAMP1	115
C2:CP:REACTOME	REACTOME_GPCR_LIGAND_BINDING	C5	116
C2:CP:REACTOME	REACTOME_GPCR_LIGAND_BINDING	P2RY2	117
C2:CP:REACTOME	REACTOME_GPCR_LIGAND_BINDING	RAMP3	118
C2:CP:REACTOME	REACTOME_GPCR_LIGAND_BINDING	FZD6	119
C2:CP:REACTOME	REACTOME_GPCR_LIGAND_BINDING	MC1R	120
C2:CP:REACTOME	REACTOME_GPCR_LIGAND_BINDING	PTH2R	121
C2:CP:REACTOME	REACTOME_GPCR_LIGAND_BINDING	UCN	122
C2:CP:REACTOME	REACTOME_GPCR_LIGAND_BINDING	RXFP1	123
C2:CP:REACTOME	REACTOME_GPCR_LIGAND_BINDING	SSTR2	124
C2:CP:REACTOME	REACTOME_GPCR_LIGAND_BINDING	GABBR2	125
C2:CP:REACTOME	REACTOME_GPCR_LIGAND_BINDING	APLN	126
C2:CP:REACTOME	REACTOME_PEPTIDE_LIGAND_BINDING_RECEPTORS	XK	1
C2:CP:REACTOME	REACTOME_PEPTIDE_LIGAND_BINDING_RECEPTORS	NTSR1	2
C2:CP:REACTOME	REACTOME_PEPTIDE_LIGAND_BINDING_RECEPTORS	ACKR1	3
C2:CP:REACTOME	REACTOME_PEPTIDE_LIGAND_BINDING_RECEPTORS	CXCL13	4
C2:CP:REACTOME	REACTOME_PEPTIDE_LIGAND_BINDING_RECEPTORS	HCRTR2	5
C2:CP:REACTOME	REACTOME_PEPTIDE_LIGAND_BINDING_RECEPTORS	NMBR	6
C2:CP:REACTOME	REACTOME_PEPTIDE_LIGAND_BINDING_RECEPTORS	RLN3	7
C2:CP:REACTOME	REACTOME_PEPTIDE_LIGAND_BINDING_RECEPTORS	GPR37L1	8
C2:CP:REACTOME	REACTOME_PEPTIDE_LIGAND_BINDING_RECEPTORS	NPSR1	9
C2:CP:REACTOME	REACTOME_PEPTIDE_LIGAND_BINDING_RECEPTORS	TACR2	10
C2:CP:REACTOME	REACTOME_PEPTIDE_LIGAND_BINDING_RECEPTORS	XCL1	11
C2:CP:REACTOME	REACTOME_PEPTIDE_LIGAND_BINDING_RECEPTORS	NMU	12
C2:CP:REACTOME	REACTOME_PEPTIDE_LIGAND_BINDING_RECEPTORS	EDN2	13
C2:CP:REACTOME	REACTOME_PEPTIDE_LIGAND_BINDING_RECEPTORS	F2RL3	14
C2:CP:REACTOME	REACTOME_PEPTIDE_LIGAND_BINDING_RECEPTORS	ACKR2	15
C2:CP:REACTOME	REACTOME_PEPTIDE_LIGAND_BINDING_RECEPTORS	CCL28	16
C2:CP:REACTOME	REACTOME_PEPTIDE_LIGAND_BINDING_RECEPTORS	GALR2	17
C2:CP:REACTOME	REACTOME_PEPTIDE_LIGAND_BINDING_RECEPTORS	GHRL	18
C2:CP:REACTOME	REACTOME_PEPTIDE_LIGAND_BINDING_RECEPTORS	F2	19
C2:CP:REACTOME	REACTOME_PEPTIDE_LIGAND_BINDING_RECEPTORS	CCR1	20
C2:CP:REACTOME	REACTOME_PEPTIDE_LIGAND_BINDING_RECEPTORS	ACKR3	21
C2:CP:REACTOME	REACTOME_PEPTIDE_LIGAND_BINDING_RECEPTORS	CXCL5	22
C2:CP:REACTOME	REACTOME_PEPTIDE_LIGAND_BINDING_RECEPTORS	CXCL9	23
C2:CP:REACTOME	REACTOME_PEPTIDE_LIGAND_BINDING_RECEPTORS	CCR10	24
C2:CP:REACTOME	REACTOME_PEPTIDE_LIGAND_BINDING_RECEPTORS	ACKR4	25
C2:CP:REACTOME	REACTOME_PEPTIDE_LIGAND_BINDING_RECEPTORS	GAL	26
C2:CP:REACTOME	REACTOME_PEPTIDE_LIGAND_BINDING_RECEPTORS	CXCR5	27
C2:CP:REACTOME	REACTOME_PEPTIDE_LIGAND_BINDING_RECEPTORS	CXCL12	28
C2:CP:REACTOME	REACTOME_PEPTIDE_LIGAND_BINDING_RECEPTORS	OXTR	29
C2:CP:REACTOME	REACTOME_PEPTIDE_LIGAND_BINDING_RECEPTORS	CCR7	30
C2:CP:REACTOME	REACTOME_PEPTIDE_LIGAND_BINDING_RECEPTORS	GRPR	31
C2:CP:REACTOME	REACTOME_PEPTIDE_LIGAND_BINDING_RECEPTORS	NPFF	32
C2:CP:REACTOME	REACTOME_PEPTIDE_LIGAND_BINDING_RECEPTORS	KISS1R	33
C2:CP:REACTOME	REACTOME_PEPTIDE_LIGAND_BINDING_RECEPTORS	TACR1	34
C2:CP:REACTOME	REACTOME_PEPTIDE_LIGAND_BINDING_RECEPTORS	CXCR2	35
C2:CP:REACTOME	REACTOME_PEPTIDE_LIGAND_BINDING_RECEPTORS	C5AR2	36
C2:CP:REACTOME	REACTOME_PEPTIDE_LIGAND_BINDING_RECEPTORS	NPBWR1	37
C2:CP:REACTOME	REACTOME_PEPTIDE_LIGAND_BINDING_RECEPTORS	CXCL16	38
C2:CP:REACTOME	REACTOME_PEPTIDE_LIGAND_BINDING_RECEPTORS	PYY	39
C2:CP:REACTOME	REACTOME_PEPTIDE_LIGAND_BINDING_RECEPTORS	SAA1	40
C2:CP:REACTOME	REACTOME_PEPTIDE_LIGAND_BINDING_RECEPTORS	C3	41
C2:CP:REACTOME	REACTOME_PEPTIDE_LIGAND_BINDING_RECEPTORS	TACR3	42
C2:CP:REACTOME	REACTOME_PEPTIDE_LIGAND_BINDING_RECEPTORS	BDKRB2	43
C2:CP:REACTOME	REACTOME_PEPTIDE_LIGAND_BINDING_RECEPTORS	C3AR1	44
C2:CP:REACTOME	REACTOME_PEPTIDE_LIGAND_BINDING_RECEPTORS	GPER1	45
C2:CP:REACTOME	REACTOME_PEPTIDE_LIGAND_BINDING_RECEPTORS	CCL17	46
C2:CP:REACTOME	REACTOME_PEPTIDE_LIGAND_BINDING_RECEPTORS	F2RL2	47
C2:CP:REACTOME	REACTOME_PEPTIDE_LIGAND_BINDING_RECEPTORS	PSAP	48
C2:CP:REACTOME	REACTOME_PEPTIDE_LIGAND_BINDING_RECEPTORS	OPRM1	49
C2:CP:REACTOME	REACTOME_PEPTIDE_LIGAND_BINDING_RECEPTORS	EDN1	50
C2:CP:REACTOME	REACTOME_PEPTIDE_LIGAND_BINDING_RECEPTORS	UTS2B	51
C2:CP:REACTOME	REACTOME_PEPTIDE_LIGAND_BINDING_RECEPTORS	CCR3	52
C2:CP:REACTOME	REACTOME_PEPTIDE_LIGAND_BINDING_RECEPTORS	C5AR1	53
C2:CP:REACTOME	REACTOME_PEPTIDE_LIGAND_BINDING_RECEPTORS	C5	54
C2:CP:REACTOME	REACTOME_PEPTIDE_LIGAND_BINDING_RECEPTORS	MC1R	55
C2:CP:REACTOME	REACTOME_PEPTIDE_LIGAND_BINDING_RECEPTORS	RXFP1	56
C2:CP:REACTOME	REACTOME_PEPTIDE_LIGAND_BINDING_RECEPTORS	SSTR2	57
C2:CP:REACTOME	REACTOME_PEPTIDE_LIGAND_BINDING_RECEPTORS	APLN	58
C2:CP:REACTOME	REACTOME_PEPTIDE_LIGAND_BINDING_RECEPTORS	GPR37	59
C2:CP:REACTOME	REACTOME_PEPTIDE_LIGAND_BINDING_RECEPTORS	NPFFR2	60
C2:CP:REACTOME	REACTOME_OLFACTORY_SIGNALING_PATHWAY	OR1L8	1
C2:CP:REACTOME	REACTOME_OLFACTORY_SIGNALING_PATHWAY	OR14A2	2
C2:CP:REACTOME	REACTOME_OLFACTORY_SIGNALING_PATHWAY	OR1B1	3
C2:CP:REACTOME	REACTOME_OLFACTORY_SIGNALING_PATHWAY	OR4D9	4
C2:CP:REACTOME	REACTOME_OLFACTORY_SIGNALING_PATHWAY	OR2M3	5
C2:CP:REACTOME	REACTOME_OLFACTORY_SIGNALING_PATHWAY	OR2A42	6
C2:CP:REACTOME	REACTOME_OLFACTORY_SIGNALING_PATHWAY	LHX2	7
C2:CP:REACTOME	REACTOME_OLFACTORY_SIGNALING_PATHWAY	CNGB1	8
C2:CP:REACTOME	REACTOME_OLFACTORY_SIGNALING_PATHWAY	OR56A3	9
C2:CP:REACTOME	REACTOME_OLFACTORY_SIGNALING_PATHWAY	REEP1	10
C2:CP:REACTOME	REACTOME_OLFACTORY_SIGNALING_PATHWAY	GNAL	11
C2:CP:REACTOME	REACTOME_OLFACTORY_SIGNALING_PATHWAY	CNGA4	12
C2:CP:REACTOME	REACTOME_OLFACTORY_SIGNALING_PATHWAY	OR2T8	13
C2:CP:REACTOME	REACTOME_OLFACTORY_SIGNALING_PATHWAY	OR51B2	14
C2:CP:REACTOME	REACTOME_OLFACTORY_SIGNALING_PATHWAY	OR51I2	15
C2:CP:REACTOME	REACTOME_OLFACTORY_SIGNALING_PATHWAY	OR2M4	16
C2:CP:REACTOME	REACTOME_OLFACTORY_SIGNALING_PATHWAY	OR9Q1	17
C2:CP:REACTOME	REACTOME_OLFACTORY_SIGNALING_PATHWAY	OR51B4	18
C2:CP:REACTOME	REACTOME_TRANSLATION	MRPL14	1
C2:CP:REACTOME	REACTOME_TRANSLATION	MRPS25	2
C2:CP:REACTOME	REACTOME_TRANSLATION	NDUFAB1	3
C2:CP:REACTOME	REACTOME_TRANSLATION	MRPL57	4
C2:CP:REACTOME	REACTOME_TRANSLATION	MRPL11	5
C2:CP:REACTOME	REACTOME_TRANSLATION	EIF2S3	6
C2:CP:REACTOME	REACTOME_TRANSLATION	MRPS15	7
C2:CP:REACTOME	REACTOME_TRANSLATION	EIF4EBP1	8
C2:CP:REACTOME	REACTOME_TRANSLATION	PSMA4	9
C2:CP:REACTOME	REACTOME_TRANSLATION	DAP3	10
C2:CP:REACTOME	REACTOME_TRANSLATION	MRPL34	11
C2:CP:REACTOME	REACTOME_TRANSLATION	MRPS26	12
C2:CP:REACTOME	REACTOME_TRANSLATION	ADRM1	13
C2:CP:REACTOME	REACTOME_TRANSLATION	GADD45GIP1	14
C2:CP:REACTOME	REACTOME_TRANSLATION	MRPL20	15
C2:CP:REACTOME	REACTOME_TRANSLATION	MRPS7	16
C2:CP:REACTOME	REACTOME_TRANSLATION	PSMB1	17
C2:CP:REACTOME	REACTOME_TRANSLATION	ELOC	18
C2:CP:REACTOME	REACTOME_TRANSLATION	MRPS34	19
C2:CP:REACTOME	REACTOME_TRANSLATION	MRPL15	20
C2:CP:REACTOME	REACTOME_TRANSLATION	MRPL41	21
C2:CP:REACTOME	REACTOME_TRANSLATION	GSPT2	22
C2:CP:REACTOME	REACTOME_TRANSLATION	PSMA7	23
C2:CP:REACTOME	REACTOME_TRANSLATION	EIF1AX	24
C2:CP:REACTOME	REACTOME_TRANSLATION	RPS27A	25
C2:CP:REACTOME	REACTOME_TRANSLATION	FARSB	26
C2:CP:REACTOME	REACTOME_TRANSLATION	MRPL27	27
C2:CP:REACTOME	REACTOME_TRANSLATION	ABCE1	28
C2:CP:REACTOME	REACTOME_TRANSLATION	MRPL24	29
C2:CP:REACTOME	REACTOME_TRANSLATION	PSMB2	30
C2:CP:REACTOME	REACTOME_TRANSLATION	MRPL9	31
C2:CP:REACTOME	REACTOME_TRANSLATION	MRPS2	32
C2:CP:REACTOME	REACTOME_TRANSLATION	EIF3E	33
C2:CP:REACTOME	REACTOME_TRANSLATION	TRIP4	34
C2:CP:REACTOME	REACTOME_TRANSLATION	PSMA1	35
C2:CP:REACTOME	REACTOME_TRANSLATION	MRPL4	36
C2:CP:REACTOME	REACTOME_TRANSLATION	RPL5	37
C2:CP:REACTOME	REACTOME_TRANSLATION	MRPS12	38
C2:CP:REACTOME	REACTOME_TRANSLATION	PSMC3	39
C2:CP:REACTOME	REACTOME_TRANSLATION	EIF3I	40
C2:CP:REACTOME	REACTOME_TRANSLATION	PSMA2	41
C2:CP:REACTOME	REACTOME_TRANSLATION	RPS4X	42
C2:CP:REACTOME	REACTOME_TRANSLATION	EIF3K	43
C2:CP:REACTOME	REACTOME_TRANSLATION	MRPS5	44
C2:CP:REACTOME	REACTOME_TRANSLATION	MRPL16	45
C2:CP:REACTOME	REACTOME_TRANSLATION	PSMB5	46
C2:CP:REACTOME	REACTOME_TRANSLATION	RPL9	47
C2:CP:REACTOME	REACTOME_TRANSLATION	MRPL22	48
C2:CP:REACTOME	REACTOME_TRANSLATION	EIF3L	49
C2:CP:REACTOME	REACTOME_TRANSLATION	MRPS33	50
C2:CP:REACTOME	REACTOME_TRANSLATION	MARS1	51
C2:CP:REACTOME	REACTOME_TRANSLATION	MRPS18C	52
C2:CP:REACTOME	REACTOME_TRANSLATION	EIF4A1	53
C2:CP:REACTOME	REACTOME_TRANSLATION	EIF2S2	54
C2:CP:REACTOME	REACTOME_TRANSLATION	RPS26	55
C2:CP:REACTOME	REACTOME_TRANSLATION	UFD1	56
C2:CP:REACTOME	REACTOME_TRANSLATION	RPL7	57
C2:CP:REACTOME	REACTOME_TRANSLATION	PSMD11	58
C2:CP:REACTOME	REACTOME_TRANSLATION	VARS1	59
C2:CP:REACTOME	REACTOME_TRANSLATION	MRPS23	60
C2:CP:REACTOME	REACTOME_TRANSLATION	MRPL36	61
C2:CP:REACTOME	REACTOME_TRANSLATION	EEF1D	62
C2:CP:REACTOME	REACTOME_TRANSLATION	TUFM	63
C2:CP:REACTOME	REACTOME_TRANSLATION	ELOB	64
C2:CP:REACTOME	REACTOME_TRANSLATION	EIF4E	65
C2:CP:REACTOME	REACTOME_TRANSLATION	MRPL17	66
C2:CP:REACTOME	REACTOME_TRANSLATION	MRPL51	67
C2:CP:REACTOME	REACTOME_TRANSLATION	MRPL35	68
C2:CP:REACTOME	REACTOME_TRANSLATION	MRPS28	69
C2:CP:REACTOME	REACTOME_TRANSLATION	MRPS18A	70
C2:CP:REACTOME	REACTOME_TRANSLATION	RPL27	71
C2:CP:REACTOME	REACTOME_TRANSLATION	RPL22L1	72
C2:CP:REACTOME	REACTOME_TRANSLATION	PSMD6	73
C2:CP:REACTOME	REACTOME_TRANSLATION	PSMB3	74
C2:CP:REACTOME	REACTOME_TRANSLATION	PSMD8	75
C2:CP:REACTOME	REACTOME_TRANSLATION	RPS20	76
C2:CP:REACTOME	REACTOME_TRANSLATION	SPCS1	77
C2:CP:REACTOME	REACTOME_TRANSLATION	PSMA5	78
C2:CP:REACTOME	REACTOME_TRANSLATION	RPS3A	79
C2:CP:REACTOME	REACTOME_TRANSLATION	LARS1	80
C2:CP:REACTOME	REACTOME_TRANSLATION	MALSU1	81
C2:CP:REACTOME	REACTOME_TRANSLATION	EEF1B2	82
C2:CP:REACTOME	REACTOME_TRANSLATION	PSMA3	83
C2:CP:REACTOME	REACTOME_TRANSLATION	PSMC5	84
C2:CP:REACTOME	REACTOME_TRANSLATION	RPL35	85
C2:CP:REACTOME	REACTOME_TRANSLATION	EIF3G	86
C2:CP:REACTOME	REACTOME_TRANSLATION	RPL15	87
C2:CP:REACTOME	REACTOME_TRANSLATION	PSMD3	88
C2:CP:REACTOME	REACTOME_TRANSLATION	MRPL12	89
C2:CP:REACTOME	REACTOME_TRANSLATION	EEF1E1	90
C2:CP:REACTOME	REACTOME_TRANSLATION	PSMB6	91
C2:CP:REACTOME	REACTOME_TRANSLATION	PPA1	92
C2:CP:REACTOME	REACTOME_TRANSLATION	MRPS24	93
C2:CP:REACTOME	REACTOME_TRANSLATION	RARS1	94
C2:CP:REACTOME	REACTOME_TRANSLATION	FARSA	95
C2:CP:REACTOME	REACTOME_TRANSLATION	MRPS6	96
C2:CP:REACTOME	REACTOME_TRANSLATION	RPS13	97
C2:CP:REACTOME	REACTOME_TRANSLATION	RPS10	98
C2:CP:REACTOME	REACTOME_TRANSLATION	RPS19	99
C2:CP:REACTOME	REACTOME_TRANSLATION	MRPS35	100
C2:CP:REACTOME	REACTOME_TRANSLATION	RPS16	101
C2:CP:REACTOME	REACTOME_TRANSLATION	EEF2	102
C2:CP:REACTOME	REACTOME_TRANSLATION	MRPS10	103
C2:CP:REACTOME	REACTOME_TRANSLATION	MRPL37	104
C2:CP:REACTOME	REACTOME_TRANSLATION	PSMD1	105
C2:CP:REACTOME	REACTOME_TRANSLATION	MRPS31	106
C2:CP:REACTOME	REACTOME_TRANSLATION	MTRES1	107
C2:CP:REACTOME	REACTOME_TRANSLATION	EIF4G1	108
C2:CP:REACTOME	REACTOME_TRANSLATION	EIF5B	109
C2:CP:REACTOME	REACTOME_TRANSLATION	AIMP2	110
C2:CP:REACTOME	REACTOME_TRANSLATION	RPL7A	111
C2:CP:REACTOME	REACTOME_TRANSLATION	MRPL58	112
C2:CP:REACTOME	REACTOME_TRANSLATION	PSMB4	113
C2:CP:REACTOME	REACTOME_TRANSLATION	PSMD12	114
C2:CP:REACTOME	REACTOME_TRANSLATION	CHCHD1	115
C2:CP:REACTOME	REACTOME_TRANSLATION	RPL26L1	116
C2:CP:REACTOME	REACTOME_TRANSLATION	PSMA6	117
C2:CP:REACTOME	REACTOME_TRANSLATION	MIEF1	118
C2:CP:REACTOME	REACTOME_TRANSLATION	MRPL52	119
C2:CP:REACTOME	REACTOME_TRANSLATION	SARS2	120
C2:CP:REACTOME	REACTOME_TRANSLATION	RPN1	121
C2:CP:REACTOME	REACTOME_TRANSLATION	EPRS1	122
C2:CP:REACTOME	REACTOME_TRANSLATION	AURKAIP1	123
C2:CP:REACTOME	REACTOME_TRANSLATION	EIF2S1	124
C2:CP:REACTOME	REACTOME_TRANSLATION	EIF3M	125
C2:CP:REACTOME	REACTOME_TRANSLATION	RPS15A	126
C2:CP:REACTOME	REACTOME_TRANSLATION	MRPL1	127
C2:CP:REACTOME	REACTOME_TRANSLATION	MRRF	128
C2:CP:REACTOME	REACTOME_TRANSLATION	MRPS17	129
C2:CP:REACTOME	REACTOME_TRANSLATION	RPS12	130
C2:CP:REACTOME	REACTOME_TRANSLATION	RPS25	131
C2:CP:REACTOME	REACTOME_TRANSLATION	PSMC4	132
C2:CP:REACTOME	REACTOME_TRANSLATION	RPL18	133
C2:CP:REACTOME	REACTOME_TRANSLATION	OXA1L	134
C2:CP:REACTOME	REACTOME_TRANSLATION	RPS5	135
C2:CP:REACTOME	REACTOME_TRANSLATION	RPS3	136
C2:CP:REACTOME	REACTOME_TRANSLATION	MRPL28	137
C2:CP:REACTOME	REACTOME_TRANSLATION	SRP14	138
C2:CP:REACTOME	REACTOME_TRANSLATION	RPSA	139
C2:CP:REACTOME	REACTOME_TRANSLATION	RPS7	140
C2:CP:REACTOME	REACTOME_TRANSLATION	RPS17	141
C2:CP:REACTOME	REACTOME_TRANSLATION	SSR1	142
C2:CP:REACTOME	REACTOME_TRANSLATION	RPS23	143
C2:CP:REACTOME	REACTOME_TRANSLATION	MRPL21	144
C2:CP:REACTOME	REACTOME_TRANSLATION	RPL19	145
C2:CP:REACTOME	REACTOME_TRANSLATION	RPS21	146
C2:CP:REACTOME	REACTOME_TRANSLATION	MRPL42	147
C2:CP:REACTOME	REACTOME_TRANSLATION	TARS2	148
C2:CP:REACTOME	REACTOME_TRANSLATION	SEC11A	149
C2:CP:REACTOME	REACTOME_TRANSLATION	MRPL48	150
C2:CP:REACTOME	REACTOME_TRANSLATION	MRPL3	151
C2:CP:REACTOME	REACTOME_TRANSLATION	RPL38	152
C2:CP:REACTOME	REACTOME_TRANSLATION	TSFM	153
C2:CP:REACTOME	REACTOME_TRANSLATION	FAU	154
C2:CP:REACTOME	REACTOME_TRANSLATION	SRPRB	155
C2:CP:REACTOME	REACTOME_TRANSLATION	EIF3D	156
C2:CP:REACTOME	REACTOME_TRANSLATION	UBA52	157
C2:CP:REACTOME	REACTOME_TRANSLATION	NARS2	158
C2:CP:REACTOME	REACTOME_TRANSLATION	PSMD7	159
C2:CP:REACTOME	REACTOME_TRANSLATION	RPL10A	160
C2:CP:REACTOME	REACTOME_TRANSLATION	AIMP1	161
C2:CP:REACTOME	REACTOME_TRANSLATION	MRPL10	162
C2:CP:REACTOME	REACTOME_TRANSLATION	MRPL32	163
C2:CP:REACTOME	REACTOME_TRANSLATION	PSMB7	164
C2:CP:REACTOME	REACTOME_TRANSLATION	EEF1G	165
C2:CP:REACTOME	REACTOME_TRANSLATION	MRPL50	166
C2:CP:REACTOME	REACTOME_TRANSLATION	RPL23A	167
C2:CP:REACTOME	REACTOME_TRANSLATION	EIF2B2	168
C2:CP:REACTOME	REACTOME_TRANSLATION	RPL29	169
C2:CP:REACTOME	REACTOME_TRANSLATION	RPS24	170
C2:CP:REACTOME	REACTOME_TRANSLATION	WARS2	171
C2:CP:REACTOME	REACTOME_TRANSLATION	EIF3A	172
C2:CP:REACTOME	REACTOME_TRANSLATION	RPL32	173
C2:CP:REACTOME	REACTOME_TRANSLATION	RPL23	174
C2:CP:REACTOME	REACTOME_TRANSLATION	RPL8	175
C2:CP:REACTOME	REACTOME_TRANSLATION	RPL22	176
C2:CP:REACTOME	REACTOME_TRANSLATION	MRPS21	177
C2:CP:REACTOME	REACTOME_TRANSLATION	RPL35A	178
C2:CP:REACTOME	REACTOME_TRANSLATION	LTN1	179
C2:CP:REACTOME	REACTOME_TRANSLATION	RPL17	180
C2:CP:REACTOME	REACTOME_TRANSLATION	PSMC6	181
C2:CP:REACTOME	REACTOME_TRANSLATION	MRPL33	182
C2:CP:REACTOME	REACTOME_TRANSLATION	SEM1	183
C2:CP:REACTOME	REACTOME_TRANSLATION	RPL30	184
C2:CP:REACTOME	REACTOME_TRANSLATION	EIF3J	185
C2:CP:REACTOME	REACTOME_TRANSLATION	RPL11	186
C2:CP:REACTOME	REACTOME_TRANSLATION	MRPL46	187
C2:CP:REACTOME	REACTOME_TRANSLATION	MRPL38	188
C2:CP:REACTOME	REACTOME_TRANSLATION	RPL21	189
C2:CP:REACTOME	REACTOME_TRANSLATION	RPL6	190
C2:CP:REACTOME	REACTOME_TRANSLATION	MRPS9	191
C2:CP:REACTOME	REACTOME_TRANSLATION	RPL24	192
C2:CP:REACTOME	REACTOME_TRANSLATION	IARS2	193
C2:CP:REACTOME	REACTOME_TRANSLATION	MRPS30	194
C2:CP:REACTOME	REACTOME_TRANSLATION	MRPS11	195
C2:CP:REACTOME	REACTOME_TRANSLATION	RBX1	196
C2:CP:REACTOME	REACTOME_TRANSLATION	MRPS14	197
C2:CP:REACTOME	REACTOME_TRANSLATION	QARS1	198
C2:CP:REACTOME	REACTOME_TRANSLATION	RPL26	199
C2:CP:REACTOME	REACTOME_TRANSLATION	TRMT112	200
C2:CP:REACTOME	REACTOME_TRANSLATION	GARS1	201
C2:CP:REACTOME	REACTOME_TRANSLATION	MRPL47	202
C2:CP:REACTOME	REACTOME_TRANSLATION	RPL4	203
C2:CP:REACTOME	REACTOME_TRANSLATION	RPS6	204
C2:CP:REACTOME	REACTOME_TRANSLATION	MRPL40	205
C2:CP:REACTOME	REACTOME_TRANSLATION	TARS1	206
C2:CP:REACTOME	REACTOME_TRANSLATION	SRP9	207
C2:CP:REACTOME	REACTOME_TRANSLATION	PSMD13	208
C2:CP:REACTOME	REACTOME_TRANSLATION	RPL36	209
C2:CP:REACTOME	REACTOME_TRANSLATION	RPL28	210
C2:CP:REACTOME	REACTOME_TRANSLATION	RPS27	211
C2:CP:REACTOME	REACTOME_TRANSLATION	GSPT1	212
C2:CP:REACTOME	REACTOME_TRANSLATION	MRPL13	213
C2:CP:REACTOME	REACTOME_TRANSLATION	MRPL39	214
C2:CP:REACTOME	REACTOME_TRANSLATION	GFM1	215
C2:CP:REACTOME	REACTOME_TRANSLATION	MRPL55	216
C2:CP:REACTOME	REACTOME_TRANSLATION	MRPL18	217
C2:CP:REACTOME	REACTOME_TRANSLATION	NEMF	218
C2:CP:REACTOME	REACTOME_TRANSLATION	SARS1	219
C2:CP:REACTOME	REACTOME_TRANSLATION	RPL14	220
C2:CP:REACTOME	REACTOME_TRANSLATION	MTIF2	221
C2:CP:REACTOME	REACTOME_TRANSLATION	MRPL45	222
C2:CP:REACTOME	REACTOME_TRANSLATION	MRPL54	223
C2:CP:REACTOME	REACTOME_TRANSLATION	RPL36AL	224
C2:CP:REACTOME	REACTOME_TRANSLATION	FARS2	225
C2:CP:REACTOME	REACTOME_TRANSLATION	RPS15	226
C2:CP:REACTOME	REACTOME_TRANSLATION	WARS1	227
C2:CP:REACTOME	REACTOME_TRANSLATION	PELO	228
C2:CP:REACTOME	REACTOME_TRANSLATION	EIF3H	229
C2:CP:REACTOME	REACTOME_TRANSLATION	SPCS3	230
C2:CP:REACTOME	REACTOME_TRANSLATION	RPS8	231
C2:CP:REACTOME	REACTOME_TRANSLATION	EARS2	232
C2:CP:REACTOME	REACTOME_TRANSLATION	MRPS27	233
C2:CP:REACTOME	REACTOME_TRANSLATION	RPL18A	234
C2:CP:REACTOME	REACTOME_TRANSLATION	RPS14	235
C2:CP:REACTOME	REACTOME_TRANSLATION	RPL10	236
C2:CP:REACTOME	REACTOME_TRANSLATION	MRPL19	237
C2:CP:REACTOME	REACTOME_TRANSLATION	SSR3	238
C2:CP:REACTOME	REACTOME_TRANSLATION	MRPL2	239
C2:CP:REACTOME	REACTOME_TRANSLATION	MRPS16	240
C2:CP:REACTOME	REACTOME_TRANSLATION	PSMC2	241
C2:CP:REACTOME	REACTOME_TRANSLATION	UBE2D3	242
C2:CP:REACTOME	REACTOME_TRANSLATION	MT-ATP6	243
C2:CP:REACTOME	REACTOME_TRANSLATION	UBE2D2	244
C2:CP:REACTOME	REACTOME_TRANSLATION	EIF3C	245
C2:CP:REACTOME	REACTOME_TRANSLATION	MRPS18B	246
C2:CP:REACTOME	REACTOME_TRANSLATION	ASCC2	247
C2:CP:REACTOME	REACTOME_TRANSLATION	EIF2B1	248
C2:CP:REACTOME	REACTOME_TRANSLATION	MT-ND4	249
C2:CP:REACTOME	REACTOME_TRANSLATION	YARS1	250
C2:CP:REACTOME	REACTOME_TRANSLATION	RPS2	251
C2:CP:REACTOME	REACTOME_TRANSLATION	EIF4B	252
C2:CP:REACTOME	REACTOME_TRANSLATION	AARS2	253
C2:CP:REACTOME	REACTOME_TRANSLATION	RPL34	254
C2:CP:REACTOME	REACTOME_TRANSLATION	EIF2B3	255
C2:CP:REACTOME	REACTOME_TRANSLATION	PTCD3	256
C2:CP:REACTOME	REACTOME_TRANSLATION	MT-ATP8	257
C2:CP:REACTOME	REACTOME_TRANSLATION	ZNF598	258
C2:CP:REACTOME	REACTOME_TRANSLATION	HARS1	259
C2:CP:REACTOME	REACTOME_TRANSLATION	EEF1A1	260
C2:CP:REACTOME	REACTOME_TRANSLATION	SRPRA	261
C2:CP:REACTOME	REACTOME_TRANSLATION	RPS28	262
C2:CP:REACTOME	REACTOME_TRANSLATION	SEC61B	263
C2:CP:REACTOME	REACTOME_TRANSLATION	RPL13	264
C2:CP:REACTOME	REACTOME_TRANSLATION	MTRFR	265
C2:CP:REACTOME	REACTOME_TRANSLATION	RPL37A	266
C2:CP:REACTOME	REACTOME_TRANSLATION	RPLP2	267
C2:CP:REACTOME	REACTOME_TRANSLATION	ASCC3	268
C2:CP:REACTOME	REACTOME_TRANSLATION	NARS1	269
C2:CP:REACTOME	REACTOME_TRANSLATION	PSMC1	270
C2:CP:REACTOME	REACTOME_TRANSLATION	RPL27A	271
C2:CP:REACTOME	REACTOME_TRANSLATION	EIF2B5	272
C2:CP:REACTOME	REACTOME_TRANSLATION	MT-CYB	273
C2:CP:REACTOME	REACTOME_TRANSLATION	AARS1	274
C2:CP:REACTOME	REACTOME_TRANSLATION	EIF4H	275
C2:CP:REACTOME	REACTOME_TRANSLATION	MT-ND6	276
C2:CP:REACTOME	REACTOME_TRANSLATION	RPL41	277
C2:CP:REACTOME	REACTOME_TRANSLATION	PPA2	278
C2:CP:REACTOME	REACTOME_TRANSLATION	SEC61G	279
C2:CP:REACTOME	REACTOME_TRANSLATION	RPS29	280
C2:CP:REACTOME	REACTOME_TRANSLATION	MT-CO2	281
C2:CP:REACTOME	REACTOME_TRANSLATION	MRPL43	282
C2:CP:REACTOME	REACTOME_TRANSLATION	RPLP0	283
C2:CP:REACTOME	REACTOME_TRANSLATION	RPS9	284
C2:CP:REACTOME	REACTOME_TRANSLATION	MT-CO1	285
C2:CP:REACTOME	REACTOME_TRANSLATION	APEH	286
C2:CP:REACTOME	REACTOME_TRANSLATION	RPL12	287
C2:CP:REACTOME	REACTOME_RRNA_PROCESSING	DIMT1	1
C2:CP:REACTOME	REACTOME_RRNA_PROCESSING	TRUB2	2
C2:CP:REACTOME	REACTOME_RRNA_PROCESSING	NOP56	3
C2:CP:REACTOME	REACTOME_RRNA_PROCESSING	RRP7A	4
C2:CP:REACTOME	REACTOME_RRNA_PROCESSING	RRP36	5
C2:CP:REACTOME	REACTOME_RRNA_PROCESSING	GAR1	6
C2:CP:REACTOME	REACTOME_RRNA_PROCESSING	NHP2	7
C2:CP:REACTOME	REACTOME_RRNA_PROCESSING	RPS27A	8
C2:CP:REACTOME	REACTOME_RRNA_PROCESSING	FASTKD2	9
C2:CP:REACTOME	REACTOME_RRNA_PROCESSING	EXOSC3	10
C2:CP:REACTOME	REACTOME_RRNA_PROCESSING	EXOSC4	11
C2:CP:REACTOME	REACTOME_RRNA_PROCESSING	HSD17B10	12
C2:CP:REACTOME	REACTOME_RRNA_PROCESSING	EXOSC9	13
C2:CP:REACTOME	REACTOME_RRNA_PROCESSING	RPL5	14
C2:CP:REACTOME	REACTOME_RRNA_PROCESSING	MPHOSPH6	15
C2:CP:REACTOME	REACTOME_RRNA_PROCESSING	NOL11	16
C2:CP:REACTOME	REACTOME_RRNA_PROCESSING	RPS4X	17
C2:CP:REACTOME	REACTOME_RRNA_PROCESSING	RPL9	18
C2:CP:REACTOME	REACTOME_RRNA_PROCESSING	IMP4	19
C2:CP:REACTOME	REACTOME_RRNA_PROCESSING	EXOSC5	20
C2:CP:REACTOME	REACTOME_RRNA_PROCESSING	NOP10	21
C2:CP:REACTOME	REACTOME_RRNA_PROCESSING	DKC1	22
C2:CP:REACTOME	REACTOME_RRNA_PROCESSING	EXOSC6	23
C2:CP:REACTOME	REACTOME_RRNA_PROCESSING	EMG1	24
C2:CP:REACTOME	REACTOME_RRNA_PROCESSING	FBL	25
C2:CP:REACTOME	REACTOME_RRNA_PROCESSING	RPS26	26
C2:CP:REACTOME	REACTOME_RRNA_PROCESSING	RPL7	27
C2:CP:REACTOME	REACTOME_RRNA_PROCESSING	BOP1	28
C2:CP:REACTOME	REACTOME_RRNA_PROCESSING	SNU13	29
C2:CP:REACTOME	REACTOME_RRNA_PROCESSING	RPL27	30
C2:CP:REACTOME	REACTOME_RRNA_PROCESSING	RPL22L1	31
C2:CP:REACTOME	REACTOME_RRNA_PROCESSING	ERI1	32
C2:CP:REACTOME	REACTOME_RRNA_PROCESSING	EBNA1BP2	33
C2:CP:REACTOME	REACTOME_RRNA_PROCESSING	MRM2	34
C2:CP:REACTOME	REACTOME_RRNA_PROCESSING	RPS20	35
C2:CP:REACTOME	REACTOME_RRNA_PROCESSING	RPS3A	36
C2:CP:REACTOME	REACTOME_RRNA_PROCESSING	BUD23	37
C2:CP:REACTOME	REACTOME_RRNA_PROCESSING	LAS1L	38
C2:CP:REACTOME	REACTOME_RRNA_PROCESSING	RPL35	39
C2:CP:REACTOME	REACTOME_RRNA_PROCESSING	DCAF13	40
C2:CP:REACTOME	REACTOME_RRNA_PROCESSING	LTV1	41
C2:CP:REACTOME	REACTOME_RRNA_PROCESSING	RPL15	42
C2:CP:REACTOME	REACTOME_RRNA_PROCESSING	GNL3	43
C2:CP:REACTOME	REACTOME_RRNA_PROCESSING	ISG20L2	44
C2:CP:REACTOME	REACTOME_RRNA_PROCESSING	UTP20	45
C2:CP:REACTOME	REACTOME_RRNA_PROCESSING	PRORP	46
C2:CP:REACTOME	REACTOME_RRNA_PROCESSING	KRR1	47
C2:CP:REACTOME	REACTOME_RRNA_PROCESSING	RPS13	48
C2:CP:REACTOME	REACTOME_RRNA_PROCESSING	RPS10	49
C2:CP:REACTOME	REACTOME_RRNA_PROCESSING	RPS19	50
C2:CP:REACTOME	REACTOME_RRNA_PROCESSING	TFB1M	51
C2:CP:REACTOME	REACTOME_RRNA_PROCESSING	RRP9	52
C2:CP:REACTOME	REACTOME_RRNA_PROCESSING	RPS16	53
C2:CP:REACTOME	REACTOME_RRNA_PROCESSING	UTP11	54
C2:CP:REACTOME	REACTOME_RRNA_PROCESSING	TRMT10C	55
C2:CP:REACTOME	REACTOME_RRNA_PROCESSING	RPL7A	56
C2:CP:REACTOME	REACTOME_RRNA_PROCESSING	TSR3	57
C2:CP:REACTOME	REACTOME_RRNA_PROCESSING	RPL26L1	58
C2:CP:REACTOME	REACTOME_RRNA_PROCESSING	ELAC2	59
C2:CP:REACTOME	REACTOME_RRNA_PROCESSING	RPS15A	60
C2:CP:REACTOME	REACTOME_RRNA_PROCESSING	MTERF3	61
C2:CP:REACTOME	REACTOME_RRNA_PROCESSING	RPS12	62
C2:CP:REACTOME	REACTOME_RRNA_PROCESSING	RPS25	63
C2:CP:REACTOME	REACTOME_RRNA_PROCESSING	RPL18	64
C2:CP:REACTOME	REACTOME_RRNA_PROCESSING	RPS5	65
C2:CP:REACTOME	REACTOME_RRNA_PROCESSING	RPS3	66
C2:CP:REACTOME	REACTOME_RRNA_PROCESSING	WDR12	67
C2:CP:REACTOME	REACTOME_RRNA_PROCESSING	RPSA	68
C2:CP:REACTOME	REACTOME_RRNA_PROCESSING	RPUSD3	69
C2:CP:REACTOME	REACTOME_RRNA_PROCESSING	HEATR1	70
C2:CP:REACTOME	REACTOME_RRNA_PROCESSING	RPS7	71
C2:CP:REACTOME	REACTOME_RRNA_PROCESSING	RPS17	72
C2:CP:REACTOME	REACTOME_RRNA_PROCESSING	NIP7	73
C2:CP:REACTOME	REACTOME_RRNA_PROCESSING	RPS23	74
C2:CP:REACTOME	REACTOME_RRNA_PROCESSING	RPL19	75
C2:CP:REACTOME	REACTOME_RRNA_PROCESSING	RPS21	76
C2:CP:REACTOME	REACTOME_RRNA_PROCESSING	RPP40	77
C2:CP:REACTOME	REACTOME_RRNA_PROCESSING	NOC4L	78
C2:CP:REACTOME	REACTOME_RRNA_PROCESSING	UTP18	79
C2:CP:REACTOME	REACTOME_RRNA_PROCESSING	RPL38	80
C2:CP:REACTOME	REACTOME_RRNA_PROCESSING	FAU	81
C2:CP:REACTOME	REACTOME_RRNA_PROCESSING	RBM28	82
C2:CP:REACTOME	REACTOME_RRNA_PROCESSING	UBA52	83
C2:CP:REACTOME	REACTOME_RRNA_PROCESSING	WDR75	84
C2:CP:REACTOME	REACTOME_RRNA_PROCESSING	RPL10A	85
C2:CP:REACTOME	REACTOME_RRNA_PROCESSING	PDCD11	86
C2:CP:REACTOME	REACTOME_RRNA_PROCESSING	RIOK1	87
C2:CP:REACTOME	REACTOME_RRNA_PROCESSING	PWP2	88
C2:CP:REACTOME	REACTOME_RRNA_PROCESSING	RPL23A	89
C2:CP:REACTOME	REACTOME_RRNA_PROCESSING	UTP4	90
C2:CP:REACTOME	REACTOME_RRNA_PROCESSING	RIOK2	91
C2:CP:REACTOME	REACTOME_RRNA_PROCESSING	RPL29	92
C2:CP:REACTOME	REACTOME_RRNA_PROCESSING	RPUSD4	93
C2:CP:REACTOME	REACTOME_RRNA_PROCESSING	RPS24	94
C2:CP:REACTOME	REACTOME_RRNA_PROCESSING	UTP14A	95
C2:CP:REACTOME	REACTOME_RRNA_PROCESSING	WDR43	96
C2:CP:REACTOME	REACTOME_RRNA_PROCESSING	PELP1	97
C2:CP:REACTOME	REACTOME_RRNA_PROCESSING	RPL32	98
C2:CP:REACTOME	REACTOME_RRNA_PROCESSING	NCL	99
C2:CP:REACTOME	REACTOME_RRNA_PROCESSING	RPL23	100
C2:CP:REACTOME	REACTOME_RRNA_PROCESSING	RPL8	101
C2:CP:REACTOME	REACTOME_RRNA_PROCESSING	RPL22	102
C2:CP:REACTOME	REACTOME_RRNA_PROCESSING	RPL35A	103
C2:CP:REACTOME	REACTOME_RRNA_PROCESSING	UTP25	104
C2:CP:REACTOME	REACTOME_RRNA_PROCESSING	RPL17	105
C2:CP:REACTOME	REACTOME_RRNA_PROCESSING	BYSL	106
C2:CP:REACTOME	REACTOME_RRNA_PROCESSING	RPL30	107
C2:CP:REACTOME	REACTOME_RRNA_PROCESSING	RPL11	108
C2:CP:REACTOME	REACTOME_RRNA_PROCESSING	RPP21	109
C2:CP:REACTOME	REACTOME_RRNA_PROCESSING	RPL21	110
C2:CP:REACTOME	REACTOME_RRNA_PROCESSING	EXOSC1	111
C2:CP:REACTOME	REACTOME_RRNA_PROCESSING	RPL6	112
C2:CP:REACTOME	REACTOME_RRNA_PROCESSING	RPL24	113
C2:CP:REACTOME	REACTOME_RRNA_PROCESSING	RPL26	114
C2:CP:REACTOME	REACTOME_RRNA_PROCESSING	TRMT112	115
C2:CP:REACTOME	REACTOME_RRNA_PROCESSING	DHX37	116
C2:CP:REACTOME	REACTOME_RRNA_PROCESSING	RPL4	117
C2:CP:REACTOME	REACTOME_RRNA_PROCESSING	RPS6	118
C2:CP:REACTOME	REACTOME_RRNA_PROCESSING	RPL36	119
C2:CP:REACTOME	REACTOME_RRNA_PROCESSING	RPL28	120
C2:CP:REACTOME	REACTOME_RRNA_PROCESSING	RPS27	121
C2:CP:REACTOME	REACTOME_RRNA_PROCESSING	DDX21	122
C2:CP:REACTOME	REACTOME_RRNA_PROCESSING	EXOSC7	123
C2:CP:REACTOME	REACTOME_RRNA_PROCESSING	WDR18	124
C2:CP:REACTOME	REACTOME_RRNA_PROCESSING	WDR3	125
C2:CP:REACTOME	REACTOME_RRNA_PROCESSING	XRN2	126
C2:CP:REACTOME	REACTOME_RRNA_PROCESSING	NOL6	127
C2:CP:REACTOME	REACTOME_RRNA_PROCESSING	EXOSC2	128
C2:CP:REACTOME	REACTOME_RRNA_PROCESSING	RPL14	129
C2:CP:REACTOME	REACTOME_RRNA_PROCESSING	NAT10	130
C2:CP:REACTOME	REACTOME_RRNA_PROCESSING	DDX49	131
C2:CP:REACTOME	REACTOME_RRNA_PROCESSING	SENP3	132
C2:CP:REACTOME	REACTOME_RRNA_PROCESSING	THUMPD1	133
C2:CP:REACTOME	REACTOME_RRNA_PROCESSING	NOP58	134
C2:CP:REACTOME	REACTOME_RRNA_PROCESSING	RPL36AL	135
C2:CP:REACTOME	REACTOME_RRNA_PROCESSING	NOL12	136
C2:CP:REACTOME	REACTOME_RRNA_PROCESSING	RPS15	137
C2:CP:REACTOME	REACTOME_RRNA_PROCESSING	MPHOSPH10	138
C2:CP:REACTOME	REACTOME_RRNA_PROCESSING	RPS8	139
C2:CP:REACTOME	REACTOME_RRNA_PROCESSING	RPL18A	140
C2:CP:REACTOME	REACTOME_RRNA_PROCESSING	RPS14	141
C2:CP:REACTOME	REACTOME_RRNA_PROCESSING	RPL10	142
C2:CP:REACTOME	REACTOME_RRNA_PROCESSING	BMS1	143
C2:CP:REACTOME	REACTOME_RRNA_PROCESSING	PES1	144
C2:CP:REACTOME	REACTOME_RRNA_PROCESSING	RPS2	145
C2:CP:REACTOME	REACTOME_RRNA_PROCESSING	RPL34	146
C2:CP:REACTOME	REACTOME_RRNA_PROCESSING	EXOSC10	147
C2:CP:REACTOME	REACTOME_RRNA_PROCESSING	RPP30	148
C2:CP:REACTOME	REACTOME_RRNA_PROCESSING	WDR36	149
C2:CP:REACTOME	REACTOME_RRNA_PROCESSING	NOB1	150
C2:CP:REACTOME	REACTOME_RRNA_PROCESSING	RPS28	151
C2:CP:REACTOME	REACTOME_RRNA_PROCESSING	RPL13	152
C2:CP:REACTOME	REACTOME_RRNA_PROCESSING	RPL37A	153
C2:CP:REACTOME	REACTOME_RRNA_PROCESSING	RPLP2	154
C2:CP:REACTOME	REACTOME_RRNA_PROCESSING	RPL27A	155
C2:CP:REACTOME	REACTOME_RRNA_PROCESSING	NOP14	156
C2:CP:REACTOME	REACTOME_RRNA_PROCESSING	RPL41	157
C2:CP:REACTOME	REACTOME_RRNA_PROCESSING	RRP1	158
C2:CP:REACTOME	REACTOME_RRNA_PROCESSING	RPS29	159
C2:CP:REACTOME	REACTOME_RRNA_PROCESSING	RPLP0	160
C2:CP:REACTOME	REACTOME_RRNA_PROCESSING	RPS9	161
C2:CP:REACTOME	REACTOME_RRNA_PROCESSING	TSR1	162
C2:CP:REACTOME	REACTOME_RRNA_PROCESSING	RPL12	163
C2:CP:REACTOME	REACTOME_RRNA_PROCESSING	MRM3	164
C2:CP:REACTOME	REACTOME_RRNA_PROCESSING	NGRN	165
C2:CP:REACTOME	REACTOME_RRNA_PROCESSING	RPL31	166
C2:CP:REACTOME	REACTOME_RRNA_PROCESSING	WDR46	167
C2:CP:REACTOME	REACTOME_RRNA_PROCESSING	C1D	168
C2:CP:REACTOME	REACTOME_DNA_REPAIR	POLD3	1
C2:CP:REACTOME	REACTOME_DNA_REPAIR	PCNA	2
C2:CP:REACTOME	REACTOME_DNA_REPAIR	LIG1	3
C2:CP:REACTOME	REACTOME_DNA_REPAIR	FEN1	4
C2:CP:REACTOME	REACTOME_DNA_REPAIR	CLSPN	5
C2:CP:REACTOME	REACTOME_DNA_REPAIR	UNG	6
C2:CP:REACTOME	REACTOME_DNA_REPAIR	FANCA	7
C2:CP:REACTOME	REACTOME_DNA_REPAIR	CENPS	8
C2:CP:REACTOME	REACTOME_DNA_REPAIR	FANCL	9
C2:CP:REACTOME	REACTOME_DNA_REPAIR	POLE	10
C2:CP:REACTOME	REACTOME_DNA_REPAIR	RAD51C	11
C2:CP:REACTOME	REACTOME_DNA_REPAIR	NSD2	12
C2:CP:REACTOME	REACTOME_DNA_REPAIR	TIPIN	13
C2:CP:REACTOME	REACTOME_DNA_REPAIR	USP1	14
C2:CP:REACTOME	REACTOME_DNA_REPAIR	RAD51	15
C2:CP:REACTOME	REACTOME_DNA_REPAIR	RMI1	16
C2:CP:REACTOME	REACTOME_DNA_REPAIR	RAD51AP1	17
C2:CP:REACTOME	REACTOME_DNA_REPAIR	PAXIP1	18
C2:CP:REACTOME	REACTOME_DNA_REPAIR	UBE2T	19
C2:CP:REACTOME	REACTOME_DNA_REPAIR	RFC2	20
C2:CP:REACTOME	REACTOME_DNA_REPAIR	FIGNL1	21
C2:CP:REACTOME	REACTOME_DNA_REPAIR	RFC4	22
C2:CP:REACTOME	REACTOME_DNA_REPAIR	BAZ1B	23
C2:CP:REACTOME	REACTOME_DNA_REPAIR	MSH6	24
C2:CP:REACTOME	REACTOME_DNA_REPAIR	RPS27A	25
C2:CP:REACTOME	REACTOME_DNA_REPAIR	EXO1	26
C2:CP:REACTOME	REACTOME_DNA_REPAIR	MSH2	27
C2:CP:REACTOME	REACTOME_DNA_REPAIR	XRCC3	28
C2:CP:REACTOME	REACTOME_DNA_REPAIR	PARP1	29
C2:CP:REACTOME	REACTOME_DNA_REPAIR	POLR2F	30
C2:CP:REACTOME	REACTOME_DNA_REPAIR	BRCA1	31
C2:CP:REACTOME	REACTOME_DNA_REPAIR	TOPBP1	32
C2:CP:REACTOME	REACTOME_DNA_REPAIR	H2AX	33
C2:CP:REACTOME	REACTOME_DNA_REPAIR	BLM	34
C2:CP:REACTOME	REACTOME_DNA_REPAIR	DTL	35
C2:CP:REACTOME	REACTOME_DNA_REPAIR	FANCB	36
C2:CP:REACTOME	REACTOME_DNA_REPAIR	POLR2I	37
C2:CP:REACTOME	REACTOME_DNA_REPAIR	GTF2H5	38
C2:CP:REACTOME	REACTOME_DNA_REPAIR	RFC3	39
C2:CP:REACTOME	REACTOME_DNA_REPAIR	XRCC6	40
C2:CP:REACTOME	REACTOME_DNA_REPAIR	XRCC2	41
C2:CP:REACTOME	REACTOME_DNA_REPAIR	FANCI	42
C2:CP:REACTOME	REACTOME_DNA_REPAIR	POLE2	43
C2:CP:REACTOME	REACTOME_DNA_REPAIR	RFC5	44
C2:CP:REACTOME	REACTOME_DNA_REPAIR	POLR2J	45
C2:CP:REACTOME	REACTOME_DNA_REPAIR	CENPX	46
C2:CP:REACTOME	REACTOME_DNA_REPAIR	SPIDR	47
C2:CP:REACTOME	REACTOME_DNA_REPAIR	GPS1	48
C2:CP:REACTOME	REACTOME_DNA_REPAIR	PRKDC	49
C2:CP:REACTOME	REACTOME_DNA_REPAIR	PARG	50
C2:CP:REACTOME	REACTOME_DNA_REPAIR	AQR	51
C2:CP:REACTOME	REACTOME_DNA_REPAIR	RPA1	52
C2:CP:REACTOME	REACTOME_DNA_REPAIR	UBE2N	53
C2:CP:REACTOME	REACTOME_DNA_REPAIR	ACD	54
C2:CP:REACTOME	REACTOME_DNA_REPAIR	PCLAF	55
C2:CP:REACTOME	REACTOME_DNA_REPAIR	FANCC	56
C2:CP:REACTOME	REACTOME_DNA_REPAIR	UFD1	57
C2:CP:REACTOME	REACTOME_DNA_REPAIR	RPA2	58
C2:CP:REACTOME	REACTOME_DNA_REPAIR	BARD1	59
C2:CP:REACTOME	REACTOME_DNA_REPAIR	POLE3	60
C2:CP:REACTOME	REACTOME_DNA_REPAIR	PPP5C	61
C2:CP:REACTOME	REACTOME_DNA_REPAIR	POLQ	62
C2:CP:REACTOME	REACTOME_DNA_REPAIR	BRCA2	63
C2:CP:REACTOME	REACTOME_DNA_REPAIR	DNA2	64
C2:CP:REACTOME	REACTOME_DNA_REPAIR	CHEK2	65
C2:CP:REACTOME	REACTOME_DNA_REPAIR	RIF1	66
C2:CP:REACTOME	REACTOME_DNA_REPAIR	DCLRE1B	67
C2:CP:REACTOME	REACTOME_DNA_REPAIR	POLD1	68
C2:CP:REACTOME	REACTOME_DNA_REPAIR	RAD18	69
C2:CP:REACTOME	REACTOME_DNA_REPAIR	RAD51D	70
C2:CP:REACTOME	REACTOME_DNA_REPAIR	COPS3	71
C2:CP:REACTOME	REACTOME_DNA_REPAIR	DDB2	72
C2:CP:REACTOME	REACTOME_DNA_REPAIR	RAD1	73
C2:CP:REACTOME	REACTOME_DNA_REPAIR	BRIP1	74
C2:CP:REACTOME	REACTOME_DNA_REPAIR	SUMO2	75
C2:CP:REACTOME	REACTOME_DNA_REPAIR	NTHL1	76
C2:CP:REACTOME	REACTOME_DNA_REPAIR	RAD51B	77
C2:CP:REACTOME	REACTOME_DNA_REPAIR	LIG3	78
C2:CP:REACTOME	REACTOME_DNA_REPAIR	UBA7	79
C2:CP:REACTOME	REACTOME_DNA_REPAIR	ACTL6A	80
C2:CP:REACTOME	REACTOME_DNA_REPAIR	RUVBL1	81
C2:CP:REACTOME	REACTOME_DNA_REPAIR	POLE4	82
C2:CP:REACTOME	REACTOME_DNA_REPAIR	NFRKB	83
C2:CP:REACTOME	REACTOME_DNA_REPAIR	PPIE	84
C2:CP:REACTOME	REACTOME_DNA_REPAIR	USP43	85
C2:CP:REACTOME	REACTOME_DNA_REPAIR	MSH3	86
C2:CP:REACTOME	REACTOME_DNA_REPAIR	COPS8	87
C2:CP:REACTOME	REACTOME_DNA_REPAIR	APEX1	88
C2:CP:REACTOME	REACTOME_DNA_REPAIR	PNKP	89
C2:CP:REACTOME	REACTOME_DNA_REPAIR	H4C3	90
C2:CP:REACTOME	REACTOME_DNA_REPAIR	UBE2I	91
C2:CP:REACTOME	REACTOME_DNA_REPAIR	XRCC5	92
C2:CP:REACTOME	REACTOME_DNA_REPAIR	PARP2	93
C2:CP:REACTOME	REACTOME_DNA_REPAIR	TERF1	94
C2:CP:REACTOME	REACTOME_DNA_REPAIR	DCLRE1C	95
C2:CP:REACTOME	REACTOME_DNA_REPAIR	POLD2	96
C2:CP:REACTOME	REACTOME_DNA_REPAIR	RPA3	97
C2:CP:REACTOME	REACTOME_DNA_REPAIR	SUMO1	98
C2:CP:REACTOME	REACTOME_DNA_REPAIR	POLR2E	99
C2:CP:REACTOME	REACTOME_DNA_REPAIR	RTEL1	100
C2:CP:REACTOME	REACTOME_DNA_REPAIR	NEIL2	101
C2:CP:REACTOME	REACTOME_DNA_REPAIR	H2AC14	102
C2:CP:REACTOME	REACTOME_DNA_REPAIR	GTF2H4	103
C2:CP:REACTOME	REACTOME_DNA_REPAIR	COPS7B	104
C2:CP:REACTOME	REACTOME_DNA_REPAIR	SIRT6	105
C2:CP:REACTOME	REACTOME_DNA_REPAIR	PRPF19	106
C2:CP:REACTOME	REACTOME_DNA_REPAIR	POLR2K	107
C2:CP:REACTOME	REACTOME_DNA_REPAIR	POLR2L	108
C2:CP:REACTOME	REACTOME_DNA_REPAIR	ABRAXAS1	109
C2:CP:REACTOME	REACTOME_DNA_REPAIR	UBA52	110
C2:CP:REACTOME	REACTOME_DNA_REPAIR	RNF8	111
C2:CP:REACTOME	REACTOME_DNA_REPAIR	MLH1	112
C2:CP:REACTOME	REACTOME_DNA_REPAIR	RAD23A	113
C2:CP:REACTOME	REACTOME_DNA_REPAIR	RBBP8	114
C2:CP:REACTOME	REACTOME_DNA_REPAIR	FANCG	115
C2:CP:REACTOME	REACTOME_DNA_REPAIR	POLR2G	116
C2:CP:REACTOME	REACTOME_DNA_REPAIR	TINF2	117
C2:CP:REACTOME	REACTOME_DNA_REPAIR	TIMELESS	118
C2:CP:REACTOME	REACTOME_DNA_REPAIR	CHEK1	119
C2:CP:REACTOME	REACTOME_DNA_REPAIR	ACTR5	120
C2:CP:REACTOME	REACTOME_DNA_REPAIR	GTF2H2	121
C2:CP:REACTOME	REACTOME_DNA_REPAIR	SUMO3	122
C2:CP:REACTOME	REACTOME_DNA_REPAIR	PALB2	123
C2:CP:REACTOME	REACTOME_DNA_REPAIR	RAD50	124
C2:CP:REACTOME	REACTOME_DNA_REPAIR	SEM1	125
C2:CP:REACTOME	REACTOME_DNA_REPAIR	FANCM	126
C2:CP:REACTOME	REACTOME_DNA_REPAIR	INO80E	127
C2:CP:REACTOME	REACTOME_DNA_REPAIR	ATRIP	128
C2:CP:REACTOME	REACTOME_DNA_REPAIR	CDK2	129
C2:CP:REACTOME	REACTOME_DNA_REPAIR	POLR2H	130
C2:CP:REACTOME	REACTOME_DNA_REPAIR	RFC1	131
C2:CP:REACTOME	REACTOME_DNA_REPAIR	RBX1	132
C2:CP:REACTOME	REACTOME_DNA_REPAIR	TFPT	133
C2:CP:REACTOME	REACTOME_DNA_REPAIR	UBE2V2	134
C2:CP:REACTOME	REACTOME_DNA_REPAIR	ADPRS	135
C2:CP:REACTOME	REACTOME_DNA_REPAIR	COPS5	136
C2:CP:REACTOME	REACTOME_DNA_REPAIR	HUS1	137
C2:CP:REACTOME	REACTOME_DNA_REPAIR	POLH	138
C2:CP:REACTOME	REACTOME_DNA_REPAIR	NBN	139
C2:CP:REACTOME	REACTOME_DNA_REPAIR	TP53	140
C2:CP:REACTOME	REACTOME_DNA_REPAIR	RMI2	141
C2:CP:REACTOME	REACTOME_DNA_REPAIR	FAN1	142
C2:CP:REACTOME	REACTOME_DNA_REPAIR	H4C9	143
C2:CP:REACTOME	REACTOME_DNA_REPAIR	BAP1	144
C2:CP:REACTOME	REACTOME_DNA_REPAIR	FAAP24	145
C2:CP:REACTOME	REACTOME_DNA_REPAIR	USP10	146
C2:CP:REACTOME	REACTOME_DNA_REPAIR	OGG1	147
C2:CP:REACTOME	REACTOME_DNA_REPAIR	TERF2	148
C2:CP:REACTOME	REACTOME_DNA_REPAIR	FANCD2	149
C2:CP:REACTOME	REACTOME_DNA_REPAIR	MRE11	150
C2:CP:REACTOME	REACTOME_DNA_REPAIR	POLR2D	151
C2:CP:REACTOME	REACTOME_DNA_REPAIR	LIG4	152
C2:CP:REACTOME	REACTOME_DNA_REPAIR	ERCC4	153
C2:CP:REACTOME	REACTOME_DNA_REPAIR	BABAM1	154
C2:CP:REACTOME	REACTOME_DNA_REPAIR	HERC2	155
C2:CP:REACTOME	REACTOME_DNA_REPAIR	POLI	156
C2:CP:REACTOME	REACTOME_DNA_REPAIR	ATR	157
C2:CP:REACTOME	REACTOME_DNA_REPAIR	USP45	158
C2:CP:REACTOME	REACTOME_DNA_REPAIR	ASCC2	159
C2:CP:REACTOME	REACTOME_DNA_REPAIR	EYA3	160
C2:CP:REACTOME	REACTOME_DNA_REPAIR	XPA	161
C2:CP:REACTOME	REACTOME_DNA_REPAIR	RNF168	162
C2:CP:REACTOME	REACTOME_DNA_REPAIR	YY1	163
C2:CP:REACTOME	REACTOME_DNA_REPAIR	INO80C	164
C2:CP:REACTOME	REACTOME_DNA_REPAIR	UBE2L6	165
C2:CP:REACTOME	REACTOME_DNA_REPAIR	TCEA1	166
C2:CP:REACTOME	REACTOME_DNA_REPAIR	ERCC2	167
C2:CP:REACTOME	REACTOME_DNA_REPAIR	BABAM2	168
C2:CP:REACTOME	REACTOME_DNA_REPAIR	TRIM25	169
C2:CP:REACTOME	REACTOME_DNA_REPAIR	POLL	170
C2:CP:REACTOME	REACTOME_DNA_REPAIR	EME1	171
C2:CP:REACTOME	REACTOME_DNA_REPAIR	ATM	172
C2:CP:REACTOME	REACTOME_DNA_REPAIR	MCRS1	173
C2:CP:REACTOME	REACTOME_DNA_REPAIR	ASCC3	174
C2:CP:REACTOME	REACTOME_PROCESSING_OF_CAPPED_INTRON_CONTAINING_PRE_MRNA	LSM7	1
C2:CP:REACTOME	REACTOME_PROCESSING_OF_CAPPED_INTRON_CONTAINING_PRE_MRNA	SNRPG	2
C2:CP:REACTOME	REACTOME_PROCESSING_OF_CAPPED_INTRON_CONTAINING_PRE_MRNA	SLBP	3
C2:CP:REACTOME	REACTOME_PROCESSING_OF_CAPPED_INTRON_CONTAINING_PRE_MRNA	SRSF2	4
C2:CP:REACTOME	REACTOME_PROCESSING_OF_CAPPED_INTRON_CONTAINING_PRE_MRNA	TXNL4A	5
C2:CP:REACTOME	REACTOME_PROCESSING_OF_CAPPED_INTRON_CONTAINING_PRE_MRNA	PUF60	6
C2:CP:REACTOME	REACTOME_PROCESSING_OF_CAPPED_INTRON_CONTAINING_PRE_MRNA	SNRPD1	7
C2:CP:REACTOME	REACTOME_PROCESSING_OF_CAPPED_INTRON_CONTAINING_PRE_MRNA	DDX46	8
C2:CP:REACTOME	REACTOME_PROCESSING_OF_CAPPED_INTRON_CONTAINING_PRE_MRNA	NUP62	9
C2:CP:REACTOME	REACTOME_PROCESSING_OF_CAPPED_INTRON_CONTAINING_PRE_MRNA	RPS27A	10
C2:CP:REACTOME	REACTOME_PROCESSING_OF_CAPPED_INTRON_CONTAINING_PRE_MRNA	SNRPD3	11
C2:CP:REACTOME	REACTOME_PROCESSING_OF_CAPPED_INTRON_CONTAINING_PRE_MRNA	RBM17	12
C2:CP:REACTOME	REACTOME_PROCESSING_OF_CAPPED_INTRON_CONTAINING_PRE_MRNA	DHX9	13
C2:CP:REACTOME	REACTOME_PROCESSING_OF_CAPPED_INTRON_CONTAINING_PRE_MRNA	SNRPB	14
C2:CP:REACTOME	REACTOME_PROCESSING_OF_CAPPED_INTRON_CONTAINING_PRE_MRNA	POLR2F	15
C2:CP:REACTOME	REACTOME_PROCESSING_OF_CAPPED_INTRON_CONTAINING_PRE_MRNA	ACIN1	16
C2:CP:REACTOME	REACTOME_PROCESSING_OF_CAPPED_INTRON_CONTAINING_PRE_MRNA	PPIG	17
C2:CP:REACTOME	REACTOME_PROCESSING_OF_CAPPED_INTRON_CONTAINING_PRE_MRNA	SNRPF	18
C2:CP:REACTOME	REACTOME_PROCESSING_OF_CAPPED_INTRON_CONTAINING_PRE_MRNA	SRSF7	19
C2:CP:REACTOME	REACTOME_PROCESSING_OF_CAPPED_INTRON_CONTAINING_PRE_MRNA	SYMPK	20
C2:CP:REACTOME	REACTOME_PROCESSING_OF_CAPPED_INTRON_CONTAINING_PRE_MRNA	POLR2I	21
C2:CP:REACTOME	REACTOME_PROCESSING_OF_CAPPED_INTRON_CONTAINING_PRE_MRNA	SF3B6	22
C2:CP:REACTOME	REACTOME_PROCESSING_OF_CAPPED_INTRON_CONTAINING_PRE_MRNA	CSTF3	23
C2:CP:REACTOME	REACTOME_PROCESSING_OF_CAPPED_INTRON_CONTAINING_PRE_MRNA	LSM6	24
C2:CP:REACTOME	REACTOME_PROCESSING_OF_CAPPED_INTRON_CONTAINING_PRE_MRNA	LSM8	25
C2:CP:REACTOME	REACTOME_PROCESSING_OF_CAPPED_INTRON_CONTAINING_PRE_MRNA	SNRPD2	26
C2:CP:REACTOME	REACTOME_PROCESSING_OF_CAPPED_INTRON_CONTAINING_PRE_MRNA	POLR2J	27
C2:CP:REACTOME	REACTOME_PROCESSING_OF_CAPPED_INTRON_CONTAINING_PRE_MRNA	U2AF2	28
C2:CP:REACTOME	REACTOME_PROCESSING_OF_CAPPED_INTRON_CONTAINING_PRE_MRNA	CSTF1	29
C2:CP:REACTOME	REACTOME_PROCESSING_OF_CAPPED_INTRON_CONTAINING_PRE_MRNA	NUP188	30
C2:CP:REACTOME	REACTOME_PROCESSING_OF_CAPPED_INTRON_CONTAINING_PRE_MRNA	SNRPA	31
C2:CP:REACTOME	REACTOME_PROCESSING_OF_CAPPED_INTRON_CONTAINING_PRE_MRNA	NXT1	32
C2:CP:REACTOME	REACTOME_PROCESSING_OF_CAPPED_INTRON_CONTAINING_PRE_MRNA	DHX35	33
C2:CP:REACTOME	REACTOME_PROCESSING_OF_CAPPED_INTRON_CONTAINING_PRE_MRNA	AQR	34
C2:CP:REACTOME	REACTOME_PROCESSING_OF_CAPPED_INTRON_CONTAINING_PRE_MRNA	SF3B4	35
C2:CP:REACTOME	REACTOME_PROCESSING_OF_CAPPED_INTRON_CONTAINING_PRE_MRNA	SNRNP70	36
C2:CP:REACTOME	REACTOME_PROCESSING_OF_CAPPED_INTRON_CONTAINING_PRE_MRNA	SNRNP40	37
C2:CP:REACTOME	REACTOME_PROCESSING_OF_CAPPED_INTRON_CONTAINING_PRE_MRNA	LSM2	38
C2:CP:REACTOME	REACTOME_PROCESSING_OF_CAPPED_INTRON_CONTAINING_PRE_MRNA	CHTOP	39
C2:CP:REACTOME	REACTOME_PROCESSING_OF_CAPPED_INTRON_CONTAINING_PRE_MRNA	SRSF3	40
C2:CP:REACTOME	REACTOME_PROCESSING_OF_CAPPED_INTRON_CONTAINING_PRE_MRNA	BUD31	41
C2:CP:REACTOME	REACTOME_PROCESSING_OF_CAPPED_INTRON_CONTAINING_PRE_MRNA	NDC1	42
C2:CP:REACTOME	REACTOME_PROCESSING_OF_CAPPED_INTRON_CONTAINING_PRE_MRNA	SNU13	43
C2:CP:REACTOME	REACTOME_PROCESSING_OF_CAPPED_INTRON_CONTAINING_PRE_MRNA	EIF4E	44
C2:CP:REACTOME	REACTOME_PROCESSING_OF_CAPPED_INTRON_CONTAINING_PRE_MRNA	SNRNP25	45
C2:CP:REACTOME	REACTOME_PROCESSING_OF_CAPPED_INTRON_CONTAINING_PRE_MRNA	SRSF10	46
C2:CP:REACTOME	REACTOME_PROCESSING_OF_CAPPED_INTRON_CONTAINING_PRE_MRNA	NUP155	47
C2:CP:REACTOME	REACTOME_PROCESSING_OF_CAPPED_INTRON_CONTAINING_PRE_MRNA	HNRNPR	48
C2:CP:REACTOME	REACTOME_PROCESSING_OF_CAPPED_INTRON_CONTAINING_PRE_MRNA	LSM4	49
C2:CP:REACTOME	REACTOME_PROCESSING_OF_CAPPED_INTRON_CONTAINING_PRE_MRNA	MAGOHB	50
C2:CP:REACTOME	REACTOME_PROCESSING_OF_CAPPED_INTRON_CONTAINING_PRE_MRNA	ALYREF	51
C2:CP:REACTOME	REACTOME_PROCESSING_OF_CAPPED_INTRON_CONTAINING_PRE_MRNA	USP39	52
C2:CP:REACTOME	REACTOME_PROCESSING_OF_CAPPED_INTRON_CONTAINING_PRE_MRNA	HNRNPD	53
C2:CP:REACTOME	REACTOME_PROCESSING_OF_CAPPED_INTRON_CONTAINING_PRE_MRNA	SNRPC	54
C2:CP:REACTOME	REACTOME_PROCESSING_OF_CAPPED_INTRON_CONTAINING_PRE_MRNA	PCBP1	55
C2:CP:REACTOME	REACTOME_PROCESSING_OF_CAPPED_INTRON_CONTAINING_PRE_MRNA	HNRNPF	56
C2:CP:REACTOME	REACTOME_PROCESSING_OF_CAPPED_INTRON_CONTAINING_PRE_MRNA	PPP1CA	57
C2:CP:REACTOME	REACTOME_PROCESSING_OF_CAPPED_INTRON_CONTAINING_PRE_MRNA	DDX39A	58
C2:CP:REACTOME	REACTOME_PROCESSING_OF_CAPPED_INTRON_CONTAINING_PRE_MRNA	RBM25	59
C2:CP:REACTOME	REACTOME_PROCESSING_OF_CAPPED_INTRON_CONTAINING_PRE_MRNA	DDX39B	60
C2:CP:REACTOME	REACTOME_PROCESSING_OF_CAPPED_INTRON_CONTAINING_PRE_MRNA	TUT1	61
C2:CP:REACTOME	REACTOME_PROCESSING_OF_CAPPED_INTRON_CONTAINING_PRE_MRNA	PPIL1	62
C2:CP:REACTOME	REACTOME_PROCESSING_OF_CAPPED_INTRON_CONTAINING_PRE_MRNA	ZCRB1	63
C2:CP:REACTOME	REACTOME_PROCESSING_OF_CAPPED_INTRON_CONTAINING_PRE_MRNA	SNRPE	64
C2:CP:REACTOME	REACTOME_PROCESSING_OF_CAPPED_INTRON_CONTAINING_PRE_MRNA	PTBP1	65
C2:CP:REACTOME	REACTOME_PROCESSING_OF_CAPPED_INTRON_CONTAINING_PRE_MRNA	UBL5	66
C2:CP:REACTOME	REACTOME_PROCESSING_OF_CAPPED_INTRON_CONTAINING_PRE_MRNA	NUP35	67
C2:CP:REACTOME	REACTOME_PROCESSING_OF_CAPPED_INTRON_CONTAINING_PRE_MRNA	SF3B5	68
C2:CP:REACTOME	REACTOME_PROCESSING_OF_CAPPED_INTRON_CONTAINING_PRE_MRNA	SRSF9	69
C2:CP:REACTOME	REACTOME_PROCESSING_OF_CAPPED_INTRON_CONTAINING_PRE_MRNA	PPIE	70
C2:CP:REACTOME	REACTOME_PROCESSING_OF_CAPPED_INTRON_CONTAINING_PRE_MRNA	NUP93	71
C2:CP:REACTOME	REACTOME_PROCESSING_OF_CAPPED_INTRON_CONTAINING_PRE_MRNA	SNRPA1	72
C2:CP:REACTOME	REACTOME_PROCESSING_OF_CAPPED_INTRON_CONTAINING_PRE_MRNA	HNRNPM	73
C2:CP:REACTOME	REACTOME_PROCESSING_OF_CAPPED_INTRON_CONTAINING_PRE_MRNA	GPATCH1	74
C2:CP:REACTOME	REACTOME_PROCESSING_OF_CAPPED_INTRON_CONTAINING_PRE_MRNA	SRSF1	75
C2:CP:REACTOME	REACTOME_PROCESSING_OF_CAPPED_INTRON_CONTAINING_PRE_MRNA	RNPS1	76
C2:CP:REACTOME	REACTOME_PROCESSING_OF_CAPPED_INTRON_CONTAINING_PRE_MRNA	PRPF4	77
C2:CP:REACTOME	REACTOME_PROCESSING_OF_CAPPED_INTRON_CONTAINING_PRE_MRNA	NUP214	78
C2:CP:REACTOME	REACTOME_PROCESSING_OF_CAPPED_INTRON_CONTAINING_PRE_MRNA	SRSF4	79
C2:CP:REACTOME	REACTOME_PROCESSING_OF_CAPPED_INTRON_CONTAINING_PRE_MRNA	GCFC2	80
C2:CP:REACTOME	REACTOME_PROCESSING_OF_CAPPED_INTRON_CONTAINING_PRE_MRNA	POLR2E	81
C2:CP:REACTOME	REACTOME_PROCESSING_OF_CAPPED_INTRON_CONTAINING_PRE_MRNA	LUC7L3	82
C2:CP:REACTOME	REACTOME_PROCESSING_OF_CAPPED_INTRON_CONTAINING_PRE_MRNA	PHF5A	83
C2:CP:REACTOME	REACTOME_PROCESSING_OF_CAPPED_INTRON_CONTAINING_PRE_MRNA	PRPF19	84
C2:CP:REACTOME	REACTOME_PROCESSING_OF_CAPPED_INTRON_CONTAINING_PRE_MRNA	POLR2K	85
C2:CP:REACTOME	REACTOME_PROCESSING_OF_CAPPED_INTRON_CONTAINING_PRE_MRNA	NUP107	86
C2:CP:REACTOME	REACTOME_PROCESSING_OF_CAPPED_INTRON_CONTAINING_PRE_MRNA	SRSF11	87
C2:CP:REACTOME	REACTOME_PROCESSING_OF_CAPPED_INTRON_CONTAINING_PRE_MRNA	NUP85	88
C2:CP:REACTOME	REACTOME_PROCESSING_OF_CAPPED_INTRON_CONTAINING_PRE_MRNA	CPSF7	89
C2:CP:REACTOME	REACTOME_PROCESSING_OF_CAPPED_INTRON_CONTAINING_PRE_MRNA	LSM5	90
C2:CP:REACTOME	REACTOME_PROCESSING_OF_CAPPED_INTRON_CONTAINING_PRE_MRNA	CDC5L	91
C2:CP:REACTOME	REACTOME_PROCESSING_OF_CAPPED_INTRON_CONTAINING_PRE_MRNA	HTATSF1	92
C2:CP:REACTOME	REACTOME_PROCESSING_OF_CAPPED_INTRON_CONTAINING_PRE_MRNA	THOC7	93
C2:CP:REACTOME	REACTOME_PROCESSING_OF_CAPPED_INTRON_CONTAINING_PRE_MRNA	POLR2L	94
C2:CP:REACTOME	REACTOME_PROCESSING_OF_CAPPED_INTRON_CONTAINING_PRE_MRNA	UBA52	95
C2:CP:REACTOME	REACTOME_PROCESSING_OF_CAPPED_INTRON_CONTAINING_PRE_MRNA	SNRPB2	96
C2:CP:REACTOME	REACTOME_PROCESSING_OF_CAPPED_INTRON_CONTAINING_PRE_MRNA	PNN	97
C2:CP:REACTOME	REACTOME_PROCESSING_OF_CAPPED_INTRON_CONTAINING_PRE_MRNA	SARNP	98
C2:CP:REACTOME	REACTOME_PROCESSING_OF_CAPPED_INTRON_CONTAINING_PRE_MRNA	YBX1	99
C2:CP:REACTOME	REACTOME_PROCESSING_OF_CAPPED_INTRON_CONTAINING_PRE_MRNA	SF3B3	100
C2:CP:REACTOME	REACTOME_PROCESSING_OF_CAPPED_INTRON_CONTAINING_PRE_MRNA	PPIL2	101
C2:CP:REACTOME	REACTOME_PROCESSING_OF_CAPPED_INTRON_CONTAINING_PRE_MRNA	NUP160	102
C2:CP:REACTOME	REACTOME_PROCESSING_OF_CAPPED_INTRON_CONTAINING_PRE_MRNA	SF3A3	103
C2:CP:REACTOME	REACTOME_PROCESSING_OF_CAPPED_INTRON_CONTAINING_PRE_MRNA	POLR2G	104
C2:CP:REACTOME	REACTOME_PROCESSING_OF_CAPPED_INTRON_CONTAINING_PRE_MRNA	EIF4A3	105
C2:CP:REACTOME	REACTOME_PROCESSING_OF_CAPPED_INTRON_CONTAINING_PRE_MRNA	HSPA8	106
C2:CP:REACTOME	REACTOME_PROCESSING_OF_CAPPED_INTRON_CONTAINING_PRE_MRNA	PQBP1	107
C2:CP:REACTOME	REACTOME_PROCESSING_OF_CAPPED_INTRON_CONTAINING_PRE_MRNA	WDR33	108
C2:CP:REACTOME	REACTOME_PROCESSING_OF_CAPPED_INTRON_CONTAINING_PRE_MRNA	FIP1L1	109
C2:CP:REACTOME	REACTOME_PROCESSING_OF_CAPPED_INTRON_CONTAINING_PRE_MRNA	PRCC	110
C2:CP:REACTOME	REACTOME_PROCESSING_OF_CAPPED_INTRON_CONTAINING_PRE_MRNA	RBM8A	111
C2:CP:REACTOME	REACTOME_PROCESSING_OF_CAPPED_INTRON_CONTAINING_PRE_MRNA	THOC5	112
C2:CP:REACTOME	REACTOME_PROCESSING_OF_CAPPED_INTRON_CONTAINING_PRE_MRNA	YJU2	113
C2:CP:REACTOME	REACTOME_PROCESSING_OF_CAPPED_INTRON_CONTAINING_PRE_MRNA	ZRSR2	114
C2:CP:REACTOME	REACTOME_PROCESSING_OF_CAPPED_INTRON_CONTAINING_PRE_MRNA	THOC1	115
C2:CP:REACTOME	REACTOME_PROCESSING_OF_CAPPED_INTRON_CONTAINING_PRE_MRNA	POLR2H	116
C2:CP:REACTOME	REACTOME_PROCESSING_OF_CAPPED_INTRON_CONTAINING_PRE_MRNA	PRPF6	117
C2:CP:REACTOME	REACTOME_PROCESSING_OF_CAPPED_INTRON_CONTAINING_PRE_MRNA	SNRNP200	118
C2:CP:REACTOME	REACTOME_PROCESSING_OF_CAPPED_INTRON_CONTAINING_PRE_MRNA	PLRG1	119
C2:CP:REACTOME	REACTOME_PROCESSING_OF_CAPPED_INTRON_CONTAINING_PRE_MRNA	LSM3	120
C2:CP:REACTOME	REACTOME_PROCESSING_OF_CAPPED_INTRON_CONTAINING_PRE_MRNA	CCAR1	121
C2:CP:REACTOME	REACTOME_PROCESSING_OF_CAPPED_INTRON_CONTAINING_PRE_MRNA	METTL14	122
C2:CP:REACTOME	REACTOME_PROCESSING_OF_CAPPED_INTRON_CONTAINING_PRE_MRNA	PRKRIP1	123
C2:CP:REACTOME	REACTOME_PROCESSING_OF_CAPPED_INTRON_CONTAINING_PRE_MRNA	GTF2F2	124
C2:CP:REACTOME	REACTOME_PROCESSING_OF_CAPPED_INTRON_CONTAINING_PRE_MRNA	PPIH	125
C2:CP:REACTOME	REACTOME_PROCESSING_OF_CAPPED_INTRON_CONTAINING_PRE_MRNA	U2AF1	126
C2:CP:REACTOME	REACTOME_PROCESSING_OF_CAPPED_INTRON_CONTAINING_PRE_MRNA	SNRNP48	127
C2:CP:REACTOME	REACTOME_PROCESSING_OF_CAPPED_INTRON_CONTAINING_PRE_MRNA	CPSF3	128
C2:CP:REACTOME	REACTOME_PROCESSING_OF_CAPPED_INTRON_CONTAINING_PRE_MRNA	MAGOH	129
C2:CP:REACTOME	REACTOME_PROCESSING_OF_CAPPED_INTRON_CONTAINING_PRE_MRNA	BCAS2	130
C2:CP:REACTOME	REACTOME_PROCESSING_OF_CAPPED_INTRON_CONTAINING_PRE_MRNA	HNRNPK	131
C2:CP:REACTOME	REACTOME_PROCESSING_OF_CAPPED_INTRON_CONTAINING_PRE_MRNA	PPWD1	132
C2:CP:REACTOME	REACTOME_PROCESSING_OF_CAPPED_INTRON_CONTAINING_PRE_MRNA	XRN2	133
C2:CP:REACTOME	REACTOME_PROCESSING_OF_CAPPED_INTRON_CONTAINING_PRE_MRNA	PRPF3	134
C2:CP:REACTOME	REACTOME_PROCESSING_OF_CAPPED_INTRON_CONTAINING_PRE_MRNA	THOC3	135
C2:CP:REACTOME	REACTOME_PROCESSING_OF_CAPPED_INTRON_CONTAINING_PRE_MRNA	FYTTD1	136
C2:CP:REACTOME	REACTOME_PROCESSING_OF_CAPPED_INTRON_CONTAINING_PRE_MRNA	HNRNPA2B1	137
C2:CP:REACTOME	REACTOME_PROCESSING_OF_CAPPED_INTRON_CONTAINING_PRE_MRNA	HNRNPH1	138
C2:CP:REACTOME	REACTOME_PROCESSING_OF_CAPPED_INTRON_CONTAINING_PRE_MRNA	RAE1	139
C2:CP:REACTOME	REACTOME_PROCESSING_OF_CAPPED_INTRON_CONTAINING_PRE_MRNA	TPR	140
C2:CP:REACTOME	REACTOME_PROCESSING_OF_CAPPED_INTRON_CONTAINING_PRE_MRNA	EFTUD2	141
C2:CP:REACTOME	REACTOME_PROCESSING_OF_CAPPED_INTRON_CONTAINING_PRE_MRNA	U2SURP	142
C2:CP:REACTOME	REACTOME_PROCESSING_OF_CAPPED_INTRON_CONTAINING_PRE_MRNA	POLR2D	143
C2:CP:REACTOME	REACTOME_PROCESSING_OF_CAPPED_INTRON_CONTAINING_PRE_MRNA	CPSF4	144
C2:CP:REACTOME	REACTOME_PROCESSING_OF_CAPPED_INTRON_CONTAINING_PRE_MRNA	SUGP1	145
C2:CP:REACTOME	REACTOME_PROCESSING_OF_CAPPED_INTRON_CONTAINING_PRE_MRNA	NCBP2	146
C2:CP:REACTOME	REACTOME_PROCESSING_OF_CAPPED_INTRON_CONTAINING_PRE_MRNA	NUP205	147
C2:CP:REACTOME	REACTOME_PROCESSING_OF_CAPPED_INTRON_CONTAINING_PRE_MRNA	SRSF8	148
C2:CP:REACTOME	REACTOME_PROCESSING_OF_CAPPED_INTRON_CONTAINING_PRE_MRNA	CLP1	149
C2:CP:REACTOME	REACTOME_PROCESSING_OF_CAPPED_INTRON_CONTAINING_PRE_MRNA	NUP37	150
C2:CP:REACTOME	REACTOME_PROCESSING_OF_CAPPED_INTRON_CONTAINING_PRE_MRNA	SRSF5	151
C2:CP:REACTOME	REACTOME_PROCESSING_OF_CAPPED_INTRON_CONTAINING_PRE_MRNA	PPP1R8	152
C2:CP:REACTOME	REACTOME_PROCESSING_OF_CAPPED_INTRON_CONTAINING_PRE_MRNA	NCBP1	153
C2:CP:REACTOME	REACTOME_PROCESSING_OF_CAPPED_INTRON_CONTAINING_PRE_MRNA	SNRPN	154
C2:CP:REACTOME	REACTOME_PROCESSING_OF_CAPPED_INTRON_CONTAINING_PRE_MRNA	SMNDC1	155
C2:CP:REACTOME	REACTOME_PROCESSING_OF_CAPPED_INTRON_CONTAINING_PRE_MRNA	PCBP2	156
C2:CP:REACTOME	REACTOME_PROCESSING_OF_CAPPED_INTRON_CONTAINING_PRE_MRNA	SNRNP27	157
C2:CP:REACTOME	REACTOME_PROCESSING_OF_CAPPED_INTRON_CONTAINING_PRE_MRNA	PRPF31	158
C2:CP:REACTOME	REACTOME_PROCESSING_OF_CAPPED_INTRON_CONTAINING_PRE_MRNA	RANBP2	159
C2:CP:REACTOME	REACTOME_PROCESSING_OF_CAPPED_INTRON_CONTAINING_PRE_MRNA	MFAP1	160
C2:CP:REACTOME	REACTOME_PROCESSING_OF_CAPPED_INTRON_CONTAINING_PRE_MRNA	TCERG1	161
C2:CP:REACTOME	REACTOME_PROCESSING_OF_CAPPED_INTRON_CONTAINING_PRE_MRNA	FAM32A	162
C2:CP:REACTOME	REACTOME_PROCESSING_OF_CAPPED_INTRON_CONTAINING_PRE_MRNA	RBMX2	163
C2:CP:REACTOME	REACTOME_PROCESSING_OF_CAPPED_INTRON_CONTAINING_PRE_MRNA	FAM50A	164
C2:CP:REACTOME	REACTOME_PROCESSING_OF_CAPPED_INTRON_CONTAINING_PRE_MRNA	SF3A1	165
C2:CP:REACTOME	REACTOME_PROCESSING_OF_CAPPED_INTRON_CONTAINING_PRE_MRNA	NUP153	166
C2:CP:REACTOME	REACTOME_PROCESSING_OF_CAPPED_INTRON_CONTAINING_PRE_MRNA	DDX5	167
C5:GO:BP	GOBP_DETECTION_OF_STIMULUS_INVOLVED_IN_SENSORY_PERCEPTION	NTSR1	1
C5:GO:BP	GOBP_DETECTION_OF_STIMULUS_INVOLVED_IN_SENSORY_PERCEPTION	OR1L8	2
C5:GO:BP	GOBP_DETECTION_OF_STIMULUS_INVOLVED_IN_SENSORY_PERCEPTION	OR14A2	3
C5:GO:BP	GOBP_DETECTION_OF_STIMULUS_INVOLVED_IN_SENSORY_PERCEPTION	OR1B1	4
C5:GO:BP	GOBP_DETECTION_OF_STIMULUS_INVOLVED_IN_SENSORY_PERCEPTION	PIGR	5
C5:GO:BP	GOBP_DETECTION_OF_STIMULUS_INVOLVED_IN_SENSORY_PERCEPTION	OR4D9	6
C5:GO:BP	GOBP_DETECTION_OF_STIMULUS_INVOLVED_IN_SENSORY_PERCEPTION	OR2M3	7
C5:GO:BP	GOBP_DETECTION_OF_STIMULUS_INVOLVED_IN_SENSORY_PERCEPTION	TULP1	8
C5:GO:BP	GOBP_DETECTION_OF_STIMULUS_INVOLVED_IN_SENSORY_PERCEPTION	TAC4	9
C5:GO:BP	GOBP_DETECTION_OF_STIMULUS_INVOLVED_IN_SENSORY_PERCEPTION	PRPH2	10
C5:GO:BP	GOBP_DETECTION_OF_STIMULUS_INVOLVED_IN_SENSORY_PERCEPTION	PRDM12	11
C5:GO:BP	GOBP_DETECTION_OF_STIMULUS_INVOLVED_IN_SENSORY_PERCEPTION	TMC2	12
C5:GO:BP	GOBP_DETECTION_OF_STIMULUS_INVOLVED_IN_SENSORY_PERCEPTION	OR2A42	13
C5:GO:BP	GOBP_DETECTION_OF_STIMULUS_INVOLVED_IN_SENSORY_PERCEPTION	TAS1R1	14
C5:GO:BP	GOBP_DETECTION_OF_STIMULUS_INVOLVED_IN_SENSORY_PERCEPTION	HPN	15
C5:GO:BP	GOBP_DETECTION_OF_STIMULUS_INVOLVED_IN_SENSORY_PERCEPTION	PDZD7	16
C5:GO:BP	GOBP_DETECTION_OF_STIMULUS_INVOLVED_IN_SENSORY_PERCEPTION	GNAT2	17
C5:GO:BP	GOBP_DETECTION_OF_STIMULUS_INVOLVED_IN_SENSORY_PERCEPTION	RPE65	18
C5:GO:BP	GOBP_DETECTION_OF_STIMULUS_INVOLVED_IN_SENSORY_PERCEPTION	TAS2R30	19
C5:GO:BP	GOBP_DETECTION_OF_STIMULUS_INVOLVED_IN_SENSORY_PERCEPTION	CNGB1	20
C5:GO:BP	GOBP_DETECTION_OF_STIMULUS_INVOLVED_IN_SENSORY_PERCEPTION	GNAT3	21
C5:GO:BP	GOBP_DETECTION_OF_STIMULUS_INVOLVED_IN_SENSORY_PERCEPTION	OR56A3	22
C5:GO:BP	GOBP_DETECTION_OF_STIMULUS_INVOLVED_IN_SENSORY_PERCEPTION	SCN11A	23
C5:GO:BP	GOBP_DETECTION_OF_STIMULUS_INVOLVED_IN_SENSORY_PERCEPTION	PIEZO2	24
C5:GO:BP	GOBP_DETECTION_OF_STIMULUS_INVOLVED_IN_SENSORY_PERCEPTION	OR2T8	25
C5:GO:BP	GOBP_DETECTION_OF_STIMULUS_INVOLVED_IN_SENSORY_PERCEPTION	CXCL12	26
C5:GO:BP	GOBP_DETECTION_OF_STIMULUS_INVOLVED_IN_SENSORY_PERCEPTION	OR51B2	27
C5:GO:BP	GOBP_DETECTION_OF_STIMULUS_INVOLVED_IN_SENSORY_PERCEPTION	OR51I2	28
C5:GO:BP	GOBP_DETECTION_OF_STIMULUS_INVOLVED_IN_SENSORY_PERCEPTION	CACNA1F	29
C5:GO:BP	GOBP_DETECTION_OF_STIMULUS_INVOLVED_IN_SENSORY_PERCEPTION	WHRN	30
C5:GO:BP	GOBP_DETECTION_OF_STIMULUS_INVOLVED_IN_SENSORY_PERCEPTION	KCNK2	31
C5:GO:BP	GOBP_DETECTION_OF_STIMULUS_INVOLVED_IN_SENSORY_PERCEPTION	PRCD	32
C5:GO:BP	GOBP_DETECTION_OF_STIMULUS_INVOLVED_IN_SENSORY_PERCEPTION	WDR47	33
C5:GO:BP	GOBP_DETECTION_OF_STIMULUS_INVOLVED_IN_SENSORY_PERCEPTION	PKD1L3	34
C5:GO:BP	GOBP_DETECTION_OF_STIMULUS_INVOLVED_IN_SENSORY_PERCEPTION	OR2M4	35
C5:GO:BP	GOBP_DETECTION_OF_STIMULUS_INVOLVED_IN_SENSORY_PERCEPTION	KCNQ1	36
C5:GO:BP	GOBP_DETECTION_OF_STIMULUS_INVOLVED_IN_SENSORY_PERCEPTION	ADORA1	37
C5:GO:BP	GOBP_DETECTION_OF_STIMULUS_INVOLVED_IN_SENSORY_PERCEPTION	ADGRV1	38
C5:GO:BP	GOBP_DETECTION_OF_STIMULUS_INVOLVED_IN_SENSORY_PERCEPTION	OR9Q1	39
C5:GO:BP	GOBP_DETECTION_OF_STIMULUS_INVOLVED_IN_SENSORY_PERCEPTION	LXN	40
C5:GO:BP	GOBP_DETECTION_OF_STIMULUS_INVOLVED_IN_SENSORY_PERCEPTION	OR51B4	41
C5:GO:BP	GOBP_DETECTION_OF_STIMULUS_INVOLVED_IN_SENSORY_PERCEPTION	SEMA5B	42
C5:GO:BP	GOBP_DETECTION_OF_STIMULUS_INVOLVED_IN_SENSORY_PERCEPTION	REST	43
C5:GO:BP	GOBP_DETECTION_OF_STIMULUS_INVOLVED_IN_SENSORY_PERCEPTION	TAS2R4	44
C5:GO:BP	GOBP_DETECTION_OF_STIMULUS_INVOLVED_IN_SENSORY_PERCEPTION	KCNK4	45
C5:GO:BP	GOBP_SENSORY_PERCEPTION_OF_CHEMICAL_STIMULUS	OR1L8	1
C5:GO:BP	GOBP_SENSORY_PERCEPTION_OF_CHEMICAL_STIMULUS	OR14A2	2
C5:GO:BP	GOBP_SENSORY_PERCEPTION_OF_CHEMICAL_STIMULUS	OR1B1	3
C5:GO:BP	GOBP_SENSORY_PERCEPTION_OF_CHEMICAL_STIMULUS	PIGR	4
C5:GO:BP	GOBP_SENSORY_PERCEPTION_OF_CHEMICAL_STIMULUS	NXNL2	5
C5:GO:BP	GOBP_SENSORY_PERCEPTION_OF_CHEMICAL_STIMULUS	OR4D9	6
C5:GO:BP	GOBP_SENSORY_PERCEPTION_OF_CHEMICAL_STIMULUS	OR2M3	7
C5:GO:BP	GOBP_SENSORY_PERCEPTION_OF_CHEMICAL_STIMULUS	DRD2	8
C5:GO:BP	GOBP_SENSORY_PERCEPTION_OF_CHEMICAL_STIMULUS	SCNN1B	9
C5:GO:BP	GOBP_SENSORY_PERCEPTION_OF_CHEMICAL_STIMULUS	CNGA1	10
C5:GO:BP	GOBP_SENSORY_PERCEPTION_OF_CHEMICAL_STIMULUS	OR2A42	11
C5:GO:BP	GOBP_SENSORY_PERCEPTION_OF_CHEMICAL_STIMULUS	TAS1R1	12
C5:GO:BP	GOBP_SENSORY_PERCEPTION_OF_CHEMICAL_STIMULUS	LCN1	13
C5:GO:BP	GOBP_SENSORY_PERCEPTION_OF_CHEMICAL_STIMULUS	GNAT2	14
C5:GO:BP	GOBP_SENSORY_PERCEPTION_OF_CHEMICAL_STIMULUS	SCNN1D	15
C5:GO:BP	GOBP_SENSORY_PERCEPTION_OF_CHEMICAL_STIMULUS	TAS2R30	16
C5:GO:BP	GOBP_SENSORY_PERCEPTION_OF_CHEMICAL_STIMULUS	CNGB1	17
C5:GO:BP	GOBP_SENSORY_PERCEPTION_OF_CHEMICAL_STIMULUS	GNAT3	18
C5:GO:BP	GOBP_SENSORY_PERCEPTION_OF_CHEMICAL_STIMULUS	OR56A3	19
C5:GO:BP	GOBP_SENSORY_PERCEPTION_OF_CHEMICAL_STIMULUS	GNAL	20
C5:GO:BP	GOBP_SENSORY_PERCEPTION_OF_CHEMICAL_STIMULUS	VN1R1	21
C5:GO:BP	GOBP_SENSORY_PERCEPTION_OF_CHEMICAL_STIMULUS	CNGA4	22
C5:GO:BP	GOBP_SENSORY_PERCEPTION_OF_CHEMICAL_STIMULUS	OR2T8	23
C5:GO:BP	GOBP_SENSORY_PERCEPTION_OF_CHEMICAL_STIMULUS	OR51B2	24
C5:GO:BP	GOBP_SENSORY_PERCEPTION_OF_CHEMICAL_STIMULUS	OR51I2	25
C5:GO:BP	GOBP_SENSORY_PERCEPTION_OF_CHEMICAL_STIMULUS	PKD1L3	26
C5:GO:BP	GOBP_SENSORY_PERCEPTION_OF_CHEMICAL_STIMULUS	OR2M4	27
C5:GO:BP	GOBP_SENSORY_PERCEPTION_OF_CHEMICAL_STIMULUS	SLC6A3	28
C5:GO:BP	GOBP_SENSORY_PERCEPTION_OF_CHEMICAL_STIMULUS	OR9Q1	29
C5:GO:BP	GOBP_SENSORY_PERCEPTION_OF_CHEMICAL_STIMULUS	CD36	30
C5:GO:BP	GOBP_SENSORY_PERCEPTION_OF_CHEMICAL_STIMULUS	REEP2	31
C5:GO:BP	GOBP_SENSORY_PERCEPTION	GBX1	1
C5:GO:BP	GOBP_SENSORY_PERCEPTION	NTSR1	2
C5:GO:BP	GOBP_SENSORY_PERCEPTION	COL11A2	3
C5:GO:BP	GOBP_SENSORY_PERCEPTION	KCNQ4	4
C5:GO:BP	GOBP_SENSORY_PERCEPTION	OR1L8	5
C5:GO:BP	GOBP_SENSORY_PERCEPTION	TUB	6
C5:GO:BP	GOBP_SENSORY_PERCEPTION	GRAP	7
C5:GO:BP	GOBP_SENSORY_PERCEPTION	AOC2	8
C5:GO:BP	GOBP_SENSORY_PERCEPTION	RPGRIP1	9
C5:GO:BP	GOBP_SENSORY_PERCEPTION	GRK7	10
C5:GO:BP	GOBP_SENSORY_PERCEPTION	MYO1A	11
C5:GO:BP	GOBP_SENSORY_PERCEPTION	OR14A2	12
C5:GO:BP	GOBP_SENSORY_PERCEPTION	CPLX4	13
C5:GO:BP	GOBP_SENSORY_PERCEPTION	OR1B1	14
C5:GO:BP	GOBP_SENSORY_PERCEPTION	MIP	15
C5:GO:BP	GOBP_SENSORY_PERCEPTION	PDE6G	16
C5:GO:BP	GOBP_SENSORY_PERCEPTION	PIGR	17
C5:GO:BP	GOBP_SENSORY_PERCEPTION	TRPM1	18
C5:GO:BP	GOBP_SENSORY_PERCEPTION	CRYGC	19
C5:GO:BP	GOBP_SENSORY_PERCEPTION	NXNL2	20
C5:GO:BP	GOBP_SENSORY_PERCEPTION	OR4D9	21
C5:GO:BP	GOBP_SENSORY_PERCEPTION	SLC17A8	22
C5:GO:BP	GOBP_SENSORY_PERCEPTION	NMU	23
C5:GO:BP	GOBP_SENSORY_PERCEPTION	TBX1	24
C5:GO:BP	GOBP_SENSORY_PERCEPTION	OR2M3	25
C5:GO:BP	GOBP_SENSORY_PERCEPTION	TULP1	26
C5:GO:BP	GOBP_SENSORY_PERCEPTION	DRD2	27
C5:GO:BP	GOBP_SENSORY_PERCEPTION	OTOA	28
C5:GO:BP	GOBP_SENSORY_PERCEPTION	TAC4	29
C5:GO:BP	GOBP_SENSORY_PERCEPTION	RDH12	30
C5:GO:BP	GOBP_SENSORY_PERCEPTION	PRPH2	31
C5:GO:BP	GOBP_SENSORY_PERCEPTION	PRDM12	32
C5:GO:BP	GOBP_SENSORY_PERCEPTION	PDC	33
C5:GO:BP	GOBP_SENSORY_PERCEPTION	SPNS2	34
C5:GO:BP	GOBP_SENSORY_PERCEPTION	SLC38A8	35
C5:GO:BP	GOBP_SENSORY_PERCEPTION	LCTL	36
C5:GO:BP	GOBP_SENSORY_PERCEPTION	TMC2	37
C5:GO:BP	GOBP_SENSORY_PERCEPTION	LHFPL4	38
C5:GO:BP	GOBP_SENSORY_PERCEPTION	SCNN1B	39
C5:GO:BP	GOBP_SENSORY_PERCEPTION	CNGA1	40
C5:GO:BP	GOBP_SENSORY_PERCEPTION	OR2A42	41
C5:GO:BP	GOBP_SENSORY_PERCEPTION	TAS1R1	42
C5:GO:BP	GOBP_SENSORY_PERCEPTION	HPN	43
C5:GO:BP	GOBP_SENSORY_PERCEPTION	CLDN19	44
C5:GO:BP	GOBP_SENSORY_PERCEPTION	KCNK9	45
C5:GO:BP	GOBP_SENSORY_PERCEPTION	PDZD7	46
C5:GO:BP	GOBP_SENSORY_PERCEPTION	LCN1	47
C5:GO:BP	GOBP_SENSORY_PERCEPTION	GNAT2	48
C5:GO:BP	GOBP_SENSORY_PERCEPTION	SCNN1D	49
C5:GO:BP	GOBP_SENSORY_PERCEPTION	SLC24A1	50
C5:GO:BP	GOBP_SENSORY_PERCEPTION	DCDC2	51
C5:GO:BP	GOBP_SENSORY_PERCEPTION	GRM8	52
C5:GO:BP	GOBP_SENSORY_PERCEPTION	RPE65	53
C5:GO:BP	GOBP_SENSORY_PERCEPTION	TAS2R30	54
C5:GO:BP	GOBP_SENSORY_PERCEPTION	COCH	55
C5:GO:BP	GOBP_SENSORY_PERCEPTION	GJA3	56
C5:GO:BP	GOBP_SENSORY_PERCEPTION	CNGB1	57
C5:GO:BP	GOBP_SENSORY_PERCEPTION	SPTBN4	58
C5:GO:BP	GOBP_SENSORY_PERCEPTION	MYO7B	59
C5:GO:BP	GOBP_SENSORY_PERCEPTION	NRL	60
C5:GO:BP	GOBP_SENSORY_PERCEPTION	GRM1	61
C5:GO:BP	GOBP_SENSORY_PERCEPTION	GNAT3	62
C5:GO:BP	GOBP_SENSORY_PERCEPTION	OR56A3	63
C5:GO:BP	GOBP_SENSORY_PERCEPTION	RIPOR2	64
C5:GO:BP	GOBP_SENSORY_PERCEPTION	USH2A	65
C5:GO:BP	GOBP_SENSORY_PERCEPTION	SLC45A2	66
C5:GO:BP	GOBP_SENSORY_PERCEPTION	RRH	67
C5:GO:BP	GOBP_SENSORY_PERCEPTION	SCN11A	68
C5:GO:BP	GOBP_SENSORY_PERCEPTION	CDH23	69
C5:GO:BP	GOBP_SENSORY_PERCEPTION	PIEZO2	70
C5:GO:BP	GOBP_SENSORY_PERCEPTION	GNAL	71
C5:GO:BP	GOBP_SENSORY_PERCEPTION	SLC4A10	72
C5:GO:BP	GOBP_SENSORY_PERCEPTION	CDH3	73
C5:GO:BP	GOBP_SENSORY_PERCEPTION	COL4A3	74
C5:GO:BP	GOBP_SENSORY_PERCEPTION	ABCC6	75
C5:GO:BP	GOBP_SENSORY_PERCEPTION	VN1R1	76
C5:GO:BP	GOBP_SENSORY_PERCEPTION	ZFHX2	77
C5:GO:BP	GOBP_SENSORY_PERCEPTION	CNGA4	78
C5:GO:BP	GOBP_SENSORY_PERCEPTION	OR2T8	79
C5:GO:BP	GOBP_SENSORY_PERCEPTION	CHRNA7	80
C5:GO:BP	GOBP_SENSORY_PERCEPTION	CXCL12	81
C5:GO:BP	GOBP_SENSORY_PERCEPTION	OR51B2	82
C5:GO:BP	GOBP_SENSORY_PERCEPTION	NGF	83
C5:GO:BP	GOBP_SENSORY_PERCEPTION	MYO7A	84
C5:GO:BP	GOBP_SENSORY_PERCEPTION	BBS10	85
C5:GO:BP	GOBP_SENSORY_PERCEPTION	KRT12	86
C5:GO:BP	GOBP_SENSORY_PERCEPTION	OR51I2	87
C5:GO:BP	GOBP_SENSORY_PERCEPTION	CACNA1F	88
C5:GO:BP	GOBP_SENSORY_PERCEPTION	GJB6	89
C5:GO:BP	GOBP_SENSORY_PERCEPTION	WHRN	90
C5:GO:BP	GOBP_SENSORY_PERCEPTION	ZNF513	91
C5:GO:BP	GOBP_SENSORY_PERCEPTION	CDKN1B	92
C5:GO:BP	GOBP_SENSORY_PERCEPTION	ANKRD24	93
C5:GO:BP	GOBP_SENSORY_PERCEPTION	SLC26A4	94
C5:GO:BP	GOBP_SENSORY_PERCEPTION	CRYGS	95
C5:GO:BP	GOBP_SENSORY_PERCEPTION	KCNE1	96
C5:GO:BP	GOBP_SENSORY_PERCEPTION	TMPRSS3	97
C5:GO:BP	GOBP_SENSORY_PERCEPTION	KCNK2	98
C5:GO:BP	GOBP_SENSORY_PERCEPTION	ESPNL	99
C5:GO:BP	GOBP_SENSORY_PERCEPTION	PRCD	100
C5:GO:BP	GOBP_SENSORY_PERCEPTION	WDR47	101
C5:GO:BP	GOBP_SENSORY_PERCEPTION	PKD1L3	102
C5:GO:BP	GOBP_SENSORY_PERCEPTION	OR2M4	103
C5:GO:BP	GOBP_SENSORY_PERCEPTION	KCNQ1	104
C5:GO:BP	GOBP_SENSORY_PERCEPTION	NR2E3	105
C5:GO:BP	GOBP_SENSORY_PERCEPTION	SLC52A3	106
C5:GO:BP	GOBP_SENSORY_PERCEPTION	ADORA1	107
C5:GO:BP	GOBP_SENSORY_PERCEPTION	CRYM	108
C5:GO:BP	GOBP_SENSORY_PERCEPTION	SOBP	109
C5:GO:BP	GOBP_SENSORY_PERCEPTION	RIMS1	110
C5:GO:BP	GOBP_SENSORY_PERCEPTION	TULP2	111
C5:GO:BP	GOBP_SENSORY_PERCEPTION	MYO3B	112
C5:GO:BP	GOBP_SENSORY_PERCEPTION	ADGRV1	113
C5:GO:BP	GOBP_SENSORY_PERCEPTION	SLC6A3	114
C5:GO:BP	GOBP_SENSORY_PERCEPTION	TMIE	115
C5:GO:BP	GOBP_SENSORY_PERCEPTION	OR9Q1	116
C5:GO:BP	GOBP_SENSORY_PERCEPTION	RP2	117
C5:GO:BP	GOBP_SENSORY_PERCEPTION	IMPG2	118
C5:GO:BP	GOBP_SENSORY_PERCEPTION	TRPM8	119
C5:GO:BP	GOBP_SENSORY_PERCEPTION	CD36	120
C5:GO:BP	GOBP_SENSORY_PERCEPTION	REEP2	121
C5:GO:BP	GOBP_SENSORY_PERCEPTION	OTOF	122
C5:GO:BP	GOBP_SENSORY_PERCEPTION	GRIN2A	123
C5:GO:BP	GOBP_SENSORY_PERCEPTION	LXN	124
C5:GO:BP	GOBP_SENSORY_PERCEPTION	CRYBB2	125
C5:GO:BP	GOBP_SENSORY_PERCEPTION	OR51B4	126
C5:GO:BP	GOBP_SENSORY_PERCEPTION	CRYBB1	127
C5:GO:BP	GOBP_SENSORY_PERCEPTION	MME	128
C5:GO:BP	GOBP_SENSORY_PERCEPTION	SEMA5B	129
C5:GO:BP	GOBP_SENSORY_PERCEPTION	REST	130
C5:GO:BP	GOBP_SENSORY_PERCEPTION	CNGB3	131
C5:GO:BP	GOBP_SENSORY_PERCEPTION	CEMIP	132
C5:GO:BP	GOBP_SENSORY_PERCEPTION	GUCA1B	133
C5:GO:BP	GOBP_SENSORY_PERCEPTION	TAS2R4	134
C5:GO:BP	GOBP_SENSORY_PERCEPTION	EPAS1	135
C5:GO:BP	GOBP_SENSORY_PERCEPTION	KCNK4	136
C5:GO:BP	GOBP_SENSORY_PERCEPTION	KCND2	137
C5:GO:BP	GOBP_SENSORY_PERCEPTION	P2RX7	138
C5:GO:BP	GOBP_SENSORY_PERCEPTION	DDIT3	139
C5:GO:BP	GOBP_SENSORY_PERCEPTION	TIMP3	140
C5:GO:BP	GOBP_SENSORY_PERCEPTION	ABCA4	141
C5:GO:BP	GOBP_SENSORY_PERCEPTION	MYO15A	142
C5:GO:BP	GOBP_SENSORY_PERCEPTION	HOXA1	143
C5:GO:BP	GOBP_SENSORY_PERCEPTION	CRB1	144
C5:GO:BP	GOBP_SENSORY_PERCEPTION	TECTA	145
C5:GO:BP	GOBP_SENSORY_PERCEPTION	LHFPL3	146
C5:GO:BP	GOBP_SENSORY_PERCEPTION	TMEM150C	147
C5:GO:BP	GOBP_SENSORY_PERCEPTION	SLC26A5	148
C5:GO:BP	GOBP_SENSORY_PERCEPTION	GPR143	149
C5:GO:BP	GOBP_SENSORY_PERCEPTION	RP1L1	150
C5:GO:BP	GOBP_SENSORY_PERCEPTION	EPS8L2	151
C5:GO:BP	GOBP_SENSORY_PERCEPTION	AQP1	152
C5:GO:BP	GOBP_SENSORY_PERCEPTION	ALOXE3	153
C5:GO:BP	GOBP_SENSORY_PERCEPTION	WNT10B	154
C5:GO:BP	GOBP_SENSORY_PERCEPTION	ANO1	155
C5:GO:BP	GOBP_SENSORY_PERCEPTION	THRB	156
C5:GO:BP	GOBP_SENSORY_PERCEPTION	ATP6V0A4	157
C5:GO:BP	GOBP_SENSORY_PERCEPTION	CABP4	158
C5:GO:BP	GOBP_SENSORY_PERCEPTION	EPHB1	159
C5:GO:BP	GOBP_SENSORY_PERCEPTION	EYA4	160
C5:GO:BP	GOBP_SENSORY_PERCEPTION	CRYBA2	161
C5:GO:BP	GOBP_SENSORY_PERCEPTION	GIP	162
C5:GO:BP	GOBP_SENSORY_PERCEPTION_OF_SMELL	OR1L8	1
C5:GO:BP	GOBP_SENSORY_PERCEPTION_OF_SMELL	OR14A2	2
C5:GO:BP	GOBP_SENSORY_PERCEPTION_OF_SMELL	OR1B1	3
C5:GO:BP	GOBP_SENSORY_PERCEPTION_OF_SMELL	NXNL2	4
C5:GO:BP	GOBP_SENSORY_PERCEPTION_OF_SMELL	OR4D9	5
C5:GO:BP	GOBP_SENSORY_PERCEPTION_OF_SMELL	OR2M3	6
C5:GO:BP	GOBP_SENSORY_PERCEPTION_OF_SMELL	DRD2	7
C5:GO:BP	GOBP_SENSORY_PERCEPTION_OF_SMELL	OR2A42	8
C5:GO:BP	GOBP_SENSORY_PERCEPTION_OF_SMELL	CNGB1	9
C5:GO:BP	GOBP_SENSORY_PERCEPTION_OF_SMELL	OR56A3	10
C5:GO:BP	GOBP_SENSORY_PERCEPTION_OF_SMELL	GNAL	11
C5:GO:BP	GOBP_SENSORY_PERCEPTION_OF_SMELL	CNGA4	12
C5:GO:BP	GOBP_SENSORY_PERCEPTION_OF_SMELL	OR2T8	13
C5:GO:BP	GOBP_SENSORY_PERCEPTION_OF_SMELL	OR51B2	14
C5:GO:BP	GOBP_SENSORY_PERCEPTION_OF_SMELL	OR51I2	15
C5:GO:BP	GOBP_SENSORY_PERCEPTION_OF_SMELL	OR2M4	16
C5:GO:BP	GOBP_SENSORY_PERCEPTION_OF_SMELL	SLC6A3	17
C5:GO:BP	GOBP_SENSORY_PERCEPTION_OF_SMELL	OR9Q1	18
C5:GO:BP	GOBP_SENSORY_PERCEPTION_OF_SMELL	OR51B4	19
C5:GO:BP	GOBP_RIBONUCLEOPROTEIN_COMPLEX_BIOGENESIS	LSM7	1
C5:GO:BP	GOBP_RIBONUCLEOPROTEIN_COMPLEX_BIOGENESIS	SNRPG	2
C5:GO:BP	GOBP_RIBONUCLEOPROTEIN_COMPLEX_BIOGENESIS	DIMT1	3
C5:GO:BP	GOBP_RIBONUCLEOPROTEIN_COMPLEX_BIOGENESIS	NDUFAB1	4
C5:GO:BP	GOBP_RIBONUCLEOPROTEIN_COMPLEX_BIOGENESIS	EIF2S3	5
C5:GO:BP	GOBP_RIBONUCLEOPROTEIN_COMPLEX_BIOGENESIS	LUC7L2	6
C5:GO:BP	GOBP_RIBONUCLEOPROTEIN_COMPLEX_BIOGENESIS	TXNL4A	7
C5:GO:BP	GOBP_RIBONUCLEOPROTEIN_COMPLEX_BIOGENESIS	MRTO4	8
C5:GO:BP	GOBP_RIBONUCLEOPROTEIN_COMPLEX_BIOGENESIS	PUF60	9
C5:GO:BP	GOBP_RIBONUCLEOPROTEIN_COMPLEX_BIOGENESIS	COPRS	10
C5:GO:BP	GOBP_RIBONUCLEOPROTEIN_COMPLEX_BIOGENESIS	SNRPD1	11
C5:GO:BP	GOBP_RIBONUCLEOPROTEIN_COMPLEX_BIOGENESIS	DDX46	12
C5:GO:BP	GOBP_RIBONUCLEOPROTEIN_COMPLEX_BIOGENESIS	NOP56	13
C5:GO:BP	GOBP_RIBONUCLEOPROTEIN_COMPLEX_BIOGENESIS	RRP7A	14
C5:GO:BP	GOBP_RIBONUCLEOPROTEIN_COMPLEX_BIOGENESIS	RRP36	15
C5:GO:BP	GOBP_RIBONUCLEOPROTEIN_COMPLEX_BIOGENESIS	EIF1AX	16
C5:GO:BP	GOBP_RIBONUCLEOPROTEIN_COMPLEX_BIOGENESIS	GAR1	17
C5:GO:BP	GOBP_RIBONUCLEOPROTEIN_COMPLEX_BIOGENESIS	NHP2	18
C5:GO:BP	GOBP_RIBONUCLEOPROTEIN_COMPLEX_BIOGENESIS	RPS27A	19
C5:GO:BP	GOBP_RIBONUCLEOPROTEIN_COMPLEX_BIOGENESIS	SNRPD3	20
C5:GO:BP	GOBP_RIBONUCLEOPROTEIN_COMPLEX_BIOGENESIS	RAN	21
C5:GO:BP	GOBP_RIBONUCLEOPROTEIN_COMPLEX_BIOGENESIS	FASTKD2	22
C5:GO:BP	GOBP_RIBONUCLEOPROTEIN_COMPLEX_BIOGENESIS	EXOSC3	23
C5:GO:BP	GOBP_RIBONUCLEOPROTEIN_COMPLEX_BIOGENESIS	EXOSC4	24
C5:GO:BP	GOBP_RIBONUCLEOPROTEIN_COMPLEX_BIOGENESIS	DHX9	25
C5:GO:BP	GOBP_RIBONUCLEOPROTEIN_COMPLEX_BIOGENESIS	SNRPB	26
C5:GO:BP	GOBP_RIBONUCLEOPROTEIN_COMPLEX_BIOGENESIS	ESF1	27
C5:GO:BP	GOBP_RIBONUCLEOPROTEIN_COMPLEX_BIOGENESIS	MRPS2	28
C5:GO:BP	GOBP_RIBONUCLEOPROTEIN_COMPLEX_BIOGENESIS	EIF3E	29
C5:GO:BP	GOBP_RIBONUCLEOPROTEIN_COMPLEX_BIOGENESIS	MYG1	30
C5:GO:BP	GOBP_RIBONUCLEOPROTEIN_COMPLEX_BIOGENESIS	PA2G4	31
C5:GO:BP	GOBP_RIBONUCLEOPROTEIN_COMPLEX_BIOGENESIS	EXOSC9	32
C5:GO:BP	GOBP_RIBONUCLEOPROTEIN_COMPLEX_BIOGENESIS	SNRPF	33
C5:GO:BP	GOBP_RIBONUCLEOPROTEIN_COMPLEX_BIOGENESIS	EIF6	34
C5:GO:BP	GOBP_RIBONUCLEOPROTEIN_COMPLEX_BIOGENESIS	C1QBP	35
C5:GO:BP	GOBP_RIBONUCLEOPROTEIN_COMPLEX_BIOGENESIS	ZNF593	36
C5:GO:BP	GOBP_RIBONUCLEOPROTEIN_COMPLEX_BIOGENESIS	LTO1	37
C5:GO:BP	GOBP_RIBONUCLEOPROTEIN_COMPLEX_BIOGENESIS	GTF2H5	38
C5:GO:BP	GOBP_RIBONUCLEOPROTEIN_COMPLEX_BIOGENESIS	RPUSD1	39
C5:GO:BP	GOBP_RIBONUCLEOPROTEIN_COMPLEX_BIOGENESIS	HSP90AB1	40
C5:GO:BP	GOBP_RIBONUCLEOPROTEIN_COMPLEX_BIOGENESIS	RPL5	41
C5:GO:BP	GOBP_RIBONUCLEOPROTEIN_COMPLEX_BIOGENESIS	MPHOSPH6	42
C5:GO:BP	GOBP_RIBONUCLEOPROTEIN_COMPLEX_BIOGENESIS	TMA16	43
C5:GO:BP	GOBP_RIBONUCLEOPROTEIN_COMPLEX_BIOGENESIS	SF3B6	44
C5:GO:BP	GOBP_RIBONUCLEOPROTEIN_COMPLEX_BIOGENESIS	RPS19BP1	45
C5:GO:BP	GOBP_RIBONUCLEOPROTEIN_COMPLEX_BIOGENESIS	EIF3I	46
C5:GO:BP	GOBP_RIBONUCLEOPROTEIN_COMPLEX_BIOGENESIS	NOL11	47
C5:GO:BP	GOBP_RIBONUCLEOPROTEIN_COMPLEX_BIOGENESIS	WDR77	48
C5:GO:BP	GOBP_RIBONUCLEOPROTEIN_COMPLEX_BIOGENESIS	LSM6	49
C5:GO:BP	GOBP_RIBONUCLEOPROTEIN_COMPLEX_BIOGENESIS	RPS4X	50
C5:GO:BP	GOBP_RIBONUCLEOPROTEIN_COMPLEX_BIOGENESIS	LSM8	51
C5:GO:BP	GOBP_RIBONUCLEOPROTEIN_COMPLEX_BIOGENESIS	DHX30	52
C5:GO:BP	GOBP_RIBONUCLEOPROTEIN_COMPLEX_BIOGENESIS	EIF3K	53
C5:GO:BP	GOBP_RIBONUCLEOPROTEIN_COMPLEX_BIOGENESIS	SHQ1	54
C5:GO:BP	GOBP_RIBONUCLEOPROTEIN_COMPLEX_BIOGENESIS	SNRPD2	55
C5:GO:BP	GOBP_RIBONUCLEOPROTEIN_COMPLEX_BIOGENESIS	U2AF2	56
C5:GO:BP	GOBP_RIBONUCLEOPROTEIN_COMPLEX_BIOGENESIS	RBIS	57
C5:GO:BP	GOBP_RIBONUCLEOPROTEIN_COMPLEX_BIOGENESIS	SNRPA	58
C5:GO:BP	GOBP_RIBONUCLEOPROTEIN_COMPLEX_BIOGENESIS	PTGES3	59
C5:GO:BP	GOBP_RIBONUCLEOPROTEIN_COMPLEX_BIOGENESIS	POP5	60
C5:GO:BP	GOBP_RIBONUCLEOPROTEIN_COMPLEX_BIOGENESIS	PRKDC	61
C5:GO:BP	GOBP_RIBONUCLEOPROTEIN_COMPLEX_BIOGENESIS	IMP4	62
C5:GO:BP	GOBP_RIBONUCLEOPROTEIN_COMPLEX_BIOGENESIS	EXOSC5	63
C5:GO:BP	GOBP_RIBONUCLEOPROTEIN_COMPLEX_BIOGENESIS	EIF3L	64
C5:GO:BP	GOBP_RIBONUCLEOPROTEIN_COMPLEX_BIOGENESIS	NPM1	65
C5:GO:BP	GOBP_RIBONUCLEOPROTEIN_COMPLEX_BIOGENESIS	NOP10	66
C5:GO:BP	GOBP_RIBONUCLEOPROTEIN_COMPLEX_BIOGENESIS	DKC1	67
C5:GO:BP	GOBP_RIBONUCLEOPROTEIN_COMPLEX_BIOGENESIS	DROSHA	68
C5:GO:BP	GOBP_RIBONUCLEOPROTEIN_COMPLEX_BIOGENESIS	EXOSC6	69
C5:GO:BP	GOBP_RIBONUCLEOPROTEIN_COMPLEX_BIOGENESIS	EIF2S2	70
C5:GO:BP	GOBP_RIBONUCLEOPROTEIN_COMPLEX_BIOGENESIS	EMG1	71
C5:GO:BP	GOBP_RIBONUCLEOPROTEIN_COMPLEX_BIOGENESIS	FBL	72
C5:GO:BP	GOBP_RIBONUCLEOPROTEIN_COMPLEX_BIOGENESIS	SF3B4	73
C5:GO:BP	GOBP_RIBONUCLEOPROTEIN_COMPLEX_BIOGENESIS	SNRNP70	74
C5:GO:BP	GOBP_RIBONUCLEOPROTEIN_COMPLEX_BIOGENESIS	NSUN5	75
C5:GO:BP	GOBP_RIBONUCLEOPROTEIN_COMPLEX_BIOGENESIS	MPV17L2	76
C5:GO:BP	GOBP_RIBONUCLEOPROTEIN_COMPLEX_BIOGENESIS	SNRNP40	77
C5:GO:BP	GOBP_RIBONUCLEOPROTEIN_COMPLEX_BIOGENESIS	LSM2	78
C5:GO:BP	GOBP_RIBONUCLEOPROTEIN_COMPLEX_BIOGENESIS	RPL7	79
C5:GO:BP	GOBP_RIBONUCLEOPROTEIN_COMPLEX_BIOGENESIS	BOP1	80
C5:GO:BP	GOBP_RIBONUCLEOPROTEIN_COMPLEX_BIOGENESIS	SNU13	81
C5:GO:BP	GOBP_RIBONUCLEOPROTEIN_COMPLEX_BIOGENESIS	RPL7L1	82
C5:GO:BP	GOBP_RIBONUCLEOPROTEIN_COMPLEX_BIOGENESIS	TUFM	83
C5:GO:BP	GOBP_RIBONUCLEOPROTEIN_COMPLEX_BIOGENESIS	LYAR	84
C5:GO:BP	GOBP_RIBONUCLEOPROTEIN_COMPLEX_BIOGENESIS	TGS1	85
C5:GO:BP	GOBP_RIBONUCLEOPROTEIN_COMPLEX_BIOGENESIS	SNRNP25	86
C5:GO:BP	GOBP_RIBONUCLEOPROTEIN_COMPLEX_BIOGENESIS	NOC2L	87
C5:GO:BP	GOBP_RIBONUCLEOPROTEIN_COMPLEX_BIOGENESIS	CINP	88
C5:GO:BP	GOBP_RIBONUCLEOPROTEIN_COMPLEX_BIOGENESIS	SRSF10	89
C5:GO:BP	GOBP_RIBONUCLEOPROTEIN_COMPLEX_BIOGENESIS	RPL27	90
C5:GO:BP	GOBP_RIBONUCLEOPROTEIN_COMPLEX_BIOGENESIS	LSM4	91
C5:GO:BP	GOBP_RIBONUCLEOPROTEIN_COMPLEX_BIOGENESIS	ERI1	92
C5:GO:BP	GOBP_RIBONUCLEOPROTEIN_COMPLEX_BIOGENESIS	NOL8	93
C5:GO:BP	GOBP_RIBONUCLEOPROTEIN_COMPLEX_BIOGENESIS	DDX1	94
C5:GO:BP	GOBP_RIBONUCLEOPROTEIN_COMPLEX_BIOGENESIS	EBNA1BP2	95
C5:GO:BP	GOBP_RIBONUCLEOPROTEIN_COMPLEX_BIOGENESIS	BRIX1	96
C5:GO:BP	GOBP_RIBONUCLEOPROTEIN_COMPLEX_BIOGENESIS	POP7	97
C5:GO:BP	GOBP_RIBONUCLEOPROTEIN_COMPLEX_BIOGENESIS	MRM2	98
C5:GO:BP	GOBP_RIBONUCLEOPROTEIN_COMPLEX_BIOGENESIS	USP39	99
C5:GO:BP	GOBP_RIBONUCLEOPROTEIN_COMPLEX_BIOGENESIS	GEMIN6	100
C5:GO:BP	GOBP_RIBONUCLEOPROTEIN_COMPLEX_BIOGENESIS	GTPBP6	101
C5:GO:BP	GOBP_RIBONUCLEOPROTEIN_COMPLEX_BIOGENESIS	URB2	102
C5:GO:BP	GOBP_RIBONUCLEOPROTEIN_COMPLEX_BIOGENESIS	RPS3A	103
C5:GO:BP	GOBP_RIBONUCLEOPROTEIN_COMPLEX_BIOGENESIS	MALSU1	104
C5:GO:BP	GOBP_RIBONUCLEOPROTEIN_COMPLEX_BIOGENESIS	SNRPC	105
C5:GO:BP	GOBP_RIBONUCLEOPROTEIN_COMPLEX_BIOGENESIS	METTL5	106
C5:GO:BP	GOBP_RIBONUCLEOPROTEIN_COMPLEX_BIOGENESIS	NOLC1	107
C5:GO:BP	GOBP_RIBONUCLEOPROTEIN_COMPLEX_BIOGENESIS	BUD23	108
C5:GO:BP	GOBP_RIBONUCLEOPROTEIN_COMPLEX_BIOGENESIS	LAS1L	109
C5:GO:BP	GOBP_RIBONUCLEOPROTEIN_COMPLEX_BIOGENESIS	RBFA	110
C5:GO:BP	GOBP_RIBONUCLEOPROTEIN_COMPLEX_BIOGENESIS	RPL35	111
C5:GO:BP	GOBP_RIBONUCLEOPROTEIN_COMPLEX_BIOGENESIS	NOM1	112
C5:GO:BP	GOBP_RIBONUCLEOPROTEIN_COMPLEX_BIOGENESIS	DCAF13	113
C5:GO:BP	GOBP_RIBONUCLEOPROTEIN_COMPLEX_BIOGENESIS	EIF3G	114
C5:GO:BP	GOBP_RIBONUCLEOPROTEIN_COMPLEX_BIOGENESIS	LTV1	115
C5:GO:BP	GOBP_RIBONUCLEOPROTEIN_COMPLEX_BIOGENESIS	ISG20L2	116
C5:GO:BP	GOBP_RIBONUCLEOPROTEIN_COMPLEX_BIOGENESIS	UTP20	117
C5:GO:BP	GOBP_RIBONUCLEOPROTEIN_COMPLEX_BIOGENESIS	SRPK1	118
C5:GO:BP	GOBP_RIBONUCLEOPROTEIN_COMPLEX_BIOGENESIS	DDX39B	119
C5:GO:BP	GOBP_RIBONUCLEOPROTEIN_COMPLEX_BIOGENESIS	PSIP1	120
C5:GO:BP	GOBP_RIBONUCLEOPROTEIN_COMPLEX_BIOGENESIS	KRR1	121
C5:GO:BP	GOBP_RIBONUCLEOPROTEIN_COMPLEX_BIOGENESIS	RPS13	122
C5:GO:BP	GOBP_RIBONUCLEOPROTEIN_COMPLEX_BIOGENESIS	RPF1	123
C5:GO:BP	GOBP_RIBONUCLEOPROTEIN_COMPLEX_BIOGENESIS	RPS19	124
C5:GO:BP	GOBP_RIBONUCLEOPROTEIN_COMPLEX_BIOGENESIS	DDX55	125
C5:GO:BP	GOBP_RIBONUCLEOPROTEIN_COMPLEX_BIOGENESIS	TFB1M	126
C5:GO:BP	GOBP_RIBONUCLEOPROTEIN_COMPLEX_BIOGENESIS	RRP9	127
C5:GO:BP	GOBP_RIBONUCLEOPROTEIN_COMPLEX_BIOGENESIS	RPS16	128
C5:GO:BP	GOBP_RIBONUCLEOPROTEIN_COMPLEX_BIOGENESIS	TENT4B	129
C5:GO:BP	GOBP_RIBONUCLEOPROTEIN_COMPLEX_BIOGENESIS	SNRPE	130
C5:GO:BP	GOBP_RIBONUCLEOPROTEIN_COMPLEX_BIOGENESIS	UTP11	131
C5:GO:BP	GOBP_RIBONUCLEOPROTEIN_COMPLEX_BIOGENESIS	RPSA2	132
C5:GO:BP	GOBP_RIBONUCLEOPROTEIN_COMPLEX_BIOGENESIS	EIF5B	133
C5:GO:BP	GOBP_RIBONUCLEOPROTEIN_COMPLEX_BIOGENESIS	NVL	134
C5:GO:BP	GOBP_RIBONUCLEOPROTEIN_COMPLEX_BIOGENESIS	RPL7A	135
C5:GO:BP	GOBP_RIBONUCLEOPROTEIN_COMPLEX_BIOGENESIS	REXO4	136
C5:GO:BP	GOBP_RIBONUCLEOPROTEIN_COMPLEX_BIOGENESIS	TSR3	137
C5:GO:BP	GOBP_RIBONUCLEOPROTEIN_COMPLEX_BIOGENESIS	RUVBL1	138
C5:GO:BP	GOBP_RIBONUCLEOPROTEIN_COMPLEX_BIOGENESIS	ABCF1	139
C5:GO:BP	GOBP_RIBONUCLEOPROTEIN_COMPLEX_BIOGENESIS	TCOF1	140
C5:GO:BP	GOBP_RIBONUCLEOPROTEIN_COMPLEX_BIOGENESIS	SF3B5	141
C5:GO:BP	GOBP_RIBONUCLEOPROTEIN_COMPLEX_BIOGENESIS	SRSF9	142
C5:GO:BP	GOBP_RIBONUCLEOPROTEIN_COMPLEX_BIOGENESIS	PAK1IP1	143
C5:GO:BP	GOBP_RIBONUCLEOPROTEIN_COMPLEX_BIOGENESIS	RPL26L1	144
C5:GO:BP	GOBP_RIBONUCLEOPROTEIN_COMPLEX_BIOGENESIS	SNRPA1	145
C5:GO:BP	GOBP_RIBONUCLEOPROTEIN_COMPLEX_BIOGENESIS	SRSF1	146
C5:GO:BP	GOBP_RIBONUCLEOPROTEIN_COMPLEX_BIOGENESIS	EPRS1	147
C5:GO:BP	GOBP_RIBONUCLEOPROTEIN_COMPLEX_BIOGENESIS	EIF3M	148
C5:GO:BP	GOBP_RIBONUCLEOPROTEIN_COMPLEX_BIOGENESIS	RRP1B	149
C5:GO:BP	GOBP_RIBONUCLEOPROTEIN_COMPLEX_BIOGENESIS	RPS15A	150
C5:GO:BP	GOBP_RIBONUCLEOPROTEIN_COMPLEX_BIOGENESIS	MDN1	151
C5:GO:BP	GOBP_RIBONUCLEOPROTEIN_COMPLEX_BIOGENESIS	MTERF3	152
C5:GO:BP	GOBP_RIBONUCLEOPROTEIN_COMPLEX_BIOGENESIS	PRPF4	153
C5:GO:BP	GOBP_RIBONUCLEOPROTEIN_COMPLEX_BIOGENESIS	RPS12	154
C5:GO:BP	GOBP_RIBONUCLEOPROTEIN_COMPLEX_BIOGENESIS	RPS25	155
C5:GO:BP	GOBP_RIBONUCLEOPROTEIN_COMPLEX_BIOGENESIS	XPO1	156
C5:GO:BP	GOBP_RIBONUCLEOPROTEIN_COMPLEX_BIOGENESIS	RPS5	157
C5:GO:BP	GOBP_RIBONUCLEOPROTEIN_COMPLEX_BIOGENESIS	XRCC5	158
C5:GO:BP	GOBP_RIBONUCLEOPROTEIN_COMPLEX_BIOGENESIS	SCNM1	159
C5:GO:BP	GOBP_RIBONUCLEOPROTEIN_COMPLEX_BIOGENESIS	GTF3A	160
C5:GO:BP	GOBP_RIBONUCLEOPROTEIN_COMPLEX_BIOGENESIS	WDR12	161
C5:GO:BP	GOBP_RIBONUCLEOPROTEIN_COMPLEX_BIOGENESIS	RPSA	162
C5:GO:BP	GOBP_RIBONUCLEOPROTEIN_COMPLEX_BIOGENESIS	DDX56	163
C5:GO:BP	GOBP_RIBONUCLEOPROTEIN_COMPLEX_BIOGENESIS	RPUSD3	164
C5:GO:BP	GOBP_RIBONUCLEOPROTEIN_COMPLEX_BIOGENESIS	GCFC2	165
C5:GO:BP	GOBP_RIBONUCLEOPROTEIN_COMPLEX_BIOGENESIS	HEATR1	166
C5:GO:BP	GOBP_RIBONUCLEOPROTEIN_COMPLEX_BIOGENESIS	RPS7	167
C5:GO:BP	GOBP_RIBONUCLEOPROTEIN_COMPLEX_BIOGENESIS	NPM3	168
C5:GO:BP	GOBP_RIBONUCLEOPROTEIN_COMPLEX_BIOGENESIS	RPS17	169
C5:GO:BP	GOBP_RIBONUCLEOPROTEIN_COMPLEX_BIOGENESIS	SYNCRIP	170
C5:GO:BP	GOBP_RIBONUCLEOPROTEIN_COMPLEX_BIOGENESIS	POP4	171
C5:GO:BP	GOBP_RIBONUCLEOPROTEIN_COMPLEX_BIOGENESIS	NIP7	172
C5:GO:BP	GOBP_RIBONUCLEOPROTEIN_COMPLEX_BIOGENESIS	RPS23	173
C5:GO:BP	GOBP_RIBONUCLEOPROTEIN_COMPLEX_BIOGENESIS	RPS21	174
C5:GO:BP	GOBP_RIBONUCLEOPROTEIN_COMPLEX_BIOGENESIS	DENR	175
C5:GO:BP	GOBP_RIBONUCLEOPROTEIN_COMPLEX_BIOGENESIS	RPP40	176
C5:GO:BP	GOBP_RIBONUCLEOPROTEIN_COMPLEX_BIOGENESIS	LUC7L3	177
C5:GO:BP	GOBP_RIBONUCLEOPROTEIN_COMPLEX_BIOGENESIS	NOC4L	178
C5:GO:BP	GOBP_RIBONUCLEOPROTEIN_COMPLEX_BIOGENESIS	PHF5A	179
C5:GO:BP	GOBP_RIBONUCLEOPROTEIN_COMPLEX_BIOGENESIS	GEMIN5	180
C5:GO:BP	GOBP_RIBONUCLEOPROTEIN_COMPLEX_BIOGENESIS	UTP18	181
C5:GO:BP	GOBP_RIBONUCLEOPROTEIN_COMPLEX_BIOGENESIS	RPL38	182
C5:GO:BP	GOBP_RIBONUCLEOPROTEIN_COMPLEX_BIOGENESIS	HSP90AA1	183
C5:GO:BP	GOBP_RIBONUCLEOPROTEIN_COMPLEX_BIOGENESIS	KAT2B	184
C5:GO:BP	GOBP_RIBONUCLEOPROTEIN_COMPLEX_BIOGENESIS	PRPF19	185
C5:GO:BP	GOBP_RIBONUCLEOPROTEIN_COMPLEX_BIOGENESIS	FAU	186
C5:GO:BP	GOBP_RIBONUCLEOPROTEIN_COMPLEX_BIOGENESIS	LSM5	187
C5:GO:BP	GOBP_RIBONUCLEOPROTEIN_COMPLEX_BIOGENESIS	HTATSF1	188
C5:GO:BP	GOBP_RIBONUCLEOPROTEIN_COMPLEX_BIOGENESIS	EIF3D	189
C5:GO:BP	GOBP_RIBONUCLEOPROTEIN_COMPLEX_BIOGENESIS	WDR75	190
C5:GO:BP	GOBP_RIBONUCLEOPROTEIN_COMPLEX_BIOGENESIS	SNRPB2	191
C5:GO:BP	GOBP_RIBONUCLEOPROTEIN_COMPLEX_BIOGENESIS	NGDN	192
C5:GO:BP	GOBP_RIBONUCLEOPROTEIN_COMPLEX_BIOGENESIS	RSL24D1	193
C5:GO:BP	GOBP_RIBONUCLEOPROTEIN_COMPLEX_BIOGENESIS	SF3B3	194
C5:GO:BP	GOBP_RIBONUCLEOPROTEIN_COMPLEX_BIOGENESIS	RPUSD2	195
C5:GO:BP	GOBP_RIBONUCLEOPROTEIN_COMPLEX_BIOGENESIS	PDCD2	196
C5:GO:BP	GOBP_RIBONUCLEOPROTEIN_COMPLEX_BIOGENESIS	PPAN	197
C5:GO:BP	GOBP_RIBONUCLEOPROTEIN_COMPLEX_BIOGENESIS	NOP16	198
C5:GO:BP	GOBP_RIBONUCLEOPROTEIN_COMPLEX_BIOGENESIS	ABT1	199
C5:GO:BP	GOBP_RIBONUCLEOPROTEIN_COMPLEX_BIOGENESIS	DDX27	200
C5:GO:BP	GOBP_RIBONUCLEOPROTEIN_COMPLEX_BIOGENESIS	PDCD11	201
C5:GO:BP	GOBP_RIBONUCLEOPROTEIN_COMPLEX_BIOGENESIS	SDAD1	202
C5:GO:BP	GOBP_RIBONUCLEOPROTEIN_COMPLEX_BIOGENESIS	GTPBP4	203
C5:GO:BP	GOBP_RIBONUCLEOPROTEIN_COMPLEX_BIOGENESIS	RIOK1	204
C5:GO:BP	GOBP_RIBONUCLEOPROTEIN_COMPLEX_BIOGENESIS	TARBP2	205
C5:GO:BP	GOBP_RIBONUCLEOPROTEIN_COMPLEX_BIOGENESIS	PWP2	206
C5:GO:BP	GOBP_RIBONUCLEOPROTEIN_COMPLEX_BIOGENESIS	SF3A3	207
C5:GO:BP	GOBP_RIBONUCLEOPROTEIN_COMPLEX_BIOGENESIS	EIF4A3	208
C5:GO:BP	GOBP_RIBONUCLEOPROTEIN_COMPLEX_BIOGENESIS	UTP4	209
C5:GO:BP	GOBP_RIBONUCLEOPROTEIN_COMPLEX_BIOGENESIS	RIOK2	210
C5:GO:BP	GOBP_RIBONUCLEOPROTEIN_COMPLEX_BIOGENESIS	NUDT16	211
C5:GO:BP	GOBP_RIBONUCLEOPROTEIN_COMPLEX_BIOGENESIS	COIL	212
C5:GO:BP	GOBP_RIBONUCLEOPROTEIN_COMPLEX_BIOGENESIS	RPUSD4	213
C5:GO:BP	GOBP_RIBONUCLEOPROTEIN_COMPLEX_BIOGENESIS	RPS24	214
C5:GO:BP	GOBP_RIBONUCLEOPROTEIN_COMPLEX_BIOGENESIS	CLNS1A	215
C5:GO:BP	GOBP_RIBONUCLEOPROTEIN_COMPLEX_BIOGENESIS	UTP14A	216
C5:GO:BP	GOBP_RIBONUCLEOPROTEIN_COMPLEX_BIOGENESIS	WDR43	217
C5:GO:BP	GOBP_RIBONUCLEOPROTEIN_COMPLEX_BIOGENESIS	EIF3A	218
C5:GO:BP	GOBP_RIBONUCLEOPROTEIN_COMPLEX_BIOGENESIS	PELP1	219
C5:GO:BP	GOBP_RIBONUCLEOPROTEIN_COMPLEX_BIOGENESIS	MTG2	220
C5:GO:BP	GOBP_RIBONUCLEOPROTEIN_COMPLEX_BIOGENESIS	SLX9	221
C5:GO:BP	GOBP_RIBONUCLEOPROTEIN_COMPLEX_BIOGENESIS	PRMT7	222
C5:GO:BP	GOBP_RIBONUCLEOPROTEIN_COMPLEX_BIOGENESIS	DDX18	223
C5:GO:BP	GOBP_RIBONUCLEOPROTEIN_COMPLEX_BIOGENESIS	METTL18	224
C5:GO:BP	GOBP_RIBONUCLEOPROTEIN_COMPLEX_BIOGENESIS	ZNHIT3	225
C5:GO:BP	GOBP_RIBONUCLEOPROTEIN_COMPLEX_BIOGENESIS	NOL7	226
C5:GO:BP	GOBP_RIBONUCLEOPROTEIN_COMPLEX_BIOGENESIS	RPL35A	227
C5:GO:BP	GOBP_RIBONUCLEOPROTEIN_COMPLEX_BIOGENESIS	UTP25	228
C5:GO:BP	GOBP_RIBONUCLEOPROTEIN_COMPLEX_BIOGENESIS	DDX10	229
C5:GO:BP	GOBP_RIBONUCLEOPROTEIN_COMPLEX_BIOGENESIS	BYSL	230
C5:GO:BP	GOBP_RIBONUCLEOPROTEIN_COMPLEX_BIOGENESIS	TAF9	231
C5:GO:BP	GOBP_RIBONUCLEOPROTEIN_COMPLEX_BIOGENESIS	YJU2	232
C5:GO:BP	GOBP_RIBONUCLEOPROTEIN_COMPLEX_BIOGENESIS	ZRSR2	233
C5:GO:BP	GOBP_RIBONUCLEOPROTEIN_COMPLEX_BIOGENESIS	EIF3J	234
C5:GO:BP	GOBP_RIBONUCLEOPROTEIN_COMPLEX_BIOGENESIS	RPL11	235
C5:GO:BP	GOBP_RIBONUCLEOPROTEIN_COMPLEX_BIOGENESIS	MTG1	236
C5:GO:BP	GOBP_RIBONUCLEOPROTEIN_COMPLEX_BIOGENESIS	SUV39H1	237
C5:GO:BP	GOBP_RIBONUCLEOPROTEIN_COMPLEX_BIOGENESIS	EXOSC1	238
C5:GO:BP	GOBP_RIBONUCLEOPROTEIN_COMPLEX_BIOGENESIS	MCAT	239
C5:GO:BP	GOBP_RIBONUCLEOPROTEIN_COMPLEX_BIOGENESIS	PWP1	240
C5:GO:BP	GOBP_RIBONUCLEOPROTEIN_COMPLEX_BIOGENESIS	PRPF6	241
C5:GO:BP	GOBP_RIBONUCLEOPROTEIN_COMPLEX_BIOGENESIS	RPL24	242
C5:GO:BP	GOBP_RIBONUCLEOPROTEIN_COMPLEX_BIOGENESIS	SNRNP200	243
C5:GO:BP	GOBP_RIBONUCLEOPROTEIN_COMPLEX_BIOGENESIS	LSM3	244
C5:GO:BP	GOBP_RIBONUCLEOPROTEIN_COMPLEX_BIOGENESIS	GNL3L	245
C5:GO:BP	GOBP_RIBONUCLEOPROTEIN_COMPLEX_BIOGENESIS	AK6	246
C5:GO:BP	GOBP_RIBONUCLEOPROTEIN_COMPLEX_BIOGENESIS	SART3	247
C5:GO:BP	GOBP_RIBONUCLEOPROTEIN_COMPLEX_BIOGENESIS	SFSWAP	248
C5:GO:BP	GOBP_RIBONUCLEOPROTEIN_COMPLEX_BIOGENESIS	RPL26	249
C5:GO:BP	GOBP_RIBONUCLEOPROTEIN_COMPLEX_BIOGENESIS	TRMT112	250
C5:GO:BP	GOBP_RIBONUCLEOPROTEIN_COMPLEX_BIOGENESIS	DHX37	251
C5:GO:BP	GOBP_RIBONUCLEOPROTEIN_COMPLEX_BIOGENESIS	RPS6	252
C5:GO:BP	GOBP_RIBONUCLEOPROTEIN_COMPLEX_BIOGENESIS	GRWD1	253
C5:GO:BP	GOBP_RIBONUCLEOPROTEIN_COMPLEX_BIOGENESIS	AAR2	254
C5:GO:BP	GOBP_RIBONUCLEOPROTEIN_COMPLEX_BIOGENESIS	TRMT2B	255
C5:GO:BP	GOBP_RIBONUCLEOPROTEIN_COMPLEX_BIOGENESIS	RRP7BP	256
C5:GO:BP	GOBP_RIBONUCLEOPROTEIN_COMPLEX_BIOGENESIS	SNRNP48	257
C5:GO:BP	GOBP_RIBONUCLEOPROTEIN_COMPLEX_BIOGENESIS	FRG1	258
C5:GO:BP	GOBP_RIBONUCLEOPROTEIN_COMPLEX_BIOGENESIS	RPS27	259
C5:GO:BP	GOBP_RIBONUCLEOPROTEIN_COMPLEX_BIOGENESIS	DDX21	260
C5:GO:BP	GOBP_RIBONUCLEOPROTEIN_COMPLEX_BIOGENESIS	TSR2	261
C5:GO:BP	GOBP_RIBONUCLEOPROTEIN_COMPLEX_BIOGENESIS	NUFIP1	262
C5:GO:BP	GOBP_RIBONUCLEOPROTEIN_COMPLEX_BIOGENESIS	EXOSC7	263
C5:GO:BP	GOBP_RIBONUCLEOPROTEIN_COMPLEX_BIOGENESIS	WDR18	264
C5:GO:BP	GOBP_RIBONUCLEOPROTEIN_COMPLEX_BIOGENESIS	DNTTIP2	265
C5:GO:BP	GOBP_RIBONUCLEOPROTEIN_COMPLEX_BIOGENESIS	WDR3	266
C5:GO:BP	GOBP_RIBONUCLEOPROTEIN_COMPLEX_BIOGENESIS	XRN2	267
C5:GO:BP	GOBP_RIBONUCLEOPROTEIN_COMPLEX_BIOGENESIS	NOL6	268
C5:GO:BP	GOBP_RIBONUCLEOPROTEIN_COMPLEX_BIOGENESIS	EXOSC2	269
C5:GO:BP	GOBP_RIBONUCLEOPROTEIN_COMPLEX_BIOGENESIS	RPL14	270
C5:GO:BP	GOBP_RIBONUCLEOPROTEIN_COMPLEX_BIOGENESIS	GEMIN4	271
C5:GO:BP	GOBP_RIBONUCLEOPROTEIN_COMPLEX_BIOGENESIS	NOPCHAP1	272
C5:GO:BP	GOBP_RIBONUCLEOPROTEIN_COMPLEX_BIOGENESIS	NAT10	273
C5:GO:BP	GOBP_RIBONUCLEOPROTEIN_COMPLEX_BIOGENESIS	AATF	274
C5:GO:BP	GOBP_RIBONUCLEOPROTEIN_COMPLEX_BIOGENESIS	PRPF3	275
C5:GO:BP	GOBP_RIBONUCLEOPROTEIN_COMPLEX_BIOGENESIS	DDX49	276
C5:GO:BP	GOBP_RIBONUCLEOPROTEIN_COMPLEX_BIOGENESIS	RRP15	277
C5:GO:BP	GOBP_RIBONUCLEOPROTEIN_COMPLEX_BIOGENESIS	SENP3	278
C5:GO:BP	GOBP_RIBONUCLEOPROTEIN_COMPLEX_BIOGENESIS	NOP58	279
C5:GO:BP	GOBP_RIBONUCLEOPROTEIN_COMPLEX_BIOGENESIS	MTIF2	280
C5:GO:BP	GOBP_RIBONUCLEOPROTEIN_COMPLEX_BIOGENESIS	NLE1	281
C5:GO:BP	GOBP_RIBONUCLEOPROTEIN_COMPLEX_BIOGENESIS	RPS15	282
C5:GO:BP	GOBP_RIBONUCLEOPROTEIN_COMPLEX_BIOGENESIS	DDX28	283
C5:GO:BP	GOBP_RIBONUCLEOPROTEIN_COMPLEX_BIOGENESIS	EIF3H	284
C5:GO:BP	GOBP_RIBONUCLEOPROTEIN_COMPLEX_BIOGENESIS	MPHOSPH10	285
C5:GO:BP	GOBP_RIBONUCLEOPROTEIN_COMPLEX_BIOGENESIS	RPS8	286
C5:GO:BP	GOBP_RIBONUCLEOPROTEIN_COMPLEX_BIOGENESIS	METTL17	287
C5:GO:BP	GOBP_RIBONUCLEOPROTEIN_COMPLEX_BIOGENESIS	DICER1	288
C5:GO:BP	GOBP_RIBONUCLEOPROTEIN_COMPLEX_BIOGENESIS	EFTUD2	289
C5:GO:BP	GOBP_RIBONUCLEOPROTEIN_COMPLEX_BIOGENESIS	MCTS1	290
C5:GO:BP	GOBP_RIBONUCLEOPROTEIN_COMPLEX_BIOGENESIS	RPS14	291
C5:GO:BP	GOBP_RIBONUCLEOPROTEIN_COMPLEX_BIOGENESIS	BMS1	292
C5:GO:BP	GOBP_RIBONUCLEOPROTEIN_COMPLEX_BIOGENESIS	RRS1	293
C5:GO:BP	GOBP_RIBONUCLEOPROTEIN_COMPLEX_BIOGENESIS	SBDS	294
C5:GO:BP	GOBP_RIBONUCLEOPROTEIN_COMPLEX_BIOGENESIS	SMN1	295
C5:GO:BP	GOBP_RIBONUCLEOPROTEIN_COMPLEX_BIOGENESIS	ATR	296
C5:GO:BP	GOBP_RIBONUCLEOPROTEIN_COMPLEX_BIOGENESIS	NSA2	297
C5:GO:BP	GOBP_RIBONUCLEOPROTEIN_COMPLEX_BIOGENESIS	PES1	298
C5:GO:BP	GOBP_RIBONUCLEOPROTEIN_COMPLEX_BIOGENESIS	CLP1	299
C5:GO:BP	GOBP_RIBONUCLEOPROTEIN_COMPLEX_BIOGENESIS	EIF3C	300
C5:GO:BP	GOBP_RIBONUCLEOPROTEIN_COMPLEX_BIOGENESIS	RUVBL2	301
C5:GO:BP	GOBP_RIBONUCLEOPROTEIN_COMPLEX_BIOGENESIS	SRSF5	302
C5:GO:BP	GOBP_RIBONUCLEOPROTEIN_COMPLEX_BIOGENESIS	CENATAC	303
C5:GO:BP	GOBP_RIBONUCLEOPROTEIN_COMPLEX_BIOGENESIS	GEMIN7	304
C5:GO:BP	GOBP_RIBONUCLEOPROTEIN_COMPLEX_BIOGENESIS	EXOSC10	305
C5:GO:BP	GOBP_RIBONUCLEOPROTEIN_COMPLEX_BIOGENESIS	RPP30	306
C5:GO:BP	GOBP_RIBONUCLEOPROTEIN_COMPLEX_BIOGENESIS	WDR36	307
C5:GO:BP	GOBP_RIBONUCLEOPROTEIN_COMPLEX_BIOGENESIS	NOB1	308
C5:GO:BP	GOBP_RIBONUCLEOPROTEIN_COMPLEX_BIOGENESIS	NCBP1	309
C5:GO:BP	GOBP_RIBONUCLEOPROTEIN_COMPLEX_BIOGENESIS	NAF1	310
C5:GO:BP	GOBP_RIBONUCLEOPROTEIN_COMPLEX_BIOGENESIS	ZCCHC4	311
C5:GO:BP	GOBP_RIBONUCLEOPROTEIN_COMPLEX_BIOGENESIS	SNRNP27	312
C5:GO:BP	GOBP_RIBONUCLEOPROTEIN_COMPLEX_BIOGENESIS	ERCC2	313
C5:GO:BP	GOBP_RIBONUCLEOPROTEIN_COMPLEX_BIOGENESIS	PRPF31	314
C5:GO:BP	GOBP_RIBONUCLEOPROTEIN_COMPLEX_BIOGENESIS	RPS28	315
C5:GO:BP	GOBP_RIBONUCLEOPROTEIN_COMPLEX_BIOGENESIS	SPOUT1	316
C5:GO:BP	GOBP_RIBONUCLEOPROTEIN_COMPLEX_BIOGENESIS	ATM	317
C5:GO:BP	GOBP_RIBONUCLEOPROTEIN_COMPLEX_BIOGENESIS	STRAP	318
C5:GO:BP	GOBP_RIBOSOME_BIOGENESIS	DIMT1	1
C5:GO:BP	GOBP_RIBOSOME_BIOGENESIS	NDUFAB1	2
C5:GO:BP	GOBP_RIBOSOME_BIOGENESIS	MRTO4	3
C5:GO:BP	GOBP_RIBOSOME_BIOGENESIS	COPRS	4
C5:GO:BP	GOBP_RIBOSOME_BIOGENESIS	NOP56	5
C5:GO:BP	GOBP_RIBOSOME_BIOGENESIS	RRP7A	6
C5:GO:BP	GOBP_RIBOSOME_BIOGENESIS	RRP36	7
C5:GO:BP	GOBP_RIBOSOME_BIOGENESIS	EIF1AX	8
C5:GO:BP	GOBP_RIBOSOME_BIOGENESIS	GAR1	9
C5:GO:BP	GOBP_RIBOSOME_BIOGENESIS	NHP2	10
C5:GO:BP	GOBP_RIBOSOME_BIOGENESIS	RPS27A	11
C5:GO:BP	GOBP_RIBOSOME_BIOGENESIS	RAN	12
C5:GO:BP	GOBP_RIBOSOME_BIOGENESIS	FASTKD2	13
C5:GO:BP	GOBP_RIBOSOME_BIOGENESIS	EXOSC3	14
C5:GO:BP	GOBP_RIBOSOME_BIOGENESIS	EXOSC4	15
C5:GO:BP	GOBP_RIBOSOME_BIOGENESIS	ESF1	16
C5:GO:BP	GOBP_RIBOSOME_BIOGENESIS	MRPS2	17
C5:GO:BP	GOBP_RIBOSOME_BIOGENESIS	MYG1	18
C5:GO:BP	GOBP_RIBOSOME_BIOGENESIS	PA2G4	19
C5:GO:BP	GOBP_RIBOSOME_BIOGENESIS	EXOSC9	20
C5:GO:BP	GOBP_RIBOSOME_BIOGENESIS	EIF6	21
C5:GO:BP	GOBP_RIBOSOME_BIOGENESIS	C1QBP	22
C5:GO:BP	GOBP_RIBOSOME_BIOGENESIS	ZNF593	23
C5:GO:BP	GOBP_RIBOSOME_BIOGENESIS	LTO1	24
C5:GO:BP	GOBP_RIBOSOME_BIOGENESIS	GTF2H5	25
C5:GO:BP	GOBP_RIBOSOME_BIOGENESIS	RPUSD1	26
C5:GO:BP	GOBP_RIBOSOME_BIOGENESIS	RPL5	27
C5:GO:BP	GOBP_RIBOSOME_BIOGENESIS	MPHOSPH6	28
C5:GO:BP	GOBP_RIBOSOME_BIOGENESIS	TMA16	29
C5:GO:BP	GOBP_RIBOSOME_BIOGENESIS	RPS19BP1	30
C5:GO:BP	GOBP_RIBOSOME_BIOGENESIS	NOL11	31
C5:GO:BP	GOBP_RIBOSOME_BIOGENESIS	WDR77	32
C5:GO:BP	GOBP_RIBOSOME_BIOGENESIS	LSM6	33
C5:GO:BP	GOBP_RIBOSOME_BIOGENESIS	RPS4X	34
C5:GO:BP	GOBP_RIBOSOME_BIOGENESIS	DHX30	35
C5:GO:BP	GOBP_RIBOSOME_BIOGENESIS	RBIS	36
C5:GO:BP	GOBP_RIBOSOME_BIOGENESIS	POP5	37
C5:GO:BP	GOBP_RIBOSOME_BIOGENESIS	PRKDC	38
C5:GO:BP	GOBP_RIBOSOME_BIOGENESIS	IMP4	39
C5:GO:BP	GOBP_RIBOSOME_BIOGENESIS	EXOSC5	40
C5:GO:BP	GOBP_RIBOSOME_BIOGENESIS	NPM1	41
C5:GO:BP	GOBP_RIBOSOME_BIOGENESIS	NOP10	42
C5:GO:BP	GOBP_RIBOSOME_BIOGENESIS	DKC1	43
C5:GO:BP	GOBP_RIBOSOME_BIOGENESIS	DROSHA	44
C5:GO:BP	GOBP_RIBOSOME_BIOGENESIS	EXOSC6	45
C5:GO:BP	GOBP_RIBOSOME_BIOGENESIS	EMG1	46
C5:GO:BP	GOBP_RIBOSOME_BIOGENESIS	FBL	47
C5:GO:BP	GOBP_RIBOSOME_BIOGENESIS	NSUN5	48
C5:GO:BP	GOBP_RIBOSOME_BIOGENESIS	MPV17L2	49
C5:GO:BP	GOBP_RIBOSOME_BIOGENESIS	RPL7	50
C5:GO:BP	GOBP_RIBOSOME_BIOGENESIS	BOP1	51
C5:GO:BP	GOBP_RIBOSOME_BIOGENESIS	SNU13	52
C5:GO:BP	GOBP_RIBOSOME_BIOGENESIS	RPL7L1	53
C5:GO:BP	GOBP_RIBOSOME_BIOGENESIS	TUFM	54
C5:GO:BP	GOBP_RIBOSOME_BIOGENESIS	LYAR	55
C5:GO:BP	GOBP_RIBOSOME_BIOGENESIS	NOC2L	56
C5:GO:BP	GOBP_RIBOSOME_BIOGENESIS	CINP	57
C5:GO:BP	GOBP_RIBOSOME_BIOGENESIS	RPL27	58
C5:GO:BP	GOBP_RIBOSOME_BIOGENESIS	ERI1	59
C5:GO:BP	GOBP_RIBOSOME_BIOGENESIS	NOL8	60
C5:GO:BP	GOBP_RIBOSOME_BIOGENESIS	EBNA1BP2	61
C5:GO:BP	GOBP_RIBOSOME_BIOGENESIS	BRIX1	62
C5:GO:BP	GOBP_RIBOSOME_BIOGENESIS	POP7	63
C5:GO:BP	GOBP_RIBOSOME_BIOGENESIS	MRM2	64
C5:GO:BP	GOBP_RIBOSOME_BIOGENESIS	GTPBP6	65
C5:GO:BP	GOBP_RIBOSOME_BIOGENESIS	URB2	66
C5:GO:BP	GOBP_RIBOSOME_BIOGENESIS	RPS3A	67
C5:GO:BP	GOBP_RIBOSOME_BIOGENESIS	MALSU1	68
C5:GO:BP	GOBP_RIBOSOME_BIOGENESIS	METTL5	69
C5:GO:BP	GOBP_RIBOSOME_BIOGENESIS	NOLC1	70
C5:GO:BP	GOBP_RIBOSOME_BIOGENESIS	BUD23	71
C5:GO:BP	GOBP_RIBOSOME_BIOGENESIS	LAS1L	72
C5:GO:BP	GOBP_RIBOSOME_BIOGENESIS	RBFA	73
C5:GO:BP	GOBP_RIBOSOME_BIOGENESIS	RPL35	74
C5:GO:BP	GOBP_RIBOSOME_BIOGENESIS	NOM1	75
C5:GO:BP	GOBP_RIBOSOME_BIOGENESIS	DCAF13	76
C5:GO:BP	GOBP_RIBOSOME_BIOGENESIS	LTV1	77
C5:GO:BP	GOBP_RIBOSOME_BIOGENESIS	ISG20L2	78
C5:GO:BP	GOBP_RIBOSOME_BIOGENESIS	UTP20	79
C5:GO:BP	GOBP_RIBOSOME_BIOGENESIS	KRR1	80
C5:GO:BP	GOBP_RIBOSOME_BIOGENESIS	RPS13	81
C5:GO:BP	GOBP_RIBOSOME_BIOGENESIS	RPF1	82
C5:GO:BP	GOBP_RIBOSOME_BIOGENESIS	RPS19	83
C5:GO:BP	GOBP_RIBOSOME_BIOGENESIS	DDX55	84
C5:GO:BP	GOBP_RIBOSOME_BIOGENESIS	TFB1M	85
C5:GO:BP	GOBP_RIBOSOME_BIOGENESIS	RRP9	86
C5:GO:BP	GOBP_RIBOSOME_BIOGENESIS	RPS16	87
C5:GO:BP	GOBP_RIBOSOME_BIOGENESIS	TENT4B	88
C5:GO:BP	GOBP_RIBOSOME_BIOGENESIS	UTP11	89
C5:GO:BP	GOBP_RIBOSOME_BIOGENESIS	RPSA2	90
C5:GO:BP	GOBP_RIBOSOME_BIOGENESIS	EIF5B	91
C5:GO:BP	GOBP_RIBOSOME_BIOGENESIS	NVL	92
C5:GO:BP	GOBP_RIBOSOME_BIOGENESIS	RPL7A	93
C5:GO:BP	GOBP_RIBOSOME_BIOGENESIS	REXO4	94
C5:GO:BP	GOBP_RIBOSOME_BIOGENESIS	TSR3	95
C5:GO:BP	GOBP_RIBOSOME_BIOGENESIS	ABCF1	96
C5:GO:BP	GOBP_RIBOSOME_BIOGENESIS	TCOF1	97
C5:GO:BP	GOBP_RIBOSOME_BIOGENESIS	PAK1IP1	98
C5:GO:BP	GOBP_RIBOSOME_BIOGENESIS	RPL26L1	99
C5:GO:BP	GOBP_RIBOSOME_BIOGENESIS	RRP1B	100
C5:GO:BP	GOBP_RIBOSOME_BIOGENESIS	RPS15A	101
C5:GO:BP	GOBP_RIBOSOME_BIOGENESIS	MDN1	102
C5:GO:BP	GOBP_RIBOSOME_BIOGENESIS	MTERF3	103
C5:GO:BP	GOBP_RIBOSOME_BIOGENESIS	RPS12	104
C5:GO:BP	GOBP_RIBOSOME_BIOGENESIS	RPS25	105
C5:GO:BP	GOBP_RIBOSOME_BIOGENESIS	XPO1	106
C5:GO:BP	GOBP_RIBOSOME_BIOGENESIS	RPS5	107
C5:GO:BP	GOBP_RIBOSOME_BIOGENESIS	XRCC5	108
C5:GO:BP	GOBP_RIBOSOME_BIOGENESIS	GTF3A	109
C5:GO:BP	GOBP_RIBOSOME_BIOGENESIS	WDR12	110
C5:GO:BP	GOBP_RIBOSOME_BIOGENESIS	RPSA	111
C5:GO:BP	GOBP_RIBOSOME_BIOGENESIS	DDX56	112
C5:GO:BP	GOBP_RIBOSOME_BIOGENESIS	RPUSD3	113
C5:GO:BP	GOBP_RIBOSOME_BIOGENESIS	HEATR1	114
C5:GO:BP	GOBP_RIBOSOME_BIOGENESIS	RPS7	115
C5:GO:BP	GOBP_RIBOSOME_BIOGENESIS	NPM3	116
C5:GO:BP	GOBP_RIBOSOME_BIOGENESIS	RPS17	117
C5:GO:BP	GOBP_RIBOSOME_BIOGENESIS	POP4	118
C5:GO:BP	GOBP_RIBOSOME_BIOGENESIS	NIP7	119
C5:GO:BP	GOBP_RIBOSOME_BIOGENESIS	RPS23	120
C5:GO:BP	GOBP_RIBOSOME_BIOGENESIS	RPS21	121
C5:GO:BP	GOBP_RIBOSOME_BIOGENESIS	RPP40	122
C5:GO:BP	GOBP_RIBOSOME_BIOGENESIS	NOC4L	123
C5:GO:BP	GOBP_RIBOSOME_BIOGENESIS	UTP18	124
C5:GO:BP	GOBP_RIBOSOME_BIOGENESIS	RPL38	125
C5:GO:BP	GOBP_RIBOSOME_BIOGENESIS	KAT2B	126
C5:GO:BP	GOBP_RIBOSOME_BIOGENESIS	FAU	127
C5:GO:BP	GOBP_RIBOSOME_BIOGENESIS	WDR75	128
C5:GO:BP	GOBP_RIBOSOME_BIOGENESIS	NGDN	129
C5:GO:BP	GOBP_RIBOSOME_BIOGENESIS	RSL24D1	130
C5:GO:BP	GOBP_RIBOSOME_BIOGENESIS	RPUSD2	131
C5:GO:BP	GOBP_RIBOSOME_BIOGENESIS	PDCD2	132
C5:GO:BP	GOBP_RIBOSOME_BIOGENESIS	PPAN	133
C5:GO:BP	GOBP_RIBOSOME_BIOGENESIS	NOP16	134
C5:GO:BP	GOBP_RIBOSOME_BIOGENESIS	ABT1	135
C5:GO:BP	GOBP_RIBOSOME_BIOGENESIS	DDX27	136
C5:GO:BP	GOBP_RIBOSOME_BIOGENESIS	PDCD11	137
C5:GO:BP	GOBP_RIBOSOME_BIOGENESIS	SDAD1	138
C5:GO:BP	GOBP_RIBOSOME_BIOGENESIS	GTPBP4	139
C5:GO:BP	GOBP_RIBOSOME_BIOGENESIS	RIOK1	140
C5:GO:BP	GOBP_RIBOSOME_BIOGENESIS	PWP2	141
C5:GO:BP	GOBP_RIBOSOME_BIOGENESIS	EIF4A3	142
C5:GO:BP	GOBP_RIBOSOME_BIOGENESIS	UTP4	143
C5:GO:BP	GOBP_RIBOSOME_BIOGENESIS	RIOK2	144
C5:GO:BP	GOBP_RIBOSOME_BIOGENESIS	NUDT16	145
C5:GO:BP	GOBP_RIBOSOME_BIOGENESIS	RPUSD4	146
C5:GO:BP	GOBP_RIBOSOME_BIOGENESIS	RPS24	147
C5:GO:BP	GOBP_RIBOSOME_BIOGENESIS	UTP14A	148
C5:GO:BP	GOBP_RIBOSOME_BIOGENESIS	WDR43	149
C5:GO:BP	GOBP_RIBOSOME_BIOGENESIS	PELP1	150
C5:GO:BP	GOBP_RIBOSOME_BIOGENESIS	MTG2	151
C5:GO:BP	GOBP_RIBOSOME_BIOGENESIS	SLX9	152
C5:GO:BP	GOBP_RIBOSOME_BIOGENESIS	DDX18	153
C5:GO:BP	GOBP_RIBOSOME_BIOGENESIS	METTL18	154
C5:GO:BP	GOBP_RIBOSOME_BIOGENESIS	ZNHIT3	155
C5:GO:BP	GOBP_RIBOSOME_BIOGENESIS	NOL7	156
C5:GO:BP	GOBP_RIBOSOME_BIOGENESIS	RPL35A	157
C5:GO:BP	GOBP_RIBOSOME_BIOGENESIS	UTP25	158
C5:GO:BP	GOBP_RIBOSOME_BIOGENESIS	DDX10	159
C5:GO:BP	GOBP_RIBOSOME_BIOGENESIS	BYSL	160
C5:GO:BP	GOBP_RIBOSOME_BIOGENESIS	RPL11	161
C5:GO:BP	GOBP_RIBOSOME_BIOGENESIS	MTG1	162
C5:GO:BP	GOBP_RIBOSOME_BIOGENESIS	SUV39H1	163
C5:GO:BP	GOBP_RIBOSOME_BIOGENESIS	EXOSC1	164
C5:GO:BP	GOBP_RIBOSOME_BIOGENESIS	MCAT	165
C5:GO:BP	GOBP_RIBOSOME_BIOGENESIS	PWP1	166
C5:GO:BP	GOBP_RIBOSOME_BIOGENESIS	RPL24	167
C5:GO:BP	GOBP_RIBOSOME_BIOGENESIS	GNL3L	168
C5:GO:BP	GOBP_RIBOSOME_BIOGENESIS	AK6	169
C5:GO:BP	GOBP_RIBOSOME_BIOGENESIS	RPL26	170
C5:GO:BP	GOBP_RIBOSOME_BIOGENESIS	TRMT112	171
C5:GO:BP	GOBP_RIBOSOME_BIOGENESIS	DHX37	172
C5:GO:BP	GOBP_RIBOSOME_BIOGENESIS	RPS6	173
C5:GO:BP	GOBP_RIBOSOME_BIOGENESIS	GRWD1	174
C5:GO:BP	GOBP_RIBOSOME_BIOGENESIS	TRMT2B	175
C5:GO:BP	GOBP_RIBOSOME_BIOGENESIS	RRP7BP	176
C5:GO:BP	GOBP_RIBOSOME_BIOGENESIS	FRG1	177
C5:GO:BP	GOBP_RIBOSOME_BIOGENESIS	RPS27	178
C5:GO:BP	GOBP_RIBOSOME_BIOGENESIS	DDX21	179
C5:GO:BP	GOBP_RIBOSOME_BIOGENESIS	TSR2	180
C5:GO:BP	GOBP_RIBOSOME_BIOGENESIS	EXOSC7	181
C5:GO:BP	GOBP_RIBOSOME_BIOGENESIS	WDR18	182
C5:GO:BP	GOBP_RIBOSOME_BIOGENESIS	DNTTIP2	183
C5:GO:BP	GOBP_RIBOSOME_BIOGENESIS	WDR3	184
C5:GO:BP	GOBP_RIBOSOME_BIOGENESIS	XRN2	185
C5:GO:BP	GOBP_RIBOSOME_BIOGENESIS	NOL6	186
C5:GO:BP	GOBP_RIBOSOME_BIOGENESIS	EXOSC2	187
C5:GO:BP	GOBP_RIBOSOME_BIOGENESIS	RPL14	188
C5:GO:BP	GOBP_RIBOSOME_BIOGENESIS	GEMIN4	189
C5:GO:BP	GOBP_RIBOSOME_BIOGENESIS	NAT10	190
C5:GO:BP	GOBP_RIBOSOME_BIOGENESIS	AATF	191
C5:GO:BP	GOBP_RIBOSOME_BIOGENESIS	DDX49	192
C5:GO:BP	GOBP_RIBOSOME_BIOGENESIS	RRP15	193
C5:GO:BP	GOBP_RIBOSOME_BIOGENESIS	SENP3	194
C5:GO:BP	GOBP_RIBOSOME_BIOGENESIS	NOP58	195
C5:GO:BP	GOBP_RIBOSOME_BIOGENESIS	NLE1	196
C5:GO:BP	GOBP_RIBOSOME_BIOGENESIS	RPS15	197
C5:GO:BP	GOBP_RIBOSOME_BIOGENESIS	DDX28	198
C5:GO:BP	GOBP_RIBOSOME_BIOGENESIS	MPHOSPH10	199
C5:GO:BP	GOBP_RIBOSOME_BIOGENESIS	RPS8	200
C5:GO:BP	GOBP_RIBOSOME_BIOGENESIS	METTL17	201
C5:GO:BP	GOBP_DNA_REPLICATION	POLD3	1
C5:GO:BP	GOBP_DNA_REPLICATION	MCM10	2
C5:GO:BP	GOBP_DNA_REPLICATION	MCM5	3
C5:GO:BP	GOBP_DNA_REPLICATION	PCNA	4
C5:GO:BP	GOBP_DNA_REPLICATION	GMNN	5
C5:GO:BP	GOBP_DNA_REPLICATION	LIG1	6
C5:GO:BP	GOBP_DNA_REPLICATION	FEN1	7
C5:GO:BP	GOBP_DNA_REPLICATION	MCM6	8
C5:GO:BP	GOBP_DNA_REPLICATION	CHAF1A	9
C5:GO:BP	GOBP_DNA_REPLICATION	MCM3	10
C5:GO:BP	GOBP_DNA_REPLICATION	GINS2	11
C5:GO:BP	GOBP_DNA_REPLICATION	TYMS	12
C5:GO:BP	GOBP_DNA_REPLICATION	MCMBP	13
C5:GO:BP	GOBP_DNA_REPLICATION	DUT	14
C5:GO:BP	GOBP_DNA_REPLICATION	CENPS	15
C5:GO:BP	GOBP_DNA_REPLICATION	WDHD1	16
C5:GO:BP	GOBP_DNA_REPLICATION	MCM7	17
C5:GO:BP	GOBP_DNA_REPLICATION	POLE	18
C5:GO:BP	GOBP_DNA_REPLICATION	POLA2	19
C5:GO:BP	GOBP_DNA_REPLICATION	GINS3	20
C5:GO:BP	GOBP_DNA_REPLICATION	MCM2	21
C5:GO:BP	GOBP_DNA_REPLICATION	DONSON	22
C5:GO:BP	GOBP_DNA_REPLICATION	RAD51C	23
C5:GO:BP	GOBP_DNA_REPLICATION	MMS22L	24
C5:GO:BP	GOBP_DNA_REPLICATION	CDC25A	25
C5:GO:BP	GOBP_DNA_REPLICATION	TIPIN	26
C5:GO:BP	GOBP_DNA_REPLICATION	USP1	27
C5:GO:BP	GOBP_DNA_REPLICATION	RAD51	28
C5:GO:BP	GOBP_DNA_REPLICATION	RMI1	29
C5:GO:BP	GOBP_DNA_REPLICATION	MCM4	30
C5:GO:BP	GOBP_DNA_REPLICATION	NFIC	31
C5:GO:BP	GOBP_DNA_REPLICATION	GINS1	32
C5:GO:BP	GOBP_DNA_REPLICATION	ORC3	33
C5:GO:BP	GOBP_DNA_REPLICATION	ATAD5	34
C5:GO:BP	GOBP_DNA_REPLICATION	RFC2	35
C5:GO:BP	GOBP_DNA_REPLICATION	PRIM1	36
C5:GO:BP	GOBP_DNA_REPLICATION	DDX11	37
C5:GO:BP	GOBP_DNA_REPLICATION	ELOC	38
C5:GO:BP	GOBP_DNA_REPLICATION	ENDOG	39
C5:GO:BP	GOBP_DNA_REPLICATION	RFC4	40
C5:GO:BP	GOBP_DNA_REPLICATION	SET	41
C5:GO:BP	GOBP_DNA_REPLICATION	CDC6	42
C5:GO:BP	GOBP_DNA_REPLICATION	SSBP1	43
C5:GO:BP	GOBP_DNA_REPLICATION	EXO1	44
C5:GO:BP	GOBP_DNA_REPLICATION	MSH2	45
C5:GO:BP	GOBP_DNA_REPLICATION	XRCC3	46
C5:GO:BP	GOBP_DNA_REPLICATION	FAM111B	47
C5:GO:BP	GOBP_DNA_REPLICATION	PARP1	48
C5:GO:BP	GOBP_DNA_REPLICATION	CDC45	49
C5:GO:BP	GOBP_DNA_REPLICATION	CCNE1	50
C5:GO:BP	GOBP_DNA_REPLICATION	DNAJA3	51
C5:GO:BP	GOBP_DNA_REPLICATION	DHX9	52
C5:GO:BP	GOBP_DNA_REPLICATION	NAP1L1	53
C5:GO:BP	GOBP_DNA_REPLICATION	DSCC1	54
C5:GO:BP	GOBP_DNA_REPLICATION	BRCA1	55
C5:GO:BP	GOBP_DNA_REPLICATION	TOPBP1	56
C5:GO:BP	GOBP_DNA_REPLICATION	LRR1	57
C5:GO:BP	GOBP_DNA_REPLICATION	BLM	58
C5:GO:BP	GOBP_DNA_REPLICATION	NASP	59
C5:GO:BP	GOBP_DNA_REPLICATION	DTL	60
C5:GO:BP	GOBP_DNA_REPLICATION	CDT1	61
C5:GO:BP	GOBP_DNA_REPLICATION	SMC3	62
C5:GO:BP	GOBP_DNA_REPLICATION	RFC3	63
C5:GO:BP	GOBP_DNA_REPLICATION	CTBP1-DT	64
C5:GO:BP	GOBP_DNA_REPLICATION	E4F1	65
C5:GO:BP	GOBP_DNA_REPLICATION	POLE2	66
C5:GO:BP	GOBP_DNA_REPLICATION	RFC5	67
C5:GO:BP	GOBP_DNA_REPLICATION	CENPX	68
C5:GO:BP	GOBP_DNA_REPLICATION	ORC1	69
C5:GO:BP	GOBP_DNA_REPLICATION	UBE2V1	70
C5:GO:BP	GOBP_DNA_REPLICATION	SUPT16H	71
C5:GO:BP	GOBP_DNA_REPLICATION	CACYBP	72
C5:GO:BP	GOBP_DNA_REPLICATION	RPA1	73
C5:GO:BP	GOBP_DNA_REPLICATION	DHFR	74
C5:GO:BP	GOBP_DNA_REPLICATION	UBE2N	75
C5:GO:BP	GOBP_DNA_REPLICATION	POLA1	76
C5:GO:BP	GOBP_DNA_REPLICATION	PCLAF	77
C5:GO:BP	GOBP_DNA_REPLICATION	SSRP1	78
C5:GO:BP	GOBP_DNA_REPLICATION	E2F8	79
C5:GO:BP	GOBP_DNA_REPLICATION	RPA2	80
C5:GO:BP	GOBP_DNA_REPLICATION	ELOB	81
C5:GO:BP	GOBP_DNA_REPLICATION	BARD1	82
C5:GO:BP	GOBP_DNA_REPLICATION	CCNE2	83
C5:GO:BP	GOBP_DNA_REPLICATION	CINP	84
C5:GO:BP	GOBP_DNA_REPLICATION	POLE3	85
C5:GO:BP	GOBP_DNA_REPLICATION	CDC7	86
C5:GO:BP	GOBP_DNA_REPLICATION	POLQ	87
C5:GO:BP	GOBP_DNA_REPLICATION	KIN	88
C5:GO:BP	GOBP_DNA_REPLICATION	BRCA2	89
C5:GO:BP	GOBP_DNA_REPLICATION	UCHL5	90
C5:GO:BP	GOBP_DNA_REPLICATION	DNA2	91
C5:GO:BP	GOBP_DNA_REPLICATION	CDK2AP1	92
C5:GO:BP	GOBP_DNA_REPLICATION	MCM8	93
C5:GO:BP	GOBP_DNA_REPLICATION	CHAF1B	94
C5:GO:BP	GOBP_DNA_REPLICATION	CDC34	95
C5:GO:BP	GOBP_DNA_REPLICATION	ORC5	96
C5:GO:BP	GOBP_DNA_REPLICATION	E2F7	97
C5:GO:BP	GOBP_DNA_REPLICATION	ORC6	98
C5:GO:BP	GOBP_DNA_REPLICATION	POLD1	99
C5:GO:BP	GOBP_DNA_REPLICATION	RAD18	100
C5:GO:BP	GOBP_DNA_REPLICATION	FBXO5	101
C5:GO:BP	GOBP_DNA_REPLICATION	LIG3	102
C5:GO:BP	GOBP_DNA_REPLICATION	ESCO2	103
C5:GO:BP	GOBP_DNA_REPLICATION	USP37	104
C5:GO:BP	GOBP_DNA_REPLICATION	ACTL6A	105
C5:GO:BP	GOBP_DNA_REPLICATION	RFWD3	106
C5:GO:BP	GOBP_DNA_REPLICATION	TONSL	107
C5:GO:BP	GOBP_DNA_REPLICATION	RUVBL1	108
C5:GO:BP	GOBP_DNA_REPLICATION	POLE4	109
C5:GO:BP	GOBP_DNA_REPLICATION	POLDIP2	110
C5:GO:BP	GOBP_DNA_REPLICATION	NFRKB	111
C5:GO:BP	GOBP_DNA_REPLICATION	OBI1	112
C5:GO:BP	GOBP_DNA_REPLICATION	USP43	113
C5:GO:BP	GOBP_DNA_REPLICATION	PNKP	114
C5:GO:BP	GOBP_DNA_REPLICATION	ZNF365	115
C5:GO:BP	GOBP_DNA_REPLICATION	JADE3	116
C5:GO:BP	GOBP_DNA_REPLICATION	TERF1	117
C5:GO:BP	GOBP_DNA_REPLICATION	NOC3L	118
C5:GO:BP	GOBP_DNA_REPLICATION	POLD2	119
C5:GO:BP	GOBP_DNA_REPLICATION	RPA3	120
C5:GO:BP	GOBP_DNA_REPLICATION	RTEL1	121
C5:GO:BP	GOBP_DNA_REPLICATION	MEAF6	122
C5:GO:BP	GOBP_DNA_REPLICATION	NFIB	123
C5:GO:BP	GOBP_DNA_REPLICATION	MGME1	124
C5:GO:BP	GOBP_DNA_REPLICATION	RRM1	125
C5:GO:BP	GOBP_DNA_REPLICATION	RBBP8	126
C5:GO:BP	GOBP_DNA_REPLICATION	GTPBP4	127
C5:GO:BP	GOBP_DNA_REPLICATION	SAMHD1	128
C5:GO:BP	GOBP_DNA_REPLICATION	TTF1	129
C5:GO:BP	GOBP_DNA_REPLICATION	TIMELESS	130
C5:GO:BP	GOBP_DNA_REPLICATION	CHEK1	131
C5:GO:BP	GOBP_DNA_REPLICATION	RBBP7	132
C5:GO:BP	GOBP_DNA_REPLICATION	ACTR5	133
C5:GO:BP	GOBP_DNA_REPLICATION	ZMPSTE24	134
C5:GO:BP	GOBP_DNA_REPLICATION	WDR33	135
C5:GO:BP	GOBP_DNA_REPLICATION	NFIX	136
C5:GO:BP	GOBP_DNA_REPLICATION	TICRR	137
C5:GO:BP	GOBP_DNA_REPLICATION	RAD50	138
C5:GO:BP	GOBP_DNA_REPLICATION	FANCM	139
C5:GO:BP	GOBP_DNA_REPLICATION	INO80E	140
C5:GO:BP	GOBP_DNA_REPLICATION	CDK2	141
C5:GO:BP	GOBP_DNA_REPLICATION	RFC1	142
C5:GO:BP	GOBP_DNA_REPLICATION	RBX1	143
C5:GO:BP	GOBP_DNA_REPLICATION	PRIM2	144
C5:GO:BP	GOBP_DNA_REPLICATION	TFPT	145
C5:GO:BP	GOBP_DNA_REPLICATION	UBE2V2	146
C5:GO:BP	GOBP_DNA_REPLICATION	RBBP4	147
C5:GO:BP	GOBP_DNA_REPLICATION	GRWD1	148
C5:GO:BP	GOBP_DNA_REPLICATION	HLTF	149
C5:GO:BP	GOBP_DNA_REPLICATION	CARM1	150
C5:GO:BP	GOBP_DNA_REPLICATION	POLH	151
C5:GO:BP	GOBP_DNA_REPLICATION	NBN	152
C5:GO:BP	GOBP_DNA_REPLICATION	RMI2	153
C5:GO:BP	GOBP_DNA_REPLICATION	WDR18	154
C5:GO:BP	GOBP_DNA_REPLICATION	UPF1	155
C5:GO:BP	GOBP_DNA_REPLICATION	ZPR1	156
C5:GO:BP	GOBP_DNA_REPLICATION	USP10	157
C5:GO:BP	GOBP_DNA_REPLICATION	JADE1	158
C5:GO:BP	GOBP_DNA_REPLICATION	TERF2	159
C5:GO:BP	GOBP_DNA_REPLICATION	SHMT1	160
C5:GO:BP	GOBP_DNA_REPLICATION	PURA	161
C5:GO:BP	GOBP_DNA_REPLICATION	MRE11	162
C5:GO:BP	GOBP_DNA_REPLICATION	FAM111A	163
C5:GO:BP	GOBP_DNA_REPLICATION	RECQL	164
C5:GO:BP	GOBP_DNA_REPLICATION	NT5M	165
C5:GO:BP	GOBP_DNA_REPLICATION	CDK1	166
C5:GO:BP	GOBP_DNA_REPLICATION	POLI	167
C5:GO:BP	GOBP_DNA_REPLICATION	DBF4B	168
C5:GO:BP	GOBP_DNA_REPLICATION	DBF4	169
C5:GO:BP	GOBP_DNA_REPLICATION	ATR	170
C5:GO:BP	GOBP_DNA_REPLICATION	ANKRD17	171
C5:GO:BP	GOBP_DNA_REPLICATION	RUVBL2	172
C5:GO:BP	GOBP_DNA_REPLICATION	ASCC2	173
C5:GO:BP	GOBP_DNA_REPLICATION	ING5	174
C5:GO:BP	GOBP_DNA_REPLICATION	WIZ	175
C5:GO:BP	GOBP_DNA_REPLICATION	YY1	176
C5:GO:BP	GOBP_DNA_REPLICATION	INO80C	177
C5:GO:BP	GOBP_DNA_REPLICATION	TEFM	178
C5:GO:BP	GOBP_RRNA_METABOLIC_PROCESS	DIMT1	1
C5:GO:BP	GOBP_RRNA_METABOLIC_PROCESS	MRTO4	2
C5:GO:BP	GOBP_RRNA_METABOLIC_PROCESS	COPRS	3
C5:GO:BP	GOBP_RRNA_METABOLIC_PROCESS	NOP56	4
C5:GO:BP	GOBP_RRNA_METABOLIC_PROCESS	DDX11	5
C5:GO:BP	GOBP_RRNA_METABOLIC_PROCESS	RRP7A	6
C5:GO:BP	GOBP_RRNA_METABOLIC_PROCESS	GTF3C6	7
C5:GO:BP	GOBP_RRNA_METABOLIC_PROCESS	RRP36	8
C5:GO:BP	GOBP_RRNA_METABOLIC_PROCESS	GAR1	9
C5:GO:BP	GOBP_RRNA_METABOLIC_PROCESS	NHP2	10
C5:GO:BP	GOBP_RRNA_METABOLIC_PROCESS	POLR1H	11
C5:GO:BP	GOBP_RRNA_METABOLIC_PROCESS	EXOSC3	12
C5:GO:BP	GOBP_RRNA_METABOLIC_PROCESS	EXOSC4	13
C5:GO:BP	GOBP_RRNA_METABOLIC_PROCESS	ESF1	14
C5:GO:BP	GOBP_RRNA_METABOLIC_PROCESS	POLR2F	15
C5:GO:BP	GOBP_RRNA_METABOLIC_PROCESS	POLR1A	16
C5:GO:BP	GOBP_RRNA_METABOLIC_PROCESS	MYG1	17
C5:GO:BP	GOBP_RRNA_METABOLIC_PROCESS	PA2G4	18
C5:GO:BP	GOBP_RRNA_METABOLIC_PROCESS	EXOSC9	19
C5:GO:BP	GOBP_RRNA_METABOLIC_PROCESS	EIF6	20
C5:GO:BP	GOBP_RRNA_METABOLIC_PROCESS	GTF2H5	21
C5:GO:BP	GOBP_RRNA_METABOLIC_PROCESS	RPUSD1	22
C5:GO:BP	GOBP_RRNA_METABOLIC_PROCESS	RPL5	23
C5:GO:BP	GOBP_RRNA_METABOLIC_PROCESS	MPHOSPH6	24
C5:GO:BP	GOBP_RRNA_METABOLIC_PROCESS	NOL11	25
C5:GO:BP	GOBP_RRNA_METABOLIC_PROCESS	WDR77	26
C5:GO:BP	GOBP_RRNA_METABOLIC_PROCESS	LSM6	27
C5:GO:BP	GOBP_RRNA_METABOLIC_PROCESS	POP5	28
C5:GO:BP	GOBP_RRNA_METABOLIC_PROCESS	PRKDC	29
C5:GO:BP	GOBP_RRNA_METABOLIC_PROCESS	IMP4	30
C5:GO:BP	GOBP_RRNA_METABOLIC_PROCESS	TRIR	31
C5:GO:BP	GOBP_RRNA_METABOLIC_PROCESS	EXOSC5	32
C5:GO:BP	GOBP_RRNA_METABOLIC_PROCESS	MARS1	33
C5:GO:BP	GOBP_RRNA_METABOLIC_PROCESS	NOP10	34
C5:GO:BP	GOBP_RRNA_METABOLIC_PROCESS	DKC1	35
C5:GO:BP	GOBP_RRNA_METABOLIC_PROCESS	DROSHA	36
C5:GO:BP	GOBP_RRNA_METABOLIC_PROCESS	EXOSC6	37
C5:GO:BP	GOBP_RRNA_METABOLIC_PROCESS	EMG1	38
C5:GO:BP	GOBP_RRNA_METABOLIC_PROCESS	FBL	39
C5:GO:BP	GOBP_RRNA_METABOLIC_PROCESS	NSUN5	40
C5:GO:BP	GOBP_RRNA_METABOLIC_PROCESS	RPL7	41
C5:GO:BP	GOBP_RRNA_METABOLIC_PROCESS	BOP1	42
C5:GO:BP	GOBP_RRNA_METABOLIC_PROCESS	SNU13	43
C5:GO:BP	GOBP_RRNA_METABOLIC_PROCESS	RPL7L1	44
C5:GO:BP	GOBP_RRNA_METABOLIC_PROCESS	LYAR	45
C5:GO:BP	GOBP_RRNA_METABOLIC_PROCESS	RPL27	46
C5:GO:BP	GOBP_RRNA_METABOLIC_PROCESS	ERI1	47
C5:GO:BP	GOBP_RRNA_METABOLIC_PROCESS	NOL8	48
C5:GO:BP	GOBP_RRNA_METABOLIC_PROCESS	EBNA1BP2	49
C5:GO:BP	GOBP_RRNA_METABOLIC_PROCESS	BRIX1	50
C5:GO:BP	GOBP_RRNA_METABOLIC_PROCESS	POP7	51
C5:GO:BP	GOBP_RRNA_METABOLIC_PROCESS	MRM2	52
C5:GO:BP	GOBP_RRNA_METABOLIC_PROCESS	GTF3C5	53
C5:GO:BP	GOBP_RRNA_METABOLIC_PROCESS	METTL5	54
C5:GO:BP	GOBP_RRNA_METABOLIC_PROCESS	NOLC1	55
C5:GO:BP	GOBP_RRNA_METABOLIC_PROCESS	BUD23	56
C5:GO:BP	GOBP_RRNA_METABOLIC_PROCESS	LAS1L	57
C5:GO:BP	GOBP_RRNA_METABOLIC_PROCESS	RBFA	58
C5:GO:BP	GOBP_RRNA_METABOLIC_PROCESS	RPL35	59
C5:GO:BP	GOBP_RRNA_METABOLIC_PROCESS	DCAF13	60
C5:GO:BP	GOBP_RRNA_METABOLIC_PROCESS	UTP20	61
C5:GO:BP	GOBP_RRNA_METABOLIC_PROCESS	NIFK	62
C5:GO:BP	GOBP_RRNA_METABOLIC_PROCESS	KRR1	63
C5:GO:BP	GOBP_RRNA_METABOLIC_PROCESS	RPF1	64
C5:GO:BP	GOBP_RRNA_METABOLIC_PROCESS	RPS19	65
C5:GO:BP	GOBP_RRNA_METABOLIC_PROCESS	DDX55	66
C5:GO:BP	GOBP_RRNA_METABOLIC_PROCESS	TFB1M	67
C5:GO:BP	GOBP_RRNA_METABOLIC_PROCESS	RRP9	68
C5:GO:BP	GOBP_RRNA_METABOLIC_PROCESS	RPS16	69
C5:GO:BP	GOBP_RRNA_METABOLIC_PROCESS	TENT4B	70
C5:GO:BP	GOBP_RRNA_METABOLIC_PROCESS	UTP11	71
C5:GO:BP	GOBP_RRNA_METABOLIC_PROCESS	POLR1G	72
C5:GO:BP	GOBP_RRNA_METABOLIC_PROCESS	NVL	73
C5:GO:BP	GOBP_RRNA_METABOLIC_PROCESS	RPL7A	74
C5:GO:BP	GOBP_RRNA_METABOLIC_PROCESS	REXO4	75
C5:GO:BP	GOBP_RRNA_METABOLIC_PROCESS	TSR3	76
C5:GO:BP	GOBP_RRNA_METABOLIC_PROCESS	TCOF1	77
C5:GO:BP	GOBP_RRNA_METABOLIC_PROCESS	PAK1IP1	78
C5:GO:BP	GOBP_RRNA_METABOLIC_PROCESS	RRP1B	79
C5:GO:BP	GOBP_RRNA_METABOLIC_PROCESS	MDN1	80
C5:GO:BP	GOBP_RRNA_METABOLIC_PROCESS	RPS25	81
C5:GO:BP	GOBP_RRNA_METABOLIC_PROCESS	GTF3A	82
C5:GO:BP	GOBP_RRNA_METABOLIC_PROCESS	WDR12	83
C5:GO:BP	GOBP_RRNA_METABOLIC_PROCESS	DDX56	84
C5:GO:BP	GOBP_RRNA_METABOLIC_PROCESS	RPUSD3	85
C5:GO:BP	GOBP_RRNA_METABOLIC_PROCESS	HEATR1	86
C5:GO:BP	GOBP_RRNA_METABOLIC_PROCESS	RPS7	87
C5:GO:BP	GOBP_RRNA_METABOLIC_PROCESS	NPM3	88
C5:GO:BP	GOBP_RRNA_METABOLIC_PROCESS	RPS17	89
C5:GO:BP	GOBP_RRNA_METABOLIC_PROCESS	POP4	90
C5:GO:BP	GOBP_RRNA_METABOLIC_PROCESS	RPS21	91
C5:GO:BP	GOBP_RRNA_METABOLIC_PROCESS	POLR2E	92
C5:GO:BP	GOBP_RRNA_METABOLIC_PROCESS	RPP40	93
C5:GO:BP	GOBP_RRNA_METABOLIC_PROCESS	NOC4L	94
C5:GO:BP	GOBP_RRNA_METABOLIC_PROCESS	UTP18	95
C5:GO:BP	GOBP_RRNA_METABOLIC_PROCESS	KAT2B	96
C5:GO:BP	GOBP_RRNA_METABOLIC_PROCESS	POLR2K	97
C5:GO:BP	GOBP_RRNA_METABOLIC_PROCESS	POLR2L	98
C5:GO:BP	GOBP_RRNA_METABOLIC_PROCESS	WDR75	99
C5:GO:BP	GOBP_RRNA_METABOLIC_PROCESS	NGDN	100
C5:GO:BP	GOBP_RRNA_METABOLIC_PROCESS	RPUSD2	101
C5:GO:BP	GOBP_RRNA_METABOLIC_PROCESS	PPAN	102
C5:GO:BP	GOBP_RRNA_METABOLIC_PROCESS	ABT1	103
C5:GO:BP	GOBP_RRNA_METABOLIC_PROCESS	DDX27	104
C5:GO:BP	GOBP_RRNA_METABOLIC_PROCESS	PDCD11	105
C5:GO:BP	GOBP_RRNA_METABOLIC_PROCESS	GTPBP4	106
C5:GO:BP	GOBP_RRNA_METABOLIC_PROCESS	POLR1E	107
C5:GO:BP	GOBP_RRNA_METABOLIC_PROCESS	RIOK1	108
C5:GO:BP	GOBP_RRNA_METABOLIC_PROCESS	PWP2	109
C5:GO:BP	GOBP_RRNA_METABOLIC_PROCESS	EIF4A3	110
C5:GO:BP	GOBP_RRNA_METABOLIC_PROCESS	UTP4	111
C5:GO:BP	GOBP_RRNA_METABOLIC_PROCESS	RIOK2	112
C5:GO:BP	GOBP_RRNA_METABOLIC_PROCESS	NUDT16	113
C5:GO:BP	GOBP_RRNA_METABOLIC_PROCESS	RPUSD4	114
C5:GO:BP	GOBP_RRNA_METABOLIC_PROCESS	RPS24	115
C5:GO:BP	GOBP_RRNA_METABOLIC_PROCESS	UTP14A	116
C5:GO:BP	GOBP_RRNA_METABOLIC_PROCESS	WDR43	117
C5:GO:BP	GOBP_RRNA_METABOLIC_PROCESS	PELP1	118
C5:GO:BP	GOBP_RRNA_METABOLIC_PROCESS	NCL	119
C5:GO:BP	GOBP_RRNA_METABOLIC_PROCESS	SLX9	120
C5:GO:BP	GOBP_RRNA_METABOLIC_PROCESS	DDX18	121
C5:GO:BP	GOBP_RRNA_METABOLIC_PROCESS	METTL18	122
C5:GO:BP	GOBP_RRNA_METABOLIC_PROCESS	ZNHIT3	123
C5:GO:BP	GOBP_RRNA_METABOLIC_PROCESS	NOL7	124
C5:GO:BP	GOBP_RRNA_METABOLIC_PROCESS	RPL35A	125
C5:GO:BP	GOBP_RRNA_METABOLIC_PROCESS	UTP25	126
C5:GO:BP	GOBP_RRNA_METABOLIC_PROCESS	DDX10	127
C5:GO:BP	GOBP_RRNA_METABOLIC_PROCESS	BYSL	128
C5:GO:BP	GOBP_RRNA_METABOLIC_PROCESS	RPL11	129
C5:GO:BP	GOBP_RRNA_METABOLIC_PROCESS	SUV39H1	130
C5:GO:BP	GOBP_RRNA_METABOLIC_PROCESS	EXOSC1	131
C5:GO:BP	GOBP_RRNA_METABOLIC_PROCESS	PWP1	132
C5:GO:BP	GOBP_RRNA_METABOLIC_PROCESS	POLR2H	133
C5:GO:BP	GOBP_RRNA_METABOLIC_PROCESS	AK6	134
C5:GO:BP	GOBP_RRNA_METABOLIC_PROCESS	RPL26	135
C5:GO:BP	GOBP_RRNA_METABOLIC_PROCESS	TRMT112	136
C5:GO:BP	GOBP_RRNA_METABOLIC_PROCESS	DHX37	137
C5:GO:BP	GOBP_RRNA_METABOLIC_PROCESS	RPS6	138
C5:GO:BP	GOBP_RRNA_METABOLIC_PROCESS	TRMT2B	139
C5:GO:BP	GOBP_RRNA_METABOLIC_PROCESS	RRP7BP	140
C5:GO:BP	GOBP_RRNA_METABOLIC_PROCESS	FRG1	141
C5:GO:BP	GOBP_RRNA_METABOLIC_PROCESS	RPS27	142
C5:GO:BP	GOBP_RRNA_METABOLIC_PROCESS	DDX21	143
C5:GO:BP	GOBP_RRNA_METABOLIC_PROCESS	TSR2	144
C5:GO:BP	GOBP_RRNA_METABOLIC_PROCESS	EXOSC7	145
C5:GO:BP	GOBP_RRNA_METABOLIC_PROCESS	WDR18	146
C5:GO:BP	GOBP_RRNA_METABOLIC_PROCESS	DNTTIP2	147
C5:GO:BP	GOBP_RRNA_METABOLIC_PROCESS	WDR3	148
C5:GO:BP	GOBP_RRNA_METABOLIC_PROCESS	XRN2	149
C5:GO:BP	GOBP_RRNA_METABOLIC_PROCESS	NOL6	150
C5:GO:BP	GOBP_RRNA_METABOLIC_PROCESS	EXOSC2	151
C5:GO:BP	GOBP_RRNA_METABOLIC_PROCESS	RPL14	152
C5:GO:BP	GOBP_RRNA_METABOLIC_PROCESS	GEMIN4	153
C5:GO:BP	GOBP_RRNA_METABOLIC_PROCESS	NAT10	154
C5:GO:BP	GOBP_RRNA_METABOLIC_PROCESS	AATF	155
C5:GO:BP	GOBP_RRNA_METABOLIC_PROCESS	DDX49	156
C5:GO:BP	GOBP_RRNA_METABOLIC_PROCESS	RRP15	157
C5:GO:BP	GOBP_RRNA_METABOLIC_PROCESS	SENP3	158
C5:GO:BP	GOBP_RRNA_METABOLIC_PROCESS	NOP58	159
C5:GO:BP	GOBP_RRNA_METABOLIC_PROCESS	SMARCA4	160
C5:GO:BP	GOBP_RRNA_METABOLIC_PROCESS	RPS15	161
C5:GO:BP	GOBP_RRNA_METABOLIC_PROCESS	PELO	162
C5:GO:BP	GOBP_RRNA_METABOLIC_PROCESS	MPHOSPH10	163
C5:GO:BP	GOBP_RRNA_METABOLIC_PROCESS	RPS8	164
C5:GO:BP	GOBP_RRNA_METABOLIC_PROCESS	MTOR	165
C5:GO:BP	GOBP_RRNA_METABOLIC_PROCESS	RPS14	166
C5:GO:BP	GOBP_RRNA_METABOLIC_PROCESS	BMS1	167
C5:GO:BP	GOBP_RRNA_METABOLIC_PROCESS	RRS1	168
C5:GO:BP	GOBP_RRNA_METABOLIC_PROCESS	MACROH2A1	169
C5:GO:BP	GOBP_RRNA_METABOLIC_PROCESS	SBDS	170
C5:GO:BP	GOBP_RRNA_METABOLIC_PROCESS	NSA2	171
C5:GO:BP	GOBP_RRNA_METABOLIC_PROCESS	PES1	172
C5:GO:BP	GOBP_RRNA_METABOLIC_PROCESS	POLR1F	173
C5:GO:BP	GOBP_RRNA_METABOLIC_PROCESS	IPPK	174
C5:GO:BP	GOBP_RRNA_METABOLIC_PROCESS	EXOSC10	175
C5:GO:BP	GOBP_RRNA_METABOLIC_PROCESS	RPP30	176
C5:GO:BP	GOBP_RRNA_METABOLIC_PROCESS	WDR36	177
C5:GO:BP	GOBP_RRNA_METABOLIC_PROCESS	NOB1	178
C5:GO:BP	GOBP_RRNA_METABOLIC_PROCESS	SLFN12	179
C5:GO:BP	GOBP_RRNA_METABOLIC_PROCESS	NAF1	180
C5:GO:BP	GOBP_RRNA_METABOLIC_PROCESS	ZCCHC4	181
C5:GO:BP	GOBP_RRNA_METABOLIC_PROCESS	ERCC2	182
C5:GO:BP	GOBP_RRNA_METABOLIC_PROCESS	RPS28	183
C5:GO:BP	GOBP_RRNA_METABOLIC_PROCESS	SPOUT1	184
C5:GO:BP	GOBP_RRNA_METABOLIC_PROCESS	GTF3C3	185
C5:GO:BP	GOBP_RRNA_METABOLIC_PROCESS	POLR1B	186
C5:GO:BP	GOBP_RRNA_METABOLIC_PROCESS	GTF3C4	187
C5:GO:BP	GOBP_RRNA_METABOLIC_PROCESS	CAVIN1	188
C5:GO:BP	GOBP_RRNA_METABOLIC_PROCESS	PIN4	189
C5:GO:BP	GOBP_RRNA_METABOLIC_PROCESS	NOP14	190
C5:GO:BP	GOBP_RRNA_METABOLIC_PROCESS	CHD7	191
C5:GO:BP	GOBP_RRNA_METABOLIC_PROCESS	NOL10	192
C5:GO:BP	GOBP_RRNA_METABOLIC_PROCESS	ERI3	193
C5:GO:BP	GOBP_RRNA_METABOLIC_PROCESS	RRP1	194
