"tgi_measure","iteration","n","pearson_r","pearson_p","spearman_rho","spearman_p"
"TGI_percent_Day_24_control_median",1,8,-1,0,-1,2.18952885050751e-46
"TGI_percent_Day_24_control_median",2,8,0.716165470466491,0.045687325653372,0.620253164556962,0.100875222859378
"TGI_percent_Day_24_control_median",3,8,0.714004435332168,0.0466548589091053,0.283950617283951,0.495518316964043
"TGI_percent_Day_24_control_median",4,8,0.592073551968978,0.122018030612325,0.146341463414634,0.729502115730517
"TGI_percent_Day_24_control_median",5,8,0.501562993301748,0.205386217085398,-0.189873417721519,0.652451422291919
"TGI_percent_Day_24_control_median",6,8,0.711964176422549,0.0475795682979614,0.972602739726027,5.03610200209817e-05
"TGI_percent_Day_24_control_median",7,8,0.856282566633538,0.00664418727061053,0.829268292682927,0.0109030266752834
"TGI_percent_Day_24_control_median",8,8,0.830940371801646,0.0105999331653069,0.79746835443038,0.0177421304392543
"TGI_percent_Day_24_control_median",9,8,0.770327090911996,0.0253103281354585,0.620253164556962,0.100875222859378
"TGI_percent_Day_24_control_median",10,8,0.868511337887073,0.00513762330012371,0.731707317073171,0.0390863390212493
"TGI_percent_Day_24_control_median",11,8,0.807627149692242,0.0153289145723857,0.753086419753086,0.0310085131644479
"TGI_percent_Day_24_control_median",12,8,0.882459138939436,0.00371033600624743,0.620253164556962,0.100875222859378
"TGI_percent_Day_24_control_median",13,8,0.789589248451145,0.0197681471090253,0.51219512195122,0.194378892157874
"TGI_percent_Day_24_control_median",14,8,0.662497729528147,0.0734244024366546,0.469879518072289,0.240065454942807
"TGI_percent_Day_24_control_median",15,8,0.683581973445598,0.0615939835922867,0.802469135802469,0.016526566994929
"TGI_percent_Day_24_control_median",16,8,0.645788175512123,0.0836791030893709,0.62962962962963,0.0943451651056068
"TGI_percent_Day_24_control_median",17,8,0.93860359611696,0.000552271956631775,1,0
"TGI_percent_Day_24_control_median",18,8,0.471111602819976,0.23866487326923,0.24390243902439,0.560495956966516
"TGI_percent_Day_24_control_median",19,8,0.997999791773252,1.99762469635152e-08,1,3.42113882891805e-48
"TGI_percent_Day_24_control_median",20,8,0.583229169975192,0.129125396123315,0.341463414634146,0.407782409074504
"TGI_percent_Day_24_control_median",21,8,0.542532108449706,0.164737968937526,0.240506329113924,0.566138469404116
"TGI_percent_Day_24_control_median",22,8,0.220492533138926,0.599780661152829,-0.432432432432432,0.284598569995075
"TGI_percent_Day_24_control_median",23,8,0.584030699696919,0.128471983820364,0.736842105263158,0.0370416328264742
"TGI_percent_Day_24_control_median",24,8,0.638198504694582,0.0885966901716342,-0.027027027027027,0.949348996625618
"TGI_percent_Day_24_control_median",25,8,0.767600629927503,0.0261642159418643,0.341463414634146,0.407782409074504
"TGI_percent_Day_24_control_median",26,8,0.853196673933722,0.00706419149483131,0.875,0.00443649291992186
"TGI_percent_Day_24_control_median",27,8,0.606202500215137,0.111131852557511,0.923076923076923,0.00107327636125646
"TGI_percent_Day_24_control_median",28,8,0.85207024664398,0.0072216197455809,0.555555555555556,0.152822232383275
"TGI_percent_Day_24_control_median",29,8,0.886572576516543,0.00334500602524421,0.780487804878049,0.0222809739808402
"TGI_percent_Day_24_control_median",30,8,0.680397386355515,0.063302363669403,0.349397590361446,0.396244333445432
"TGI_percent_Day_24_control_median",31,8,0.112938446095583,0.790034198659726,-0.160493827160494,0.70420169577901
"TGI_percent_Day_24_control_median",32,8,0.71690081038572,0.0453608893326118,0.585365853658537,0.127387674311883
"TGI_percent_Day_24_control_median",33,8,0.74124607696076,0.0353410194115756,0.590361445783133,0.123376267991455
"TGI_percent_Day_24_control_median",34,8,0.536807728212791,0.17012963655522,-0.05,0.9064061328125
"TGI_percent_Day_24_control_median",35,8,0.83952637085992,0.00912769868106665,0.392405063291139,0.336280494675457
"TGI_percent_Day_24_control_median",36,8,0.650576845176275,0.0806601046371099,0.291139240506329,0.484176479990479
"TGI_percent_Day_24_control_median",37,8,0.85197856807225,0.00723453023505778,0.731707317073171,0.0390863390212493
"TGI_percent_Day_24_control_median",38,8,0.704350044876622,0.0511275716779243,0.301204819277108,0.468469529828104
"TGI_percent_Day_24_control_median",39,8,0.593323863257365,0.121031482499119,-0.024390243902439,0.9542864261534
"TGI_percent_Day_24_control_median",40,8,0.701642164415671,0.0524264945427173,0.560975609756098,0.148007079914522
"TGI_percent_Day_24_control_median",41,8,0.436619924581407,0.279432070325313,0.615384615384616,0.104365016307875
"TGI_percent_Day_24_control_median",42,8,0.690943587849218,0.0577506789881501,0.417721518987342,0.303113679132795
"TGI_percent_Day_24_control_median",43,8,0.710533320862398,0.0482346137245624,0.51219512195122,0.194378892157874
"TGI_percent_Day_24_control_median",44,8,0.583633055032826,0.128795914598144,0.275,0.509781307373047
"TGI_percent_Day_24_control_median",45,8,0.518252612744272,0.188250746250014,-0.230769230769231,0.58242412326653
"TGI_percent_Day_24_control_median",46,8,0.825739141584517,0.0115606195652184,0.848101265822785,0.00779410868380385
"TGI_percent_Day_24_control_median",47,8,0.842377017263807,0.00866945635712306,0.614457831325301,0.105037035536878
"TGI_percent_Day_24_control_median",48,8,0.894743983234041,0.00268998988361735,0.829268292682927,0.0109030266752834
"TGI_percent_Day_24_control_median",49,8,0.66150566182796,0.0740113977330891,0.195121951219512,0.643326273058099
"TGI_percent_Day_24_control_median",50,8,0.660742411995007,0.0744648730848849,0.373493975903614,0.362100237410523
"TGI_percent_Day_24_control_median",51,8,0.239685879323625,0.567504565541431,-0.0769230769230769,0.856337178454751
"TGI_percent_Day_24_control_median",52,8,0.7491604853803,0.0324066505581489,0.316455696202532,0.445069441835733
"TGI_percent_Day_24_control_median",53,8,0.451115625435964,0.261907724572729,0.493670886075949,0.213762737730047
"TGI_percent_Day_24_control_median",54,8,0.743186345268787,0.0346072168051091,0.725,0.041858585205078
"TGI_percent_Day_24_control_median",55,8,0.89423235615495,0.00272832012616284,1,0
"TGI_percent_Day_24_control_median",56,8,0.514464845406297,0.192070495016207,-0.189873417721519,0.652451422291919
"TGI_percent_Day_24_control_median",57,8,0.793794164481832,0.01866988404742,0.972602739726027,5.03610200209817e-05
"TGI_percent_Day_24_control_median",58,8,0.429445705804702,0.288311836648406,-0.24390243902439,0.560495956966516
"TGI_percent_Day_24_control_median",59,8,0.707811332442379,0.0494956622901512,0.265822784810127,0.52456393016539
"TGI_percent_Day_24_control_median",60,8,0.639350551745499,0.0878397410419684,0.463414634146342,0.247482670349255
"TGI_percent_Day_24_control_median",61,8,0.718772607307778,0.044536323428407,0.316455696202532,0.445069441835733
"TGI_percent_Day_24_control_median",62,8,0.695816318980504,0.055287553948306,0.417721518987342,0.303113679132795
"TGI_percent_Day_24_control_median",63,8,0.817408743490732,0.0132107790931043,0.620253164556962,0.100875222859378
"TGI_percent_Day_24_control_median",64,8,0.829410196978078,0.010877093681394,0.972602739726027,5.03610200209817e-05
"TGI_percent_Day_24_control_median",65,8,0.456518036714893,0.255520919732823,-0.037037037037037,0.930619036000442
"TGI_percent_Day_24_control_median",66,8,0.882283223978033,0.00372650720113549,0.728395061728395,0.0404409294591197
"TGI_percent_Day_24_control_median",67,8,0.557497710158547,0.151087097548956,0.341772151898734,0.407330756890686
"TGI_percent_Day_24_control_median",68,8,0.52953516272563,0.177114920789738,0.463414634146342,0.247482670349255
"TGI_percent_Day_24_control_median",69,8,0.471111602819976,0.23866487326923,0.24390243902439,0.560495956966516
"TGI_percent_Day_24_control_median",70,8,0.557866649804312,0.150758712653238,0.132530120481928,0.75440042927224
"TGI_percent_Day_24_control_median",71,8,0.929984324515794,0.000813648082833953,0.679012345679012,0.0640540395718031
"TGI_percent_Day_24_control_median",72,8,0.3599708978955,0.381093858725067,-0.230769230769231,0.58242412326653
"TGI_percent_Day_24_control_median",73,8,0.49588876580026,0.211391064121651,-0.205128205128205,0.626037544539464
"TGI_percent_Day_24_control_median",74,8,0.172960888813039,0.682108045321549,-0.538461538461539,0.16856229446825
"TGI_percent_Day_24_control_median",75,8,0.853196673933722,0.00706419149483134,0.875,0.00443649291992186
"TGI_percent_Day_24_control_median",76,8,0.55379780553205,0.154401986124833,0.45679012345679,0.255201343606103
"TGI_percent_Day_24_control_median",77,8,0.462098415309107,0.249006778160617,0.0731707317073171,0.863293782609012
"TGI_percent_Day_24_control_median",78,8,0.808943334093277,0.0150323194663792,0.4,0.32616
"TGI_percent_Day_24_control_median",79,8,0.87445497002796,0.00449285798964224,0.851851851851852,0.00725239908517074
"TGI_percent_Day_24_control_median",80,8,0.252833211117198,0.545753129138247,-0.287671232876712,0.489635358193826
"TGI_percent_Day_24_control_median",81,8,0.313806141552808,0.44909964380303,0.0886075949367088,0.834728317893272
"TGI_percent_Day_24_control_median",82,8,0.739426268225808,0.0360378335855818,0.5,0.20703125
"TGI_percent_Day_24_control_median",83,8,0.334029980246684,0.418721556441115,-0.037037037037037,0.930619036000442
"TGI_percent_Day_24_control_median",84,8,0.952018108930674,0.000266324298873372,0.923076923076923,0.00107327636125646
"TGI_percent_Day_24_control_median",85,8,0.792152566035274,0.0190939853252152,0.316455696202532,0.445069441835733
"TGI_percent_Day_24_control_median",86,8,0.623006656281855,0.0989315535919409,0.397590361445783,0.32935525869871
"TGI_percent_Day_24_control_median",87,8,0.571104192177243,0.139235969853571,0.132530120481928,0.75440042927224
"TGI_percent_Day_24_control_median",88,8,0.675975516819302,0.0657205964791826,0.35,0.3953741796875
"TGI_percent_Day_24_control_median",89,8,0.872412642837713,0.0047081587954367,0.634146341463415,0.0912890821441658
"TGI_percent_Day_24_control_median",90,8,0.700989899745887,0.0527422995396822,0.341463414634146,0.407782409074504
"TGI_percent_Day_24_control_median",91,8,0.944588060686371,0.000407872204149651,0.746835443037975,0.033252559177418
"TGI_percent_Day_24_control_median",92,8,0.74124607696076,0.0353410194115757,0.590361445783133,0.123376267991455
"TGI_percent_Day_24_control_median",93,8,0.647307644205437,0.0827141570981912,0.349397590361446,0.396244333445432
"TGI_percent_Day_24_control_median",94,8,0.306069577393414,0.460952511035406,-0.6,0.11584
"TGI_percent_Day_24_control_median",95,8,0.601597716580984,0.114616629136134,0.397590361445783,0.32935525869871
"TGI_percent_Day_24_control_median",96,8,0.596770523601069,0.118335259625975,0.253012048192771,0.54545933813052
"TGI_percent_Day_24_control_median",97,8,0.71690081038572,0.0453608893326118,0.585365853658537,0.127387674311883
"TGI_percent_Day_24_control_median",98,8,0.326987192169175,0.42919931138085,0.1,0.81374625
"TGI_percent_Day_24_control_median",99,8,0.527481305856872,0.179115036595641,-0.024390243902439,0.9542864261534
"TGI_percent_Day_24_control_median",100,8,0.99473783795145,3.62841611216633e-07,1,2.73691106313438e-47
"TGI_percent_Day_24_control_median",101,8,0.60310202746189,0.113471496327142,-0.024390243902439,0.9542864261534
"TGI_percent_Day_24_control_median",102,8,0.468747610690076,0.241355833278102,-0.037037037037037,0.930619036000442
"TGI_percent_Day_24_control_median",103,8,0.749517843464054,0.0322778179139908,0.925925925925926,0.000960491276443564
"TGI_percent_Day_24_control_median",104,8,0.680047877486325,0.0634915494942102,0.802469135802469,0.016526566994929
"TGI_percent_Day_24_control_median",105,8,0.723825597152591,0.0423558860369425,0.414634146341463,0.307070866237017
"TGI_percent_Day_24_control_median",106,8,0.714192175213,0.0465703188151722,0.240506329113924,0.566138469404116
"TGI_percent_Day_24_control_median",107,8,0.65740154308429,0.0764689635753817,0.373493975903614,0.362100237410523
"TGI_percent_Day_24_control_median",108,8,0.843955260793276,0.00842217785084681,0.753086419753086,0.0310085131644479
"TGI_percent_Day_24_control_median",109,8,0.578327989088778,0.133161209407002,0.555555555555556,0.152822232383275
"TGI_percent_Day_24_control_median",110,8,0.710533320862398,0.0482346137245624,0.51219512195122,0.194378892157874
"TGI_percent_Day_24_control_median",111,8,-0.033785447723799,0.936700474783143,-0.643835616438356,0.0849286568753827
"TGI_percent_Day_24_control_median",112,8,0.525984219729041,0.180580540359835,0.307692307692308,0.458455990282607
"TGI_percent_Day_24_control_median",113,8,0.734362933564542,0.0380205013491807,-0.0632911392405063,0.881645645130732
"TGI_percent_Day_24_control_median",114,8,0.71909192893583,0.0443965678567139,0.414634146341463,0.307070866237017
"TGI_percent_Day_24_control_median",115,8,0.443800446629656,0.270681091588587,0.0410958904109589,0.923031918656945
"TGI_percent_Day_24_control_median",116,8,0.690943587849218,0.0577506789881501,0.417721518987342,0.303113679132795
"TGI_percent_Day_24_control_median",117,8,0.380006333135252,0.353109988410888,0.125,0.768054962158203
"TGI_percent_Day_24_control_median",118,8,0.458092676993702,0.2536742266875,-0.105263157894737,0.804084671089484
"TGI_percent_Day_24_control_median",119,8,0.471830812046617,0.237849235475099,-0.230769230769231,0.58242412326653
"TGI_percent_Day_24_control_median",120,8,0.638635946019436,0.0883088273582249,0.439024390243902,0.276486445900293
"TGI_percent_Day_24_control_median",121,8,0.474444498036164,0.234897106042017,-0.037037037037037,0.930619036000442
"TGI_percent_Day_24_control_median",122,8,0.773215547712337,0.0244247521545374,0.525,0.181547481689453
"TGI_percent_Day_24_control_median",123,8,0.563754484014128,0.145571181698473,0.518987341772152,0.187514534406167
"TGI_percent_Day_24_control_median",124,8,0.681901129813801,0.0624922188547895,0.390243902439024,0.339186635335989
"TGI_percent_Day_24_control_median",125,8,0.0151550811960963,0.97158857341477,-0.307692307692308,0.458455990282607
"TGI_percent_Day_24_control_median",126,8,0.706357519276071,0.0501772238731282,0.392405063291139,0.336280494675457
"TGI_percent_Day_24_control_median",127,8,0.548806446986984,0.158936393240585,0.390243902439024,0.339186635335989
"TGI_percent_Day_24_control_median",128,8,0.64613698983482,0.083457010620337,0.62962962962963,0.0943451651056068
"TGI_percent_Day_24_control_median",129,8,0.879487009042387,0.00398968145181951,0.367088607594937,0.371042516598345
"TGI_percent_Day_24_control_median",130,8,0.82993412124495,0.0107816850104038,0.804878048780488,0.0159601987985088
"TGI_percent_Day_24_control_median",131,8,0.634217228901762,0.0912415812332654,0.506172839506173,0.20057448914806
"TGI_percent_Day_24_control_median",132,8,0.561254003306636,0.147762042734472,0.341463414634146,0.407782409074504
"TGI_percent_Day_24_control_median",133,8,0.58648922052555,0.126479347219395,0.170731707317073,0.68604453895394
"TGI_percent_Day_24_control_median",134,8,0.928176071836516,0.000877110422859993,0.848101265822785,0.00779410868380385
"TGI_percent_Day_24_control_median",135,8,0.931327511129203,0.000768506389943365,0.79746835443038,0.0177421304392543
"TGI_percent_Day_24_control_median",136,8,0.18319795897244,0.664111941994092,0.205128205128205,0.626037544539464
"TGI_percent_Day_24_control_median",137,8,0.656990430463852,0.0767177356530749,0.634146341463415,0.0912890821441658
"TGI_percent_Day_24_control_median",138,8,0.673756557216283,0.0669543713924853,0.358024691358025,0.383863009028071
"TGI_percent_Day_24_control_median",139,8,0.410339220828138,0.312616614000795,-0.189873417721519,0.652451422291919
"TGI_percent_Day_24_control_median",140,8,0.450560398480954,0.262568586280889,0.240506329113924,0.566138469404116
"TGI_percent_Day_24_control_median",141,8,0.645832635742924,0.0836507758541537,0.726027397260274,0.0414264515948147
"TGI_percent_Day_24_control_median",142,8,0.540858625626158,0.166304460688491,0.234567901234568,0.576051906571553
"TGI_percent_Day_24_control_median",143,8,0.901017868073947,0.00224801553842856,0.648648648648649,0.081867955703768
"TGI_percent_Day_24_control_median",144,8,0.546129502802535,0.161397794733055,-0.189873417721519,0.652451422291919
"TGI_percent_Day_24_control_median",145,8,0.863204450377248,0.00576102670240493,0.560975609756098,0.148007079914522
"TGI_percent_Day_24_control_median",146,8,0.553696349969015,0.154493439541061,0.506172839506173,0.20057448914806
"TGI_percent_Day_24_control_median",147,8,0.871539665418481,0.00480217178773121,0.342465753424658,0.406316873398979
"TGI_percent_Day_24_control_median",148,8,0.514622298068564,0.191910901465882,0.0617283950617284,0.88455293510991
"TGI_percent_Day_24_control_median",149,8,0.912350973277815,0.00157465676333412,0.780487804878049,0.0222809739808402
"TGI_percent_Day_24_control_median",150,8,0.882283223978033,0.00372650720113549,0.728395061728395,0.0404409294591197
"TGI_percent_Day_24_control_median",151,8,0.841104124155307,0.00887222036251691,0.79746835443038,0.0177421304392543
"TGI_percent_Day_24_control_median",152,8,0.723111620276535,0.0426599613366399,0.265822784810127,0.52456393016539
"TGI_percent_Day_24_control_median",153,8,0.870050882362995,0.00496526861684123,0.731707317073171,0.0390863390212493
"TGI_percent_Day_24_control_median",154,8,0.634217228901762,0.0912415812332652,0.506172839506173,0.20057448914806
"TGI_percent_Day_24_control_median",155,8,0.667114546290282,0.0707287432922774,0.417721518987342,0.303113679132795
"TGI_percent_Day_24_control_median",156,8,0.860128624114881,0.00614352898182698,0.924050632911392,0.00103380815542862
"TGI_percent_Day_24_control_median",157,8,0.87933186040736,0.00400462379625934,0.62962962962963,0.0943451651056068
"TGI_percent_Day_24_control_median",158,8,0.333974512653325,0.418803648140345,-0.164556962025316,0.696980493011756
"TGI_percent_Day_24_control_median",159,8,0.155417178177995,0.713251317348058,0.111111111111111,0.793374993649342
"TGI_percent_Day_24_control_median",160,8,0.688016192710246,0.0592613472159874,0.51219512195122,0.194378892157874
"TGI_percent_Day_24_control_median",161,8,0.203016766229778,0.629673610757045,-0.333333333333333,0.419753086419753
"TGI_percent_Day_24_control_median",162,8,0.795010963259401,0.0183593595329178,0.609756097560976,0.108484275261192
"TGI_percent_Day_24_control_median",163,8,0.753723094712778,0.030785334383497,0.707317073170732,0.0497267470387709
"TGI_percent_Day_24_control_median",164,8,0.860150446189161,0.00614075962904134,0.794871794871795,0.0183947102705782
"TGI_percent_Day_24_control_median",165,8,0.706357519276071,0.0501772238731282,0.392405063291139,0.336280494675457
"TGI_percent_Day_24_control_median",166,8,0.71255147565821,0.0473122638890381,-0.150684931506849,0.72171342613154
"TGI_percent_Day_24_control_median",167,8,0.887091567707216,0.0033006374924944,0.731707317073171,0.0390863390212493
"TGI_percent_Day_24_control_median",168,8,0.79295864380727,0.0188849945094019,0.392405063291139,0.336280494675457
"TGI_percent_Day_24_control_median",169,8,0.7262977778434,0.0413131787650428,0.316455696202532,0.445069441835733
"TGI_percent_Day_24_control_median",170,8,0.726139512157784,0.0413794595104138,0.615384615384616,0.104365016307875
"TGI_percent_Day_24_control_median",171,8,0.786009469495051,0.0207341845858254,0.569620253164557,0.140502518621531
"TGI_percent_Day_24_control_median",172,8,0.601643457756642,0.11458171336369,0.0731707317073171,0.863293782609012
"TGI_percent_Day_24_control_median",173,8,0.951529948362746,0.000274433691890552,0.802469135802469,0.016526566994929
"TGI_percent_Day_24_control_median",174,8,0.771028241342978,0.0250935655256753,0.605263157894737,0.111837768489366
"TGI_percent_Day_24_control_median",175,8,-0.407411112522141,0.316424565428199,-0.538461538461539,0.16856229446825
"TGI_percent_Day_24_control_median",176,8,0.53078259135885,0.175906016133345,-0.175,0.678512669677734
"TGI_percent_Day_24_control_median",177,8,0.813210209972156,0.014095692459339,0.384615384615385,0.346809662449871
"TGI_percent_Day_24_control_median",178,8,0.731296180653651,0.0392529547693141,0.506172839506173,0.20057448914806
"TGI_percent_Day_24_control_median",179,8,0.674207392278036,0.0667026015237125,0.620253164556962,0.100875222859378
"TGI_percent_Day_24_control_median",180,8,0.673109338675392,0.0673167926153151,0.634146341463415,0.0912890821441658
"TGI_percent_Day_24_control_median",181,8,0.215936212197676,0.607529505935797,-0.160493827160494,0.70420169577901
"TGI_percent_Day_24_control_median",182,8,0.406981741013597,0.316984794392208,0.0769230769230769,0.856337178454751
"TGI_percent_Day_24_control_median",183,8,0.467092637479019,0.243248833411876,-0.024390243902439,0.9542864261534
"TGI_percent_Day_24_control_median",184,8,0.623349551481248,0.0986910246765001,0.0379746835443038,0.928865891742792
"TGI_percent_Day_24_control_median",185,8,0.521509425188208,0.184999044668653,0.0123456790123457,0.976854203839832
"TGI_percent_Day_24_control_median",186,8,0.483633549085016,0.22466798352808,0.215189873417721,0.608801860963225
"TGI_percent_Day_24_control_median",187,8,0.808907014486817,0.0150404550845316,0.317073170731707,0.444132360252344
"TGI_percent_Day_24_control_median",188,8,0.482194715280011,0.22625422453686,0.794871794871795,0.0183947102705782
"TGI_percent_Day_24_control_median",189,8,-0.140852734289701,0.739373391556316,-0.452054794520548,0.26079176513997
"TGI_percent_Day_24_control_median",190,8,0.728642672831546,0.0403386946117736,0.333333333333333,0.419753086419753
"TGI_percent_Day_24_control_median",191,8,0.839823170838742,0.00907928689972293,0.731707317073171,0.0390863390212493
"TGI_percent_Day_24_control_median",192,8,0.688016192710246,0.0592613472159874,0.51219512195122,0.194378892157874
"TGI_percent_Day_24_control_median",193,8,0.689594434682137,0.0584440149268176,0.525,0.181547481689453
"TGI_percent_Day_24_control_median",194,8,0.951895466832081,0.000268346598625886,0.842105263157895,0.0087124949365918
"TGI_percent_Day_24_control_median",195,8,0.769621126175485,0.0255297458674414,0.614457831325301,0.105037035536878
"TGI_percent_Day_24_control_median",196,8,0.749595293723264,0.0322499374871366,0.392405063291139,0.336280494675457
"TGI_percent_Day_24_control_median",197,8,0.675933432628022,0.0657438697139372,0.392405063291139,0.336280494675457
"TGI_percent_Day_24_control_median",198,8,0.506443592781298,0.200293742565945,0.282051282051282,0.498531973667064
"TGI_percent_Day_24_control_median",199,8,0.102737778713015,0.808717875831482,-0.518987341772152,0.187514534406167
"TGI_percent_Day_24_control_median",200,8,0.513685847579563,0.192861119655163,0.170731707317073,0.68604453895394
"TGI_percent_Day_24_control_median",201,8,0.576682335640575,0.134531851446954,-0.024390243902439,0.9542864261534
"TGI_percent_Day_24_control_median",202,8,0.612724378771165,0.106300591600601,0.518987341772152,0.187514534406167
"TGI_percent_Day_24_control_median",203,8,0.550221207076091,0.157643871410847,-0.037037037037037,0.930619036000442
"TGI_percent_Day_24_control_median",204,8,0.777465415158103,0.0231571113243336,0.113924050632911,0.788233439851227
"TGI_percent_Day_24_control_median",205,8,0.407232925299468,0.316657000886085,0.024390243902439,0.9542864261534
"TGI_percent_Day_24_control_median",206,8,0.718962751207931,0.0444530723012602,0.555555555555556,0.152822232383275
"TGI_percent_Day_24_control_median",207,8,0.364992314567028,0.373990351904546,-0.146341463414634,0.729502115730516
"TGI_percent_Day_24_control_median",208,8,0.91020769239692,0.00169021356991499,0.725,0.041858585205078
"TGI_percent_Day_24_control_median",209,8,0.657100221695006,0.0766512525692452,0.35,0.3953741796875
"TGI_percent_Day_24_control_median",210,8,0.778517776367786,0.0228496682167318,0.51219512195122,0.194378892157874
"TGI_percent_Day_24_control_median",211,8,0.279841869569345,0.502046462025736,0.0123456790123457,0.976854203839832
"TGI_percent_Day_24_control_median",212,8,0.516793543048952,0.18971731001855,-0.146341463414634,0.729502115730516
"TGI_percent_Day_24_control_median",213,8,0.80098872210787,0.0168807951919444,0.634146341463415,0.0912890821441658
"TGI_percent_Day_24_control_median",214,8,0.592073551968978,0.122018030612325,0.146341463414634,0.729502115730517
"TGI_percent_Day_24_control_median",215,8,0.936706370749773,0.000604188505914184,0.842105263157895,0.0087124949365918
"TGI_percent_Day_24_control_median",216,8,0.334498032802557,0.418029114289913,-0.189873417721519,0.652451422291919
"TGI_percent_Day_24_control_median",217,8,0.552972333240135,0.155146938471255,0.0731707317073171,0.863293782609012
"TGI_percent_Day_24_control_median",218,8,0.554460558679509,0.153805300748666,0.215189873417721,0.608801860963225
"TGI_percent_Day_24_control_median",219,8,0.667272223660477,0.0706377254577195,0.536585365853659,0.170340970786708
"TGI_percent_Day_24_control_median",220,8,0.79324890985148,0.0188100890413691,0.341463414634146,0.407782409074504
"TGI_percent_Day_24_control_median",221,8,0.597544328293467,0.117734640976474,0.180722891566265,0.668450469704889
"TGI_percent_Day_24_control_median",222,8,0.459711871281753,0.251782301570316,0.333333333333333,0.419753086419753
"TGI_percent_Day_24_control_median",223,8,0.426591705208001,0.291881985952459,0.1,0.81374625
"TGI_percent_Day_24_control_median",224,8,0.424329600060073,0.294726865145927,-0.0126582278481013,0.976268357959337
"TGI_percent_Day_24_control_median",225,8,0.804221881477438,0.0161132460099754,0.79746835443038,0.0177421304392543
"TGI_percent_Day_24_control_median",226,8,0.911156433752229,0.00163840439785911,0.772151898734177,0.0247485870017686
"TGI_percent_Day_24_control_median",227,8,0.75356892146126,0.0308392871079537,0.164556962025316,0.696980493011756
"TGI_percent_Day_24_control_median",228,8,0.847670701575468,0.007857895105877,0.614457831325301,0.105037035536878
"TGI_percent_Day_24_control_median",229,8,0.647307644205437,0.0827141570981912,0.349397590361446,0.396244333445432
"TGI_percent_Day_24_control_median",230,8,0.212707521722393,0.613039916186044,-0.215189873417721,0.608801860963226
"TGI_percent_Day_24_control_median",231,8,0.900888734246887,0.00225659903523773,0.780487804878049,0.0222809739808402
"TGI_percent_Day_24_control_median",232,8,0.866941600108794,0.00531726390234959,0.734939759036145,0.0377913597475923
"TGI_percent_Day_24_control_median",233,8,0.508143130123416,0.198536206291171,0.780821917808219,0.0221854065027459
"TGI_percent_Day_24_control_median",234,8,0.897788587013801,0.00246909024249084,0.851851851851852,0.00725239908517074
"TGI_percent_Day_24_control_median",235,8,0.552644879281287,0.155442994731369,0.493670886075949,0.213762737730047
"TGI_percent_Day_24_control_median",236,8,0.577183310754282,0.134113768479282,0.240506329113924,0.566138469404116
"TGI_percent_Day_24_control_median",237,8,0.632977002215699,0.0920747060880823,0.536585365853659,0.170340970786708
"TGI_percent_Day_24_control_median",238,8,0.646391377456955,0.0832952568617256,0.111111111111111,0.793374993649342
"TGI_percent_Day_24_control_median",239,8,0.601597716580984,0.114616629136134,0.397590361445783,0.32935525869871
"TGI_percent_Day_24_control_median",240,8,0.814055024251913,0.013914724615265,0.6,0.11584
"TGI_percent_Day_24_control_median",241,8,0.880672427950027,0.00387669832800674,0.544303797468354,0.163088312636417
"TGI_percent_Day_24_control_median",242,8,0.990053378557861,2.44186305158881e-06,1,0
"TGI_percent_Day_24_control_median",243,8,0.42563238253248,0.293086820614007,0.325,0.432175440673828
"TGI_percent_Day_24_control_median",244,8,0.878705102864206,0.00406535357960567,0.68421052631579,0.0612600707806916
"TGI_percent_Day_24_control_median",245,8,0.70139501542999,0.0525460221111738,0.585365853658537,0.127387674311883
"TGI_percent_Day_24_control_median",246,8,0.61193488147294,0.106878933720025,0.4,0.32616
"TGI_percent_Day_24_control_median",247,8,0.781676593672208,0.0219421012575773,0.736842105263158,0.0370416328264742
"TGI_percent_Day_24_control_median",248,8,0.548806446986984,0.158936393240585,0.390243902439024,0.339186635335989
"TGI_percent_Day_24_control_median",249,8,0.721140692809796,0.0435062097536867,0.590361445783133,0.123376267991455
"TGI_percent_Day_24_control_median",250,8,0.812738301726416,0.0141974215196739,0.875,0.00443649291992186
"TGI_percent_Day_24_control_median",251,8,0.848630111391517,0.00771621518651794,0.837837837837838,0.00940624141192286
"TGI_percent_Day_24_control_median",252,8,0.913857928491794,0.00149656900152692,0.62962962962963,0.0943451651056068
"TGI_percent_Day_24_control_median",253,8,0.516793543048952,0.18971731001855,-0.146341463414634,0.729502115730516
"TGI_percent_Day_24_control_median",254,8,0.664813367118724,0.0720649387143873,0.615384615384616,0.104365016307875
"TGI_percent_Day_24_control_median",255,8,0.701617096106771,0.0524386107800921,0.518987341772152,0.187514534406167
"TGI_percent_Day_24_control_median",256,8,0.269424762839169,0.518743022590774,0.0123456790123457,0.976854203839832
"TGI_percent_Day_24_control_median",257,8,0.332723828294814,0.420656469432181,0.113924050632911,0.788233439851227
"TGI_percent_Day_24_control_median",258,8,0.731608080413557,0.0391265158623205,0.518072289156627,0.188431668335035
"TGI_percent_Day_24_control_median",259,8,0.608779809535574,0.109208034372928,0.113924050632911,0.788233439851227
"TGI_percent_Day_24_control_median",260,8,0.912444133491046,0.00156975422938816,0.544303797468354,0.163088312636417
"TGI_percent_Day_24_control_median",261,8,0.900888734246886,0.00225659903523776,0.780487804878049,0.0222809739808402
"TGI_percent_Day_24_control_median",262,8,0.903088595129798,0.00211325505064057,0.654320987654321,0.07834458818895
"TGI_percent_Day_24_control_median",263,8,0.660772444737848,0.0744469987714052,0.365853658536585,0.37277785416078
"TGI_percent_Day_24_control_median",264,8,0.903719917671647,0.00207323921809592,0.851851851851852,0.00725239908517074
"TGI_percent_Day_24_control_median",265,8,0.877869955072713,0.00414719255580856,0.772151898734177,0.0247485870017686
"TGI_percent_Day_24_control_median",266,8,0.707684414695903,0.0495549393279261,0.24390243902439,0.560495956966516
"TGI_percent_Day_24_control_median",267,8,0.59505345773305,0.119674190215707,0.392405063291139,0.336280494675457
"TGI_percent_Day_24_control_median",268,8,0.546129502802535,0.161397794733055,-0.189873417721519,0.652451422291919
"TGI_percent_Day_24_control_median",269,8,0.654906539952604,0.0779860212014725,0.291139240506329,0.484176479990479
"TGI_percent_Day_24_control_median",270,8,0.794269209393556,0.0185482662616068,0.316455696202532,0.445069441835733
"TGI_percent_Day_24_control_median",271,8,0.5059234929461,0.200833222001853,0.540540540540541,0.166603118711555
"TGI_percent_Day_24_control_median",272,8,0.57399651616743,0.136785624861793,0.493670886075949,0.213762737730047
"TGI_percent_Day_24_control_median",273,8,0.696490269700716,0.0549519177954238,0.417721518987342,0.303113679132795
"TGI_percent_Day_24_control_median",274,8,0.914147870580801,0.00148184025888419,0.743589743589744,0.0344558337392387
"TGI_percent_Day_24_control_median",275,8,0.867645068737848,0.00523626907049708,0.822784810126582,0.0121299609627337
"TGI_percent_Day_24_control_median",276,8,0.655378079104766,0.0776979700893961,0.175,0.678512669677734
"TGI_percent_Day_24_control_median",277,8,0.864092304260803,0.00565353066956566,0.79746835443038,0.0177421304392543
"TGI_percent_Day_24_control_median",278,8,0.74558430402116,0.0337132924217231,0.44578313253012,0.268289002774831
"TGI_percent_Day_24_control_median",279,8,0.914114258544633,0.00148354285484737,0.746835443037975,0.033252559177418
"TGI_percent_Day_24_control_median",280,8,0.420987741894943,0.29895409103064,0.333333333333333,0.419753086419753
"TGI_percent_Day_24_control_median",281,8,0.833077178350136,0.0102204447456241,0.736842105263158,0.0370416328264742
"TGI_percent_Day_24_control_median",282,8,0.285898750664465,0.492434570733763,-0.037037037037037,0.930619036000442
"TGI_percent_Day_24_control_median",283,8,0.886572576516542,0.00334500602524423,0.780487804878049,0.0222809739808402
"TGI_percent_Day_24_control_median",284,8,0.998631385199551,6.40232641196623e-09,1,2.73691106313438e-47
"TGI_percent_Day_24_control_median",285,8,0.367199235879969,0.370887240062161,-0.164556962025316,0.696980493011756
"TGI_percent_Day_24_control_median",286,8,0.809040407904789,0.0150105884373818,0.392405063291139,0.336280494675457
"TGI_percent_Day_24_control_median",287,8,0.55729193949268,0.151270419792767,0.333333333333333,0.419753086419753
"TGI_percent_Day_24_control_median",288,8,0.715637945701392,0.045922378886241,0.0410958904109589,0.923031918656945
"TGI_percent_Day_24_control_median",289,8,0.734961402670639,0.0377827783229262,0.721518987341772,0.043343002111805
"TGI_percent_Day_24_control_median",290,8,0.1225963211795,0.772424769120705,-0.443037974683544,0.271603804295431
"TGI_percent_Day_24_control_median",291,8,0.558416012253786,0.150270464403268,0.125,0.768054962158203
"TGI_percent_Day_24_control_median",292,8,0.648408978340029,0.0820188205484421,0.463414634146342,0.247482670349255
"TGI_percent_Day_24_control_median",293,8,0.893020402452425,0.00282052363157687,0.772151898734177,0.0247485870017686
"TGI_percent_Day_24_control_median",294,8,0.875526142932989,0.00438251452285849,0.775,0.0238873864746093
"TGI_percent_Day_24_control_median",295,8,0.617455264798635,0.10287246797873,0.358024691358025,0.383863009028071
"TGI_percent_Day_24_control_median",296,8,0.684931454820796,0.0608784118553671,0.292682926829268,0.481754330094079
"TGI_percent_Day_24_control_median",297,8,0.920859437546072,0.00116680022719245,0.835616438356164,0.00978082574112047
"TGI_percent_Day_24_control_median",298,8,0.76674612336888,0.0264354476824733,0.468354430379747,0.241804882823014
"TGI_percent_Day_24_control_median",299,8,0.680555142563889,0.063217081399864,0.333333333333333,0.419753086419753
"TGI_percent_Day_24_control_median",300,8,0.863215497410138,0.00575968121578043,0.615384615384616,0.104365016307875
"TGI_percent_Day_24_control_median",301,8,0.755938736233187,0.0300163737739148,0.518072289156627,0.188431668335035
"TGI_percent_Day_24_control_median",302,8,0.687288003568269,0.0596407395594363,0.414634146341463,0.307070866237017
"TGI_percent_Day_24_control_median",303,8,0.619130327005312,0.101674053064651,0.620253164556962,0.100875222859378
"TGI_percent_Day_24_control_median",304,8,0.874450124749557,0.00449336112486244,0.731707317073171,0.0390863390212493
"TGI_percent_Day_24_control_median",305,8,0.779360318274312,0.0226053593292146,0.4,0.32616
"TGI_percent_Day_24_control_median",306,8,0.346421824755728,0.400554921644754,-0.578947368421053,0.132647361838117
"TGI_percent_Day_24_control_median",307,8,0.16948061971259,0.688256535761502,-0.523809523809524,0.182720750539714
"TGI_percent_Day_24_control_median",308,8,0.74558430402116,0.0337132924217231,0.44578313253012,0.268289002774831
"TGI_percent_Day_24_control_median",309,8,0.47227164426418,0.237350001645431,0.24390243902439,0.560495956966516
"TGI_percent_Day_24_control_median",310,8,0.593323863257365,0.121031482499119,-0.024390243902439,0.9542864261534
"TGI_percent_Day_24_control_median",311,8,0.522009864598594,0.184502066472013,0.0886075949367088,0.834728317893272
"TGI_percent_Day_24_control_median",312,8,0.630356577436415,0.0938493774671271,0.392405063291139,0.336280494675457
"TGI_percent_Day_24_control_median",313,8,0.941802807910801,0.00047151397287298,0.959183673469388,0.000164835680877654
"TGI_percent_Day_24_control_median",314,8,0.940411516163338,0.000505606660252818,0.736842105263158,0.0370416328264742
"TGI_percent_Day_24_control_median",315,8,0.425016846399789,0.293861153255555,0.0379746835443038,0.928865891742792
"TGI_percent_Day_24_control_median",316,8,0.750924091548901,0.0317738980773831,0.590361445783133,0.123376267991455
"TGI_percent_Day_24_control_median",317,8,0.661089686713288,0.0742583425448863,0.414634146341463,0.307070866237017
"TGI_percent_Day_24_control_median",318,8,0.585239128865071,0.127490369477872,0.240506329113924,0.566138469404116
"TGI_percent_Day_24_control_median",319,8,0.149901589358707,0.723116588729227,-0.452054794520548,0.26079176513997
"TGI_percent_Day_24_control_median",320,8,0.687739455950836,0.0594053594532489,0.634146341463415,0.0912890821441658
"TGI_percent_Day_24_control_median",321,8,0.551865989229078,0.156148441821581,0.048780487804878,0.908681575447135
"TGI_percent_Day_24_control_median",322,8,0.782655628132155,0.0216654409296388,0.4,0.32616
"TGI_percent_Day_24_control_median",323,8,0.990019912966578,2.46653102465921e-06,1,0
"TGI_percent_Day_24_control_median",324,8,0.745702293254734,0.0336696769036973,0.341463414634146,0.407782409074504
"TGI_percent_Day_24_control_median",325,8,0.632952048652593,0.0920915135997982,0.560975609756098,0.148007079914522
"TGI_percent_Day_24_control_median",326,8,0.673660327991962,0.0670081834434988,0.421686746987952,0.298067492674002
"TGI_percent_Day_24_control_median",327,8,0.675503142575912,0.0659821068877699,0.62962962962963,0.0943451651056068
"TGI_percent_Day_24_control_median",328,8,0.849981953951709,0.00751936371026408,0.804878048780488,0.0159601987985088
"TGI_percent_Day_24_control_median",329,8,0.906013418767985,0.00193201418415722,0.822784810126582,0.0121299609627337
"TGI_percent_Day_24_control_median",330,8,0.863549048546355,0.00571915072336012,0.918918918918919,0.00125287413292553
"TGI_percent_Day_24_control_median",331,8,0.450697107565859,0.262405790531446,0.234567901234568,0.576051906571553
"TGI_percent_Day_24_control_median",332,8,0.730502313174881,0.039575895493034,0.392405063291139,0.336280494675457
"TGI_percent_Day_24_control_median",333,8,0.755292990537152,0.0302392521451659,0.51219512195122,0.194378892157874
"TGI_percent_Day_24_control_median",334,8,0.880450982393919,0.00389764575570276,0.615384615384616,0.104365016307875
"TGI_percent_Day_24_control_median",335,8,0.866941600108794,0.00531726390234959,0.734939759036145,0.0377913597475923
"TGI_percent_Day_24_control_median",336,8,0.60716245905727,0.110413064912635,0.0731707317073171,0.863293782609012
"TGI_percent_Day_24_control_median",337,8,0.908670655434575,0.0017763895957351,0.342465753424658,0.406316873398979
"TGI_percent_Day_24_control_median",338,8,0.717084026690862,0.0452797748703904,0.731707317073171,0.0390863390212493
"TGI_percent_Day_24_control_median",339,8,0.825957152233926,0.0115192896488592,0.5,0.20703125
"TGI_percent_Day_24_control_median",340,8,0.679082326321471,0.0640159341259558,0.215189873417721,0.608801860963225
"TGI_percent_Day_24_control_median",341,8,0.909678604429662,0.00171956333119309,0.753086419753086,0.0310085131644479
"TGI_percent_Day_24_control_median",342,8,0.712449112008723,0.0473587885432978,0.341463414634146,0.407782409074504
"TGI_percent_Day_24_control_median",343,8,0.830194968629397,0.0107343820169506,0.634146341463415,0.0912890821441658
"TGI_percent_Day_24_control_median",344,8,0.724461997743007,0.0420859602381324,0.432098765432099,0.285012238128342
"TGI_percent_Day_24_control_median",345,8,0.522183021027615,0.184330273750247,0.232876712328767,0.578885910188631
"TGI_percent_Day_24_control_median",346,8,0.596770523601069,0.118335259625975,0.253012048192771,0.54545933813052
"TGI_percent_Day_24_control_median",347,8,0.597544328293466,0.117734640976474,0.180722891566265,0.668450469704889
"TGI_percent_Day_24_control_median",348,8,0.659901129174196,0.0749665952565994,0.407407407407407,0.316429397723464
"TGI_percent_Day_24_control_median",349,8,0.630617461561527,0.0936718183334688,0.358024691358025,0.383863009028071
"TGI_percent_Day_24_control_median",350,8,0.872873432589176,0.00465901600484405,0.634146341463415,0.0912890821441658
"TGI_percent_Day_24_control_median",351,8,0.994457614752138,4.238606650953e-07,1,0
"TGI_percent_Day_24_control_median",352,8,0.702884357590071,0.0518282084246187,0.731707317073171,0.0390863390212493
"TGI_percent_Day_24_control_median",353,8,0.655777225756114,0.0774546289548655,0.24390243902439,0.560495956966516
"TGI_percent_Day_24_control_median",354,8,0.944588060686371,0.00040787220414965,0.746835443037975,0.033252559177418
"TGI_percent_Day_24_control_median",355,8,0.854024034669876,0.00694996822462036,0.555555555555556,0.152822232383275
"TGI_percent_Day_24_control_median",356,8,0.686128029072449,0.0602480744624466,0.5,0.20703125
"TGI_percent_Day_24_control_median",357,8,0.560420252895579,0.148496562918631,0.170731707317073,0.68604453895394
"TGI_percent_Day_24_control_median",358,8,0.909968376051687,0.00170344831547212,0.670886075949367,0.0685705618098423
"TGI_percent_Day_24_control_median",359,8,0.843829784382356,0.00844167099945029,0.316455696202532,0.445069441835733
"TGI_percent_Day_24_control_median",360,8,0.483896541235788,0.224378669732353,-0.0410958904109589,0.923031918656945
"TGI_percent_Day_24_control_median",361,8,0.65307753108792,0.0791092191739993,0.439024390243902,0.276486445900293
"TGI_percent_Day_24_control_median",362,8,0.604881155935579,0.112125568956033,0.316455696202532,0.445069441835733
"TGI_percent_Day_24_control_median",363,8,-0.0751197661080857,0.859679415629485,-0.443037974683544,0.271603804295431
"TGI_percent_Day_24_control_median",364,8,0.64359440794671,0.085083767647022,0.308641975308642,0.456997506224647
"TGI_percent_Day_24_control_median",365,8,0.699885424245861,0.0532796447385592,0.240506329113924,0.566138469404116
"TGI_percent_Day_24_control_median",366,8,0.747092959560757,0.0331582099527933,0.62962962962963,0.0943451651056068
"TGI_percent_Day_24_control_median",367,8,0.730700199944369,0.0394952457107338,0.540540540540541,0.166603118711555
"TGI_percent_Day_24_control_median",368,8,0.90485627120563,0.00200245832179431,0.829268292682927,0.0109030266752834
"TGI_percent_Day_24_control_median",369,8,0.900897209749191,0.00225603501984812,0.702702702702703,0.0519154430428595
"TGI_percent_Day_24_control_median",370,8,0.1128301394248,0.790232131128268,-0.6,0.11584
"TGI_percent_Day_24_control_median",371,8,0.771491126034927,0.0249510953123692,0.316455696202532,0.445069441835733
"TGI_percent_Day_24_control_median",372,8,0.74050872230503,0.0356223550724725,0.585365853658537,0.127387674311883
"TGI_percent_Day_24_control_median",373,8,0.366143498714081,0.372370247931853,0.102564102564103,0.809036692029818
"TGI_percent_Day_24_control_median",374,8,0.52953516272563,0.177114920789738,0.463414634146342,0.247482670349255
"TGI_percent_Day_24_control_median",375,8,0.879707450654717,0.00396851259077142,0.853658536585366,0.00700028132287885
"TGI_percent_Day_24_control_median",376,8,0.424690913086358,0.294271571885343,-0.146341463414634,0.729502115730516
"TGI_percent_Day_24_control_median",377,8,0.712858947121722,0.0471726827183119,0.575,0.135941126708984
"TGI_percent_Day_24_control_median",378,8,0.888480246686957,0.003183793157054,0.594936708860759,0.119765536998206
"TGI_percent_Day_24_control_median",379,8,0.56855779090569,0.141413239018679,0.341463414634146,0.407782409074504
"TGI_percent_Day_24_control_median",380,8,0.154269263748721,0.715301682969697,0.0123456790123457,0.976854203839832
"TGI_percent_Day_24_control_median",381,8,0.787207648529395,0.020407644567364,0.575,0.135941126708984
"TGI_percent_Day_24_control_median",382,8,0.793725182133174,0.0186875857459123,0.62962962962963,0.0943451651056068
"TGI_percent_Day_24_control_median",383,8,0.815960093100929,0.013512026956697,0.923076923076923,0.00107327636125646
"TGI_percent_Day_24_control_median",384,8,-0.148583608461106,0.72547894376625,-0.904761904761905,0.00200827550542945
"TGI_percent_Day_24_control_median",385,8,0.506978979610554,0.19973920446898,0.291139240506329,0.484176479990479
"TGI_percent_Day_24_control_median",386,8,0.333597432523512,0.419361905873779,0.0886075949367088,0.834728317893272
"TGI_percent_Day_24_control_median",387,8,0.864226761551532,0.00563736438801502,0.848101265822785,0.00779410868380385
"TGI_percent_Day_24_control_median",388,8,0.776587291971393,0.0234156061265131,0.8,0.01712
"TGI_percent_Day_24_control_median",389,8,0.769138060125773,0.0256805611537378,0.536585365853659,0.170340970786708
"TGI_percent_Day_24_control_median",390,8,0.666281893420813,0.0712105296727835,0.585365853658537,0.127387674311883
"TGI_percent_Day_24_control_median",391,8,0.650049849040384,0.0809891832481479,0.414634146341463,0.307070866237017
"TGI_percent_Day_24_control_median",392,8,0.433562990363895,0.283199128815543,0.726027397260274,0.0414264515948147
"TGI_percent_Day_24_control_median",393,8,0.282268550168337,0.498186879934759,0.111111111111111,0.793374993649342
"TGI_percent_Day_24_control_median",394,8,0.701261111812073,0.0526108495035138,0.4,0.32616
"TGI_percent_Day_24_control_median",395,8,0.700989899745887,0.0527422995396822,0.341463414634146,0.407782409074504
"TGI_percent_Day_24_control_median",396,8,0.879017019628662,0.00403505676080352,0.670886075949367,0.0685705618098423
"TGI_percent_Day_24_control_median",397,8,0.587034421389746,0.126039823646687,0.292682926829268,0.481754330094079
"TGI_percent_Day_24_control_median",398,8,0.719777231895888,0.044097531799269,0.0410958904109589,0.923031918656945
"TGI_percent_Day_24_control_median",399,8,0.583229169975192,0.129125396123315,0.341463414634146,0.407782409074504
"TGI_percent_Day_24_control_median",400,8,0.866689169740262,0.00534652252173743,0.560975609756098,0.148007079914522
"TGI_percent_Day_24_control_median",401,8,0.492266781573406,0.215271328446665,0.170731707317073,0.68604453895394
"TGI_percent_Day_24_control_median",402,8,0.839165803782141,0.00918673197031361,0.974683544303797,3.97984255471566e-05
"TGI_percent_Day_24_control_median",403,8,0.520662781051601,0.185841456843566,0.253012048192771,0.54545933813052
"TGI_percent_Day_24_control_median",404,8,0.87829420515041,0.00410548759137145,0.780487804878049,0.0222809739808402
"TGI_percent_Day_24_control_median",405,8,0.399591667289348,0.326700434218777,0.240506329113924,0.566138469404116
"TGI_percent_Day_24_control_median",406,8,0.257582086069534,0.537971113967091,-0.121951219512195,0.773598436910597
"TGI_percent_Day_24_control_median",407,8,0.814959141448153,0.0137226815997336,0.62962962962963,0.0943451651056068
"TGI_percent_Day_24_control_median",408,8,0.626772747257616,0.0963081911295904,0.24390243902439,0.560495956966516
"TGI_percent_Day_24_control_median",409,8,0.639350551745499,0.0878397410419682,0.463414634146342,0.247482670349255
"TGI_percent_Day_24_control_median",410,8,0.682156055836688,0.0623554905796745,0.439024390243902,0.276486445900293
"TGI_percent_Day_24_control_median",411,8,0.613789322360012,0.105523306760282,0.325,0.432175440673828
"TGI_percent_Day_24_control_median",412,8,-0.0387424723312635,0.927430521201812,-0.6,0.11584
"TGI_percent_Day_24_control_median",413,8,0.707447272287869,0.0496658112606152,0.333333333333333,0.419753086419753
"TGI_percent_Day_24_control_median",414,8,0.682607746830503,0.0621136649192367,0.6,0.11584
"TGI_percent_Day_24_control_median",415,8,0.681370709220897,0.062777277195002,0.35,0.3953741796875
"TGI_percent_Day_24_control_median",416,8,0.650576845176275,0.0806601046371098,0.291139240506329,0.484176479990479
"TGI_percent_Day_24_control_median",417,8,0.789589248451145,0.0197681471090253,0.51219512195122,0.194378892157874
"TGI_percent_Day_24_control_median",418,8,0.901422581797787,0.00222125156416939,0.555555555555556,0.152822232383275
"TGI_percent_Day_24_control_median",419,8,0.780569041685232,0.0222577140451322,0.731707317073171,0.0390863390212493
"TGI_percent_Day_24_control_median",420,8,0.553358716612626,0.154798000260462,0.0617283950617284,0.88455293510991
"TGI_percent_Day_24_control_median",421,8,0.382185511209029,0.350124687583045,-0.164556962025316,0.696980493011756
"TGI_percent_Day_24_control_median",422,8,0.586836681101588,0.126199136439219,0.0379746835443038,0.928865891742792
"TGI_percent_Day_24_control_median",423,8,0.830194968629397,0.0107343820169506,0.634146341463415,0.0912890821441658
"TGI_percent_Day_24_control_median",424,8,0.874334864919091,0.00450534042713653,0.734939759036145,0.0377913597475923
"TGI_percent_Day_24_control_median",425,8,0.641144145748291,0.0866687535283725,0.333333333333333,0.419753086419753
"TGI_percent_Day_24_control_median",426,8,0.392478353131432,0.336182144531816,0.24390243902439,0.560495956966516
"TGI_percent_Day_24_control_median",427,8,0.863339688503249,0.00574456906573148,0.620253164556962,0.100875222859378
"TGI_percent_Day_24_control_median",428,8,0.742465256883386,0.0348788311157588,0.518987341772152,0.187514534406167
"TGI_percent_Day_24_control_median",429,8,0.888564580760182,0.00317678467823265,0.923076923076923,0.00107327636125646
"TGI_percent_Day_24_control_median",430,8,0.514019883064273,0.192521887767798,0.407407407407407,0.316429397723464
"TGI_percent_Day_24_control_median",431,8,0.616878406305035,0.103287039372565,0.447368421052632,0.266383944879122
"TGI_percent_Day_24_control_median",432,8,0.563746408945348,0.145578227856622,0.282051282051282,0.498531973667064
"TGI_percent_Day_24_control_median",433,8,0.33559969183835,0.416401235038255,-0.024390243902439,0.9542864261534
"TGI_percent_Day_24_control_median",434,8,0.0843045549525391,0.842676330308602,-0.578947368421053,0.132647361838117
"TGI_percent_Day_24_control_median",435,8,0.636833925546698,0.0894981543476515,0.0126582278481013,0.976268357959337
"TGI_percent_Day_24_control_median",436,8,0.895959339756311,0.0026003393122453,0.848101265822785,0.00779410868380385
"TGI_percent_Day_24_control_median",437,8,0.560420252895579,0.148496562918631,0.170731707317073,0.68604453895394
"TGI_percent_Day_24_control_median",438,8,0.70666468912906,0.0500327526128987,0.575,0.135941126708984
"TGI_percent_Day_24_control_median",439,8,0.567087764868985,0.142678686059761,0.384615384615385,0.346809662449871
"TGI_percent_Day_24_control_median",440,8,0.621363543246818,0.10008880515516,0.341463414634146,0.407782409074504
"TGI_percent_Day_24_control_median",441,8,0.77148355588939,0.0249534212717985,0.62962962962963,0.0943451651056068
"TGI_percent_Day_24_control_median",442,8,0.636024604240037,0.0900353031189059,0.463414634146342,0.247482670349255
"TGI_percent_Day_24_control_median",443,8,0.824260475024696,0.0118434172405648,0.777777777777778,0.023065589595082
"TGI_percent_Day_24_control_median",444,8,0.552349561611666,0.155710260809352,0.240506329113924,0.566138469404116
"TGI_percent_Day_24_control_median",445,8,0.971166533719606,5.86396310692135e-05,0.917808219178082,0.00130395207243573
"TGI_percent_Day_24_control_median",446,8,0.876938780789942,0.00423968354807344,0.609756097560976,0.108484275261192
"TGI_percent_Day_24_control_median",447,8,0.868195613042449,0.00517343682483511,0.725,0.041858585205078
"TGI_percent_Day_24_control_median",448,8,0.502537166895677,0.204364389189468,-0.024390243902439,0.9542864261534
"TGI_percent_Day_24_control_median",449,8,0.875886735180586,0.00434576557729486,0.853658536585366,0.00700028132287885
"TGI_percent_Day_24_control_median",450,8,0.704828787661803,0.0508999596422619,0.240506329113924,0.566138469404116
"TGI_percent_Day_24_control_median",451,8,0.871399324256756,0.00481739703324733,0.407407407407407,0.316429397723464
"TGI_percent_Day_24_control_median",452,8,0.554460558679509,0.153805300748666,0.215189873417721,0.608801860963225
"TGI_percent_Day_24_control_median",453,8,0.645666513865278,0.083756646696442,0.268292682926829,0.520569891636616
"TGI_percent_Day_24_control_median",454,8,0.936706370749773,0.000604188505914188,0.842105263157895,0.0087124949365918
"TGI_percent_Day_24_control_median",455,8,0.888951245923123,0.00314477896567151,0.65,0.0810203515624999
"TGI_percent_Day_24_control_median",456,8,0.848618591875365,0.00771790658089367,0.407407407407407,0.316429397723464
"TGI_percent_Day_24_control_median",457,8,0.557902668635228,0.150726674117792,0.390243902439024,0.339186635335989
"TGI_percent_Day_24_control_median",458,8,0.779360318274312,0.0226053593292146,0.4,0.32616
"TGI_percent_Day_24_control_median",459,8,0.917072437790514,0.00133852467566015,0.69620253164557,0.0550950655487157
"TGI_percent_Day_24_control_median",460,8,0.91628874525329,0.00137599966179247,0.772151898734177,0.0247485870017686
"TGI_percent_Day_24_control_median",461,8,0.601643457756641,0.11458171336369,0.0731707317073171,0.863293782609012
"TGI_percent_Day_24_control_median",462,8,0.274088232751887,0.511242868437026,0.024390243902439,0.9542864261534
"TGI_percent_Day_24_control_median",463,8,0.683250384980556,0.0617705715662175,0.390243902439024,0.339186635335989
"TGI_percent_Day_24_control_median",464,8,0.547624373017756,0.160020748284539,0.113924050632911,0.788233439851227
"TGI_percent_Day_24_control_median",465,8,0.899902495789835,0.00232285591429163,0.69620253164557,0.0550950655487157
"TGI_percent_Day_24_control_median",466,8,0.665459773842534,0.0716881114401822,0.51219512195122,0.194378892157874
"TGI_percent_Day_24_control_median",467,8,0.363535201533245,0.376045508963184,0.0731707317073171,0.863293782609012
"TGI_percent_Day_24_control_median",468,8,0.860150446189161,0.00614075962904134,0.794871794871795,0.0183947102705782
"TGI_percent_Day_24_control_median",469,8,0.874334864919091,0.00450534042713652,0.734939759036145,0.0377913597475923
"TGI_percent_Day_24_control_median",470,8,0.962873833251239,0.000124396561723434,0.842105263157895,0.0087124949365918
"TGI_percent_Day_24_control_median",471,8,0.668735648232292,0.069796268708315,0.195121951219512,0.643326273058099
"TGI_percent_Day_24_control_median",472,8,0.549817225586051,0.158012360672767,0.341463414634146,0.407782409074504
"TGI_percent_Day_24_control_median",473,8,0.795722227995448,0.0181793513977659,0.585365853658537,0.127387674311883
"TGI_percent_Day_24_control_median",474,8,0.734281144428565,0.0380530600778671,0.560975609756098,0.148007079914522
"TGI_percent_Day_24_control_median",475,8,0.776335727695926,0.0234899878939347,0.113924050632911,0.788233439851227
"TGI_percent_Day_24_control_median",476,8,0.677747240699809,0.0647452258799858,0.204819277108434,0.626569134387071
"TGI_percent_Day_24_control_median",477,8,0.924532562497551,0.00101462959397737,0.654320987654321,0.07834458818895
"TGI_percent_Day_24_control_median",478,8,0.788837420182676,0.0199686546418901,0.925925925925926,0.000960491276443564
"TGI_percent_Day_24_control_median",479,8,0.818187333497191,0.0130506361311731,0.609756097560976,0.108484275261192
"TGI_percent_Day_24_control_median",480,8,0.690801888297968,0.0578232672183295,0.463414634146342,0.247482670349255
"TGI_percent_Day_24_control_median",481,8,0.726302260991265,0.0413113021879129,0.341463414634146,0.407782409074504
"TGI_percent_Day_24_control_median",482,8,0.773799503034995,0.0242480854776895,0.4,0.32616
"TGI_percent_Day_24_control_median",483,8,0.520087532502787,0.186414994140154,-0.0379746835443038,0.928865891742792
"TGI_percent_Day_24_control_median",484,8,0.559552548717172,0.149263124019258,0.291139240506329,0.484176479990479
"TGI_percent_Day_24_control_median",485,8,0.635273967210827,0.0905351660231126,0.69620253164557,0.0550950655487157
"TGI_percent_Day_24_control_median",486,8,0.501048168750476,0.205927304867151,0.4,0.32616
"TGI_percent_Day_24_control_median",487,8,0.655819923845191,0.0774286243626162,0.373493975903614,0.362100237410523
"TGI_percent_Day_24_control_median",488,8,0.500339086279038,0.206673781642176,0.24390243902439,0.560495956966516
"TGI_percent_Day_24_control_median",489,8,0.894966715363276,0.00267341269965153,0.802469135802469,0.016526566994929
"TGI_percent_Day_24_control_median",490,8,0.582066514045225,0.130076496588124,0.291139240506329,0.484176479990479
"TGI_percent_Day_24_control_median",491,8,0.906739614750228,0.00188863875169042,0.654320987654321,0.07834458818895
"TGI_percent_Day_24_control_median",492,8,0.93990276086119,0.000518465773816921,0.53125,0.175454188138247
"TGI_percent_Day_24_control_median",493,8,0.786009469495051,0.0207341845858254,0.569620253164557,0.140502518621531
"TGI_percent_Day_24_control_median",494,8,0.161128818161842,0.703071870423808,-0.164556962025316,0.696980493011756
"TGI_percent_Day_24_control_median",495,8,0.865487136638586,0.00548726399868191,0.609756097560976,0.108484275261192
"TGI_percent_Day_24_control_median",496,8,0.333597432523512,0.419361905873779,0.0886075949367088,0.834728317893272
"TGI_percent_Day_24_control_median",497,8,0.380473236467184,0.352469391701088,-0.185185185185185,0.660634430204336
"TGI_percent_Day_24_control_median",498,8,-0.0726027117003097,0.864347534155065,-0.518987341772152,0.187514534406167
"TGI_percent_Day_24_control_median",499,8,0.600095992741154,0.115766290843738,0.493670886075949,0.213762737730047
"TGI_percent_Day_24_control_median",500,8,0.603786476232452,0.112952626452359,0.62962962962963,0.0943451651056068
"TGI_percent_Day_24_control_median",501,8,0.844687718571172,0.00830895997798274,0.555555555555556,0.152822232383275
"TGI_percent_Day_24_control_median",502,8,0.542698606605898,0.16458255528835,0.232876712328767,0.578885910188631
"TGI_percent_Day_24_control_median",503,8,0.513656082619231,0.192891363008151,0.392405063291139,0.336280494675457
"TGI_percent_Day_24_control_median",504,8,0.789589248451145,0.0197681471090253,0.51219512195122,0.194378892157874
"TGI_percent_Day_24_control_median",505,8,0.674534019584795,0.0665205459661002,0.585365853658537,0.127387674311883
"TGI_percent_Day_24_control_median",506,8,0.387008424577995,0.343559071881591,0.125,0.768054962158203
"TGI_percent_Day_24_control_median",507,8,0.565145314943677,0.144360374052439,0.135802469135802,0.74848368865351
"TGI_percent_Day_24_control_median",508,8,0.770410706096348,0.0252844176597287,-0.09375,0.825246002525091
"TGI_percent_Day_24_control_median",509,8,0.64359440794671,0.0850837676470221,0.308641975308642,0.456997506224647
"TGI_percent_Day_24_control_median",510,8,0.870050882362995,0.0049652686168412,0.731707317073171,0.0390863390212493
"TGI_percent_Day_24_control_median",511,8,0.680397386355515,0.063302363669403,0.349397590361446,0.396244333445432
"TGI_percent_Day_24_control_median",512,8,0.828529731816326,0.0110386306678051,0.384615384615385,0.346809662449871
"TGI_percent_Day_24_control_median",513,8,0.888344288519971,0.00319511281085431,0.775,0.0238873864746093
"TGI_percent_Day_24_control_median",514,8,0.697495307805837,0.0544536648796437,0.378378378378378,0.355347716167971
"TGI_percent_Day_24_control_median",515,8,0.71909192893583,0.044396567856714,0.414634146341463,0.307070866237017
"TGI_percent_Day_24_control_median",516,8,0.44093929586151,0.274151554303438,0.307692307692308,0.458455990282607
"TGI_percent_Day_24_control_median",517,8,0.571414134877281,0.138972234693118,-0.024390243902439,0.9542864261534
"TGI_percent_Day_24_control_median",518,8,0.788122106269023,0.0201605966691194,0.569620253164557,0.140502518621531
"TGI_percent_Day_24_control_median",519,8,0.89747632155034,0.00249118423853266,0.731707317073171,0.0390863390212493
"TGI_percent_Day_24_control_median",520,8,0.772985674031076,0.0244945149626723,0.743589743589744,0.0344558337392387
"TGI_percent_Day_24_control_median",521,8,0.672008379730598,0.067935951073641,0.634146341463415,0.0912890821441658
"TGI_percent_Day_24_control_median",522,8,0.632808034606232,0.0921885491065558,0.468354430379747,0.241804882823014
"TGI_percent_Day_24_control_median",523,8,0.843933097490782,0.0084256189028087,0.614457831325301,0.105037035536878
"TGI_percent_Day_24_control_median",524,8,0.551527334275777,0.156455709090266,-0.121951219512195,0.773598436910597
"TGI_percent_Day_24_control_median",525,8,0.762405187831709,0.0278401162741666,0.5,0.20703125
"TGI_percent_Day_24_control_median",526,8,0.684364229585489,0.0611785814671873,0.234567901234568,0.576051906571553
"TGI_percent_Day_24_control_median",527,8,0.308572325636395,0.457104408929611,0.113924050632911,0.788233439851227
"TGI_percent_Day_24_control_median",528,8,0.498602400428907,0.20850802674738,0.125,0.768054962158203
"TGI_percent_Day_24_control_median",529,8,0.665459773842534,0.0716881114401822,0.51219512195122,0.194378892157874
"TGI_percent_Day_24_control_median",530,8,0.912444133491046,0.00156975422938815,0.544303797468354,0.163088312636417
"TGI_percent_Day_24_control_median",531,8,0.18299560837402,0.66446633694159,-0.150684931506849,0.72171342613154
"TGI_percent_Day_24_control_median",532,8,0.871399324256756,0.00481739703324733,0.407407407407407,0.316429397723464
"TGI_percent_Day_24_control_median",533,8,0.782894638328656,0.0215982315419617,0.924050632911392,0.00103380815542862
"TGI_percent_Day_24_control_median",534,8,0.584411851244736,0.128161917090872,0.170731707317073,0.68604453895394
"TGI_percent_Day_24_control_median",535,8,0.595847101362234,0.119054268038585,0.24390243902439,0.560495956966516
"TGI_percent_Day_24_control_median",536,8,0.90708276804809,0.00186836445838044,0.679012345679012,0.0640540395718031
"TGI_percent_Day_24_control_median",537,8,0.588539529523896,0.124830905549451,0.054054054054054,0.898845897271193
"TGI_percent_Day_24_control_median",538,8,0.587535750452013,0.125636425078385,0.24390243902439,0.560495956966516
"TGI_percent_Day_24_control_median",539,8,0.576661637488235,0.13454914043488,0.24390243902439,0.560495956966516
"TGI_percent_Day_24_control_median",540,8,0.695816318980504,0.055287553948306,0.417721518987342,0.303113679132795
"TGI_percent_Day_24_control_median",541,8,0.527481305856872,0.179115036595641,-0.024390243902439,0.9542864261534
"TGI_percent_Day_24_control_median",542,8,0.80098872210787,0.0168807951919443,0.634146341463415,0.0912890821441658
"TGI_percent_Day_24_control_median",543,8,0.338855951311643,0.411605458057129,0.0886075949367088,0.834728317893272
"TGI_percent_Day_24_control_median",544,8,0.684564116663517,0.061072703179903,0.463414634146342,0.247482670349255
"TGI_percent_Day_24_control_median",545,8,0.225062844743489,0.592040835309785,-0.0769230769230769,0.856337178454751
"TGI_percent_Day_24_control_median",546,8,0.885739792129318,0.0034170022150973,0.615384615384616,0.104365016307875
"TGI_percent_Day_24_control_median",547,8,0.870549871047744,0.0049102141563237,0.679012345679012,0.0640540395718031
"TGI_percent_Day_24_control_median",548,8,0.937457568046356,0.000583266369931758,0.615384615384616,0.104365016307875
"TGI_percent_Day_24_control_median",549,8,0.603824850945994,0.112923575094888,0.463414634146342,0.247482670349255
"TGI_percent_Day_24_control_median",550,8,0.793794164481832,0.01866988404742,0.972602739726027,5.03610200209817e-05
"TGI_percent_Day_24_control_median",551,8,0.95005594965686,0.0002999022655157,0.802469135802469,0.016526566994929
"TGI_percent_Day_24_control_median",552,8,0.622373616480474,0.0993764919123212,0.253012048192771,0.54545933813052
"TGI_percent_Day_24_control_median",553,8,0.57399651616743,0.136785624861793,0.493670886075949,0.213762737730047
"TGI_percent_Day_24_control_median",554,8,0.949484941085637,0.00031017139709436,0.848101265822785,0.00779410868380385
"TGI_percent_Day_24_control_median",555,8,0.64029103332671,0.0872245901437851,0.5,0.20703125
"TGI_percent_Day_24_control_median",556,8,0.779862234300326,0.0224605950307454,0.917808219178082,0.00130395207243573
"TGI_percent_Day_24_control_median",557,8,0.699089237735548,0.0536690282917075,0.555555555555556,0.152822232383275
"TGI_percent_Day_24_control_median",558,8,0.783865779560458,0.0213264823878908,0.102564102564103,0.809036692029818
"TGI_percent_Day_24_control_median",559,8,0.720203228126825,0.0439122616762733,0.0410958904109589,0.923031918656945
"TGI_percent_Day_24_control_median",560,8,0.407232925299468,0.316657000886085,0.024390243902439,0.9542864261534
"TGI_percent_Day_24_control_median",561,8,0.29748497822782,0.47425025389026,0.0769230769230769,0.856337178454751
"TGI_percent_Day_24_control_median",562,8,0.662497729528147,0.0734244024366546,0.469879518072289,0.240065454942807
"TGI_percent_Day_24_control_median",563,8,0.831967090719761,0.0104164974556019,0.726027397260274,0.0414264515948147
"TGI_percent_Day_24_control_median",564,8,-0.133754575871113,0.752185251179924,-0.621621621621622,0.0999065282646043
"TGI_percent_Day_24_control_median",565,8,0.501786258226303,0.205151794496294,0.384615384615385,0.346809662449871
"TGI_percent_Day_24_control_median",566,8,0.549909463187493,0.157928185339081,0.390243902439024,0.339186635335989
"TGI_percent_Day_24_control_median",567,8,0.508390972978559,0.198280587498279,0.24390243902439,0.560495956966516
"TGI_percent_Day_24_control_median",568,8,0.630055837098954,0.0940543035680736,0.170731707317073,0.68604453895394
"TGI_percent_Day_24_control_median",569,8,0.656864627241179,0.0767939561556738,0.341463414634146,0.407782409074504
"TGI_percent_Day_24_control_median",570,8,0.7262977778434,0.0413131787650428,0.316455696202532,0.445069441835733
"TGI_percent_Day_24_control_median",571,8,0.899300445077636,0.00236391554840579,0.89873417721519,0.00240296148046003
"TGI_percent_Day_24_control_median",572,8,0.807649260409101,0.0153239019526379,0.62962962962963,0.0943451651056068
"TGI_percent_Day_24_control_median",573,8,0.77145983290942,0.024960711127777,0.315068493150685,0.447177633966065
"TGI_percent_Day_24_control_median",574,8,0.737989175963793,0.0365939845572492,0.493670886075949,0.213762737730047
"TGI_percent_Day_24_control_median",575,8,0.777298554319896,0.0232060934766253,0.804878048780488,0.0159601987985088
"TGI_percent_Day_24_control_median",576,8,0.911259706394324,0.00163282805417664,0.731707317073171,0.0390863390212493
"TGI_percent_Day_24_control_median",577,8,0.755938736233186,0.0300163737739148,0.518072289156627,0.188431668335035
"TGI_percent_Day_24_control_median",578,8,0.785418315252775,0.0208964829030526,0.62962962962963,0.0943451651056068
"TGI_percent_Day_24_control_median",579,8,0.656654842240438,0.0769211573616042,0.463414634146342,0.247482670349255
"TGI_percent_Day_24_control_median",580,8,0.615211354970271,0.10449046173829,0.390243902439024,0.339186635335989
"TGI_percent_Day_24_control_median",581,8,0.963451053499866,0.000118736187315265,0.975308641975309,3.69400528358044e-05
"TGI_percent_Day_24_control_median",582,8,0.66318151237441,0.0730214133336174,0.268292682926829,0.520569891636616
"TGI_percent_Day_24_control_median",583,8,0.643324798050131,0.0852573368462488,0.721518987341772,0.043343002111805
"TGI_percent_Day_24_control_median",584,8,0.726302260991264,0.0413113021879129,0.341463414634146,0.407782409074504
"TGI_percent_Day_24_control_median",585,8,0.587034421389746,0.126039823646687,0.292682926829268,0.481754330094079
"TGI_percent_Day_24_control_median",586,8,0.85207024664398,0.0072216197455809,0.555555555555556,0.152822232383275
"TGI_percent_Day_24_control_median",587,8,0.835324929204719,0.00983067228242344,0.62962962962963,0.0943451651056068
"TGI_percent_Day_24_control_median",588,8,0.71690081038572,0.0453608893326118,0.585365853658537,0.127387674311883
"TGI_percent_Day_24_control_median",589,8,0.64851923611618,0.081949396675017,0.333333333333333,0.419753086419753
"TGI_percent_Day_24_control_median",590,8,0.672514611134227,0.0676508402580974,-0.037037037037037,0.930619036000442
"TGI_percent_Day_24_control_median",591,8,0.874184680231996,0.00452098036470494,0.62962962962963,0.0943451651056068
"TGI_percent_Day_24_control_median",592,8,0.729672116697236,0.0399153371994178,0.349397590361446,0.396244333445432
"TGI_percent_Day_24_control_median",593,8,0.586654710311087,0.126345843961748,0.05,0.9064061328125
"TGI_percent_Day_24_control_median",594,8,0.992023014298128,1.26140499244567e-06,1,0
"TGI_percent_Day_24_control_median",595,8,0.668741108060601,0.0697931404758856,0.121951219512195,0.773598436910598
"TGI_percent_Day_24_control_median",596,8,0.0151550811960963,0.97158857341477,-0.307692307692308,0.458455990282607
"TGI_percent_Day_24_control_median",597,8,0.471111602819976,0.23866487326923,0.24390243902439,0.560495956966516
"TGI_percent_Day_24_control_median",598,8,0.955915625857272,0.000207168161937311,0.925925925925926,0.000960491276443564
"TGI_percent_Day_24_control_median",599,8,0.483734175543674,0.224557263138511,0.24390243902439,0.560495956966516
"TGI_percent_Day_24_control_median",600,8,0.393075893433502,0.335380783990006,-0.210526315789474,0.61677158304252
"TGI_percent_Day_24_control_median",601,8,0.704726154353224,0.0509487039593627,0.292682926829268,0.481754330094079
"TGI_percent_Day_24_control_median",602,8,0.701006342386654,0.0527343245828054,0.341463414634146,0.407782409074504
"TGI_percent_Day_24_control_median",603,8,0.815239617681794,0.0136634470703015,0.392405063291139,0.336280494675457
"TGI_percent_Day_24_control_median",604,8,0.907844785329513,0.00182384967992385,0.973684210526316,4.46660881693344e-05
"TGI_percent_Day_24_control_median",605,8,0.533826062882637,0.172975210088469,-0.28125,0.499805469065905
"TGI_percent_Day_24_control_median",606,8,0.268559590487083,0.520138959512609,-0.259259259259259,0.535232404809648
"TGI_percent_Day_24_control_median",607,8,0.347071342466417,0.399612321745724,-0.164556962025316,0.696980493011756
"TGI_percent_Day_24_control_median",608,8,0.539129119792067,0.167931838791895,0.0886075949367088,0.834728317893272
"TGI_percent_Day_24_control_median",609,8,0.745702293254734,0.0336696769036972,0.341463414634146,0.407782409074504
"TGI_percent_Day_24_control_median",610,8,0.855490271624333,0.00675045503872245,0.560975609756098,0.148007079914522
"TGI_percent_Day_24_control_median",611,8,0.424690913086358,0.294271571885343,-0.146341463414634,0.729502115730516
"TGI_percent_Day_24_control_median",612,8,0.907873350037547,0.00182219456235045,0.780487804878049,0.0222809739808402
"TGI_percent_Day_24_control_median",613,8,0.243730463064622,0.56078121379866,0.523809523809524,0.182720750539715
"TGI_percent_Day_24_control_median",614,8,0.724461997743007,0.0420859602381323,0.432098765432099,0.285012238128342
"TGI_percent_Day_24_control_median",615,8,0.770735024408898,0.0251840739966757,-0.105263157894737,0.804084671089484
"TGI_percent_Day_24_control_median",616,8,0.471377184238574,0.238363518153764,0.316455696202532,0.445069441835733
"TGI_percent_Day_24_control_median",617,8,0.571414134877281,0.138972234693119,-0.024390243902439,0.9542864261534
"TGI_percent_Day_24_control_median",618,8,0.429835951971181,0.287825327900372,0.28125,0.499805469065905
"TGI_percent_Day_24_control_median",619,8,0.675098078184027,0.0662068434803885,0.35,0.3953741796875
"TGI_percent_Day_24_control_median",620,8,0.879707450654717,0.00396851259077142,0.853658536585366,0.00700028132287885
"TGI_percent_Day_24_control_median",621,8,0.573482011971701,0.137219741482721,0.292682926829268,0.481754330094079
"TGI_percent_Day_24_control_median",622,8,0.895808917903569,0.00261132860444965,0.728395061728395,0.0404409294591197
"TGI_percent_Day_24_control_median",623,8,0.36910382335423,0.368218561511814,0.714285714285714,0.0465282322841673
"TGI_percent_Day_24_control_median",624,8,0.31155347731501,0.452537860396523,-0.185185185185185,0.660634430204336
"TGI_percent_Day_24_control_median",625,8,0.869841386173257,0.00498850038115525,0.746835443037975,0.033252559177418
"TGI_percent_Day_24_control_median",626,8,0.718896078246066,0.0444822531489761,-0.037037037037037,0.930619036000442
"TGI_percent_Day_24_control_median",627,8,0.85388501095545,0.00696907839504722,0.804878048780488,0.0159601987985088
"TGI_percent_Day_24_control_median",628,8,0.885234200387175,0.00346119572315783,0.589041095890411,0.124429494317035
"TGI_percent_Day_24_control_median",629,8,0.872479007583981,0.00470106062219192,0.753086419753086,0.0310085131644479
"TGI_percent_Day_24_control_median",630,8,0.714004435332168,0.0466548589091053,0.283950617283951,0.495518316964043
"TGI_percent_Day_24_control_median",631,8,0.478833867534435,0.229981762732065,0.0731707317073171,0.863293782609012
"TGI_percent_Day_24_control_median",632,8,0.797202023999996,0.0178083882294998,0.753086419753086,0.0310085131644479
"TGI_percent_Day_24_control_median",633,8,0.571666665809606,0.138757557103939,0.432432432432432,0.284598569995075
"TGI_percent_Day_24_control_median",634,8,0.61269560713148,0.106321636701956,0.51219512195122,0.194378892157874
"TGI_percent_Day_24_control_median",635,8,0.657396322514043,0.0764721196753339,0.24390243902439,0.560495956966516
"TGI_percent_Day_24_control_median",636,8,0.736883038674692,0.037025601281479,0.316455696202532,0.445069441835733
"TGI_percent_Day_24_control_median",637,8,0.793402725481134,0.0187704710358008,0.634146341463415,0.0912890821441658
"TGI_percent_Day_24_control_median",638,8,-0.651087848936625,0.080341758685869,-0.28,0.5017946112
"TGI_percent_Day_24_control_median",639,8,0.63709117477332,0.0893278068743273,0.469879518072289,0.240065454942807
"TGI_percent_Day_24_control_median",640,8,0.681092205366021,0.06292725894594,0.35,0.3953741796875
"TGI_percent_Day_24_control_median",641,8,0.830194968629397,0.0107343820169506,0.634146341463415,0.0912890821441658
"TGI_percent_Day_24_control_median",642,8,0.295485633206553,0.477368930228011,-0.230769230769231,0.58242412326653
"TGI_percent_Day_24_control_median",643,8,0.392478353131432,0.336182144531816,0.24390243902439,0.560495956966516
"TGI_percent_Day_24_control_median",644,8,0.233461559690269,0.577905318414504,-0.121951219512195,0.773598436910597
"TGI_percent_Day_24_control_median",645,8,0.837569416777248,0.00945101135033902,0.746835443037975,0.033252559177418
"TGI_percent_Day_24_control_median",646,8,0.694407923901938,0.0559929015407586,-0.037037037037037,0.930619036000442
"TGI_percent_Day_24_control_median",647,8,0.61673936468728,0.103387107165068,0.469879518072289,0.240065454942807
"TGI_percent_Day_24_control_median",648,8,0.808559960314732,0.0151183350318554,0.585365853658537,0.127387674311883
"TGI_percent_Day_24_control_median",649,8,0.82471903709252,0.0117552540392206,0.538461538461539,0.16856229446825
"TGI_percent_Day_24_control_median",650,8,0.695846709149833,0.0552723929350576,-0.09375,0.825246002525091
"TGI_percent_Day_24_control_median",651,8,0.682882074346768,0.0619670681436233,-0.037037037037037,0.930619036000442
"TGI_percent_Day_24_control_median",652,8,0.678490009152038,0.0643388838138337,0.439024390243902,0.276486445900293
"TGI_percent_Day_24_control_median",653,8,0.431777603062741,0.285410680628001,-0.037037037037037,0.930619036000442
"TGI_percent_Day_24_control_median",654,8,0.308572325636395,0.457104408929611,0.113924050632911,0.788233439851227
"TGI_percent_Day_24_control_median",655,8,0.749517843464054,0.0322778179139909,0.925925925925926,0.000960491276443564
"TGI_percent_Day_24_control_median",656,8,0.880369669701219,0.00390535571785624,0.851851851851852,0.00725239908517074
"TGI_percent_Day_24_control_median",657,8,0.956670719896334,0.000196817250447154,0.925925925925926,0.000960491276443564
"TGI_percent_Day_24_control_median",658,8,0.0951992265296947,0.822576993497308,-0.6,0.11584
"TGI_percent_Day_24_control_median",659,8,0.702140222178586,0.0521861168218463,0.493670886075949,0.213762737730047
"TGI_percent_Day_24_control_median",660,8,0.673660327991962,0.0670081834434987,0.421686746987952,0.298067492674002
"TGI_percent_Day_24_control_median",661,8,0.74558430402116,0.033713292421723,0.44578313253012,0.268289002774831
"TGI_percent_Day_24_control_median",662,8,0.944969905436167,0.000399614887549679,0.753086419753086,0.0310085131644479
"TGI_percent_Day_24_control_median",663,8,0.906917163998521,0.0018781309796966,0.746835443037975,0.033252559177418
"TGI_percent_Day_24_control_median",664,8,0.665217596153265,0.0718291544526545,0.204819277108434,0.626569134387071
"TGI_percent_Day_24_control_median",665,8,0.65307753108792,0.0791092191739994,0.439024390243902,0.276486445900293
"TGI_percent_Day_24_control_median",666,8,0.351627001652525,0.393028229140071,0.0123456790123457,0.976854203839832
"TGI_percent_Day_24_control_median",667,8,0.6497842823733,0.0811553105262497,0.439024390243902,0.276486445900293
"TGI_percent_Day_24_control_median",668,8,0.648420233031101,0.0820117324554139,0.333333333333333,0.419753086419753
"TGI_percent_Day_24_control_median",669,8,0.508390972978559,0.198280587498278,0.24390243902439,0.560495956966516
"TGI_percent_Day_24_control_median",670,8,0.869512054867735,0.00502516198811338,0.560975609756098,0.148007079914522
"TGI_percent_Day_24_control_median",671,8,0.653706297637726,0.0787220331039891,0.923076923076923,0.00107327636125646
"TGI_percent_Day_24_control_median",672,8,0.732144863239939,0.0389094939335177,0.620253164556962,0.100875222859378
"TGI_percent_Day_24_control_median",673,8,0.983491916102239,1.11080389679979e-05,1,0
"TGI_percent_Day_24_control_median",674,8,0.385153147901477,0.346077962476811,0.0769230769230769,0.856337178454751
"TGI_percent_Day_24_control_median",675,8,0.522908808381372,0.183611131706879,0.341772151898734,0.407330756890686
"TGI_percent_Day_24_control_median",676,8,0.578214726716596,0.133255293558092,0.333333333333333,0.419753086419753
"TGI_percent_Day_24_control_median",677,8,0.468747610690076,0.241355833278102,-0.037037037037037,0.930619036000442
"TGI_percent_Day_24_control_median",678,8,0.630055837098954,0.0940543035680736,0.170731707317073,0.68604453895394
"TGI_percent_Day_24_control_median",679,8,0.55729193949268,0.151270419792767,0.333333333333333,0.419753086419753
"TGI_percent_Day_24_control_median",680,8,0.890099553036778,0.00305095955850386,0.746835443037975,0.033252559177418
"TGI_percent_Day_24_control_median",681,8,0.888656540368042,0.00316915385723603,0.544303797468354,0.163088312636417
"TGI_percent_Day_24_control_median",682,8,0.459641971562848,0.25186382777403,0.316455696202532,0.445069441835733
"TGI_percent_Day_24_control_median",683,8,0.416157363917898,0.305115433855557,0.392405063291139,0.336280494675457
"TGI_percent_Day_24_control_median",684,8,0.812367289798656,0.0142777239139793,0.575,0.135941126708984
"TGI_percent_Day_24_control_median",685,8,0.549909463187493,0.157928185339081,0.390243902439024,0.339186635335989
"TGI_percent_Day_24_control_median",686,8,0.728228409393244,0.0405098261871997,0.560975609756098,0.148007079914522
"TGI_percent_Day_24_control_median",687,8,0.63905812736362,0.0880315211935401,0.620253164556962,0.100875222859378
"TGI_percent_Day_24_control_median",688,8,0.707684414695903,0.0495549393279261,0.24390243902439,0.560495956966516
"TGI_percent_Day_24_control_median",689,8,0.734961402670639,0.0377827783229261,0.721518987341772,0.043343002111805
"TGI_percent_Day_24_control_median",690,8,0.914033993384637,0.00148761378635821,0.753086419753086,0.0310085131644479
"TGI_percent_Day_24_control_median",691,8,0.902273715538954,0.00216564194589296,0.8,0.01712
"TGI_percent_Day_24_control_median",692,8,0.865013763428433,0.00554333447193879,0.846153846153846,0.00808525881177396
"TGI_percent_Day_24_control_median",693,8,0.840039279752066,0.00904413972536558,0.620253164556962,0.100875222859378
"TGI_percent_Day_24_control_median",694,8,0.665276450394308,0.0717948630489526,0.425,0.29388235961914
"TGI_percent_Day_24_control_median",695,8,0.683250384980556,0.0617705715662175,0.390243902439024,0.339186635335989
"TGI_percent_Day_24_control_median",696,8,0.636277611176815,0.0898671818578248,0.392405063291139,0.336280494675457
"TGI_percent_Day_24_control_median",697,8,0.700989899745887,0.0527422995396821,0.341463414634146,0.407782409074504
"TGI_percent_Day_24_control_median",698,8,0.692613952745472,0.0568990995054469,0.34375,0.404442485421896
"TGI_percent_Day_24_control_median",699,8,0.770327090911996,0.0253103281354587,0.620253164556962,0.100875222859378
"TGI_percent_Day_24_control_median",700,8,0.423187191098771,0.296168663835519,0.121951219512195,0.773598436910598
"TGI_percent_Day_24_control_median",701,8,0.92576313058101,0.00096671674801364,0.772151898734177,0.0247485870017686
"TGI_percent_Day_24_control_median",702,8,0.48908056764855,0.218715091489847,-0.024390243902439,0.9542864261534
"TGI_percent_Day_24_control_median",703,8,0.240816462777749,0.565622376755817,-0.777777777777778,0.023065589595082
"TGI_percent_Day_24_control_median",704,8,0.734362933564542,0.0380205013491807,-0.0632911392405063,0.881645645130732
"TGI_percent_Day_24_control_median",705,8,0.481283580597725,0.227261676017098,0.113924050632911,0.788233439851227
"TGI_percent_Day_24_control_median",706,8,0.92552279871288,0.000975955400280952,1,0
"TGI_percent_Day_24_control_median",707,8,0.135577018825523,0.748890985311286,-0.578947368421053,0.132647361838117
"TGI_percent_Day_24_control_median",708,8,0.730244112134652,0.0396812771234948,0.746835443037975,0.033252559177418
"TGI_percent_Day_24_control_median",709,8,0.860111902813521,0.00614565155663461,0.367088607594937,0.371042516598345
"TGI_percent_Day_24_control_median",710,8,0.552425282695796,0.15564170837379,0.234567901234568,0.576051906571553
"TGI_percent_Day_24_control_median",711,8,0.549817225586051,0.158012360672767,0.341463414634146,0.407782409074504
"TGI_percent_Day_24_control_median",712,8,0.80978716003382,0.0148440797745976,0.51219512195122,0.194378892157874
"TGI_percent_Day_24_control_median",713,8,0.571104192177243,0.13923596985357,0.132530120481928,0.75440042927224
"TGI_percent_Day_24_control_median",714,8,0.466323151097339,0.244131546883573,-0.024390243902439,0.9542864261534
"TGI_percent_Day_24_control_median",715,8,0.89057912009328,0.00301231997563392,0.604938271604938,0.112082511292616
"TGI_percent_Day_24_control_median",716,8,0.540858625626158,0.166304460688491,0.234567901234568,0.576051906571553
"TGI_percent_Day_24_control_median",717,8,0.66614411603121,0.0712904356173015,0.341463414634146,0.407782409074504
"TGI_percent_Day_24_control_median",718,8,0.455036355086874,0.257264730553083,0.316455696202532,0.445069441835733
"TGI_percent_Day_24_control_median",719,8,0.698290602715383,0.0540613164913734,0.316455696202532,0.445069441835733
"TGI_percent_Day_24_control_median",720,8,0.552622972659605,0.155462811868561,0.146341463414634,0.729502115730517
"TGI_percent_Day_24_control_median",721,8,0.753723094712778,0.030785334383497,0.707317073170732,0.0497267470387709
"TGI_percent_Day_24_control_median",722,8,0.459641971562848,0.25186382777403,0.316455696202532,0.445069441835733
"TGI_percent_Day_24_control_median",723,8,0.655259481176521,0.0777703598103706,0.215189873417721,0.608801860963225
"TGI_percent_Day_24_control_median",724,8,0.912713510183315,0.00155563426619568,0.846153846153846,0.00808525881177396
"TGI_percent_Day_24_control_median",725,8,0.673109338675392,0.0673167926153151,0.634146341463415,0.0912890821441658
"TGI_percent_Day_24_control_median",726,8,0.902859961417718,0.00212786946108422,0.829268292682927,0.0109030266752834
"TGI_percent_Day_24_control_median",727,8,0.879487009042387,0.00398968145181954,0.367088607594937,0.371042516598345
"TGI_percent_Day_24_control_median",728,8,0.840039279752066,0.00904413972536555,0.620253164556962,0.100875222859378
"TGI_percent_Day_24_control_median",729,8,0.601597716580984,0.114616629136134,0.397590361445783,0.32935525869871
"TGI_percent_Day_24_control_median",730,8,0.68458097943346,0.0610637761168814,0.417721518987342,0.303113679132795
"TGI_percent_Day_24_control_median",731,8,0.787715351424371,0.0202702531391191,0.493670886075949,0.213762737730047
"TGI_percent_Day_24_control_median",732,8,0.546948032952669,0.160642984303014,0.390243902439024,0.339186635335989
"TGI_percent_Day_24_control_median",733,8,0.779656076388966,0.0225199858742587,0.620253164556962,0.100875222859378
"TGI_percent_Day_24_control_median",734,8,0.902056667870392,0.00217973612532474,0.89873417721519,0.00240296148046003
"TGI_percent_Day_24_control_median",735,8,0.759720505274875,0.0287313948496618,0.5,0.20703125
"TGI_percent_Day_24_control_median",736,8,0.274355676901623,0.510813991995994,-0.27027027027027,0.517380169839457
"TGI_percent_Day_24_control_median",737,8,0.859972137683157,0.00616341147529137,0.594594594594595,0.120033440693325
"TGI_percent_Day_24_control_median",738,8,0.815960093100929,0.013512026956697,0.923076923076923,0.00107327636125646
"TGI_percent_Day_24_control_median",739,8,0.68415751953599,0.0612881884924184,0.425,0.29388235961914
"TGI_percent_Day_24_control_median",740,8,0.641229421502035,0.08661330631511,0.463414634146342,0.247482670349255
"TGI_percent_Day_24_control_median",741,8,0.536807728212791,0.17012963655522,-0.05,0.9064061328125
"TGI_percent_Day_24_control_median",742,8,0.880617174734264,0.00388191814254504,0.620253164556962,0.100875222859378
"TGI_percent_Day_24_control_median",743,8,0.718693940682095,0.0445707937615439,0.447368421052632,0.266383944879122
"TGI_percent_Day_24_control_median",744,8,0.721467377481614,0.0433652462830917,0.780821917808219,0.0221854065027459
"TGI_percent_Day_24_control_median",745,8,0.880104037966748,0.00393061103799203,0.62962962962963,0.0943451651056068
"TGI_percent_Day_24_control_median",746,8,0.906739614750228,0.00188863875169041,0.654320987654321,0.07834458818895
"TGI_percent_Day_24_control_median",747,8,0.7262977778434,0.0413131787650428,0.316455696202532,0.445069441835733
"TGI_percent_Day_24_control_median",748,8,0.420987741894943,0.29895409103064,0.333333333333333,0.419753086419753
"TGI_percent_Day_24_control_median",749,8,0.828884811397239,0.0109733035787197,0.634146341463415,0.0912890821441658
"TGI_percent_Day_24_control_median",750,8,0.838345790727699,0.0093218891067406,0.594936708860759,0.119765536998206
"TGI_percent_Day_24_control_median",751,8,0.963187009804191,0.000121303874703115,0.974683544303797,3.97984255471566e-05
"TGI_percent_Day_24_control_median",752,8,0.79812767207668,0.0175787692759452,0.382716049382716,0.34939965019076
"TGI_percent_Day_24_control_median",753,8,0.910538612675507,0.00167202336007427,0.645569620253164,0.0838184337745055
"TGI_percent_Day_24_control_median",754,8,0.63709117477332,0.0893278068743273,0.469879518072289,0.240065454942807
"TGI_percent_Day_24_control_median",755,8,-0.506457937701952,0.200278873959276,-0.641025641025641,0.0867458407693925
"TGI_percent_Day_24_control_median",756,8,0.736038321758002,0.0373572920367138,0.341463414634146,0.407782409074504
"TGI_percent_Day_24_control_median",757,8,0.165017898406398,0.696162537583257,-0.164556962025316,0.696980493011756
"TGI_percent_Day_24_control_median",758,8,0.749395790907235,0.0323217842011513,0.407407407407407,0.316429397723464
"TGI_percent_Day_24_control_median",759,8,0.518492890297428,0.188009814867304,-0.0379746835443038,0.928865891742792
"TGI_percent_Day_24_control_median",760,8,0.705142238397119,0.0507512638595909,0.79746835443038,0.0177421304392543
"TGI_percent_Day_24_control_median",761,8,0.336805148928107,0.414623083472628,-0.215189873417721,0.608801860963226
"TGI_percent_Day_24_control_median",762,8,0.864841694478682,0.00556380647032726,0.604938271604938,0.112082511292616
"TGI_percent_Day_24_control_median",763,8,0.251526829356877,0.54790095434227,-0.0632911392405063,0.881645645130732
"TGI_percent_Day_24_control_median",764,8,0.892223846038466,0.00288220823805112,0.69620253164557,0.0550950655487157
"TGI_percent_Day_24_control_median",765,8,0.557866649804312,0.150758712653238,0.132530120481928,0.75440042927224
"TGI_percent_Day_24_control_median",766,8,0.88634400174852,0.00336466835402278,0.307692307692308,0.458455990282607
"TGI_percent_Day_24_control_median",767,8,0.67476480240498,0.0663920895652285,-0.105263157894737,0.804084671089484
"TGI_percent_Day_24_control_median",768,8,0.804394563338358,0.0160728801116902,0.924050632911392,0.00103380815542862
"TGI_percent_Day_24_control_median",769,8,0.874334864919091,0.00450534042713652,0.734939759036145,0.0377913597475923
"TGI_percent_Day_24_control_median",770,8,-0.0519383621682104,0.902790564934044,-0.538461538461539,0.16856229446825
"TGI_percent_Day_24_control_median",771,8,0.950403483064007,0.000293763073928733,0.924050632911392,0.00103380815542862
"TGI_percent_Day_24_control_median",772,8,0.913585342433142,0.0015105027045844,0.772151898734177,0.0247485870017686
"TGI_percent_Day_24_control_median",773,8,0.886572576516543,0.00334500602524421,0.780487804878049,0.0222809739808402
"TGI_percent_Day_24_control_median",774,8,0.715647720192656,0.0459180169676756,0.590361445783133,0.123376267991455
"TGI_percent_Day_24_control_median",775,8,0.592073551968978,0.122018030612325,0.146341463414634,0.729502115730517
"TGI_percent_Day_24_control_median",776,8,0.514619756144586,0.191913477393823,0.024390243902439,0.9542864261534
"TGI_percent_Day_24_control_median",777,8,0.892183457982903,0.00288535887287695,0.780821917808219,0.0221854065027459
"TGI_percent_Day_24_control_median",778,8,0.673576953313086,0.0670548278046587,0.615384615384616,0.104365016307875
"TGI_percent_Day_24_control_median",779,8,0.721140692809796,0.0435062097536868,0.590361445783133,0.123376267991455
"TGI_percent_Day_24_control_median",780,8,0.252423078676746,0.54642710321423,-0.160493827160494,0.70420169577901
"TGI_percent_Day_24_control_median",781,8,0.58885082937007,0.124581682082382,0.1,0.81374625
"TGI_percent_Day_24_control_median",782,8,0.715392628008883,0.0460319351483836,0.518072289156627,0.188431668335035
"TGI_percent_Day_24_control_median",783,8,0.75084906577002,0.0318006602930646,0.620253164556962,0.100875222859378
"TGI_percent_Day_24_control_median",784,8,0.899227630248648,0.0023689131414694,0.645569620253164,0.0838184337745055
"TGI_percent_Day_24_control_median",785,8,0.65630360182483,0.0771344047735849,0.341463414634146,0.407782409074504
"TGI_percent_Day_24_control_median",786,8,-0.0447749793432157,0.916159052276,-0.210526315789474,0.61677158304252
"TGI_percent_Day_24_control_median",787,8,0.845496319526066,0.00818510318480264,0.829268292682927,0.0109030266752834
"TGI_percent_Day_24_control_median",788,8,0.770129908704396,0.0253714955306148,0.634146341463415,0.0912890821441658
"TGI_percent_Day_24_control_median",789,8,0.987616104965792,4.704021927871e-06,1,2.73691106313438e-47
"TGI_percent_Day_24_control_median",790,8,0.431868586798338,0.285297776215381,0.121951219512195,0.773598436910598
"TGI_percent_Day_24_control_median",791,8,0.523131092141292,0.183391183402292,0.0123456790123457,0.976854203839832
"TGI_percent_Day_24_control_median",792,8,0.871542164136349,0.0048019009888933,0.560975609756098,0.148007079914522
"TGI_percent_Day_24_control_median",793,8,-0.156868786624652,0.71066065127449,-0.287671232876712,0.489635358193826
"TGI_percent_Day_24_control_median",794,8,0.70139501542999,0.0525460221111737,0.585365853658537,0.127387674311883
"TGI_percent_Day_24_control_median",795,8,0.803816509337009,0.0162082549867222,0.848101265822785,0.00779410868380385
"TGI_percent_Day_24_control_median",796,8,0.588489728958162,0.124870801313371,0.414634146341463,0.307070866237017
"TGI_percent_Day_24_control_median",797,8,0.680555142563889,0.0632170813998642,0.333333333333333,0.419753086419753
"TGI_percent_Day_24_control_median",798,8,0.910845174081089,0.00165528618400688,0.728395061728395,0.0404409294591197
"TGI_percent_Day_24_control_median",799,8,0.804221881477438,0.0161132460099754,0.79746835443038,0.0177421304392543
"TGI_percent_Day_24_control_median",800,8,0.928238233396254,0.000874876886977737,0.670886075949367,0.0685705618098423
"TGI_percent_Day_24_control_median",801,8,0.673253792654136,0.0672358028734906,0.28125,0.499805469065905
"TGI_percent_Day_24_control_median",802,8,0.819914058520601,0.0126998600989781,0.62962962962963,0.0943451651056068
"TGI_percent_Day_24_control_median",803,8,0.355520671358834,0.387438880003103,-0.291139240506329,0.484176479990479
"TGI_percent_Day_24_control_median",804,8,0.402181017886796,0.323280513679536,0.111111111111111,0.793374993649342
"TGI_percent_Day_24_control_median",805,8,0.886895460245807,0.00331735775259883,0.822784810126582,0.0121299609627337
"TGI_percent_Day_24_control_median",806,8,0.678490009152038,0.0643388838138337,0.439024390243902,0.276486445900293
"TGI_percent_Day_24_control_median",807,8,-0.0596341711931224,0.888450737556611,-0.580246913580247,0.131572836527669
"TGI_percent_Day_24_control_median",808,8,0.776335727695926,0.0234899878939347,0.113924050632911,0.788233439851227
"TGI_percent_Day_24_control_median",809,8,0.652681903230817,0.0793534107220703,0.160493827160494,0.70420169577901
"TGI_percent_Day_24_control_median",810,8,0.723825597152591,0.0423558860369425,0.414634146341463,0.307070866237017
"TGI_percent_Day_24_control_median",811,8,0.69015474386004,0.0581554704938482,0.365853658536585,0.37277785416078
"TGI_percent_Day_24_control_median",812,8,0.8159116629529,0.0135221720577073,0.594936708860759,0.119765536998206
"TGI_percent_Day_24_control_median",813,8,0.617178825330367,0.103071017977121,0.282051282051282,0.498531973667064
"TGI_percent_Day_24_control_median",814,8,0.845801617430088,0.00813864711441901,0.780487804878049,0.0222809739808402
"TGI_percent_Day_24_control_median",815,8,0.912444133491046,0.00156975422938817,0.544303797468354,0.163088312636417
"TGI_percent_Day_24_control_median",816,8,0.00369632026579714,0.993069462628901,-0.538461538461539,0.16856229446825
"TGI_percent_Day_24_control_median",817,8,0.860192966493207,0.00613536584169182,0.780487804878049,0.0222809739808402
"TGI_percent_Day_24_control_median",818,8,0.387679435757495,0.342650137019336,-0.0632911392405063,0.881645645130732
"TGI_percent_Day_24_control_median",819,8,0.622373616480474,0.0993764919123212,0.253012048192771,0.54545933813052
"TGI_percent_Day_24_control_median",820,8,0.969526829725483,6.91375358313898e-05,1,0
"TGI_percent_Day_24_control_median",821,8,0.759133005235208,0.0289287490207215,0.439024390243902,0.276486445900293
"TGI_percent_Day_24_control_median",822,8,0.92233107681025,0.00110416454172411,0.775,0.0238873864746093
"TGI_percent_Day_24_control_median",823,8,0.894743983234041,0.00268998988361735,0.829268292682927,0.0109030266752834
"TGI_percent_Day_24_control_median",824,8,0.350821688010076,0.394188636039435,0.240506329113924,0.566138469404116
"TGI_percent_Day_24_control_median",825,8,0.794896116239069,0.0183885292345538,1,0
"TGI_percent_Day_24_control_median",826,8,0.469039191229004,0.241023094239345,0.234567901234568,0.576051906571553
"TGI_percent_Day_24_control_median",827,8,0.519482402545391,0.187019340216773,0.048780487804878,0.908681575447135
"TGI_percent_Day_24_control_median",828,8,0.843933097490782,0.0084256189028087,0.614457831325301,0.105037035536878
"TGI_percent_Day_24_control_median",829,8,0.664672088983956,0.072147452572226,0.585365853658537,0.127387674311883
"TGI_percent_Day_24_control_median",830,8,0.364992314567028,0.373990351904545,-0.146341463414634,0.729502115730516
"TGI_percent_Day_24_control_median",831,8,0.803759618157961,0.0162216168822771,0.925925925925926,0.000960491276443564
"TGI_percent_Day_24_control_median",832,8,0.496837250996679,0.210381018551609,0.180722891566265,0.668450469704889
"TGI_percent_Day_24_control_median",833,8,0.725509047498243,0.0416441346976591,0.113924050632911,0.788233439851227
"TGI_percent_Day_24_control_median",834,8,0.424690913086358,0.294271571885343,-0.146341463414634,0.729502115730516
"TGI_percent_Day_24_control_median",835,8,0.718320972655816,0.0447344413198182,0.301204819277108,0.468469529828104
"TGI_percent_Day_24_control_median",836,8,0.58908620705524,0.124393426736033,-0.0769230769230769,0.856337178454751
"TGI_percent_Day_24_control_median",837,8,0.655819923845191,0.0774286243626162,0.373493975903614,0.362100237410523
"TGI_percent_Day_24_control_median",838,8,0.714004435332168,0.0466548589091053,0.283950617283951,0.495518316964043
"TGI_percent_Day_24_control_median",839,8,0.423008562669551,0.296394412747408,-0.452054794520548,0.26079176513997
"TGI_percent_Day_24_control_median",840,8,0.351245811206104,0.393577314206446,-0.024390243902439,0.9542864261534
"TGI_percent_Day_24_control_median",841,8,0.307902668453622,0.458132759031789,-0.287671232876712,0.489635358193826
"TGI_percent_Day_24_control_median",842,8,0.583689721908407,0.128749724532933,-0.0632911392405063,0.881645645130732
"TGI_percent_Day_24_control_median",843,8,0.601597716580984,0.114616629136134,0.397590361445783,0.32935525869871
"TGI_percent_Day_24_control_median",844,8,0.310539493949797,0.4540889899006,-0.121951219512195,0.773598436910597
"TGI_percent_Day_24_control_median",845,8,0.890099553036777,0.00305095955850387,0.746835443037975,0.033252559177418
"TGI_percent_Day_24_control_median",846,8,0.462393976091845,0.24866412396048,0.316455696202532,0.445069441835733
"TGI_percent_Day_24_control_median",847,8,0.656990430463852,0.0767177356530748,0.634146341463415,0.0912890821441658
"TGI_percent_Day_24_control_median",848,8,0.841652305951172,0.00878453283296876,0.62962962962963,0.0943451651056068
"TGI_percent_Day_24_control_median",849,8,0.88413754674823,0.00355831741025241,0.731707317073171,0.0390863390212493
"TGI_percent_Day_24_control_median",850,8,0.700852660601377,0.0528088910296226,-0.0632911392405063,0.881645645130732
"TGI_percent_Day_24_control_median",851,8,0.52683726944415,0.179744702367693,-0.024390243902439,0.9542864261534
"TGI_percent_Day_24_control_median",852,8,0.770657442713189,0.0252080552041016,0.62962962962963,0.0943451651056068
"TGI_percent_Day_24_control_median",853,8,0.695345090002321,0.0555229583468255,0.62962962962963,0.0943451651056068
"TGI_percent_Day_24_control_median",854,8,0.988816395051695,3.46765259591893e-06,1,0
"TGI_percent_Day_24_control_median",855,8,0.840234651254748,0.00901243974969599,0.390243902439024,0.339186635335989
"TGI_percent_Day_24_control_median",856,8,0.713455694980365,0.0469024896331195,0.240506329113924,0.566138469404116
"TGI_percent_Day_24_control_median",857,8,0.59518481889428,0.119571457445316,0.620253164556962,0.100875222859378
"TGI_percent_Day_24_control_median",858,8,0.0393554755454208,0.926284642778308,-0.643835616438356,0.0849286568753827
"TGI_percent_Day_24_control_median",859,8,0.762907830114466,0.027675167003709,0.392405063291139,0.336280494675457
"TGI_percent_Day_24_control_median",860,8,0.744970786557527,0.0339406407462802,0.452054794520548,0.26079176513997
"TGI_percent_Day_24_control_median",861,8,0.810350545281151,0.0147192294991962,0.407407407407407,0.316429397723464
"TGI_percent_Day_24_control_median",862,8,0.882420188456126,0.00371391266820578,0.89873417721519,0.00240296148046003
"TGI_percent_Day_24_control_median",863,8,0.8679201603321,0.00520481270860621,0.780487804878049,0.0222809739808402
"TGI_percent_Day_24_control_median",864,8,0.165017898406398,0.696162537583257,-0.164556962025316,0.696980493011756
"TGI_percent_Day_24_control_median",865,8,0.603422880011202,0.113228095181415,0.525,0.181547481689453
"TGI_percent_Day_24_control_median",866,8,0.595029707191523,0.119692769957269,0.243243243243243,0.561589642194777
"TGI_percent_Day_24_control_median",867,8,0.440083373520767,0.275193995449613,0.417721518987342,0.303113679132795
"TGI_percent_Day_24_control_median",868,8,0.630055837098954,0.0940543035680736,0.170731707317073,0.68604453895394
"TGI_percent_Day_24_control_median",869,8,0.694329611909568,0.0560322783829815,0.728395061728395,0.0404409294591197
"TGI_percent_Day_24_control_median",870,8,0.688016192710246,0.0592613472159874,0.51219512195122,0.194378892157874
"TGI_percent_Day_24_control_median",871,8,0.657100221695006,0.0766512525692452,0.35,0.3953741796875
"TGI_percent_Day_24_control_median",872,8,0.13788396783571,0.744725681231111,-0.308641975308642,0.456997506224647
"TGI_percent_Day_24_control_median",873,8,0.746026095217229,0.0335501588789731,0.614457831325301,0.105037035536878
"TGI_percent_Day_24_control_median",874,8,0.756733166873681,0.0297435667607281,0.341463414634146,0.407782409074504
"TGI_percent_Day_24_control_median",875,8,0.232155107527022,0.58009657656789,-0.538461538461539,0.16856229446825
"TGI_percent_Day_24_control_median",876,8,0.846803970635693,0.00798730461846321,0.62962962962963,0.0943451651056068
"TGI_percent_Day_24_control_median",877,8,0.737192070757372,0.0369047056141505,0.234567901234568,0.576051906571553
"TGI_percent_Day_24_control_median",878,8,0.658636985953133,0.0757242205060249,0.0769230769230769,0.856337178454751
"TGI_percent_Day_24_control_median",879,8,0.233461559690269,0.577905318414504,-0.121951219512195,0.773598436910597
"TGI_percent_Day_24_control_median",880,8,0.793402725481134,0.0187704710358008,0.634146341463415,0.0912890821441658
"TGI_percent_Day_24_control_median",881,8,0.874646144250093,0.00447303530574919,1,0
"TGI_percent_Day_24_control_median",882,8,0.753364462960841,0.0309109266336026,0.620253164556962,0.100875222859378
"TGI_percent_Day_24_control_median",883,8,-0.101000859119544,0.811907356810363,-0.620253164556962,0.100875222859378
"TGI_percent_Day_24_control_median",884,8,0.645666513865279,0.0837566466964417,0.268292682926829,0.520569891636616
"TGI_percent_Day_24_control_median",885,8,0.594949192988029,0.119755767277342,0.463414634146342,0.247482670349255
"TGI_percent_Day_24_control_median",886,8,0.71690081038572,0.0453608893326118,0.585365853658537,0.127387674311883
"TGI_percent_Day_24_control_median",887,8,0.87290402704423,0.00465576486189654,0.728395061728395,0.0404409294591197
"TGI_percent_Day_24_control_median",888,8,0.618676598262981,0.101997877397017,0.2,0.63488
"TGI_percent_Day_24_control_median",889,8,0.79295864380727,0.018884994509402,0.392405063291139,0.336280494675457
"TGI_percent_Day_24_control_median",890,8,0.248186605471918,0.553406305291998,-0.291139240506329,0.484176479990479
"TGI_percent_Day_24_control_median",891,8,0.91130048033179,0.00163062981594891,0.853658536585366,0.00700028132287885
"TGI_percent_Day_24_control_median",892,8,0.85110939683018,0.00735766229620413,0.783132530120482,0.0215314655741672
"TGI_percent_Day_24_control_median",893,8,0.704318556045344,0.0511425640127242,0.615384615384616,0.104365016307875
"TGI_percent_Day_24_control_median",894,8,0.713455694980365,0.0469024896331195,0.240506329113924,0.566138469404116
"TGI_percent_Day_24_control_median",895,8,0.92836769397123,0.000870237166152528,0.643835616438356,0.0849286568753826
"TGI_percent_Day_24_control_median",896,8,0.853045372783914,0.00708520847764585,0.609756097560976,0.108484275261192
"TGI_percent_Day_24_control_median",897,8,0.706091887686629,0.0503023603722607,0.113924050632911,0.788233439851227
"TGI_percent_Day_24_control_median",898,8,0.62308512562097,0.0988764804530598,0.51219512195122,0.194378892157874
"TGI_percent_Day_24_control_median",899,8,0.82985933001034,0.0107952722266072,0.4,0.32616
"TGI_percent_Day_24_control_median",900,8,0.740654755771748,0.0355665281605768,0.341463414634146,0.407782409074504
"TGI_percent_Day_24_control_median",901,8,0.479872154614231,0.228826850335048,0.234567901234568,0.576051906571553
"TGI_percent_Day_24_control_median",902,8,0.519482402545391,0.187019340216773,0.048780487804878,0.908681575447135
"TGI_percent_Day_24_control_median",903,8,0.612102072848108,0.106756309217038,0.215189873417721,0.608801860963225
"TGI_percent_Day_24_control_median",904,8,0.474444498036164,0.234897106042018,-0.037037037037037,0.930619036000442
"TGI_percent_Day_24_control_median",905,8,0.658837357436775,0.0756038360777465,0.164556962025316,0.696980493011756
"TGI_percent_Day_24_control_median",906,8,0.693141918806616,0.0566315028775756,0.802469135802469,0.016526566994929
"TGI_percent_Day_24_control_median",907,8,0.420987741894943,0.298954091030639,0.333333333333333,0.419753086419753
"TGI_percent_Day_24_control_median",908,8,0.6634429353864,0.0728676873262238,0.536585365853659,0.170340970786708
"TGI_percent_Day_24_control_median",909,8,0.791536117799128,0.0192547812584462,0.851851851851852,0.00725239908517074
"TGI_percent_Day_24_control_median",910,8,0.849496085334006,0.00758974119330236,0.594594594594595,0.120033440693325
"TGI_percent_Day_24_control_median",911,8,0.896758490928408,0.00254245819905524,0.822784810126582,0.0121299609627337
"TGI_percent_Day_24_control_median",912,8,0.762090773531806,0.0279436033377282,-0.150684931506849,0.72171342613154
"TGI_percent_Day_24_control_median",913,8,0.601597716580984,0.114616629136134,0.397590361445783,0.32935525869871
"TGI_percent_Day_24_control_median",914,8,0.560420252895579,0.148496562918631,0.170731707317073,0.68604453895394
"TGI_percent_Day_24_control_median",915,8,0.55442716239873,0.153835337594413,0.0126582278481013,0.976268357959337
"TGI_percent_Day_24_control_median",916,8,0.925427390080833,0.0009796389596299,0.615384615384616,0.104365016307875
"TGI_percent_Day_24_control_median",917,8,0.334029980246685,0.418721556441115,-0.037037037037037,0.930619036000442
"TGI_percent_Day_24_control_median",918,8,0.47227164426418,0.237350001645431,0.24390243902439,0.560495956966516
"TGI_percent_Day_24_control_median",919,8,0.66150566182796,0.0740113977330891,0.195121951219512,0.643326273058099
"TGI_percent_Day_24_control_median",920,8,0.92405420907997,0.00103366497590135,0.918918918918919,0.00125287413292553
"TGI_percent_Day_24_control_median",921,8,0.58156289265291,0.130489690749642,0.160493827160494,0.70420169577901
"TGI_percent_Day_24_control_median",922,8,0.59079584590548,0.123030851961442,0.275,0.509781307373047
"TGI_percent_Day_24_control_median",923,8,0.769138060125773,0.0256805611537378,0.536585365853659,0.170340970786708
"TGI_percent_Day_24_control_median",924,8,0.588489728958162,0.124870801313371,0.414634146341463,0.307070866237017
"TGI_percent_Day_24_control_median",925,8,0.874334864919091,0.00450534042713653,0.734939759036145,0.0377913597475923
"TGI_percent_Day_24_control_median",926,8,0.868238089206492,0.00516860934025403,0.702702702702703,0.0519154430428595
"TGI_percent_Day_24_control_median",927,8,0.635428557137759,0.0904320908684161,0.79746835443038,0.0177421304392543
"TGI_percent_Day_24_control_median",928,8,0.553696349969015,0.154493439541061,0.506172839506173,0.20057448914806
"TGI_percent_Day_24_control_median",929,8,0.872873432589176,0.00465901600484408,0.634146341463415,0.0912890821441658
"TGI_percent_Day_24_control_median",930,8,0.496268512528665,0.210986367397541,-0.0769230769230769,0.856337178454751
"TGI_percent_Day_24_control_median",931,8,0.882388755147777,0.00371680067940398,0.62962962962963,0.0943451651056068
"TGI_percent_Day_24_control_median",932,8,0.452221548743996,0.260593869565835,-0.037037037037037,0.930619036000442
"TGI_percent_Day_24_control_median",933,8,0.348443587230209,0.39762405582572,-0.105263157894737,0.804084671089484
"TGI_percent_Day_24_control_median",934,8,0.845569547150978,0.00817394504949233,0.555555555555556,0.152822232383275
"TGI_percent_Day_24_control_median",935,8,0.91020769239692,0.00169021356991498,0.725,0.041858585205078
"TGI_percent_Day_24_control_median",936,8,0.698152486637843,0.054129332425277,0.585365853658537,0.127387674311883
"TGI_percent_Day_24_control_median",937,8,0.42717750862802,0.291147446697568,0.216216216216216,0.607052378046439
"TGI_percent_Day_24_control_median",938,8,0.907801494751291,0.00182635991681906,0.924050632911392,0.00103380815542862
"TGI_percent_Day_24_control_median",939,8,0.558416012253786,0.150270464403268,0.125,0.768054962158203
"TGI_percent_Day_24_control_median",940,8,0.52683726944415,0.179744702367693,-0.024390243902439,0.9542864261534
"TGI_percent_Day_24_control_median",941,8,0.666677495095993,0.0709813880316845,0.373493975903614,0.362100237410523
"TGI_percent_Day_24_control_median",942,8,0.698152486637843,0.054129332425277,0.585365853658537,0.127387674311883
"TGI_percent_Day_24_control_median",943,8,0.912838371543791,0.00154911752935551,0.538461538461539,0.16856229446825
"TGI_percent_Day_24_control_median",944,8,0.65740154308429,0.0764689635753818,0.373493975903614,0.362100237410523
"TGI_percent_Day_24_control_median",945,8,0.681950656695455,0.0624656414480795,0.634146341463415,0.0912890821441658
"TGI_percent_Day_24_control_median",946,8,0.698004195052672,0.0542024163339771,0.518072289156627,0.188431668335035
"TGI_percent_Day_24_control_median",947,8,0.715392628008883,0.0460319351483836,0.518072289156627,0.188431668335035
"TGI_percent_Day_24_control_median",948,8,0.57577811853246,0.135288289287169,0.447368421052632,0.266383944879122
"TGI_percent_Day_24_control_median",949,8,0.695460894901952,0.0554650521071313,0.536585365853659,0.170340970786708
"TGI_percent_Day_24_control_median",950,8,0.87872385328799,0.00406352820565822,0.609756097560976,0.108484275261192
"TGI_percent_Day_24_control_median",951,8,0.518252612744272,0.188250746250014,-0.230769230769231,0.58242412326653
"TGI_percent_Day_24_control_median",952,8,0.729672116697236,0.0399153371994177,0.349397590361446,0.396244333445432
"TGI_percent_Day_24_control_median",953,8,0.701006342386654,0.0527343245828053,0.341463414634146,0.407782409074504
"TGI_percent_Day_24_control_median",954,8,0.695625418929043,0.0553828468138244,0.292682926829268,0.481754330094079
"TGI_percent_Day_24_control_median",955,8,0.912350973277815,0.00157465676333412,0.780487804878049,0.0222809739808402
"TGI_percent_Day_24_control_median",956,8,0.907844785329513,0.00182384967992385,0.973684210526316,4.46660881693344e-05
"TGI_percent_Day_24_control_median",957,8,0.755903246425998,0.0300285967149071,0.341463414634146,0.407782409074504
"TGI_percent_Day_24_control_median",958,8,0.883750427004191,0.00359301650668274,0.772151898734177,0.0247485870017686
"TGI_percent_Day_24_control_median",959,8,0.814137393359052,0.0138971590245519,0.731707317073171,0.0390863390212493
"TGI_percent_Day_24_control_median",960,8,0.348257337604635,0.397893662375089,0.316455696202532,0.445069441835733
"TGI_percent_Day_24_control_median",961,8,0.537922174352648,0.169072596737849,-0.205128205128205,0.626037544539464
"TGI_percent_Day_24_control_median",962,8,0.923976106067272,0.00103679494466462,0.842105263157895,0.0087124949365918
"TGI_percent_Day_24_control_median",963,8,0.49197966987842,0.215580484844415,-0.0126582278481013,0.976268357959337
"TGI_percent_Day_24_control_median",964,8,0.485562419268665,0.222550528990478,0.125,0.768054962158203
"TGI_percent_Day_24_control_median",965,8,0.430179600651016,0.287397242313519,-0.105263157894737,0.804084671089484
"TGI_percent_Day_24_control_median",966,8,0.159622789795231,0.705752281995226,-0.0379746835443038,0.928865891742792
"TGI_percent_Day_24_control_median",967,8,0.905488177426108,0.00196378648469286,0.68421052631579,0.0612600707806916
"TGI_percent_Day_24_control_median",968,8,0.916971180883868,0.00134332873100004,0.794871794871795,0.0183947102705782
"TGI_percent_Day_24_control_median",969,8,0.596770523601069,0.118335259625975,0.253012048192771,0.54545933813052
"TGI_percent_Day_24_control_median",970,8,0.520662781051601,0.185841456843566,0.253012048192771,0.54545933813052
"TGI_percent_Day_24_control_median",971,8,0.746232172633961,0.033474229450576,0.113924050632911,0.788233439851227
"TGI_percent_Day_24_control_median",972,8,0.96400345782807,0.000113480986856638,0.974683544303797,3.97984255471566e-05
"TGI_percent_Day_24_control_median",973,8,0.408841804181204,0.314561241415299,0.0123456790123457,0.976854203839832
"TGI_percent_Day_24_control_median",974,8,0.860174293805494,0.00613773413663163,0.384615384615385,0.346809662449871
"TGI_percent_Day_24_control_median",975,8,0.899604127870872,0.00234314619892231,0.69620253164557,0.0550950655487157
"TGI_percent_Day_24_control_median",976,8,0.965915528176122,9.64808192079705e-05,0.923076923076923,0.00107327636125646
"TGI_percent_Day_24_control_median",977,8,0.660421436824623,0.0746560622441931,0.35,0.3953741796875
"TGI_percent_Day_24_control_median",978,8,0.601643457756641,0.11458171336369,0.0731707317073171,0.863293782609012
"TGI_percent_Day_24_control_median",979,8,0.71255147565821,0.0473122638890381,-0.150684931506849,0.72171342613154
"TGI_percent_Day_24_control_median",980,8,0.339639757596584,0.410454633663199,-0.185185185185185,0.660634430204336
"TGI_percent_Day_24_control_median",981,8,0.820551871999126,0.0125718131292729,0.974683544303797,3.97984255471566e-05
"TGI_percent_Day_24_control_median",982,8,0.547956677388505,0.15971550859255,0.268292682926829,0.520569891636616
"TGI_percent_Day_24_control_median",983,8,0.738680737936928,0.0363257029960199,0.609756097560976,0.108484275261192
"TGI_percent_Day_24_control_median",984,8,0.346570357484129,0.40033928130736,-0.443037974683544,0.271603804295431
"TGI_percent_Day_24_control_median",985,8,0.59699540487069,0.118160531412466,0.349397590361446,0.396244333445432
"TGI_percent_Day_24_control_median",986,8,0.716826617363047,0.0453937614019177,0.506172839506173,0.20057448914806
"TGI_percent_Day_24_control_median",987,8,0.783589926876452,0.0214034551174461,0.51219512195122,0.194378892157874
"TGI_percent_Day_24_control_median",988,8,0.792152566035274,0.0190939853252152,0.316455696202532,0.445069441835733
"TGI_percent_Day_24_control_median",989,8,0.835032924116236,0.00988076493947661,0.392405063291139,0.336280494675457
"TGI_percent_Day_24_control_median",990,8,0.665217596153265,0.0718291544526545,0.204819277108434,0.626569134387071
"TGI_percent_Day_24_control_median",991,8,0.766454818587349,0.0265283070128054,0.569620253164557,0.140502518621531
"TGI_percent_Day_24_control_median",992,8,0.700932968990451,0.0527699174970596,0.589041095890411,0.124429494317035
"TGI_percent_Day_24_control_median",993,8,0.724461997743007,0.0420859602381323,0.432098765432099,0.285012238128342
"TGI_percent_Day_24_control_median",994,8,0.519482402545391,0.187019340216773,0.048780487804878,0.908681575447135
"TGI_percent_Day_24_control_median",995,8,0.769141278598683,0.0256795545141673,0.707317073170732,0.0497267470387709
"TGI_percent_Day_24_control_median",996,8,0.653706297637726,0.0787220331039891,0.923076923076923,0.00107327636125646
"TGI_percent_Day_24_control_median",997,8,0.932385247111202,0.000734135867275597,0.69620253164557,0.0550950655487157
"TGI_percent_Day_24_control_median",998,8,0.665217596153265,0.0718291544526545,0.204819277108434,0.626569134387071
"TGI_percent_Day_24_control_median",999,8,0.873985261403718,0.00454180134607996,0.645569620253164,0.0838184337745055
"TGI_percent_Day_24_control_median",1000,8,0.306489717138148,0.46030561242058,-0.037037037037037,0.930619036000442
