"tgi_measure","iteration","n","pearson_r","pearson_p","spearman_rho","spearman_p"
"TGI_percent_Day_24_control_median",1,8,-0.272323998611935,0.514075416255923,0.111111111111111,0.793374993649342
"TGI_percent_Day_24_control_median",2,8,0.130123461879604,0.758758601076245,0.215189873417721,0.608801860963225
"TGI_percent_Day_24_control_median",3,8,-0.573696335269351,0.137038811801452,-0.45679012345679,0.255201343606103
"TGI_percent_Day_24_control_median",4,8,-0.590879876576177,0.122964097265962,-0.341463414634146,0.407782409074504
"TGI_percent_Day_24_control_median",5,8,-0.104197376682831,0.806039413613701,0.139240506329114,0.742278902896378
"TGI_percent_Day_24_control_median",6,8,-0.153833989437333,0.716079544851858,0.139240506329114,0.742278902896378
"TGI_percent_Day_24_control_median",7,8,-0.421983481851059,0.29769150662023,-0.407407407407407,0.316429397723464
"TGI_percent_Day_24_control_median",8,8,-0.268654521795714,0.519985721497908,-0.0120481927710843,0.977411824587767
"TGI_percent_Day_24_control_median",9,8,-0.424621931256434,0.294358470089742,-0.670886075949367,0.0685705618098423
"TGI_percent_Day_24_control_median",10,8,0.150622004695122,0.721826118871201,-0.113924050632911,0.788233439851227
"TGI_percent_Day_24_control_median",11,8,-0.796739667420198,0.0179237806526231,-0.615384615384616,0.104365016307875
"TGI_percent_Day_24_control_median",12,8,-0.63679203726976,0.0895259100693338,-0.670886075949367,0.0685705618098423
"TGI_percent_Day_24_control_median",13,8,-0.092487963496537,0.82757146089824,0.333333333333333,0.419753086419753
"TGI_percent_Day_24_control_median",14,8,0.958924824869078,0.000167958587671396,0.972602739726027,5.03610200209817e-05
"TGI_percent_Day_24_control_median",15,8,-0.811058400871459,0.0145633022237175,-0.728395061728395,0.0404409294591197
"TGI_percent_Day_24_control_median",16,8,-0.877574126562423,0.00417643410839131,-0.734939759036145,0.0377913597475923
"TGI_percent_Day_24_control_median",17,8,-0.736798607640908,0.0370586732812041,-0.536585365853659,0.170340970786708
"TGI_percent_Day_24_control_median",18,8,-0.856271375836404,0.00664568075459758,-0.753086419753086,0.0310085131644479
"TGI_percent_Day_24_control_median",19,8,-0.396874996871467,0.330306663943287,0.0886075949367088,0.834728317893272
"TGI_percent_Day_24_control_median",20,8,-0.984416943708683,9.34992899051137e-06,-0.925925925925926,0.000960491276443552
"TGI_percent_Day_24_control_median",21,8,-0.486238659126505,0.221810624270919,-0.538461538461539,0.16856229446825
"TGI_percent_Day_24_control_median",22,8,-0.141468045272959,0.738265203609643,0.24390243902439,0.560495956966516
"TGI_percent_Day_24_control_median",23,8,-0.94536062439721,0.000391280150518828,-0.853658536585366,0.00700028132287885
"TGI_percent_Day_24_control_median",24,8,-0.816232488828175,0.0134550551055759,-0.634146341463415,0.0912890821441658
"TGI_percent_Day_24_control_median",25,8,-0.307332070554059,0.459009729786085,-0.036144578313253,0.932287918005115
"TGI_percent_Day_24_control_median",26,8,0.741335436453506,0.0353070170994697,0.540540540540541,0.166603118711555
"TGI_percent_Day_24_control_median",27,8,-0.884247543621501,0.00354849755167562,-0.634146341463415,0.0912890821441658
"TGI_percent_Day_24_control_median",28,8,-0.45874779554647,0.252907904548062,-0.432432432432432,0.284598569995075
"TGI_percent_Day_24_control_median",29,8,-0.172882678992232,0.68224605000703,0.036144578313253,0.932287918005115
"TGI_percent_Day_24_control_median",30,8,-0.572780101188465,0.137813216051343,-0.493975903614458,0.213435752051467
"TGI_percent_Day_24_control_median",31,8,-0.468931303566979,0.241146183764306,-0.421686746987952,0.298067492674002
"TGI_percent_Day_24_control_median",32,8,0.731023212299266,0.0393638152118897,0.594936708860759,0.119765536998206
"TGI_percent_Day_24_control_median",33,8,-0.436950270557496,0.279026466359495,-0.113924050632911,0.788233439851227
"TGI_percent_Day_24_control_median",34,8,-0.922048024031073,0.00111603691030151,-0.878048780487805,0.00412958042703296
"TGI_percent_Day_24_control_median",35,8,-0.540683894023475,0.16646848460953,-0.382716049382716,0.34939965019076
"TGI_percent_Day_24_control_median",36,8,-0.618640162829156,0.102023906789408,-0.333333333333333,0.419753086419753
"TGI_percent_Day_24_control_median",37,8,-0.820342361358586,0.0126137840299285,-0.62962962962963,0.094345165105607
"TGI_percent_Day_24_control_median",38,8,-0.938450612577648,0.000556345358603005,-0.802469135802469,0.016526566994929
"TGI_percent_Day_24_control_median",39,8,-0.865274571323473,0.0055123968886471,-0.62962962962963,0.094345165105607
"TGI_percent_Day_24_control_median",40,8,-0.714047885205506,0.0466352850123857,-0.113924050632911,0.788233439851227
"TGI_percent_Day_24_control_median",41,8,-0.881782474065266,0.0037727878272823,-0.794871794871795,0.0183947102705782
"TGI_percent_Day_24_control_median",42,8,-0.674824252758446,0.0663590225900033,-0.670886075949367,0.0685705618098423
"TGI_percent_Day_24_control_median",43,8,-0.262820601921393,0.529433929485543,-0.146341463414634,0.729502115730516
"TGI_percent_Day_24_control_median",44,8,-0.808790782759702,0.0150665096695279,-0.924050632911392,0.00103380815542862
"TGI_percent_Day_24_control_median",45,8,-0.599774920403505,0.116012934082833,-0.468354430379747,0.241804882823014
"TGI_percent_Day_24_control_median",46,8,-0.932822773724934,0.000720218377096342,-0.851851851851852,0.0072523990851707
"TGI_percent_Day_24_control_median",47,8,0.670350526258187,0.0688746184337505,0.620253164556962,0.100875222859378
"TGI_percent_Day_24_control_median",48,8,0.87620598850133,0.00431339558746604,0.772151898734177,0.0247485870017686
"TGI_percent_Day_24_control_median",49,8,-0.531921619692623,0.17480605020757,-0.292682926829268,0.48175433009408
"TGI_percent_Day_24_control_median",50,8,0.00371039406747917,0.993043074974569,0.048780487804878,0.908681575447135
"TGI_percent_Day_24_control_median",51,8,-0.60451109661207,0.112404772144671,-0.518072289156627,0.188431668335035
"TGI_percent_Day_24_control_median",52,8,-0.180906797747738,0.66812782439771,0.132530120481928,0.75440042927224
"TGI_percent_Day_24_control_median",53,8,0.299994760395669,0.470346885496255,0.538461538461539,0.16856229446825
"TGI_percent_Day_24_control_median",54,8,0.0862552278520906,0.839071827116295,0.0379746835443038,0.928865891742792
"TGI_percent_Day_24_control_median",55,8,-0.318811429619083,0.44149875567414,-0.0731707317073171,0.863293782609012
"TGI_percent_Day_24_control_median",56,8,-0.271025072874976,0.516164656687725,0.307692307692308,0.458455990282607
"TGI_percent_Day_24_control_median",57,8,-0.417744061419273,0.303084876282014,-0.0886075949367088,0.834728317893272
"TGI_percent_Day_24_control_median",58,8,0.853587655886811,0.00701006534090698,0.810810810810811,0.0146177229257338
"TGI_percent_Day_24_control_median",59,8,-0.111583716222426,0.792510695913921,-0.1,0.813746249999999
"TGI_percent_Day_24_control_median",60,8,-0.893057371526107,0.00281768171881784,-0.804878048780488,0.0159601987985089
"TGI_percent_Day_24_control_median",61,8,-0.291378431779513,0.483800860147672,-0.0731707317073171,0.863293782609012
"TGI_percent_Day_24_control_median",62,8,-0.421883129519433,0.297818635168729,-0.170731707317073,0.68604453895394
"TGI_percent_Day_24_control_median",63,8,-0.11012805743478,0.79517338503437,0.268292682926829,0.520569891636616
"TGI_percent_Day_24_control_median",64,8,-0.478630217248023,0.230208638087204,-0.349397590361446,0.396244333445432
"TGI_percent_Day_24_control_median",65,8,0.854258816406141,0.00691777123330058,0.772151898734177,0.0247485870017686
"TGI_percent_Day_24_control_median",66,8,-0.938437668122908,0.000556690924134735,-1,0
"TGI_percent_Day_24_control_median",67,8,-0.479892443848812,0.228804311858626,-0.414634146341463,0.307070866237017
"TGI_percent_Day_24_control_median",68,8,-0.819971724729967,0.0126882493899327,-0.746835443037975,0.0332525591774179
"TGI_percent_Day_24_control_median",69,8,-0.594116074343474,0.12040872756577,-0.566265060240964,0.143389618739712
"TGI_percent_Day_24_control_median",70,8,-0.298290328064043,0.472996324078052,-0.036144578313253,0.932287918005115
"TGI_percent_Day_24_control_median",71,8,-0.111583716222426,0.792510695913921,-0.1,0.813746249999999
"TGI_percent_Day_24_control_median",72,8,-0.197717658101047,0.638827624254308,-0.170731707317073,0.68604453895394
"TGI_percent_Day_24_control_median",73,8,-0.966060962220269,9.52615829152718e-05,-0.926829268292683,0.000926422142911447
"TGI_percent_Day_24_control_median",74,8,-0.5137038096361,0.192842870121918,-0.121951219512195,0.773598436910597
"TGI_percent_Day_24_control_median",75,8,-0.342419683254111,0.406384183431722,0.0632911392405063,0.881645645130731
"TGI_percent_Day_24_control_median",76,8,0.786170881259587,0.0206900067237708,0.324324324324324,0.433189333282495
"TGI_percent_Day_24_control_median",77,8,0.110685815244574,0.794152929658735,0.670886075949367,0.0685705618098423
"TGI_percent_Day_24_control_median",78,8,-0.640660592495302,0.0869835545669812,-0.113924050632911,0.788233439851227
"TGI_percent_Day_24_control_median",79,8,-0.416375145019397,0.304836346040712,-0.291139240506329,0.484176479990479
"TGI_percent_Day_24_control_median",80,8,0.0807735334116527,0.849207080372403,0.139240506329114,0.742278902896378
"TGI_percent_Day_24_control_median",81,8,-0.409133899215995,0.314181460833565,-0.0617283950617284,0.88455293510991
"TGI_percent_Day_24_control_median",82,8,-0.585505253776501,0.127274760854197,-0.487804878048781,0.220101844181823
"TGI_percent_Day_24_control_median",83,8,-0.11105498342277,0.793477651897254,0.175,0.678512669677734
"TGI_percent_Day_24_control_median",84,8,-0.842198898745781,0.00869765025434853,-0.525,0.181547481689453
"TGI_percent_Day_24_control_median",85,8,-0.806743237912284,0.0155301464217447,-0.634146341463415,0.0912890821441658
"TGI_percent_Day_24_control_median",86,8,0.0327475694984482,0.938642191319746,0.265822784810127,0.52456393016539
"TGI_percent_Day_24_control_median",87,8,0.685504835670638,0.060575876507842,0.560975609756098,0.148007079914522
"TGI_percent_Day_24_control_median",88,8,0.320013545073926,0.439681246985408,0.578947368421053,0.132647361838117
"TGI_percent_Day_24_control_median",89,8,-0.186944337788436,0.657560449900274,-0.215189873417721,0.608801860963226
"TGI_percent_Day_24_control_median",90,8,-0.965410333911388,0.000100796124336136,-0.924050632911392,0.00103380815542862
"TGI_percent_Day_24_control_median",91,8,-0.728432257382384,0.0404255619069071,-0.463414634146342,0.247482670349255
"TGI_percent_Day_24_control_median",92,8,-0.581017842485813,0.130937699920977,-0.560975609756098,0.148007079914522
"TGI_percent_Day_24_control_median",93,8,-0.829392490689271,0.0108803273686511,-0.794871794871795,0.0183947102705782
"TGI_percent_Day_24_control_median",94,8,-0.63679203726976,0.0895259100693337,-0.670886075949367,0.0685705618098423
"TGI_percent_Day_24_control_median",95,8,-0.274567826740985,0.510473882926575,0,1
"TGI_percent_Day_24_control_median",96,8,-0.556745903901093,0.151757477425179,-0.414634146341463,0.307070866237017
"TGI_percent_Day_24_control_median",97,8,-0.834601806554236,0.00995501752961982,-0.634146341463415,0.0912890821441658
"TGI_percent_Day_24_control_median",98,8,-0.999607089998741,1.51597232047949e-10,-1,0
"TGI_percent_Day_24_control_median",99,8,-0.570058842932768,0.140127518629671,-0.468354430379747,0.241804882823014
"TGI_percent_Day_24_control_median",100,8,-0.790541183619408,0.0195160803594004,-0.846153846153846,0.00808525881177397
"TGI_percent_Day_24_control_median",101,8,0.770692961640687,0.0251970742275268,0.555555555555556,0.152822232383275
"TGI_percent_Day_24_control_median",102,8,-0.81254123201696,0.0142400401036232,-0.634146341463415,0.0912890821441658
"TGI_percent_Day_24_control_median",103,8,-0.115297070238233,0.785726217456445,0.307692307692308,0.458455990282607
"TGI_percent_Day_24_control_median",104,8,0.759382413439529,0.028844865677989,0.62962962962963,0.0943451651056068
"TGI_percent_Day_24_control_median",105,8,-0.654463389181188,0.078257299099951,-0.675,0.0662613269042967
"TGI_percent_Day_24_control_median",106,8,-0.830957080111996,0.0105969317709131,-0.802469135802469,0.016526566994929
"TGI_percent_Day_24_control_median",107,8,0.644558075590093,0.0844650586075768,0.439024390243902,0.276486445900293
"TGI_percent_Day_24_control_median",108,8,-0.650160534929879,0.0809200014588689,-0.447368421052632,0.266383944879123
"TGI_percent_Day_24_control_median",109,8,-0.567398041853979,0.142411070195324,-0.373493975903614,0.362100237410523
"TGI_percent_Day_24_control_median",110,8,-0.317978312489702,0.442760188132642,-0.219512195121951,0.601445165632524
"TGI_percent_Day_24_control_median",111,8,-0.58248600024371,0.129732889674756,-0.407407407407407,0.316429397723464
"TGI_percent_Day_24_control_median",112,8,-0.79347857970983,0.0187509526096053,-0.407407407407407,0.316429397723464
"TGI_percent_Day_24_control_median",113,8,-0.417887831263584,0.302901210015445,-0.259259259259259,0.535232404809648
"TGI_percent_Day_24_control_median",114,8,-0.636921787427834,0.089439952096344,-0.487804878048781,0.220101844181823
"TGI_percent_Day_24_control_median",115,8,-0.561176750541243,0.147830016878308,-0.544303797468354,0.163088312636417
"TGI_percent_Day_24_control_median",116,8,-0.153158063949757,0.717287887963017,0.333333333333333,0.419753086419753
"TGI_percent_Day_24_control_median",117,8,-0.94536062439721,0.000391280150518833,-0.853658536585366,0.00700028132287885
"TGI_percent_Day_24_control_median",118,8,-0.666776708529813,0.0709239895050167,-0.384615384615385,0.346809662449871
"TGI_percent_Day_24_control_median",119,8,-0.493892275037613,0.213525377846239,0.105263157894737,0.804084671089484
"TGI_percent_Day_24_control_median",120,8,-0.432622736778861,0.284362769085705,-0.1,0.813746249999999
"TGI_percent_Day_24_control_median",121,8,-0.0681701603957071,0.872576395147824,0.125,0.768054962158203
"TGI_percent_Day_24_control_median",122,8,0.0554573434787757,0.896230484266774,-0.0617283950617284,0.88455293510991
"TGI_percent_Day_24_control_median",123,8,-0.43079533443572,0.286630995074351,-0.325,0.432175440673828
"TGI_percent_Day_24_control_median",124,8,-0.533013760873346,0.17375484878063,-0.234567901234568,0.576051906571553
"TGI_percent_Day_24_control_median",125,8,-0.0921563039391052,0.828182767012152,0,1
"TGI_percent_Day_24_control_median",126,8,-0.471276390908837,0.238477865465545,-0.349397590361446,0.396244333445432
"TGI_percent_Day_24_control_median",127,8,-0.972313581701736,5.19611002798199e-05,-0.925,0.000996251220703114
"TGI_percent_Day_24_control_median",128,8,0.18235258244494,0.665592886820414,0.810810810810811,0.0146177229257338
"TGI_percent_Day_24_control_median",129,8,-0.771902275532862,0.0248249694283882,-0.802469135802469,0.016526566994929
"TGI_percent_Day_24_control_median",130,8,-0.869724086216012,0.00500153860909735,-0.734939759036145,0.0377913597475923
"TGI_percent_Day_24_control_median",131,8,-0.317978312489702,0.442760188132643,-0.219512195121951,0.601445165632524
"TGI_percent_Day_24_control_median",132,8,-0.477915750359935,0.231005493066883,-0.162162162162162,0.701234279866665
"TGI_percent_Day_24_control_median",133,8,-0.232778172411702,0.579051184048069,-0.259259259259259,0.535232404809648
"TGI_percent_Day_24_control_median",134,8,-0.616519845172987,0.103545207433239,-0.487804878048781,0.220101844181823
"TGI_percent_Day_24_control_median",135,8,-0.159202276727018,0.70650117980198,0.048780487804878,0.908681575447135
"TGI_percent_Day_24_control_median",136,8,-0.769174966353631,0.025669019482656,-0.726027397260274,0.0414264515948147
"TGI_percent_Day_24_control_median",137,8,0.701365708182685,0.0525602066709696,0.45679012345679,0.255201343606103
"TGI_percent_Day_24_control_median",138,8,-0.715308506967118,0.0460695390009555,-0.45679012345679,0.255201343606103
"TGI_percent_Day_24_control_median",139,8,-0.940115343171554,0.00051306684308368,-0.8,0.0171199999999999
"TGI_percent_Day_24_control_median",140,8,-0.941341621625098,0.000482642189898736,-1,0
"TGI_percent_Day_24_control_median",141,8,-0.127757270384897,0.763048909788827,-0.0886075949367088,0.834728317893272
"TGI_percent_Day_24_control_median",142,8,-0.520050414435224,0.186452034131224,-0.55,0.1578455859375
"TGI_percent_Day_24_control_median",143,8,-0.47697502862123,0.232056846313427,-0.301204819277108,0.468469529828103
"TGI_percent_Day_24_control_median",144,8,-0.00131219875729143,0.997539630154364,0.536585365853659,0.170340970786708
"TGI_percent_Day_24_control_median",145,8,-0.471276390908837,0.238477865465545,-0.349397590361446,0.396244333445432
"TGI_percent_Day_24_control_median",146,8,0.0026434549581028,0.995043545043606,0.365853658536585,0.37277785416078
"TGI_percent_Day_24_control_median",147,8,-0.584858634766241,0.127798992554924,-0.392405063291139,0.336280494675457
"TGI_percent_Day_24_control_median",148,8,-0.406769590107714,0.317261774819383,-0.121951219512195,0.773598436910597
"TGI_percent_Day_24_control_median",149,8,-0.413477538382739,0.308559654572889,-0.308641975308642,0.456997506224647
"TGI_percent_Day_24_control_median",150,8,0.118547914214156,0.779796413109548,0.139240506329114,0.742278902896378
"TGI_percent_Day_24_control_median",151,8,-0.533398833640331,0.173385024653847,-0.102564102564103,0.809036692029818
"TGI_percent_Day_24_control_median",152,8,-0.587006917302834,0.126061976022061,-0.487804878048781,0.220101844181823
"TGI_percent_Day_24_control_median",153,8,-0.797889121874057,0.0176377664423321,-0.518987341772152,0.187514534406167
"TGI_percent_Day_24_control_median",154,8,-0.178682867073756,0.672032456794746,-0.048780487804878,0.908681575447135
"TGI_percent_Day_24_control_median",155,8,-0.958378420995947,0.0001746783228783,-0.620253164556962,0.100875222859378
"TGI_percent_Day_24_control_median",156,8,-0.565028146596698,0.14446216137954,-0.487804878048781,0.220101844181823
"TGI_percent_Day_24_control_median",157,8,-0.729568008491589,0.0399580282252039,-0.620253164556962,0.100875222859378
"TGI_percent_Day_24_control_median",158,8,-0.621682398859268,0.0998636299311578,-0.481481481481481,0.227042659068039
"TGI_percent_Day_24_control_median",159,8,-0.490226022567452,0.217473781470671,-0.301204819277108,0.468469529828103
"TGI_percent_Day_24_control_median",160,8,-0.520050414435224,0.186452034131224,-0.55,0.1578455859375
"TGI_percent_Day_24_control_median",161,8,-0.162597742065409,0.70046006868136,0.05,0.9064061328125
"TGI_percent_Day_24_control_median",162,8,-0.746164759621184,0.0334990562479477,-0.469879518072289,0.240065454942806
"TGI_percent_Day_24_control_median",163,8,-0.579395449743876,0.132276316367147,-0.432098765432099,0.285012238128342
"TGI_percent_Day_24_control_median",164,8,-0.58779911296266,0.12542479880879,-0.620253164556962,0.100875222859378
"TGI_percent_Day_24_control_median",165,8,-0.79023405658195,0.0195971853083398,-0.620253164556962,0.100875222859378
"TGI_percent_Day_24_control_median",166,8,-0.458273988324017,0.253462021891018,0.0617283950617284,0.88455293510991
"TGI_percent_Day_24_control_median",167,8,-0.4579174559602,0.253879388264325,-0.45,0.2632364453125
"TGI_percent_Day_24_control_median",168,8,0.0652976779591349,0.877914427880057,0.139240506329114,0.742278902896378
"TGI_percent_Day_24_control_median",169,8,0.741335436453506,0.0353070170994697,0.540540540540541,0.166603118711555
"TGI_percent_Day_24_control_median",170,8,-0.308554526381815,0.457131729976612,-0.121951219512195,0.773598436910597
"TGI_percent_Day_24_control_median",171,8,-0.455886766998288,0.256263142491178,0.0617283950617284,0.88455293510991
"TGI_percent_Day_24_control_median",172,8,-0.246713254887671,0.555840886542334,-0.135802469135802,0.74848368865351
"TGI_percent_Day_24_control_median",173,8,-0.926982175140074,0.000920734713256385,-0.802469135802469,0.016526566994929
"TGI_percent_Day_24_control_median",174,8,-0.912190681487513,0.00158311538337442,-0.615384615384616,0.104365016307875
"TGI_percent_Day_24_control_median",175,8,-0.203903455335237,0.628145865131555,-0.308641975308642,0.456997506224647
"TGI_percent_Day_24_control_median",176,8,-0.0180484352348261,0.966166532223834,0.468354430379747,0.241804882823014
"TGI_percent_Day_24_control_median",177,8,-0.75388362289742,0.0307292194289053,-0.69620253164557,0.0550950655487158
"TGI_percent_Day_24_control_median",178,8,0.0036644149786813,0.993129283421642,0.027027027027027,0.949348996625618
"TGI_percent_Day_24_control_median",179,8,-0.478305279768784,0.230570870347725,-0.544303797468354,0.163088312636417
"TGI_percent_Day_24_control_median",180,8,-0.432784300368764,0.284162655027124,-0.253012048192771,0.54545933813052
"TGI_percent_Day_24_control_median",181,8,0.323768252129237,0.434024499047463,0.160493827160494,0.70420169577901
"TGI_percent_Day_24_control_median",182,8,-0.188041260610867,0.65564578106864,0.0886075949367088,0.834728317893272
"TGI_percent_Day_24_control_median",183,8,-0.954391265266134,0.000229144070594581,-0.746835443037975,0.0332525591774179
"TGI_percent_Day_24_control_median",184,8,-0.333182025756078,0.419977271228336,-0.390243902439024,0.339186635335989
"TGI_percent_Day_24_control_median",185,8,-0.719435667973895,0.0442464224586343,-0.432432432432432,0.284598569995075
"TGI_percent_Day_24_control_median",186,8,-1,0,-1,2.18952885050751e-46
"TGI_percent_Day_24_control_median",187,8,0.265687946063978,0.524782302236718,0.518987341772152,0.187514534406167
"TGI_percent_Day_24_control_median",188,8,-0.538836654298431,0.168207882325838,-0.670886075949367,0.0685705618098423
"TGI_percent_Day_24_control_median",189,8,-0.89593384552517,0.00260219971941357,-0.342465753424658,0.406316873398979
"TGI_percent_Day_24_control_median",190,8,-0.984153921293836,9.82946033991547e-06,-1,0
"TGI_percent_Day_24_control_median",191,8,-0.643762051235264,0.0849759460485435,-0.493670886075949,0.213762737730047
"TGI_percent_Day_24_control_median",192,8,-0.614887966929493,0.104724834104544,-0.439024390243902,0.276486445900293
"TGI_percent_Day_24_control_median",193,8,-0.583617245550333,0.128808802810542,0.0769230769230769,0.856337178454751
"TGI_percent_Day_24_control_median",194,8,-0.726359103562752,0.0412875132426522,-0.414634146341463,0.307070866237017
"TGI_percent_Day_24_control_median",195,8,-0.307332070554059,0.459009729786085,-0.036144578313253,0.932287918005115
"TGI_percent_Day_24_control_median",196,8,-0.833970769962058,0.010064339458116,-0.731707317073171,0.0390863390212493
"TGI_percent_Day_24_control_median",197,8,-0.616399887041708,0.103631660906908,-0.102564102564103,0.809036692029818
"TGI_percent_Day_24_control_median",198,8,0.0495698018552209,0.907208760782916,0.265822784810127,0.52456393016539
"TGI_percent_Day_24_control_median",199,8,-0.993904885763903,5.63505463945773e-07,-1,0
"TGI_percent_Day_24_control_median",200,8,0.263913655786499,0.527658906045369,0.615384615384616,0.104365016307875
"TGI_percent_Day_24_control_median",201,8,-0.616519845172987,0.103545207433239,-0.487804878048781,0.220101844181823
"TGI_percent_Day_24_control_median",202,8,-0.966442620328143,9.21105002787211e-05,-1,0
"TGI_percent_Day_24_control_median",203,8,-0.360108281697115,0.380898718807103,-0.390243902439024,0.339186635335989
"TGI_percent_Day_24_control_median",204,8,-0.613573777349666,0.105680366840209,-0.615384615384616,0.104365016307875
"TGI_percent_Day_24_control_median",205,8,-0.55563224853483,0.15275350823532,-0.113924050632911,0.788233439851227
"TGI_percent_Day_24_control_median",206,8,-0.119877098970791,0.777374526055109,0.265822784810127,0.52456393016539
"TGI_percent_Day_24_control_median",207,8,0.707735225396172,0.049531203026211,0.316455696202532,0.445069441835733
"TGI_percent_Day_24_control_median",208,8,0.884374324076328,0.00353720106543494,0.772151898734177,0.0247485870017686
"TGI_percent_Day_24_control_median",209,8,-0.453802183633135,0.258721778986254,-0.1,0.813746249999999
"TGI_percent_Day_24_control_median",210,8,-0.667132376910774,0.0707184472663244,-0.407407407407407,0.316429397723464
"TGI_percent_Day_24_control_median",211,8,-0.66176092255212,0.0738601005314226,-0.594936708860759,0.119765536998206
"TGI_percent_Day_24_control_median",212,8,-0.67757437709331,0.0648400108302316,-0.307692307692308,0.458455990282607
"TGI_percent_Day_24_control_median",213,8,0.708493806011814,0.0491776438938192,0.518987341772152,0.187514534406167
"TGI_percent_Day_24_control_median",214,8,-0.130998758742524,0.757172894605725,0.036144578313253,0.932287918005115
"TGI_percent_Day_24_control_median",215,8,-0.0699516747440542,0.869267844401244,0.048780487804878,0.908681575447135
"TGI_percent_Day_24_control_median",216,8,-0.846151189004562,0.00808566072580515,-0.746835443037975,0.0332525591774179
"TGI_percent_Day_24_control_median",217,8,0.0622231075639892,0.883632461224291,0.439024390243902,0.276486445900293
"TGI_percent_Day_24_control_median",218,8,-0.808033622285884,0.0152369294829909,-0.536585365853659,0.170340970786708
"TGI_percent_Day_24_control_median",219,8,0.501012608078887,0.205964707174047,-0.2,0.63488
"TGI_percent_Day_24_control_median",220,8,-0.75446551214978,0.0305263386306081,-0.560975609756098,0.148007079914522
"TGI_percent_Day_24_control_median",221,8,0.0210786475135903,0.960489241152622,0.317073170731707,0.444132360252344
"TGI_percent_Day_24_control_median",222,8,-0.614887966929493,0.104724834104544,-0.439024390243902,0.276486445900293
"TGI_percent_Day_24_control_median",223,8,-0.467052412580861,0.243294937094234,-0.228915662650602,0.585542062912906
"TGI_percent_Day_24_control_median",224,8,-0.417887831263584,0.302901210015445,-0.259259259259259,0.535232404809648
"TGI_percent_Day_24_control_median",225,8,-0.596153197685314,0.11881565858289,0.037037037037037,0.930619036000443
"TGI_percent_Day_24_control_median",226,8,-0.114693473833291,0.786828226411898,-0.481481481481481,0.227042659068039
"TGI_percent_Day_24_control_median",227,8,-0.550924016724127,0.157003926975387,-0.382716049382716,0.34939965019076
"TGI_percent_Day_24_control_median",228,8,-0.932822773724934,0.000720218377096342,-0.851851851851852,0.0072523990851707
"TGI_percent_Day_24_control_median",229,8,-0.692232535246214,0.0570928875098765,-0.560975609756098,0.148007079914522
"TGI_percent_Day_24_control_median",230,8,-0.984702391809413,8.84737581813801e-06,-1,0
"TGI_percent_Day_24_control_median",231,8,-0.197271163280248,0.63960076899442,-0.175,0.678512669677734
"TGI_percent_Day_24_control_median",232,8,-0.1988252732372,0.636910919649928,0.125,0.768054962158203
"TGI_percent_Day_24_control_median",233,8,-0.0699516747440542,0.869267844401244,0.048780487804878,0.908681575447135
"TGI_percent_Day_24_control_median",234,8,0.67340437004647,0.0671514412922674,0.209876543209877,0.617884622686196
"TGI_percent_Day_24_control_median",235,8,-0.537816813747188,0.169172377718898,-0.24390243902439,0.560495956966516
"TGI_percent_Day_24_control_median",236,8,-0.363295510630304,0.37638405793457,-0.390243902439024,0.339186635335989
"TGI_percent_Day_24_control_median",237,8,-0.237961144018977,0.570380063961386,-0.111111111111111,0.793374993649342
"TGI_percent_Day_24_control_median",238,8,-0.477776271519352,0.231161220515272,-0.24390243902439,0.560495956966516
"TGI_percent_Day_24_control_median",239,8,-0.123003702181021,0.771683793220271,-0.121951219512195,0.773598436910597
"TGI_percent_Day_24_control_median",240,8,-0.463659213984432,0.247199981315587,-0.414634146341463,0.307070866237017
"TGI_percent_Day_24_control_median",241,8,0.0745997874737642,0.860643478819874,0.414634146341463,0.307070866237017
"TGI_percent_Day_24_control_median",242,8,-0.694571414744037,0.055910748364794,-0.620253164556962,0.100875222859378
"TGI_percent_Day_24_control_median",243,8,-0.852726541688306,0.00712962736757947,-0.62962962962963,0.094345165105607
"TGI_percent_Day_24_control_median",244,8,-0.968890403716649,7.35249187858379e-05,-0.746835443037975,0.0332525591774179
"TGI_percent_Day_24_control_median",245,8,-0.40247877194741,0.322888336416014,-0.268292682926829,0.520569891636616
"TGI_percent_Day_24_control_median",246,8,-0.846229830918406,0.00807377092317611,-0.746835443037975,0.0332525591774179
"TGI_percent_Day_24_control_median",247,8,-0.224720758596779,0.592619007059855,-0.113924050632911,0.788233439851227
"TGI_percent_Day_24_control_median",248,8,-0.359348844127961,0.381977978638478,-0.048780487804878,0.908681575447135
"TGI_percent_Day_24_control_median",249,8,-0.917221414422136,0.00133147697311428,-0.925925925925926,0.000960491276443552
"TGI_percent_Day_24_control_median",250,8,-0.57121705705685,0.139139899237127,-0.45679012345679,0.255201343606103
"TGI_percent_Day_24_control_median",251,8,0.726773537669533,0.0411143214381824,0.45679012345679,0.255201343606103
"TGI_percent_Day_24_control_median",252,8,-0.115940564243862,0.784551708327178,-0.225,0.592147037353515
"TGI_percent_Day_24_control_median",253,8,-0.463575621878373,0.247296579955245,-0.102564102564103,0.809036692029818
"TGI_percent_Day_24_control_median",254,8,-0.574947425233176,0.135985299702272,-0.634146341463415,0.0912890821441658
"TGI_percent_Day_24_control_median",255,8,-0.917221414422136,0.00133147697311428,-0.925925925925926,0.000960491276443552
"TGI_percent_Day_24_control_median",256,8,-0.925352818739895,0.000982524343439648,-0.917808219178082,0.00130395207243574
"TGI_percent_Day_24_control_median",257,8,-0.558171429834706,0.150487730666445,-0.392405063291139,0.336280494675457
"TGI_percent_Day_24_control_median",258,8,-0.938719296025872,0.000549204309404054,-0.974683544303797,3.97984255471571e-05
"TGI_percent_Day_24_control_median",259,8,-0.490787228227426,0.216866949844371,-0.301204819277108,0.468469529828103
"TGI_percent_Day_24_control_median",260,8,0.303473801367527,0.464957414102719,0.259259259259259,0.535232404809648
"TGI_percent_Day_24_control_median",261,8,-0.541208540876635,0.165976251931168,-0.392405063291139,0.336280494675457
"TGI_percent_Day_24_control_median",262,8,0.1264878863353,0.765352700449419,0.594936708860759,0.119765536998206
"TGI_percent_Day_24_control_median",263,8,-0.237494912895312,0.57115823107512,-0.0731707317073171,0.863293782609012
"TGI_percent_Day_24_control_median",264,8,-0.143130433715881,0.735273180435623,0.075,0.859901453857422
"TGI_percent_Day_24_control_median",265,8,-0.734696179152764,0.0378880179493737,-0.560975609756098,0.148007079914522
"TGI_percent_Day_24_control_median",266,8,0.860222631364697,0.00613160458864771,0.846153846153846,0.00808525881177396
"TGI_percent_Day_24_control_median",267,8,-0.870820323326713,0.00488053916769978,-0.75609756097561,0.0299617108971145
"TGI_percent_Day_24_control_median",268,8,-0.647817739469948,0.0823916789974227,-0.45679012345679,0.255201343606103
"TGI_percent_Day_24_control_median",269,8,-0.252511272877889,0.546282147766179,-0.333333333333333,0.419753086419753
"TGI_percent_Day_24_control_median",270,8,-0.955256570562154,0.000216490441299371,-0.62962962962963,0.094345165105607
"TGI_percent_Day_24_control_median",271,8,-0.938719296025872,0.000549204309404054,-0.974683544303797,3.97984255471571e-05
"TGI_percent_Day_24_control_median",272,8,-0.748540569390512,0.0326308859369533,-0.316455696202532,0.445069441835733
"TGI_percent_Day_24_control_median",273,8,-0.449693173100972,0.263602466666581,-0.301204819277108,0.468469529828103
"TGI_percent_Day_24_control_median",274,8,-0.895495509854602,0.00263432159585761,-1,0
"TGI_percent_Day_24_control_median",275,8,-0.298290328064043,0.472996324078052,-0.036144578313253,0.932287918005115
"TGI_percent_Day_24_control_median",276,8,-0.160081832911199,0.704935001010443,0.259259259259259,0.535232404809648
"TGI_percent_Day_24_control_median",277,8,-0.195656216487285,0.64239955290826,0.048780487804878,0.908681575447135
"TGI_percent_Day_24_control_median",278,8,-0.131206979110197,0.756795786895105,-0.468354430379747,0.241804882823014
"TGI_percent_Day_24_control_median",279,8,0.0422023932476163,0.920964417752596,0.0617283950617284,0.88455293510991
"TGI_percent_Day_24_control_median",280,8,-0.141468045272959,0.738265203609643,0.24390243902439,0.560495956966516
"TGI_percent_Day_24_control_median",281,8,-0.414520001340883,0.307217640817809,-0.121951219512195,0.773598436910597
"TGI_percent_Day_24_control_median",282,8,-0.477776271519352,0.231161220515272,-0.24390243902439,0.560495956966516
"TGI_percent_Day_24_control_median",283,8,-0.13406625421706,0.751621625183053,0.215189873417721,0.608801860963225
"TGI_percent_Day_24_control_median",284,8,-0.692232535246214,0.0570928875098766,-0.560975609756098,0.148007079914522
"TGI_percent_Day_24_control_median",285,8,-0.269341964446799,0.51887655537199,0.048780487804878,0.908681575447135
"TGI_percent_Day_24_control_median",286,8,-0.887409781385449,0.0032736223402576,-0.925925925925926,0.000960491276443552
"TGI_percent_Day_24_control_median",287,8,-0.676000297221679,0.0657068947989895,-0.432432432432432,0.284598569995075
"TGI_percent_Day_24_control_median",288,8,-0.678069475209815,0.0645687567611317,-0.634146341463415,0.0912890821441658
"TGI_percent_Day_24_control_median",289,8,-0.965410333911388,0.000100796124336136,-0.924050632911392,0.00103380815542862
"TGI_percent_Day_24_control_median",290,8,-0.972611704203933,5.03119428329225e-05,-0.848101265822785,0.00779410868380387
"TGI_percent_Day_24_control_median",291,8,-0.196921669409992,0.640206145944112,0.125,0.768054962158203
"TGI_percent_Day_24_control_median",292,8,-0.163625454857595,0.698634278651659,-0.219512195121951,0.601445165632524
"TGI_percent_Day_24_control_median",293,8,-0.275954441982675,0.508253036806849,0.125,0.768054962158203
"TGI_percent_Day_24_control_median",294,8,-0.541102651227207,0.166075535787249,-0.292682926829268,0.48175433009408
"TGI_percent_Day_24_control_median",295,8,-0.817665367551315,0.0131578597317971,-0.63855421686747,0.0883625688449136
"TGI_percent_Day_24_control_median",296,8,0.245337956350019,0.558116849842115,0.756756756756757,0.0297354894241181
"TGI_percent_Day_24_control_median",297,8,-0.111583716222426,0.792510695913921,-0.1,0.813746249999999
"TGI_percent_Day_24_control_median",298,8,-0.542542268433726,0.164728483067435,-0.392405063291139,0.336280494675457
"TGI_percent_Day_24_control_median",299,8,-0.351767736959613,0.392825592096345,-0.291139240506329,0.484176479990479
"TGI_percent_Day_24_control_median",300,8,-0.232778172411702,0.579051184048069,-0.259259259259259,0.535232404809648
"TGI_percent_Day_24_control_median",301,8,-0.874474010822388,0.0044908811385737,0.0769230769230769,0.856337178454751
"TGI_percent_Day_24_control_median",302,8,-0.227560288798409,0.587825516043112,0.0886075949367088,0.834728317893272
"TGI_percent_Day_24_control_median",303,8,-0.694892622860515,0.0557495530651157,-0.560975609756098,0.148007079914522
"TGI_percent_Day_24_control_median",304,8,-0.965016884342174,0.00010424385173872,-0.974683544303797,3.97984255471571e-05
"TGI_percent_Day_24_control_median",305,8,-0.487788117583639,0.220120094039864,-0.215189873417721,0.608801860963226
"TGI_percent_Day_24_control_median",306,8,0.198279760187032,0.637854699435906,0.594936708860759,0.119765536998206
"TGI_percent_Day_24_control_median",307,8,-0.738184032460566,0.036518270866253,-0.341463414634146,0.407782409074504
"TGI_percent_Day_24_control_median",308,8,-0.891237453384302,0.00295979418933207,-0.384615384615385,0.346809662449871
"TGI_percent_Day_24_control_median",309,8,0.644558075590093,0.0844650586075768,0.439024390243902,0.276486445900293
"TGI_percent_Day_24_control_median",310,8,-0.233972513720365,0.577049084259992,0,1
"TGI_percent_Day_24_control_median",311,8,-0.134245564947743,0.751297410660425,-0.036144578313253,0.932287918005115
"TGI_percent_Day_24_control_median",312,8,0.689316428165255,0.0585874969895944,0.53125,0.175454188138247
"TGI_percent_Day_24_control_median",313,8,-0.943434836394712,0.000433488996709747,-0.802469135802469,0.016526566994929
"TGI_percent_Day_24_control_median",314,8,-0.857628545107004,0.00646611896342951,-0.75609756097561,0.0299617108971145
"TGI_percent_Day_24_control_median",315,8,-0.173857749225038,0.680526046536722,0.240506329113924,0.566138469404116
"TGI_percent_Day_24_control_median",316,8,-0.258840428344039,0.535915850211624,-0.367088607594937,0.371042516598345
"TGI_percent_Day_24_control_median",317,8,-0.584840438627945,0.127813762117368,-0.113924050632911,0.788233439851227
"TGI_percent_Day_24_control_median",318,8,0.172051343386591,0.683713453337749,0.835616438356164,0.00978082574112047
"TGI_percent_Day_24_control_median",319,8,-0.13585153187783,0.748395059040908,-0.392405063291139,0.336280494675457
"TGI_percent_Day_24_control_median",320,8,-0.746164759621183,0.0334990562479478,-0.469879518072289,0.240065454942806
"TGI_percent_Day_24_control_median",321,8,-0.576431575961083,0.134741392110339,-0.341463414634146,0.407782409074504
"TGI_percent_Day_24_control_median",322,8,-0.130330586481375,0.758383303163014,0.102564102564103,0.809036692029818
"TGI_percent_Day_24_control_median",323,8,0.0348905071088318,0.934633372120299,0.0975609756097561,0.818230605541778
"TGI_percent_Day_24_control_median",324,8,-0.868834000074872,0.00510118767642946,-0.746835443037975,0.0332525591774179
"TGI_percent_Day_24_control_median",325,8,-0.618312580298897,0.102258101787132,-0.560975609756098,0.148007079914522
"TGI_percent_Day_24_control_median",326,8,-0.937353119254938,0.000586146554269774,-0.75,0.0321044921875
"TGI_percent_Day_24_control_median",327,8,-0.330577876111414,0.42384366395752,-0.432098765432099,0.285012238128342
"TGI_percent_Day_24_control_median",328,8,-0.833970769962058,0.010064339458116,-0.731707317073171,0.0390863390212493
"TGI_percent_Day_24_control_median",329,8,-0.643445999037542,0.0851792847590293,-0.392405063291139,0.336280494675457
"TGI_percent_Day_24_control_median",330,8,-0.879102763574825,0.00402675392011303,-0.75609756097561,0.0299617108971145
"TGI_percent_Day_24_control_median",331,8,-0.195656216487285,0.64239955290826,0.048780487804878,0.908681575447135
"TGI_percent_Day_24_control_median",332,8,-0.792409266063069,0.0190272751353799,-0.620253164556962,0.100875222859378
"TGI_percent_Day_24_control_median",333,8,-0.466107683966801,0.244379009678326,-0.102564102564103,0.809036692029818
"TGI_percent_Day_24_control_median",334,8,0.29724324956726,0.474626882953047,0.736842105263158,0.0370416328264742
"TGI_percent_Day_24_control_median",335,8,-0.47697502862123,0.232056846313427,-0.301204819277108,0.468469529828103
"TGI_percent_Day_24_control_median",336,8,-0.635715294752013,0.0902410840416376,-0.407407407407407,0.316429397723464
"TGI_percent_Day_24_control_median",337,8,-0.748540569390512,0.0326308859369534,-0.316455696202532,0.445069441835733
"TGI_percent_Day_24_control_median",338,8,-0.856271375836404,0.00664568075459758,-0.753086419753086,0.0310085131644479
"TGI_percent_Day_24_control_median",339,8,0.829081387332764,0.0109372432981704,0.775,0.0238873864746093
"TGI_percent_Day_24_control_median",340,8,-0.384158290688755,0.347432159686786,-0.268292682926829,0.520569891636616
"TGI_percent_Day_24_control_median",341,8,-0.397003971137371,0.330135038642593,-0.432098765432099,0.285012238128342
"TGI_percent_Day_24_control_median",342,8,-0.992946538776632,8.72662991399912e-07,-1,0
"TGI_percent_Day_24_control_median",343,8,-0.559552367011245,0.149263284772123,-0.487804878048781,0.220101844181823
"TGI_percent_Day_24_control_median",344,8,-0.986049012933946,6.71737451061557e-06,-1,0
"TGI_percent_Day_24_control_median",345,8,0.769705255671922,0.0255035364425488,0.62962962962963,0.0943451651056068
"TGI_percent_Day_24_control_median",346,8,-0.570526561239623,0.139728225053025,-0.316455696202532,0.445069441835733
"TGI_percent_Day_24_control_median",347,8,-0.724321173627227,0.0421455998822998,-0.4,0.32616
"TGI_percent_Day_24_control_median",348,8,-0.377813368496353,0.356125865661985,-0.468354430379747,0.241804882823014
"TGI_percent_Day_24_control_median",349,8,-0.222962230681517,0.595594106717282,-0.283950617283951,0.495518316964043
"TGI_percent_Day_24_control_median",350,8,-0.567284167796974,0.142509255023948,-0.292682926829268,0.48175433009408
"TGI_percent_Day_24_control_median",351,8,-0.56787636635582,0.141999056496785,-0.341463414634146,0.407782409074504
"TGI_percent_Day_24_control_median",352,8,-0.292998473676552,0.481259803494042,0,1
"TGI_percent_Day_24_control_median",353,8,-0.657988533184352,0.0761145847732455,-0.555555555555556,0.152822232383275
"TGI_percent_Day_24_control_median",354,8,-0.492211805610339,0.21533050766715,-0.132530120481928,0.75440042927224
"TGI_percent_Day_24_control_median",355,8,0.960801444192283,0.000146182065992869,0.615384615384616,0.104365016307875
"TGI_percent_Day_24_control_median",356,8,-0.686519226279374,0.060042843681671,-0.414634146341463,0.307070866237017
"TGI_percent_Day_24_control_median",357,8,-0.123571521064539,0.770651252219876,0.259259259259259,0.535232404809648
"TGI_percent_Day_24_control_median",358,8,-0.538836654298431,0.168207882325838,-0.670886075949367,0.0685705618098423
"TGI_percent_Day_24_control_median",359,8,-0.426754864055588,0.291677310708875,-0.225,0.592147037353515
"TGI_percent_Day_24_control_median",360,8,-0.958800655275139,0.000169470391941898,-0.848101265822785,0.00779410868380387
"TGI_percent_Day_24_control_median",361,8,-0.262918669635736,0.529274586492779,0.0886075949367088,0.834728317893272
"TGI_percent_Day_24_control_median",362,8,-0.643445999037542,0.0851792847590293,-0.392405063291139,0.336280494675457
"TGI_percent_Day_24_control_median",363,8,-0.864324816626204,0.00562559357854099,-0.848101265822785,0.00779410868380387
"TGI_percent_Day_24_control_median",364,8,-0.738637374216823,0.0363424899372405,-0.594936708860759,0.119765536998206
"TGI_percent_Day_24_control_median",365,8,-0.389882281209811,0.339674044887521,-0.0886075949367088,0.834728317893272
"TGI_percent_Day_24_control_median",366,8,-0.160081832911199,0.704935001010443,0.259259259259259,0.535232404809648
"TGI_percent_Day_24_control_median",367,8,-0.169919095242926,0.687481064478942,0.2,0.63488
"TGI_percent_Day_24_control_median",368,8,-0.546934350120316,0.160655586145374,-0.625,0.0975379943847655
"TGI_percent_Day_24_control_median",369,8,-0.115115029179763,0.786058544086898,-0.027027027027027,0.949348996625618
"TGI_percent_Day_24_control_median",370,8,-0.576208899874878,0.134927617629352,-0.439024390243902,0.276486445900293
"TGI_percent_Day_24_control_median",371,8,-0.866261620257705,0.00539631400525884,-0.804878048780488,0.0159601987985089
"TGI_percent_Day_24_control_median",372,8,-0.293521361538128,0.480440771446606,-0.121951219512195,0.773598436910597
"TGI_percent_Day_24_control_median",373,8,0.655972159660663,0.077335949151456,0.268292682926829,0.520569891636616
"TGI_percent_Day_24_control_median",374,8,-0.173195518891504,0.681694076375453,0.382716049382716,0.34939965019076
"TGI_percent_Day_24_control_median",375,8,0.0836014743487848,0.843976089113929,0.139240506329114,0.742278902896378
"TGI_percent_Day_24_control_median",376,8,-0.703104377407123,0.0517226679915235,-0.555555555555556,0.152822232383275
"TGI_percent_Day_24_control_median",377,8,-0.845171632944422,0.00823469448756455,-0.69620253164557,0.0550950655487158
"TGI_percent_Day_24_control_median",378,8,-0.579947349568535,0.131820097835659,-0.439024390243902,0.276486445900293
"TGI_percent_Day_24_control_median",379,8,0.0210786475135903,0.960489241152622,0.317073170731707,0.444132360252344
"TGI_percent_Day_24_control_median",380,8,-0.148213017418352,0.726143534525527,0.048780487804878,0.908681575447135
"TGI_percent_Day_24_control_median",381,8,-0.164190170998377,0.697631564953592,-0.225,0.592147037353515
"TGI_percent_Day_24_control_median",382,8,-0.46461523876109,0.24609656062587,-0.325,0.432175440673828
"TGI_percent_Day_24_control_median",383,8,-0.215560690215255,0.608169586805346,-0.121951219512195,0.773598436910597
"TGI_percent_Day_24_control_median",384,8,0.763287311028651,0.0275510352252371,0.728395061728395,0.0404409294591197
"TGI_percent_Day_24_control_median",385,8,-0.450518134891521,0.262618924744155,-0.475,0.234272098388671
"TGI_percent_Day_24_control_median",386,8,-0.57608462474103,0.135031611999743,-0.373493975903614,0.362100237410523
"TGI_percent_Day_24_control_median",387,8,-0.928441636363571,0.000867594388665234,-0.620253164556962,0.100875222859378
"TGI_percent_Day_24_control_median",388,8,-0.826605858001778,0.0113968627336976,-0.835616438356164,0.00978082574112054
"TGI_percent_Day_24_control_median",389,8,-0.808309479630694,0.0151747007207783,-0.392405063291139,0.336280494675457
"TGI_percent_Day_24_control_median",390,8,-0.686519226279374,0.060042843681671,-0.414634146341463,0.307070866237017
"TGI_percent_Day_24_control_median",391,8,-0.467052412580861,0.243294937094234,-0.228915662650602,0.585542062912906
"TGI_percent_Day_24_control_median",392,8,0.802174910039878,0.0165965936480972,0.634146341463415,0.0912890821441658
"TGI_percent_Day_24_control_median",393,8,-0.490787228227426,0.216866949844371,-0.301204819277108,0.468469529828103
"TGI_percent_Day_24_control_median",394,8,-0.856414535427242,0.00662659136559579,-0.634146341463415,0.0912890821441658
"TGI_percent_Day_24_control_median",395,8,-0.13585153187783,0.748395059040908,-0.392405063291139,0.336280494675457
"TGI_percent_Day_24_control_median",396,8,-0.263481350714409,0.528360668924592,0.0886075949367088,0.834728317893272
"TGI_percent_Day_24_control_median",397,8,-0.540683894023475,0.16646848460953,-0.382716049382716,0.34939965019076
"TGI_percent_Day_24_control_median",398,8,-0.607815302827756,0.109925749185262,-0.463414634146342,0.247482670349255
"TGI_percent_Day_24_control_median",399,8,-0.121462686474268,0.77448750066915,0.216216216216216,0.607052378046439
"TGI_percent_Day_24_control_median",400,8,-0.100072180874225,0.813613606044396,-0.027027027027027,0.949348996625618
"TGI_percent_Day_24_control_median",401,8,-0.660351400041158,0.074697817957693,-0.392405063291139,0.336280494675457
"TGI_percent_Day_24_control_median",402,8,-0.817665367551315,0.0131578597317971,-0.63855421686747,0.0883625688449136
"TGI_percent_Day_24_control_median",403,8,0.663037922760082,0.0731059301389799,0.102564102564103,0.809036692029818
"TGI_percent_Day_24_control_median",404,8,-0.173857749225038,0.680526046536722,0.240506329113924,0.566138469404116
"TGI_percent_Day_24_control_median",405,8,-0.197717658101047,0.638827624254308,-0.170731707317073,0.68604453895394
"TGI_percent_Day_24_control_median",406,8,-0.559872037830211,0.148980623373753,-0.468354430379747,0.241804882823014
"TGI_percent_Day_24_control_median",407,8,-0.951650551990846,0.000272415303203002,-1,0
"TGI_percent_Day_24_control_median",408,8,-0.368627791212786,0.368884758562705,0.105263157894737,0.804084671089484
"TGI_percent_Day_24_control_median",409,8,-0.187224572046736,0.657071148357093,0.230769230769231,0.582424123266531
"TGI_percent_Day_24_control_median",410,8,-0.111108179324667,0.793380355859453,0.048780487804878,0.908681575447135
"TGI_percent_Day_24_control_median",411,8,-0.0682848479403106,0.872363353353634,0.594936708860759,0.119765536998206
"TGI_percent_Day_24_control_median",412,8,-0.502425105008114,0.204481796831397,0.0632911392405063,0.881645645130731
"TGI_percent_Day_24_control_median",413,8,-0.17542587947493,0.67776242179874,0.341463414634146,0.407782409074504
"TGI_percent_Day_24_control_median",414,8,-0.689877820419275,0.058297972357087,-0.414634146341463,0.307070866237017
"TGI_percent_Day_24_control_median",415,8,-0.847082369888214,0.00794559061142482,-0.615384615384616,0.104365016307875
"TGI_percent_Day_24_control_median",416,8,0.0802663434658926,0.850145770158068,0.721518987341772,0.043343002111805
"TGI_percent_Day_24_control_median",417,8,-0.676436263598916,0.0654661149809175,-0.384615384615385,0.346809662449871
"TGI_percent_Day_24_control_median",418,8,-0.724321173627227,0.0421455998822997,-0.4,0.32616
"TGI_percent_Day_24_control_median",419,8,0.811063616632272,0.0145621571636094,0.62962962962963,0.0943451651056068
"TGI_percent_Day_24_control_median",420,8,-0.309546587233741,0.455609974393026,-0.0731707317073171,0.863293782609012
"TGI_percent_Day_24_control_median",421,8,-0.0656154894534704,0.87732362671316,0.232876712328767,0.578885910188631
"TGI_percent_Day_24_control_median",422,8,0.224206841776478,0.593487947751482,0.65,0.0810203515624999
"TGI_percent_Day_24_control_median",423,8,0.498767162160579,0.208333645415146,0.643835616438356,0.0849286568753826
"TGI_percent_Day_24_control_median",424,8,-0.635631992386022,0.0902965508403911,-0.468354430379747,0.241804882823014
"TGI_percent_Day_24_control_median",425,8,-0.886359970452727,0.00336329228532061,-0.848101265822785,0.00779410868380387
"TGI_percent_Day_24_control_median",426,8,-0.0822201586828692,0.846530569650252,0.121951219512195,0.773598436910598
"TGI_percent_Day_24_control_median",427,8,-0.435954071306896,0.280250494318579,-0.225,0.592147037353515
"TGI_percent_Day_24_control_median",428,8,-0.0544582641126558,0.898092458935197,0.219512195121951,0.601445165632524
"TGI_percent_Day_24_control_median",429,8,-0.412494878076262,0.309827239574106,-0.439024390243902,0.276486445900293
"TGI_percent_Day_24_control_median",430,8,-0.422717417981071,0.296762536767023,-0.291139240506329,0.484176479990479
"TGI_percent_Day_24_control_median",431,8,-0.326298411021475,0.430229890926885,-0.0731707317073171,0.863293782609012
"TGI_percent_Day_24_control_median",432,8,-0.00131219875729141,0.997539630154364,0.536585365853659,0.170340970786708
"TGI_percent_Day_24_control_median",433,8,-0.856271375836404,0.00664568075459758,-0.753086419753086,0.0310085131644479
"TGI_percent_Day_24_control_median",434,8,-0.556952274581251,0.151573296099983,-0.382716049382716,0.34939965019076
"TGI_percent_Day_24_control_median",435,8,0.875953154087215,0.00433901834658092,0.772151898734177,0.0247485870017686
"TGI_percent_Day_24_control_median",436,8,-0.709296161513371,0.0488053393551139,-0.62962962962963,0.094345165105607
"TGI_percent_Day_24_control_median",437,8,-0.595521806410389,0.11930813927939,-0.316455696202532,0.445069441835733
"TGI_percent_Day_24_control_median",438,8,-0.52018763974175,0.186315117018406,-0.743589743589744,0.0344558337392387
"TGI_percent_Day_24_control_median",439,8,0.677547880314875,0.0648545468612013,0.493670886075949,0.213762737730047
"TGI_percent_Day_24_control_median",440,8,0.0761575158637866,0.857755835908896,-0.113924050632911,0.788233439851227
"TGI_percent_Day_24_control_median",441,8,0.596396789398662,0.118625965932876,0.234567901234568,0.576051906571553
"TGI_percent_Day_24_control_median",442,8,-0.488156597630924,0.219719050259744,-0.341463414634146,0.407782409074504
"TGI_percent_Day_24_control_median",443,8,-0.386546514369577,0.344185409621836,-0.555555555555556,0.152822232383275
"TGI_percent_Day_24_control_median",444,8,-0.681760743060893,0.062567590496727,-0.620253164556962,0.100875222859378
"TGI_percent_Day_24_control_median",445,8,-0.114693473833291,0.786828226411898,-0.481481481481481,0.227042659068039
"TGI_percent_Day_24_control_median",446,8,-0.461093358633404,0.250173757438467,-0.487804878048781,0.220101844181823
"TGI_percent_Day_24_control_median",447,8,0.108533392428702,0.798092327801335,0.105263157894737,0.804084671089484
"TGI_percent_Day_24_control_median",448,8,0.938146947649297,0.000564489130859443,0.822784810126582,0.0121299609627337
"TGI_percent_Day_24_control_median",449,8,-0.437005665337303,0.278958480105712,-0.432432432432432,0.284598569995075
"TGI_percent_Day_24_control_median",450,8,-0.379368332126085,0.353986192485899,-0.259259259259259,0.535232404809648
"TGI_percent_Day_24_control_median",451,8,-0.795379392050722,0.0182659785155474,-0.746835443037975,0.0332525591774179
"TGI_percent_Day_24_control_median",452,8,-0.599578827066692,0.116163716256978,-0.756756756756757,0.0297354894241181
"TGI_percent_Day_24_control_median",453,8,-0.61493216726213,0.104692782644019,-0.414634146341463,0.307070866237017
"TGI_percent_Day_24_control_median",454,8,-0.577760146257193,0.133633274478532,-0.384615384615385,0.346809662449871
"TGI_percent_Day_24_control_median",455,8,-0.838759318889761,0.00925357333633194,-0.731707317073171,0.0390863390212493
"TGI_percent_Day_24_control_median",456,8,-0.641174673365868,0.0866489017762331,-0.468354430379747,0.241804882823014
"TGI_percent_Day_24_control_median",457,8,-0.293521361538128,0.480440771446606,-0.121951219512195,0.773598436910597
"TGI_percent_Day_24_control_median",458,8,0.129127672313268,0.760563488214512,-0.111111111111111,0.793374993649342
"TGI_percent_Day_24_control_median",459,8,0.0219635855012803,0.95883151928545,0.219512195121951,0.601445165632524
"TGI_percent_Day_24_control_median",460,8,-0.999607089998741,1.51597232047949e-10,-1,0
"TGI_percent_Day_24_control_median",461,8,-0.405222093135761,0.31928562331073,-0.291139240506329,0.484176479990479
"TGI_percent_Day_24_control_median",462,8,-0.651719924738384,0.0799490033030801,-0.605263157894737,0.111837768489366
"TGI_percent_Day_24_control_median",463,8,-0.975733757606327,3.5075982195344e-05,-1,0
"TGI_percent_Day_24_control_median",464,8,-0.433709091335954,0.283018526457956,-0.111111111111111,0.793374993649342
"TGI_percent_Day_24_control_median",465,8,-0.628936742876592,0.0948191246434589,-0.283950617283951,0.495518316964043
"TGI_percent_Day_24_control_median",466,8,0.150248589475261,0.722494940939018,0.105263157894737,0.804084671089484
"TGI_percent_Day_24_control_median",467,8,-0.0211878388638622,0.960284690204365,0.121951219512195,0.773598436910598
"TGI_percent_Day_24_control_median",468,8,-0.117636491513832,0.781457998466839,-0.1,0.813746249999999
"TGI_percent_Day_24_control_median",469,8,-0.486877995187233,0.221112268710139,-0.325,0.432175440673828
"TGI_percent_Day_24_control_median",470,8,-0.123814926085603,0.770208726349923,0.170731707317073,0.68604453895394
"TGI_percent_Day_24_control_median",471,8,0.689144394899625,0.0586763901848573,0.68421052631579,0.0612600707806916
"TGI_percent_Day_24_control_median",472,8,0.848529302300297,0.00773102486091382,0.794871794871795,0.0183947102705782
"TGI_percent_Day_24_control_median",473,8,-0.588055685300246,0.125218821269374,-0.518072289156627,0.188431668335035
"TGI_percent_Day_24_control_median",474,8,-0.873566261578718,0.00458574904686733,-0.746835443037975,0.0332525591774179
"TGI_percent_Day_24_control_median",475,8,-0.433709091335954,0.283018526457956,-0.111111111111111,0.793374993649342
"TGI_percent_Day_24_control_median",476,8,-0.191211484608715,0.65012141705255,0.121951219512195,0.773598436910598
"TGI_percent_Day_24_control_median",477,8,-0.0383168104997449,0.928226269211524,0.234567901234568,0.576051906571553
"TGI_percent_Day_24_control_median",478,8,-0.567398041853979,0.142411070195324,-0.373493975903614,0.362100237410523
"TGI_percent_Day_24_control_median",479,8,-0.736998606695971,0.0369803619777324,-0.414634146341463,0.307070866237017
"TGI_percent_Day_24_control_median",480,8,-0.0975761318906686,0.818202725997519,0.175,0.678512669677734
"TGI_percent_Day_24_control_median",481,8,0.831427630439316,0.0105126255376189,0.69620253164557,0.0550950655487157
"TGI_percent_Day_24_control_median",482,8,-0.301454886366196,0.468081935898682,0,1
"TGI_percent_Day_24_control_median",483,8,-0.714846842545005,0.0462762427059888,-0.555555555555556,0.152822232383275
"TGI_percent_Day_24_control_median",484,8,-0.460472006347196,0.250896590557168,-0.268292682926829,0.520569891636616
"TGI_percent_Day_24_control_median",485,8,-0.524326833794346,0.18221042135712,-0.4,0.32616
"TGI_percent_Day_24_control_median",486,8,-0.764972990668451,0.0270037883253119,-0.736842105263158,0.0370416328264742
"TGI_percent_Day_24_control_median",487,8,-0.16241717306785,0.700780989468677,-0.0602409638554217,0.887321161362284
"TGI_percent_Day_24_control_median",488,8,-0.0732432431068041,0.863159277108849,0.316455696202532,0.445069441835733
"TGI_percent_Day_24_control_median",489,8,-0.574469473683066,0.136387237613024,-0.487804878048781,0.220101844181823
"TGI_percent_Day_24_control_median",490,8,0.625835004519966,0.0969576110303632,0.45679012345679,0.255201343606103
"TGI_percent_Day_24_control_median",491,8,-0.576060899047186,0.135051470907768,-0.4,0.32616
"TGI_percent_Day_24_control_median",492,8,-0.618312580298898,0.102258101787132,-0.560975609756098,0.148007079914522
"TGI_percent_Day_24_control_median",493,8,-0.390695814207199,0.338577984191517,-0.162162162162162,0.701234279866665
"TGI_percent_Day_24_control_median",494,8,-0.87351515227074,0.00459112838747388,-0.634146341463415,0.0912890821441658
"TGI_percent_Day_24_control_median",495,8,-0.82639264514365,0.011437010039001,-0.634146341463415,0.0912890821441658
"TGI_percent_Day_24_control_median",496,8,-0.448389978499015,0.265159901259352,-0.105263157894737,0.804084671089484
"TGI_percent_Day_24_control_median",497,8,-0.0689473479326688,0.871132835279123,0.234567901234568,0.576051906571553
"TGI_percent_Day_24_control_median",498,8,-0.646418407206238,0.0832780805829442,-0.392405063291139,0.336280494675457
"TGI_percent_Day_24_control_median",499,8,-0.799577367882218,0.0172228925987258,-0.407407407407407,0.316429397723464
"TGI_percent_Day_24_control_median",500,8,-0.761606608875197,0.0281034257157563,-0.620253164556962,0.100875222859378
"TGI_percent_Day_24_control_median",501,8,-0.74471695290915,0.0340349763509444,-0.837837837837838,0.00940624141192286
"TGI_percent_Day_24_control_median",502,8,-0.571217057056851,0.139139899237126,-0.45679012345679,0.255201343606103
"TGI_percent_Day_24_control_median",503,8,-0.268654521795714,0.519985721497908,-0.0120481927710843,0.977411824587767
"TGI_percent_Day_24_control_median",504,8,-0.538836654298431,0.168207882325838,-0.670886075949367,0.0685705618098423
"TGI_percent_Day_24_control_median",505,8,-0.804191769854487,0.0161202913697312,-0.634146341463415,0.0912890821441658
"TGI_percent_Day_24_control_median",506,8,-0.327672995520415,0.428174219660992,0.0886075949367088,0.834728317893272
"TGI_percent_Day_24_control_median",507,8,-0.561939105690102,0.147159979166253,-0.341463414634146,0.407782409074504
"TGI_percent_Day_24_control_median",508,8,-0.178682867073756,0.672032456794746,-0.048780487804878,0.908681575447135
"TGI_percent_Day_24_control_median",509,8,-0.484089399232421,0.224166631660875,-0.102564102564103,0.809036692029818
"TGI_percent_Day_24_control_median",510,8,-0.65318129870482,0.0790452439568646,-0.518987341772152,0.187514534406167
"TGI_percent_Day_24_control_median",511,8,-0.459028848950539,0.252579500858654,-0.121951219512195,0.773598436910597
"TGI_percent_Day_24_control_median",512,8,-0.216869846488422,0.605939061542758,-0.121951219512195,0.773598436910597
"TGI_percent_Day_24_control_median",513,8,0.0778418533666266,0.854635042373802,-0.452054794520548,0.26079176513997
"TGI_percent_Day_24_control_median",514,8,-0.180906797747738,0.66812782439771,0.132530120481928,0.75440042927224
"TGI_percent_Day_24_control_median",515,8,-0.428261816033823,0.289790205076513,-0.139240506329114,0.742278902896378
"TGI_percent_Day_24_control_median",516,8,-0.317978312489702,0.442760188132642,-0.219512195121951,0.601445165632524
"TGI_percent_Day_24_control_median",517,8,-0.0466694192254809,0.912621815447806,0.048780487804878,0.908681575447135
"TGI_percent_Day_24_control_median",518,8,-0.237494912895312,0.57115823107512,-0.0731707317073171,0.863293782609012
"TGI_percent_Day_24_control_median",519,8,-0.014544639224635,0.972732647294672,0.234567901234568,0.576051906571553
"TGI_percent_Day_24_control_median",520,8,-0.809917401759706,0.0148151583338401,-0.560975609756098,0.148007079914522
"TGI_percent_Day_24_control_median",521,8,-0.307332070554059,0.459009729786085,-0.036144578313253,0.932287918005115
"TGI_percent_Day_24_control_median",522,8,-0.737770321661818,0.0366791369716571,-0.620253164556962,0.100875222859378
"TGI_percent_Day_24_control_median",523,8,-0.771902275532862,0.0248249694283883,-0.802469135802469,0.016526566994929
"TGI_percent_Day_24_control_median",524,8,-0.576431575961083,0.134741392110339,-0.341463414634146,0.407782409074504
"TGI_percent_Day_24_control_median",525,8,0.00639681185836508,0.988006304952094,0.538461538461539,0.16856229446825
"TGI_percent_Day_24_control_median",526,8,-0.715899470417077,0.0458057582823425,-0.615384615384616,0.104365016307875
"TGI_percent_Day_24_control_median",527,8,-0.531921619692623,0.17480605020757,-0.292682926829268,0.48175433009408
"TGI_percent_Day_24_control_median",528,8,-0.195270528797191,0.643068514571016,0.075,0.859901453857422
"TGI_percent_Day_24_control_median",529,8,-0.791126787217872,0.0193620174617223,-0.725,0.0418585852050781
"TGI_percent_Day_24_control_median",530,8,0.638337604506376,0.0885050952344805,0.234567901234568,0.576051906571553
"TGI_percent_Day_24_control_median",531,8,-0.901004727473898,0.00224888802173597,-0.62962962962963,0.094345165105607
"TGI_percent_Day_24_control_median",532,8,-0.763668046124906,0.0274268389907048,-0.721518987341772,0.0433430021118049
"TGI_percent_Day_24_control_median",533,8,-0.870820323326713,0.00488053916769979,-0.75609756097561,0.0299617108971145
"TGI_percent_Day_24_control_median",534,8,-0.889973035538664,0.00306120642141265,-0.316455696202532,0.445069441835733
"TGI_percent_Day_24_control_median",535,8,0.0740936854672353,0.861581958608352,0.439024390243902,0.276486445900293
"TGI_percent_Day_24_control_median",536,8,-0.11167191354217,0.792349421536607,0.185185185185185,0.660634430204335
"TGI_percent_Day_24_control_median",537,8,-0.103376352255507,0.80754584846743,-0.468354430379747,0.241804882823014
"TGI_percent_Day_24_control_median",538,8,-0.652264137950712,0.0796117434516057,-0.315068493150685,0.447177633966065
"TGI_percent_Day_24_control_median",539,8,-0.714846842545005,0.0462762427059888,-0.555555555555556,0.152822232383275
"TGI_percent_Day_24_control_median",540,8,-0.808309479630694,0.0151747007207783,-0.392405063291139,0.336280494675457
"TGI_percent_Day_24_control_median",541,8,-0.879102763574825,0.00402675392011301,-0.75609756097561,0.0299617108971145
"TGI_percent_Day_24_control_median",542,8,-0.701339344352914,0.052572968592863,-0.384615384615385,0.346809662449871
"TGI_percent_Day_24_control_median",543,8,-0.675819414778141,0.0658069479219769,-0.424657534246575,0.294313618526343
"TGI_percent_Day_24_control_median",544,8,-0.839231559909181,0.00917594811617692,-0.731707317073171,0.0390863390212493
"TGI_percent_Day_24_control_median",545,8,-0.881247882692534,0.0038226033466325,-0.620253164556962,0.100875222859378
"TGI_percent_Day_24_control_median",546,8,-0.691848409628143,0.0572884490029813,-0.837837837837838,0.00940624141192286
"TGI_percent_Day_24_control_median",547,8,-0.318811429619083,0.44149875567414,-0.0731707317073171,0.863293782609012
"TGI_percent_Day_24_control_median",548,8,-0.886359970452727,0.00336329228532061,-0.848101265822785,0.00779410868380387
"TGI_percent_Day_24_control_median",549,8,-0.822397701249688,0.0122058472172161,-0.848101265822785,0.00779410868380387
"TGI_percent_Day_24_control_median",550,8,-0.811239103824625,0.0145236639711432,-0.7,0.0532237499999999
"TGI_percent_Day_24_control_median",551,8,-0.685634676404927,0.0605074925358782,-0.555555555555556,0.152822232383275
"TGI_percent_Day_24_control_median",552,8,-0.568957077333534,0.14107059697143,-0.432432432432432,0.284598569995075
"TGI_percent_Day_24_control_median",553,8,-0.391706261910735,0.337218911612463,0.048780487804878,0.908681575447135
"TGI_percent_Day_24_control_median",554,8,0.185361440461552,0.660326250315948,0.287671232876712,0.489635358193826
"TGI_percent_Day_24_control_median",555,8,-0.45289930524239,0.259790314330285,-0.0379746835443038,0.928865891742792
"TGI_percent_Day_24_control_median",556,8,-0.164534229826916,0.697020839079176,-0.283950617283951,0.495518316964043
"TGI_percent_Day_24_control_median",557,8,-0.892703267480011,0.00284497886952131,-0.923076923076923,0.00107327636125645
"TGI_percent_Day_24_control_median",558,8,-0.321477450652799,0.437472136007558,-0.447368421052632,0.266383944879123
"TGI_percent_Day_24_control_median",559,8,-0.383231256772006,0.348696223940904,-0.615384615384616,0.104365016307875
"TGI_percent_Day_24_control_median",560,8,-0.419271895357054,0.301135801989552,-0.0617283950617284,0.88455293510991
"TGI_percent_Day_24_control_median",561,8,-0.353319530625364,0.3905942884022,-0.0617283950617284,0.88455293510991
"TGI_percent_Day_24_control_median",562,8,-0.877574126562423,0.00417643410839131,-0.734939759036145,0.0377913597475923
"TGI_percent_Day_24_control_median",563,8,-0.632253702536903,0.092562604411179,-0.468354430379747,0.241804882823014
"TGI_percent_Day_24_control_median",564,8,0.696622222336582,0.0548863467249004,0.518987341772152,0.187514534406167
"TGI_percent_Day_24_control_median",565,8,-0.562808419342644,0.146397980266662,-0.468354430379747,0.241804882823014
"TGI_percent_Day_24_control_median",566,8,0.064639762498312,0.879137627441239,-0.102564102564103,0.809036692029818
"TGI_percent_Day_24_control_median",567,8,0.160071513465896,0.704953371058798,0.382716049382716,0.34939965019076
"TGI_percent_Day_24_control_median",568,8,-0.442522780983767,0.272228149902778,-0.265822784810127,0.52456393016539
"TGI_percent_Day_24_control_median",569,8,-0.460535772206785,0.250822361907118,-0.341463414634146,0.407782409074504
"TGI_percent_Day_24_control_median",570,8,-0.430795334435719,0.286630995074351,-0.325,0.432175440673828
"TGI_percent_Day_24_control_median",571,8,0.206352148878185,0.623932819915444,0.828571428571429,0.0110309466293806
"TGI_percent_Day_24_control_median",572,8,-0.742296869290302,0.0349424451912793,-0.316455696202532,0.445069441835733
"TGI_percent_Day_24_control_median",573,8,-0.195656216487285,0.64239955290826,0.048780487804878,0.908681575447135
"TGI_percent_Day_24_control_median",574,8,-0.424433943098295,0.294595346708264,-0.0731707317073171,0.863293782609012
"TGI_percent_Day_24_control_median",575,8,-0.59985231947759,0.115953450047266,-0.481481481481481,0.227042659068039
"TGI_percent_Day_24_control_median",576,8,-0.172882678992232,0.68224605000703,0.036144578313253,0.932287918005115
"TGI_percent_Day_24_control_median",577,8,-0.141468045272959,0.738265203609643,0.24390243902439,0.560495956966516
"TGI_percent_Day_24_control_median",578,8,-0.791882505718934,0.0191643249466375,-0.634146341463415,0.0912890821441658
"TGI_percent_Day_24_control_median",579,8,-0.664158748667279,0.0724477379076166,-0.351351351351351,0.393425255498471
"TGI_percent_Day_24_control_median",580,8,-0.708040984366668,0.049388511624155,-0.275,0.509781307373047
"TGI_percent_Day_24_control_median",581,8,0.745878063965651,0.0336047661679508,0.384615384615385,0.346809662449871
"TGI_percent_Day_24_control_median",582,8,-0.384876744888045,0.346453957488772,-0.367088607594937,0.371042516598345
"TGI_percent_Day_24_control_median",583,8,-0.431421275478121,0.285853068023464,-0.259259259259259,0.535232404809648
"TGI_percent_Day_24_control_median",584,8,-0.191211484608715,0.650121417052551,0.121951219512195,0.773598436910598
"TGI_percent_Day_24_control_median",585,8,0.0420970051923001,0.921161318859199,0.259259259259259,0.535232404809648
"TGI_percent_Day_24_control_median",586,8,-0.378217487101033,0.355569221713093,-0.0731707317073171,0.863293782609012
"TGI_percent_Day_24_control_median",587,8,-0.565552775991474,0.144006709909913,-0.594936708860759,0.119765536998206
"TGI_percent_Day_24_control_median",588,8,-0.679885673570794,0.0635794627023024,-0.555555555555556,0.152822232383275
"TGI_percent_Day_24_control_median",589,8,-0.259602874200721,0.534671933885678,-0.230769230769231,0.58242412326653
"TGI_percent_Day_24_control_median",590,8,-0.246713254887671,0.555840886542334,-0.135802469135802,0.74848368865351
"TGI_percent_Day_24_control_median",591,8,-0.34337196865061,0.40499384207427,-0.121951219512195,0.773598436910597
"TGI_percent_Day_24_control_median",592,8,-0.057458793068833,0.892501654316628,0.075,0.859901453857422
"TGI_percent_Day_24_control_median",593,8,0.0219635855012803,0.95883151928545,0.219512195121951,0.601445165632524
"TGI_percent_Day_24_control_median",594,8,0.624056090091302,0.0981964724017915,0.45679012345679,0.255201343606103
"TGI_percent_Day_24_control_median",595,8,-0.565552775991474,0.144006709909913,-0.594936708860759,0.119765536998206
"TGI_percent_Day_24_control_median",596,8,0.642228766078609,0.0859650561220741,0.439024390243902,0.276486445900293
"TGI_percent_Day_24_control_median",597,8,-0.058827114588505,0.889953369508576,0.375,0.360012054443359
"TGI_percent_Day_24_control_median",598,8,-0.340826857747126,0.408714309562923,-0.230769230769231,0.58242412326653
"TGI_percent_Day_24_control_median",599,8,-0.456611460957298,0.255411166818853,-0.238095238095238,0.570156320815768
"TGI_percent_Day_24_control_median",600,8,-0.24174185375804,0.564083409315647,-0.291139240506329,0.484176479990479
"TGI_percent_Day_24_control_median",601,8,-0.307332070554059,0.459009729786085,-0.036144578313253,0.932287918005115
"TGI_percent_Day_24_control_median",602,8,-0.740904116863943,0.035471323902118,-0.560975609756098,0.148007079914522
"TGI_percent_Day_24_control_median",603,8,-0.559872037830211,0.148980623373753,-0.468354430379747,0.241804882823014
"TGI_percent_Day_24_control_median",604,8,-0.48225143107988,0.226191589424729,-0.316455696202532,0.445069441835733
"TGI_percent_Day_24_control_median",605,8,-0.134245564947743,0.751297410660425,-0.036144578313253,0.932287918005115
"TGI_percent_Day_24_control_median",606,8,-0.88732156715683,0.00328109703672303,-0.634146341463415,0.0912890821441658
"TGI_percent_Day_24_control_median",607,8,-0.134245564947743,0.751297410660425,-0.036144578313253,0.932287918005115
"TGI_percent_Day_24_control_median",608,8,0.616327689772919,0.103683713150416,0.268292682926829,0.520569891636616
"TGI_percent_Day_24_control_median",609,8,-0.116876481704817,0.782844100714694,0.139240506329114,0.742278902896378
"TGI_percent_Day_24_control_median",610,8,0.0219635855012803,0.95883151928545,0.219512195121951,0.601445165632524
"TGI_percent_Day_24_control_median",611,8,-0.320821151448274,0.438461954266378,0.036144578313253,0.932287918005115
"TGI_percent_Day_24_control_median",612,8,-0.583835651385372,0.128630817776899,-0.301204819277108,0.468469529828103
"TGI_percent_Day_24_control_median",613,8,-0.619744761816541,0.101236473144711,-0.34375,0.404442485421896
"TGI_percent_Day_24_control_median",614,8,0.0624143002540481,0.883276753975411,0.259259259259259,0.535232404809648
"TGI_percent_Day_24_control_median",615,8,-0.705547861882317,0.0505592306238523,-0.481481481481481,0.227042659068039
"TGI_percent_Day_24_control_median",616,8,-0.96678427737416,8.93488014612158e-05,-1,0
"TGI_percent_Day_24_control_median",617,8,0.769131020098881,0.0256827631432095,0.69620253164557,0.0550950655487157
"TGI_percent_Day_24_control_median",618,8,-0.912190681487513,0.00158311538337442,-0.615384615384616,0.104365016307875
"TGI_percent_Day_24_control_median",619,8,-0.834601806554236,0.00995501752961982,-0.634146341463415,0.0912890821441658
"TGI_percent_Day_24_control_median",620,8,-0.0574587930688329,0.892501654316628,0.075,0.859901453857422
"TGI_percent_Day_24_control_median",621,8,-0.832339273739402,0.0103505029579243,-0.341463414634146,0.407782409074504
"TGI_percent_Day_24_control_median",622,8,-0.441348227599224,0.273654198830993,-0.301204819277108,0.468469529828103
"TGI_percent_Day_24_control_median",623,8,0.02073324153971,0.961136311354664,0.048780487804878,0.908681575447135
"TGI_percent_Day_24_control_median",624,8,-0.0028332718396016,0.99468764373054,0.108433734939759,0.798274813332511
"TGI_percent_Day_24_control_median",625,8,-0.379359186108508,0.353998760457478,-0.594936708860759,0.119765536998206
"TGI_percent_Day_24_control_median",626,8,-0.331672571724731,0.422216534754053,-0.367088607594937,0.371042516598345
"TGI_percent_Day_24_control_median",627,8,-0.424030036657303,0.295104605550872,-0.265822784810127,0.52456393016539
"TGI_percent_Day_24_control_median",628,8,-0.250719599621959,0.549229630924415,0.048780487804878,0.908681575447135
"TGI_percent_Day_24_control_median",629,8,-0.987241963863935,5.14193557047531e-06,-0.828571428571429,0.0110309466293806
"TGI_percent_Day_24_control_median",630,8,-0.64007289919687,0.0873670441978138,-0.216216216216216,0.607052378046439
"TGI_percent_Day_24_control_median",631,8,-0.266723389454828,0.523106260713188,-0.113924050632911,0.788233439851227
"TGI_percent_Day_24_control_median",632,8,-0.44627241514693,0.267700307839041,-0.746835443037975,0.0332525591774179
"TGI_percent_Day_24_control_median",633,8,-0.107045233923177,0.800818162331381,-0.102564102564103,0.809036692029818
"TGI_percent_Day_24_control_median",634,8,-0.690963133310738,0.0577406707297201,-0.468354430379747,0.241804882823014
"TGI_percent_Day_24_control_median",635,8,-0.687616972750975,0.0594691654715316,-0.463414634146342,0.247482670349255
"TGI_percent_Day_24_control_median",636,8,-0.905377398098364,0.00197053065422154,-0.62962962962963,0.094345165105607
"TGI_percent_Day_24_control_median",637,8,-0.315548712484543,0.44644735975826,0.048780487804878,0.908681575447135
"TGI_percent_Day_24_control_median",638,8,-0.022799489701723,0.957265768944277,0.0886075949367088,0.834728317893272
"TGI_percent_Day_24_control_median",639,8,-0.945854155239752,0.000380916603220619,-0.746835443037975,0.0332525591774179
"TGI_percent_Day_24_control_median",640,8,0.152416476475671,0.718614203656411,0.594936708860759,0.119765536998206
"TGI_percent_Day_24_control_median",641,8,-0.937353119254938,0.00058614655426977,-0.75,0.0321044921875
"TGI_percent_Day_24_control_median",642,8,-0.815470564710285,0.0136147938562977,-0.62962962962963,0.094345165105607
"TGI_percent_Day_24_control_median",643,8,-0.58231846532477,0.129870058911471,-0.463414634146342,0.247482670349255
"TGI_percent_Day_24_control_median",644,8,0.767921312175843,0.0260628729498373,0.736842105263158,0.0370416328264742
"TGI_percent_Day_24_control_median",645,8,-0.983238140629572,1.16260135993955e-05,-0.974683544303797,3.97984255471571e-05
"TGI_percent_Day_24_control_median",646,8,0.785167755235553,0.020965510754376,0.8,0.01712
"TGI_percent_Day_24_control_median",647,8,-0.258840428344039,0.535915850211624,-0.367088607594937,0.371042516598345
"TGI_percent_Day_24_control_median",648,8,-0.139504213052532,0.741803475275946,0.333333333333333,0.419753086419753
"TGI_percent_Day_24_control_median",649,8,-0.547161391295901,0.160446551624139,-0.105263157894737,0.804084671089484
"TGI_percent_Day_24_control_median",650,8,0.0821312473938939,0.846695034402971,0.215189873417721,0.608801860963225
"TGI_percent_Day_24_control_median",651,8,0.0161137586965964,0.969791932023138,0.121951219512195,0.773598436910598
"TGI_percent_Day_24_control_median",652,8,-0.547200899830888,0.160410191652987,-0.341463414634146,0.407782409074504
"TGI_percent_Day_24_control_median",653,8,-0.975864473703991,3.45156063638418e-05,-0.848101265822785,0.00779410868380387
"TGI_percent_Day_24_control_median",654,8,-0.414345289319098,0.307442361123191,-0.746835443037975,0.0332525591774179
"TGI_percent_Day_24_control_median",655,8,-0.746872176918455,0.0332390905296707,-0.917808219178082,0.00130395207243574
"TGI_percent_Day_24_control_median",656,8,-0.0100143565248654,0.981224336869537,0.333333333333333,0.419753086419753
"TGI_percent_Day_24_control_median",657,8,-0.173402805442748,0.681328408615212,0.259259259259259,0.535232404809648
"TGI_percent_Day_24_control_median",658,8,0.636140562663309,0.0899582270247441,0.493670886075949,0.213762737730047
"TGI_percent_Day_24_control_median",659,8,0.58284913577814,0.129435850520784,0.5,0.20703125
"TGI_percent_Day_24_control_median",660,8,-0.527280993880611,0.179310752049023,-0.135802469135802,0.74848368865351
"TGI_percent_Day_24_control_median",661,8,-0.884247543621501,0.00354849755167562,-0.634146341463415,0.0912890821441658
"TGI_percent_Day_24_control_median",662,8,0.929500089162169,0.000830337717757198,0.777777777777778,0.023065589595082
"TGI_percent_Day_24_control_median",663,8,-0.413477538382739,0.308559654572889,-0.308641975308642,0.456997506224647
"TGI_percent_Day_24_control_median",664,8,-0.473436688986143,0.236033186336799,-0.132530120481928,0.75440042927224
"TGI_percent_Day_24_control_median",665,8,-0.432784300368764,0.284162655027124,-0.253012048192771,0.54545933813052
"TGI_percent_Day_24_control_median",666,8,-0.205944299955586,0.624633921235248,0.2,0.63488
"TGI_percent_Day_24_control_median",667,8,-0.18630788166549,0.658672125228386,-0.316455696202532,0.445069441835733
"TGI_percent_Day_24_control_median",668,8,-0.138041449057256,0.744441537412187,-0.132530120481928,0.75440042927224
"TGI_percent_Day_24_control_median",669,8,-0.584858634766241,0.127798992554924,-0.392405063291139,0.336280494675457
"TGI_percent_Day_24_control_median",670,8,-0.620940035869648,0.100388334997304,-0.756756756756757,0.0297354894241181
"TGI_percent_Day_24_control_median",671,8,0.0851261976690252,0.841157783584153,0.185185185185185,0.660634430204335
"TGI_percent_Day_24_control_median",672,8,-0.43745615052214,0.278405899870794,-0.121951219512195,0.773598436910597
"TGI_percent_Day_24_control_median",673,8,-0.77502583441253,0.023879661126333,-0.615384615384616,0.104365016307875
"TGI_percent_Day_24_control_median",674,8,-0.497714542520747,0.209449034967044,-0.605263157894737,0.111837768489366
"TGI_percent_Day_24_control_median",675,8,-0.671413010246585,0.068272171104747,-0.675,0.0662613269042967
"TGI_percent_Day_24_control_median",676,8,-0.427220375110567,0.29109373167362,-0.132530120481928,0.75440042927224
"TGI_percent_Day_24_control_median",677,8,-0.586094055717764,0.126798452654489,-0.634146341463415,0.0912890821441658
"TGI_percent_Day_24_control_median",678,8,-0.905660426947427,0.00195332985872896,-0.924050632911392,0.00103380815542862
"TGI_percent_Day_24_control_median",679,8,-0.439917148309809,0.275396669876893,-0.0731707317073171,0.863293782609012
"TGI_percent_Day_24_control_median",680,8,-0.932627169214918,0.000726418899726223,-0.333333333333333,0.419753086419753
"TGI_percent_Day_24_control_median",681,8,-0.00456025438413506,0.991449641572364,0.219512195121951,0.601445165632524
"TGI_percent_Day_24_control_median",682,8,-0.169624005939812,0.688002922141897,-0.316455696202532,0.445069441835733
"TGI_percent_Day_24_control_median",683,8,-0.302498490781206,0.466465779519724,0.150684931506849,0.72171342613154
"TGI_percent_Day_24_control_median",684,8,-0.89420748691366,0.00273019224054158,-0.875,0.00443649291992187
"TGI_percent_Day_24_control_median",685,8,-0.689877820419275,0.058297972357087,-0.414634146341463,0.307070866237017
"TGI_percent_Day_24_control_median",686,8,-0.990876957804043,1.88530986813058e-06,-1,0
"TGI_percent_Day_24_control_median",687,8,-0.0091201352210405,0.982900694667225,0.382716049382716,0.34939965019076
"TGI_percent_Day_24_control_median",688,8,0.655972159660663,0.077335949151456,0.268292682926829,0.520569891636616
"TGI_percent_Day_24_control_median",689,8,-0.77810678715065,0.0229694335387745,-0.34375,0.404442485421896
"TGI_percent_Day_24_control_median",690,8,0.192823214595513,0.647318162076128,0.594936708860759,0.119765536998206
"TGI_percent_Day_24_control_median",691,8,-0.703104377407123,0.0517226679915236,-0.555555555555556,0.152822232383275
"TGI_percent_Day_24_control_median",692,8,-0.235467507127893,0.574546330706073,0.0886075949367088,0.834728317893272
"TGI_percent_Day_24_control_median",693,8,-0.203903455335237,0.628145865131555,-0.308641975308642,0.456997506224647
"TGI_percent_Day_24_control_median",694,8,-0.602418177021619,0.113991259110204,-0.609756097560976,0.108484275261192
"TGI_percent_Day_24_control_median",695,8,-0.449370744806052,0.263987372261359,-0.544303797468354,0.163088312636417
"TGI_percent_Day_24_control_median",696,8,-0.431719722098529,0.285482518181639,-0.027027027027027,0.949348996625618
"TGI_percent_Day_24_control_median",697,8,-0.56822043809856,0.141703092163864,-0.468354430379747,0.241804882823014
"TGI_percent_Day_24_control_median",698,8,-0.374697095805492,0.360431607376257,-0.555555555555556,0.152822232383275
"TGI_percent_Day_24_control_median",699,8,-0.965016884342174,0.00010424385173872,-0.974683544303797,3.97984255471571e-05
"TGI_percent_Day_24_control_median",700,8,-0.393716116966226,0.334523168655908,-0.234567901234568,0.576051906571553
"TGI_percent_Day_24_control_median",701,8,-0.855323132978534,0.00677301055396109,-0.620253164556962,0.100875222859378
"TGI_percent_Day_24_control_median",702,8,0.616327689772919,0.103683713150416,0.268292682926829,0.520569891636616
"TGI_percent_Day_24_control_median",703,8,-0.986049012933946,6.71737451061557e-06,-1,0
"TGI_percent_Day_24_control_median",704,8,-0.567398041853979,0.142411070195324,-0.373493975903614,0.362100237410523
"TGI_percent_Day_24_control_median",705,8,-0.803242776944217,0.0163433226723331,-0.615384615384616,0.104365016307875
"TGI_percent_Day_24_control_median",706,8,-0.161787131961152,0.701901048444104,-0.048780487804878,0.908681575447135
"TGI_percent_Day_24_control_median",707,8,-0.333458016284802,0.419568388210865,-0.139240506329114,0.742278902896378
"TGI_percent_Day_24_control_median",708,8,-0.274567826740985,0.510473882926575,0,1
"TGI_percent_Day_24_control_median",709,8,-0.659437020692901,0.0752442254041048,-0.578947368421053,0.132647361838117
"TGI_percent_Day_24_control_median",710,8,-0.559552367011245,0.149263284772123,-0.487804878048781,0.220101844181823
"TGI_percent_Day_24_control_median",711,8,-0.63909631836164,0.0880064606958823,-0.475,0.234272098388671
"TGI_percent_Day_24_control_median",712,8,-0.0861092559578815,0.839341473808678,0.234567901234568,0.576051906571553
"TGI_percent_Day_24_control_median",713,8,-0.482190397656494,0.226258993147647,-0.0410958904109589,0.923031918656945
"TGI_percent_Day_24_control_median",714,8,-0.400129078235077,0.325989250489491,-0.291139240506329,0.484176479990479
"TGI_percent_Day_24_control_median",715,8,-0.572443827569285,0.138098043566611,-0.493670886075949,0.213762737730047
"TGI_percent_Day_24_control_median",716,8,-0.728946763746483,0.0402133551354645,-0.615384615384616,0.104365016307875
"TGI_percent_Day_24_control_median",717,8,-0.612449191447396,0.106501975503252,-0.594936708860759,0.119765536998206
"TGI_percent_Day_24_control_median",718,8,-0.938546700608775,0.000553784586927357,-0.851851851851852,0.0072523990851707
"TGI_percent_Day_24_control_median",719,8,-0.439473054804617,0.275938503033112,-0.253012048192771,0.54545933813052
"TGI_percent_Day_24_control_median",720,8,-0.984256261969183,9.640983338946e-06,-0.924050632911392,0.00103380815542862
"TGI_percent_Day_24_control_median",721,8,-0.907089840283861,0.00186794810876482,-0.802469135802469,0.016526566994929
"TGI_percent_Day_24_control_median",722,8,-0.00131219875729143,0.997539630154364,0.536585365853659,0.170340970786708
"TGI_percent_Day_24_control_median",723,8,-0.827412281898991,0.0112458222977124,-0.743589743589744,0.0344558337392387
"TGI_percent_Day_24_control_median",724,8,-0.565396689058227,0.144142132156877,-0.45679012345679,0.255201343606103
"TGI_percent_Day_24_control_median",725,8,-0.92946066324114,0.00083170634075954,-0.848101265822785,0.00779410868380387
"TGI_percent_Day_24_control_median",726,8,-0.866261620257705,0.00539631400525884,-0.804878048780488,0.0159601987985089
"TGI_percent_Day_24_control_median",727,8,-0.932684414029376,0.000724600677442187,-0.746835443037975,0.0332525591774179
"TGI_percent_Day_24_control_median",728,8,-0.147294002742024,0.727792271437163,-0.175,0.678512669677734
"TGI_percent_Day_24_control_median",729,8,-0.808906284277206,0.0150406186803799,-0.542168674698795,0.165077483817168
"TGI_percent_Day_24_control_median",730,8,-0.409714831684209,0.31342678315467,-0.240506329113924,0.566138469404116
"TGI_percent_Day_24_control_median",731,8,-0.513989058660554,0.19255317843471,-0.102564102564103,0.809036692029818
"TGI_percent_Day_24_control_median",732,8,-0.0931772181995343,0.826301287153675,0.268292682926829,0.520569891636616
"TGI_percent_Day_24_control_median",733,8,-0.849882031004757,0.00753380328077474,-0.351351351351351,0.393425255498471
"TGI_percent_Day_24_control_median",734,8,-0.173537758809372,0.681090370703382,0.105263157894737,0.804084671089484
"TGI_percent_Day_24_control_median",735,8,-0.124268696383222,0.76938388768937,0.333333333333333,0.419753086419753
"TGI_percent_Day_24_control_median",736,8,-0.567284167796974,0.142509255023948,-0.292682926829268,0.48175433009408
"TGI_percent_Day_24_control_median",737,8,-0.553411689403152,0.154750194672176,-0.544303797468354,0.163088312636417
"TGI_percent_Day_24_control_median",738,8,-0.572780101188465,0.137813216051343,-0.493975903614458,0.213435752051467
"TGI_percent_Day_24_control_median",739,8,-0.347224044528849,0.399390856040947,-0.615384615384616,0.104365016307875
"TGI_percent_Day_24_control_median",740,8,-0.581017842485813,0.130937699920977,-0.560975609756098,0.148007079914522
"TGI_percent_Day_24_control_median",741,8,-0.606555972910538,0.110866874868173,-0.414634146341463,0.307070866237017
"TGI_percent_Day_24_control_median",742,8,-0.352729516934759,0.39144200427502,-0.365853658536585,0.372777854160779
"TGI_percent_Day_24_control_median",743,8,0.0632069942796507,0.881802157142407,-0.0769230769230769,0.856337178454751
"TGI_percent_Day_24_control_median",744,8,0.152560160793369,0.718357178820428,0.150684931506849,0.72171342613154
"TGI_percent_Day_24_control_median",745,8,-0.974471742821337,4.0799145799085e-05,-0.746835443037975,0.0332525591774179
"TGI_percent_Day_24_control_median",746,8,-0.557090682677147,0.151449838647444,-0.316455696202532,0.445069441835733
"TGI_percent_Day_24_control_median",747,8,-0.150334707419686,0.722340681895748,0.048780487804878,0.908681575447135
"TGI_percent_Day_24_control_median",748,8,-0.839231559909181,0.00917594811617694,-0.731707317073171,0.0390863390212493
"TGI_percent_Day_24_control_median",749,8,-0.455246400721224,0.257017163432309,-0.102564102564103,0.809036692029818
"TGI_percent_Day_24_control_median",750,8,-0.267436654887912,0.521952877509895,0.0886075949367088,0.834728317893272
"TGI_percent_Day_24_control_median",751,8,-0.928031708581346,0.000882311936098014,-0.924050632911392,0.00103380815542862
"TGI_percent_Day_24_control_median",752,8,-0.180385073628685,0.669043253563332,0.162162162162162,0.701234279866665
"TGI_percent_Day_24_control_median",753,8,-0.615206708536345,0.104493827072855,-0.620253164556962,0.100875222859378
"TGI_percent_Day_24_control_median",754,8,-0.907089840283861,0.00186794810876481,-0.802469135802469,0.016526566994929
"TGI_percent_Day_24_control_median",755,8,-0.471452029170508,0.238278626672576,-0.230769230769231,0.58242412326653
"TGI_percent_Day_24_control_median",756,8,0.849276544193556,0.00762167872801717,0.835616438356164,0.00978082574112047
"TGI_percent_Day_24_control_median",757,8,-0.173748465615829,0.680718760829268,0.048780487804878,0.908681575447135
"TGI_percent_Day_24_control_median",758,8,-0.0916999420539363,0.829024044325011,-0.216216216216216,0.607052378046439
"TGI_percent_Day_24_control_median",759,8,-0.0681701603957071,0.872576395147824,0.125,0.768054962158203
"TGI_percent_Day_24_control_median",760,8,-0.0672891226478299,0.874213219520743,0.0617283950617284,0.88455293510991
"TGI_percent_Day_24_control_median",761,8,-0.26995080761784,0.517894946186399,0.139240506329114,0.742278902896378
"TGI_percent_Day_24_control_median",762,8,-0.568949834872702,0.14107680789067,-0.414634146341463,0.307070866237017
"TGI_percent_Day_24_control_median",763,8,0.811063616632271,0.0145621571636095,0.62962962962963,0.0943451651056068
"TGI_percent_Day_24_control_median",764,8,-0.471276390908838,0.238477865465544,-0.349397590361446,0.396244333445432
"TGI_percent_Day_24_control_median",765,8,-0.418386554579345,0.302264504485401,-0.135802469135802,0.74848368865351
"TGI_percent_Day_24_control_median",766,8,-0.40247877194741,0.322888336416014,-0.268292682926829,0.520569891636616
"TGI_percent_Day_24_control_median",767,8,-0.374544459557571,0.360643108002094,-0.121951219512195,0.773598436910597
"TGI_percent_Day_24_control_median",768,8,-0.728432257382384,0.0404255619069071,-0.463414634146342,0.247482670349255
"TGI_percent_Day_24_control_median",769,8,-0.356229140035259,0.38642566507438,-0.367088607594937,0.371042516598345
"TGI_percent_Day_24_control_median",770,8,-0.749169535658863,0.0324033839201057,-0.780821917808219,0.022185406502746
"TGI_percent_Day_24_control_median",771,8,-0.961932178241501,0.000134008184479996,-0.925925925925926,0.000960491276443552
"TGI_percent_Day_24_control_median",772,8,-0.453207640563827,0.259425159140124,-0.228915662650602,0.585542062912906
"TGI_percent_Day_24_control_median",773,8,-0.965662527081781,9.86263273334599e-05,-0.753086419753086,0.0310085131644479
"TGI_percent_Day_24_control_median",774,8,0.110685815244574,0.794152929658735,0.670886075949367,0.0685705618098423
"TGI_percent_Day_24_control_median",775,8,-0.586094055717764,0.126798452654489,-0.634146341463415,0.0912890821441658
"TGI_percent_Day_24_control_median",776,8,-0.885864074344459,0.00340619484691842,-0.746835443037975,0.0332525591774179
"TGI_percent_Day_24_control_median",777,8,-0.533013760873346,0.17375484878063,-0.234567901234568,0.576051906571553
"TGI_percent_Day_24_control_median",778,8,-0.73839172969839,0.0364376730871895,-0.615384615384616,0.104365016307875
"TGI_percent_Day_24_control_median",779,8,-0.527280993880611,0.179310752049023,-0.135802469135802,0.74848368865351
"TGI_percent_Day_24_control_median",780,8,-0.341314336239788,0.408000573282613,-0.048780487804878,0.908681575447135
"TGI_percent_Day_24_control_median",781,8,-0.856414535427242,0.00662659136559579,-0.634146341463415,0.0912890821441658
"TGI_percent_Day_24_control_median",782,8,-0.890824892458538,0.00299264088559832,-0.851851851851852,0.0072523990851707
"TGI_percent_Day_24_control_median",783,8,-0.662535560546026,0.0734020725757066,-0.620253164556962,0.100875222859378
"TGI_percent_Day_24_control_median",784,8,-0.473436688986143,0.236033186336799,-0.132530120481928,0.75440042927224
"TGI_percent_Day_24_control_median",785,8,-0.499641343219913,0.207409701700842,-0.121951219512195,0.773598436910597
"TGI_percent_Day_24_control_median",786,8,0.912428201505033,0.00157059194114265,0.851851851851852,0.00725239908517074
"TGI_percent_Day_24_control_median",787,8,0.214311445095201,0.610300499847975,-0.210526315789474,0.61677158304252
"TGI_percent_Day_24_control_median",788,8,-0.353289631466875,0.390637227301768,-0.209876543209877,0.617884622686196
"TGI_percent_Day_24_control_median",789,8,0.0345069737884349,0.935350766464271,0.234567901234568,0.576051906571553
"TGI_percent_Day_24_control_median",790,8,-0.938546700608775,0.000553784586927362,-0.851851851851852,0.0072523990851707
"TGI_percent_Day_24_control_median",791,8,-0.52018763974175,0.186315117018406,-0.743589743589744,0.0344558337392387
"TGI_percent_Day_24_control_median",792,8,-0.686959959420259,0.0598121242910231,-0.62962962962963,0.094345165105607
"TGI_percent_Day_24_control_median",793,8,-0.298576480587903,0.472551102697333,-0.048780487804878,0.908681575447135
"TGI_percent_Day_24_control_median",794,8,-0.613621169453878,0.105645822445341,-0.620253164556962,0.100875222859378
"TGI_percent_Day_24_control_median",795,8,-0.537728043822572,0.169256471321259,-0.341463414634146,0.407782409074504
"TGI_percent_Day_24_control_median",796,8,-0.438245354848819,0.277439133387513,-0.139240506329114,0.742278902896378
"TGI_percent_Day_24_control_median",797,8,0.350870701493764,0.394117967866133,0.753424657534246,0.0308898246525729
"TGI_percent_Day_24_control_median",798,8,-0.588055685300246,0.125218821269374,-0.518072289156627,0.188431668335035
"TGI_percent_Day_24_control_median",799,8,-0.0380311804768036,0.928760265751562,0.216216216216216,0.607052378046439
"TGI_percent_Day_24_control_median",800,8,-0.952531782354789,0.00025796313030001,-0.848101265822785,0.00779410868380387
"TGI_percent_Day_24_control_median",801,8,0.10478730312431,0.804957324230014,0.365853658536585,0.37277785416078
"TGI_percent_Day_24_control_median",802,8,-0.182909494352895,0.664617172712643,-0.219512195121951,0.601445165632524
"TGI_percent_Day_24_control_median",803,8,-0.803058710074924,0.0163868045754517,-0.62962962962963,0.094345165105607
"TGI_percent_Day_24_control_median",804,8,-0.746164759621183,0.0334990562479478,-0.469879518072289,0.240065454942806
"TGI_percent_Day_24_control_median",805,8,-0.646680431425704,0.0831116819894849,-0.45679012345679,0.255201343606103
"TGI_percent_Day_24_control_median",806,8,-0.392941401484603,0.335561073388924,-0.259259259259259,0.535232404809648
"TGI_percent_Day_24_control_median",807,8,-0.110641230859169,0.794234490422707,0.292682926829268,0.481754330094079
"TGI_percent_Day_24_control_median",808,8,-0.513806441004388,0.19273861372368,-0.594936708860759,0.119765536998206
"TGI_percent_Day_24_control_median",809,8,0.745141990444333,0.0338771044204779,0.555555555555556,0.152822232383275
"TGI_percent_Day_24_control_median",810,8,-0.278729509721445,0.503819458491232,-0.0731707317073171,0.863293782609012
"TGI_percent_Day_24_control_median",811,8,-0.298576480587903,0.472551102697333,-0.048780487804878,0.908681575447135
"TGI_percent_Day_24_control_median",812,8,-0.341643388466794,0.407519098875181,-0.0379746835443038,0.928865891742792
"TGI_percent_Day_24_control_median",813,8,-0.575363686112457,0.135635778396233,-0.292682926829268,0.48175433009408
"TGI_percent_Day_24_control_median",814,8,-0.257809426862601,0.537599584112956,-0.315068493150685,0.447177633966065
"TGI_percent_Day_24_control_median",815,8,-0.583835651385372,0.128630817776899,-0.301204819277108,0.468469529828103
"TGI_percent_Day_24_control_median",816,8,-0.699266760980667,0.0535820615002911,-0.463414634146342,0.247482670349255
"TGI_percent_Day_24_control_median",817,8,-0.374544459557571,0.360643108002094,-0.121951219512195,0.773598436910597
"TGI_percent_Day_24_control_median",818,8,-0.449693173100972,0.263602466666582,-0.301204819277108,0.468469529828103
"TGI_percent_Day_24_control_median",819,8,-0.365113501439852,0.37381965293633,-0.620253164556962,0.100875222859378
"TGI_percent_Day_24_control_median",820,8,-0.346367141575079,0.400634323583138,-0.0886075949367088,0.834728317893272
"TGI_percent_Day_24_control_median",821,8,-0.808906284277206,0.0150406186803799,-0.542168674698795,0.165077483817168
"TGI_percent_Day_24_control_median",822,8,-0.517111399966038,0.189397305130108,-0.225,0.592147037353515
"TGI_percent_Day_24_control_median",823,8,-0.484373234654959,0.22385475635961,-0.6,0.11584
"TGI_percent_Day_24_control_median",824,8,-0.444123304148712,0.270290850705408,-0.24390243902439,0.560495956966516
"TGI_percent_Day_24_control_median",825,8,-0.771877979003252,0.0248324117298702,-0.620253164556962,0.100875222859378
"TGI_percent_Day_24_control_median",826,8,0.760143232991915,0.0285899058152142,0.555555555555556,0.152822232383275
"TGI_percent_Day_24_control_median",827,8,-0.453207640563827,0.259425159140124,-0.228915662650602,0.585542062912906
"TGI_percent_Day_24_control_median",828,8,-0.934704713765879,0.000662324760119491,-0.625,0.0975379943847655
"TGI_percent_Day_24_control_median",829,8,-0.440302915155013,0.274926426282662,0.0632911392405063,0.881645645130731
"TGI_percent_Day_24_control_median",830,8,-0.611047545270068,0.107531083069116,-0.283950617283951,0.495518316964043
"TGI_percent_Day_24_control_median",831,8,-0.980110337193898,1.93785441151405e-05,-0.923076923076923,0.00107327636125645
"TGI_percent_Day_24_control_median",832,8,-0.580370521477605,0.131470885581764,-0.487804878048781,0.220101844181823
"TGI_percent_Day_24_control_median",833,8,0.858939666671774,0.00629562549321784,0.772151898734177,0.0247485870017686
"TGI_percent_Day_24_control_median",834,8,0.151947844922875,0.71945265946392,0.150684931506849,0.72171342613154
"TGI_percent_Day_24_control_median",835,8,-0.164055758342428,0.697870194345304,-0.316455696202532,0.445069441835733
"TGI_percent_Day_24_control_median",836,8,-0.0466694192254808,0.912621815447806,0.048780487804878,0.908681575447135
"TGI_percent_Day_24_control_median",837,8,-0.262820601921393,0.529433929485543,-0.146341463414634,0.729502115730516
"TGI_percent_Day_24_control_median",838,8,-0.983019280016042,1.20853947131697e-05,-1,0
"TGI_percent_Day_24_control_median",839,8,-0.869724086216012,0.00500153860909735,-0.734939759036145,0.0377913597475923
"TGI_percent_Day_24_control_median",840,8,-0.574947425233176,0.135985299702272,-0.634146341463415,0.0912890821441658
"TGI_percent_Day_24_control_median",841,8,0.0745997874737642,0.860643478819874,0.414634146341463,0.307070866237017
"TGI_percent_Day_24_control_median",842,8,-0.11167191354217,0.792349421536607,0.185185185185185,0.660634430204335
"TGI_percent_Day_24_control_median",843,8,0.0937309379118093,0.825281118560935,0.538461538461539,0.16856229446825
"TGI_percent_Day_24_control_median",844,8,-0.976638896212104,3.13169617677798e-05,-0.974683544303797,3.97984255471571e-05
"TGI_percent_Day_24_control_median",845,8,-0.949205581221298,0.000315278610024732,-1,0
"TGI_percent_Day_24_control_median",846,8,0.00690512829300782,0.987053295997247,0.0379746835443038,0.928865891742792
"TGI_percent_Day_24_control_median",847,8,-0.842920894258391,0.00858372756229745,-0.746835443037975,0.0332525591774179
"TGI_percent_Day_24_control_median",848,8,-0.740904116863943,0.035471323902118,-0.560975609756098,0.148007079914522
"TGI_percent_Day_24_control_median",849,8,-0.817665367551315,0.0131578597317971,-0.63855421686747,0.0883625688449136
"TGI_percent_Day_24_control_median",850,8,-0.1451679774724,0.731609906758736,-0.4,0.32616
"TGI_percent_Day_24_control_median",851,8,-0.382370580674749,0.349871692002187,-0.0731707317073171,0.863293782609012
"TGI_percent_Day_24_control_median",852,8,-0.413708889015217,0.30826158418083,-0.365853658536585,0.372777854160779
"TGI_percent_Day_24_control_median",853,8,-0.961932178241501,0.000134008184479996,-0.925925925925926,0.000960491276443552
"TGI_percent_Day_24_control_median",854,8,-0.477295375009836,0.231698551596551,-0.102564102564103,0.809036692029818
"TGI_percent_Day_24_control_median",855,8,-0.798859850856769,0.0173984618789897,-0.62962962962963,0.094345165105607
"TGI_percent_Day_24_control_median",856,8,0.855010065340343,0.00681538878812856,0.777777777777778,0.023065589595082
"TGI_percent_Day_24_control_median",857,8,-0.691848409628143,0.0572884490029814,-0.837837837837838,0.00940624141192286
"TGI_percent_Day_24_control_median",858,8,-0.00802626782267333,0.984951394144997,-0.125,0.768054962158203
"TGI_percent_Day_24_control_median",859,8,-0.163625454857595,0.698634278651659,-0.219512195121951,0.601445165632524
"TGI_percent_Day_24_control_median",860,8,-0.602509739361806,0.113921588804625,-0.341463414634146,0.407782409074504
"TGI_percent_Day_24_control_median",861,8,0.799779825788912,0.0171735547003831,0.702702702702703,0.0519154430428595
"TGI_percent_Day_24_control_median",862,8,-0.922645018864733,0.00109109332806274,-0.918918918918919,0.00125287413292553
"TGI_percent_Day_24_control_median",863,8,0.0769860884211358,0.856220427082232,-0.135802469135802,0.74848368865351
"TGI_percent_Day_24_control_median",864,8,-0.500460551930883,0.206545809942871,-0.414634146341463,0.307070866237017
"TGI_percent_Day_24_control_median",865,8,0.710884106394373,0.0480735247548747,0.643835616438356,0.0849286568753826
"TGI_percent_Day_24_control_median",866,8,-0.44658501885743,0.267324525320601,-0.121951219512195,0.773598436910597
"TGI_percent_Day_24_control_median",867,8,-0.620214164133346,0.100902908770959,-0.4,0.32616
"TGI_percent_Day_24_control_median",868,8,-0.262783967640557,0.529493458353177,0.125,0.768054962158203
"TGI_percent_Day_24_control_median",869,8,-0.335279371348068,0.416874281120004,-0.2,0.63488
"TGI_percent_Day_24_control_median",870,8,0.81112231559755,0.0145492743873088,0.594936708860759,0.119765536998206
"TGI_percent_Day_24_control_median",871,8,-0.990859604764957,1.89606379431408e-06,-1,0
"TGI_percent_Day_24_control_median",872,8,-0.521374911501536,0.185132749623346,-0.135802469135802,0.74848368865351
"TGI_percent_Day_24_control_median",873,8,-0.245331893945557,0.558126889687371,-0.146341463414634,0.729502115730516
"TGI_percent_Day_24_control_median",874,8,-0.728407353136192,0.0404358508160474,-0.34375,0.404442485421896
"TGI_percent_Day_24_control_median",875,8,-0.198877582291369,0.636820443315958,0.108433734939759,0.798274813332511
"TGI_percent_Day_24_control_median",876,8,0.00938106161734871,0.982411541407627,0.536585365853659,0.170340970786708
"TGI_percent_Day_24_control_median",877,8,-0.350329852751582,0.394898076250576,-0.0602409638554217,0.887321161362284
"TGI_percent_Day_24_control_median",878,8,-0.884247543621501,0.00354849755167565,-0.634146341463415,0.0912890821441658
"TGI_percent_Day_24_control_median",879,8,-0.137026946926384,0.746272446809278,-0.468354430379747,0.241804882823014
"TGI_percent_Day_24_control_median",880,8,-0.977467786680028,2.81179257258776e-05,-0.926829268292683,0.000926422142911447
"TGI_percent_Day_24_control_median",881,8,-0.0383168104997449,0.928226269211524,0.234567901234568,0.576051906571553
"TGI_percent_Day_24_control_median",882,8,-0.971813505488575,5.48070869048471e-05,-0.853658536585366,0.00700028132287885
"TGI_percent_Day_24_control_median",883,8,-0.161787131961152,0.701901048444104,-0.048780487804878,0.908681575447135
"TGI_percent_Day_24_control_median",884,8,-0.0121231941497904,0.977271238081076,-0.210526315789474,0.61677158304252
"TGI_percent_Day_24_control_median",885,8,-0.224966049870572,0.592204412694179,-0.341463414634146,0.407782409074504
"TGI_percent_Day_24_control_median",886,8,-0.973118732782609,4.75874031064005e-05,-0.842105263157895,0.0087124949365918
"TGI_percent_Day_24_control_median",887,8,-0.697559403541107,0.0544219811589592,-0.275,0.509781307373047
"TGI_percent_Day_24_control_median",888,8,0.940749714189998,0.000497175389204376,0.923076923076923,0.00107327636125646
"TGI_percent_Day_24_control_median",889,8,-0.457882595005078,0.253920215954891,-0.307692307692308,0.458455990282607
"TGI_percent_Day_24_control_median",890,8,-0.420295010924765,0.299833983746584,-0.34375,0.404442485421896
"TGI_percent_Day_24_control_median",891,8,-0.0100143565248654,0.981224336869537,0.333333333333333,0.419753086419753
"TGI_percent_Day_24_control_median",892,8,-0.478305279768784,0.230570870347725,-0.544303797468354,0.163088312636417
"TGI_percent_Day_24_control_median",893,8,-0.213990599517638,0.610848172338919,-0.170731707317073,0.68604453895394
"TGI_percent_Day_24_control_median",894,8,-0.619222300759495,0.101608483639647,-0.292682926829268,0.48175433009408
"TGI_percent_Day_24_control_median",895,8,-0.602276664336118,0.114098984388293,-0.341463414634146,0.407782409074504
"TGI_percent_Day_24_control_median",896,8,-0.623909351252987,0.0982990670632791,-0.307692307692308,0.458455990282607
"TGI_percent_Day_24_control_median",897,8,-0.579947349568535,0.131820097835659,-0.439024390243902,0.276486445900293
"TGI_percent_Day_24_control_median",898,8,-0.245331893945557,0.558126889687371,-0.146341463414634,0.729502115730516
"TGI_percent_Day_24_control_median",899,8,-0.722440002340941,0.042947200340466,-0.594936708860759,0.119765536998206
"TGI_percent_Day_24_control_median",900,8,-0.145137763378687,0.731664196114925,0.0886075949367088,0.834728317893272
"TGI_percent_Day_24_control_median",901,8,-0.808033622285884,0.0152369294829908,-0.536585365853659,0.170340970786708
"TGI_percent_Day_24_control_median",902,8,0.0261456533710305,0.950999236651207,0.216216216216216,0.607052378046439
"TGI_percent_Day_24_control_median",903,8,-0.971813505488575,5.48070869048468e-05,-0.853658536585366,0.00700028132287885
"TGI_percent_Day_24_control_median",904,8,0.110600921252925,0.794308232491336,0.333333333333333,0.419753086419753
"TGI_percent_Day_24_control_median",905,8,-0.736998606695972,0.0369803619777322,-0.414634146341463,0.307070866237017
"TGI_percent_Day_24_control_median",906,8,-0.519100712226778,0.187401071859291,-0.325,0.432175440673828
"TGI_percent_Day_24_control_median",907,8,-0.780385836297306,0.0223101912624922,-0.846153846153846,0.00808525881177397
"TGI_percent_Day_24_control_median",908,8,-0.950000030500137,0.000300897893859215,-0.972602739726027,5.03610200209829e-05
"TGI_percent_Day_24_control_median",909,8,-0.496387874302006,0.21085924691437,-0.263157894736842,0.528885961344841
"TGI_percent_Day_24_control_median",910,8,-0.288746509906,0.487940242757905,-0.468354430379747,0.241804882823014
"TGI_percent_Day_24_control_median",911,8,-0.722943321735132,0.0427318299764732,-0.620253164556962,0.100875222859378
"TGI_percent_Day_24_control_median",912,8,0.02516960436607,0.952826919488701,0.365853658536585,0.37277785416078
"TGI_percent_Day_24_control_median",913,8,-0.584240682606465,0.128301110886134,-0.4,0.32616
"TGI_percent_Day_24_control_median",914,8,-0.585505253776501,0.127274760854197,-0.487804878048781,0.220101844181823
"TGI_percent_Day_24_control_median",915,8,-0.988189726943969,4.08192481943417e-06,-1,0
"TGI_percent_Day_24_control_median",916,8,0.736408476261914,0.0372117233094575,0.62962962962963,0.0943451651056068
"TGI_percent_Day_24_control_median",917,8,-0.0725721398239208,0.864404253960107,0.538461538461539,0.16856229446825
"TGI_percent_Day_24_control_median",918,8,-0.922048024031073,0.00111603691030152,-0.878048780487805,0.00412958042703296
"TGI_percent_Day_24_control_median",919,8,-0.89830994791715,0.00243248560232712,-0.848101265822785,0.00779410868380387
"TGI_percent_Day_24_control_median",920,8,-0.465355134783378,0.24524430471487,-0.487804878048781,0.220101844181823
"TGI_percent_Day_24_control_median",921,8,-0.23302762128628,0.578632832627391,0.263157894736842,0.528885961344841
"TGI_percent_Day_24_control_median",922,8,-0.806718263647517,0.0155358560308448,-0.923076923076923,0.00107327636125645
"TGI_percent_Day_24_control_median",923,8,-0.954391265266134,0.000229144070594583,-0.746835443037975,0.0332525591774179
"TGI_percent_Day_24_control_median",924,8,0.109990288778821,0.795425481184892,0.185185185185185,0.660634430204335
"TGI_percent_Day_24_control_median",925,8,-0.576123543349387,0.134999039819599,-0.0886075949367088,0.834728317893272
"TGI_percent_Day_24_control_median",926,8,-0.467052412580861,0.243294937094234,-0.228915662650602,0.585542062912906
"TGI_percent_Day_24_control_median",927,8,-0.947192259484064,0.000353729603548747,-0.794871794871795,0.0183947102705782
"TGI_percent_Day_24_control_median",928,8,0.791452849708481,0.0192765656748813,0.917808219178082,0.00130395207243573
"TGI_percent_Day_24_control_median",929,8,-0.368303728546766,0.369338587246134,0.0769230769230769,0.856337178454751
"TGI_percent_Day_24_control_median",930,8,-0.433709091335954,0.283018526457956,-0.111111111111111,0.793374993649342
"TGI_percent_Day_24_control_median",931,8,-0.298183557997537,0.473162489140475,-0.307692307692308,0.458455990282607
"TGI_percent_Day_24_control_median",932,8,0.0248629364885774,0.953401202286503,0.333333333333333,0.419753086419753
"TGI_percent_Day_24_control_median",933,8,-0.43957674794879,0.275811941326413,-0.265822784810127,0.52456393016539
"TGI_percent_Day_24_control_median",934,8,-0.686519226279374,0.060042843681671,-0.414634146341463,0.307070866237017
"TGI_percent_Day_24_control_median",935,8,0.16177369790475,0.701924936023808,0.594936708860759,0.119765536998206
"TGI_percent_Day_24_control_median",936,8,-0.985983758846816,6.81174023383198e-06,-1,0
"TGI_percent_Day_24_control_median",937,8,-0.0950402752606757,0.822869658445472,-0.121951219512195,0.773598436910597
"TGI_percent_Day_24_control_median",938,8,-0.530863069200785,0.175828176425511,-0.620253164556962,0.100875222859378
"TGI_percent_Day_24_control_median",939,8,-0.574469473683066,0.136387237613025,-0.487804878048781,0.220101844181823
"TGI_percent_Day_24_control_median",940,8,-0.354949641495527,0.38825638815287,0,1
"TGI_percent_Day_24_control_median",941,8,-0.494311035820057,0.213076783207242,-0.113924050632911,0.788233439851227
"TGI_percent_Day_24_control_median",942,8,0.0390808263616076,0.926798027105311,0.0975609756097561,0.818230605541778
"TGI_percent_Day_24_control_median",943,8,-0.60451109661207,0.112404772144671,-0.518072289156627,0.188431668335035
"TGI_percent_Day_24_control_median",944,8,0.669096735512523,0.0695895601715105,0.439024390243902,0.276486445900293
"TGI_percent_Day_24_control_median",945,8,-0.722998604032173,0.0427082146554019,-0.333333333333333,0.419753086419753
"TGI_percent_Day_24_control_median",946,8,-0.97962218494656,2.08329899482838e-05,-1,0
"TGI_percent_Day_24_control_median",947,8,-0.68406835118671,0.0613355055911029,-0.609756097560976,0.108484275261192
"TGI_percent_Day_24_control_median",948,8,-0.969297775630797,7.06960404619598e-05,-0.926829268292683,0.000926422142911447
"TGI_percent_Day_24_control_median",949,8,0.090345912145376,0.831520955024661,-0.135802469135802,0.74848368865351
"TGI_percent_Day_24_control_median",950,8,-0.900991523979896,0.00224976490212142,-0.802469135802469,0.016526566994929
"TGI_percent_Day_24_control_median",951,8,-0.43745615052214,0.278405899870794,-0.121951219512195,0.773598436910597
"TGI_percent_Day_24_control_median",952,8,-0.942480969380147,0.000455458275125445,-0.307692307692308,0.458455990282607
"TGI_percent_Day_24_control_median",953,8,-0.680118300423416,0.0634534032905611,-0.670886075949367,0.0685705618098423
"TGI_percent_Day_24_control_median",954,8,-0.879102763574825,0.00402675392011301,-0.75609756097561,0.0299617108971145
"TGI_percent_Day_24_control_median",955,8,0.772940868707832,0.0245081269835392,0.594936708860759,0.119765536998206
"TGI_percent_Day_24_control_median",956,8,-0.475046525186045,0.234219790493016,-0.414634146341463,0.307070866237017
"TGI_percent_Day_24_control_median",957,8,-0.11167191354217,0.792349421536607,0.185185185185185,0.660634430204335
"TGI_percent_Day_24_control_median",958,8,0.692214592066824,0.0571020136447126,-0.232876712328767,0.578885910188631
"TGI_percent_Day_24_control_median",959,8,-0.940115343171554,0.000513066843083685,-0.8,0.0171199999999999
"TGI_percent_Day_24_control_median",960,8,-0.216869846488422,0.605939061542758,-0.121951219512195,0.773598436910597
"TGI_percent_Day_24_control_median",961,8,-0.450518134891521,0.262618924744155,-0.475,0.234272098388671
"TGI_percent_Day_24_control_median",962,8,-0.822423000631764,0.012200878562343,-0.392405063291139,0.336280494675457
"TGI_percent_Day_24_control_median",963,8,-0.672794296648518,0.0674936243141855,-0.670886075949367,0.0685705618098423
"TGI_percent_Day_24_control_median",964,8,-0.425169838640115,0.293668599508954,0.150684931506849,0.72171342613154
"TGI_percent_Day_24_control_median",965,8,-0.312793703826135,0.450643587851256,0.105263157894737,0.804084671089484
"TGI_percent_Day_24_control_median",966,8,-0.828856151495545,0.0109785672859642,-0.620253164556962,0.100875222859378
"TGI_percent_Day_24_control_median",967,8,-0.67708489200171,0.0651088519930652,-0.307692307692308,0.458455990282607
"TGI_percent_Day_24_control_median",968,8,0.0218824261363867,0.95898354685461,0.259259259259259,0.535232404809648
"TGI_percent_Day_24_control_median",969,8,-0.611284416223486,0.107356773127627,-0.414634146341463,0.307070866237017
"TGI_percent_Day_24_control_median",970,8,0.74713754687089,0.0331418906753485,0.555555555555556,0.152822232383275
"TGI_percent_Day_24_control_median",971,8,-0.226165073628326,0.590179196577197,0.162162162162162,0.701234279866665
"TGI_percent_Day_24_control_median",972,8,0.692598810052662,0.0569067856053832,0.390243902439024,0.339186635335989
"TGI_percent_Day_24_control_median",973,8,0.0755175036131734,0.858942095041237,0.2,0.63488
"TGI_percent_Day_24_control_median",974,8,-0.280407102410659,0.501146450955275,0.307692307692308,0.458455990282607
"TGI_percent_Day_24_control_median",975,8,-0.840705085767424,0.00893639950156725,-0.725,0.0418585852050781
"TGI_percent_Day_24_control_median",976,8,-0.105275330774456,0.804062349993975,0.230769230769231,0.582424123266531
"TGI_percent_Day_24_control_median",977,8,-0.26995080761784,0.517894946186399,0.139240506329114,0.742278902896378
"TGI_percent_Day_24_control_median",978,8,0.565421701348828,0.144120426568379,0.68421052631579,0.0612600707806916
"TGI_percent_Day_24_control_median",979,8,-0.854519877645796,0.00688208243746675,-0.828571428571429,0.0110309466293806
"TGI_percent_Day_24_control_median",980,8,0.821489979193319,0.0123849650061083,0.736842105263158,0.0370416328264742
"TGI_percent_Day_24_control_median",981,8,-0.440413876053402,0.274791240083266,-0.291139240506329,0.484176479990479
"TGI_percent_Day_24_control_median",982,8,-0.470486926534702,0.239374457509872,0.135135135135135,0.749689435807651
"TGI_percent_Day_24_control_median",983,8,-0.912229286981236,0.0015810754696226,-0.851851851851852,0.0072523990851707
"TGI_percent_Day_24_control_median",984,8,-0.748975312727691,0.0324735317359676,-0.34375,0.404442485421896
"TGI_percent_Day_24_control_median",985,8,0.843990258368914,0.00841674598430458,0.721518987341772,0.043343002111805
"TGI_percent_Day_24_control_median",986,8,-0.579947349568535,0.131820097835659,-0.439024390243902,0.276486445900293
"TGI_percent_Day_24_control_median",987,8,-0.913016319723429,0.00153986084479558,-0.804878048780488,0.0159601987985089
"TGI_percent_Day_24_control_median",988,8,-0.682820185261994,0.0620001228320071,-0.407407407407407,0.316429397723464
"TGI_percent_Day_24_control_median",989,8,-0.0574587930688329,0.892501654316628,0.075,0.859901453857422
"TGI_percent_Day_24_control_median",990,8,-0.471556260538214,0.238160429834473,-0.721518987341772,0.0433430021118049
"TGI_percent_Day_24_control_median",991,8,-0.422662558705758,0.296831925677278,-0.315068493150685,0.447177633966065
"TGI_percent_Day_24_control_median",992,8,-0.290979813005229,0.484426904357328,0.027027027027027,0.949348996625618
"TGI_percent_Day_24_control_median",993,8,-0.490226022567452,0.217473781470671,-0.301204819277108,0.468469529828103
"TGI_percent_Day_24_control_median",994,8,-0.884247543621501,0.00354849755167562,-0.634146341463415,0.0912890821441658
"TGI_percent_Day_24_control_median",995,8,-0.740904116863943,0.035471323902118,-0.560975609756098,0.148007079914522
"TGI_percent_Day_24_control_median",996,8,-0.822631498266901,0.0121599794523259,-0.634146341463415,0.0912890821441658
"TGI_percent_Day_24_control_median",997,8,-0.370913605543044,0.365690759019673,0.0769230769230769,0.856337178454751
"TGI_percent_Day_24_control_median",998,8,-0.508655574791319,0.198007875636434,-0.24390243902439,0.560495956966516
"TGI_percent_Day_24_control_median",999,8,-0.352729516934759,0.39144200427502,-0.365853658536585,0.372777854160779
"TGI_percent_Day_24_control_median",1000,8,-0.496579361491074,0.210655396246408,-0.333333333333333,0.419753086419753
