bootstrap_replicate	corrected_energy_difference_2N_minus_4N	centered_bootstrap_error
1	-0.23204999232647044	-0.2840966581670734
2	-0.09707589873754287	-0.14912256457814585
3	0.09385627361051399	0.041809607769911
4	0.23543027136317815	0.18338360552257515
5	-0.5252220852357599	-0.5772687510763629
6	0.8870586165874322	0.8350119507468292
7	0.012697894363252114	-0.03934877147735087
8	-0.16436437215005986	-0.21641103799066286
9	0.0609574333654391	0.008910767524836112
10	-0.0619076646504991	-0.1139543304911021
11	0.08316379735657814	0.03111713151597515
12	0.2719959711031386	0.21994930526253562
13	-0.4141964655941874	-0.46624313143479035
14	0.38445261697808225	0.3324059511374793
15	0.10627754633180253	0.05423088049119954
16	-0.49452581916685506	-0.546572485007458
17	-0.13537616651457474	-0.18742283235517773
18	0.3258972672841388	0.27385060144353585
19	-0.35918923431776134	-0.4112359001583643
20	0.5512360287042274	0.4991893628636244
21	0.08312000299522938	0.031073337154626395
22	-0.16942032954698025	-0.22146699538758324
23	-0.03219667896755659	-0.08424334480815958
24	-0.36884462337340634	-0.4208912892140093
25	-0.41786093569396676	-0.46990760153456973
26	0.24221245073956313	0.19016578489896013
27	-0.32454798475147995	-0.3765946505920829
28	-0.11624728962422019	-0.16829395546482318
29	0.2501277768191717	0.1980811109785687
30	0.36841492097863876	0.3163682551380358
31	0.3179163612710565	0.2658696954304535
32	-0.3373484309574064	-0.3893950967980094
33	-0.5283424868715529	-0.580389152712156
34	0.41760632387867747	0.3655596580380745
35	0.2068145987692323	0.1547679329286293
36	-0.2504416208485006	-0.30248828668910355
37	0.1412589851254451	0.0892123192848421
38	0.1118686877271386	0.059822021886535605
39	0.22051119885105064	0.16846453301044764
40	0.1591352274607139	0.1070885616201109
41	-0.5707962202689634	-0.6228428861095664
42	0.0904106143734224	0.038363948532819415
43	0.6750859746871104	0.6230393088465074
44	0.1371607586131886	0.08511409277258561
45	0.3066962730846925	0.2546496072440895
46	-0.4121755930029622	-0.46422225884356516
47	0.4473552740184472	0.39530860817784425
48	0.10602659194811817	0.05397992610751518
49	0.23002320908067306	0.17797654324007006
50	0.04135648242172549	-0.010690183418877501
51	0.5974083985425107	0.5453617327019077
52	0.02710818559609095	-0.024938480244512038
53	-0.06692367368804361	-0.11897033952864661
54	0.3565251797848216	0.30447851394421865
55	-0.3591546508599237	-0.4112013167005267
56	0.27536191976191066	0.22331525392130766
57	0.5858676225754943	0.5338209567348913
58	0.06196073979675633	0.00991407395615334
59	-0.1982871134725951	-0.25033377931319806
60	0.5529623062743636	0.5009156404337606
61	-0.23647181326337133	-0.2885184791039743
62	-0.5631593181895336	-0.6152059840301366
63	0.20505449127924122	0.15300782543863822
64	-0.9302849872970927	-0.9823316531376958
65	0.2039333727090887	0.1518867068684857
66	-0.1817227854603769	-0.2337694513009799
67	-0.3140606055061301	-0.36610727134673304
68	-0.01837985272232754	-0.07042651856293053
69	0.22716869622987615	0.17512203038927315
70	0.15269842072755216	0.10065175488694916
71	0.07686710022474816	0.02482043438414517
72	0.12435238279798003	0.07230571695737703
73	0.02970123133798849	-0.0223454345026145
74	-0.1929554783876191	-0.24500214422822209
75	0.11530865985370989	0.06326199401310689
76	0.7560107150044261	0.703964049163823
77	0.03393603576977641	-0.018110630070826576
78	-0.22847539005076822	-0.2805220558913712
79	0.18789754447675996	0.13585087863615697
80	0.6027315542945036	0.5506848884539006
81	0.32582358346593515	0.2737769176253322
82	0.4036197783929731	0.3515731125523701
83	0.17110097454385265	0.11905430870324965
84	-0.08524671553706288	-0.13729338137766586
85	0.19245181407652756	0.14040514823592457
86	0.019147875559659664	-0.03289879028094332
87	-0.05669652500107157	-0.10874319084167455
88	-0.2683055656605945	-0.32035223150119746
89	-0.2911891104573091	-0.3432357762979121
90	0.6523027825876213	0.6002561167470183
91	0.06060711854018391	0.008560452699580924
92	0.187508283938268	0.135461618097665
93	-0.24513293089341862	-0.2971795967340216
94	-0.37043391890927113	-0.4224805847498741
95	0.6567938028136412	0.6047471369730382
96	0.727998189979402	0.675951524138799
97	-0.34333828210753536	-0.39538494794813833
98	-0.25588698260636744	-0.3079336484469704
99	-0.011520077880416604	-0.06356674372101959
100	-0.08507545244172486	-0.13712211828232784
101	-0.190113046655421	-0.242159712496024
102	0.4950320341538991	0.44298536831329616
103	-0.5799682612230694	-0.6320149270636725
104	0.055361681751998654	0.003315015911395665
105	-0.31744882885527753	-0.3694954946958805
106	0.26196822618945353	0.20992156034885054
107	0.0016670465396233444	-0.050379619300979644
108	-0.24705622490975213	-0.2991028907503551
109	0.19436113723636042	0.14231447139575742
110	-0.3739556738196889	-0.4260023396602919
111	0.35673729611394456	0.3046906302733416
112	0.244830820921945	0.192784155081342
113	-0.5369878438197035	-0.5890345096603066
114	-0.18033493035822773	-0.23238159619883073
115	-0.33417680949416756	-0.3862234753347705
116	-0.4402627768493818	-0.4923094426899848
117	-0.35321808683195693	-0.4052647526725599
118	0.046044156464997196	-0.006002509375605793
119	-0.11089168956701743	-0.16293835540762042
120	-0.19189816836254334	-0.24394483420314633
121	0.2866929474197125	0.23464628157910952
122	-0.3832112657115041	-0.43525793155210707
123	-0.1040144285914575	-0.15606109443206048
124	0.6294374472155831	0.5773907813749801
125	-0.8803044865914864	-0.9323511524320894
126	0.36954657926478135	0.3174999134241784
127	-0.37975503199461264	-0.4318016978352156
128	0.39852383275014774	0.3464771669095448
129	0.2736941474220735	0.2216474815814705
130	0.2548135823877964	0.2027669165471934
131	0.4924928787636957	0.4404462129230927
132	-0.11874280641659983	-0.1707894722572028
133	-0.35077384606748496	-0.40282051190808793
134	0.10918033191022636	0.05713366606962337
135	0.9446892457297688	0.8926425798891657
136	-0.4294185130253006	-0.48146517886590356
137	0.4589568492568058	0.40691018341620283
138	-0.11772935807994604	-0.16977602392054902
139	0.07015034899945485	0.018103683158851865
140	-0.1325916881269995	-0.1846383539676025
141	-0.04083364835303177	-0.09288031419363477
142	-0.5841944049568001	-0.6362410707974031
143	-0.21510353512201968	-0.26715020096262265
144	0.30300509945903753	0.25095843361843456
145	0.18784784178099412	0.13580117594039112
146	0.5546865156990277	0.5026398498584247
147	0.4198824592972419	0.3678357934566389
148	-0.04812219763746615	-0.10016886347806914
149	-0.07724674104909683	-0.1292934068896998
150	-0.015977738206052087	-0.06802440404665508
151	0.021833900422370118	-0.03021276541823287
152	-0.07810192602091387	-0.13014859186151687
153	0.7957769210444199	0.7437302552038169
154	0.6274052117188914	0.5753585458782884
155	0.026159610187451405	-0.025887055653151584
156	0.08391430152054644	0.03186763567994345
157	-0.12197254623899724	-0.17401921207960022
158	-0.4234983347111187	-0.47554500055172166
159	0.6393707828750166	0.5873241170344136
160	-0.30745757382249467	-0.35950423966309764
161	-0.16403615033086913	-0.21608281617147213
162	0.4791006208511773	0.4270539550105743
163	0.03689149154513294	-0.015155174295470052
164	-0.21269952620711086	-0.2647461920477138
165	-0.677653088080377	-0.7296997539209801
166	-0.14131695888540155	-0.19336362472600455
167	0.13567860283303287	0.08363193699242988
168	-0.04471461665196157	-0.09676128249256455
169	0.22965357100688635	0.17760690516628336
170	-0.08380513925523929	-0.13585180509584227
171	-0.010029988345133162	-0.06207665418573615
172	0.13292172531266674	0.08087505947206375
173	0.7103692492161017	0.6583225833754986
174	0.3505470539862594	0.29850038814565644
175	1.2212378527263728	1.1691911868857698
176	-0.3450802578661115	-0.3971269237067145
177	0.5183238491421982	0.46627718330159523
178	-0.37768235954829377	-0.42972902538889673
179	0.23227722588973967	0.18023056004913668
180	-0.2992637148949697	-0.3513103807355727
181	-0.28104839862462727	-0.33309506446523024
182	0.2380246938347327	0.1859780279941297
183	0.6593618179911968	0.6073151521505937
184	-0.14698284898404188	-0.19902951482464487
185	0.23659754327970636	0.18455087743910337
186	-0.26356045575834064	-0.3156071215989436
187	0.01650393430437695	-0.035542731536226044
188	-0.02334066110562198	-0.07538732694622496
189	-0.11985212355548722	-0.1718987893960902
190	0.5601263836227567	0.5080797177821537
191	0.364278792000599	0.312232126159996
192	-0.19417081134451913	-0.24621747718512213
193	0.08917650399130773	0.037129838150704746
194	-0.026912188188522566	-0.07895885402912556
195	0.3770993477605116	0.32505268191990866
196	0.2536938775777171	0.2016472117371141
197	0.19419544788882737	0.14214878204822437
198	0.12665908674317056	0.07461242090256756
199	-0.04658998842060773	-0.09863665426121071
200	0.08097861055801144	0.028931944717408446
201	0.888351578208871	0.836304912368268
202	-0.2895809585088959	-0.3416276243494989
203	0.499179675868011	0.447133010027408
204	-0.15797858822248226	-0.21002525406308525
205	-0.1110403777702385	-0.16308704361084148
206	-0.6987155864779975	-0.7507622523186005
207	-0.04252754215295862	-0.09457420799356162
208	0.2173048266374804	0.1652581607968774
209	0.5098982239958235	0.45785155815522055
210	0.05011585741753072	-0.0019308084230722708
211	-0.11068383771781402	-0.162730503558417
212	0.5807973963872309	0.5287507305466279
213	-0.19430049605755967	-0.24634716189816266
214	0.41477065515423633	0.36272398931363337
215	-0.19135124357019392	-0.24339790941079692
216	-0.03394926065470999	-0.08599592649531299
217	-0.07212641587075624	-0.12417308171135924
218	-0.41333729275986136	-0.46538395860046433
219	0.6050300943160257	0.5529834284754227
220	-0.3614401345388202	-0.41348680037942315
221	-0.06656103049355366	-0.11860769633415666
222	-0.1309344386648455	-0.1829811045054485
223	-0.6804843166627543	-0.7325309825033574
224	0.2768397323081369	0.22479306646753391
225	-0.3380560282952343	-0.39010269413583726
226	-0.07014417921416854	-0.12219084505477154
227	-0.18160295165473592	-0.2336496174953389
228	1.262086164731024	1.210039498890421
229	0.672439043701328	0.620392377860725
230	-0.6314617541762796	-0.6835084200168826
231	1.1228595556040597	1.0708128897634568
232	-0.5251946330418915	-0.5772412988824945
233	-0.2562893938586891	-0.30833605969929206
234	0.5167458465951502	0.46469918075454725
235	-0.3150284339901653	-0.36707509983076825
236	-0.29514243193653944	-0.3471890977771424
237	-0.028373669572002908	-0.0804203354126059
238	-0.4330941205948678	-0.48514078643547076
239	-0.30948007456300225	-0.3615267404036052
240	-0.1502717961118263	-0.2023184619524293
241	0.3840033681316081	0.33195670229100516
242	1.201197712830334	1.149151046989731
243	-0.30837544190205673	-0.3604221077426597
244	-0.3037506338312601	-0.3557972996718631
245	-0.7284971445987579	-0.7805438104393609
246	-0.3775375367434169	-0.42958420258401986
247	-0.1915694846260234	-0.2436161504666264
248	0.1093668665886405	0.057320200748037516
249	-0.042683007110113566	-0.09472967295071655
250	-0.26919406633057286	-0.3212407321711758
251	0.615377977843176	0.563331312002573
252	0.5025574076144981	0.4505107417738951
253	0.04596827312925639	-0.006078392711346602
254	-0.5811827048043582	-0.6332293706449612
255	-0.18453029129122694	-0.23657695713182994
256	-0.7518552012606259	-0.8039018671012289
257	-0.08347329014291321	-0.1355199559835162
258	0.2428071944464146	0.1907605286058116
259	0.21035956178475343	0.15831289594415043
260	-0.3473092559647188	-0.39935592180532176
261	0.010315057281542282	-0.041731608559060704
262	0.20114020571191119	0.1490935398713082
263	-0.5692483583007844	-0.6212950241413874
264	0.412981880501911	0.360935214661308
265	-0.2343891501723671	-0.2864358160129701
266	0.2565711457273854	0.20452447988678238
267	0.020843184279765618	-0.03120348156083737
268	0.3277629485622195	0.2757162827216165
269	0.2749911847353403	0.2229445188947373
270	0.16156522313492666	0.10951855729432367
271	0.4555713558399579	0.4035246899993549
272	0.24578423389329748	0.1937375680526945
273	0.2821001670335996	0.23005350119299658
274	0.3606226480595833	0.3085759822189803
275	-0.15183796600354296	-0.20388463184414596
276	0.5083077123121016	0.4562610464714986
277	-0.47963879230653345	-0.5316854581471364
278	0.698853651040975	0.6468069852003719
279	-0.36067172896229	-0.41271839480289296
280	0.769174239995091	0.717127574154488
281	-0.29532943488195246	-0.3473761007225554
282	-0.47078671942099987	-0.5228333852616028
283	-0.5270939709412659	-0.5791406367818689
284	0.3189760815441932	0.26692941570359024
285	-0.31698639991380095	-0.3690330657544039
286	-0.19894348195722172	-0.2509901477978247
287	0.882350707176494	0.830304041335891
288	-0.11291515209447744	-0.16496181793508044
289	0.42144452896664547	0.3693978631260425
290	-0.04499238193359986	-0.09703904777420286
291	-0.061008634538484485	-0.11305530037908748
292	-0.07266027499758268	-0.12470694083818568
293	-0.36798047741709505	-0.420027143257698
294	0.31558740507434707	0.2635407392337441
295	-0.30261071089936753	-0.3546573767399705
296	0.23289908159015435	0.18085241574955135
297	-0.3105340158404542	-0.36258068168105717
298	-0.005893036007773727	-0.05793970184837671
299	0.16782282474806248	0.11577615890745949
300	0.5189746483760321	0.46692798253542916
301	-0.19112235253896873	-0.24316901837957172
302	0.2523022617967951	0.2002555959561921
303	0.06528401801089094	0.013237352170287951
304	0.32923129957378805	0.2771846337331851
305	-0.20444420459749685	-0.2564908704380998
306	-0.0010235377744711276	-0.05307020361507411
307	-0.7034409186874835	-0.7554875845280865
308	0.039652030678889894	-0.012394635161713095
309	-0.3181470937336498	-0.37019375957425277
310	0.003542665007142721	-0.048504000833460265
311	0.32908050742345046	0.2770338415828475
312	0.2640045700054585	0.21195790416485552
313	-0.5338939210529289	-0.5859405868935319
314	-0.37727982573088414	-0.4293264915714871
315	-0.8949571777753713	-0.9470038436159743
316	0.08341505051503106	0.031368384674428075
317	0.290909049860162	0.23886238401955898
318	0.5559728317697855	0.5039261659291825
319	-0.4067506203872504	-0.4587972862278534
320	-0.3130012702210249	-0.3650479360616279
321	0.4185932128603893	0.36654654701978634
322	0.06801600472540406	0.015969338884801072
323	0.4802503726788308	0.42820370683822784
324	-0.021587913754734938	-0.07363457959533792
325	0.2839418637843418	0.23189519794373878
326	0.06245909351905744	0.010412427678454454
327	-0.33565906835237275	-0.3877057341929757
328	-0.26289002869014694	-0.3149366945307499
329	-0.40592301866744646	-0.4579696845080494
330	-0.1532330161951339	-0.2052796820357369
331	-0.39796530506754174	-0.4500119709081447
332	-0.1646993121184496	-0.2167459779590526
333	0.277930921077772	0.225884255237169
334	0.011175840866219967	-0.04087082497438302
335	0.10634471412093888	0.05429804828033589
336	-0.40699520306959075	-0.4590418689101937
337	-0.00537961307377928	-0.05742627891438227
338	0.37197144960589407	0.3199247837652911
339	0.031102569863354097	-0.020944095977248892
340	-0.12258665092082381	-0.1746333167614268
341	-0.35382710800081896	-0.4058737738414219
342	0.14630178912446662	0.09425512328386362
343	0.08364304513517837	0.03159637929457538
344	-0.23099782003200459	-0.28304448587260755
345	0.2092824657572154	0.1572357999166124
346	-0.2604061843390258	-0.31245285017962876
347	-0.08921296308724884	-0.14125962892785182
348	-0.19640516057313265	-0.24845182641373564
349	-0.02974243633184136	-0.08178910217244435
350	0.31380906283509524	0.2617623969944923
351	0.011592426669811754	-0.04045423917079123
352	0.10552732405700363	0.05348065821640064
353	0.9255882737891449	0.8735416079485419
354	0.4056973789875121	0.35365071314690916
355	0.7183962886617267	0.6663496228211236
356	0.6974424662777874	0.6453958004371844
357	-0.06826198670855683	-0.12030865254915982
358	-0.258189609264704	-0.310236275105307
359	0.7766417288144687	0.7245950629738657
360	0.019419178212071498	-0.03262748762853149
361	-0.34676712743129967	-0.39881379327190264
362	-0.30851164601852166	-0.3605583118591246
363	0.26376879070667325	0.21172212486607025
364	0.2760366028026969	0.22398993696209388
365	-0.5841784371640729	-0.6362251030046759
366	-0.1100275094510755	-0.1620741752916785
367	-0.3258332100245858	-0.3778798758651888
368	-0.01644794049259176	-0.06849460633319475
369	-0.19173621643945377	-0.24378288228005676
370	-0.3974846990756457	-0.4495313649162487
371	0.8206795854905741	0.768632919649971
372	0.12764978607864658	0.07560312023804358
373	0.5238596790956055	0.4718130132550025
374	0.026013084425625974	-0.026033581414977015
375	-0.269116444958313	-0.32116311079891596
376	0.41831269195609744	0.36626602611549447
377	0.8123269086861563	0.7602802428455533
378	0.5484792545520253	0.4964325887114223
379	-0.09288492597764857	-0.14493159181825155
380	-0.11998087097612478	-0.17202753681672778
381	-0.1704133127957797	-0.2224599786363827
382	-0.2449747429585717	-0.29702140879917466
383	0.3249709909711058	0.27292432513050285
384	0.21102046363134708	0.15897379779074408
385	-0.12076825682743006	-0.17281492266803306
386	-0.07496270525337816	-0.12700937109398114
387	-0.3637895237118315	-0.41583618955243445
388	0.5653196715501609	0.5132730057095579
389	0.3446516501345523	0.2926049842939493
390	-0.28792111723859504	-0.339967783079198
391	-0.1646993121184496	-0.2167459779590526
392	0.364278792000599	0.312232126159996
393	0.28847138848742016	0.23642472264681716
394	0.44900576111640633	0.39695909527580336
395	-0.23144445721574475	-0.2834911230563477
396	0.20063689654739264	0.14859023070678964
397	-0.31698861291753355	-0.3690352787581365
398	-0.1653481874928982	-0.2173948533335012
399	0.16588167269633175	0.11383500685572875
400	0.5556003716391911	0.503553705798588
401	-0.15759931735082217	-0.20964598319142516
402	-0.6433494776178204	-0.6953961434584234
403	0.27588342920562675	0.22383676336502376
404	-0.13081107787822727	-0.18285774371883026
405	0.004889918685974864	-0.04715674715462813
406	0.2822047242499458	0.2301580584093428
407	0.4901606389301953	0.4381139730895923
408	0.19198058355380662	0.13993391771320363
409	-0.17848928786411508	-0.23053595370471808
410	-0.07052661898026334	-0.12257328482086632
411	0.529814538268943	0.47776787242834
412	-0.007584017279384674	-0.05963068311998766
413	0.0607688411965171	0.00872217535591411
414	-0.19683249061565586	-0.24887915645625885
415	0.8669411456460899	0.8148944798054869
416	0.2711575682695215	0.21911090242891848
417	-0.04421059380827595	-0.09625725964887893
418	-0.4431836484233751	-0.49523031426397807
419	-0.1072897278576697	-0.15933639369827268
420	-0.15104161150095882	-0.20308827734156182
421	-0.16373583231563693	-0.21578249815623993
422	0.03493237273597513	-0.017114293104627858
423	0.5545085676245514	0.5024619017839483
424	-0.4885153635292154	-0.5405620293698183
425	-0.5897968562448377	-0.6418435220854407
426	0.02470001733986978	-0.02734664850073321
427	0.6242296885901119	0.5721830227495088
428	0.055914296047541195	0.0038676302069382065
429	0.23907665963543603	0.18702999379483304
430	-0.5249054372587448	-0.5769521030993479
431	0.013561301564144455	-0.03848536427645853
432	-0.289641918014785	-0.341688583855388
433	0.08544709088335144	0.03340042504274845
434	-0.20535875172316104	-0.257405417563764
435	-0.24517492089324303	-0.297221586733846
436	-0.18402026616165998	-0.23606693200226297
437	-0.013984276034455841	-0.06603094187505883
438	0.11949879768194827	0.06745213184134527
439	-0.12663140882431403	-0.17867807466491703
440	-0.4718997682149249	-0.5239464340555279
441	-0.17495652911942683	-0.22700319496002982
442	-0.21583632549663317	-0.26788299133723614
443	-0.19220085419304803	-0.24424752003365102
444	-0.28990670820000114	-0.3419533740406041
445	0.20020429719117544	0.14815763135057244
446	-0.3158315775769722	-0.3678782434175752
447	-0.12892995460926257	-0.18097662044986557
448	0.6074271460902436	0.5553804802496406
449	0.21815579648862735	0.16610913064802435
450	-0.1632341817314399	-0.21528084757204288
451	0.23401104991376834	0.18196438407316534
452	-0.08372177937461633	-0.13576844521521933
453	-0.4155586862635605	-0.4676053521041635
454	0.0813835840452909	0.029336918204687916
455	0.13570342564434137	0.08365675980373838
456	0.8062223722882097	0.7541757064476067
457	-0.36415261863716103	-0.416199284477764
458	-0.4697683694920601	-0.521815035332663
459	0.009990451823284379	-0.04205621401731861
460	0.4392694871714658	0.38722282133086283
461	-0.10419618869220446	-0.15624285453280745
462	0.2600323014461976	0.2079856356055946
463	0.039920799773993695	-0.012125866066609294
464	-0.2872819696734087	-0.33932863551401166
465	0.3195145168386935	0.2674678509980905
466	-0.46805683866737996	-0.5201035045079829
467	-0.3050748391256904	-0.35712150496629336
468	-0.40116598524995845	-0.4532126510905614
469	-0.36259394973957787	-0.41464061558018084
470	-1.0407150716096014	-1.0927617374502043
471	0.04810776753619042	-0.003938898304412568
472	0.002057327230538201	-0.049989338610064785
473	-0.38978880049250203	-0.441835466333105
474	-0.2165034347403861	-0.2685501005809891
475	0.024375898432222248	-0.02767076740838074
476	-0.2531463338861116	-0.30519299972671454
477	-0.004542830654368536	-0.056589496494971525
478	0.9514775408296051	0.8994308749890021
479	0.048118470485608536	-0.003928195354994453
480	-0.11440144627686034	-0.16644811211746333
481	0.32815068392289615	0.2761040180822932
482	-0.622977517517072	-0.675024183357675
483	0.41084295684263056	0.3587962910020276
484	0.14572218112064383	0.09367551528004084
485	0.06388295100825804	0.011836285167655052
486	-0.2896559829838406	-0.34170264882444357
487	0.17698065872774446	0.12493399288714147
488	-0.391839550658684	-0.44388621649928695
489	-0.06989552042355474	-0.12194218626415773
490	0.36312592099189467	0.3110792551512917
491	0.07843208638588674	0.02638542054528375
492	0.8516936714726228	0.7996470056320197
493	-0.40252937489077667	-0.45457604073137964
494	-0.3816944960963836	-0.4337411619369866
495	-0.2856249494279522	-0.33767161526855516
496	0.4656065986513917	0.41355993281078873
497	-0.09581730611585966	-0.14786397195646264
498	0.10269995305431198	0.05065328721370899
499	-0.7174351820034887	-0.7694818478440917
500	-0.08758281118511191	-0.1396294770257149
501	-0.13200762668173122	-0.1840542925223342
502	-0.23345681914354896	-0.28550348498415196
503	-0.12739185046576765	-0.17943851630637064
504	0.1360347658648169	0.08398810002421389
505	0.17284604019316807	0.12079937435256508
506	0.4304670050830131	0.37842033924241014
507	0.12741931695736658	0.07537265111676358
508	1.1618086138980386	1.1097619480574357
509	-0.02666336685204676	-0.07871003269264976
510	0.5370007113046829	0.4849540454640799
511	0.20563498875214828	0.15358832291154528
512	0.34020391597542504	0.2881572501348221
513	0.3306344240388396	0.2785877581982366
514	-0.1939381667301168	-0.2459848325707198
515	-0.08514087411734025	-0.13718753995794325
516	-0.5043430564665092	-0.5563897223071123
517	0.3308716149094562	0.27882494906885325
518	0.05335289321044802	0.0013062273698450297
519	-0.372270630066927	-0.42431729590753
520	-0.1319420465915615	-0.1839887124321645
521	0.1690699192105946	0.11702325336999161
522	-0.08198468082008417	-0.13403134666068717
523	-0.3116490697393907	-0.3636957355799937
524	-0.281171958811103	-0.333218624651706
525	0.814692900237671	0.762646234397068
526	-0.11803613814455911	-0.1700828039851621
527	0.5488659878719611	0.4968193220313581
528	-0.6499640693343262	-0.7020107351749292
529	-0.20826000170295964	-0.26030666754356263
530	-0.4940081607196792	-0.5460548265602821
531	0.7908006862059582	0.7387540203653552
532	-0.26837683355425773	-0.3204234993948607
533	-0.3454775723813657	-0.3975242382219687
534	0.5798406961843195	0.5277940303437165
535	-0.1548255975268374	-0.20687226336744038
536	-0.10531862109558125	-0.15736528693618423
537	0.385437536113586	0.33339087027298303
538	0.18310155682572	0.131054890985117
539	-0.16528367361086835	-0.21733033945147134
540	0.27389331181671095	0.22184664597610795
541	0.16947639497992995	0.11742972913932695
542	0.33638840838444745	0.2843417425438445
543	0.1107307455338512	0.058684079693248216
544	0.06607932071345674	0.014032654872853746
545	-0.225763534645258	-0.27781020048586097
546	-0.2617071775379613	-0.31375384337856427
547	0.6983999255124099	0.6463532596718069
548	0.5919858839128845	0.5399392180722815
549	-0.10604343469913387	-0.15809010053973685
550	-0.5369422804386725	-0.5889889462792756
551	-0.27161032192300494	-0.3236569877636079
552	0.22872722645666252	0.17668056061605952
553	-0.25658328276341624	-0.3086299486040192
554	0.42937345260687604	0.37732678676627307
555	-0.2234929939312113	-0.27553965977181427
556	-0.044799880729534475	-0.09684654657013747
557	-0.06819429788237813	-0.12024096372298113
558	-0.12773056669303104	-0.17977723253363403
559	-0.28685811560602303	-0.338904781446626
560	-0.5600021006569176	-0.6120487664975206
561	-0.45735696178931345	-0.5094036276299164
562	-0.3432687949656195	-0.3953154608062225
563	-0.1901715776892154	-0.24221824352981838
564	-0.24199087604248196	-0.29403754188308495
565	-0.4746203538424146	-0.5266670196830175
566	1.016922980968974	0.9648763151283709
567	-0.22165959288575082	-0.2737062587263538
568	0.0325274783021358	-0.019519187538467188
569	1.0487539142941513	0.9967072484535483
570	-0.04227710762148004	-0.09432377346208304
571	-0.023712635029708884	-0.07575930087031188
572	-0.19009641883703346	-0.24214308467763646
573	0.2055840018206575	0.1535373359800545
574	0.11190261517943653	0.05985594933883354
575	-0.1400456538941317	-0.1920923197347347
576	0.032148424924615907	-0.019898240915987082
577	0.37992412555905297	0.32787745971845
578	-0.07680469601887839	-0.12885136185948137
579	0.3377866410613103	0.2857399752207073
580	0.41477065515423633	0.36272398931363337
581	-0.37860005851548567	-0.43064672435608864
582	-0.4001658804356958	-0.45221254627629875
583	-0.02334066110562198	-0.07538732694622496
584	-0.4292604400813266	-0.48130710592192955
585	0.20548719742654642	0.15344053158594342
586	0.28378808229223385	0.23174141645163085
587	-0.6050496561198155	-0.6570963219604186
588	0.19835699981505842	0.14631033397445542
589	-0.22311538186875993	-0.2751620477093629
590	-0.16817776419458508	-0.22022443003518807
591	0.13048546888614873	0.07843880304554574
592	0.2711541811810847	0.2191075153404817
593	-0.14583093886303153	-0.19787760470363452
594	-0.09999618941550015	-0.15204285525610314
595	-0.4159034975756476	-0.46795016341625056
596	-0.47987106582644673	-0.5319177316670497
597	0.24199973471498307	0.18995306887438007
598	-0.5408862132576371	-0.5929328790982401
599	0.07941892764109129	0.027372261800488303
600	-0.04496974489103106	-0.09701641073163406
601	0.009445142699276637	-0.042601523141326356
602	-0.372270630066927	-0.42431729590753
603	-0.47194187653584885	-0.5239885423764519
604	0.005930647541634023	-0.04611601829896897
605	0.737872321515566	0.685825655674963
606	-0.40906456274486064	-0.4611112285854636
607	0.28535359125418913	0.23330692541358614
608	-0.12863986359465732	-0.1806865294352603
609	-0.19748374373619448	-0.24953040957679748
610	-0.020400933402279713	-0.0724475992428827
611	-0.190113046655421	-0.242159712496024
612	-0.225763534645258	-0.27781020048586097
613	0.30152959115338107	0.24948292531277808
614	1.013504345801456	0.9614576799608531
615	-0.4090808502188467	-0.4611275160594497
616	0.5235454228423505	0.47149875700174754
617	0.7497903871060403	0.6977437212654373
618	-0.1348220477547508	-0.18686871359535379
619	-0.1487658096334008	-0.2008124754740038
620	0.0974661535450064	0.04541948770440341
621	0.26710533709806966	0.21505867125746667
622	-0.2832399725413369	-0.3352866383819399
623	-0.20715842215362557	-0.25920508799422853
624	-0.040349126677811445	-0.09239579251841443
625	0.2096613826395491	0.1576147167989461
626	-0.030258818004482164	-0.08230548384508515
627	-0.1697183435734409	-0.2217650094140439
628	0.09883516090940309	0.0467884950688001
629	-0.11755495461248491	-0.1696016204530879
630	-0.017668631898214	-0.06971529773881699
631	0.7372399979390369	0.6851933320984339
632	0.0459644366549523	-0.006082229185650691
633	0.1734578346597636	0.12141116881916061
634	1.0099981910342544	0.9579515251936513
635	-0.2855031030931765	-0.33754976893377947
636	-0.5739407263058867	-0.6259873921464897
637	-0.25395279524582715	-0.3059994610864301
638	0.2503336983211332	0.19828703248053023
639	0.31562640645366996	0.263579740613067
640	0.21948951572091172	0.16744284988030872
641	0.18720616105938429	0.1351594952187813
642	0.4364900958451035	0.38444343000450054
643	-0.178373443831155	-0.230420109671758
644	0.2437108883308712	0.1916642224902682
645	0.06375082632927832	0.011704160488675334
646	-0.23446368177190927	-0.28651034761251226
647	-0.2556615710959733	-0.3077082369365763
648	0.7019240214129913	0.6498773555723882
649	-0.07399694602200589	-0.12604361186260887
650	-0.13808261004295114	-0.19012927588355413
651	0.17236450748730006	0.12031784164669707
652	0.390366464199853	0.33831979835925
653	-0.010706982111771252	-0.06275364795237424
654	-0.3340595114100694	-0.38610617725067237
655	-0.5424820638786378	-0.5945287297192409
656	-0.024299564683976847	-0.07634623052457984
657	-0.45362437833988345	-0.5056710441804865
658	0.16088931967778108	0.10884265383717809
659	0.5545848147200532	0.5025381488794501
660	0.859752802494656	0.807706136654053
661	-0.5982175365179115	-0.6502642023585146
662	0.04163900798006197	-0.010407657860541021
663	0.2489351820472169	0.1968885162066139
664	0.23981426633547684	0.18776760049487384
665	-0.8434467390277807	-0.8954934048683837
666	0.15031192305627336	0.09826525721567037
667	-0.045234224185189145	-0.09728089002579213
668	-0.2855264402940476	-0.3375731061346506
669	0.7756689369841625	0.7236222711435595
670	0.04305667895144569	-0.008989986889157302
671	-0.022308540495667207	-0.0743552063362702
672	-0.06273547934803056	-0.11478214518863356
673	0.6234464931441158	0.5713998273035128
674	0.01660834223237558	-0.03543832360822741
675	0.385503680643214	0.33345701480261103
676	0.08626027063385341	0.034213604793250425
677	-0.20174226037336512	-0.2537889262139681
678	-0.06406851287599104	-0.11611517871659402
679	0.5647751573378316	0.5127284914972285
680	0.7154485128477914	0.6634018470071884
681	-0.12144564747624138	-0.17349231331684437
682	0.39779005348177376	0.3457433876411708
683	-0.2424026881498743	-0.2944493539904773
684	0.10679079725572457	0.054744131415121584
685	-0.32241777971771296	-0.37446444555831593
686	-0.010143019538423205	-0.062189685379026194
687	0.1962514991294072	0.1442048332888042
688	0.4314540609277256	0.3794073950871226
689	-0.010143019538423205	-0.062189685379026194
690	0.39318224087107023	0.34113557503046726
691	0.1372547157654009	0.08520804992479791
692	-0.6055354814515175	-0.6575821472921205
693	-0.22565615083910995	-0.2777028166797129
694	-0.09797810459491663	-0.15002477043551962
695	0.5302170704310786	0.4781704045904756
696	0.03538305089219933	-0.01666361494840366
697	-0.33171265517966597	-0.38375932102026894
698	0.03997604587708148	-0.01207061996352151
699	-0.1904708908786575	-0.2425175567192605
700	-0.7165473484751649	-0.7685940143157679
701	-0.12469423735142764	-0.17674090319203062
702	0.32954956291875304	0.27750289707815007
703	0.12347526541660431	0.07142859957600131
704	0.8755011231526763	0.8234544573120732
705	-0.019619158937006963	-0.07166582477760995
706	-0.7000064324390267	-0.7520530982796297
707	0.03991750377698444	-0.012129162063618547
708	0.009354895922997774	-0.04269176991760522
709	0.13129000977956268	0.07924334393895968
710	-0.024685983302286333	-0.07673264914288933
711	-0.4131342631125108	-0.46518092895311375
712	0.1038278310047249	0.05178116516412191
713	0.5207524700496535	0.46870580420905056
714	0.5984548049393309	0.5464081390987279
715	-0.33338518244177573	-0.3854318482823787
716	-0.07487506962786666	-0.12692173546846966
717	0.017091274508556197	-0.034955391332046795
718	0.13225900777155022	0.08021234193094723
719	-0.5343657884085459	-0.5864124542491489
720	-0.159339337156132	-0.211386002996735
721	0.7871763764243909	0.7351297105837878
722	0.1440036376920933	0.0919569718514903
723	0.2902337142898683	0.23818704844926533
724	0.28862524050621685	0.23657857466561386
725	0.02647496892362113	-0.02557169691698186
726	-0.0989278581293051	-0.1509745239699081
727	-0.0841056466698377	-0.1361523125104407
728	-0.0681987990908876	-0.12024546493149058
729	0.351215905890856	0.299169240050253
730	-0.23559208302911042	-0.2876387488697134
731	-0.37276606874159895	-0.4248127345822019
732	-0.4097697801348647	-0.46181644597546767
733	0.11254401985071569	0.0604973540101127
734	0.0564348868016674	0.004388220961064414
735	-0.15695300277598423	-0.20899966861658723
736	-0.4626869297960567	-0.5147335956366597
737	-0.5445003649072829	-0.596547030747886
738	0.3485724802893927	0.2965258144487897
739	0.49456866614939526	0.4425220003087923
740	0.2633290431365274	0.2112823772959244
741	-0.04309648714509875	-0.09514315298570174
742	-0.2577977076674783	-0.30984437350808125
743	0.4055665390103732	0.35351987316977024
744	-0.47397960108942316	-0.5260262669300262
745	-0.06745735324213528	-0.11950401908273828
746	0.9275027994963613	0.8754561336557583
747	-0.22033436332385012	-0.2723810291644531
748	0.032870699214366014	-0.019175966626236975
749	0.5269856273234262	0.4749389614828233
750	-0.3736494030801902	-0.42569606892079315
751	-0.4193734654671342	-0.4714201313077372
752	0.08375890284524362	0.03171223700464063
753	0.40756573397064516	0.3555190681300422
754	-0.06343066003899989	-0.11547732587960288
755	-0.34654448359554074	-0.3985911494361437
756	0.3893606043620175	0.33731393852141456
757	-0.10202627707071388	-0.15407294291131687
758	-0.6444831785763123	-0.6965298444169153
759	0.28090422387903125	0.22885755803842825
760	0.1514987847405055	0.09945211889990249
761	0.2922722034929987	0.2402255376523957
762	0.4074228888189744	0.35537622297837146
763	-0.06436637529424709	-0.11641304113485007
764	0.1741459804823996	0.1220993146417966
765	0.39334421162304894	0.341297545782446
766	0.3608026744915891	0.3087560086509861
767	0.5260517175445308	0.47400505170392787
768	0.08038857296545152	0.028341907124848527
769	0.6418180853275638	0.5897714194869608
770	-0.2593895500725033	-0.3114362159131063
771	0.647906203139892	0.595859537299289
772	-0.05339411286684039	-0.10544077870744338
773	-0.4521006544038122	-0.5041473202444152
774	0.21528195208353837	0.16323528624293537
775	-0.024810334094942578	-0.07685699993554557
776	0.5968119900365456	0.5447653241959426
777	0.6930607209908992	0.6410140551502962
778	0.08670920280965756	0.03466253696905457
779	-0.065560134013688	-0.11760679985429098
780	0.15468897595780354	0.10264231011720054
781	1.3762385843678757	1.3241919185272728
782	0.22762800344652592	0.17558133760592293
783	0.09492772119187008	0.04288105535126709
784	-0.3944998966117931	-0.44654656245239605
785	0.15599803284430142	0.10395136700369842
786	0.3401235146267797	0.28807684878617673
787	0.5870688670761477	0.5350222012355447
788	0.3720610835928893	0.32001441775228634
789	-0.6779521225333689	-0.7299987883739719
790	-0.15574527854054024	-0.20779194438114323
791	0.03818500898682235	-0.013861656853780636
792	-0.4051946297482891	-0.4572412955888921
793	-0.2478185898489371	-0.2998652556895401
794	-0.018679991295327415	-0.0707266571359304
795	-0.0598017541256959	-0.11184841996629888
796	-0.4487235916736592	-0.5007702575142622
797	0.4196650162086351	0.36761835036803214
798	0.7043726123587752	0.6523259465181722
799	-0.28003968004169527	-0.33208634588229824
800	-0.24738721026532143	-0.2994338761059244
801	0.540067867593106	0.488021201752503
802	0.909036232856036	0.8569895670154329
803	-0.5176871756819837	-0.5697338415225868
804	-0.1768099373474891	-0.2288566031880921
805	-0.36701725531381724	-0.4190639211544202
806	0.553886749640087	0.501840083799484
807	-0.07205506239535456	-0.12410172823595755
808	0.03134798242992823	-0.02069868341067476
809	0.052770648868320336	7.239830277173467e-4
810	-0.4829094707031984	-0.5349561365438014
811	-0.36818678458166554	-0.4202334504222685
812	-0.3621005529206399	-0.4141472187612429
813	0.32395111908753893	0.27190445324693596
814	-0.1952153130228458	-0.2472619788634488
815	0.5608398210495071	0.5087931552089041
816	-0.22410609885450147	-0.27615276469510447
817	0.5670899393480006	0.5150432735073975
818	-0.37069117786280437	-0.42273784370340733
819	-0.15564586586754536	-0.20769253170814836
820	0.26336913887662267	0.21132247303601967
821	-0.3002309009091582	-0.3522775667497612
822	-0.2235557763191562	-0.2756024421597592
823	0.0011737138670116151	-0.050872951973591374
824	0.1415434003017791	0.08949673446117609
825	0.15227452380964226	0.10022785796903927
826	0.10410163305847528	0.05205496721787229
827	0.11260051369261406	0.060553847852011074
828	-0.09052690807033781	-0.1425735739109408
829	0.18933607662649993	0.13728941078589693
830	-0.1614762682475478	-0.2135229340881508
831	-0.13738539102603248	-0.18943205686663547
832	0.18920041761972572	0.13715375177912273
833	-0.28699960458130164	-0.3390462704219046
834	-0.4712641630868727	-0.5233108289274757
835	0.14533649639660373	0.09328983055600074
836	0.4528692469768438	0.4008225811362408
837	-0.01417184809933976	-0.06621851393994274
838	-0.26116940741909817	-0.31321607325970113
839	-0.07344642623342508	-0.12549309207402806
840	-0.2724494676008731	-0.32449613344147604
841	-0.32673869453141036	-0.3787853603720133
842	-0.33889689573415144	-0.3909435615747544
843	-0.3213052107789703	-0.37335187661957325
844	0.611885875795321	0.559839209954718
845	-2.2201952030723865e-4	-0.05226868536091023
846	-0.13074175672981203	-0.18278842257041503
847	0.3646576117360663	0.31261094589546334
848	0.399287385546614	0.34724071970601106
849	-0.30477862914081455	-0.3568252949814175
850	-0.14613266979196954	-0.19817933563257253
851	-0.7317356498780846	-0.7837823157186876
852	-0.23196308310130126	-0.2840097489419042
853	0.15137840049758197	0.09933173465697898
854	0.5823901650537228	0.5303434992131197
855	0.10495073332820196	0.05290406748759897
856	-0.06113586003864527	-0.11318252587924826
857	0.18744442692313956	0.13539776108253657
858	0.4372892750949605	0.38524260925435755
859	-0.3654086240499641	-0.41745528989056707
860	-0.2551034853432995	-0.3071501511839025
861	-0.2872819696734087	-0.33932863551401166
862	0.031305417218197656	-0.020741248622405332
863	0.13063136430172645	0.07858469846112345
864	-0.21695524603141997	-0.26900191187202294
865	0.3990767210469794	0.3470300552063764
866	-0.0328614238663921	-0.0849080897069951
867	0.4786596372500324	0.42661297140942944
868	0.41947365498307077	0.3674269891424678
869	0.1738177251934253	0.12177105935282231
870	-0.21581963342408259	-0.2678662992646856
871	-0.12062121284736507	-0.17266787868796807
872	-0.11469369575260725	-0.16674036159321023
873	0.5220870810304111	0.47004041518980816
874	0.0026689687996323715	-0.049377697040970614
875	0.15158440985452912	0.09953774401392612
876	0.5224251780218641	0.4703785121812611
877	-0.0022216036409378366	-0.05426826948154083
878	-0.1203750306268161	-0.1724216964674191
879	-0.04289114858504668	-0.09493781442564966
880	0.3466262927029331	0.29457962686233014
881	0.30789480962601184	0.2558481437854089
882	-0.37549455006501353	-0.4275412159056165
883	0.15082787813736798	0.09878121229676498
884	-0.12236690981148474	-0.17441357565208773
885	0.7388103595243748	0.6867636936837718
886	0.05375806297014038	0.0017113971295373911
887	-0.06872066160354665	-0.12076732744414964
888	-0.2468426650521163	-0.2988893308927193
889	0.3955126127563101	0.34346594691570714
890	0.16083869157048533	0.10879202572988234
891	0.20138181982385395	0.14933515398325095
892	0.628200394675592	0.5761537288349889
893	0.09505765678507638	0.043010990944473394
894	-0.2654681061696311	-0.3175147720102341
895	0.23493445447506137	0.18288778863445837
896	-0.13760514832389034	-0.18965181416449334
897	1.1542940237552681	1.1022473579146652
898	0.6070912579634685	0.5550445921228655
899	0.3955930972805202	0.34354643143991725
900	-0.025936407630897468	-0.07798307347150046
901	0.1808140706032625	0.1287674047626595
902	0.14054751154834239	0.08850084570773939
903	-0.07344642623342508	-0.12549309207402806
904	0.1264260909827839	0.0743794251421809
905	-0.20510003532129928	-0.25714670116190225
906	0.5593309261352837	0.5072842602946807
907	-0.0937793268579013	-0.1458259926985043
908	0.47060409505435175	0.4185574292137488
909	-0.0057346708749682375	-0.05778133671557123
910	-0.026995640225047354	-0.07904230606565034
911	-0.24464211496875876	-0.29668878080936173
912	0.4274662571579012	0.37541959131729824
913	0.16462947028983985	0.11258280444923685
914	0.1665736390985595	0.1145269732579565
915	-0.02888470209295925	-0.08093136793356223
916	-0.2655069729319559	-0.3175536387725589
917	0.2891997681718279	0.2371531023312249
918	-0.2085501675302146	-0.26059683337081757
919	0.28651907063655	0.23447240479594703
920	-0.0834408958830953	-0.1354875617236983
921	0.2049259477590953	0.15287928191849232
922	-0.49854979019494544	-0.5505964560355484
923	0.2966112204236942	0.2445645545830912
924	-0.09315980166669166	-0.14520646750729466
925	0.07992286788293108	0.027876202042328095
926	-0.005416679081093407	-0.0574633449216964
927	0.37214806510913384	0.3201013992685309
928	0.004279888410034408	-0.04776677743056858
929	0.34974351702924206	0.2976968511886391
930	-0.11413053051124714	-0.16617719635185013
931	0.07810327544179674	0.02605660960119375
932	0.11439602450192554	0.06234935866132255
933	-0.09865239951499125	-0.15069906535559424
934	0.476111049211603	0.42406438337100005
935	-0.4352089576701785	-0.48725562351078144
936	-0.8075931387874772	-0.8596398046280802
937	-0.02726145109841633	-0.07930811693901932
938	-0.06281933077901523	-0.11486599661961822
939	-0.5830558566549229	-0.6351025224955259
940	-0.10020773627057897	-0.15225440211118196
941	-0.0953548637484931	-0.14740152958909608
942	0.4486780407795663	0.39663137493896333
943	0.29241769326750433	0.24037102742690133
944	0.34994702427836843	0.29790035843776547
945	-0.10805505989908434	-0.16010172573968734
946	0.12772039856620257	0.07567373272559957
947	-0.11874280641659983	-0.1707894722572028
948	-0.07691944418965097	-0.12896611003025396
949	0.07380945075141912	0.02176278491081613
950	0.049982182873690884	-0.0020644829669121054
951	-0.3257519775289833	-0.3777986433695863
952	0.04994412458507606	-0.0021025412555269254
953	0.1015006442944344	0.049453978453831406
954	1.821352268473221e-4	-0.05186453061375566
955	1.0906135781352326	1.0385669122946297
956	-0.1670965343495389	-0.21914320019014188
957	-0.31777327905676617	-0.36981994489736914
958	0.3630013537416639	0.31095468790106096
959	-0.0689481484027288	-0.12099481424333178
960	0.27471576976413203	0.22266910392352904
961	0.21368461922059034	0.16163795337998735
962	0.13579358717087273	0.08374692133026973
963	-0.17457295003410708	-0.22661961587471008
964	-0.17128014277210274	-0.22332680861270574
965	-0.16632334713438293	-0.21837001297498593
966	0.305697742027742	0.25365107618713906
967	0.22517452135961616	0.17312785551901316
968	-0.14235387181316855	-0.19440053765377155
969	0.7414694460041538	0.6894227801635507
970	-0.22951939416227654	-0.28156606000287954
971	0.41281824405453665	0.3607715782139337
972	0.9243427014379509	0.8722960355973479
973	0.31396556149971494	0.26191889565911197
974	0.01612715079872747	-0.035919515041875516
975	0.24310561969931357	0.19105895385871058
976	0.30086114071789793	0.24881447487729494
977	-0.07300398980604464	-0.12505065564664763
978	-0.12691639385594125	-0.17896305969654425
979	-0.17465309573730506	-0.22669976157790805
980	0.11904193154963089	0.06699526570902789
981	0.7500381049937087	0.6979914391531057
982	0.48620571964499587	0.4341590538043929
983	-0.28102150317389857	-0.33306816901450154
984	0.23223240315320035	0.18018573731259735
985	-0.04774833122312647	-0.09979499706372946
986	0.027271323667056712	-0.024775342173546277
987	0.9805860322980319	0.9285393664574288
988	-0.16592423992070457	-0.21797090576130757
989	0.5246054748612676	0.47255880902066466
990	0.1547033866602611	0.1026567208196581
991	0.38582324055519374	0.33377657471459077
992	0.2856243687576096	0.2335777029170066
993	-0.2453783201966526	-0.2974249860372556
994	-0.14813474063708576	-0.20018140647768876
995	0.4299687588169006	0.37792209297629764
996	-0.19368029159836678	-0.24572695743896977
997	-0.2373722927243262	-0.28941895856492916
998	0.04289694541534107	-0.009149720425261916
999	0.45690470999366334	0.40485804415306037
1000	0.27025840434593346	0.21821173850533046
1001	0.0034151467022731884	-0.048631519138329804
1002	0.15962377730526908	0.10757711146466609
1003	0.2106467390602232	0.1586000732196202
1004	-0.2734627366539641	-0.32550940249456706
1005	0.013019926759091773	-0.03902673908151122
1006	0.5334993578380712	0.48145269199746826
1007	-0.11434920069437722	-0.1663958665349802
1008	0.4419229178438047	0.38987625200320175
1009	-0.1517444729916847	-0.2037911388322877
1010	-0.3964745168440498	-0.44852118268465274
1011	0.27025840434593346	0.21821173850533046
1012	-0.14222650937989648	-0.19427317522049947
1013	-0.13062159316630564	-0.18266825900690864
1014	0.5233397549302927	0.47129308908968975
1015	-0.3334483772587021	-0.38549504309930505
1016	0.36546529326527377	0.3134186274246708
1017	-0.08773381720508949	-0.1397804830456925
1018	-0.0214176600817905	-0.07346432592239349
1019	-0.5545933190036774	-0.6066399848442804
1020	-0.49869551432545006	-0.550742180166053
1021	0.45844990395741797	0.406403238116815
1022	0.03970327324328457	-0.012343392597318419
1023	-0.28567262647652575	-0.3377192923171287
1024	0.3081711245053285	0.25612445866472555
1025	0.20422134522382693	0.15217467938322393
1026	-0.1919511479994388	-0.2439978138400418
1027	0.22203589886031935	0.16998923301971636
1028	-0.383293941594917	-0.43534060743551994
1029	-0.0035706478240677686	-0.05561731366467076
1030	0.8947350074736197	0.8426883416330166
1031	-0.21976276310870266	-0.27180942894930565
1032	0.7690811086368252	0.7170344427962222
1033	0.639702216798264	0.587655550957661
1034	-0.50825437043943	-0.560301036280033
1035	-0.2563142619129434	-0.30836092775354634
1036	-0.04619988184443907	-0.09824654768504207
1037	-0.3969260462146551	-0.44897271205525807
1038	-0.2628730394681662	-0.31491970530876917
1039	0.019565198667851894	-0.03248146717275109
1040	0.09875776386833507	0.04671109802773208
1041	0.5130886652854745	0.4610419994448715
1042	0.5862605039197135	0.5342138380791105
1043	-0.33772099998607485	-0.3897676658266778
1044	0.26275959060774484	0.21071292476714185
1045	-0.22955868737572876	-0.28160535321633173
1046	0.6626265298569984	0.6105798640163954
1047	0.6030066803988421	0.5509600145582391
1048	0.44960095648688153	0.39755429064627856
1049	-0.21212201265839933	-0.26416867849900233
1050	0.21331833721416235	0.16127167137355936
1051	0.05619288862529716	0.004146222784694169
1052	0.09615630200934835	0.044109636168745366
1053	0.026809195880412546	-0.025237469960190443
1054	-0.44831113049309096	-0.5003577963336939
1055	0.395693524308867	0.34364685846826404
1056	0.2334387633892213	0.1813920975486183
1057	0.22658322664312439	0.1745365608025214
1058	-0.17344504464632374	-0.22549171048692673
1059	1.265362356384171	1.213315690543568
1060	0.42885369888729125	0.3768070330466883
1061	0.22794297138834121	0.17589630554773822
1062	-0.04378675700529673	-0.09583342284589971
1063	0.4175381104234026	0.36549144458279964
1064	0.35282705463857716	0.3007803887979742
1065	0.20604632592175928	0.1539996600811563
1066	-0.05525791361451561	-0.10730457945511859
1067	-0.056650863900539694	-0.10869752974114269
1068	0.686905023784507	0.634858357943904
1069	-0.019623661507655904	-0.0716703273482589
1070	0.48496126523282373	0.43291459939222077
1071	-0.3429986582769715	-0.3950453241175745
1072	0.06745553466622088	0.015408868825617893
1073	-0.47954071003978826	-0.5315873758803913
1074	-0.0626235057006832	-0.1146701715412862
1075	-0.02880280757727043	-0.08084947341787342
1076	-0.29470904459834446	-0.34675571043894743
1077	0.06701302349640409	0.0149663576558011
1078	0.17112840367212495	0.11908173783152196
1079	-0.4183673690060651	-0.47041403484666805
1080	0.19707725310054622	0.14503058725994322
1081	-0.1802471088624265	-0.2322937747030295
1082	0.44981394042658923	0.39776727458598626
1083	0.3913220865769519	0.3392754207363489
1084	-0.01051416258514088	-0.06256082842574387
1085	-0.21203797241383146	-0.26408463825443446
1086	-0.22740961118300376	-0.27945627702360676
1087	0.9731186922784366	0.9210720264378336
1088	0.2791224342041096	0.2270757683635066
1089	0.15785976149165465	0.10581309565105165
1090	-0.1072897278576697	-0.15933639369827268
1091	0.37860508164457185	0.3265584158039689
1092	0.3831258457469481	0.3310791799063451
1093	-0.23537563574171982	-0.2874223015823228
1094	0.09638273816891127	0.04433607232830828
1095	-0.6443051632761623	-0.6963518291167653
1096	0.45547932850585066	0.4034326626652477
1097	-0.3275068493092425	-0.3795535151498455
1098	0.0037420370789595057	-0.04830462876164349
1099	-0.3683125279579261	-0.42035919379852904
1100	0.4919267308437583	0.43988006500315535
1101	1.4145448771225786	1.3624982112819757
1102	0.042362709485319325	-0.009683956355283664
1103	0.8332677736052012	0.7812211077645982
1104	0.7853607316537621	0.733314065813159
1105	0.031339482396988305	-0.020707183443614684
1106	-0.22334290379666644	-0.2753895696372694
1107	0.10567221481032713	0.053625548969724136
1108	-0.07058940304960616	-0.12263606889020914
1109	-0.12623911342352057	-0.17828577926412356
1110	0.2864868613924316	0.23444019555182863
1111	0.5452351692502454	0.49318850340964243
1112	-0.3314548706617634	-0.38350153650236635
1113	0.5764470346484765	0.5244003688078734
1114	-0.22361482245654848	-0.2756614882971515
1115	0.9879156160550092	0.9358689502144062
1116	0.1584925084968139	0.1064458426562109
1117	0.0667615488973021	0.014714883056699109
1118	-0.34199587895700634	-0.3940425447976093
1119	0.10996221538551626	0.05791554954491327
1120	-0.3638317650994605	-0.4158784309400635
1121	0.11993646889789697	0.06788980305729397
1122	0.009044604880341655	-0.04300206096026134
1123	0.7638335415508515	0.7117868757102485
1124	0.0967996704152681	0.04475300457466511
1125	-0.16199805757760163	-0.21404472341820463
1126	0.3448513579565794	0.29280469211597643
1127	0.21955986616303946	0.16751320032243647
1128	0.3108690663714587	0.25882240053085576
1129	-0.328565308806488	-0.38061197464709096
1130	0.024956347437744723	-0.027090318402858266
1131	0.42502037028282513	0.37297370444222216
1132	0.12137843208049745	0.06933176623989445
1133	-0.2061195447401777	-0.2581662105807807
1134	-0.1567342052797268	-0.2087808711203298
1135	-0.18753459377959228	-0.23958125962019527
1136	-0.24656315001075624	-0.2986098158513592
1137	0.2146973627704276	0.16265069692982462
1138	0.5216740857450378	0.46962741990443485
1139	-0.3499765301586727	-0.40202319599927566
1140	0.23583726382431366	0.18379059798371067
1141	-0.0580336145345974	-0.11008028037520039
1142	0.23298437318853857	0.18093770734793557
1143	0.35059927595677465	0.2985526101161717
1144	-0.13815798727770773	-0.19020465311831072
1145	0.3368800535848984	0.28483338774429545
1146	-0.2877521808207586	-0.33979884666136156
1147	0.6979395923200498	0.6458929264794467
1148	1.0099981910342544	0.9579515251936513
1149	0.11282415598097037	0.06077749014036738
1150	-0.03291050664658406	-0.08495717248718705
1151	0.5387321647518467	0.48668549891124374
1152	0.057647530592674495	0.005600864752071506
1153	0.394293444246271	0.34224677840566803
1154	0.01961076593396979	-0.0324358999066332
1155	-0.49646842482655956	-0.5485150906671625
1156	0.09658523179280248	0.044538565952199495
1157	-0.07872652189501242	-0.13077318773561541
1158	-0.40849281400693327	-0.46053947984753624
1159	0.6077389446940555	0.5556922788534525
1160	0.22339313782243028	0.1713464719818273
1161	0.23043783555509398	0.17839116971449098
1162	-0.11734513607535216	-0.16939180191595515
1163	-0.698721254578092	-0.750767920418695
1164	0.2941178071389445	0.24207114129834148
1165	-0.2604787625547837	-0.31252542839538666
1166	-0.4987465158934211	-0.5507931817340241
1167	-1.0407150716096014	-1.0927617374502043
1168	-0.12935159929089105	-0.18139826513149404
1169	-0.15531936044303346	-0.20736602628363646
1170	-0.3681666619970062	-0.4202133278376092
1171	-0.3857732339042422	-0.43781989974484514
1172	-0.2058928736498064	-0.2579395394904094
1173	-0.09605986127886906	-0.14810652711947206
1174	0.3110718972995944	0.2590252314589914
1175	-0.522383349733316	-0.574430015573919
1176	-0.22177908712523856	-0.27382575296584155
1177	0.04776594669897609	-0.0042807191416269
1178	-0.11768198128421396	-0.16972864712481694
1179	-0.29157825208582777	-0.34362491792643074
1180	0.17703246630520467	0.12498580046460167
1181	0.7283423072290147	0.6762956413884117
1182	0.12591588249828126	0.07386921665767826
1183	0.11787038519420162	0.06582371935359863
1184	0.13656787078285662	0.08452120494225362
1185	0.44328387483089743	0.39123720899029446
1186	0.5887461433192314	0.5366994774786283
1187	1.4589289445933115e-4	-0.05190077294614366
1188	0.02974460802962531	-0.022302057810977678
1189	0.3840868674909485	0.33204020165034553
1190	-0.12251041158659795	-0.17455707742720095
1191	0.6762115552928174	0.6241648894522144
1192	-0.07623313759858805	-0.12827980343919104
1193	-0.7296292675428058	-0.7816759333834088
1194	-0.28609223303468756	-0.33813889887529053
1195	-0.3985685503206177	-0.4506152161612207
1196	1.124517685920963	1.07247102008036
1197	0.2334387633892213	0.1813920975486183
1198	-0.5985862015929765	-0.6506328674335795
1199	0.006409152890718823	-0.04563751294988416
1200	0.7074838069852585	0.6554371411446555
1201	-0.023190117583324673	-0.07523678342392766
1202	0.48925266976891696	0.437206003928314
1203	-0.5139801585537426	-0.5660268243943456
1204	0.23424836428646975	0.18220169844586676
1205	-0.13716615894436693	-0.18921282478496992
1206	-0.16782316414409246	-0.21986982998469545
1207	-0.09818022814971597	-0.15022689399031897
1208	0.5406112263345205	0.48856456049391755
1209	-0.1380186850780916	-0.1900653509186946
1210	-0.18453029129122694	-0.23657695713182994
1211	0.35184053082839634	0.29979386498779337
1212	-0.1395399014169791	-0.1915865672575821
1213	0.36498436537244167	0.3129376995318387
1214	0.05457868709423869	0.002532021253635698
1215	-0.208689728694936	-0.260736394535539
1216	0.39201045959416975	0.3399637937535668
1217	-0.4573772534863522	-0.5094239193269552
1218	0.0296743416471368	-0.02237232419346619
1219	1.3273520738320215	1.2753054079914186
1220	0.4300386732586445	0.3779920074180415
1221	-0.25728593379224396	-0.3093325996328469
1222	-0.36567119844786095	-0.4177178642884639
1223	-0.08436031957922054	-0.13640698541982352
1224	0.22563454561764631	0.17358787977704332
1225	0.5518801099247571	0.49983344408415414
1226	0.5857545837389639	0.5337079178983609
1227	0.18355767403588544	0.13151100819528244
1228	-0.6291063626157021	-0.6811530284563051
1229	0.23926992947555406	0.18722326363495106
1230	0.6621844629452862	0.6101377971046832
1231	0.5826794244196853	0.5306327585790823
1232	-0.33025711164193516	-0.38230377748253813
1233	-0.04791445213773059	-0.09996111797833357
1234	-0.04483729926752023	-0.09688396510812322
1235	-0.35951970155257823	-0.4115663673931812
1236	0.3703766399409677	0.31832997410036473
1237	-0.09099633433798192	-0.1430430001785849
1238	0.04514479034456753	-0.0069018754960354575
1239	-0.4622789012054182	-0.5143255670460212
1240	0.5916706907316649	0.5396240248910619
1241	0.02174396762215661	-0.03030269821844638
1242	-0.04202297147348333	-0.09406963731408632
1243	-0.4091988393715217	-0.46124550521212465
1244	-0.14364579156110632	-0.19569245740170932
1245	-0.19747983126746618	-0.24952649710806918
1246	-0.33325365358858633	-0.3853003194291893
1247	-0.12537301662754002	-0.17741968246814302
1248	0.6229802149384535	0.5709335490978504
1249	0.046198956228559226	-0.0058477096120437624
1250	-0.002884906870498225	-0.05493157271110122
1251	-0.18407279280611868	-0.23611945864672168
1252	-0.06007815939018394	-0.11212482523078693
1253	-0.11252793398401985	-0.16457459982462283
1254	0.8684576890900435	0.8164110232494405
1255	0.3158681788278563	0.2638215129872533
1256	-0.07122071847684446	-0.12326738431744744
1257	-0.027671317383014635	-0.07971798322361762
1258	0.16875564926273573	0.11670898342213273
1259	0.13020392590083776	0.07815726006023477
1260	0.7086729226198494	0.6566262567792464
1261	0.22118081156123323	0.16913414572063024
1262	4.895280970017117e-4	-0.05155713774360128
1263	-0.04083912738201566	-0.09288579322261864
1264	0.15248788859669649	0.10044122275609349
1265	-0.20857482855124565	-0.2606214943918486
1266	-0.05576522980453871	-0.10781189564514171
1267	0.09520930797770864	0.043162642137105654
1268	-0.20503607833609222	-0.2570827441766952
1269	-0.262667006457168	-0.314713672297771
1270	-0.17578346997810196	-0.22783013581870495
1271	-0.34292549338598044	-0.3949721592265834
1272	-0.1946588866891869	-0.2467055525297899
1273	0.08640221994619283	0.034355554105589846
1274	0.3181879742715231	0.26614130843092015
1275	-0.06469538008879056	-0.11674204592939355
1276	-0.19118419379441717	-0.24323085963502017
1277	-0.06413921838168332	-0.11618588422228632
1278	-0.14591352401770186	-0.19796018985830485
1279	-0.21753876685857187	-0.26958543269917484
1280	-0.021125052226541544	-0.07317171806714454
1281	0.09206575833283591	0.04001909249223292
1282	-0.43326446059673873	-0.4853111264373417
1283	-0.3425173944067271	-0.3945640602473301
1284	-0.39693342279192595	-0.4489800886325289
1285	0.2292515144885137	0.1772048486479107
1286	0.5017259520942665	0.44967928625366355
1287	0.4662711289990217	0.4142244631584187
1288	0.2796476477723933	0.22760098193179032
1289	-0.3098923312381561	-0.3619389970787591
1290	-0.28638633529006485	-0.3384330011306678
1291	-0.21797152609551765	-0.27001819193612064
1292	0.4594106648930067	0.4073639990524037
1293	0.44454007133250223	0.39249340549189926
1294	0.15302108552193538	0.10097441968133239
1295	0.30347170973842397	0.251425043897821
1296	0.051323027337517424	-7.236385030855649e-4
1297	0.030898843923793728	-0.02114782191680926
1298	0.08428985775643624	0.032243191915833254
1299	0.38230392869989976	0.3302572628592968
1300	0.0717320092368337	0.019685343396230716
1301	-0.06768708823968841	-0.11973375408029141
1302	-0.2147901022596159	-0.2668367681002189
1303	0.05418367963090566	0.0021370137903026706
1304	-0.2459215783451375	-0.29796824418574047
1305	-0.12486718879034778	-0.17691385463095077
1306	1.201699980785519	1.1496533149449162
1307	0.47906330844244577	0.4270166426018428
1308	0.9483296214134455	0.8962829555728424
1309	-0.2684997323065901	-0.32054639814719305
1310	-0.39801536601455506	-0.45006203185515803
1311	-0.38771866424560397	-0.43976533008620694
1312	-0.18723205477543814	-0.23927872061604114
1313	0.06324940895458295	0.011202743113979959
1314	0.5561932373099728	0.5041465714693698
1315	0.5740239046253199	0.5219772387847169
1316	-0.7199188441066879	-0.771965509947291
1317	-0.3595129395561528	-0.4115596053967558
1318	0.4429436593444266	0.3908969935038236
1319	0.709763811765833	0.65771714592523
1320	0.7504010210179705	0.6983543551773674
1321	-0.34959687785639976	-0.4016435436970027
1322	0.014602068753067642	-0.03744459708753535
1323	0.1334646166611742	0.08141795082057121
1324	0.15215241370139818	0.10010574786079518
1325	-0.43702697742252405	-0.489073643263127
1326	0.35760156353628997	0.305554897695687
1327	-0.11838239518288939	-0.17042906102349237
1328	0.5071454093535457	0.4550987435129427
1329	-0.4949625959075753	-0.5470092617481783
1330	0.30569511831744384	0.25364845247684087
1331	-0.23458685679079191	-0.2866335226313949
1332	-0.3848833119402404	-0.43692997778084336
1333	-0.16219009186275202	-0.214236757703355
1334	-0.23777668310530456	-0.28982334894590756
1335	-0.4912693676783142	-0.5433160335189172
1336	0.3932736745663746	0.3412270087257716
1337	-0.33843824641446346	-0.39048491225506643
1338	0.6922246419100715	0.6401779760694685
1339	-0.3768249010491506	-0.4288715668897536
1340	0.18967068864824596	0.13762402280764297
1341	0.3488668820343564	0.29682021619375343
1342	-0.28582170780493715	-0.3378683736455401
1343	0.31396155344169363	0.26191488760109066
1344	0.20234096515943675	0.15029429931883376
1345	-0.19272984941055182	-0.24477651525115482
1346	-0.037120546784990986	-0.08916721262559398
1347	0.5018815967366894	0.44983493089608645
1348	-0.17742901620103185	-0.22947568204163485
1349	6.093872495805536e-4	-0.051437278591022435
1350	0.020424825059732105	-0.03162184078087088
1351	-0.2407787823016888	-0.2928254481422918
1352	-0.3117459027945556	-0.3637925686351586
1353	0.17723931795572692	0.12519265211512393
1354	0.3570251325131	0.304978466672497
1355	-0.20882039418343631	-0.2608670600240393
1356	0.16817658438037966	0.11612991853977667
1357	0.1086806731903911	0.05663400734978811
1358	-0.05888148398140197	-0.11092814982200497
1359	-0.30744495859949245	-0.3594916244400954
1360	0.8670686485807354	0.8150219827401324
1361	0.2164060275459797	0.1643593617053767
1362	-0.20346271373663596	-0.25550937957723896
1363	-0.269240633036176	-0.321287298876779
1364	0.1546322677299367	0.10258560188933372
1365	0.1334058831956293	0.0813592173550263
1366	0.0831582000842473	0.031111534243644316
1367	0.17932650526683028	0.12727983942622728
1368	0.2934499811038766	0.2414033152632736
1369	-0.07035663178658744	-0.12240329762719043
1370	-0.7364031356779911	-0.7884498015185941
1371	0.37213161371477127	0.3200849478741683
1372	0.17669990041108963	0.12465323457048663
1373	-0.048361624538762395	-0.10040829037936538
1374	0.7515674556935108	0.6995207898529078
1375	0.9343494931930664	0.8823028273524633
1376	0.7748961030770488	0.7228494372364458
1377	0.07637649009584119	0.0243298242552382
1378	-0.3559031814541574	-0.40794984729476036
1379	0.26781265726112075	0.21576599142051775
1380	0.17270061253477373	0.12065394669417073
1381	0.2181559844562166	0.1661093186156136
1382	0.2700346041323971	0.2179879382917941
1383	-0.33114598072771934	-0.3831926465683223
1384	0.1839654122245509	0.1319187463839479
1385	0.6957686914498217	0.6437220256092187
1386	-0.5669411682284066	-0.6189878340690096
1387	0.8206795854905741	0.768632919649971
1388	-0.29231188662877877	-0.34435855246938174
1389	0.37778015654925096	0.325733490708648
1390	0.09281505136343615	0.04076838552283316
1391	-0.0317272127082927	-0.08377387854889569
1392	0.40320047672279813	0.35115381088219516
1393	0.030278637736162437	-0.02176802810444055
1394	0.008722788683583334	-0.04332387715701966
1395	0.02064125947877955	-0.03140540636182344
1396	-0.31494069096402544	-0.3669873568046284
1397	-0.19054664733563054	-0.24259331317623353
1398	0.46698230067784346	0.4149356348372405
1399	-0.11074687323220417	-0.16279353907280716
1400	-0.11797802828149945	-0.17002469412210244
1401	0.17461872366151568	0.12257205782091268
1402	0.3161016052027562	0.26405493936215324
1403	0.19807469392685292	0.14602802808624993
1404	-0.15473081868356228	-0.20677748452416528
1405	0.3461810099511313	0.29413434411052836
1406	-0.4718997682149249	-0.5239464340555279
1407	0.026098430013056607	-0.025948235827546382
1408	-0.11125900984876283	-0.16330567568936583
1409	0.07123269074353523	0.019186024902932246
1410	0.2296302042278224	0.1775835383872194
1411	0.08219140482476787	0.030144738984164886
1412	0.006351729844885804	-0.04569493599571718
1413	-0.0632885051497022	-0.11533517099030519
1414	-0.06565907134734865	-0.11770573718795163
1415	0.18303143167048305	0.13098476582988006
1416	0.041646196878768915	-0.010400468961834074
1417	-0.3025099502366367	-0.35455661607723965
1418	0.07478297331880343	0.022736307478200442
1419	-0.22014042392771335	-0.27218708976831635
1420	0.29140206136040003	0.23935539551979704
1421	0.20263228905245842	0.15058562321185542
1422	-0.325717974155735	-0.37776463999633797
1423	-0.08228771125483401	-0.134334377095437
1424	0.04199634275849551	-0.01005032308210748
1425	-0.6008689588591334	-0.6529156246997364
1426	-0.13079933410456596	-0.18284599994516895
1427	0.5935143385487567	0.5414676727081537
1428	-0.3339389683651662	-0.38598563420576915
1429	-0.498187369188129	-0.550234035028732
1430	0.07066039977589951	0.01861373393529652
1431	0.12605284125598584	0.07400617541538285
1432	0.9466861453681293	0.8946394795275263
1433	0.2584990744687975	0.2064524086281945
1434	0.043119963566993505	-0.008926702273609484
1435	0.16734340474465972	0.11529673890405673
1436	0.8718261439203112	0.8197794780797082
1437	-0.2615607721492084	-0.3136074379898114
1438	0.4087843888071142	0.35673772296651124
1439	-0.35498239049018904	-0.407029056330792
1440	-0.2819723435882254	-0.3340190094288284
1441	-0.16682934438473865	-0.21887601022534164
1442	-0.10400339207279424	-0.15605005791339724
1443	0.27961232704215144	0.22756566120154845
1444	0.24567189027507516	0.19362522443447217
1445	-0.1190970448147973	-0.1711437106554003
1446	-0.4853859880652214	-0.5374326539058244
1447	-0.35360711086321356	-0.4056537767038165
1448	-0.05481058034258895	-0.10685724618319194
1449	0.2738543940428202	0.2218077282022172
1450	-0.1848908107591888	-0.2369374765997918
1451	-0.2921432374133769	-0.34418990325397986
1452	-0.38336098280666836	-0.43540764864727133
1453	0.1935359979030571	0.1414893320624541
1454	-0.0938810703585882	-0.1459277361991912
1455	-0.44008675625251004	-0.492133422093113
1456	0.14957273652045192	0.09752607067984892
1457	0.160966176305181	0.10891951046457801
1458	-0.08796553738128407	-0.14001220322188707
1459	-0.3159375527163827	-0.36798421855698565
1460	-0.06320757456925906	-0.11525424040986204
1461	-0.17903272995904834	-0.23107939579965134
1462	-0.3863110706121349	-0.43835773645273785
1463	-0.08129906599499205	-0.13334573183559503
1464	0.2305151033010794	0.17846843746047641
1465	0.010545987877581351	-0.041500677963021634
1466	-0.543029574162017	-0.59507624000262
1467	0.9825967668220558	0.9305501009814527
1468	0.6722822012763774	0.6202355354357744
1469	0.11449476692579227	0.062448101085189285
1470	-0.26800910663475286	-0.3200557724753558
1471	-0.13278918763939696	-0.18483585347999995
1472	-0.16500669917098754	-0.21705336501159053
1473	0.47025459193598934	0.4182079260953864
1474	-0.09545998574620353	-0.1475066515868065
1475	0.644503024926369	0.592456359085766
1476	0.6577580339261704	0.6057113680855674
1477	0.040548853365886636	-0.011497812474716353
1478	-0.08063555101500097	-0.13268221685560397
1479	0.4473552740184472	0.39530860817784425
1480	0.00508312238030759	-0.046963543460295396
1481	-0.2735399665161505	-0.32558663235675345
1482	-0.04935921978543799	-0.10140588562604097
1483	0.8623709083508865	0.8103242425102835
1484	0.536744260012573	0.48469759417197006
1485	0.3973293728277436	0.34528270698714064
1486	-0.25714893172569725	-0.3091955975663002
1487	0.0542612907774446	0.0022146249368416096
1488	0.3366510188671164	0.28460435302651343
1489	-0.08015016714299733	-0.13219683298360033
1490	0.1824516626127461	0.1304049967721431
1491	-0.1948389021962348	-0.24688556803683778
1492	0.5099782184935001	0.45793155265289714
1493	0.7483255791170544	0.6962789132764514
1494	-0.0988499851792214	-0.15089665101982438
1495	0.15070325934439985	0.09865659350379685
1496	0.3034067417910514	0.25136007595044846
1497	0.0762765272751376	0.024229861434534615
1498	-0.4169140910958985	-0.46896075693650147
1499	-0.44372701786469976	-0.4957736837053027
1500	0.30642565120943893	0.25437898536883596
1501	-0.22757799223519887	-0.27962465807580184
1502	0.07564594530191876	0.02359927946131577
1503	0.45136351757143583	0.39931685173083287
1504	-0.5873347647157856	-0.6393814305563886
1505	0.2510618631867949	0.1990151973461919
1506	0.08933202513226983	0.03728535929166684
1507	-0.19721139532008075	-0.24925806116068375
1508	0.03020952213014212	-0.02183714371046087
1509	0.6525561014871452	0.6005094356465421
1510	-0.021632334255564288	-0.07367900009616728
1511	-0.021332038425824186	-0.07337870426642717
1512	-0.023340876686749085	-0.07538754252735208
1513	0.06045303847283655	0.00840637263223356
1514	-0.3871675708630902	-0.4392142367036932
1515	0.4113704164601732	0.3593237506195702
1516	0.2446827234946338	0.1926360576540308
1517	-0.43002423713720933	-0.4820709029778123
1518	0.036519191655710534	-0.015527474184892455
1519	0.09738950134116647	0.045342835500563484
1520	0.13978650102821502	0.08773983518761203
1521	0.5493105397279328	0.4972638738873298
1522	0.5474984488604892	0.4954517830198862
1523	-0.44775424720012047	-0.49980091304072344
1524	-0.044568684629928634	-0.09661535047053163
1525	0.4552796694618422	0.4032330036212392
1526	0.019193998853270316	-0.03285266698733268
1527	0.08959428231495403	0.037547616474351043
1528	0.3048480454504219	0.2528013796098189
1529	0.6321405377929565	0.5800938719523535
1530	0.9217381041253436	0.8696914382847406
1531	0.05423794500300845	0.0021912791624054614
1532	0.5679976364594607	0.5159509706188576
1533	0.06855551922707848	0.016508853386475487
1534	0.2259505651138999	0.1739038992732969
1535	-0.043452497572541646	-0.09549916341314463
1536	0.5158101390025116	0.46376347316190863
1537	-0.5154408961263126	-0.5674875619669156
1538	-0.3069470956335106	-0.35899376147411355
1539	-0.41660184004381845	-0.4686485058844214
1540	-0.3056878916280844	-0.3577345574686874
1541	-0.430063983093468	-0.48211064893407096
1542	0.39529809854303377	0.3432514327024308
1543	-0.10063628018457829	-0.1526829460251813
1544	-0.11447353452828356	-0.16652020036888654
1545	-0.11357509341572815	-0.16562175925633113
1546	0.20596972274748337	0.15392305690688038
1547	-0.4884939329259816	-0.5405405987665846
1548	-0.11929365399029418	-0.17134031983089718
1549	0.5913144832015066	0.5392678173609036
1550	0.4214254115075163	0.3693787456669133
1551	-0.20157056184035402	-0.253617227680957
1552	-0.1125815406103202	-0.1646282064509232
1553	-0.27254963184212805	-0.324596297682731
1554	-0.03453042824150808	-0.08657709408211106
1555	0.06819546111592682	0.016148795275323834
1556	-0.29157825208582777	-0.34362491792643074
1557	-0.08470105246798688	-0.13674771830858987
1558	0.032055582535660335	-0.019991083304942654
1559	0.2558090781333124	0.2037624122927094
1560	0.3155266329332392	0.2634799670926362
1561	0.362805477940428	0.31075881209982503
1562	0.5718100816034101	0.519763415762807
1563	0.2068926732415594	0.15484600740095641
1564	0.023320675653723155	-0.028725990186879834
1565	-0.03688004012738426	-0.08892670596798724
1566	0.09987159854409261	0.04782493270348962
1567	0.04298002841090624	-0.009066637429696746
1568	0.8301817015464585	0.7781350357058555
1569	0.39353884692509095	0.341492181084488
1570	0.22904374978471478	0.1769970839441118
1571	0.160966176305181	0.10891951046457801
1572	-0.0917315196561901	-0.14377818549679308
1573	-0.29928587883762575	-0.3513325446782287
1574	-0.08628131551234808	-0.13832798135295107
1575	0.11634476356456444	0.06429809772396144
1576	0.6086549261064756	0.5566082602658726
1577	-0.0027608273826920694	-0.05480749322329506
1578	0.7001260520489838	0.6480793862083808
1579	0.19227014874495557	0.14022348290435258
1580	-0.4269892403765696	-0.47903590621717257
1581	-0.007492324196682037	-0.05953899003728502
1582	0.46516096264754103	0.41311429680693806
1583	0.08899615432884214	0.03694948848823915
1584	-0.6937757646550542	-0.7458224304956572
1585	-0.2889397139242763	-0.3409863797648793
1586	0.02437072050686175	-0.02767594533374124
1587	0.16405051599771256	0.11200385015710956
1588	-0.38366951034102736	-0.43571617618163033
1589	0.38310796718480256	0.3310613013441996
1590	0.40594459955455986	0.3538979337139569
1591	-0.4144744194840712	-0.4665210853246742
1592	-0.17771092864808102	-0.22975759448868402
1593	0.5122608482714168	0.46021418243081386
1594	-0.35402946473847574	-0.4060761305790787
1595	-0.41289839955690605	-0.464945065397509
1596	0.2637339773038202	0.2116873114632172
1597	0.35238337506788564	0.30033670922728267
1598	0.6288200726135125	0.5767734067729094
1599	-0.09747488111146405	-0.14952154695206704
1600	0.0015980839541479587	-0.05044858188645503
1601	0.04858777305776642	-0.0034588927828365715
1602	-0.5222057989588791	-0.5742524647994821
1603	-0.12583544033330754	-0.17788210617391054
1604	-0.07093249692132642	-0.12297916276192941
1605	-0.0812482955496528	-0.1332949613902558
1606	-0.13240935673019472	-0.1844560225707977
1607	-0.17694991917798453	-0.22899658501858752
1608	0.5889088706490936	0.5368622048084906
1609	-0.38222798673516156	-0.43427465257576453
1610	0.06687849745350995	0.014831831612906958
1611	0.8134604477043446	0.7614137818637415
1612	0.24008328294898565	0.18803661710838265
1613	0.29226597669396276	0.24021931085335976
1614	0.21546525918407106	0.16341859334346806
1615	0.10178030562432885	0.049733639783725865
1616	-0.07199868724705011	-0.1240453530876531
1617	-0.4837570578989859	-0.5358037237395888
1618	-0.09457505419306894	-0.14662172003367194
1619	1.03444674415666	0.982400078316057
1620	0.28291221751890866	0.23086555167830566
1621	-0.21372694192787683	-0.2657736077684798
1622	0.2316759902102448	0.1796293243696418
1623	-0.40988016505247815	-0.4619268308930811
1624	0.8479556558778393	0.7959089900372363
1625	-0.598564016475327	-0.65061068231593
1626	0.0023759630466555527	-0.04967070279394743
1627	0.4232196723037343	0.37117300646313134
1628	-0.04273201777321307	-0.09477868361381606
1629	-0.0747535825980071	-0.1268002484386101
1630	0.7966173265111903	0.7445706606705873
1631	-0.5620531170651628	-0.6140997829057658
1632	-0.020208475007669677	-0.07225514084827267
1633	-0.3832112657115041	-0.43525793155210707
1634	0.5883236797085337	0.5362770138679307
1635	-0.12155095782346974	-0.17359762366407272
1636	-0.03629832911155156	-0.08834499495215455
1637	0.4278606306701766	0.37581396482957363
1638	0.418664276253172	0.366617610412569
1639	-0.2150046581201898	-0.2670513239607928
1640	-0.39474688563658655	-0.4467935514771895
1641	0.5665058662466715	0.5144592004060685
1642	-0.29208760863101124	-0.3441342744716142
1643	0.19373760213915237	0.14169093629854937
1644	-0.045000281907130346	-0.09704694774773334
1645	0.4418206248176152	0.3897739589770122
1646	0.4693227878576939	0.4172761220170909
1647	0.03111100297991747	-0.02093566286068552
1648	0.019619158966179207	-0.03242750687442378
1649	0.1606568659545545	0.1086102001139515
1650	0.1856080815828437	0.1335614157422407
1651	-0.13357497315320271	-0.1856216389938057
1652	0.12762383974963526	0.07557717390903226
1653	-0.9137497930566153	-0.9657964588972183
1654	0.21706354046523527	0.16501687462463227
1655	-0.6352960409456911	-0.6873427067862942
1656	-0.103054261330262	-0.155100927170865
1657	0.18491497008692265	0.13286830424631965
1658	0.008769098312081298	-0.04327756752852169
1659	-0.1305779921773478	-0.1826246580179508
1660	0.3611393638849048	0.30909269804430184
1661	0.6335540693722624	0.5815074035316594
1662	0.1397959137254386	0.0877492478848356
1663	-0.32156428771947393	-0.3736109535600769
1664	-0.5452320275767969	-0.5972786934173999
1665	0.34842232863725	0.296375662796647
1666	0.07322127435630861	0.02117460851570562
1667	-0.03211685851450964	-0.08416352435511262
1668	0.8893124373219592	0.8372657714813562
1669	-0.19058038231828697	-0.24262704815888997
1670	-0.15856309293290927	-0.21060975877351226
1671	-0.25873387305396517	-0.31078053889456814
1672	-0.49932482750867985	-0.5513714933492828
1673	0.17675010938333002	0.12470344354272703
1674	0.31985334189348075	0.2678066760528778
1675	-0.05233351142623385	-0.10438017726683685
1676	0.14843849851536925	0.09639183267476625
1677	0.25607417917556735	0.20402751333496436
1678	-0.02430896810795942	-0.0763556339485624
1679	0.6125253356930528	0.5604786698524498
1680	0.6902760524176543	0.6382293865770513
1681	-0.3697712216991075	-0.42181788753971045
1682	0.3585089602057766	0.30646229436517364
1683	-0.2408672489531431	-0.29291391479374607
1684	-0.27467388153251776	-0.32672054737312073
1685	0.09158744259236105	0.039540776751758065
1686	0.06618150018111625	0.014134834340513262
1687	-0.21421015984335445	-0.2662568256839574
1688	-0.19166066478747862	-0.24370733062808161
1689	-0.0876716119147587	-0.1397182777553617
1690	-0.03141435772582661	-0.08346102356642959
1691	0.024635655285693506	-0.027411010554909482
1692	-0.18553598254270473	-0.23758264838330773
1693	0.5615682000463338	0.5095215342057308
1694	-0.2769860489657715	-0.32903271480637447
1695	0.16728985668152416	0.11524319084092116
1696	0.5317540255964011	0.4797073597557981
1697	0.3164297910175845	0.26438312517698154
1698	0.6799433398173111	0.6278966739767081
1699	0.1146852575650405	0.0626385917244375
1700	0.9069954186890359	0.8549487528484329
1701	-0.3760801230904838	-0.42812678893108674
1702	-0.13877046911460478	-0.19081713495520777
1703	-0.07301753935645182	-0.1250642051970548
1704	0.1874383867872851	0.13539172094668211
1705	1.0045937339124205	0.9525470680718174
1706	0.60783401459159	0.555787348750987
1707	-0.43643231286198886	-0.4884789787025918
1708	-0.08439266762256355	-0.13643933346316653
1709	-0.19946063960076682	-0.2515073054413698
1710	-0.4042874770893632	-0.45633414292996616
1711	0.008654644048789944	-0.04339202179181305
1712	0.01282918104369737	-0.03921748479690562
1713	0.17368441273301377	0.12163774689241078
1714	-0.06307264735297041	-0.11511931319357341
1715	0.03078565666849224	-0.02126100917211075
1716	-0.2908523560143036	-0.34289902185490656
1717	0.6779979664299738	0.6259513005893708
1718	0.4329015269371832	0.38085486109658023
1719	1.0168476574991028	0.9648009916584998
1720	-0.276696646014871	-0.32874331185547395
1721	0.9564079576239131	0.90436129178331
1722	0.04472380152108153	-0.007322864319521456
1723	-0.06051248871393587	-0.11255915455453885
1724	0.08765465470835229	0.0356079888677493
1725	-0.2899494263271974	-0.34199609216780036
1726	0.28803727714515615	0.23599061130455315
1727	0.24253242567241087	0.19048575983180788
1728	-0.3195911174685269	-0.3716377833091299
1729	0.21801698412105996	0.16597031828045697
1730	0.41105525007395927	0.3590085842333563
1731	0.22586791861104197	0.17382125277043897
1732	0.734344214444274	0.682297548603671
1733	0.4199135062628609	0.3678668404222579
1734	-0.3223894125161084	-0.3744360783567114
1735	0.3721609139400834	0.3201142480994804
1736	0.5978005967635837	0.5457539309229806
1737	0.3590024292665703	0.3069557634259673
1738	0.2633290431365274	0.2112823772959244
1739	0.23328799529435754	0.18124132945375454
1740	0.3106353398424991	0.2585886740018961
1741	0.5265768281622536	0.47453016232165063
1742	-0.15520994565633597	-0.20725661149693897
1743	-0.0729031271222105	-0.1249497929628135
1744	-0.1777408436364329	-0.22978750947703588
1745	0.05210234335026569	5.5677509662697966e-5
1746	-0.051383731647255695	-0.10343039748785868
1747	-0.11134330385325543	-0.1633899696938584
1748	0.988253815255986	0.936207149415383
1749	-0.3519491488443357	-0.40399581468493867
1750	-0.2663686909248685	-0.31841535676547145
1751	0.07507669907500396	0.02303003323440097
1752	-0.3359368466321937	-0.38798351247279667
1753	-0.79844039501013	-0.850487060850733
1754	-0.4323888001287648	-0.48443546596936776
1755	-0.3219594847086469	-0.37400615054924985
1756	-0.14298340550447655	-0.19503007134507955
1757	0.17005122079240942	0.11800455495180642
1758	-0.2267978990170546	-0.2788445648576576
1759	0.24857133547997004	0.19652466963936704
1760	-0.1049673520467362	-0.15701401788733918
1761	0.6372993831526319	0.5852527173120289
1762	0.3527315490624937	0.30068488322189074
1763	0.36583877205364046	0.3137921062130375
1764	0.8372592451611053	0.7852125793205023
1765	1.088032753830836	1.0359860879902332
1766	-0.6092329508240711	-0.6612796166646742
1767	0.39670171570022367	0.3446550498596207
1768	0.48050820845363623	0.42846154261303326
1769	0.32576095643031966	0.2737142905897167
1770	0.28814041305226823	0.23609374721166523
1771	0.4224607186507134	0.3704140528101104
1772	0.10073335287613022	0.04868668703552723
1773	-0.21004494760400455	-0.2620916134446075
1774	0.0659107381760681	0.013864072335465112
1775	-0.255089853471924	-0.30713651931252695
1776	-0.09128055504457194	-0.14332722088517494
1777	-0.3767301826242943	-0.4287768484648973
1778	-0.3859111686802589	-0.43795783452086184
1779	0.19473190396507814	0.14268523812447514
1780	0.2574179265752015	0.20537126073459852
1781	-0.31385858324878635	-0.3659052490893893
1782	0.80773062225232	0.7556839564117169
1783	-0.01796015720047786	-0.07000682304108086
1784	-0.1054943277725777	-0.1575409936131807
1785	-0.330811208366147	-0.38285787420675
1786	-0.18409651589987416	-0.23614318174047716
1787	0.041658048689937485	-0.010388617150665504
1788	-0.2401870044721735	-0.2922336703127765
1789	-0.29244593878829167	-0.34449260462889464
1790	0.004146996903529352	-0.04789966893707363
1791	0.7260826927697245	0.6740360269291215
1792	-0.9202955367589563	-0.9723422025995593
1793	-0.009312320174532984	-0.06135898601513597
1794	0.07845141472320777	0.02640474888260478
1795	-0.30512745456481	-0.35717412040541296
1796	0.0033812602102530308	-0.04866540563034996
1797	0.39938620776945705	0.3473395419288541
1798	0.1947285863077562	0.1426819204671532
1799	-0.23694505999590657	-0.28899172583650956
1800	-0.24333708555575992	-0.2953837513963629
1801	0.022436819032474558	-0.02960984680812843
1802	0.11843130138697436	0.06638463554637136
1803	-0.4684634883118664	-0.5205101541524694
1804	-0.13046049999947487	-0.18250716584007787
1805	0.009717090649374645	-0.04232957519122835
1806	-0.118233886107958	-0.17028055194856098
1807	-0.3478955353781632	-0.39994220121876617
1808	0.05919255157484135	0.007145885734238362
1809	-0.43124459148849825	-0.4832912573291012
1810	1.0814238866197723	1.0293772207791694
1811	0.14264884436663453	0.09060217852603153
1812	0.022011645670627796	-0.030035020169975193
1813	0.24017670245169134	0.18813003661108835
1814	0.24260361086443635	0.19055694502383336
1815	0.38456074532083906	0.3325140794802361
1816	-0.16930992730365169	-0.22135659314425468
1817	0.5960737278450586	0.5440270620044556
1818	-0.06345147523798604	-0.11549814107858902
1819	0.0314377017977244	-0.02060896404287859
1820	0.18755339226401843	0.13550672642341544
1821	-0.1855161819965454	-0.2375628478371484
1822	-0.17010916724207767	-0.22215583308268066
1823	-0.16224338105528419	-0.21429004689588718
1824	0.4039871231479852	0.3519404573073822
1825	-0.300378182346485	-0.35242484818708797
1826	-0.4709885955377375	-0.5230352613783404
1827	-0.03569916535578759	-0.08774583119639058
1828	0.39498906507598375	0.3429423992353808
1829	-0.3335664568514488	-0.3856131226920518
1830	0.17519486928092054	0.12314820344031754
1831	0.5142492567674841	0.46220259092688115
1832	-0.27035085408961584	-0.3223975199302188
1833	-0.2976580294926599	-0.34970469533326287
1834	-0.026064894723266077	-0.07811156056386906
1835	-0.08628472044874563	-0.13833138628934863
1836	0.032195835077916124	-0.019850830762686865
1837	-0.5631593181895336	-0.6152059840301366
1838	0.13029236115653928	0.07824569531593628
1839	1.0085326557588254	0.9564859899182224
1840	0.6558954612616342	0.6038487954210312
1841	-0.13570838935193863	-0.18775505519254163
1842	0.017560897701109694	-0.03448576813949329
1843	0.1616888234345665	0.10964215759396351
1844	-0.2989965699751412	-0.35104323581574415
1845	0.4952016376960234	0.4431549718554204
1846	-0.22241008524767003	-0.274456751088273
1847	-0.38880246044938116	-0.44084912628998413
1848	-0.013409789605846809	-0.06545645544644979
1849	1.4236883933000872	1.3716417274594843
1850	0.015847098891805595	-0.03619956694879739
1851	-0.2508526647020151	-0.3028993305426181
1852	-0.336613868791754	-0.38866053463235695
1853	0.1055267051326012	0.05348003929199822
1854	-0.38687284291431	-0.438919508754913
1855	-0.31073573268669746	-0.36278239852730043
1856	-0.048892927170516014	-0.100939593011119
1857	-0.028017553041123897	-0.08006421888172688
1858	0.36932866349452453	0.31728199765392157
1859	-0.483582102147188	-0.535628767987791
1860	0.09709656870434485	0.045049902863741866
1861	-0.43808674058403263	-0.4901334064246356
1862	0.05087547774532958	-0.0011711880952734108
1863	-0.3691150054686099	-0.4211616713092129
1864	0.570236388359906	0.518189722519303
1865	-7.536969238254587e-5	-0.052122035532985535
1866	-0.2628420458161887	-0.31488871165679166
1867	-0.9202955367589563	-0.9723422025995593
1868	0.12831358958840736	0.07626692374780436
1869	-0.3197560890079236	-0.3718027548485266
1870	-0.5075521745607166	-0.5595988404013196
1871	0.2394817349505632	0.18743506910996022
1872	0.21065558137060386	0.15860891553000087
1873	0.22229191311478871	0.17024524727418572
1874	0.37096842317958406	0.3189217573389811
1875	0.1172081990022768	0.065161533161673807
1876	1.0545029447491336	1.0024562789085307
1877	-0.40571593205219003	-0.457762597892793
1878	0.41947365498307077	0.3674269891424678
1879	-0.34356508183882567	-0.39561174767942864
1880	0.3696252287283156	0.31757856288771263
1881	0.35583357950303873	0.30378691366243576
1882	-0.428475962530059	-0.48052262837066195
1883	0.5407804208001548	0.4887337549595518
1884	0.6624574367583292	0.6104107709177262
1885	0.11056800555662319	0.0585213397160202
1886	0.5177459978270711	0.4656993319864681
1887	-0.34079667611881814	-0.3928433419594211
1888	-0.24091264666199025	-0.2929593125025932
1889	0.6961238875242394	0.6440772216836363
1890	-0.20191087086093948	-0.2539575367015425
1891	-0.25845599571623123	-0.3105026615568342
1892	0.15191540172148688	0.09986873588088388
1893	0.3772708774930778	0.32522421165247484
1894	-0.2646571264357981	-0.31670379227640105
1895	-0.19229647587519497	-0.24434314171579796
1896	-0.0988499851792214	-0.15089665101982438
1897	0.24821198604512631	0.19616532020452332
1898	-0.41661798132798394	-0.4686646471685869
1899	0.14225839561799597	0.09021172977739297
1900	0.5985633306314297	0.5465166647908267
1901	-0.10732434562046078	-0.15937101146106378
1902	0.44960095648688153	0.39755429064627856
1903	-0.39909495366991155	-0.4511416195105145
1904	0.28338356015163096	0.23133689431102797
1905	-0.2591181943961693	-0.31116486023677226
1906	0.07025115625556368	0.018204490414960688
1907	0.36464768085737204	0.31260101501676907
1908	-0.2040557101855417	-0.25610237602614466
1909	0.0942104680262562	0.04216380218565321
1910	0.752836159150468	0.700789493309865
1911	-0.29160069654636755	-0.3436473623869705
1912	-0.49181595170490755	-0.5438626175455106
1913	0.004629384361930552	-0.04741728147867244
1914	-0.05598538532954535	-0.10803205117014833
1915	0.14787023633477767	0.09582357049417467
1916	0.6726756029590253	0.6206289371184223
1917	0.45567729781132604	0.4036306319707231
1918	0.9003427450065045	0.8482960791659014
1919	0.52524422780698	0.473197561966377
1920	1.1548524112372194	1.1028057453966165
1921	-0.1086593292237773	-0.1607059950643803
1922	-0.16002107232630713	-0.21206773816691013
1923	0.25623794031996916	0.20419127447936616
1924	-0.21116673521032048	-0.26321340105092345
1925	-0.3058772609260373	-0.35792392676664025
1926	-0.16363705428298028	-0.21568372012358328
1927	0.09552778060915951	0.04348111476855652
1928	0.11337478355781161	0.06132811771720862
1929	0.10602659194811817	0.05397992610751518
1930	0.08078123250506379	0.028734566664460802
1931	0.3901077325437007	0.3380610667030977
1932	0.06361621216068532	0.011569546320082329
1933	-0.3933243607613056	-0.4453710266019086
1934	-0.5483319849478525	-0.6003786507884555
1935	-0.1828289586046888	-0.2348756244452918
1936	-0.31517605982527125	-0.3672227256658742
1937	-0.4269892403765696	-0.47903590621717257
1938	0.19630522658766486	0.14425856074706186
1939	-0.030126191152178957	-0.08217285699278194
1940	0.7715459857776257	0.7194993199370227
1941	0.05786139589945649	0.0058147300588535025
1942	0.35978079277529795	0.307734126934695
1943	0.160718216802055	0.10867155096145201
1944	-0.6994616358225267	-0.7515083016631298
1945	-0.14256857950919413	-0.19461524534979713
1946	-0.12290735626197584	-0.17495402210257882
1947	-0.3941785429126786	-0.4462252087532816
1948	-0.1260480443518458	-0.1780947101924488
1949	-0.27533505487522186	-0.32738172071582483
1950	1.136315273189811	1.084268607349208
1951	0.1762793510722816	0.1242326852316786
1952	0.250352666437574	0.19830600059697098
1953	0.11387231367679512	0.061825647836192134
1954	0.17952946385109286	0.12748279801048987
1955	0.31745869177332614	0.2654120259327232
1956	0.44733470720962265	0.3952880413690197
1957	0.14471585162733405	0.09266918578673106
1958	0.7053735602896003	0.6533268944489973
1959	0.07054324987413461	0.018496584033531625
1960	-0.38110740660157943	-0.4331540724421824
1961	0.07357729042182672	0.021530624581223727
1962	0.30749207737410533	0.25544541153350236
1963	-0.21528921552235294	-0.26733588136295594
1964	0.031252626491246466	-0.020794039349356523
1965	-0.2928292729663623	-0.34487593880696527
1966	-0.6573165164632085	-0.7093631823038116
1967	-0.0766523165257429	-0.1286989823663459
1968	0.008162800963755785	-0.0438838648768472
1969	-0.43295188822091885	-0.4849985540615218
1970	-0.13305453735849387	-0.18510120319909687
1971	0.020424825059732105	-0.03162184078087088
1972	0.01562140651761022	-0.03642525932299277
1973	0.31234506304221404	0.2602983972016111
1974	0.3114296089489913	0.25938294310838833
1975	0.08582223480297897	0.03377556896237598
1976	0.5650996034834554	0.5130529376428524
1977	-0.0016141621959859971	-0.05366082803658899
1978	-0.23476312815591524	-0.28680979399651824
1979	-0.5411773162248689	-0.5932239820654719
1980	0.24060332109230123	0.18855665525169824
1981	-0.059653701986898025	-0.11170036782750101
1982	-0.009118252374857288	-0.06116491821546027
1983	0.5577189359311183	0.5056722700905153
1984	0.4975975984904301	0.44555093264982715
1985	-0.3625167099678826	-0.41456337580848557
1986	-0.4651895862192344	-0.5172362520598374
1987	-0.04406069599525607	-0.09610736183585905
1988	-0.22625675850164972	-0.2783034243422527
1989	0.05436684035786746	0.0023201745172644686
1990	0.4251815665781655	0.37313490073756256
1991	0.3946859472313552	0.3426392813907522
1992	0.7396872138871003	0.6876405480464973
1993	0.3608829321892042	0.30883626634860123
1994	-0.09685569740837469	-0.14890236324897768
1995	0.23443380911726366	0.18238714327666067
1996	-0.19773963275456652	-0.24978629859516951
1997	-0.15755162180836935	-0.20959828764897234
1998	0.08953551921677429	0.0374888533761713
1999	0.026098430013056607	-0.025948235827546382
2000	0.27936620259583816	0.22731953675523517
2001	-0.23178811629895527	-0.28383478213955826
2002	0.5254598119767633	0.4734131461361603
2003	-0.1084731580726805	-0.16051982391328348
2004	-0.11034291880219416	-0.16238958464279715
2005	-0.361503993995311	-0.413550659835914
2006	0.7565971120945875	0.7045504462539844
2007	-0.21742170532585633	-0.26946837116645933
2008	0.09975872390959517	0.04771205806899218
2009	-0.5289564609037654	-0.5810031267443684
2010	1.0666963089076145	1.0146496430670116
2011	0.14335193877659547	0.09130527293599247
2012	0.3150489175270731	0.2630022516864701
2013	0.11419527281298389	0.0621486069723809
2014	-0.44552251691848244	-0.4975691827590854
2015	-0.4885153635292154	-0.5405620293698183
2016	0.3510630970331454	0.29901643119254245
2017	-0.28783516172320894	-0.3398818275638119
2018	-0.5318780296388731	-0.5839246954794761
2019	-0.3865786533064299	-0.43862531914703284
2020	0.5599031177141408	0.5078564518735378
2021	-0.14828238451045248	-0.20032905035105547
2022	-0.24673203116499304	-0.298778697005596
2023	0.33019469977409044	0.27814803393348747
2024	0.45725863986966875	0.4052119740290658
2025	0.3788787242392025	0.3268320583985995
2026	-0.3138879794634951	-0.3659346453040981
2027	-0.3990680072348822	-0.4511146730754852
2028	0.6328881820132587	0.5808415161726557
2029	-0.008178556458180414	-0.0602252222987834
2030	0.018954479100130716	-0.033092186740472276
2031	-0.7621684549587454	-0.8142151207993484
2032	0.2919044947882028	0.2398578289475998
2033	-0.04288695999519836	-0.09493362583580134
2034	-0.0125823674271873	-0.06462903326779029
2035	-0.010291322982036551	-0.06233798882263954
2036	0.8653188144841798	0.8132721486435768
2037	0.17334804604018716	0.12130138019958417
2038	0.6404095400266127	0.5883628741860096
2039	0.061661488893184346	0.009614823052581357
2040	-0.42543607657085863	-0.4774827424114616
2041	0.29617821546700673	0.24413154962640374
2042	-0.9370926224823668	-0.9891392883229698
2043	0.46844813516561473	0.41640146932501176
2044	-0.4052625975287158	-0.45730926336931876
2045	-0.23893608866377772	-0.2909827545043807
2046	0.14485638710930585	0.09280972126870285
2047	0.5710239334045082	0.5189772675639052
2048	-0.8628763515697431	-0.9149230174103461
2049	0.2638185315651828	0.21177186572457982
2050	-0.246911644535339	-0.298958310375942
2051	-0.03281571989764965	-0.08486238573825264
2052	0.3203300474480885	0.26828338160748555
2053	0.25683214757954764	0.20478548173894465
2054	0.44182385954827946	0.3897771937076765
2055	0.5327200188445389	0.48067335300393593
2056	-0.509924523374778	-0.561971189215381
2057	-0.08684813409533647	-0.13889479993593945
2058	1.1688433680055825	1.1167967021649796
2059	0.1079776900841094	0.05593102424350641
2060	0.018462472444233633	-0.03358419339636935
2061	0.2068926732415594	0.15484600740095641
2062	0.35123129033372136	0.2991846244931184
2063	1.0340652766011973	0.9820186107605943
2064	0.3925659349127939	0.34051926907219093
2065	-0.10580372705552042	-0.1578503928961234
2066	-0.3079475082185737	-0.35999417405917666
2067	-0.0035068236303728816	-0.05555348947097587
2068	-0.20523213553444802	-0.257278801375051
2069	-0.35325288527617293	-0.4052995511167759
2070	-0.3146408330610831	-0.36668749890168606
2071	-0.33846303281854456	-0.39050969865914753
2072	-0.39032777748644737	-0.44237444332705034
2073	-0.2012669721522311	-0.2533136379928341
2074	-0.33435303791931614	-0.3863997037599191
2075	0.03419019273105013	-0.017856473109552858
2076	0.07952087296808634	0.02747420712748335
2077	0.5320029312822897	0.47995626544168674
2078	-0.5321069724403529	-0.5841536382809559
2079	-0.4496515860159355	-0.5016982518565385
2080	0.6554931872153931	0.60344652137479
2081	-0.006609268819823825	-0.05865593466042682
2082	-0.20675365556677655	-0.2588003214073795
2083	0.5117323028451521	0.4596856370045492
2084	-0.706681017669991	-0.758727683510594
2085	0.3817746814353516	0.3297280155947486
2086	0.06045280647590487	0.00840614063530188
2087	0.2812567929452584	0.2292101271046554
2088	-0.21948936050050022	-0.2715360263411032
2089	-0.2687510169786943	-0.32079768281929727
2090	0.20018212430589916	0.14813545846529616
2091	0.019272688892400542	-0.03277397694820244
2092	0.25271193772316863	0.20066527188256564
2093	-0.11997425940831753	-0.17202092524892051
2094	-0.35025889403021165	-0.4023055598708146
2095	0.3461211893390366	0.2940745234984336
2096	-0.09910299886416254	-0.15114966470476554
2097	-0.3740905023686975	-0.4261371682093005
2098	-0.32565017849422395	-0.3776968443348269
2099	0.09464476844198781	0.04259810260138482
2100	-0.13079933410456596	-0.18284599994516895
2101	-0.0481530437111911	-0.10019970955179408
2102	0.2744130315503427	0.2223663657097397
2103	-0.1600022678808024	-0.2120489337214054
2104	0.2271744806926236	0.1751278148520206
2105	-0.22354125445192638	-0.2755879202925294
2106	-0.004817391647268042	-0.05686405748787103
2107	-0.5906575621602127	-0.6427042280008157
2108	-0.09685196269274947	-0.14889862853335245
2109	-0.14074187100974947	-0.19278853685035247
2110	-0.2797475877971288	-0.3317942536377318
2111	0.38939093820308807	0.3373442723624851
2112	-0.11310506283546473	-0.16515172867606773
2113	0.31119387953134164	0.2591472136907387
2114	-0.4330129974727447	-0.48505966331334766
2115	-0.5611865257053047	-0.6132331915459077
2116	-0.29616263564532447	-0.34820930148592744
2117	0.7434644089519854	0.6914177431113824
2118	0.09424888657587682	0.042202220735273833
2119	-0.06934602370669025	-0.12139268954729324
2120	-0.498187369188129	-0.550234035028732
2121	0.40240306403223725	0.3503563981916343
2122	0.38550531693779155	0.3334586510971886
2123	0.8146022176434229	0.7625555518028199
2124	0.3960118019199305	0.34396513607932755
2125	0.5147057874413916	0.46265912160078865
2126	0.2751795836202071	0.22313291777960412
2127	-0.3454908021627704	-0.39753746800337336
2128	-0.16379212892599776	-0.21583879476660076
2129	0.5155317921998173	0.4634851263592143
2130	-0.6556648439171548	-0.7077115097577579
2131	0.25426293562446156	0.20221626978385857
2132	-0.251909651117457	-0.30395631695805997
2133	-0.09043338664700623	-0.14248005248760923
2134	0.2385771801948198	0.1865305143542168
2135	-0.07591794927238528	-0.12796461511298826
2136	-0.12757950715782432	-0.1796261729984273
2137	0.6618839152590705	0.6098372494184675
2138	-0.25236750320467494	-0.3044141690452779
2139	0.2987415693963018	0.2466949035556988
2140	0.09411398313034494	0.04206731728974195
2141	-0.03417957823277788	-0.08622624407338086
2142	0.3386580838049243	0.2866114179643213
2143	-0.4698198418323908	-0.5218665076729938
2144	-0.03173639755884751	-0.08378306339945049
2145	0.13134705735870508	0.07930039151810209
2146	-0.19831532483313274	-0.2503619906737357
2147	-0.367542069974269	-0.419588735814872
2148	-0.18042597482303263	-0.23247264066363563
2149	-0.1742751287501954	-0.2263217945907984
2150	0.33299776168394546	0.2809510958433425
2151	-0.05551914003008709	-0.10756580587069008
2152	0.5981809673327644	0.5461343014921614
2153	0.6941253617831241	0.6420786959425211
2154	0.2058749240028682	0.1538282581622652
2155	-0.28017421919356894	-0.3322208850341719
2156	0.04494375180333715	-0.007102914037265838
2157	0.10856995446931181	0.05652328862870882
2158	-0.507790887073494	-0.559837552914097
2159	-0.2146337549196963	-0.2666804207602993
2160	-0.027275817910667695	-0.07932248375127068
2161	-0.42828315925045074	-0.4803298250910537
2162	-0.11736524855432577	-0.16941191439492875
2163	0.09893854370113742	0.04689187786053443
2164	-0.6167148235423057	-0.6687614893829087
2165	0.17658366781542423	0.12453700197482123
2166	0.29442885051547124	0.24238218467486825
2167	0.60352356015058	0.5514768943099769
2168	-0.49552949499594634	-0.5475761608365494
2169	-0.287887470021277	-0.33993413586188
2170	0.5257341917813321	0.4736875259407291
2171	0.14342239938117027	0.09137573354056727
2172	-0.041271662432348546	-0.09331832827295153
2173	-0.4353684134691847	-0.48741507930978767
2174	-0.3909115810436424	-0.44295824688424534
2175	-0.26181217418695246	-0.31385884002755543
2176	-0.27129458531517997	-0.32334125115578294
2177	0.30414681524522436	0.2521001494046214
2178	0.002569644888104159	-0.049477020952498826
2179	-0.1564979427527619	-0.2085446085933649
2180	0.25227483246909777	0.20022816662849477
2181	-0.30499227948832897	-0.35703894532893193
2182	0.41773565338972674	0.36568898754912377
2183	-0.23901713095981758	-0.29106379680042055
2184	0.17356254977946967	0.12151588393886667
2185	-0.003934603583619949	-0.055981269424222935
2186	-0.08287234343665917	-0.13491900927726216
2187	0.670848975454944	0.618802309614341
2188	0.020771067744726788	-0.0312755980958762
2189	0.5162440367759997	0.46419737093539676
2190	0.015046681095410411	-0.036999984745192574
2191	0.3904609536168518	0.3384142877762488
2192	0.3794885743147805	0.32744190847417753
2193	-0.6377177327623308	-0.6897643986029338
2194	0.14373870069658307	0.09169203485598007
2195	0.8168675328176761	0.7648208669770731
2196	-0.4536989665452927	-0.5057456323858956
2197	0.15914795590133343	0.10710129006073044
2198	0.13255014681142901	0.08050348097082602
2199	-0.16282277765911474	-0.21486944349971773
2200	0.2020358917131957	0.1499892258725927
2201	-0.03526564341128559	-0.08731230925188857
2202	0.68725758880041	0.635210922959807
2203	0.47193466029616554	0.4198879944555626
2204	-0.17573737958179653	-0.22778404542239952
2205	-0.28103325562301096	-0.3330799214636139
2206	-0.36561159473871474	-0.4176582605793177
2207	-0.08493601341341789	-0.13698267925402088
2208	0.28458817739361536	0.23254151155301236
2209	-0.3705656365516213	-0.42261230239222425
2210	-0.2254670413402868	-0.2775137071808898
2211	-0.20620863578916968	-0.25825530162977267
2212	0.4070833848152352	0.35503671897463224
2213	-0.2346341382023456	-0.2866808040429486
2214	-0.24112618933012814	-0.2931728551707311
2215	0.2756258850239387	0.2235792191833357
2216	0.04514479034456753	-0.0069018754960354575
2217	-0.18664137215458956	-0.23868803799519256
2218	0.007172672083534951	-0.044873993757068034
2219	-0.11766534701200225	-0.16971201285260523
2220	-0.07623313759858805	-0.12827980343919104
2221	-0.511919048319349	-0.563965714159952
2222	0.08463179453559647	0.03258512869499348
2223	-0.027299128662880368	-0.07934579450348336
2224	-0.26800910663475286	-0.3200557724753558
2225	-0.20871941629640745	-0.2607660821370104
2226	0.2554514610805204	0.20340479523991742
2227	-0.2044490330323112	-0.2564956988729142
2228	-0.6295341014372123	-0.6815807672778154
2229	-0.9343706580908967	-0.9864173239314997
2230	0.18331505661048195	0.13126839076987895
2231	-0.05650335341288022	-0.1085500192534832
2232	0.679456584550884	0.627409918710281
2233	0.1271675257843459	0.0751208599437429
2234	0.6552541051679434	0.6032074393273403
2235	0.3439364312564137	0.29188976541581074
2236	0.24192374374844342	0.18987707790784042
2237	-0.5477235903365014	-0.5997702561771044
2238	0.6829172269781759	0.6308705611375729
2239	0.2299521033556007	0.1779054375149977
2240	-0.14344784115993403	-0.19549450700053703
2241	-0.2821548581139534	-0.3342015239545564
2242	0.5245818892671629	0.4725352234265599
2243	0.24578423389329748	0.1937375680526945
2244	-0.09914534543809346	-0.15119201127869644
2245	0.07414387181157886	0.02209720597097587
2246	0.24102313785332827	0.18897647201272527
2247	0.33864155448261996	0.286594888642017
2248	0.26773520974150805	0.21568854390090506
2249	0.6182364150082771	0.5661897491676741
2250	0.7923811880094328	0.7403345221688298
2251	0.6327600886536574	0.5807134228130544
2252	0.05197927808076133	-6.738775984165696e-5
2253	-0.10932957314570681	-0.1613762389863098
2254	-0.07830105777358662	-0.13034772361418961
2255	-0.14257073566962192	-0.1946174015102249
2256	0.3493097174509351	0.2972630516103321
2257	-0.21582032864512476	-0.26786699448572776
2258	1.1686559283839002	1.1166092625432973
2259	-0.12037839846809574	-0.17242506430869872
2260	0.5219356437137068	0.46988897787310385
2261	0.4956897026088572	0.44364303676825423
2262	-0.05294947071934805	-0.10499613655995105
2263	0.5329149977828412	0.48086833194223827
2264	1.1276297900312127	1.0755831241906098
2265	-0.4154412774022242	-0.46748794324282716
2266	0.7675985140668156	0.7155518482262125
2267	0.08005604085514306	0.028009375014540074
2268	-0.3932679202157076	-0.4453145860563106
2269	-0.1166817278475414	-0.16872839368814438
2270	0.07992286788293108	0.027876202042328095
2271	0.15537064273254586	0.10332397689194286
2272	0.20220818243705824	0.15016151659645524
2273	-0.13013471619995012	-0.18218138204055312
2274	-0.8070298240552451	-0.8590764898958482
2275	0.4511818557451316	0.3991351899045286
2276	-0.45746508334352604	-0.509511749184129
2277	0.040785615358899255	-0.011261050481703734
2278	0.5045181921206817	0.45247152628007875
2279	0.7606687180368767	0.7086220521962737
2280	-0.6023676666318324	-0.6544143324724354
2281	0.112933081882433	0.06088641604183002
2282	0.0916872598249429	0.03964059398433991
2283	-0.256501906675721	-0.30854857251632395
2284	-0.05863448613575105	-0.11068115197635403
2285	0.6842615942831557	0.6322149284425527
2286	0.23889031672882785	0.18684365088822485
2287	-0.09620201674125009	-0.1482486825818531
2288	0.222041102958176	0.169994437117573
2289	-0.08953090361018759	-0.14157756945079059
2290	0.37972155155044807	0.3276748857098451
2291	-0.3312731275495234	-0.3833197933901264
2292	0.2760366028026969	0.22398993696209388
2293	-0.13259040253875978	-0.18463706837936278
2294	0.2894138336111784	0.2373671677705754
2295	0.21409928105992068	0.16205261521931769
2296	0.8062928720661561	0.754246206225553
2297	-0.38548009299722247	-0.43752675883782544
2298	-0.1284490466559629	-0.1804957124965659
2299	0.2899770235262256	0.23793035768562262
2300	-0.3316758281952077	-0.38372249403581066
2301	0.09821097940886578	0.04616431356826279
2302	0.3702190935328862	0.3181724276922832
2303	-0.29802719448078924	-0.3500738603213922
2304	0.123170424024136	0.071123758183533
2305	-0.09264508399760062	-0.1446917498382036
2306	-0.16237410357778473	-0.21442076941838772
2307	0.46613683455278554	0.41409016871218257
2308	-0.18723205477543814	-0.23927872061604114
2309	0.27675556966459597	0.22470890382399297
2310	-0.2167557304145793	-0.26880239625518226
2311	0.36002755300105216	0.3079808871604492
2312	0.206256448366903	0.1542097825263
2313	-0.31352789453799673	-0.3655745603785997
2314	-0.07912012546868151	-0.1311667913092845
2315	-0.21535846265147238	-0.2674051284920754
2316	0.5164158372901266	0.46436917144952367
2317	0.23977448357696804	0.18772781773636504
2318	0.20114992788247119	0.1491032620418682
2319	-0.15775298124498335	-0.20979964708558635
2320	0.3926810584974108	0.34063439265680784
2321	-0.4467469958792885	-0.4987936617198915
2322	-0.4540888940408096	-0.5061355598814126
2323	0.407445129564625	0.355398463724022
2324	0.37261655322675186	0.3205698873861489
2325	0.6646089482312761	0.6125622823906731
2326	-0.48355579377003105	-0.535602459610634
2327	-0.015318945858280216	-0.06736561169888321
2328	-0.6149481602624406	-0.6669948261030436
2329	0.28665480362131546	0.23460813778071246
2330	0.2288107559478247	0.17676409010722172
2331	-0.2389359221589478	-0.2909825879995508
2332	-0.31458494202778986	-0.36663160786839283
2333	0.1086612053321381	0.05661453949153512
2334	-0.1893374098479696	-0.2413840756885726
2335	0.737872321515566	0.685825655674963
2336	-0.1400456538941317	-0.1920923197347347
2337	-0.8570621233870274	-0.9091087892276304
2338	0.7247035758023925	0.6726569099617895
2339	-0.12948596731296172	-0.18153263315356472
2340	0.1974193335944871	0.1453726677538841
2341	-0.29809220380524093	-0.3501388696458439
2342	0.1118686877271386	0.059822021886535605
2343	-0.15076866233002456	-0.20281532817062756
2344	-0.039601771910418235	-0.09164843775102122
2345	0.3637733414883962	0.3117266756477932
2346	-0.13429897443427077	-0.18634564027487377
2347	-0.635060911884573	-0.687107577725176
2348	0.5127575395340264	0.4607108736934234
2349	-0.147522810435916	-0.199569476276519
2350	-0.22842256408316422	-0.2804692299237672
2351	0.06324097891000734	0.011194313069404348
2352	-0.2788214745971122	-0.3308681404377152
2353	-0.19986429791112748	-0.25191096375173044
2354	-0.02730989972338017	-0.07935656556398316
2355	0.10175761443030149	0.049710948589698496
2356	-0.17919434919068525	-0.23124101503128824
2357	0.28549086480572633	0.23344419896512333
2358	-0.15912180923670413	-0.21116847507730713
2359	-0.29629567108971716	-0.34834233693032013
2360	0.8477499237713464	0.7957032579307434
2361	0.3286576351261159	0.27661096928551293
2362	0.31801520757092405	0.2659685417303211
2363	0.0560862847852531	0.00403961894465011
2364	-0.2754580929129465	-0.32750475875354945
2365	0.15245547920316208	0.10040881336255908
2366	-0.22121585395765855	-0.27326251979826155
2367	-0.25978637223787376	-0.31183303807847673
2368	0.2449896378748723	0.1929429720342693
2369	-0.3304319946935862	-0.38247866053418916
2370	-0.1473397969869152	-0.1993864628275182
2371	0.030680697121565934	-0.021365968719037055
2372	0.6172149779464691	0.565168312105866
2373	0.3883470575046852	0.3363003916640822
2374	-0.27451120021513015	-0.3265578660557331
2375	-0.4199574920341181	-0.47200415787472105
2376	-0.09518183216923483	-0.1472284980098378
2377	-0.48941363575361657	-0.5414603015942195
2378	-0.36298852666801895	-0.4150351925086219
2379	0.17349318464570956	0.12144651880510657
2380	0.35745860163176707	0.3054119357911641
2381	-0.015279210868949258	-0.06732587670955224
2382	0.20306852806387155	0.15102186222326855
2383	-0.283653301033513	-0.33569996687411596
2384	0.5610643127120242	0.5090176468714211
2385	-0.22642121741591778	-0.2784678832565208
2386	-0.004972783949895525	-0.057019449790498514
2387	0.2700159429410475	0.21796927710044453
2388	0.12786333016856907	0.07581666432796608
2389	-0.06060058466084661	-0.11264725050144961
2390	-0.443845888611708	-0.49589255445231095
2391	0.2934114952951147	0.24136482945451168
2392	-0.4459459039285207	-0.49799256976912365
2393	0.46854533568783824	0.41649866984723527
2394	0.5825713619467758	0.5305246961061728
2395	0.4938933442295795	0.4418466783889765
2396	0.7925175138444455	0.7404708480038424
2397	0.2925634572297438	0.2405167913891408
2398	0.14671341634196497	0.09466675050136197
2399	-0.06350299445107739	-0.11554966029168037
2400	0.3883439930971713	0.33629732725656836
2401	0.17661357754037005	0.12456691169976705
2402	0.4394795009896329	0.38743283514902993
2403	0.0951715109410521	0.04312484510044911
2404	0.012968760155125093	-0.03907790568547789
2405	0.2695159518350057	0.2174692859944027
2406	0.7691622005129244	0.7171155346723214
2407	0.2042858494049421	0.1522391835643391
2408	-0.39616508370917225	-0.4482117495497752
2409	-0.6536961112200301	-0.7057427770606332
2410	-0.16973056274360077	-0.22177722858420376
2411	-0.8043475108344194	-0.8563941766750224
2412	0.06796870991680806	0.015922044076205073
2413	0.32907979007723187	0.2770331242366289
2414	-0.5064123555336787	-0.5584590213742817
2415	0.52390131656964	0.47185465072903704
2416	0.5721860402736968	0.5201393744330938
2417	0.19830529363144017	0.14625862779083718
2418	0.6714167179743272	0.6193700521337242
2419	0.6250786320894078	0.5730319662488048
2420	0.1155927497035473	0.0635460838629443
2421	-0.2738600175618306	-0.32590668340243356
2422	-0.0951604404272977	-0.14720710626790068
2423	-0.07605357737667862	-0.1281002432172816
2424	0.1509124540770664	0.09886578823646341
2425	0.31894376646718114	0.2668971006265782
2426	0.1252924151477889	0.07324574930718591
2427	-0.0015690907622452413	-0.05361575660284823
2428	-0.22281660608455797	-0.27486327192516097
2429	-0.3830072968774881	-0.43505396271809105
2430	-0.5873221251219901	-0.6393687909625931
2431	-0.11307053723463031	-0.1651172030752333
2432	0.5547903555259491	0.5027436896853461
2433	0.17209198478841603	0.12004531894781303
2434	0.3857947571252001	0.33374809128459715
2435	0.5370441685912818	0.4849975027506788
2436	0.18520174218263313	0.13315507634203014
2437	0.0261932044077969	-0.025853461432806087
2438	0.5827523740992722	0.5307057082586691
2439	-0.2724564641897544	-0.32450313003035736
2440	0.11321330188112397	0.06116663604052098
2441	0.3246716985210939	0.27262503268049093
2442	-0.18342531963379227	-0.23547198547439527
2443	-0.020600558107641824	-0.07264722394824481
2444	0.048118470485608536	-0.003928195354994453
2445	0.9642064335913715	0.9121597677507685
2446	0.44452668408636825	0.3924800182457653
2447	0.04787337782787082	-0.004173288012732167
2448	0.06182867250338747	0.009782006662784483
2449	0.5358322335955368	0.4837855677549338
2450	-0.3358983400204612	-0.3879450058610642
2451	-0.42697371181062077	-0.47902037765122374
2452	0.4434388061400053	0.39139214029940234
2453	0.28071256237939457	0.22866589653879157
2454	-0.06646094547943107	-0.11850761132003407
2455	0.12093849036727664	0.06889182452667364
2456	-0.5885653912766909	-0.640612057117294
2457	0.41875002152605734	0.36670335568545437
2458	0.32676970864824234	0.2747230428076394
2459	-0.3432687949656195	-0.3953154608062225
2460	0.205676917775514	0.153630251934911
2461	0.5634497550968055	0.5114030892562025
2462	0.27240364158125796	0.22035697574065496
2463	-0.44461378870920715	-0.4966604545498101
2464	-0.08534896188739821	-0.1373956277280012
2465	-0.14790702039252845	-0.19995368623313145
2466	-0.4382515609051104	-0.4902982267457134
2467	0.2076813264208356	0.1556346605802326
2468	0.026885718115583487	-0.025160947725019502
2469	0.864856474034164	0.812809808193561
2470	0.11681002325009865	0.06476335740949565
2471	-0.21658432324699628	-0.26863098908759925
2472	0.3101500444704758	0.2581033786298728
2473	0.5581657916882214	0.5061191258476184
2474	-0.3631137259397167	-0.41516039178031966
2475	0.005036727679300138	-0.04700993816130285
2476	0.6817965945661696	0.6297499287255666
2477	1.0242919352575852	0.9722452694169822
2478	-0.3153481393671168	-0.3673948052077198
2479	0.10630835366983477	0.054261687829231776
2480	-0.6806497035905357	-0.7326963694311387
2481	-0.05792547105444975	-0.10997213689505274
2482	1.1398414200543472	1.0877947542137443
2483	1.1760246874519837	1.1239780216113808
2484	0.06623762755229234	0.014190961711689355
2485	-0.5721904266618452	-0.6242370925024482
2486	-0.07555586432837841	-0.1276025301689814
2487	0.5038967092535392	0.4518500434129363
2488	0.12573016558875186	0.07368349974814886
2489	-0.09113664932804451	-0.1431833151686475
2490	-0.3497185578071065	-0.40176522364770945
2491	-0.10227704602621487	-0.15432371186681787
2492	0.9204544554939584	0.8684077896533554
2493	0.25875496613826826	0.20670830029766527
2494	-0.07080530812539047	-0.12285197396599346
2495	0.050013891169152766	-0.002032774671450223
2496	-0.5431231568718027	-0.5951698227124057
2497	-0.2775699715594083	-0.3296166374000113
2498	0.190284217810384	0.138237551969781
2499	0.6113980846041773	0.5593514187635743
2500	0.3881308252253876	0.33608415938478464
2501	-0.04299355291163576	-0.09504021875223875
2502	0.8627044624069709	0.8106577965663678
2503	-0.2439636782676481	-0.29601034410825106
2504	0.31300160901389373	0.26095494317329077
2505	-0.5721007682256452	-0.6241474340662482
2506	0.525944407267795	0.47389774142719204
2507	0.04239855204440067	-0.00964811379620232
2508	0.5581939311313167	0.5061472652907136
2509	0.9448750377539162	0.8928283719133132
2510	0.07403610810059326	0.02198944225999027
2511	-0.340814548820299	-0.39286121466090196
2512	0.0773838841546999	0.025337218314096917
2513	-0.22200057828090178	-0.2740472441215048
2514	0.7905111182232987	0.7384644523826956
2515	-0.03477227995105167	-0.08681894579165467
2516	-0.48466606895414044	-0.5367127347947435
2517	0.338809511160617	0.28676284532001406
2518	-0.3360080324459544	-0.38805469828655736
2519	1.0098990053016776	0.9578523394610746
2520	-3.8682070225388304e-4	-0.05243348654285687
2521	0.14358612309303542	0.09153945725243243
2522	-0.6210761240623757	-0.6731227899029787
2523	0.07561432039352663	0.023567654552923638
2524	-0.37974832133164593	-0.4317949871722489
2525	-0.18641845092289974	-0.23846511676350274
2526	0.4834518803786321	0.43140521453802916
2527	-0.5213584948809219	-0.5734051607215249
2528	0.3092747908940692	0.2572281250534662
2529	-0.6438527590475904	-0.6958994248881935
2530	-0.40116598524995845	-0.4532126510905614
2531	0.38423332924786924	0.33218666340726627
2532	0.3823222244976706	0.33027555865706765
2533	0.16386109865886236	0.11181443281825937
2534	0.019619158966179207	-0.03242750687442378
2535	-0.06545295979905813	-0.11749962563966113
2536	0.15529268462725543	0.10324601878665243
2537	0.6665133840166604	0.6144667181760574
2538	0.27204712614425064	0.22000046030364764
2539	0.1107307455338512	0.058684079693248216
2540	0.3804228041918494	0.3283761383512464
2541	0.08214824103082001	0.03010157519021702
2542	-0.03796542113062474	-0.09001208697122773
2543	0.7327564676961108	0.6807098018555078
2544	-0.11262266388462532	-0.1646693297252283
2545	0.6308905913477993	0.5788439255071963
2546	-0.022498983903177526	-0.07454564974378051
2547	0.14892529037814908	0.09687862453754609
2548	0.3636979782143295	0.3116513123737265
2549	-0.057589274654349695	-0.10963594049495268
2550	0.525944407267795	0.47389774142719204
2551	0.1381917909870169	0.0861451251464139
2552	-0.09974895153101623	-0.15179561737161923
2553	0.10629768393161673	0.05425101809101374
2554	0.9747786742572245	0.9227320084166215
2555	0.05882154379135848	0.006774877950755494
2556	0.21005173705006425	0.15800507120946125
2557	-0.21567138982180667	-0.26771805566240964
2558	-0.2666754123529245	-0.3187220781935275
2559	-0.36411338515688907	-0.41616005099749204
2560	0.0028634593650541003	-0.049183206475548885
2561	0.11173489222118496	0.05968822638058197
2562	0.3291185202648839	0.27707185442428095
2563	-0.6828682297530898	-0.7349148955936928
2564	-0.2094177193016092	-0.2614643851422122
2565	-0.3811935817378998	-0.43324024757850277
2566	0.02695667167070297	-0.02508999416990002
2567	0.12716528097834687	0.07511861513774387
2568	0.3762060563082885	0.32415939046768555
2569	-0.11591438294921796	-0.16796104878982096
2570	0.11409232342385742	0.06204565758325443
2571	-0.17646755471183337	-0.22851422055243636
2572	0.3499844178455021	0.29793775200489914
2573	-0.10390931664764089	-0.15595598248824388
2574	-0.008092533941565009	-0.060139199782168
2575	-0.054629231312716055	-0.10667589715331904
2576	-0.021638812794749728	-0.07368547863535271
2577	-0.004902649452495213	-0.0569493152930982
2578	-0.03781387340678402	-0.08986053924738702
2579	-0.1972661645657318	-0.24931283040633478
2580	-0.07966913910764574	-0.13171580494824872
2581	0.64059399267287	0.588547326832267
2582	0.08997652177951306	0.037929855938910066
2583	0.013780424729904043	-0.03826624111069894
2584	0.7415118828263404	0.6894652169857374
2585	0.3846127671992763	0.3325661013586733
2586	0.2502180793990894	0.19817141355848641
2587	0.27747623039231367	0.22542956455171068
2588	0.41079775150991993	0.35875108566931696
2589	-0.38837178541001766	-0.4404184512506206
2590	-0.01766898288444607	-0.06971564872504907
2591	0.26614267120201274	0.21409600536140974
2592	0.9149890112983305	0.8629423454577275
2593	6.74895830778021e-4	-0.05137177000982497
2594	-0.042381617038058136	-0.09442828287866112
2595	0.18266360897079306	0.13061694313019007
2596	0.7346040226034904	0.6825573567628874
2597	-0.1632398036666282	-0.2152864695072312
2598	-0.11447353452828356	-0.16652020036888654
2599	0.4606175684156577	0.40857090257505474
2600	0.5219163585211944	0.4698696926805915
2601	-0.19166066478747862	-0.24370733062808161
2602	0.18232367667811006	0.13027701083750706
2603	-0.08278262327510963	-0.13482928911571262
2604	-0.04153277729917008	-0.09357944313977307
2605	-0.04834559507805095	-0.10039226091865394
2606	0.2062437805862515	0.1541971147456485
2607	1.1535125950609129	1.10146592922031
2608	0.3141034799326504	0.26205681409204745
2609	-0.44821212141934647	-0.5002587872599494
2610	0.05648402732327572	0.004437361482672729
2611	-0.33025978318831983	-0.3823064490289228
2612	0.6452594566529016	0.5932127908122986
2613	0.10133199207445864	0.049285326233855654
2614	-0.12057703318594115	-0.17262369902654415
2615	0.33865643200706397	0.286609766166461
2616	0.343000845886078	0.290954180045475
2617	-0.35076545681105936	-0.40281212265166233
2618	0.49868692633824413	0.44664026049764116
2619	0.07561432039352663	0.023567654552923638
2620	-0.11406175016342965	-0.16610841600403264
2621	0.4664125814752944	0.41436591563469144
2622	-0.0741179686503143	-0.12616463449091728
2623	-0.3751025599616445	-0.42714922580224746
2624	-0.5853047697956871	-0.6373514356362902
2625	0.2731999722906809	0.22115330645007789
2626	0.8592679909234502	0.8072213250828472
2627	-0.14486383490663737	-0.19691050074724037
2628	0.08044880354086593	0.028402137700262946
2629	0.464649832372	0.41260316653139706
2630	0.3155299688827865	0.26348330304218354
2631	0.8394270257342731	0.7873803598936701
2632	-0.7464259656627228	-0.7984726315033258
2633	-0.7780814413343645	-0.8301281071749675
2634	-0.3563826160833216	-0.4084292819239246
2635	0.4742906265592541	0.4222439607186511
2636	0.21005622729741563	0.15800956145681264
2637	-0.012660654916109324	-0.06470732075671232
2638	0.10746882451868345	0.05542215867808046
2639	0.06999546974092381	0.017948803900320824
2640	0.09776025948029884	0.045713593639695856
2641	-0.5051374496227689	-0.5571841154633719
2642	0.23175459366469306	0.17970792782409006
2643	0.476796475924202	0.424749810083599
2644	0.04466068799346165	-0.007385977847141338
2645	0.2517041194717781	0.19965745363117512
2646	-0.42145147402354693	-0.4734981398641499
2647	0.0504788134256977	-0.0015678524149052922
2648	0.23614520566354044	0.18409853982293745
2649	0.06714029709437593	0.015093631253772936
2650	0.13401996138223204	0.08197329554162905
2651	0.33538423042458804	0.28333756458398507
2652	-0.06449542229553823	-0.11654208813614123
2653	-0.6293252045755807	-0.6813718704161837
2654	0.5726298143340145	0.5205831484934115
2655	0.42866033416985766	0.3766136683292547
2656	-0.25699939882030587	-0.30904606466090884
2657	-0.5022121959533534	-0.5542588617939564
2658	0.2517041194717781	0.19965745363117512
2659	-0.14145040629085812	-0.1934970721314611
2660	0.12901280336906978	0.07696613752846679
2661	-0.30818651487074933	-0.3602331807113523
2662	-0.40985472083377833	-0.4619013866743813
2663	0.04879445399648841	-0.0032522118441145817
2664	-0.14138300623155658	-0.19342967207215958
2665	0.27214711269143127	0.22010044685082827
2666	-0.6175183590464555	-0.6695650248870585
2667	0.18198065468770092	0.12993398884709792
2668	-0.5178033319637326	-0.5698499978043357
2669	0.4639727453311784	0.4119260794905754
2670	0.21316520695333294	0.16111854111272994
2671	0.8345759044890891	0.7825292386484861
2672	-0.1449598669900075	-0.1970065328306105
2673	-0.03567617129630822	-0.0877228371369112
2674	0.382303745692829	0.330257079852226
2675	0.22229191311478871	0.17024524727418572
2676	-0.08673956124190835	-0.13878622708251134
2677	-0.18156735310568306	-0.23361401894628606
2678	-0.018086679041758	-0.07013334488236099
2679	0.9763170343820006	0.9242703685413975
2680	-0.5597376642525322	-0.6117843300931353
2681	0.13088972329435802	0.07884305745375503
2682	-0.3633513570409545	-0.41539802288155747
2683	0.0274181658837515	-0.02462849995685149
2684	-0.09090949800215758	-0.14295616384276058
2685	-0.4648799237798889	-0.5169265896204919
2686	0.4109309667296707	0.35888430088906775
2687	0.20438696383017885	0.15234029798957585
2688	-0.3751645379130731	-0.42721120375367605
2689	0.05787656338106183	0.005829897540458838
2690	0.8514636546585962	0.7994169888179932
2691	-0.26780417123553646	-0.3198508370761394
2692	0.4629941792057159	0.4109475133651129
2693	-0.15782460095599304	-0.20987126679659604
2694	-0.15758225750142368	-0.20962892334202668
2695	-0.4051419847408922	-0.45718865058149516
2696	0.3401235146267797	0.28807684878617673
2697	0.10825507954543795	0.05620841370483496
2698	1.106031528074938	1.053984862234335
2699	0.13977494192520548	0.08772827608460249
2700	0.3884845604091726	0.33643789456856965
2701	0.25079453706176286	0.19874787122115986
2702	-0.49180127379776384	-0.5438479396383669
2703	-0.11789906694625177	-0.16994573278685476
2704	0.3512177310939719	0.29917106525336895
2705	-0.1777408436364329	-0.22978750947703588
2706	-0.1236979135930206	-0.1757445794336236
2707	0.24242224798539722	0.19037558214479422
2708	-0.13798869754884754	-0.19003536338945054
2709	-0.32357189521528595	-0.3756185610558889
2710	-0.06292041659660766	-0.11496708243721065
2711	0.4232961236429071	0.3712494578023041
2712	0.04575621322418445	-0.006290452616418536
2713	0.569640946978534	0.5175942811379309
2714	0.6776650664043918	0.6256184005637888
2715	-0.22880076427932572	-0.2808474301199287
2716	0.12131870436820949	0.0692720385276065
2717	-0.24121370227310673	-0.2932603681137097
2718	-0.48991890308749225	-0.5419655689280952
2719	-0.020341523660999557	-0.07238818950160254
2720	0.3328826760630666	0.28083601022246363
2721	0.365130931832343	0.31308426599174005
2722	-0.41892256500666053	-0.4709692308472635
2723	0.7062773004728514	0.6542306346322484
2724	-0.09731158831147273	-0.1493582541520757
2725	0.5156533782565293	0.4636067124159264
2726	0.1194413419487062	0.06739467610810321
2727	-0.19538688562550824	-0.24743355146611123
2728	-0.42008820122419904	-0.472134867064802
2729	-0.26970839023345955	-0.3217550560740625
2730	-0.12582548709005384	-0.17787215293065683
2731	-0.12220415207273944	-0.17425081791334243
2732	-0.2750834044160069	-0.3271300702566099
2733	0.05882154379135848	0.006774877950755494
2734	-0.019933335548499145	-0.07198000138910213
2735	-0.046472927732197515	-0.0985195935728005
2736	-0.040685181810275924	-0.09273184765087891
2737	-0.10865902598249005	-0.16070569182309305
2738	0.39341191272166287	0.3413652468810599
2739	0.25426293562446156	0.20221626978385857
2740	-0.2686091512210883	-0.3206558170616913
2741	-0.21940539144486623	-0.27145205728546923
2742	-0.598564016475327	-0.65061068231593
2743	-0.16011118850071987	-0.21215785434132287
2744	-0.17193761448178554	-0.22398428032238854
2745	0.08022411498864185	0.02817744914803886
2746	-0.30749661055812916	-0.3595432763987321
2747	-0.33378614104790877	-0.38583280688851174
2748	0.023871325555773624	-0.028175340284829365
2749	0.36353018303461376	0.3114835171940108
2750	-0.1442541951023112	-0.19630086094291418
2751	-0.21833281272908686	-0.27037947856968986
2752	-0.1140041131509299	-0.1660507789915329
2753	-0.625759822020897	-0.6778064878615
2754	0.3121567550633195	0.26011008922271656
2755	-0.41852963327253345	-0.4705762991131364
2756	-0.01346789024681402	-0.065514556087417
2757	-0.059105284427852636	-0.11115195026845562
2758	0.0898080507767663	0.037761384936163316
2759	-0.048892927170516014	-0.100939593011119
2760	0.33608146733192057	0.2840348014913176
2761	0.3418109384744864	0.28976427263388344
2762	0.6291304611265477	0.5770837952859447
2763	0.1149572651562352	0.0629105993156322
2764	0.7471066798068938	0.6950600139662908
2765	0.8871436479737643	0.8350969821331613
2766	0.5553908856495489	0.5033442198089458
2767	-0.04369474110720881	-0.0957414069478118
2768	0.12210362082300391	0.07005695498240092
2769	0.09276880245800721	0.040722136617404224
2770	-0.10239114537657618	-0.15443781121717917
2771	0.03197291202572777	-0.020073753814875216
2772	0.2708865442477409	0.2188398784071379
2773	-0.40565963521106563	-0.4577063010516686
2774	-0.28790186379308835	-0.3399485296336913
2775	0.32592514739276246	0.2738784815521595
2776	-0.14606905572846055	-0.19811572156906354
2777	0.4280248632986876	0.37597819745808464
2778	-0.3217884699296835	-0.3738351357702865
2779	-0.37993300156287074	-0.4319796674034737
2780	0.37924601119514173	0.32719934535453876
2781	-0.03285006636464109	-0.08489673220524407
2782	0.21736398513390798	0.16531731929330498
2783	0.01490165876692211	-0.037145007073680875
2784	-0.28890949369199137	-0.34095615953259434
2785	0.23461121403618682	0.18256454819558382
2786	-0.17437243676049988	-0.22641910260110287
2787	0.18764592183468443	0.13559925599408143
2788	-0.44491450892889134	-0.4969611747694943
2789	-0.2322093529835562	-0.2842560188241592
2790	-0.007841266140789806	-0.05988793198139279
2791	0.6061749118427948	0.5541282460021918
2792	0.25875496613826826	0.20670830029766527
2793	0.24339862036439527	0.19135195452379228
2794	0.4060594787131226	0.3540128128725196
2795	-0.5512567807445642	-0.6033034465851672
2796	0.15617676142570483	0.10413009558510183
2797	-0.21788500613033007	-0.26993167197093304
2798	0.04053680370300683	-0.01150986213759616
2799	-0.311155590936177	-0.36320225677678
2800	0.4128678941722445	0.36082122833164154
2801	0.16449878046804162	0.11245211462743862
2802	-0.632180179129705	-0.6842268449703081
2803	0.6453224908668895	0.5932758250262865
2804	0.11226860004951991	0.06022193420891692
2805	0.13856456133415984	0.08651789549355685
2806	0.01586815560200094	-0.03617851023860205
2807	-0.18852821840664669	-0.24057488424724968
2808	0.24628132297677416	0.19423465713617116
2809	0.17530372302548794	0.12325705718488494
2810	-0.12289866594704817	-0.17494533178765115
2811	-0.09676411234207853	-0.1488107781826815
2812	-0.07060743004017561	-0.12265409588077861
2813	0.011441654859775014	-0.04060501098082797
2814	0.808894095043396	0.756847429202793
2815	0.2504501058432067	0.1984034400026037
2816	0.3077831360701038	0.25573647022950086
2817	0.0734262222282211	0.021379556387618105
2818	-0.3612996212567275	-0.41334628709733046
2819	-0.4602185329989888	-0.5122651988395918
2820	-0.11415389107154066	-0.16620055691214364
2821	-0.0990283112284448	-0.1510749770690478
2822	-0.025974671146386425	-0.07802133698698942
2823	-0.002415737312818661	-0.05446240315342165
2824	0.2609228349756478	0.20887616913504478
2825	-0.07140521859905116	-0.12345188443965416
2826	0.8114937900757357	0.7594471242351327
2827	0.799787014482052	0.747740348641449
2828	0.5908490137609915	0.5388023479203885
2829	0.1312038521990957	0.0791571863584927
2830	0.5558326095980046	0.5037859437574016
2831	0.2647865635771302	0.2127398977365272
2832	-0.16583202553645265	-0.21787869137705565
2833	-0.3083370319227883	-0.36038369776339124
2834	-0.013714767636016032	-0.06576143347661902
2835	0.037837811454373316	-0.014208854386229673
2836	-0.5398821535686706	-0.5919288194092737
2837	0.5503873953521842	0.4983407295115812
2838	0.35760156353628997	0.305554897695687
2839	0.5199118075703534	0.4678651417297504
2840	-0.31495938425575287	-0.36700605009635584
2841	-0.10520221271106207	-0.15724887855166506
2842	-0.34579727231339125	-0.3978439381539942
2843	-0.0874833311713324	-0.13952999701193539
2844	0.3459145785060825	0.2938679126654795
2845	0.05876575206452278	0.0067190862239197915
2846	-0.05564681851015349	-0.10769348435075649
2847	0.1224662600562883	0.0704195942156853
2848	-0.055598847667559126	-0.10764551350816212
2849	-0.15746294702254401	-0.209509612863147
2850	0.423659226657783	0.37161256081718
2851	0.010317764564449636	-0.04172890127615335
2852	0.45180725920014037	0.3997605933595374
2853	-0.804663080509603	-0.856709746350206
2854	-0.09893512416993547	-0.15098179001053846
2855	-0.12886730296937046	-0.18091396880997346
2856	0.23354608351693065	0.18149941767632766
2857	0.5208862463479301	0.46883958050732716
2858	0.02736404089463389	-0.0246826249459691
2859	0.15278855440411207	0.10074188856350907
2860	0.3795755221358381	0.32752885629523515
2861	0.006610633450896037	-0.04543603238970695
2862	-0.1403113389245512	-0.1923580047651542
2863	-0.39322680280325867	-0.44527346864386164
2864	0.4417672690230835	0.38972060318248053
2865	-0.41596469306125655	-0.4680113589018595
2866	0.7516505011270141	0.6996038352864111
2867	0.05235462358270382	3.0795774210082977e-4
2868	0.24926708110568943	0.19722041526508644
2869	1.0438131652287936	0.9917664993881906
2870	0.005868848713105845	-0.04617781712749715
2871	0.0853405957345293	0.033293929893926315
2872	0.6831879365351952	0.6311412706945921
2873	0.3646482637548433	0.31260159791424036
2874	-0.6307854286985733	-0.6828320945391764
2875	0.027951036461132322	-0.024095629379470667
2876	-0.35454237716500153	-0.4065890430056045
2877	0.544600993386704	0.492554327546101
2878	0.6892557679106694	0.6372091020700664
2879	0.28585664204736316	0.23380997620676017
2880	0.6870205889632746	0.6349739231226715
2881	-0.20154314578119964	-0.2535898116218026
2882	0.09875697900405425	0.04671031316345126
2883	-0.15026291121990948	-0.20230957706051247
2884	0.15744938103073294	0.10540271519012995
2885	0.4584455078813652	0.4063988420407622
2886	-0.1476558896146918	-0.1997025554552948
2887	0.031757199232134034	-0.020289466608468955
2888	0.29904699662326173	0.24700033078265873
2889	0.39804954410731613	0.34600287826671317
2890	-0.1722343695942068	-0.2242810354348098
2891	0.39708317846248314	0.3450365126218802
2892	-0.08209415895301274	-0.13414082479361572
2893	0.2616782490069318	0.20963158316632882
2894	0.4436759524231007	0.39162928658249774
2895	0.04433577641500196	-0.007710889425601032
2896	-0.49613600323377294	-0.548182669074376
2897	0.28623223582194285	0.23418556998133985
2898	0.6182364150082771	0.5661897491676741
2899	-0.48394642137173005	-0.5359930872123331
2900	0.1517842776144637	0.0997376117738607
2901	-0.0749091303644567	-0.1269557962050597
2902	0.3653199403803035	0.31327327453970055
2903	0.3162191248287556	0.2641724589881526
2904	0.7506479891078506	0.6986013232672476
2905	-0.5354429368272736	-0.5874896026678766
2906	-0.10560815414501798	-0.15765481998562098
2907	-0.3418323137313919	-0.39387897957199486
2908	0.16650447412730804	0.11445780828670504
2909	0.10135757713342997	0.04931091129282698
2910	-0.38209305177507796	-0.43413971761568093
2911	0.22862941488234692	0.17658274904174392
2912	1.0166581620245858	0.9646114961839828
2913	-0.21929746657960983	-0.2713441324202128
2914	-0.3577840291071781	-0.40983069494778107
2915	-0.254640860358312	-0.306687526198915
2916	0.5058856929937088	0.4538390271531058
2917	0.9303408582222304	0.8782941923816274
2918	0.3288839833379456	0.27683731749734264
2919	-0.0068024318681623695	-0.058849097708765355
2920	0.08980069479150893	0.03775402895090594
2921	0.8990470256462326	0.8470003598056296
2922	0.451298106615227	0.39925144077462404
2923	-0.2017394419991817	-0.25378610783978467
2924	-0.4550313817822847	-0.5070780476228877
2925	0.42553871045653396	0.373492044615931
2926	0.956307968574476	0.904261302733873
2927	-0.019377125481666285	-0.07142379132226928
2928	-0.17979066601458857	-0.23183733185519156
2929	0.2099180249671424	0.1578713591265394
2930	0.08936959971176545	0.03732293387116246
2931	0.4380567714013809	0.3860101055607779
2932	-0.4167137813848784	-0.4687604472254814
2933	-0.04431474930160025	-0.09636141514220324
2934	0.9695113648417154	0.9174646990011124
2935	-0.4095531621291577	-0.4615998279697607
2936	-0.44292664195955284	-0.4949733078001558
2937	-0.05321909995743597	-0.10526576579803895
2938	0.032369151521580083	-0.019677514319022905
2939	-0.07122045090342037	-0.12326711674402335
2940	-0.023190117583324673	-0.07523678342392766
2941	-0.28197055378234065	-0.3340172196229436
2942	-0.05696463233886622	-0.10901129817946921
2943	-0.3594238959582158	-0.41147056179881875
2944	-0.04996367919202242	-0.1020103450326254
2945	0.3388448232502848	0.28679815740968184
2946	0.3498743296584524	0.2978276638178494
2947	0.26157660088246815	0.20952993504186515
2948	-0.2861001652041591	-0.33814683104476206
2949	0.06904707308008291	0.017000407239479924
2950	-0.0382135232555694	-0.0902601890961724
2951	0.6686456024252461	0.616598936584643
2952	0.33847543886331877	0.2864287730227158
2953	0.1309168683613882	0.0788702025207852
2954	-0.12817811362460546	-0.18022477946520846
2955	0.4051700919744317	0.35312342613382874
2956	0.0898080507767663	0.037761384936163316
2957	-0.1424247072001385	-0.1944713730407415
2958	0.22909804268666564	0.17705137684606265
2959	-0.0854816033312888	-0.1375282691718918
2960	-0.21373574898586978	-0.26578241482647275
2961	-0.13763136740641896	-0.18967803324702195
2962	0.12905087914044958	0.07700421329984658
2963	0.17053421789818538	0.11848755205758238
2964	0.018653132525501607	-0.03339353331510138
2965	0.7660541138241129	0.7140074479835099
2966	0.129033660947875	0.076986995107272
2967	0.5134693525384684	0.4614226866978654
2968	0.15965092772858686	0.10760426188798386
2969	0.4487202031845137	0.39667353734391075
2970	0.012115330352874872	-0.03993133548772812
2971	0.2998582730843281	0.2478116072437251
2972	0.7214947051413018	0.6694480393006987
2973	0.12113289536833421	0.06908622952773122
2974	-0.5242616570024005	-0.5763083228430035
2975	-0.24813134479304697	-0.30017801063364996
2976	0.10738174547995508	0.05533507963935209
2977	0.292052719172086	0.24000605333148298
2978	-0.3751645379130731	-0.42721120375367605
2979	-0.19811384165165158	-0.25016050749225455
2980	-0.1287929593332274	-0.1808396251738304
2981	0.019193998853270316	-0.03285266698733268
2982	0.7937709159505667	0.7417242501099637
2983	0.32728389901848376	0.2752372331778808
2984	0.16000435312273337	0.10795768728213037
2985	-0.1985840157052481	-0.2506306815458511
2986	0.6091469894949894	0.5571003236543863
2987	0.23627335363492954	0.18422668779432655
2988	-0.17601775800794953	-0.22806442384855252
2989	0.3439364312564137	0.29188976541581074
2990	0.11583146396632693	0.06378479812572393
2991	0.3553458619329039	0.30329919609230094
2992	0.16890714117443684	0.11686047533383384
2993	-0.24531796997052865	-0.29736463581113165
2994	1.0956128625065424	1.0435661966659395
2995	0.16858356029277652	0.11653689445217352
2996	0.39438844565213443	0.34234177981153147
2997	0.46614193660703246	0.4140952707664295
2998	-0.19588353103025147	-0.24793019687085446
2999	-0.47419496927670673	-0.5262416351173097
3000	-0.4479050561846494	-0.49995172202525234
3001	0.5807484994962111	0.5287018336556081
3002	0.5081664413200244	0.45611977547942145
3003	-0.08142702680890505	-0.13347369264950804
3004	-0.052304593536859637	-0.10435125937746262
3005	0.4188580543354277	0.36681138849482475
3006	-0.2795328183850977	-0.33157948422570066
3007	-0.006880817873957286	-0.058927483714560275
3008	0.01409091877180076	-0.037955747068802226
3009	-0.3625203557390917	-0.41456702157969466
3010	-0.1884002267768781	-0.2404468926174811
3011	0.3720610835928893	0.32001441775228634
3012	-0.0775577663706849	-0.1296044322112879
3013	-0.18536251869499007	-0.23740918453559307
3014	-0.3386690006024324	-0.39071566644303535
3015	-0.4950386345706141	-0.5470853004112171
3016	-0.09792251673013994	-0.14996918257074293
3017	-0.2226885432759534	-0.27473520911655636
3018	-0.23328754102490049	-0.2853342068655035
3019	-0.5216823704731944	-0.5737290363137975
3020	-0.14812781291605515	-0.20017447875665814
3021	-0.6115736166767713	-0.6636202825173744
3022	-0.08811190247478055	-0.14015856831538354
3023	-0.46405242977370725	-0.5160990956143102
3024	-0.012660493058529891	-0.06470715889913288
3025	0.8189740333822992	0.7669273675416962
3026	-0.14018613972723684	-0.19223280556783984
3027	-0.04395534768707955	-0.09600201352768253
3028	0.08574387015757724	0.033697204316974254
3029	-0.40030260147146135	-0.4523492673120643
3030	-0.12073618723881102	-0.17278285307941402
3031	-0.4964852466083976	-0.5485319124490006
3032	0.06652603214322346	0.01447936630262047
3033	-0.6181803859967657	-0.6702270518373687
3034	0.22030150852243086	0.16825484268182786
3035	-0.05660286808637756	-0.10864953392698054
3036	-0.0033761943775678267	-0.05542286021817082
3037	-0.47647457264615783	-0.5285212384867608
3038	-0.3654626206082039	-0.41750928644880686
3039	-0.5068645513206365	-0.5589112171612395
3040	-0.2228405524068137	-0.2748872182474167
3041	0.4795975388110079	0.42755087297040495
3042	0.34003572996951076	0.2879890641289078
3043	0.36078163322895307	0.3087349673883501
3044	-0.10171453190365135	-0.15376119774425434
3045	0.5025639112893713	0.4505172454487683
3046	-0.004774114495975985	-0.056820780336578974
3047	0.08450817715725027	0.03246151131664728
3048	0.3766046581644588	0.32455799232385585
3049	-0.7027007684434032	-0.7547474342840063
3050	-0.3681254381795786	-0.42017210402018157
3051	-0.29382670960831575	-0.3458733754489187
3052	0.07162709756970789	0.019580431729104904
3053	0.9464375928487021	0.8943909270080991
3054	-0.0372928499879016	-0.08933951582850458
3055	-0.500531122550776	-0.552577788391379
3056	0.3093530157083655	0.2573063498677625
3057	-0.32555449565344496	-0.37760116149404793
3058	0.1240557778715067	0.07200911203090371
3059	-0.014011709938382508	-0.06605837577898549
3060	0.40091788079538654	0.34887121495478357
3061	-0.2639267742169602	-0.31597344005756317
3062	-0.18912599750818485	-0.24117266334878784
3063	0.5586027586231246	0.5065560927825216
3064	0.34271408878205856	0.2906674229414556
3065	-0.24359204323241324	-0.2956387090730162
3066	0.003591919630297074	-0.04845474621030592
3067	-0.06616698282290039	-0.11821364866350337
3068	0.165991783097487	0.113945117256884
3069	0.25525720787824796	0.20321054203764496
3070	-0.20694563357796367	-0.25899229941856666
3071	-0.05408116308389536	-0.10612782892449835
3072	-0.3255671309951132	-0.37761379683571616
3073	-0.06845509050305154	-0.12050175634365454
3074	-0.0027558900295895535	-0.054802555870192546
3075	0.011054098633320662	-0.040992567207282324
3076	-0.21368789275229116	-0.26573455859289413
3077	0.09545518764639849	0.0434085218057955
3078	-0.4525491736232512	-0.5045958394638542
3079	-0.13763653410285717	-0.18968319994346017
3080	0.06336506138974378	0.01131839554914079
3081	0.7589056223099463	0.7068589564693433
3082	-0.15473081868356228	-0.20677748452416528
3083	-0.13001933534521634	-0.18206600118581934
3084	-0.16011118850071987	-0.21215785434132287
3085	-0.4460264226211807	-0.49807308846178366
3086	-0.2214961199617249	-0.2735427858023279
3087	0.1368155928796643	0.0847689270390613
3088	-0.7942448132518893	-0.8462914790924924
3089	-0.05217188934738241	-0.1042185551879854
3090	-0.013197171219943408	-0.0652438370605464
3091	0.08227118498061138	0.030224519140008392
3092	0.012449704678078207	-0.039596961162524785
3093	-0.24890930339217945	-0.30095596923278245
3094	-0.2741962969147216	-0.32624296275532455
3095	0.21640123054932203	0.16435456470871904
3096	0.02824764800620771	-0.023799017834395277
3097	-0.4988610763680411	-0.5509077422086441
3098	-0.3697795398581011	-0.42182620569870405
3099	0.15215241370139818	0.10010574786079518
3100	-0.2561904948917686	-0.30823716073237156
3101	0.6889518697172632	0.6369052038766602
3102	0.4311407070334941	0.37909404119289114
3103	0.1996179874414764	0.1475713216008734
3104	-0.3370945359823037	-0.3891412018229067
3105	0.3223587922535102	0.27031212641290725
3106	0.46204632765097575	0.4099996618103728
3107	0.41121191769330284	0.3591652518526999
3108	0.05897995716416113	0.00693329132355814
3109	0.0411358602157226	-0.010910805624880386
3110	0.36621978135114125	0.3141731155105383
3111	-0.2123765523798172	-0.2644232182204202
3112	-0.5131396180335682	-0.5651862838741712
3113	-0.08363852345650735	-0.13568518929711035
3114	0.7726110119086348	0.7205643460680318
3115	0.28923639921550215	0.23718973337489915
3116	0.33974605483491926	0.2876993889943163
3117	-0.03726255246473427	-0.08930921830533725
3118	0.11983358097682856	0.06778691513622556
3119	0.12975151619492664	0.07770485035432365
3120	-0.12582548709005384	-0.17787215293065683
3121	-0.2955682383136281	-0.3476149041542311
3122	-0.46659326705735354	-0.5186399328979565
3123	-0.38801040596850955	-0.4400570718091125
3124	0.0879656695142963	0.03591900367369331
3125	0.4967003961642705	0.4446537303236675
3126	0.34382329508349585	0.2917766292428929
3127	-0.30736408625987655	-0.3594107521004795
3128	0.9049980661414895	0.8529514003008865
3129	0.3043475202293286	0.2523008543887256
3130	-0.19942657295516428	-0.2514732387957673
3131	0.22972558103022453	0.17767891518962153
3132	-0.37980995685526214	-0.4318566226958651
3133	0.03776978165584241	-0.014276884184760578
3134	-0.16656831627797078	-0.21861498211857378
3135	0.07841299971706026	0.026366333876457267
3136	-0.381323092848748	-0.43336975868935096
3137	-0.04170463746859403	-0.09375130330919701
3138	0.7415118828263404	0.6894652169857374
3139	-0.06927035146864007	-0.12131701730924305
3140	-0.4916828994709993	-0.5437295653116023
3141	0.73228361352472	0.680236947684117
3142	0.7413002320873323	0.6892535662467293
3143	0.08791619523189868	0.035869529391295694
3144	0.11102367610448788	0.05897701026388489
3145	0.17465655596177043	0.12260989012116744
3146	0.08953076162624826	0.03748409578564527
3147	-0.1927400409228828	-0.2447867067634858
3148	-0.3123560819777441	-0.3644027478183471
3149	0.34263755576986354	0.2905908899292606
3150	0.9962779888880099	0.9442313230474069
3151	0.5076719780498364	0.45562531220923347
3152	0.08526533985312915	0.03321867401252616
3153	0.31039683770100895	0.258350171860406
3154	-0.07736894955775221	-0.1294156153983552
3155	0.2043832596106382	0.1523365937700352
3156	0.46598063907575415	0.4139339732351512
3157	0.8675001125177761	0.8154534466771731
3158	-0.1586602452199836	-0.2107069110605866
3159	0.5820559740689901	0.5300093082283871
3160	-0.2035094286215129	-0.25555609446211586
3161	1.3806492056286412	1.3286025397880383
3162	0.007928562219742013	-0.04411810362086098
3163	-0.1970734728614976	-0.2491201387021006
3164	-0.26092034180966484	-0.3129670076502678
3165	0.14385033654795767	0.09180367070735468
3166	0.24431551044962205	0.19226884460901905
3167	-0.19184001167796236	-0.24388667751856535
3168	-0.2730356479905023	-0.32508231383110525
3169	-0.48687634189059864	-0.5389230077312016
3170	-0.41201135552754425	-0.4640580213681472
3171	0.37501363051635894	0.322966964675756
3172	0.1697627773545712	0.11771611151396821
3173	0.6521248821547297	0.6000782163141267
3174	-0.17547486215356756	-0.22752152799417055
3175	-0.2523935821993726	-0.30444024803997555
3176	0.9149660879687581	0.8629194221281551
3177	0.17045329662018732	0.11840663077958433
3178	-0.3214633329438904	-0.37350999878449337
3179	0.189210042818828	0.137163376978225
3180	0.3653778240541167	0.3133311582135137
3181	-0.21051072811906077	-0.26255739395966377
3182	-0.1521287296288915	-0.2041753954694945
3183	-0.046993521111321115	-0.0990401869519241
3184	-0.5307512717035826	-0.5827979375441856
3185	0.28079710255126145	0.22875043671065845
3186	-0.1524922381343849	-0.2045389039749879
3187	-0.9253054204990404	-0.9773520863396434
3188	-0.3790446152896001	-0.43109128113020306
3189	0.03670938761468391	-0.015337278225919078
3190	0.2536938775777171	0.2016472117371141
3191	0.7188245587955706	0.6667778929549676
3192	0.17571563366033785	0.12366896781973485
3193	-0.2746590396538784	-0.32670570549448136
3194	-0.10527403949382176	-0.15732070533442474
3195	-0.06488561240340848	-0.11693227824401148
3196	0.6126028532917254	0.5605561874511223
3197	0.3035728491344849	0.25152618329388193
3198	0.19802022253545762	0.14597355669485462
3199	0.6151715145378656	0.5631248486972625
3200	-0.5010403015909587	-0.5530869674315617
3201	0.3938646868198272	0.34181802097922426
3202	-0.29244593878829167	-0.34449260462889464
3203	-0.33471200281350455	-0.3867586686541075
3204	-0.1797802053045686	-0.2318268711451716
3205	0.3475694952555462	0.29552282941494323
3206	0.4892811239319928	0.43723445809138983
3207	-0.2506371232425068	-0.3026837890831098
3208	0.08837038497833627	0.03632371913773328
3209	0.49192709967216225	0.4398804338315593
3210	-0.19073902690258981	-0.2427856927431928
3211	0.02736138446731273	-0.02468528137329026
3212	-0.37212399340783986	-0.4241706592484428
3213	0.277219088131433	0.22517242229082998
3214	-0.16942032954698025	-0.22146699538758324
3215	-0.019281946320508038	-0.07132861216111103
3216	0.5917534581905781	0.5397067923499751
3217	0.2536626649954009	0.20161599915479791
3218	0.0981963323244191	0.04614966648381611
3219	-0.37324894335289305	-0.425295609193496
3220	-0.23152761965719082	-0.2835742854977938
3221	0.3811289868311591	0.3290823209905561
3222	0.08769962098720678	0.03565295514660379
3223	0.3527315490624937	0.30068488322189074
3224	-0.14131247660015347	-0.19335914244075647
3225	-0.34169573615696014	-0.3937424019975631
3226	0.6589204770001998	0.6068738111595968
3227	-0.11183123499467751	-0.1638779008352805
3228	-0.41306810070573036	-0.4651147665463333
3229	-0.21537032967809586	-0.26741699551869885
3230	-0.027819443120185777	-0.07986610896078877
3231	-0.29343195860692534	-0.3454786244475283
3232	0.5292802044512436	0.4772335386106406
3233	-0.12104667767059818	-0.17309334351120118
3234	-0.12963423460881154	-0.18168090044941454
3235	0.2444811779266514	0.1924345120860484
3236	-0.16632845349487557	-0.21837511933547857
3237	-0.23915649142698744	-0.29120315726759044
3238	-0.3496088165051521	-0.40165548234575504
3239	-0.19564610561481743	-0.24769277145542043
3240	-0.002540947489353136	-0.054587613329956125
3241	0.5499037526286902	0.4978570867880872
3242	0.026153189621433728	-0.02589347621916926
3243	0.12473023500999045	0.07268356916938745
3244	0.4728448438400907	0.4207981779994877
3245	-0.13726280537974272	-0.18930947122034572
3246	0.0894591720002401	0.037412506159637114
3247	0.3854545615184892	0.33340789567788626
3248	-0.3437710617505749	-0.3958177275911779
3249	-0.06283434290370403	-0.11488100874430701
3250	0.6220695023101221	0.5700228364695191
3251	-0.3232219985189253	-0.37526866435952827
3252	0.31985334189348075	0.2678066760528778
3253	-0.6773295226093465	-0.7293761884499496
3254	0.21450283714005303	0.16245617129945003
3255	0.1736734973575928	0.1216268315169898
3256	0.20104174945383158	0.14899508361322858
3257	-0.32061120942717153	-0.3726578752677745
3258	-0.29270599175757694	-0.3447526575981799
3259	-0.5322162611020032	-0.5842629269426062
3260	-0.4980699230761941	-0.550116588916797
3261	-0.1299142613015519	-0.1819609271421549
3262	-0.36828748066591077	-0.42033414650651374
3263	-0.16272035698779996	-0.21476702282840296
3264	0.5112024380453446	0.45915577220474163
3265	1.0259715971275996	0.9739249312869965
3266	-0.2227416042471983	-0.27478827008780127
3267	-0.0652886849802827	-0.1173353508208857
3268	0.1701489868598195	0.1181023210192165
3269	-0.2188583118107598	-0.2709049776513628
3270	-0.2238251937310238	-0.2758718595716268
3271	-0.6836697149771366	-0.7357163808177396
3272	-0.002546555495375736	-0.05459322133597873
3273	-0.5981281988223082	-0.6501748646629112
3274	-0.5013866486666382	-0.5534333145072412
3275	-0.17888264849229782	-0.23092931433290081
3276	-0.48505028369340486	-0.5370969495340079
3277	-0.33595938686894905	-0.388006052709552
3278	0.6488385375371826	0.5967918716965795
3279	-0.23517594392818428	-0.2872226097687873
3280	-0.16334267914566675	-0.21538934498626974
3281	0.24625571217597045	0.19420904633536745
3282	0.007686459036739358	-0.04436020680386363
3283	0.0632492960815567	0.011202630240953713
3284	0.20743270270291816	0.15538603686231517
3285	-0.12641840734259474	-0.17846507318319774
3286	0.3092747908940692	0.2572281250534662
3287	0.008817474004584356	-0.04322919183601863
3288	-0.3393061486770416	-0.3913528145176446
3289	0.01586749953188785	-0.036179166308715136
3290	0.20803636429618239	0.1559896984555794
3291	-0.6178970726976784	-0.6699437385382814
3292	0.15476154814714388	0.10271488230654088
3293	-0.42662939264119	-0.47867605848179295
3294	-0.09293802487329884	-0.14498469071390183
3295	-0.14894300182952527	-0.20098966767012827
3296	0.247413733983917	0.195367068143314
3297	-0.1613102681587199	-0.2133569339993229
3298	0.2062615000553352	0.1542148342147322
3299	-0.12394449081998599	-0.17599115666058898
3300	-0.2781100417717287	-0.3301567076123317
3301	-0.22177561455842695	-0.27382228039902995
3302	-0.042381617038058136	-0.09442828287866112
3303	-0.20064663471931557	-0.25269330055991857
3304	-0.5782828210494082	-0.6303294868900112
3305	-0.0159502941673315	-0.06799696000793448
3306	0.32978270779951147	0.2777360419589085
3307	-0.00993672601166359	-0.061983391852266576
3308	0.5883236797085337	0.5362770138679307
3309	0.1572926859681566	0.1052460201275536
3310	0.001023199881228884	-0.051023465959374105
3311	-0.32885356366130086	-0.38090022950190383
3312	-0.2288216967055118	-0.2808683625461148
3313	-0.5205217119616068	-0.5725683778022098
3314	0.31038866563807094	0.25834199979746797
3315	0.6460394896939377	0.5939928238533346
3316	-0.006492345256893312	-0.058539011097496305
3317	0.08826203381264273	0.036215367972039746
3318	0.5874537208359647	0.5354070549953617
3319	0.1347926737615509	0.08274600792094791
3320	-0.0020967304037430266	-0.05414339624434601
3321	0.30016011261657843	0.24811344677597544
3322	-0.0241511622489015	-0.07619782808950448
3323	0.018707629736822374	-0.03333903610378061
3324	-0.3019425196037075	-0.35398918544431046
3325	0.5493474193482745	0.4973007535076715
3326	-0.04098484391842493	-0.09303150975902792
3327	-0.05341650707142481	-0.10546317291202781
3328	-0.08796553738128407	-0.14001220322188707
3329	-0.19198400854735492	-0.24403067438795792
3330	-0.024593084141720227	-0.07663974998232322
3331	-0.17852952170803266	-0.23057618754863565
3332	-0.01402524963581222	-0.06607191547641521
3333	0.28251106962805045	0.23046440378744745
3334	-0.2124804066420935	-0.26452707248269647
3335	0.5599351371954104	0.5078884713548074
3336	-0.293699399807	-0.34574606564760296
3337	0.07964389937446759	0.027597233533864597
3338	-0.018752979089621216	-0.0707996449302242
3339	0.329586421035689	0.27753975519508606
3340	-0.23877700311939118	-0.2908236689599942
3341	-1.072163249509527	-1.12420991535013
3342	0.6791235708150762	0.6270769049744732
3343	-0.07182334027225855	-0.12387000611286153
3344	0.30300509945903753	0.25095843361843456
3345	0.36386108544959495	0.311814419608992
3346	0.3825681205406098	0.3305214547000068
3347	0.3985507396045392	0.3465040737639362
3348	-0.12555115949383622	-0.1775978253344392
3349	0.07318330173258318	0.021136635891980192
3350	-0.21937006306001178	-0.27141672890061475
3351	0.6566523308467381	0.6046056650061351
3352	0.07435053883544637	0.022303872994843384
3353	-0.1379907658850526	-0.1900374317256556
3354	0.31988234578620334	0.26783567994560037
3355	-0.5047426025325286	-0.5567892683731316
3356	-0.11270414956583388	-0.16475081540643688
3357	-0.01855440893616138	-0.07060107477676436
3358	1.4632689159012398	1.4112222500606368
3359	-0.3597527191102457	-0.41179938495084867
3360	0.9773725171007802	0.9253258512601772
3361	-0.01009021242419023	-0.06213687826479322
3362	-0.25723040839962463	-0.3092770742402276
3363	0.04776594669897609	-0.0042807191416269
3364	-0.8465517164905845	-0.8985983823311875
3365	-0.2893614875566608	-0.34140815339726377
3366	0.9608694821407467	0.9088228163001437
3367	0.38248521690629195	0.330438551065689
3368	0.16346503264559992	0.11141836680499692
3369	0.2796476477723933	0.22760098193179032
3370	-0.014410758504110631	-0.06645742434471362
3371	1.1917376388917946	1.1396909730511917
3372	0.1470140883646918	0.0949674225240888
3373	-0.3045788426274445	-0.35662550846804747
3374	0.33125436602481245	0.2792077001842095
3375	0.0645852910562324	0.012538625215629408
3376	-0.3731347981809582	-0.42518146402156115
3377	-0.12321510369918022	-0.1752617695397832
3378	-0.3503391050051779	-0.40238577084578087
3379	-0.11391814488740898	-0.16596481072801197
3380	0.6989106713092046	0.6468640054686016
3381	-0.2953406445750989	-0.34738731041570187
3382	0.4045977988863895	0.35255113304578656
3383	-0.13498018723425445	-0.18702685307485745
3384	-0.3874192346468082	-0.4394659004874112
3385	0.0998081560846063	0.047761490244003314
3386	-0.24368402060412173	-0.2957306864447247
3387	-0.040604185685972266	-0.09265085152657526
3388	0.19936220820347902	0.14731554236287603
3389	0.2379596506527545	0.18591298481215152
3390	-0.2932951224145385	-0.34534178825514145
3391	0.1943824616173982	0.1423357957767952
3392	-0.0362069116310754	-0.08825357747167839
3393	0.4307953694561526	0.37874870361554963
3394	0.7506975546897993	0.6986508888491962
3395	0.49579379773729076	0.4437471318966878
3396	0.18732814206134213	0.13528147622073913
3397	0.29460996604036616	0.24256330019976316
3398	0.801133260414926	0.749086594574323
3399	-0.38299394653992097	-0.43504061238052394
3400	-0.29439986271472535	-0.3464465285553283
3401	0.34300576560937396	0.290959099768771
3402	0.21936258685577562	0.16731592101517262
3403	0.21745019822786193	0.16540353238725894
3404	0.281091089521251	0.229044423680648
3405	0.9486860443719227	0.8966393785313197
3406	-0.21652832937955646	-0.26857499522015943
3407	-0.06565907134734865	-0.11770573718795163
3408	-0.2644460875091801	-0.31649275334978305
3409	0.5275102807533255	0.47546361491272254
3410	0.2981337668694253	0.24608710102882228
3411	-0.056289628526389635	-0.10833629436699263
3412	0.48258017952789206	0.4305335136872891
3413	0.36582240221899337	0.3137757363783904
3414	-0.027176701038309905	-0.07922336687891289
3415	0.24419069412965153	0.19214402828904853
3416	-0.1699554790447779	-0.2220021448853809
3417	-0.36343778798135096	-0.4154844538219539
3418	1.4193259340451043	1.3672792682045014
3419	0.04994893252497937	-0.002097733315623622
3420	0.07525941253323505	0.023212746692632062
3421	-0.6470626744667208	-0.6991093403073239
3422	0.2561039364906279	0.2040572706500249
3423	0.3840868674909485	0.33204020165034553
3424	0.147067306324101	0.09502064048349801
3425	-0.029951943014568154	-0.08199860885517114
3426	-0.1782916519459486	-0.2303383177865516
3427	0.8470429851433352	0.7949963193027322
3428	1.1172913549769286	1.0652446891363256
3429	-0.2625670150239982	-0.3146136808646012
3430	-0.35253472007382736	-0.4045813859144303
3431	0.23977448357696804	0.18772781773636504
3432	0.4189060046764242	0.3668593388358212
3433	0.29461633427068706	0.24256966843008407
3434	0.6514939628024882	0.5994472969618851
3435	-0.05334239627098808	-0.10538906211159108
3436	-0.09466147672738125	-0.14670814256798423
3437	0.21818625987484408	0.16613959403424108
3438	0.6742323779650059	0.6221857121244029
3439	-0.0591521393984491	-0.1111988052390521
3440	0.2561434466928081	0.2040967808522051
3441	0.2062593522768931	0.1542126864362901
3442	0.2504766787715141	0.1984300129309111
3443	-0.05465548916419316	-0.10670215500479616
3444	-0.19975797680267532	-0.2518046426432783
3445	0.20948954279927778	0.1574428769586748
3446	0.02565193348878392	-0.026394732351819068
3447	0.024824458466443673	-0.027222207374159316
3448	-0.4703623338427779	-0.522408999683381
3449	-0.47623885750291267	-0.5282855233435156
3450	-0.07157854150829386	-0.12362520734889684
3451	0.7014231961191079	0.6493765302785048
3452	0.1901232065797248	0.13807654073912182
3453	-0.21245337769170028	-0.2645000435323033
3454	-0.4462332405171929	-0.49827990635779584
3455	-0.23575585974313135	-0.2878025255837343
3456	-0.2579757974770468	-0.31002246331764977
3457	0.33994307903160537	0.2878964131910024
3458	0.05275585671595774	7.091908753547524e-4
3459	-0.07714346301842444	-0.12919012885902742
3460	0.6023575853765234	0.5503109195359204
3461	-0.3938303910971894	-0.4458770569377924
3462	-0.2633938200212134	-0.3154404858618164
3463	-0.07205987130388769	-0.12410653714449069
3464	-0.0429599787282825	-0.0950066445688855
3465	0.07968637774836548	0.027639711907762494
3466	0.11628896144205639	0.06424229560145339
3467	0.9419452383665355	0.8898985725259325
3468	0.49699775260009443	0.44495108675949147
3469	0.701893763509693	0.64984709766909
3470	0.536744260012573	0.48469759417197006
3471	0.1333536273893611	0.0813069615487581
3472	0.15007125619074785	0.09802459035014485
3473	0.6056897091618617	0.5536430433212587
3474	-0.3767301826242943	-0.4287768484648973
3475	0.3538209196889983	0.30177425384839535
3476	0.9084476581677069	0.8564009923271039
3477	-0.12104667767059818	-0.17309334351120118
3478	0.11365669362125652	0.06161002778065353
3479	0.34550139322933715	0.2934547273887342
3480	-0.29837441651114616	-0.3504210823517491
3481	0.534770002329867	0.4827233364892641
3482	0.3844249369750737	0.3323782711344707
3483	-0.12525448048899118	-0.17730114632959418
3484	-0.25744238056797497	-0.30948904640857794
3485	0.7062452910092716	0.6541986251686686
3486	-0.34816552422607794	-0.4002121900666809
3487	-0.006790497720342504	-0.058837163560945496
3488	0.21388116763082454	0.16183450179022155
3489	0.11879576270123207	0.06674909686062908
3490	-0.18952424402088797	-0.24157090986149096
3491	0.361310556650217	0.30926389080961403
3492	0.22843596605442698	0.17638930021382399
3493	-0.4451957322774008	-0.49724239811800375
3494	0.026517235073377773	-0.025529430767225216
3495	-0.0879623947555982	-0.1400090605962012
3496	-0.30563920920640547	-0.35768587504700844
3497	-0.4154079915723288	-0.4674546574129318
3498	0.16316495740358927	0.11111829156298628
3499	-0.016537393913987345	-0.06858405975459034
3500	0.011991988022258097	-0.04005467781834489
3501	0.020424825059732105	-0.03162184078087088
3502	-0.234100219314941	-0.286146885155544
3503	0.007300042112617335	-0.04474662372798566
3504	0.263855127275325	0.211808461434722
3505	0.08391430152054644	0.03186763567994345
3506	0.19162360299611492	0.13957693715551192
3507	0.06527260246150011	0.013225936620897126
3508	0.4283419319329405	0.37629526609233754
3509	0.221898737655201	0.169852071814598
3510	-0.1492743923778438	-0.20132105821844679
3511	-0.037264977052949955	-0.08931164289355295
3512	0.0501294526064579	-0.0019172132341450862
3513	0.4133276684569958	0.36128100261639284
3514	-0.3920194646115358	-0.4440661304521388
3515	-0.623552781073826	-0.675599446914429
3516	-0.41544750389100915	-0.4674941697316121
3517	0.22120101088389124	0.16915434504328825
3518	0.33816736567817063	0.28612069983756766
3519	-0.2923701171269109	-0.3444167829675139
3520	-0.30883393457218794	-0.3608806004127909
3521	-0.3736195828669647	-0.42566624870756764
3522	-0.03341127398214622	-0.08545793982274921
3523	0.15318392707261883	0.10113726123201583
3524	-0.11225523661846297	-0.16430190245906595
3525	0.10989951379729382	0.05785284795669083
3526	0.2610194748817284	0.2089728090411254
3527	0.2570157698575802	0.20496910401697718
3528	-0.31556238447731677	-0.36760905031791974
3529	0.4137685038437794	0.3617218380031764
3530	-0.26882921938831694	-0.3208758852289199
3531	0.0038211692832547627	-0.04822549655734823
3532	0.1902969906388579	0.13825032479825491
3533	0.05996771880280437	0.007921052962201379
3534	-0.48785033592123045	-0.5398970017618334
3535	0.48797278854258036	0.4359261227019774
3536	-0.3534896011294285	-0.4055362669700315
3537	0.44557443533923313	0.39352776949863016
3538	0.3994406130606373	0.3473939472200343
3539	0.5807484994962111	0.5287018336556081
3540	0.48225084538967117	0.4302041795490682
3541	-0.014023241687126395	-0.06606990752772939
3542	-0.11997425940831753	-0.17202092524892051
3543	0.24806185850677495	0.19601519266617196
3544	-0.07872652189501242	-0.13077318773561541
3545	-0.3300609806911053	-0.38210764653170826
3546	0.3757373365406179	0.32369067070001495
3547	-0.20849220512924768	-0.2605388709698507
3548	-0.00896782449864877	-0.061014490339251756
3549	0.1218485914691044	0.0698019256285014
3550	0.6108395860643668	0.5587929202237638
3551	-0.32600739319009664	-0.3780540590306996
3552	0.1521890437467081	0.10014237790610511
3553	0.04137475293340151	-0.01067191290720148
3554	-0.4473960680396264	-0.49944273388022936
3555	0.7304867103001146	0.6784400444595116
3556	0.1069427462644276	0.05489608042382461
3557	0.2120463193190326	0.1599996534784296
3558	-0.2645944243100588	-0.3166410901506618
3559	-0.4734568541565886	-0.5255035199971916
3560	0.09696402661545411	0.044917360774851124
3561	-0.18852821840664669	-0.24057488424724968
3562	-0.5045332438230024	-0.5565799096636054
3563	0.046044156464997196	-0.006002509375605793
3564	0.2018992752802449	0.1498526094396419
3565	0.01780465990654127	-0.03424200593406172
3566	0.2212780423632341	0.1692313765226311
3567	-0.5099822777283988	-0.5620289435690018
3568	0.11426162279188518	0.06221495695128219
3569	1.016297443555055	0.9642507777144519
3570	0.055334603411096514	0.003287937570493525
3571	-0.08582494466250899	-0.13787161050311197
3572	0.2707057196087025	0.2186590537680995
3573	-0.03747926986150199	-0.08952593570210499
3574	0.2624787736183375	0.2104321077777345
3575	0.3622000953219533	0.31015342948135033
3576	-0.5637204762005537	-0.6157671420411567
3577	-0.1695216891246975	-0.2215683549653005
3578	0.32677872775778116	0.2747320619171782
3579	0.3391124842337885	0.2870658183931855
3580	-0.06692367368804361	-0.11897033952864661
3581	-0.03840654174342972	-0.09045320758403272
3582	0.6656972819041096	0.6136506160635066
3583	-0.04835333678459351	-0.1004000026251965
3584	-0.07794450018300406	-0.12999116602360705
3585	-0.08877661463748658	-0.14082328047808956
3586	-0.07616731009446062	-0.12821397593506362
3587	0.3587432025188022	0.30669653667819924
3588	0.5563127094123663	0.5042660435717633
3589	0.1100714866961422	0.05802482085553921
3590	-0.5755032315202905	-0.6275498973608935
3591	-0.007241712325783405	-0.059288378166386393
3592	1.0589348717368796	1.0068882058962767
3593	0.09330132308487915	0.04125465724427616
3594	-0.4732202470289487	-0.5252669128695517
3595	-0.5716016726875406	-0.6236483385281436
3596	-0.2914765194776829	-0.34352318531828585
3597	-0.3936120687402353	-0.44565873458083827
3598	0.606583197529919	0.5545365316893159
3599	-0.30532112739348716	-0.3573677932340901
3600	0.1494369052110616	0.0973902393704586
3601	0.0382274051410393	-0.013819260699563692
3602	-0.2986549733626648	-0.35070163920326775
3603	0.0029959658418429146	-0.04905069999876008
3604	0.4445503859806096	0.3925037201400066
3605	0.3219517982418763	0.26990513240127334
3606	0.25781840047844784	0.20577173463784484
3607	0.3860914899084279	0.33404482406782493
3608	-0.27601521746251867	-0.32806188330312164
3609	-0.26840714409641114	-0.3204538099370141
3610	0.16556609458187463	0.11351942874127163
3611	0.4516062783946707	0.39955961255406774
3612	0.04572930356683394	-0.006317362273769049
3613	0.13721847708272336	0.08517181124212037
3614	0.6369110077792388	0.5848643419386358
3615	0.8011306622421541	0.7490839964015511
3616	0.020568989153225716	-0.031477676687377276
3617	-0.15307970333417087	-0.20512636917477386
3618	-0.28612903043908616	-0.33817569627968913
3619	-0.39474470362589126	-0.4467913694664942
3620	0.2599773222991978	0.2079306564585948
3621	0.10840414596503675	0.05635748012443376
3622	0.4474329143834925	0.3953862485428895
3623	-0.20599539845055487	-0.25804206429115784
3624	0.7621469492259101	0.7101002833853071
3625	-0.2815026611031493	-0.3335493269437523
3626	0.017616552771328373	-0.03443011306927461
3627	-0.16521950816576175	-0.21726617400636475
3628	-0.09415301258157911	-0.1461996784221821
3629	0.12401859616696007	0.07197193032635707
3630	0.08925089275291707	0.037204226912314085
3631	-0.13972815799931945	-0.19177482383992245
3632	0.24101998494770824	0.18897331910710524
3633	0.03992288760746318	-0.012123778233139808
3634	-0.17058744273644053	-0.22263410857704352
3635	-0.16941947731072293	-0.22146614315132593
3636	-0.09290482823168202	-0.144951494072285
3637	0.07287895806430107	0.020832292223698083
3638	-0.6570088793420934	-0.7090555451826964
3639	0.03178074861167611	-0.02026591722892688
3640	0.09639073935853801	0.04434407351793502
3641	-0.039073290851930766	-0.09111995669253375
3642	-0.31197811708359563	-0.3640247829241986
3643	-0.30768519638021585	-0.3597318622208188
3644	-0.12041423854419558	-0.17246090438479858
3645	-0.17083232023552444	-0.22287898607612744
3646	0.08639011195037945	0.03434344610977646
3647	0.5005744544578656	0.44852778861726267
3648	0.0462687995715582	-0.005777866269044786
3649	0.08170176567537016	0.02965509983476717
3650	0.09428858045130707	0.04224191461070408
3651	0.006415684807000287	-0.045630981033602705
3652	0.008953964080194037	-0.043092701760408955
3653	-0.2481996589243615	-0.3002463247649645
3654	0.4084517856718816	0.35640511983127865
3655	-0.3980784971804954	-0.4501251630210984
3656	0.4921756983436663	0.44012903250306334
3657	0.040734978496012694	-0.011311687344590295
3658	-0.05047692120907178	-0.10252358704967476
3659	0.08170963496498285	0.029662969124379858
3660	-0.009637269413486412	-0.0616839352540894
3661	0.1366836292698012	0.08463696342919821
3662	-0.524009367299296	-0.5760560331398991
3663	0.08921051875834776	0.03716385291774477
3664	0.034450922340274415	-0.017595743500328574
3665	0.48941384305734753	0.43736717721674456
3666	-0.11128794455850334	-0.16333461039910632
3667	-0.20584221903270652	-0.2578888848733095
3668	0.16088931967778108	0.10884265383717809
3669	-0.12540516653109862	-0.17745183237170162
3670	0.289123557765888	0.237076891925285
3671	-0.02280598008288105	-0.07485264592348403
3672	0.13758760574302975	0.08554093990242675
3673	0.5747899635737128	0.5227432977331098
3674	0.7506975546897993	0.6986508888491962
3675	0.13680833748493673	0.08476167164433374
3676	-0.0862387466006667	-0.13828541244126968
3677	0.03214893141534256	-0.01989773442526043
3678	0.557045515712854	0.504998849872251
3679	0.5609687358984015	0.5089220700577984
3680	-0.46285270435799286	-0.5148993701985959
3681	0.02792116667955725	-0.024125499161045737
3682	-0.15653210010966134	-0.20857876595026434
3683	0.09949627036537895	0.04744960452477596
3684	0.5103258265682656	0.45827916072766267
3685	0.19510489045525314	0.14305822461465015
3686	0.3977213164914384	0.3456746506508354
3687	0.6108367017673566	0.5587900359267536
3688	0.5100474990276491	0.45800083318704615
3689	0.03780572220205457	-0.014240943638548421
3690	-0.03547367798122484	-0.08752034382182783
3691	0.21929806983971406	0.16725140399911106
3692	-0.01387699304486713	-0.06592365888547012
3693	0.028946406766776688	-0.0231002590738263
3694	-0.07153443006486951	-0.1235810959054725
3695	0.06803635607898852	0.015989690238385527
3696	-0.32314303793432414	-0.3751897037749271
3697	-0.002080302400414919	-0.05412696824101791
3698	1.1016866880990066	1.0496400222584037
3699	0.501807512648317	0.44976084680771405
3700	-0.12462512926751254	-0.17667179510811554
3701	-0.12021366305334222	-0.1722603288939452
3702	-0.0269729747413973	-0.07901964058200028
3703	-0.2852934418427802	-0.3373401076833832
3704	-0.2340186661936358	-0.2860653320342388
3705	-0.2582934273256625	-0.3103400931662655
3706	-0.11464304127956862	-0.16668970712017162
3707	0.6623684959351638	0.6103218300945608
3708	-0.08429774309828565	-0.13634440893888863
3709	0.08934368772981746	0.03729702188921447
3710	-0.32169649606032197	-0.37374316190092494
3711	-0.12171036959118689	-0.17375703543178989
3712	0.15903919544475575	0.10699252960415276
3713	0.17289830253287114	0.12085163669226814
3714	0.18204563827343054	0.12999897243282754
3715	-0.3122032016490479	-0.3642498674896509
3716	0.46535385122255857	0.4133071853819556
3717	0.24578423389329748	0.1937375680526945
3718	-0.25199559247881703	-0.30404225831942
3719	0.485412060587364	0.43336539474676106
3720	0.4985196139014894	0.44647294806088644
3721	-0.13649624215023712	-0.18854290799084011
3722	0.4371665639366307	0.38511989809602776
3723	-0.33283217214275207	-0.38487883798335504
3724	0.3900759246755952	0.33802925883499224
3725	-0.7470773982610811	-0.7991240641016841
3726	0.3696626314666874	0.3176159656260844
3727	0.3826413408653026	0.33059467502469964
3728	0.07146312991414266	0.019416464073539676
3729	0.03967872365419098	-0.01236794218641201
3730	0.0651563414088919	0.01310967556828891
3731	-0.19539610510516886	-0.24744277094577186
3732	-0.3353037893026227	-0.3873504551432257
3733	-0.4295087014542026	-0.4815553672948056
3734	0.011476479057914078	-0.04057018678268891
3735	0.7415118828263404	0.6894652169857374
3736	-0.447908093194092	-0.499954759034695
3737	0.1480359498641801	0.09598928402357709
3738	0.22504171932822878	0.17299505348762578
3739	0.19657924601465024	0.14453258017404724
3740	0.5267152481966773	0.4746685823560743
3741	-0.45806545029526746	-0.5101121161358705
3742	-0.3013863233445745	-0.35343298918517746
3743	-0.008490658872778167	-0.060537324713381156
3744	0.16164584579890492	0.10959917995830193
3745	0.16944786650555096	0.11740120066494797
3746	-0.029610078833033526	-0.08165674467363651
3747	-0.21648045853224548	-0.2685271243728485
3748	0.3324091657769339	0.28036249993633094
3749	0.07332037368174073	0.02127370784113774
3750	0.025657476132662064	-0.026389189707940925
3751	0.2888299859130956	0.23678332007249261
3752	0.19229951241699272	0.14025284657638973
3753	-0.1086593292237773	-0.1607059950643803
3754	-0.22946064581814685	-0.2815073116587498
3755	-0.025331075569581887	-0.07737774141018487
3756	-0.3289738862063719	-0.3810205520469749
3757	0.6109926388740294	0.5589459730334264
3758	0.7425088711274909	0.6904622052868878
3759	0.2316457462515997	0.1795990804109967
3760	0.05393572375916182	0.0018890579185588327
3761	0.23461121403618682	0.18256454819558382
3762	-0.14073883974532556	-0.19278550558592855
3763	-0.2198226046435736	-0.2718692704841766
3764	-0.046233654727392014	-0.098280320567995
3765	-0.11950630311820237	-0.17155296895880537
3766	0.21581961006867786	0.16377294422807487
3767	0.08449994268865856	0.032453276848055566
3768	0.7626809708739212	0.7106343050333181
3769	0.7355576458369633	0.6835109799963602
3770	0.30765998216201823	0.25561331632141526
3771	1.051942540777295	0.9998958749366921
3772	-0.2702722688505747	-0.32231893469117767
3773	0.028285962783038503	-0.023760703057564486
3774	0.3398777147309549	0.28783104889035194
3775	-0.6120452484086027	-0.6640919142492058
3776	-0.3853645659420939	-0.43741123178269686
3777	-0.029679186751763155	-0.08172585259236614
3778	0.03934126533626016	-0.01270540050434283
3779	0.3874300868314424	0.33538342099083945
3780	0.5510199807816766	0.4989733149410736
3781	0.2819783693439411	0.2299317035033381
3782	0.10928136335689559	0.0572346975162926
3783	-0.1894617658802739	-0.2415084317208769
3784	-0.30790669353936323	-0.3599533593799662
3785	-0.06181973441581397	-0.11386640025641695
3786	-0.4162561466131522	-0.46830281245375516
3787	-0.20503607833609222	-0.2570827441766952
3788	-0.511919048319349	-0.563965714159952
3789	-0.16777968485201386	-0.21982635069261686
3790	0.3396047430647839	0.2875580772241809
3791	1.0964436573761556	1.0443969915355527
3792	0.5960928184812321	0.544046152640629
3793	0.22289184256051506	0.17084517671991206
3794	-0.39487204286281646	-0.44691870870341943
3795	-0.4800527113932038	-0.5320993772338068
3796	-0.34957034971798295	-0.4016170155585859
3797	0.2246655515685199	0.1726188857279169
3798	0.3208864874955348	0.2688398216549318
3799	-0.6295012271884162	-0.6815478930290192
3800	0.11881673382362293	0.06677006798301993
3801	-0.564899241972451	-0.616945907813054
3802	-0.013757338416728172	-0.06580400425733116
3803	-0.17853038257030157	-0.23057704841090457
3804	0.6460757728557631	0.5940291070151601
3805	-0.24175615025824085	-0.29380281609884384
3806	-0.18405626395727348	-0.23610292979787648
3807	-0.4487235916736592	-0.5007702575142622
3808	0.03639794884709312	-0.01564871699350987
3809	0.33174774488821496	0.279701079047612
3810	-0.11780471088157468	-0.16985137672217768
3811	-0.5094209523659861	-0.5614676182065891
3812	0.11341963686781167	0.061372971027208685
3813	0.4851539289109951	0.43310726307039216
3814	0.10101039365704179	0.0489637278164388
3815	-0.24414290809498043	-0.29618957393558343
3816	0.17308381759353347	0.12103715175293048
3817	0.039168985270260304	-0.012877680570342685
3818	-0.28135585500188726	-0.3334025208424902
3819	-0.015839635574441967	-0.06788630141504495
3820	-0.19575967793942722	-0.24780634378003022
3821	0.3458349689259123	0.29378830308530934
3822	-0.295326845371599	-0.34737351121220195
3823	0.01689845843998181	-0.035148207400621176
3824	-0.041522556982874624	-0.09356922282347761
3825	-0.452987633798549	-0.505034299639152
3826	0.013191311691997182	-0.0388553541486058
3827	0.130322836932826	0.07827617109222301
3828	0.17658366781542423	0.12453700197482123
3829	0.46653644865678623	0.41448978281618326
3830	0.2887491763629634	0.23670251052236038
3831	-0.08601608803073588	-0.13806275387133887
3832	0.01582573410400918	-0.03622093173659381
3833	-0.49796500350134204	-0.550011669341945
3834	-0.05804585802085925	-0.11009252386146223
3835	-0.1410863689991809	-0.1931330348397839
3836	-0.31918721567723013	-0.3712338815178331
3837	-0.4322287324691157	-0.48427539830971866
3838	0.540984754507681	0.48893808866707805
3839	0.5968074833244659	0.5447608174838628
3840	-0.12155095782346974	-0.17359762366407272
3841	-0.224253160434834	-0.276299826275437
3842	0.25781840047844784	0.20577173463784484
3843	0.17729989205394817	0.12525322621334517
3844	0.6392770152817927	0.5872303494411897
3845	-0.3322797864237409	-0.38432645226434387
3846	-0.03416233876518122	-0.0862090046057842
3847	0.7562966328021918	0.7042499669615888
3848	-0.16199805757760163	-0.21404472341820463
3849	-0.08698129972599145	-0.13902796556659444
3850	-0.6162660718031885	-0.6683127376437915
3851	0.007142744570754821	-0.04490392126984817
3852	-0.3058856304638131	-0.3579322963044161
3853	0.5222358021073293	0.47018913626672637
3854	-0.014135519582449014	-0.066182185423052
3855	-0.43968098581408055	-0.4917276516546835
3856	0.23490276440833127	0.18285609856772828
3857	-0.4610374688019563	-0.5130841346425593
3858	0.08357350634949207	0.03152684050888908
3859	0.06999465036349882	0.01794798452289583
3860	0.14239890503237465	0.09035223919177165
3861	-0.10598127815855687	-0.15802794399915987
3862	0.47388861093576135	0.4218419450951584
3863	0.5370441685912818	0.4849975027506788
3864	-0.24686723659078608	-0.29891390243138904
3865	0.6154371941990976	0.5633905283584946
3866	0.28114469497114775	0.22909802913054475
3867	-0.49597512798266047	-0.5480217938232634
3868	0.13032676172403998	0.07828009588343698
3869	0.5856877985932749	0.5336411327526719
3870	0.42904629602954264	0.37699963018893967
3871	-0.5591611492972753	-0.6112078151378784
3872	-0.17787441985460467	-0.22992108569520767
3873	-0.10221188053918709	-0.15425854637979008
3874	0.19242497086731702	0.14037830502671403
3875	0.006725719366488098	-0.04532094647411489
3876	0.9267835791539115	0.8747369133133085
3877	0.2689583711017816	0.21691170526117862
3878	-0.28009995531488624	-0.3321466211554892
3879	0.07345823323422661	0.02141156739362362
3880	0.11721290481007021	0.06516623896946722
3881	0.15533980387452406	0.10329313803392107
3882	-0.09491047897338993	-0.1469571448139929
3883	-0.0760042598926536	-0.12805092573325658
3884	0.1316741261579301	0.07962746031732709
3885	0.849667577013484	0.797620911172881
3886	0.5570662695392432	0.5050196036986402
3887	0.46115402556944773	0.40910735972884477
3888	-0.4760660316055207	-0.5281126974461237
3889	0.4742338002076854	0.42218713436708244
3890	0.3367519589781444	0.28470529313754145
3891	-0.17535955632774175	-0.22740622216834475
3892	1.2846002607542562	1.2325535949136532
3893	-0.3413689781152818	-0.39341564395588474
3894	-0.6780687776719639	-0.730115443512567
3895	1.0109784530954709	0.9589317872548678
3896	0.593798982006127	0.541752316165524
3897	-0.16150155381377676	-0.21354821965437976
3898	-0.1713350660283114	-0.22338173186891438
3899	-0.06399569036907739	-0.11604235620968037
3900	-0.5213584948809219	-0.5734051607215249
3901	-0.2843530490741129	-0.3363997149147159
3902	-0.639986234917799	-0.6920329007584021
3903	0.043483715987360325	-0.008562949853242664
3904	0.42813384470761784	0.37608717886701487
3905	0.3458481141742002	0.2938014483335972
3906	-0.19607386774820448	-0.24812053358880748
3907	-0.3804333039108849	-0.4324799697514879
3908	0.04068927462422846	-0.01135739121637453
3909	-0.19689760060168854	-0.24894426644229153
3910	0.378682588714832	0.32663592287422905
3911	-0.01793786344925322	-0.06998452928985621
3912	-0.8716137710905818	-0.9236604369311848
3913	-0.16980262585646386	-0.22184929169706685
3914	0.7330999770427349	0.6810533112021319
3915	0.32339580248148436	0.2713491366408814
3916	0.41806578794332844	0.36601912210272547
3917	0.042098530552070315	-0.009948135288532674
3918	-0.2877501148593541	-0.33979678069995706
3919	0.4911574111319518	0.43911074529134886
3920	-0.310115569196219	-0.362162235036822
3921	-0.4208484282678692	-0.4728950941084722
3922	-0.29840156116777977	-0.35044822700838274
3923	0.7173351114877471	0.6652884456471441
3924	0.7893676821714457	0.7373210163308427
3925	-0.5005634637663984	-0.5526101296070014
3926	0.30115437518751176	0.24910770934690876
3927	-0.3043792679980476	-0.35642593383865057
3928	0.4414655425575936	0.38941887671699066
3929	0.584482808796174	0.532436142955571
3930	0.34080772133300496	0.288761055492402
3931	-0.47963879230653345	-0.5316854581471364
3932	0.694414281255406	0.642367615414803
3933	-0.3927288119753626	-0.44477547781596555
3934	0.33143147856945676	0.2793848127288538
3935	-0.5507874134987837	-0.6028340793393867
3936	-0.019933335548499145	-0.07198000138910213
3937	-0.17240665046330286	-0.22445331630390586
3938	0.22453453932117898	0.17248787348057598
3939	0.006568989185890283	-0.04547767665471271
3940	-0.4181378869529273	-0.4701845527935303
3941	0.05003038595929754	-0.002016279881305448
3942	-0.7935786928388766	-0.8456253586794796
3943	0.27848726246652744	0.22644059662592445
3944	0.2549310541208423	0.20288438828023933
3945	0.23612277253622935	0.18407610669562635
3946	0.7843738889575468	0.7323272231169438
3947	0.15138592773786258	0.09933926189725958
3948	0.3792958983471889	0.32724923250658594
3949	0.43623973590744947	0.3841930700668465
3950	-0.2895889473680485	-0.3416356132086515
3951	-0.35428216631446585	-0.4063288321550688
3952	0.3265420286380818	0.2744953627974788
3953	-0.3676300362225892	-0.4196767020631922
3954	0.31942071473154093	0.26737404889093797
3955	0.4933093816991589	0.4412627158585559
3956	-0.13296185885893796	-0.18500852469954096
3957	-0.2984878256113475	-0.3505344914519505
3958	-0.35554339814232827	-0.40759006398293124
3959	-0.06671593472012763	-0.11876260056073062
3960	-0.9393051680285426	-0.9913518338691456
3961	0.10609046833049676	0.05404380248989377
3962	0.27202562972357097	0.21997896388296798
3963	0.4953894596058524	0.44334279376524943
3964	0.7308242086997181	0.6787775428591151
3965	-0.20952116484198574	-0.2615678306825887
3966	0.007956584997940563	-0.04409008084266243
3967	-0.03124304745609729	-0.08328971329670028
3968	0.6813081078864109	0.6292614420458079
3969	0.3130707531186058	0.26102408727800286
3970	0.560552637626961	0.5085059717863579
3971	0.29479350537705745	0.24274683953645446
3972	0.31740971529397966	0.2653630494533767
3973	-0.347884355192101	-0.39993102103270395
3974	3.789733871027018e-5	-0.05200876850189272
3975	-0.07048828332876708	-0.12253494916937008
3976	-0.30178549139159744	-0.3538321572322004
3977	0.01833489174642437	-0.03371177409417862
3978	0.24139303420188776	0.18934636836128477
3979	-0.33512982437090155	-0.3871764902115045
3980	-0.35288724555963286	-0.4049339114002358
3981	-0.11124119185354356	-0.16328785769414655
3982	0.5398944669281494	0.4878478010875464
3983	0.019875296141632946	-0.03217136969897004
3984	0.1334058831956293	0.0813592173550263
3985	-0.10544802852735284	-0.15749469436795582
3986	-0.691195057750141	-0.743241723590744
3987	-0.11900613495048776	-0.17105280079109075
3988	0.05857503800057143	0.006528372159968439
3989	-0.4252124974132209	-0.4772591632538239
3990	0.9613271259637246	0.9092804601231216
3991	0.46322680565516644	0.41118013981456347
3992	-0.006150945301555563	-0.05819761114215855
3993	0.20094343474955137	0.14889676890894837
3994	-0.6318871911504206	-0.6839338569910236
3995	0.5732620724363503	0.5212154065957473
3996	-0.10717715445614516	-0.15922382029674814
3997	0.3434142782587393	0.29136761241813636
3998	0.05404673350388807	0.002000067663285081
3999	-0.0730245821332905	-0.1250712479738935
4000	-0.2721186283908064	-0.3241652942314094
4001	0.48791070773119044	0.4358640418905875
4002	0.12558219252943043	0.07353552668882743
4003	0.3770844944358652	0.32503782859526226
4004	-0.5883002229030277	-0.6403468887436308
4005	0.28457588900121505	0.23252922316061206
4006	0.3101554545029089	0.2581087886623059
4007	0.30376223413034364	0.2517155682897407
4008	0.06528401801089094	0.013237352170287951
4009	0.5138230096799036	0.4617763438393006
4010	-0.17022164617959423	-0.22226831202019723
4011	0.02623130082506404	-0.02581536501553895
4012	0.10434127548664568	0.05229460964604269
4013	-0.19539610510516886	-0.24744277094577186
4014	0.3489437480957728	0.2968970822551698
4015	0.27572906233077105	0.22368239649016805
4016	0.2440051011017648	0.1919584352611618
4017	0.5105602078566773	0.45851354201607436
4018	0.11702316157250536	0.06497649573190237
4019	-0.6167877872318379	-0.6688344530724409
4020	0.11835336379029496	0.06630669794969196
4021	1.121162087735567	1.0691154218949641
4022	-0.30285945437918316	-0.3549061202197861
4023	-0.2418503864210806	-0.29389705226168356
4024	0.13750442007042252	0.08545775422981952
4025	0.43088696141328187	0.3788402955726789
4026	0.3478720487894185	0.29582538294881555
4027	-0.47296820505990095	-0.5250148709005039
4028	-0.10978782615006523	-0.1618344919906682
4029	-0.21102534627761785	-0.26307201211822084
4030	-0.1608304359973855	-0.2128771018379885
4031	0.8954334088935831	0.8433867430529801
4032	0.2245545477293859	0.1725078818887829
4033	0.5653889633707381	0.513342297530135
4034	-0.2935158343596169	-0.3455625002002199
4035	0.05022875280578437	-0.0018179130348186176
4036	0.8074852623276871	0.7554385964870841
4037	0.3652553027319053	0.31320863689130235
4038	-0.20090396716845219	-0.2529506330090552
4039	-0.25620488946225084	-0.3082515553028538
4040	0.5149783663214439	0.4629317004808409
4041	-0.14362818153034243	-0.19567484737094543
4042	0.179076954697144	0.127030288856541
4043	-0.39078720175135856	-0.4428338675919615
4044	0.24240663718656277	0.19035997134595978
4045	-0.4239861799371675	-0.47603284577777044
4046	0.7736490946373379	0.7216024287967349
4047	-0.10853124252018002	-0.160577908360783
4048	-0.29109395433595725	-0.3431406201765602
4049	0.4833240611503505	0.4312773953097475
4050	0.3009602746777301	0.24891360883712713
4051	0.5937918069028228	0.5417451410622198
4052	0.27750569171540035	0.22545902587479735
4053	0.39312663654903374	0.34107997070843077
4054	-0.2742257545960029	-0.32627242043660587
4055	-0.14152798835867317	-0.19357465419927616
4056	-0.28426897132855955	-0.3363156371691625
4057	-0.33099632591934686	-0.3830429917599498
4058	-0.2910166621082318	-0.34306332794883476
4059	-0.44319323586050036	-0.4952399017011033
4060	0.23547752930023166	0.18343086345962867
4061	-0.11346757967332746	-0.16551424551393046
4062	-0.3314548706617634	-0.38350153650236635
4063	0.13020392590083776	0.07815726006023477
4064	-0.15894626557412248	-0.21099293141472547
4065	0.17298140101316595	0.12093473517256295
4066	0.9452039518377031	0.8931572859971001
4067	-0.3736389354595826	-0.42568560130018557
4068	0.8449587439151053	0.7929120780745023
4069	0.3727884459130971	0.32074178007249415
4070	0.07187721454669535	0.01983054870609236
4071	-0.13053685311902286	-0.18258351895962585
4072	-0.02394561750110907	-0.07599228334171206
4073	-0.08002034584002286	-0.13206701168062585
4074	-0.30862826788957565	-0.3606749337301786
4075	-0.29198102893995365	-0.3440276947805566
4076	0.23589062674277936	0.18384396090217636
4077	0.15715975450550893	0.10511308866490593
4078	0.8872147035693921	0.8351680377287891
4079	-0.13716615894436693	-0.18921282478496992
4080	-0.04207097228700503	-0.09411763812760801
4081	0.2645892934678061	0.21254262762720308
4082	0.35568622286951146	0.3036395570289085
4083	-0.1319705302601561	-0.1840171961007591
4084	-0.36097960103127347	-0.41302626687187644
4085	0.17377745060550287	0.12173078476489987
4086	-0.30251553648931706	-0.35456220232992003
4087	-0.34552069609636926	-0.39756736193697223
4088	-0.5185460262102015	-0.5705926920508045
4089	-0.04307371534725202	-0.09512038118785501
4090	0.07691637978361508	0.024869713943012094
4091	-0.18833738834096922	-0.24038405418157222
4092	0.3829767145671411	0.33093004872653814
4093	0.35347242830335696	0.301425762462754
4094	-0.17702397613145415	-0.22907064197205715
4095	0.20942702180837006	0.15738035596776706
4096	0.7740564270306125	0.7220097611900095
4097	0.16256433015328448	0.11051766431268148
4098	-0.12841978489715658	-0.18046645073775958
4099	0.19321948996979824	0.14117282412919524
4100	-0.10863264788720892	-0.1606793137278119
4101	0.4071155700933113	0.3550689042527083
4102	0.16010130310781784	0.10805463726721484
4103	0.10441518644779019	0.0523685206071872
4104	-0.18432706838064083	-0.23637373422124383
4105	-0.3529631905627872	-0.40500985640339016
4106	-0.4398968757119906	-0.49194354155259357
4107	-0.1731187031777576	-0.2251653690183606
4108	0.17680728962083092	0.12476062378022792
4109	0.055361681751998654	0.003315015911395665
4110	-0.2316063834026096	-0.2836530492432126
4111	-0.1130216541339653	-0.16506831997456828
4112	-0.147500718836654	-0.199547384677257
4113	0.003188254829952674	-0.04885841101065032
4114	-0.06054915443307135	-0.11259582027367435
4115	0.08610823014260116	0.03406156430199817
4116	-0.08219624704266239	-0.13424291288326537
4117	0.20521444462809876	0.15316777878749577
4118	-0.11596034910477511	-0.1680070149453781
4119	0.9101196723051064	0.8580730064645034
4120	-0.2798301237043273	-0.3318767895449303
4121	0.08657650223144424	0.03452983639084125
4122	-0.5484954626877239	-0.6005421285283269
4123	0.11979970196508097	0.06775303612447797
4124	0.6411990558633932	0.5891523900227902
4125	0.4869943441572537	0.4349476783166507
4126	-0.27743053984914323	-0.3294772056897462
4127	-0.40406278986060934	-0.4561094557012123
4128	0.18329666089573166	0.13124999505512866
4129	-0.061589750524288944	-0.11363641636489194
4130	0.16427150158725445	0.11222483574665146
4131	-0.015303202300499455	-0.06734986814110244
4132	-0.5046508146905082	-0.5566974805311112
4133	0.4341285880608418	0.38208192222023885
4134	-0.10723605309446302	-0.15928271893506601
4135	0.19412656692572372	0.14207990108512072
4136	-0.11540062580745462	-0.1674472916480576
4137	0.22534273718263145	0.17329607134202846
4138	0.1577915898718402	0.1057449240312372
4139	0.5953072984982176	0.5432606326576146
4140	-0.09295675597665837	-0.14500342181726136
4141	0.2370410871938767	0.1849944213532737
4142	1.0817713354769554	1.0297246696363525
4143	-0.5165922319225318	-0.5686388977631348
4144	-0.15906917241314164	-0.21111583825374464
4145	-0.27137806242469775	-0.3234247282653007
4146	0.34383765484256373	0.29179098900196077
4147	-0.15970529391020893	-0.21175195975081193
4148	-0.21207594860505596	-0.26412261444565893
4149	-0.3537330820099641	-0.4057797478505671
4150	0.8986409727328256	0.8465943068922226
4151	0.10205449565424035	0.05000782981363736
4152	-0.3422625121529957	-0.39430917799359866
4153	0.16012697550348245	0.10808030966287946
4154	0.3880747698566391	0.3360281040160361
4155	0.09127984888037173	0.03923318303976874
4156	-0.15451690775429447	-0.20656357359489746
4157	0.05876575206452278	0.0067190862239197915
4158	-0.09616392161029817	-0.14821058745090115
4159	0.21589588404022747	0.16384921819962447
4160	-0.09458974688169912	-0.1466364127223021
4161	-0.3840393207291535	-0.43608598656975645
4162	-0.11505192342364488	-0.16709858926424787
4163	0.396193313209682	0.344146647369079
4164	0.5293315793680291	0.47728491352742614
4165	-0.2910166621082318	-0.34306332794883476
4166	0.4144962393068968	0.3624495734662938
4167	0.12794265039595695	0.07589598455535396
4168	-0.04823222901713395	-0.10027889485773694
4169	-0.09393890069433763	-0.14598556653494063
4170	0.25163014451797777	0.19958347867737478
4171	-0.37827716855914106	-0.43032383439974403
4172	-0.47275355009705505	-0.524800215937658
4173	0.0793419485184686	0.027295282677865608
4174	-0.8493284977392477	-0.9013751635798507
4175	0.3770051924889225	0.32495852664831953
4176	0.41151855572301116	0.3594718898824082
4177	0.04835956367462385	-0.003687102165979138
4178	-0.11420696085987389	-0.1662536267004769
4179	0.23606834810886276	0.18402168226825977
4180	-0.1068803128793046	-0.1589269787199076
4181	-0.035682237524247304	-0.08772890336485029
4182	-0.5920767097853792	-0.6441233756259822
4183	0.06965594876164422	0.017609282921041226
4184	0.30158799361779304	0.24954132777719004
4185	0.20560458233229117	0.15355791649168818
4186	0.31705347497919606	0.2650068091385931
4187	-0.23600931704663983	-0.2880559828872428
4188	1.1453989183864628	1.0933522525458599
4189	0.23608311926113876	0.18403645342053576
4190	-0.05607988360016046	-0.10812654944076344
4191	-0.4800144992916452	-0.5320611651322482
4192	-0.04059386302977464	-0.09264052887037763
4193	0.01737086901405353	-0.03467579682654946
4194	-0.4287298675030415	-0.48077653334364445
4195	-0.4039962101296693	-0.45604287597027227
4196	0.5368526619088514	0.4848059960682484
4197	0.19498887185346273	0.14294220601285973
4198	-0.41663007987345335	-0.4686767457140563
4199	0.5837516401230028	0.5317049742823998
4200	-0.14112629972522103	-0.19317296556582403
4201	-0.5134598329724354	-0.5655064988130384
4202	0.09491706802696677	0.04287040218636378
4203	0.20162272825476713	0.14957606241416413
4204	-0.19368844216628361	-0.2457351080068866
4205	0.6331560536184444	0.5811093877778414
4206	-0.15257907074750643	-0.20462573658810942
4207	-0.14503824626010722	-0.19708491210071022
4208	0.4519181414949126	0.39987147565430964
4209	0.11583619417001426	0.06378952832941126
4210	0.22125775583760157	0.16921108999699858
4211	0.6102163429017816	0.5581696770611786
4212	-0.35782607614751794	-0.4098727419881209
4213	0.30175566752474225	0.24970900168413926
4214	0.28754094272039193	0.23549427687978894
4215	-0.17628481660096088	-0.22833148244156387
4216	0.19801912624383672	0.14597246040323372
4217	-0.15227749950664837	-0.20432416534725137
4218	0.37609150540719444	0.32404483956659147
4219	-0.485039654320645	-0.537086320161248
4220	0.3716663969100783	0.31961973106947533
4221	-0.3758262522690419	-0.4278729181096449
4222	0.3157892725259478	0.2637426066853448
4223	-0.1602462881201994	-0.2122929539608024
4224	0.4668659549697915	0.41481928912918853
4225	0.5293351767236331	0.4772885108830301
4226	0.09855412843659112	0.046507462595988126
4227	-0.17227670231896894	-0.22432336815957193
4228	0.02520372176507756	-0.02684294407552543
4229	0.018427635012151975	-0.03361903082845101
4230	-0.06603363342644494	-0.11808029926704794
4231	-0.12247355749258325	-0.17452022333318623
4232	-0.44516871690480964	-0.4972153827454126
4233	-0.15858865188259677	-0.21063531772319977
4234	0.02399213141396728	-0.02805453442663571
4235	-0.5792062200998569	-0.6312528859404599
4236	0.15678202242078257	0.10473535658017957
4237	0.202197861383306	0.150151195542703
4238	0.162379116708792	0.11033245086818899
4239	-0.7332129725150932	-0.7852596383556962
4240	-0.06449086590246356	-0.11653753174306655
4241	-0.21566717407650385	-0.26771383991710684
4242	-0.567954779615932	-0.620001445456535
4243	0.4958051626020526	0.44375849676144963
4244	0.05390850336241035	0.0018618375218073593
4245	-0.06591469552575759	-0.11796136136636057
4246	0.8021281726001087	0.7500815067595057
4247	0.7007018599611502	0.6486551941205472
4248	-0.1564979427527619	-0.2085446085933649
4249	-0.028646423604533306	-0.0806930894451363
4250	0.8631465303155328	0.8110998644749298
4251	0.6997225614306136	0.6476758955900106
4252	-0.06565907134734865	-0.11770573718795163
4253	0.6010835816796803	0.5490369158390773
4254	-0.2572746064131701	-0.3093212722537731
4255	0.07509810461442536	0.023051438773822368
4256	0.3904331549528729	0.33838648911226993
4257	0.3970587849203683	0.3450121190797653
4258	0.07387106093888622	0.021824395098283232
4259	0.2513716904670861	0.19932502462648308
4260	-0.026485568585786105	-0.0785322344263891
4261	-0.015444347579230543	-0.06749101341983353
4262	-0.20140380930503188	-0.25345047514563485
4263	-0.07733637336019135	-0.12938303920079433
4264	-0.11252793398401985	-0.16457459982462283
4265	0.17091650294659474	0.11886983710599175
4266	-0.30055442171134367	-0.35260108755194663
4267	0.221873191552706	0.169826525712103
4268	0.5857341241879327	0.5336874583473297
4269	-0.296588676106549	-0.34863534194715196
4270	-0.5118630379324587	-0.5639097037730617
4271	0.6296324911406345	0.5775858253000314
4272	-0.22850148146449573	-0.2805481473050987
4273	0.08457768810173885	0.03253102226113586
4274	-0.3805042344260778	-0.43255090026668075
4275	0.10174603568716384	0.04969936984656085
4276	0.7791824819131697	0.7271358160725667
4277	-0.30949233969509654	-0.3615390055356995
4278	-0.2130894542748757	-0.26513612011547866
4279	-0.3397146707453846	-0.39176133658598755
4280	0.6529480626299389	0.6009013967893359
4281	-0.09527708730357388	-0.14732375314417687
4282	-0.24918114536361358	-0.30122781120421654
4283	0.8457788485079984	0.7937321826673954
4284	-0.31929096965711534	-0.3713376354977183
4285	-0.32617200020615583	-0.3782186660467588
4286	-0.11804154712325063	-0.17008821296385362
4287	-0.2776995282540836	-0.3297461940946866
4288	0.3894076236851688	0.3373609578445658
4289	-0.13301105282867426	-0.18505771866927725
4290	-0.362699779461503	-0.41474644530210597
4291	0.21133886784169004	0.15929220200108704
4292	0.24498901234708534	0.19294234650648234
4293	0.3418109384744864	0.28976427263388344
4294	0.11546181605712069	0.0634151502165177
4295	0.2912349298861597	0.23918826404555668
4296	0.03394578125286653	-0.01810088458773646
4297	-0.22049542860538143	-0.27254209444598443
4298	0.14133417372814167	0.08928750788753867
4299	-0.3256665839152964	-0.37771324975589937
4300	0.19286987148080942	0.14082320564020642
4301	-0.1866171853702794	-0.2386638512108824
4302	-0.24662611735497617	-0.29867278319557916
4303	0.7596289598391389	0.7075822939985359
4304	-0.20064663471931557	-0.25269330055991857
4305	-0.2642528656414943	-0.3162995314820973
4306	-0.25064554188241345	-0.3026922077230164
4307	-0.0590428075605981	-0.1110894734012011
4308	0.222041102958176	0.169994437117573
4309	0.776240658193264	0.724193992352661
4310	0.21905020971400702	0.16700354387340402
4311	-0.2597446186579756	-0.31179128449857857
4312	-0.012907230532306153	-0.06495389637290915
4313	0.5628997318020681	0.5108530659614651
4314	0.15283625097151313	0.10078958513091013
4315	0.0744546677388942	0.02240800189829121
4316	-0.0021903069009137945	-0.05423697274151679
4317	6.346737479146596e-4	-0.05141199209268833
4318	0.7261058073624526	0.6740591415218495
4319	0.32011960722746435	0.2680729413868614
4320	0.009595994657666553	-0.04245067118293644
4321	-0.3334483772587021	-0.38549504309930505
4322	0.15979233475351473	0.10774566891291174
4323	-0.1478850315010724	-0.1999316973416754
4324	-0.33890494504796814	-0.3909516108885711
4325	-0.20475671460193803	-0.25680338044254103
4326	-0.019424064531937194	-0.07147073037254018
4327	-0.15792723558655822	-0.2099739014271612
4328	0.16694562850179853	0.11489896266119554
4329	0.33277285129583173	0.28072618545522876
4330	-0.3255163547928303	-0.3775630206334333
4331	0.2815178298226647	0.22947116398206172
4332	0.40895147384327024	0.3569048080026673
4333	0.5507486928210411	0.49870202698043814
4334	0.9397117138078289	0.8876650479672259
4335	-0.25637297088546385	-0.3084196367260668
4336	0.1550440844294672	0.10299741858886421
4337	0.4762554696545633	0.4242088038139603
4338	0.35421108746514635	0.3021644216245434
4339	-0.2033930079340551	-0.2554396737746581
4340	0.9115848705508635	0.8595382047102604
4341	-0.16464377375099776	-0.21669043959160075
4342	0.15835958872841288	0.10631292288780989
4343	-0.01910355982606809	-0.07115022566667108
4344	-0.044967786334890146	-0.09701445217549313
4345	-0.6617741385406987	-0.7138208043813017
4346	0.4631756343562905	0.41112896851568753
4347	0.1074770437452385	0.055430377904635515
4348	0.09999813816459127	0.04795147232398828
4349	0.4481218764198764	0.3960752105792734
4350	-0.03416233876518122	-0.0862090046057842
4351	0.07277203069764678	0.020725364857043786
4352	-0.7913970710760047	-0.8434437369166077
4353	-0.06804319568869953	-0.12008986152930251
4354	0.14022512730847558	0.08817846146787259
4355	-0.006373366674562571	-0.05842003251516556
4356	-0.36517681347782466	-0.4172234793184276
4357	-0.06780937108856465	-0.11985603692916763
4358	-0.025788198999790513	-0.07783486484039351
4359	0.12347526541660431	0.07142859957600131
4360	0.08418993138909424	0.03214326554849125
4361	0.1376946476316639	0.0856479817910609
4362	0.015502315983427332	-0.036544349857175654
4363	-0.4322287324691157	-0.48427539830971866
4364	0.24949955024804812	0.19745288440744513
4365	-0.7664100008962604	-0.8184566667368635
4366	-0.02482679407647213	-0.07687345991707512
4367	0.48671673043777924	0.4346700645971763
4368	0.9149352613628396	0.8628885955222366
4369	0.18510349636268753	0.13305683052208453
4370	0.4032842019828643	0.35123753614226133
4371	0.7219097673678779	0.6698631015272749
4372	-0.6702003931516098	-0.7222470589922129
4373	-0.3585649567875883	-0.4106116226281913
4374	-0.20589614490892819	-0.2579428107495312
4375	0.07032962323610517	0.018282957395502182
4376	-0.028956743252883537	-0.08100340909348652
4377	0.09224136845512661	0.04019470261452362
4378	-0.10880240425732457	-0.16084907009792757
4379	0.021052923019380995	-0.030993742821221994
4380	-0.316169917943901	-0.36821658378450395
4381	-0.3447643082985642	-0.39681097413916716
4382	-0.16809151152618654	-0.22013817736678953
4383	-0.11903944399920613	-0.17108610983980913
4384	0.1672516014486496	0.1152049356080466
4385	0.16879152049686486	0.11674485465626186
4386	-0.34186257728139674	-0.3939092431219997
4387	0.422891506156471	0.370844840315868
4388	-0.29109395433595725	-0.3431406201765602
4389	0.1857292756668021	0.13368260982619912
4390	-0.32446823663802277	-0.37651490247862573
4391	0.3280460427952415	0.27599937695463855
4392	0.6726810738273268	0.6206344079867238
4393	0.17920058639262573	0.12715392055202274
4394	-0.1860949454121092	-0.2381416112527122
4395	0.3570077600979424	0.3049610942573394
4396	-0.45589923033376134	-0.5079458961743644
4397	0.09021737739730676	0.03817071155670377
4398	0.3908603762500489	0.3388137104094459
4399	0.3971696837303992	0.3451230178897962
4400	-0.1903754870636186	-0.2424221529042216
4401	-0.2551446706021146	-0.30719133644271757
4402	-0.06592944132414984	-0.11797610716475282
4403	-0.3475276392471191	-0.39957430508772207
4404	-0.23058546166169266	-0.28263212750229566
4405	0.21696829823827946	0.16492163239767646
4406	0.554917968405925	0.502871302565322
4407	0.30898672777818803	0.25694006193758506
4408	0.33902915959584723	0.28698249375524426
4409	0.37019530165648945	0.3181486358158865
4410	-0.3982716419306448	-0.45031830777124776
4411	0.021833900422370118	-0.03021276541823287
4412	0.03835631133892296	-0.013690354501680026
4413	-0.556458803038902	-0.6085054688795051
4414	0.5897866884958908	0.5377400226552878
4415	0.18477464175086108	0.1327279759102581
4416	-0.10965745752847683	-0.16170412336907983
4417	-0.07409970119520902	-0.126146367035812
4418	-0.04053353177737007	-0.09258019761797306
4419	-0.015300227929743969	-0.06734689377034696
4420	0.046101237474044085	-0.005945428366558904
4421	-0.20534394681759796	-0.25739061265820096
4422	-0.020875782636276922	-0.07292244847687991
4423	0.24997607672722214	0.19792941088661914
4424	-0.2670350730617058	-0.3190817389023088
4425	-0.5222424045687157	-0.5742890704093188
4426	0.6613590901509848	0.6093124243103818
4427	-0.1391658310789995	-0.1912124969196025
4428	-0.3649321409893586	-0.4169788068299616
4429	0.0985295370061949	0.04648287116559192
4430	0.2707057196087025	0.2186590537680995
4431	-0.5217918438717892	-0.5738385097123923
4432	0.9318953995922795	0.8798487337516765
4433	-0.2604792018474412	-0.3125258676880442
4434	0.2970135690056808	0.24496690316507783
4435	-0.09225313164538157	-0.14429979748598457
4436	-0.3235995984773736	-0.37564626431797654
4437	-0.07428771855374787	-0.12633438439435085
4438	-0.5433997300539174	-0.5954463958945204
4439	0.7022050203003726	0.6501583544597695
4440	0.04024943667051725	-0.011797229170085737
4441	-0.23597290933220205	-0.288019575172805
4442	0.6447537084567978	0.5927070426161948
4443	-0.164099526676323	-0.216146192516926
4444	0.1325137253106991	0.08046705947009611
4445	-0.0092914593605148	-0.06133812520111779
4446	-0.3277156042081641	-0.37976227004876706
4447	0.06879872184988592	0.01675205600928293
4448	0.06928047016309116	0.017233804322488173
4449	-0.13310867273664853	-0.18515533857725153
4450	0.06066844333096588	0.008621777490362893
4451	0.4330145258617676	0.3809678600211646
4452	0.2711575682695215	0.21911090242891848
4453	-0.15732255739067677	-0.20936922323127977
4454	-0.06105660493138697	-0.11310327077198995
4455	0.26649784714391295	0.21445118130330995
4456	0.07159611444896588	0.019549448608362892
4457	0.15576860463826156	0.10372193879765856
4458	-0.4103889576535542	-0.4624356234941572
4459	-0.08587876042050224	-0.13792542626110524
4460	-0.12464814141259478	-0.17669480725319778
4461	0.22581667639368538	0.1737700105530824
4462	0.36506023777526914	0.31301357193466617
4463	0.9800942152178319	0.9280475493772289
4464	0.04182376864222799	-0.010222897198374999
4465	0.6788207812704163	0.6267741154298133
4466	0.610190426275353	0.55814376043475
4467	-0.2052370583141192	-0.25728372415472217
4468	0.7430221952484284	0.6909755294078254
4469	0.13204310274109113	0.07999643690048813
4470	-0.01861733725068461	-0.07066400309128759
4471	0.0204417329681203	-0.031604932872482686
4472	-0.6117820213396186	-0.6638286871802216
4473	-0.289842524637473	-0.341889190478076
4474	-0.5852021669049842	-0.6372488327455872
4475	0.6001731095652247	0.5481264437246217
4476	0.8145534913051602	0.7625068254645572
4477	0.23367348288925352	0.18162681704865052
4478	-0.18962499796243576	-0.24167166380303876
4479	-0.3001861851675057	-0.3522328510081087
4480	-0.39125600015465967	-0.44330266599526263
4481	0.03035212200733083	-0.02169454383327216
4482	0.034658209526300734	-0.017388456314302254
4483	0.11452520537887634	0.06247853953827335
4484	-0.19205323076907022	-0.2440998966096732
4485	-0.45139052558744003	-0.503437191428043
4486	-0.5344297890581557	-0.5864764548987588
4487	0.4041471712448683	0.35210050540426535
4488	-0.10868515971846364	-0.16073182555906662
4489	0.6760380003660055	0.6239913345254025
4490	-0.28757074011027833	-0.3396174059508813
4491	0.021476703147271705	-0.030569962693331284
4492	-0.06895407068453936	-0.12100073652514234
4493	-0.30114834963087445	-0.3531950154714774
4494	0.08218177234656908	0.03013510650596609
4495	0.21679589756799103	0.16474923172738803
4496	0.2797496681741737	0.2277030023335707
4497	-0.16203650535106806	-0.21408317119167106
4498	0.0094000721036227	-0.04264659373698029
4499	0.1500128602631999	0.09796619442259691
4500	-0.20916655970005202	-0.261213225540655
4501	0.17154953875149284	0.11950287291088985
4502	-0.3402300470801635	-0.3922767129207665
4503	0.37695641425677784	0.32490974841617487
4504	0.2660579143671741	0.21401124852657108
4505	0.04646198572513516	-0.005584680115467831
4506	-0.2165058047738678	-0.2685524706144708
4507	-0.27246858985727196	-0.3245152556978749
4508	0.2616825582941695	0.20963589245356648
4509	-0.6361286305885511	-0.6881752964291541
4510	0.03421811558532861	-0.017828550255274377
4511	0.6377928323933417	0.5857461665527387
4512	-0.3751624578278725	-0.42720912366847547
4513	-0.02682112616720899	-0.07886779200781198
4514	-0.3885320827379913	-0.44057874857859425
4515	0.414726588853583	0.36267992301298
4516	0.032420718037156585	-0.019625947803446404
4517	0.18863373820522986	0.13658707236462686
4518	-0.3939367679617516	-0.44598343380235456
4519	0.882350707176494	0.830304041335891
4520	-0.042895111386941784	-0.09494177722754477
4521	0.3715533185325618	0.3195066526919588
4522	-0.04431474930160025	-0.09636141514220324
4523	0.5913865440753864	0.5393398782347834
4524	-0.02726145109841633	-0.07930811693901932
4525	-0.24254929600788364	-0.29459596184848663
4526	0.013683394448384862	-0.03836327139221812
4527	-0.18755838742700576	-0.23960505326760875
4528	-0.6967036200759363	-0.7487502859165394
4529	-0.14747907758221113	-0.19952574342281412
4530	0.6241335173278855	0.5720868514872824
4531	0.3118725070432117	0.2598258412026087
4532	-0.024571959638490792	-0.07661862547909379
4533	0.12487812096140508	0.07283145512080208
4534	0.6711395793988816	0.6190929135582786
4535	1.10241285646426	1.050366190623657
4536	-0.12213421110067862	-0.17418087694128162
4537	-0.18216376163121184	-0.23421042747181484
4538	0.4826342091360097	0.4305875432954067
4539	-0.08278262327510963	-0.13482928911571262
4540	-0.303393084853813	-0.35543975069441597
4541	0.06388295100825804	0.011836285167655052
4542	-0.1403272853941039	-0.1923739512347069
4543	0.6864420173803726	0.6343953515397696
4544	-0.30540290140103044	-0.3574495672416334
4545	-0.11390965040174468	-0.16595631624234766
4546	0.20220818243705824	0.15016151659645524
4547	-0.35514551372719383	-0.4071921795677968
4548	-0.42204131511671095	-0.4740879809573139
4549	-0.009170162037846277	-0.061216827878449266
4550	0.15227452380964226	0.10022785796903927
4551	-0.07386762916788149	-0.12591429500848447
4552	0.42328054100481893	0.37123387516421597
4553	0.006956639225401521	-0.045090026615201464
4554	-0.06717499244940592	-0.11922165829000891
4555	-0.20921415921866018	-0.2612608250592632
4556	-0.14764597836416302	-0.199692644204766
4557	0.2177364985906246	0.1656898327500216
4558	-0.19055209720941652	-0.2425987630500195
4559	-0.10965745752847683	-0.16170412336907983
4560	-0.35986531974797187	-0.41191198558857484
4561	0.4474970107567838	0.3954503449161808
4562	0.36179508604965716	0.3097484202090542
4563	-0.35854734172965785	-0.4105940075702608
4564	0.150290519138937	0.09824385329833402
4565	-0.14611628003326976	-0.19816294587387276
4566	0.2713822453247218	0.21933557948411883
4567	-0.3416053898343166	-0.39365205567491957
4568	-0.08809866208048107	-0.14014532792108406
4569	-0.32357189521528595	-0.3756185610558889
4570	-0.10507245161348569	-0.15711911745408869
4571	-0.4255795048316769	-0.47762617067227986
4572	0.2817221344177861	0.2296754685771831
4573	-0.6695327322749867	-0.7215793981155897
4574	-0.1531886770957782	-0.20523534293638118
4575	0.290071772521187	0.238025106680584
4576	0.029723260539683796	-0.022323405300919193
4577	0.3219556807894416	0.2699090149488386
4578	-0.5370251938027757	-0.5890718596433787
4579	-0.95765808584097	-1.009704751681573
4580	-0.22380815630794237	-0.27585482214854534
4581	0.09981065069983786	0.047763984859234866
4582	-0.2223759907222406	-0.2744226565628436
4583	-0.4146568228516874	-0.4667034886922904
4584	-0.21513811895359092	-0.2671847847941939
4585	-0.3492086085347702	-0.40125527437537317
4586	0.260157888131794	0.20811122229119103
4587	0.048236748984022665	-0.003809916856580324
4588	-0.029487401336385367	-0.08153406717698836
4589	0.11672205869825794	0.06467539285765495
4590	-0.43847503256932996	-0.4905216984099329
4591	-0.23450977886275973	-0.2865564447033627
4592	0.35796172338131976	0.3059150575407168
4593	-0.2561887738891154	-0.30823543972971834
4594	0.09805933533833802	0.04601266949773503
4595	-0.3629461760179852	-0.41499284185858815
4596	0.33152101239475545	0.2794743465541525
4597	0.3646613048107586	0.3126146389701556
4598	-0.0902987378686218	-0.1423454037092248
4599	0.6727394145297488	0.6206927486891458
4600	-0.024526024711082763	-0.07657269055168575
4601	0.04929477643522652	-0.002751889405376469
4602	0.80151338675805	0.7494667209174469
4603	0.5552764638845322	0.5032297980439292
4604	-0.20790244485169565	-0.25994911069229865
4605	-0.135023459438115	-0.187070125278718
4606	0.1084520718133492	0.056405405972746216
4607	0.468021659435254	0.415974993594651
4608	-0.42984676461423826	-0.48189343045484123
4609	0.12874887876309363	0.07670221292249063
4610	0.028298977120178818	-0.02374768872042417
4611	-0.2330969298776604	-0.28514359571826337
4612	0.45921436845098473	0.40716770261038177
4613	-0.22456479294548112	-0.2766114587860841
4614	-0.4139083898647254	-0.46595505570532836
4615	0.032060037259007815	-0.019986628581595174
4616	-0.07029038878596158	-0.12233705462656458
4617	-0.20475671460193803	-0.25680338044254103
4618	0.566322865480379	0.514276199639776
4619	0.030426014074216922	-0.021620651766386067
4620	0.18970313341565997	0.13765646757505698
4621	0.4575505668453278	0.40550390100472483
4622	0.43536495019388777	0.3833182843532848
4623	-0.0730245821332905	-0.1250712479738935
4624	0.0814403580145085	0.029393692173905507
4625	-0.1854132053815591	-0.23745987122216208
4626	-0.7195467672596301	-0.7715934331002331
4627	0.22379184525718757	0.17174517941658457
4628	0.1672516014486496	0.1152049356080466
4629	-0.1514161638896021	-0.2034628297302051
4630	-0.3269516529769629	-0.37899831881756585
4631	-0.9370926224823668	-0.9891392883229698
4632	0.2947835831157947	0.24273691727519173
4633	-0.08750295255442861	-0.1395496183950316
4634	0.3791175169166413	0.32707085107603834
4635	-0.3342755632887559	-0.3863222291293589
4636	0.22264240389833048	0.1705957380577275
4637	0.15462880774526827	0.10258214190466527
4638	0.33862309475077357	0.2865764289101706
4639	-0.22001052725740486	-0.27205719309800785
4640	0.43530110533793587	0.3832544394973329
4641	-0.35009681587403035	-0.4021434817146333
4642	0.33024877240516776	0.2782021065645648
4643	-0.06449086590246356	-0.11653753174306655
4644	-0.4376059571966257	-0.4896526230372287
4645	0.28561730277067077	0.23357063693006777
4646	0.62274338784221	0.5706967220016069
4647	-0.34001258762079684	-0.3920592534613998
4648	-0.21527471689177033	-0.2673213827323733
4649	-0.2975346374406632	-0.3495813032812662
4650	0.04905880700031799	-0.0029878588402849973
4651	0.5042649442651962	0.4522182784245932
4652	0.18857011306105345	0.13652344722045046
4653	-0.517325169467211	-0.569371835307814
4654	-0.3623505617577977	-0.41439722759840064
4655	0.5855755591432904	0.5335288933026874
4656	0.29925621210393577	0.24720954626333277
4657	0.5264910446630634	0.47444437882246043
4658	0.04877688475225195	-0.003269781088351041
4659	0.9356574618593934	0.8836107960187903
4660	-0.012320612075571894	-0.06436727791617489
4661	-0.3701529536126488	-0.4221996194532518
4662	-0.3606938186078272	-0.41274048444843014
4663	-0.2360995069170347	-0.2881461727576377
4664	-0.3976507662467228	-0.44969743208732577
4665	0.0314377017977244	-0.02060896404287859
4666	-0.2628383469521104	-0.31488501279271336
4667	0.33060260731758084	0.2785559414769779
4668	-0.4970965717261853	-0.5491432375667883
4669	-0.2620138261066738	-0.31406049194727675
4670	-0.2841731843131481	-0.33621985015375105
4671	0.4232196723037343	0.37117300646313134
4672	0.7414694460041538	0.6894227801635507
4673	0.5882159966160502	0.5361693307754472
4674	0.05153737667574711	-5.09289164855882e-4
4675	0.3916839949664564	0.3396373291258534
4676	0.49929730701538494	0.44725064117478197
4677	-0.20548491491701856	-0.25753158075762156
4678	0.502810679040089	0.45076401319948606
4679	0.29776918967156357	0.24572252383096058
4680	0.07292352819154495	0.02087686235094196
4681	0.5587533999045275	0.5067067340639245
4682	0.04577009162083473	-0.006276574219768259
4683	-0.22782307188037376	-0.27986973772097673
4684	-0.049409735376964914	-0.10145640121756791
4685	-0.30146144092128635	-0.3535081067618893
4686	-0.261374636969099	-0.313421302809702
4687	0.09710405840799058	0.04505739256738759
4688	-0.03030832362961685	-0.08235498947021984
4689	-0.22415836778987594	-0.27620503363047894
4690	-0.07636038196223592	-0.1284070478028389
4691	-0.5062671091424992	-0.5583137749831022
4692	0.09856836922211606	0.046521703381513076
4693	-0.09188840090495297	-0.14393506674555595
4694	0.8135158057581906	0.7614691399175876
4695	0.1038197140507644	0.05177304821016141
4696	-0.12428865853756418	-0.17633532437816718
4697	-0.48382285494652144	-0.5358695207871245
4698	-0.010260578985863505	-0.06230724482646649
4699	-0.2715207918836851	-0.3235674577242881
4700	0.18390915544997194	0.13186248960936894
4701	0.338809511160617	0.28676284532001406
4702	-0.12197629482817461	-0.1740229606687776
4703	0.31078917115569843	0.25874250531509546
4704	-0.6246315911484833	-0.6766782569890863
4705	0.8095577794335099	0.7575111135929069
4706	0.19012494779208358	0.13807828195148059
4707	0.38582324055519374	0.33377657471459077
4708	-0.06814167833822644	-0.12018834417882943
4709	0.4924257954517471	0.4403791296111441
4710	0.2476145730084567	0.19556790716785372
4711	-0.37004251233603597	-0.42208917817663894
4712	0.40734513667022004	0.3552984708296171
4713	0.4138724139495075	0.36182574810890455
4714	0.9210973740525409	0.8690507082119379
4715	-0.36450551348981636	-0.4165521793304193
4716	-0.5183107967535309	-0.5703574625941339
4717	-0.1872705577568883	-0.2393172235974913
4718	-0.22984894733972389	-0.28189561318032685
4719	-0.25212155225404614	-0.3041682180946491
4720	0.06994090861084452	0.017894242770241535
4721	0.013947950696992981	-0.038098715143610004
4722	-0.1703471742168834	-0.22239384005748639
4723	1.253856479617458	1.2018098137768551
4724	-0.14747942150650947	-0.19952608734711247
4725	0.0905938615785065	0.038547195737903515
4726	0.5577075352195331	0.5056608693789301
4727	-0.03882119970799605	-0.09086786554859905
4728	-0.15229818736754352	-0.20434485320814652
4729	0.004984452763902528	-0.04706221307670046
4730	0.9438123971342747	0.8917657312936716
4731	-0.09628356053754757	-0.14833022637815055
4732	5.533599367424195e-4	-0.05149330590386057
4733	0.21798195983992283	0.16593529399931983
4734	0.11729131280660027	0.06524464696599727
4735	-0.07213755266773537	-0.12418421850833836
4736	0.033783973152749044	-0.018262692687853944
4737	-0.37824761274242685	-0.4302942785830298
4738	0.3822677495650795	0.3302210837244765
4739	-0.14647001146451796	-0.19851667730512096
4740	-0.2930841548821669	-0.34513082072276985
4741	-0.01029045552648129	-0.062337121367084275
4742	0.1426065109355299	0.0905598450949269
4743	0.5194041679191052	0.4673575020785022
4744	0.1965455724900753	0.1444989066494723
4745	-0.15919932065673872	-0.21124598649734172
4746	-0.04816131788658147	-0.10020798372718445
4747	0.3794131440779346	0.3273664782373316
4748	-0.4970965717261853	-0.5491432375667883
4749	-0.08358167319574357	-0.13562833903634655
4750	-0.30184987594029344	-0.3538965417808964
4751	-0.08348873699023322	-0.1355354028308362
4752	-0.9406444133867019	-0.9926910792273049
4753	0.627939545440592	0.575892879599989
4754	0.21530259907231167	0.16325593323170867
4755	0.6419683446200072	0.5899216787794042
4756	0.011289802069707807	-0.040756863770895185
4757	-0.47098623503256476	-0.5230329008731678
4758	-0.3229633227652625	-0.3750099886058655
4759	-0.11099769140408151	-0.1630443572446845
4760	0.07429356164506423	0.022246895804461243
4761	-0.07543895499108944	-0.12748562083169243
4762	0.049829884054483145	-0.002216781786119844
4763	-0.19861884941230168	-0.25066551525290465
4764	0.03589148716393609	-0.016155178676666902
4765	-0.651614972023607	-0.70366163786421
4766	0.73047396749714	0.678427301656537
4767	-0.3390126804963805	-0.39105934633698347
4768	0.6487548743235342	0.5967082084829312
4769	-0.36568225778930896	-0.41772892362991193
4770	-0.16665884743316248	-0.21870551327376547
4771	0.6502963293429643	0.5982496635023613
4772	0.3110718972995944	0.2590252314589914
4773	0.015344746825809327	-0.036701919014793666
4774	-0.08439266762256355	-0.13643933346316653
4775	0.12804506645978578	0.07599840061918278
4776	-0.0808366273402906	-0.1328832931808936
4777	0.1625191624961255	0.1104724966555225
4778	0.8692115680681157	0.8171649022275127
4779	0.060864743575857055	0.008818077735254067
4780	-0.2405779319668206	-0.29262459780742356
4781	-0.14419585178611496	-0.19624251762671796
4782	1.0072804256682601	0.9552337598276571
4783	1.0558133637908909	1.003766697950288
4784	-0.3476586736741846	-0.3997053395147876
4785	0.02673330365678284	-0.02531336218382015
4786	-0.013578726440271058	-0.06562539228087405
4787	0.6041336247691927	0.5520869589285897
4788	0.9105246998251647	0.8584780339845617
4789	-0.18153543311162199	-0.23358209895222498
4790	-0.04378675700529673	-0.09583342284589971
4791	-0.7050785253822517	-0.7571251912228547
4792	0.351215905890856	0.299169240050253
4793	0.5340495873337725	0.48200292149316953
4794	-0.2819723435882254	-0.3340190094288284
4795	0.6044688940612715	0.5524222282206684
4796	0.0647085551004343	0.012661889259831312
4797	-0.12450950422683624	-0.17655617006743923
4798	0.37344867557476524	0.3214020097341623
4799	-0.1659185282067195	-0.2179651940473225
4800	0.4697789667390216	0.4177323008984186
4801	0.10497557636163796	0.05292891052103497
4802	-0.013823578023567179	-0.06587024386417017
4803	-0.3512734977751197	-0.40332016361572265
4804	-0.13766799376596894	-0.18971465960657194
4805	-0.19470350729271693	-0.24675017313331993
4806	0.5400131251931141	0.4879664593525111
4807	0.12570790060851772	0.07366123476791472
4808	-0.2862171102950726	-0.33826377613567554
4809	0.09491706802696677	0.04287040218636378
4810	0.01163061822674272	-0.040416047613860265
4811	-0.05347946072123444	-0.10552612656183744
4812	0.3293082198010294	0.27726155396042645
4813	0.19963284044520554	0.14758617460460255
4814	0.017709181951738522	-0.03433748388886447
4815	0.18809544715587387	0.13604878131527087
4816	0.2512962075459499	0.1992495417053469
4817	-0.07672527445040919	-0.1287719402910122
4818	0.28665480362131546	0.23460813778071246
4819	0.025200309345089687	-0.026846356495513302
4820	0.705993463259308	0.653946797418705
4821	0.07102365095697784	0.01897698511637485
4822	-0.029900680794030653	-0.08194734663463364
4823	-0.05136431835171455	-0.10341098419231753
4824	-0.05436966787014136	-0.10641633371074435
4825	-0.44777921028050527	-0.49982587612110824
4826	-0.290642380704769	-0.34268904654537197
4827	-0.10874898144440084	-0.16079564728500384
4828	-0.3449562002036518	-0.3970028660442548
4829	0.3322059454078023	0.2801592795671993
4830	-0.36113902932996583	-0.4131856951705688
4831	-0.13076548657444081	-0.1828121524150438
4832	-0.3786038094238595	-0.4306504752644625
4833	-0.7108464649659328	-0.7628931308065359
4834	0.09596404759641927	0.04391738175581628
4835	0.12031268694936026	0.06826602110875726
4836	-0.16257858099529718	-0.21462524683590017
4837	-0.4109354008374878	-0.4629820666780908
4838	-0.5448743566735705	-0.5969210225141736
4839	-0.23668378254705352	-0.2887304483876565
4840	-0.022185998567371263	-0.07423266440797426
4841	0.14943748632036363	0.09739082047976064
4842	-0.17060568136981	-0.222652347210413
4843	-0.39900507899670856	-0.45105174483731153
4844	-0.35310727524655555	-0.4051539410871585
4845	0.289579680974255	0.23753301513365202
4846	-0.09115083073851953	-0.1431974965791225
4847	0.41372086578924194	0.361674199948639
4848	0.00991685605234845	-0.042129809788254535
4849	0.16994270337562817	0.11789603753502517
4850	-0.4086721593156152	-0.46071882515621815
4851	0.41033362896734515	0.3582869631267422
4852	1.04641828270876	0.994371616868157
4853	0.4924366805012191	0.4403900146606161
4854	-0.02803137882107925	-0.08007804466168224
4855	0.7829988272543452	0.7309521614137422
4856	0.5779404855053579	0.5258938196647549
4857	-0.2771598954585888	-0.3292065612991918
4858	-0.002278953634970427	-0.05432561947557342
4859	0.04678628912303921	-0.005260376717563776
4860	-0.33115119108374846	-0.38319785692435143
4861	-0.280705506214952	-0.33275217205555496
4862	-0.06393122267373856	-0.11597788851434154
4863	-0.4892676046661716	-0.5413142705067746
4864	0.6259285575183006	0.5738818916776975
4865	0.5648064425608657	0.5127597767202626
4866	0.24339862036439527	0.19135195452379228
4867	0.3955930972805202	0.34354643143991725
4868	-0.2322098864119549	-0.28425655225255786
4869	0.07907349811546323	0.02702683227486024
4870	-0.4827901555208836	-0.5348368213614866
4871	0.2403239932912795	0.1882773274506765
4872	-0.03744400079637452	-0.08949066663697751
4873	-0.210792855759852	-0.262839521600455
4874	0.060873503400799	0.008826837560196012
4875	0.08990796159348649	0.0378612957528835
4876	-0.14348569662593358	-0.19553236246653657
4877	-0.5930340702982352	-0.6450807361388382
4878	-0.15821899068573667	-0.21026565652633966
4879	-0.1657653076710081	-0.2178119735116111
4880	1.1132394638633836	1.0611927980227807
4881	-0.2913832312728529	-0.3434298971134559
4882	0.3839647862532996	0.33191812041269664
4883	-0.21050980644397463	-0.2625564722845776
4884	1.0340652766011973	0.9820186107605943
4885	-0.4338413047498443	-0.48588797059044725
4886	-0.26432476531152227	-0.31637143115212524
4887	-0.48341448011295357	-0.5354611459535565
4888	0.07432894157761152	0.022282275737008535
4889	0.4069789949034383	0.35493232906283534
4890	-0.06199522944184645	-0.11404189528244943
4891	-0.5166241278647247	-0.5686707937053277
4892	0.12746456019284455	0.07541789435224155
4893	-0.24805312846523403	-0.300099794305837
4894	-0.38837178541001766	-0.4404184512506206
4895	0.3618697553294781	0.30982308948887516
4896	-0.43158920337981527	-0.48363586922041824
4897	-0.4058444525192877	-0.45789111835989066
4898	0.11058109780325195	0.058534431962648965
4899	0.3448901686854042	0.2928435028448012
4900	0.3267390647101598	0.2746923988695568
4901	-0.08379697795335367	-0.13584364379395666
4902	-0.2722986217957064	-0.3243452876363094
4903	0.3499285500832805	0.29788188424267753
4904	0.40323769482593846	0.3511910289853355
4905	-0.016093707138417096	-0.06814037297902009
4906	0.08381434215282892	0.03176767631222593
4907	0.2985376967789521	0.2464910309383491
4908	0.0075895776557078805	-0.044457088184895105
4909	0.9891842829901637	0.9371376171495607
4910	0.3794885743147805	0.32744190847417753
4911	0.08933202513226983	0.03728535929166684
4912	-0.3090185152164078	-0.36106518105701074
4913	0.1902969906388579	0.13825032479825491
4914	0.9970162009708031	0.9449695351302001
4915	-0.11284251892713164	-0.16488918476773462
4916	0.2037579499967583	0.1517112841561553
4917	0.7365008918683305	0.6844542260277274
4918	0.29339717639374774	0.24135051055314474
4919	-0.028489691962700476	-0.08053635780330347
4920	0.11708045808114573	0.06503379224054273
4921	-0.48136659670231846	-0.5334132625429214
4922	0.02948043069478003	-0.02256623514582296
4923	0.09710145295636163	0.045054787115758645
4924	-0.6326497978069524	-0.6846964636475554
4925	-0.555920977854591	-0.6079676436951941
4926	0.0316021091709109	-0.02044455666969209
4927	0.07180120382365586	0.01975453798305287
4928	-0.4026667925032311	-0.4547134583438341
4929	-0.019740112474967146	-0.071786778315570135
4930	0.31877564366041894	0.26672897781981597
4931	0.15864322814437157	0.10659656230376857
4932	0.7691622005129244	0.7171155346723214
4933	-0.46404005551335853	-0.5160867213539615
4934	0.27265457879773647	0.22060791295713347
4935	-0.36457753609868243	-0.4166242019392854
4936	-0.09508870540067965	-0.14713537124128265
4937	0.1690779452362915	0.1170312793956885
4938	0.036575380591467116	-0.015471285249135873
4939	0.34257934353362735	0.2905326776930244
4940	-0.6804843166627543	-0.7325309825033574
4941	-0.4349023920812881	-0.4869490579218911
4942	-0.20912883789849032	-0.2611755037390933
4943	-0.1406746869472226	-0.1927213527878256
4944	0.21801698412105996	0.16597031828045697
4945	-0.3109724695860584	-0.36301913542666137
4946	0.21700472706440035	0.16495806122379736
4947	-0.12289866594704817	-0.17494533178765115
4948	-0.180380367457668	-0.232427033298271
4949	0.4937310955200241	0.4416844296794211
4950	-0.2958336728604994	-0.34788033870110235
4951	-0.019666053580936087	-0.07171271942153908
4952	-0.2962077412104893	-0.3482544070510923
4953	-0.16749045138875585	-0.21953711722935884
4954	-0.15775298124498335	-0.20979964708558635
4955	0.299414692400932	0.247368026560329
4956	0.21779741350252033	0.16575074766191733
4957	0.1104139578012395	0.05836729196063651
4958	0.22749398108445576	0.17544731524385276
4959	-0.18975883162040452	-0.24180549746100752
4960	0.1249069401206013	0.0728602742799983
4961	-0.7101330990893523	-0.7621797649299553
4962	0.09533348508939007	0.043286819248787085
4963	-0.06537836892681427	-0.11742503476741725
4964	0.5155317921998173	0.4634851263592143
4965	0.873681634293025	0.821634968452422
4966	-0.17225554755630934	-0.22430221339691234
4967	-0.6308907106169479	-0.6829373764575509
4968	-0.5454195323894606	-0.5974661982300636
4969	-0.2941827130549969	-0.34622937889559985
4970	-0.00577291920930811	-0.057819585049911096
4971	-0.12979031599998447	-0.18183698184058747
4972	0.3565251797848216	0.30447851394421865
4973	-0.2901039731868332	-0.34215063902743614
4974	-0.42002555620139714	-0.4720722220420001
4975	0.5465987104197857	0.4945520445791827
4976	-0.3555495589780059	-0.40759622481860885
4977	-0.326395681044694	-0.378442346885297
4978	-0.1963473060683574	-0.2483939719089604
4979	0.14894569849131106	0.09689903265070807
4980	-0.18485974992878393	-0.23690641576938692
4981	-0.26919195158409837	-0.32123861742470133
4982	-0.24091578735387975	-0.2929624531944827
4983	0.32289885981462574	0.27085219397402277
4984	0.4654301632680795	0.41338349742747654
4985	-0.21795190543979642	-0.2699985712803994
4986	0.6006610402348757	0.5486143743942726
4987	-0.058924730037998	-0.110971395878601
4988	0.030680833063734692	-0.021365832776868297
4989	0.5294394054660931	0.47739273962549017
4990	-0.3920919405983025	-0.44413860643890546
4991	-0.30621405326571455	-0.3582607191063175
4992	-0.12906157996752796	-0.18110824580813095
4993	-0.08035707393352977	-0.13240373977413275
4994	0.6323460746359996	0.5802994087953965
4995	0.49008718655050726	0.4380405207099043
4996	0.19532057323221386	0.14327390739161086
4997	-0.49646842482655956	-0.5485150906671625
4998	0.25115556653790905	0.19910890069730605
4999	-0.2700054896192159	-0.32205215545981886
