"tgi_measure","iteration","n","pearson_r","pearson_p","spearman_rho","spearman_p"
"TGI_percent_Day_24_control_median",1,8,-1,0,-1,2.18952885050751e-46
"TGI_percent_Day_24_control_median",2,8,0.749000361721192,0.0324644795250949,0.89873417721519,0.00240296148046003
"TGI_percent_Day_24_control_median",3,8,0.672309453915023,0.0677662999859308,0.679012345679012,0.0640540395718031
"TGI_percent_Day_24_control_median",4,8,0.449984259871836,0.263255215933208,0.0731707317073171,0.863293782609012
"TGI_percent_Day_24_control_median",5,8,0.57653976324704,0.134650966016094,0.645569620253164,0.0838184337745055
"TGI_percent_Day_24_control_median",6,8,0.326261712735642,0.430284829368095,0.315068493150685,0.447177633966065
"TGI_percent_Day_24_control_median",7,8,0.897675667519345,0.00247706501855117,0.829268292682927,0.0109030266752834
"TGI_percent_Day_24_control_median",8,8,0.796663642013867,0.0179427993009506,0.89873417721519,0.00240296148046003
"TGI_percent_Day_24_control_median",9,8,0.86799367752768,0.00519642670156535,0.620253164556962,0.100875222859378
"TGI_percent_Day_24_control_median",10,8,0.687617525588498,0.059468877386439,0.536585365853659,0.170340970786708
"TGI_percent_Day_24_control_median",11,8,0.73690753162799,0.0370160106553645,0.851851851851852,0.00725239908517074
"TGI_percent_Day_24_control_median",12,8,0.618245450521705,0.102306132093159,0.240506329113924,0.566138469404116
"TGI_percent_Day_24_control_median",13,8,0.692230679144855,0.0570938315068433,0.609756097560976,0.108484275261192
"TGI_percent_Day_24_control_median",14,8,0.685368836648771,0.0606475531662648,0.614457831325301,0.105037035536878
"TGI_percent_Day_24_control_median",15,8,0.594863106621231,0.119823145137916,0.728395061728395,0.0404409294591197
"TGI_percent_Day_24_control_median",16,8,0.780137992737707,0.0223813056393058,0.851851851851852,0.00725239908517074
"TGI_percent_Day_24_control_median",17,8,0.735332832024659,0.0376356963188034,0.726027397260274,0.0414264515948147
"TGI_percent_Day_24_control_median",18,8,0.358870220432868,0.382658860861124,0.24390243902439,0.560495956966516
"TGI_percent_Day_24_control_median",19,8,0.881193103765522,0.00382773169166252,0.6,0.11584
"TGI_percent_Day_24_control_median",20,8,0.471776992290874,0.237910221913491,0.439024390243902,0.276486445900293
"TGI_percent_Day_24_control_median",21,8,0.424473953971478,0.294544922825342,0.392405063291139,0.336280494675457
"TGI_percent_Day_24_control_median",22,8,0.245608547725932,0.557668792799138,0.054054054054054,0.898845897271193
"TGI_percent_Day_24_control_median",23,8,0.628656826705674,0.0950109855661836,0.736842105263158,0.0370416328264742
"TGI_percent_Day_24_control_median",24,8,0.598206259744921,0.117222226287306,0.054054054054054,0.898845897271193
"TGI_percent_Day_24_control_median",25,8,0.441490487624734,0.273481282259506,0.268292682926829,0.520569891636616
"TGI_percent_Day_24_control_median",26,8,0.769773689163749,0.0254822291808482,0.8,0.01712
"TGI_percent_Day_24_control_median",27,8,0.382863880497151,0.349197745914567,0.538461538461539,0.16856229446825
"TGI_percent_Day_24_control_median",28,8,0.679413409601087,0.0638358368077457,0.481481481481481,0.227042659068039
"TGI_percent_Day_24_control_median",29,8,0.722541961674698,0.0429035189576984,0.707317073170732,0.0497267470387709
"TGI_percent_Day_24_control_median",30,8,0.587483170356526,0.125678700044843,0.542168674698795,0.165077483817168
"TGI_percent_Day_24_control_median",31,8,0.0468354712081678,0.912311827575238,-0.160493827160494,0.70420169577901
"TGI_percent_Day_24_control_median",32,8,0.716489386134886,0.0455433569069615,0.731707317073171,0.0390863390212493
"TGI_percent_Day_24_control_median",33,8,0.650680671993197,0.0805953629617751,0.614457831325301,0.105037035536878
"TGI_percent_Day_24_control_median",34,8,0.392264298537568,0.336469429223376,-0.075,0.859901453857422
"TGI_percent_Day_24_control_median",35,8,0.824204266346468,0.0118542525858008,0.594936708860759,0.119765536998206
"TGI_percent_Day_24_control_median",36,8,0.57567648978496,0.135373456048692,0.594936708860759,0.119765536998206
"TGI_percent_Day_24_control_median",37,8,0.741846388475896,0.0351129779688858,0.707317073170732,0.0497267470387709
"TGI_percent_Day_24_control_median",38,8,0.55317970839553,0.154959607002423,0.325301204819277,0.431723785085098
"TGI_percent_Day_24_control_median",39,8,0.346982057786742,0.399741837163691,-0.0975609756097561,0.818230605541778
"TGI_percent_Day_24_control_median",40,8,0.610512379302588,0.107925497306779,0.536585365853659,0.170340970786708
"TGI_percent_Day_24_control_median",41,8,0.511624238206389,0.194961801511731,0.615384615384616,0.104365016307875
"TGI_percent_Day_24_control_median",42,8,0.728787052388134,0.0402791550390189,0.594936708860759,0.119765536998206
"TGI_percent_Day_24_control_median",43,8,0.515247365454676,0.191278029027484,0.390243902439024,0.339186635335989
"TGI_percent_Day_24_control_median",44,8,0.418529111980684,0.302082623909145,0.275,0.509781307373047
"TGI_percent_Day_24_control_median",45,8,0.584865653423689,0.127793295859783,0.615384615384616,0.104365016307875
"TGI_percent_Day_24_control_median",46,8,0.570861353015492,0.13944279926963,0.772151898734177,0.0247485870017686
"TGI_percent_Day_24_control_median",47,8,0.692469436411587,0.0569724781053164,0.590361445783133,0.123376267991455
"TGI_percent_Day_24_control_median",48,8,0.68803102491762,0.0592536344961892,0.829268292682927,0.0109030266752834
"TGI_percent_Day_24_control_median",49,8,0.489013462514906,0.218787925751069,0.317073170731707,0.444132360252344
"TGI_percent_Day_24_control_median",50,8,0.697429574350646,0.0544861696182306,0.518072289156627,0.188431668335035
"TGI_percent_Day_24_control_median",51,8,0.158505311671133,0.707742867895305,-0.0769230769230769,0.856337178454751
"TGI_percent_Day_24_control_median",52,8,0.663264971649349,0.0729723156283901,0.594936708860759,0.119765536998206
"TGI_percent_Day_24_control_median",53,8,0.154074984937842,0.715648844709265,0.341772151898734,0.407330756890686
"TGI_percent_Day_24_control_median",54,8,0.76917033837141,0.0256704666138711,0.725,0.041858585205078
"TGI_percent_Day_24_control_median",55,8,0.882987572900996,0.00366203139089279,0.726027397260274,0.0414264515948147
"TGI_percent_Day_24_control_median",56,8,0.270559979040102,0.516913504157951,-0.0632911392405063,0.881645645130732
"TGI_percent_Day_24_control_median",57,8,0.677541650130801,0.0648579649965067,0.342465753424658,0.406316873398979
"TGI_percent_Day_24_control_median",58,8,0.327032431836552,0.429131658482369,-0.048780487804878,0.908681575447135
"TGI_percent_Day_24_control_median",59,8,0.645335817008016,0.0839676345031412,0.645569620253164,0.0838184337745055
"TGI_percent_Day_24_control_median",60,8,0.640547888164557,0.0870570220961529,0.463414634146342,0.247482670349255
"TGI_percent_Day_24_control_median",61,8,0.77891357775156,0.0227346959748052,0.316455696202532,0.445069441835733
"TGI_percent_Day_24_control_median",62,8,0.710393074859352,0.0482991088339303,0.79746835443038,0.0177421304392543
"TGI_percent_Day_24_control_median",63,8,0.687477301991753,0.0595419748978463,0.594936708860759,0.119765536998206
"TGI_percent_Day_24_control_median",64,8,0.871226238026585,0.00483621737203372,0.972602739726027,5.03610200209817e-05
"TGI_percent_Day_24_control_median",65,8,-0.182583899832748,0.665187567053963,-0.234567901234568,0.576051906571553
"TGI_percent_Day_24_control_median",66,8,0.896134390613585,0.00258758846887824,0.728395061728395,0.0404409294591197
"TGI_percent_Day_24_control_median",67,8,0.623449453316097,0.0986210102826576,0.670886075949367,0.0685705618098423
"TGI_percent_Day_24_control_median",68,8,0.44363966325014,0.270875535885027,0.439024390243902,0.276486445900293
"TGI_percent_Day_24_control_median",69,8,0.358870220432868,0.382658860861124,0.24390243902439,0.560495956966516
"TGI_percent_Day_24_control_median",70,8,0.434408956991196,0.282154171231217,0.228915662650602,0.585542062912906
"TGI_percent_Day_24_control_median",71,8,0.774260058579965,0.0241093116428403,0.481481481481481,0.227042659068039
"TGI_percent_Day_24_control_median",72,8,0.463838693819316,0.246992639721936,0.615384615384616,0.104365016307875
"TGI_percent_Day_24_control_median",73,8,0.454519983809818,0.257873851256609,0.307692307692308,0.458455990282607
"TGI_percent_Day_24_control_median",74,8,-0.408830475889963,0.314575974795557,-0.743589743589744,0.0344558337392387
"TGI_percent_Day_24_control_median",75,8,0.769773689163749,0.0254822291808482,0.8,0.01712
"TGI_percent_Day_24_control_median",76,8,0.507562926496767,0.19913529255297,0.45679012345679,0.255201343606103
"TGI_percent_Day_24_control_median",77,8,0.530116038813853,0.176551430328165,0.390243902439024,0.339186635335989
"TGI_percent_Day_24_control_median",78,8,0.418483165276409,0.302141238851885,0.25,0.5504150390625
"TGI_percent_Day_24_control_median",79,8,0.913121928729777,0.00153438423615667,0.851851851851852,0.00725239908517074
"TGI_percent_Day_24_control_median",80,8,0.341345887623595,0.407954396182996,0.315068493150685,0.447177633966065
"TGI_percent_Day_24_control_median",81,8,0.309477889994404,0.455715284887162,0.0886075949367088,0.834728317893272
"TGI_percent_Day_24_control_median",82,8,0.668857619152043,0.0697264046376313,0.65,0.0810203515624999
"TGI_percent_Day_24_control_median",83,8,0.318750087539967,0.44159158362857,0.234567901234568,0.576051906571553
"TGI_percent_Day_24_control_median",84,8,0.952207043716924,0.00026322854538164,0.923076923076923,0.00107327636125646
"TGI_percent_Day_24_control_median",85,8,0.804513375478645,0.016045143607441,0.316455696202532,0.445069441835733
"TGI_percent_Day_24_control_median",86,8,0.560750932517153,0.148204999875837,0.590361445783133,0.123376267991455
"TGI_percent_Day_24_control_median",87,8,0.436738498743969,0.279286449828079,0.228915662650602,0.585542062912906
"TGI_percent_Day_24_control_median",88,8,0.693976759680392,0.0562099047479608,0.5,0.20703125
"TGI_percent_Day_24_control_median",89,8,0.735598060180212,0.0375308827108024,0.560975609756098,0.148007079914522
"TGI_percent_Day_24_control_median",90,8,0.7016244501949,0.0524350561629731,0.560975609756098,0.148007079914522
"TGI_percent_Day_24_control_median",91,8,0.693278821742642,0.0565622373372614,0.594936708860759,0.119765536998206
"TGI_percent_Day_24_control_median",92,8,0.650680671993197,0.0805953629617751,0.614457831325301,0.105037035536878
"TGI_percent_Day_24_control_median",93,8,0.508041431470567,0.198641145933903,0.27710843373494,0.506407569961192
"TGI_percent_Day_24_control_median",94,8,0.389759837857727,0.339839153104334,0.28,0.5017946112
"TGI_percent_Day_24_control_median",95,8,0.546695461126077,0.160875688832318,0.590361445783133,0.123376267991455
"TGI_percent_Day_24_control_median",96,8,0.453758575167043,0.258773337962061,0.228915662650602,0.585542062912906
"TGI_percent_Day_24_control_median",97,8,0.716489386134886,0.0455433569069615,0.731707317073171,0.0390863390212493
"TGI_percent_Day_24_control_median",98,8,0.316127904849386,0.445567230138241,0.1,0.81374625
"TGI_percent_Day_24_control_median",99,8,0.538947021621663,0.168103683315699,0.463414634146342,0.247482670349255
"TGI_percent_Day_24_control_median",100,8,0.92267174264664,0.00108998535305085,0.96875,7.45169818401346e-05
"TGI_percent_Day_24_control_median",101,8,0.442728626437562,0.271978607842861,-0.0975609756097561,0.818230605541778
"TGI_percent_Day_24_control_median",102,8,0.302940331774803,0.465782207644533,-0.037037037037037,0.930619036000442
"TGI_percent_Day_24_control_median",103,8,0.652263342923522,0.0796122355386769,0.728395061728395,0.0404409294591197
"TGI_percent_Day_24_control_median",104,8,0.650571892319873,0.0806631937709085,0.777777777777778,0.023065589595082
"TGI_percent_Day_24_control_median",105,8,0.748974723951882,0.032473744526514,0.560975609756098,0.148007079914522
"TGI_percent_Day_24_control_median",106,8,0.755559507335191,0.0301471413049326,0.69620253164557,0.0550950655487157
"TGI_percent_Day_24_control_median",107,8,0.554597193818636,0.153682443615299,0.518072289156627,0.188431668335035
"TGI_percent_Day_24_control_median",108,8,0.912442605049064,0.00156983458301431,0.753086419753086,0.0310085131644479
"TGI_percent_Day_24_control_median",109,8,0.580523679952838,0.131344622702803,0.555555555555556,0.152822232383275
"TGI_percent_Day_24_control_median",110,8,0.515247365454676,0.191278029027484,0.390243902439024,0.339186635335989
"TGI_percent_Day_24_control_median",111,8,-0.426310390359429,0.292235046060954,-0.643835616438356,0.0849286568753827
"TGI_percent_Day_24_control_median",112,8,0.0757235099861839,0.858560238111278,0.230769230769231,0.582424123266531
"TGI_percent_Day_24_control_median",113,8,0.307584272321023,0.45862202869874,-0.215189873417721,0.608801860963226
"TGI_percent_Day_24_control_median",114,8,0.627174863076805,0.0960304806822925,0.560975609756098,0.148007079914522
"TGI_percent_Day_24_control_median",115,8,-0.253202461191534,0.54514659280078,0.0410958904109589,0.923031918656945
"TGI_percent_Day_24_control_median",116,8,0.728787052388134,0.0402791550390189,0.594936708860759,0.119765536998206
"TGI_percent_Day_24_control_median",117,8,0.442200428483678,0.272619158182431,0.5,0.20703125
"TGI_percent_Day_24_control_median",118,8,0.755848011013024,0.0300476262709264,0.842105263157895,0.0087124949365918
"TGI_percent_Day_24_control_median",119,8,0.547743999036244,0.159910828680775,0.615384615384616,0.104365016307875
"TGI_percent_Day_24_control_median",120,8,0.690971011224882,0.0577366371343506,0.609756097560976,0.108484275261192
"TGI_percent_Day_24_control_median",121,8,0.454257981251284,0.258183189928183,0.45679012345679,0.255201343606103
"TGI_percent_Day_24_control_median",122,8,0.678722548078739,0.0642119815400015,0.45,0.2632364453125
"TGI_percent_Day_24_control_median",123,8,0.533151672246317,0.173622349832932,0.518987341772152,0.187514534406167
"TGI_percent_Day_24_control_median",124,8,0.608788716678596,0.109201418792569,0.658536585365854,0.0757845840293002
"TGI_percent_Day_24_control_median",125,8,0.0197418379843165,0.962993670388923,-0.307692307692308,0.458455990282607
"TGI_percent_Day_24_control_median",126,8,0.79920365393485,0.0173141975744172,0.392405063291139,0.336280494675457
"TGI_percent_Day_24_control_median",127,8,0.557212308706371,0.151341396053031,0.658536585365854,0.0757845840293002
"TGI_percent_Day_24_control_median",128,8,0.549857458294242,0.157975641599342,0.728395061728395,0.0404409294591197
"TGI_percent_Day_24_control_median",129,8,0.598741256235395,0.116808996995478,0.215189873417721,0.608801860963225
"TGI_percent_Day_24_control_median",130,8,0.795249254370804,0.0182989288811847,0.829268292682927,0.0109030266752834
"TGI_percent_Day_24_control_median",131,8,0.690027736770762,0.0582208011834472,0.679012345679012,0.0640540395718031
"TGI_percent_Day_24_control_median",132,8,0.388760712967554,0.341187807178433,0.463414634146342,0.247482670349255
"TGI_percent_Day_24_control_median",133,8,0.591502465151475,0.122470141935447,0.658536585365854,0.0757845840293002
"TGI_percent_Day_24_control_median",134,8,0.734522986216268,0.0379568364825152,0.772151898734177,0.0247485870017686
"TGI_percent_Day_24_control_median",135,8,0.787920088851506,0.0202150119231541,0.772151898734177,0.0247485870017686
"TGI_percent_Day_24_control_median",136,8,0.125404737631484,0.7673196845869,0.205128205128205,0.626037544539464
"TGI_percent_Day_24_control_median",137,8,0.490691404517328,0.216970501718214,0.560975609756098,0.148007079914522
"TGI_percent_Day_24_control_median",138,8,0.683474543426984,0.0616511627323132,0.62962962962963,0.0943451651056068
"TGI_percent_Day_24_control_median",139,8,0.506193152483163,0.200553419251193,0.645569620253164,0.0838184337745055
"TGI_percent_Day_24_control_median",140,8,0.168870303364557,0.689336313234842,0.164556962025316,0.696980493011756
"TGI_percent_Day_24_control_median",141,8,0.443775409427559,0.27071136592973,0.643835616438356,0.0849286568753826
"TGI_percent_Day_24_control_median",142,8,0.489043842781001,0.218754950200862,0.45679012345679,0.255201343606103
"TGI_percent_Day_24_control_median",143,8,0.805257685161692,0.0158720689310475,0.621621621621622,0.0999065282646043
"TGI_percent_Day_24_control_median",144,8,0.547644886660812,0.160001896188375,-0.0632911392405063,0.881645645130732
"TGI_percent_Day_24_control_median",145,8,0.74206977395292,0.0350283503457173,0.536585365853659,0.170340970786708
"TGI_percent_Day_24_control_median",146,8,0.221535067920248,0.598012212626273,0.308641975308642,0.456997506224647
"TGI_percent_Day_24_control_median",147,8,0.533556641924564,0.173233588083164,0.342465753424658,0.406316873398979
"TGI_percent_Day_24_control_median",148,8,0.518552448548783,0.187950119935866,0.555555555555556,0.152822232383275
"TGI_percent_Day_24_control_median",149,8,0.74889112356896,0.0325039673738658,0.707317073170732,0.0497267470387709
"TGI_percent_Day_24_control_median",150,8,0.896134390613585,0.00258758846887824,0.728395061728395,0.0404409294591197
"TGI_percent_Day_24_control_median",151,8,0.635428373284485,0.0904322134150139,0.772151898734177,0.0247485870017686
"TGI_percent_Day_24_control_median",152,8,0.747911821349839,0.0328592850164926,0.645569620253164,0.0838184337745055
"TGI_percent_Day_24_control_median",153,8,0.891005175979904,0.00297825849067294,0.731707317073171,0.0390863390212493
"TGI_percent_Day_24_control_median",154,8,0.690027736770763,0.0582208011834471,0.679012345679012,0.0640540395718031
"TGI_percent_Day_24_control_median",155,8,0.710481970869879,0.0482582220885611,0.594936708860759,0.119765536998206
"TGI_percent_Day_24_control_median",156,8,0.787174473389196,0.0204166423550165,0.594936708860759,0.119765536998206
"TGI_percent_Day_24_control_median",157,8,0.585203599449177,0.127519170104108,0.62962962962963,0.0943451651056068
"TGI_percent_Day_24_control_median",158,8,0.41410459674047,0.307752076454588,0.291139240506329,0.484176479990479
"TGI_percent_Day_24_control_median",159,8,0.310502278847044,0.454145960477526,0.111111111111111,0.793374993649342
"TGI_percent_Day_24_control_median",160,8,0.605533838102508,0.111634091978208,0.707317073170732,0.0497267470387709
"TGI_percent_Day_24_control_median",161,8,-0.999401955351388,5.3449791876374e-10,-1,0
"TGI_percent_Day_24_control_median",162,8,0.773902620189281,0.024216971494953,0.731707317073171,0.0390863390212493
"TGI_percent_Day_24_control_median",163,8,0.627894001815794,0.0955349773186612,0.634146341463415,0.0912890821441658
"TGI_percent_Day_24_control_median",164,8,0.509764807903855,0.196866799581674,0.794871794871795,0.0183947102705782
"TGI_percent_Day_24_control_median",165,8,0.79920365393485,0.0173141975744172,0.392405063291139,0.336280494675457
"TGI_percent_Day_24_control_median",166,8,0.74608950060084,0.0335267858820824,-0.150684931506849,0.72171342613154
"TGI_percent_Day_24_control_median",167,8,0.665293070446998,0.0717851811252432,0.731707317073171,0.0390863390212493
"TGI_percent_Day_24_control_median",168,8,0.824768981616841,0.0117456768340288,0.392405063291139,0.336280494675457
"TGI_percent_Day_24_control_median",169,8,0.563149190208027,0.146099871390966,0.240506329113924,0.566138469404116
"TGI_percent_Day_24_control_median",170,8,0.264262999909873,0.52709206546905,0.615384615384616,0.104365016307875
"TGI_percent_Day_24_control_median",171,8,0.725255689402094,0.0417507853747037,0.69620253164557,0.0550950655487157
"TGI_percent_Day_24_control_median",172,8,0.612246413461372,0.106650508874722,0.560975609756098,0.148007079914522
"TGI_percent_Day_24_control_median",173,8,0.877795973004307,0.00415449300768299,0.728395061728395,0.0404409294591197
"TGI_percent_Day_24_control_median",174,8,0.387104762999964,0.343428505936355,0.578947368421053,0.132647361838117
"TGI_percent_Day_24_control_median",175,8,-0.945834311542398,0.000381329773839151,-0.615384615384616,0.104365016307875
"TGI_percent_Day_24_control_median",176,8,0.378295907530308,0.355461249266664,-0.075,0.859901453857422
"TGI_percent_Day_24_control_median",177,8,0.871119672095861,0.00484782815817751,0.384615384615385,0.346809662449871
"TGI_percent_Day_24_control_median",178,8,0.765939635016329,0.0266930250187987,0.679012345679012,0.0640540395718031
"TGI_percent_Day_24_control_median",179,8,0.382825391566886,0.349250308038706,0.594936708860759,0.119765536998206
"TGI_percent_Day_24_control_median",180,8,0.603214141504209,0.113386412100217,0.609756097560976,0.108484275261192
"TGI_percent_Day_24_control_median",181,8,0.157094839156759,0.710257435422981,-0.160493827160494,0.70420169577901
"TGI_percent_Day_24_control_median",182,8,0.487175843077651,0.220787314170091,0.538461538461539,0.16856229446825
"TGI_percent_Day_24_control_median",183,8,0.452410938452616,0.260369202322284,0.463414634146342,0.247482670349255
"TGI_percent_Day_24_control_median",184,8,0.359904894991894,0.381187625006794,-0.0379746835443038,0.928865891742792
"TGI_percent_Day_24_control_median",185,8,0.456872951438077,0.255104098868356,0.407407407407407,0.316429397723464
"TGI_percent_Day_24_control_median",186,8,0.44802934426047,0.26559169792805,0.594936708860759,0.119765536998206
"TGI_percent_Day_24_control_median",187,8,0.573390328337932,0.137297180423282,0.24390243902439,0.560495956966516
"TGI_percent_Day_24_control_median",188,8,0.378367265622601,0.355363013526044,0.641025641025641,0.0867458407693925
"TGI_percent_Day_24_control_median",189,8,-0.0811361628900618,0.8485360330124,-0.452054794520548,0.26079176513997
"TGI_percent_Day_24_control_median",190,8,0.752586447456866,0.0311844670937531,0.604938271604938,0.112082511292616
"TGI_percent_Day_24_control_median",191,8,0.782264253886248,0.0217757755025184,0.829268292682927,0.0109030266752834
"TGI_percent_Day_24_control_median",192,8,0.605533838102508,0.111634091978208,0.707317073170732,0.0497267470387709
"TGI_percent_Day_24_control_median",193,8,0.733685472781773,0.0382906980707316,0.7,0.05322375
"TGI_percent_Day_24_control_median",194,8,0.764312510523306,0.0272174024319274,0.842105263157895,0.0087124949365918
"TGI_percent_Day_24_control_median",195,8,0.692108172170106,0.0571561580847384,0.710843373493976,0.0480922136045094
"TGI_percent_Day_24_control_median",196,8,0.405721301292884,0.318632083257159,0.240506329113924,0.566138469404116
"TGI_percent_Day_24_control_median",197,8,0.323605108557006,0.434269652219472,0.240506329113924,0.566138469404116
"TGI_percent_Day_24_control_median",198,8,0.148561359840542,0.725518838588995,0.0769230769230769,0.856337178454751
"TGI_percent_Day_24_control_median",199,8,-0.173408691938256,0.681318025222656,-0.544303797468354,0.163088312636417
"TGI_percent_Day_24_control_median",200,8,0.542479458113754,0.164787130676611,0.658536585365854,0.0757845840293002
"TGI_percent_Day_24_control_median",201,8,0.434501893439683,0.282039489262511,-0.0975609756097561,0.818230605541778
"TGI_percent_Day_24_control_median",202,8,0.669052725280153,0.0696147349907298,0.69620253164557,0.0550950655487157
"TGI_percent_Day_24_control_median",203,8,0.583735019426142,0.128712808476215,-0.037037037037037,0.930619036000442
"TGI_percent_Day_24_control_median",204,8,0.452452043704956,0.260320453196617,-0.265822784810127,0.52456393016539
"TGI_percent_Day_24_control_median",205,8,0.319839194859016,0.439944658671806,0.24390243902439,0.560495956966516
"TGI_percent_Day_24_control_median",206,8,0.557981473742587,0.15065659048318,0.555555555555556,0.152822232383275
"TGI_percent_Day_24_control_median",207,8,0.314736138558364,0.447683336265803,0.121951219512195,0.773598436910598
"TGI_percent_Day_24_control_median",208,8,0.68010604884401,0.0634600386634207,0.575,0.135941126708984
"TGI_percent_Day_24_control_median",209,8,0.699974852654371,0.0532360148927415,0.5,0.20703125
"TGI_percent_Day_24_control_median",210,8,0.705032050089412,0.05080350556623,0.609756097560976,0.108484275261192
"TGI_percent_Day_24_control_median",211,8,0.0920171922868501,0.828439196381414,-0.0123456790123457,0.976854203839832
"TGI_percent_Day_24_control_median",212,8,0.375780340100729,0.358932226343616,-0.048780487804878,0.908681575447135
"TGI_percent_Day_24_control_median",213,8,0.607116852574591,0.110447153693666,0.609756097560976,0.108484275261192
"TGI_percent_Day_24_control_median",214,8,0.449984259871836,0.263255215933208,0.0731707317073171,0.863293782609012
"TGI_percent_Day_24_control_median",215,8,0.939676817733716,0.000524244744439447,0.842105263157895,0.0087124949365918
"TGI_percent_Day_24_control_median",216,8,0.293557185863975,0.48038467768254,0.113924050632911,0.788233439851227
"TGI_percent_Day_24_control_median",217,8,0.538848025580378,0.168197144958582,0.560975609756098,0.148007079914522
"TGI_percent_Day_24_control_median",218,8,0.336008905396645,0.41579724598023,0.316455696202532,0.445069441835733
"TGI_percent_Day_24_control_median",219,8,0.496993658840985,0.210214701683618,0.560975609756098,0.148007079914522
"TGI_percent_Day_24_control_median",220,8,0.588677946242013,0.124720056023492,0.268292682926829,0.520569891636616
"TGI_percent_Day_24_control_median",221,8,0.526567789168769,0.180008521003473,0.373493975903614,0.362100237410523
"TGI_percent_Day_24_control_median",222,8,0.157619610531769,0.709321613430682,0.333333333333333,0.419753086419753
"TGI_percent_Day_24_control_median",223,8,0.362929886030261,0.376900742370746,0.375,0.360012054443359
"TGI_percent_Day_24_control_median",224,8,0.435913391129244,0.280300533842278,0.367088607594937,0.371042516598345
"TGI_percent_Day_24_control_median",225,8,0.845079226456477,0.00824884316230563,0.79746835443038,0.0177421304392543
"TGI_percent_Day_24_control_median",226,8,0.914947485538379,0.00144171065256972,0.772151898734177,0.0247485870017686
"TGI_percent_Day_24_control_median",227,8,0.744541418481792,0.0341003063084819,0.544303797468354,0.163088312636417
"TGI_percent_Day_24_control_median",228,8,0.624722364822975,0.0977314103429777,0.542168674698795,0.165077483817168
"TGI_percent_Day_24_control_median",229,8,0.508041431470567,0.198641145933903,0.27710843373494,0.506407569961192
"TGI_percent_Day_24_control_median",230,8,-0.153247605788846,0.717127785698362,-0.367088607594937,0.371042516598345
"TGI_percent_Day_24_control_median",231,8,0.729353686959594,0.0400460011042692,0.780487804878049,0.0222809739808402
"TGI_percent_Day_24_control_median",232,8,0.74897953149718,0.032472007047746,0.710843373493976,0.0480922136045094
"TGI_percent_Day_24_control_median",233,8,0.591886905164101,0.122165689498521,0.780821917808219,0.0221854065027459
"TGI_percent_Day_24_control_median",234,8,0.772314049566873,0.0246990483945919,0.777777777777778,0.023065589595082
"TGI_percent_Day_24_control_median",235,8,0.440954000481566,0.274133662365085,0.493670886075949,0.213762737730047
"TGI_percent_Day_24_control_median",236,8,0.441029284878804,0.274042068628825,0.392405063291139,0.336280494675457
"TGI_percent_Day_24_control_median",237,8,0.470677588736304,0.239157766196663,0.560975609756098,0.148007079914522
"TGI_percent_Day_24_control_median",238,8,0.47993210749453,0.228760254439377,0.333333333333333,0.419753086419753
"TGI_percent_Day_24_control_median",239,8,0.546695461126077,0.160875688832318,0.590361445783133,0.123376267991455
"TGI_percent_Day_24_control_median",240,8,0.681847647616802,0.0625209263231349,0.575,0.135941126708984
"TGI_percent_Day_24_control_median",241,8,0.904181381466556,0.00204430313032748,0.544303797468354,0.163088312636417
"TGI_percent_Day_24_control_median",242,8,0.997458183897781,4.09773715360984e-08,1,0
"TGI_percent_Day_24_control_median",243,8,0.238591053491411,0.569329289446466,0.3,0.47033875
"TGI_percent_Day_24_control_median",244,8,0.916847021443665,0.00134923469829232,0.68421052631579,0.0612600707806916
"TGI_percent_Day_24_control_median",245,8,0.715003587783143,0.0462059996149484,0.731707317073171,0.0390863390212493
"TGI_percent_Day_24_control_median",246,8,0.515325822869571,0.19119867026426,0.4,0.32616
"TGI_percent_Day_24_control_median",247,8,0.387614912547681,0.342737490215434,0.736842105263158,0.0370416328264742
"TGI_percent_Day_24_control_median",248,8,0.55721230870637,0.151341396053031,0.658536585365854,0.0757845840293002
"TGI_percent_Day_24_control_median",249,8,0.599385976725631,0.116312112813103,0.614457831325301,0.105037035536878
"TGI_percent_Day_24_control_median",250,8,0.772174433380647,0.0247416987770558,0.8,0.01712
"TGI_percent_Day_24_control_median",251,8,0.778654029491626,0.0228100488093475,0.810810810810811,0.0146177229257338
"TGI_percent_Day_24_control_median",252,8,0.65861976619468,0.0757345714830744,0.555555555555556,0.152822232383275
"TGI_percent_Day_24_control_median",253,8,0.375780340100729,0.358932226343616,-0.048780487804878,0.908681575447135
"TGI_percent_Day_24_control_median",254,8,0.684442174846565,0.0611372816355274,0.615384615384616,0.104365016307875
"TGI_percent_Day_24_control_median",255,8,0.72582171760489,0.0415127447761963,0.518987341772152,0.187514534406167
"TGI_percent_Day_24_control_median",256,8,0.118203230379135,0.780424709775272,-0.0123456790123457,0.976854203839832
"TGI_percent_Day_24_control_median",257,8,0.337887646034496,0.413029081347526,0.113924050632911,0.788233439851227
"TGI_percent_Day_24_control_median",258,8,0.663457897927684,0.0728588945814209,0.710843373493976,0.0480922136045094
"TGI_percent_Day_24_control_median",259,8,0.358289031301574,0.383486373113117,-0.0379746835443038,0.928865891742792
"TGI_percent_Day_24_control_median",260,8,0.814709168645641,0.0137756101162474,0.518987341772152,0.187514534406167
"TGI_percent_Day_24_control_median",261,8,0.729353686959594,0.0400460011042692,0.780487804878049,0.0222809739808402
"TGI_percent_Day_24_control_median",262,8,0.755936855960145,0.0300170212764941,0.654320987654321,0.07834458818895
"TGI_percent_Day_24_control_median",263,8,0.682751320177759,0.0620369156776255,0.634146341463415,0.0912890821441658
"TGI_percent_Day_24_control_median",264,8,0.706536964029719,0.0500927951726345,0.851851851851852,0.00725239908517074
"TGI_percent_Day_24_control_median",265,8,0.909767061216991,0.00171463353472571,0.772151898734177,0.0247485870017686
"TGI_percent_Day_24_control_median",266,8,0.606960025521593,0.110564420453192,0.341463414634146,0.407782409074504
"TGI_percent_Day_24_control_median",267,8,0.454126698532449,0.258338261358173,0.392405063291139,0.336280494675457
"TGI_percent_Day_24_control_median",268,8,0.547644886660811,0.160001896188375,-0.0632911392405063,0.881645645130732
"TGI_percent_Day_24_control_median",269,8,0.706319709517721,0.050195024254172,0.620253164556962,0.100875222859378
"TGI_percent_Day_24_control_median",270,8,0.587503079116036,0.125662692248093,0.240506329113924,0.566138469404116
"TGI_percent_Day_24_control_median",271,8,0.427827857869273,0.290333026253984,0.540540540540541,0.166603118711555
"TGI_percent_Day_24_control_median",272,8,0.635843700532651,0.0901556237938921,0.670886075949367,0.0685705618098423
"TGI_percent_Day_24_control_median",273,8,0.68089271429732,0.0630348207704497,0.69620253164557,0.0550950655487157
"TGI_percent_Day_24_control_median",274,8,0.755939867605317,0.0300159841716745,0.538461538461539,0.16856229446825
"TGI_percent_Day_24_control_median",275,8,0.898743095981725,0.00240234328760045,0.822784810126582,0.0121299609627337
"TGI_percent_Day_24_control_median",276,8,0.566115237393801,0.143519296981549,0.275,0.509781307373047
"TGI_percent_Day_24_control_median",277,8,0.754765951538136,0.0304219109489854,0.772151898734177,0.0247485870017686
"TGI_percent_Day_24_control_median",278,8,0.665701151736791,0.0715476965095538,0.542168674698795,0.165077483817168
"TGI_percent_Day_24_control_median",279,8,0.692121250979327,0.057149502182187,0.594936708860759,0.119765536998206
"TGI_percent_Day_24_control_median",280,8,0.210162872798845,0.617394070858921,0.259259259259259,0.535232404809648
"TGI_percent_Day_24_control_median",281,8,0.746485360503668,0.0333810863195297,0.736842105263158,0.0370416328264742
"TGI_percent_Day_24_control_median",282,8,0.012106962193438,0.977301664065714,-0.111111111111111,0.793374993649342
"TGI_percent_Day_24_control_median",283,8,0.722541961674698,0.0429035189576984,0.707317073170732,0.0497267470387709
"TGI_percent_Day_24_control_median",284,8,0.925328058541691,0.000983483614461987,0.828571428571429,0.0110309466293806
"TGI_percent_Day_24_control_median",285,8,0.435689169085897,0.280576421607311,0.291139240506329,0.484176479990479
"TGI_percent_Day_24_control_median",286,8,0.669889115185026,0.0691372198153235,0.367088607594937,0.371042516598345
"TGI_percent_Day_24_control_median",287,8,0.629179303093849,0.0946530490098867,0.654320987654321,0.07834458818895
"TGI_percent_Day_24_control_median",288,8,0.551754942156775,0.156249160300935,-0.232876712328767,0.578885910188631
"TGI_percent_Day_24_control_median",289,8,0.76974679243492,0.0254906023574214,0.721518987341772,0.043343002111805
"TGI_percent_Day_24_control_median",290,8,-0.0285652222987924,0.946469336581917,-0.443037974683544,0.271603804295431
"TGI_percent_Day_24_control_median",291,8,0.59062076744334,0.123170001238611,0.275,0.509781307373047
"TGI_percent_Day_24_control_median",292,8,0.597711719601608,0.11760494068048,0.731707317073171,0.0390863390212493
"TGI_percent_Day_24_control_median",293,8,0.914791542936684,0.00144948054024968,0.772151898734177,0.0247485870017686
"TGI_percent_Day_24_control_median",294,8,0.9093355238862,0.00173877077977386,0.775,0.0238873864746093
"TGI_percent_Day_24_control_median",295,8,0.677695765168457,0.0647734424689341,0.679012345679012,0.0640540395718031
"TGI_percent_Day_24_control_median",296,8,0.54006326720958,0.167051787180985,0.317073170731707,0.444132360252344
"TGI_percent_Day_24_control_median",297,8,0.94629150193849,0.000371885044632629,0.835616438356164,0.00978082574112047
"TGI_percent_Day_24_control_median",298,8,0.533895228986701,0.172908912468834,0.0886075949367088,0.834728317893272
"TGI_percent_Day_24_control_median",299,8,0.59209996606476,0.121997142168475,0.555555555555556,0.152822232383275
"TGI_percent_Day_24_control_median",300,8,0.578699486077587,0.13285287630651,0.615384615384616,0.104365016307875
"TGI_percent_Day_24_control_median",301,8,0.680681614608692,0.0631487604534684,0.710843373493976,0.0480922136045094
"TGI_percent_Day_24_control_median",302,8,0.702858794413532,0.0518404790947996,0.536585365853659,0.170340970786708
"TGI_percent_Day_24_control_median",303,8,0.525604827203659,0.180952945162438,0.772151898734177,0.0247485870017686
"TGI_percent_Day_24_control_median",304,8,0.902630414895347,0.00214260804000093,0.731707317073171,0.0390863390212493
"TGI_percent_Day_24_control_median",305,8,0.616892890729157,0.103276618167076,0.25,0.5504150390625
"TGI_percent_Day_24_control_median",306,8,0.440256728697774,0.274982705960483,0.605263157894737,0.111837768489366
"TGI_percent_Day_24_control_median",307,8,-0.172226645711885,0.683403952357826,-0.523809523809524,0.182720750539714
"TGI_percent_Day_24_control_median",308,8,0.665701151736791,0.0715476965095539,0.542168674698795,0.165077483817168
"TGI_percent_Day_24_control_median",309,8,0.47199048061552,0.237668352196483,0.24390243902439,0.560495956966516
"TGI_percent_Day_24_control_median",310,8,0.346982057786742,0.399741837163691,-0.0975609756097561,0.818230605541778
"TGI_percent_Day_24_control_median",311,8,0.412744122810216,0.309505490946559,0.392405063291139,0.336280494675457
"TGI_percent_Day_24_control_median",312,8,0.244443255791089,0.559599234981986,0.367088607594937,0.371042516598345
"TGI_percent_Day_24_control_median",313,8,0.80222819726937,0.0165838973565662,0.959183673469388,0.000164835680877654
"TGI_percent_Day_24_control_median",314,8,0.76203224642206,0.0279628932335714,0.736842105263158,0.0370416328264742
"TGI_percent_Day_24_control_median",315,8,0.393892427845455,0.334287169903687,0.316455696202532,0.445069441835733
"TGI_percent_Day_24_control_median",316,8,0.625266964206634,0.0973522200598826,0.614457831325301,0.105037035536878
"TGI_percent_Day_24_control_median",317,8,0.514967518190353,0.191561233583782,0.536585365853659,0.170340970786708
"TGI_percent_Day_24_control_median",318,8,0.599897197122177,0.115918967828818,0.392405063291139,0.336280494675457
"TGI_percent_Day_24_control_median",319,8,-0.00779553719733393,0.985383959916597,-0.452054794520548,0.26079176513997
"TGI_percent_Day_24_control_median",320,8,0.512988784356185,0.193570045819017,0.560975609756098,0.148007079914522
"TGI_percent_Day_24_control_median",321,8,0.572396023657961,0.138138560512204,0.317073170731707,0.444132360252344
"TGI_percent_Day_24_control_median",322,8,0.718519372640098,0.0446473440155807,0.675,0.0662613269042968
"TGI_percent_Day_24_control_median",323,8,0.855276279640908,0.00677934208565353,0.842105263157895,0.0087124949365918
"TGI_percent_Day_24_control_median",324,8,0.746977699412129,0.0332004188074859,0.560975609756098,0.148007079914522
"TGI_percent_Day_24_control_median",325,8,0.611665250648952,0.107076860274914,0.75609756097561,0.0299617108971145
"TGI_percent_Day_24_control_median",326,8,0.586565890310946,0.126417486651549,0.518072289156627,0.188431668335035
"TGI_percent_Day_24_control_median",327,8,0.570151751387593,0.140048151942203,0.62962962962963,0.0943451651056068
"TGI_percent_Day_24_control_median",328,8,0.70893558518505,0.0489724413229779,0.780487804878049,0.0222809739808402
"TGI_percent_Day_24_control_median",329,8,0.690602809255342,0.0579253410402351,0.822784810126582,0.0121299609627337
"TGI_percent_Day_24_control_median",330,8,0.675624726224154,0.0659147384147021,0.891891891891892,0.00290816977750491
"TGI_percent_Day_24_control_median",331,8,0.589666741333389,0.123929797986398,0.728395061728395,0.0404409294591197
"TGI_percent_Day_24_control_median",332,8,0.66482922266188,0.0720556817098102,0.69620253164557,0.0550950655487157
"TGI_percent_Day_24_control_median",333,8,0.749269933270363,0.0323671596112528,0.731707317073171,0.0390863390212493
"TGI_percent_Day_24_control_median",334,8,0.480662305251415,0.227949947257301,0.615384615384616,0.104365016307875
"TGI_percent_Day_24_control_median",335,8,0.74897953149718,0.032472007047746,0.710843373493976,0.0480922136045094
"TGI_percent_Day_24_control_median",336,8,0.386899933854967,0.343706135068916,-0.048780487804878,0.908681575447135
"TGI_percent_Day_24_control_median",337,8,0.894782436264434,0.00268712321876841,0.342465753424658,0.406316873398979
"TGI_percent_Day_24_control_median",338,8,0.629173126603879,0.094657275835201,0.707317073170732,0.0497267470387709
"TGI_percent_Day_24_control_median",339,8,0.797648726551539,0.0176973451167644,0.736842105263158,0.0370416328264742
"TGI_percent_Day_24_control_median",340,8,0.628523943664515,0.0951021448383607,0.316455696202532,0.445069441835733
"TGI_percent_Day_24_control_median",341,8,0.686630576376447,0.0599845031097695,0.753086419753086,0.0310085131644479
"TGI_percent_Day_24_control_median",342,8,0.594478808846863,0.120124186907201,0.560975609756098,0.148007079914522
"TGI_percent_Day_24_control_median",343,8,0.645212404453635,0.0840464520501246,0.560975609756098,0.148007079914522
"TGI_percent_Day_24_control_median",344,8,0.599843762803756,0.115960025317584,0.555555555555556,0.152822232383275
"TGI_percent_Day_24_control_median",345,8,0.588900367125691,0.124542048448066,0.424657534246575,0.294313618526343
"TGI_percent_Day_24_control_median",346,8,0.453758575167043,0.258773337962061,0.228915662650602,0.585542062912906
"TGI_percent_Day_24_control_median",347,8,0.526567789168769,0.180008521003473,0.373493975903614,0.362100237410523
"TGI_percent_Day_24_control_median",348,8,0.149136574389478,0.724487573661263,0.209876543209877,0.617884622686196
"TGI_percent_Day_24_control_median",349,8,0.552047385404862,0.155983993823462,0.62962962962963,0.0943451651056068
"TGI_percent_Day_24_control_median",350,8,0.712170155250601,0.0474857153664387,0.609756097560976,0.108484275261192
"TGI_percent_Day_24_control_median",351,8,0.998586148056897,7.05815469647212e-09,1,0
"TGI_percent_Day_24_control_median",352,8,0.704768331964726,0.0509286688752099,0.829268292682927,0.0109030266752834
"TGI_percent_Day_24_control_median",353,8,0.497007958407443,0.21019949961158,0.268292682926829,0.520569891636616
"TGI_percent_Day_24_control_median",354,8,0.693278821742642,0.0565622373372615,0.594936708860759,0.119765536998206
"TGI_percent_Day_24_control_median",355,8,0.675476521184644,0.0659968630096133,0.481481481481481,0.227042659068039
"TGI_percent_Day_24_control_median",356,8,0.552711043251542,0.155383149961914,0.425,0.29388235961914
"TGI_percent_Day_24_control_median",357,8,0.555960963931631,0.152459140164514,0.439024390243902,0.276486445900293
"TGI_percent_Day_24_control_median",358,8,0.733664658356871,0.0382990180980384,0.670886075949367,0.0685705618098423
"TGI_percent_Day_24_control_median",359,8,0.463969774089979,0.246841266627476,0.240506329113924,0.566138469404116
"TGI_percent_Day_24_control_median",360,8,0.542033075561081,0.165204255832312,0.315068493150685,0.447177633966065
"TGI_percent_Day_24_control_median",361,8,0.700985903416801,0.0527442379356014,0.609756097560976,0.108484275261192
"TGI_percent_Day_24_control_median",362,8,0.533611588703431,0.173180876582745,0.493670886075949,0.213762737730047
"TGI_percent_Day_24_control_median",363,8,-0.087660290276277,0.836477027504963,-0.443037974683544,0.271603804295431
"TGI_percent_Day_24_control_median",364,8,0.69562155340321,0.0553847774079295,0.62962962962963,0.0943451651056068
"TGI_percent_Day_24_control_median",365,8,0.620012400177147,0.101046207996085,0.620253164556962,0.100875222859378
"TGI_percent_Day_24_control_median",366,8,0.780110322990566,0.0223892537166089,0.851851851851852,0.00725239908517074
"TGI_percent_Day_24_control_median",367,8,0.704224169103035,0.0511875189553778,0.540540540540541,0.166603118711555
"TGI_percent_Day_24_control_median",368,8,0.772069099057394,0.0247739067946254,0.75609756097561,0.0299617108971145
"TGI_percent_Day_24_control_median",369,8,0.759489674620912,0.0288088367006746,0.702702702702703,0.0519154430428595
"TGI_percent_Day_24_control_median",370,8,0.505000005057289,0.201793001962765,0.28,0.5017946112
"TGI_percent_Day_24_control_median",371,8,0.342849892590607,0.4057558208458,0.316455696202532,0.445069441835733
"TGI_percent_Day_24_control_median",372,8,0.544409091333659,0.162990555179672,0.390243902439024,0.339186635335989
"TGI_percent_Day_24_control_median",373,8,0.417981368296491,0.302781744976285,0.102564102564103,0.809036692029818
"TGI_percent_Day_24_control_median",374,8,0.44363966325014,0.270875535885027,0.439024390243902,0.276486445900293
"TGI_percent_Day_24_control_median",375,8,0.762412878157605,0.0278375880284104,0.829268292682927,0.0109030266752834
"TGI_percent_Day_24_control_median",376,8,0.438363918780272,0.277294036765542,0.121951219512195,0.773598436910598
"TGI_percent_Day_24_control_median",377,8,0.668792686698864,0.0697635923485401,0.725,0.041858585205078
"TGI_percent_Day_24_control_median",378,8,0.89589680997609,0.00260490387388698,0.594936708860759,0.119765536998206
"TGI_percent_Day_24_control_median",379,8,0.455082000011653,0.257210921696139,0.439024390243902,0.276486445900293
"TGI_percent_Day_24_control_median",380,8,0.0469748311098224,0.912051676263575,0.0123456790123457,0.976854203839832
"TGI_percent_Day_24_control_median",381,8,0.727200280263726,0.040936447494141,0.675,0.0662613269042968
"TGI_percent_Day_24_control_median",382,8,0.502651531666856,0.204244605283949,0.555555555555556,0.152822232383275
"TGI_percent_Day_24_control_median",383,8,0.775023808472524,0.0238802668937695,0.923076923076923,0.00107327636125646
"TGI_percent_Day_24_control_median",384,8,-0.999585495845099,1.77988380216347e-10,-1,0
"TGI_percent_Day_24_control_median",385,8,0.567502304343326,0.142321205493994,0.670886075949367,0.0685705618098423
"TGI_percent_Day_24_control_median",386,8,0.436063789602367,0.280115554830099,0.544303797468354,0.163088312636417
"TGI_percent_Day_24_control_median",387,8,0.697024196667117,0.054686882640918,0.772151898734177,0.0247485870017686
"TGI_percent_Day_24_control_median",388,8,0.704268397121734,0.0511664509272009,0.775,0.0238873864746093
"TGI_percent_Day_24_control_median",389,8,0.666185902512724,0.0712661953833986,0.634146341463415,0.0912890821441658
"TGI_percent_Day_24_control_median",390,8,0.614795683800789,0.104791770419697,0.731707317073171,0.0390863390212493
"TGI_percent_Day_24_control_median",391,8,0.570388898906008,0.139845682543608,0.390243902439024,0.339186635335989
"TGI_percent_Day_24_control_median",392,8,0.673147218361878,0.0672955493717933,0.726027397260274,0.0414264515948147
"TGI_percent_Day_24_control_median",393,8,0.027056312026933,0.949294167526609,0.111111111111111,0.793374993649342
"TGI_percent_Day_24_control_median",394,8,0.664295982908296,0.072367389056362,0.4,0.32616
"TGI_percent_Day_24_control_median",395,8,0.7016244501949,0.0524350561629732,0.560975609756098,0.148007079914522
"TGI_percent_Day_24_control_median",396,8,0.914013515408707,0.00148865356262827,0.670886075949367,0.0685705618098423
"TGI_percent_Day_24_control_median",397,8,0.422822937940859,0.296629091579438,0.292682926829268,0.481754330094079
"TGI_percent_Day_24_control_median",398,8,0.314374902260278,0.448233250649912,-0.232876712328767,0.578885910188631
"TGI_percent_Day_24_control_median",399,8,0.471776992290874,0.237910221913491,0.439024390243902,0.276486445900293
"TGI_percent_Day_24_control_median",400,8,0.767299527435815,0.026259592656204,0.487804878048781,0.220101844181823
"TGI_percent_Day_24_control_median",401,8,0.470889065639608,0.238917535420304,0.439024390243902,0.276486445900293
"TGI_percent_Day_24_control_median",402,8,0.686551431795192,0.0600259665118914,0.594936708860759,0.119765536998206
"TGI_percent_Day_24_control_median",403,8,0.414623443971495,0.307084626569584,0.228915662650602,0.585542062912906
"TGI_percent_Day_24_control_median",404,8,0.910442586192294,0.00167728861541787,0.780487804878049,0.0222809739808402
"TGI_percent_Day_24_control_median",405,8,0.426480960047901,0.292020950339696,0.240506329113924,0.566138469404116
"TGI_percent_Day_24_control_median",406,8,-0.0967781491730693,0.819670818115594,-0.195121951219512,0.643326273058099
"TGI_percent_Day_24_control_median",407,8,0.453364140094422,0.259239918194571,0.62962962962963,0.0943451651056068
"TGI_percent_Day_24_control_median",408,8,0.416062572903406,0.305236947353952,0.268292682926829,0.520569891636616
"TGI_percent_Day_24_control_median",409,8,0.640547888164557,0.0870570220961528,0.463414634146342,0.247482670349255
"TGI_percent_Day_24_control_median",410,8,0.602072149555205,0.114254771308548,0.536585365853659,0.170340970786708
"TGI_percent_Day_24_control_median",411,8,0.378900209133605,0.354629723837863,0.325,0.432175440673828
"TGI_percent_Day_24_control_median",412,8,0.0364871899548015,0.931647214514063,-0.6,0.11584
"TGI_percent_Day_24_control_median",413,8,0.717256100609318,0.0452036732867598,0.333333333333333,0.419753086419753
"TGI_percent_Day_24_control_median",414,8,0.695350201036091,0.0555204019007568,0.6,0.11584
"TGI_percent_Day_24_control_median",415,8,0.613349190723231,0.105844157042688,0.725,0.041858585205078
"TGI_percent_Day_24_control_median",416,8,0.57567648978496,0.135373456048692,0.594936708860759,0.119765536998206
"TGI_percent_Day_24_control_median",417,8,0.692230679144855,0.0570938315068433,0.609756097560976,0.108484275261192
"TGI_percent_Day_24_control_median",418,8,0.707080591697607,0.0498375400128983,0.481481481481481,0.227042659068039
"TGI_percent_Day_24_control_median",419,8,0.734902220892783,0.037806245957675,0.829268292682927,0.0109030266752834
"TGI_percent_Day_24_control_median",420,8,0.54244819794207,0.16481632332363,0.555555555555556,0.152822232383275
"TGI_percent_Day_24_control_median",421,8,0.447691978654955,0.265995950683857,0.291139240506329,0.484176479990479
"TGI_percent_Day_24_control_median",422,8,0.453064772496443,0.259594322939326,-0.0379746835443038,0.928865891742792
"TGI_percent_Day_24_control_median",423,8,0.645212404453635,0.0840464520501245,0.560975609756098,0.148007079914522
"TGI_percent_Day_24_control_median",424,8,0.752579987344829,0.0311867445861161,0.710843373493976,0.0480922136045094
"TGI_percent_Day_24_control_median",425,8,0.570641171050953,0.13963047836559,0.555555555555556,0.152822232383275
"TGI_percent_Day_24_control_median",426,8,0.10138028767181,0.811210423090252,0.170731707317073,0.68604453895394
"TGI_percent_Day_24_control_median",427,8,0.818589885624851,0.0129683203548281,0.772151898734177,0.0247485870017686
"TGI_percent_Day_24_control_median",428,8,0.776327393654246,0.0234924545830605,0.69620253164557,0.0550950655487157
"TGI_percent_Day_24_control_median",429,8,0.92790431842186,0.000886918612247819,0.923076923076923,0.00107327636125646
"TGI_percent_Day_24_control_median",430,8,0.574244870347231,0.136576347679805,0.407407407407407,0.316429397723464
"TGI_percent_Day_24_control_median",431,8,0.67708333330057,0.0651097091347966,0.842105263157895,0.0087124949365918
"TGI_percent_Day_24_control_median",432,8,0.0611360070429351,0.88565529481705,-0.102564102564103,0.809036692029818
"TGI_percent_Day_24_control_median",433,8,0.069252723484546,0.870565710993021,-0.0975609756097561,0.818230605541778
"TGI_percent_Day_24_control_median",434,8,-0.173205171287832,0.681677047680909,-0.605263157894737,0.111837768489366
"TGI_percent_Day_24_control_median",435,8,0.629326331007587,0.0945524638875456,0.69620253164557,0.0550950655487157
"TGI_percent_Day_24_control_median",436,8,0.739535161658575,0.035995903866254,0.772151898734177,0.0247485870017686
"TGI_percent_Day_24_control_median",437,8,0.555960963931631,0.152459140164514,0.439024390243902,0.276486445900293
"TGI_percent_Day_24_control_median",438,8,0.657178767983718,0.076603710289902,0.725,0.041858585205078
"TGI_percent_Day_24_control_median",439,8,0.0300000911796741,0.943783570233205,0.230769230769231,0.582424123266531
"TGI_percent_Day_24_control_median",440,8,0.498943806455629,0.208146772494345,0.268292682926829,0.520569891636616
"TGI_percent_Day_24_control_median",441,8,0.497437453852118,0.209743164432802,0.555555555555556,0.152822232383275
"TGI_percent_Day_24_control_median",442,8,0.550301335948272,0.157570838153198,0.609756097560976,0.108484275261192
"TGI_percent_Day_24_control_median",443,8,0.864702863478147,0.00558035924563547,0.777777777777778,0.023065589595082
"TGI_percent_Day_24_control_median",444,8,0.628881268571111,0.0948571302461988,0.69620253164557,0.0550950655487157
"TGI_percent_Day_24_control_median",445,8,0.89369634232923,0.00276885467993061,0.643835616438356,0.0849286568753826
"TGI_percent_Day_24_control_median",446,8,0.734265162275308,0.0380594242575557,0.536585365853659,0.170340970786708
"TGI_percent_Day_24_control_median",447,8,0.643206449027701,0.0853335923881342,0.575,0.135941126708984
"TGI_percent_Day_24_control_median",448,8,0.371432026705019,0.364968104068224,-0.048780487804878,0.908681575447135
"TGI_percent_Day_24_control_median",449,8,0.904911982093205,0.00199902918756624,0.853658536585366,0.00700028132287885
"TGI_percent_Day_24_control_median",450,8,0.749126021504709,0.0324190919141067,0.69620253164557,0.0550950655487157
"TGI_percent_Day_24_control_median",451,8,0.529872212106105,0.176787841853108,0.209876543209877,0.617884622686196
"TGI_percent_Day_24_control_median",452,8,0.336008905396645,0.41579724598023,0.316455696202532,0.445069441835733
"TGI_percent_Day_24_control_median",453,8,0.551756921877314,0.156247364405315,0.536585365853659,0.170340970786708
"TGI_percent_Day_24_control_median",454,8,0.939676817733717,0.000524244744439442,0.842105263157895,0.0087124949365918
"TGI_percent_Day_24_control_median",455,8,0.781326758679812,0.0220414890990344,0.625,0.0975379943847654
"TGI_percent_Day_24_control_median",456,8,0.648314833686086,0.0820781259033595,0.209876543209877,0.617884622686196
"TGI_percent_Day_24_control_median",457,8,0.543048231964698,0.164256465094155,0.609756097560976,0.108484275261192
"TGI_percent_Day_24_control_median",458,8,0.616892890729157,0.103276618167076,0.25,0.5504150390625
"TGI_percent_Day_24_control_median",459,8,0.766326420349747,0.0265693004557296,0.69620253164557,0.0550950655487157
"TGI_percent_Day_24_control_median",460,8,0.725123152271583,0.0418066425933226,0.772151898734177,0.0247485870017686
"TGI_percent_Day_24_control_median",461,8,0.612246413461372,0.106650508874722,0.560975609756098,0.148007079914522
"TGI_percent_Day_24_control_median",462,8,0.106484156305321,0.801846336167795,0,1
"TGI_percent_Day_24_control_median",463,8,0.613214256551076,0.105942633642264,0.658536585365854,0.0757845840293002
"TGI_percent_Day_24_control_median",464,8,0.473161307532337,0.236344104456952,0.113924050632911,0.788233439851227
"TGI_percent_Day_24_control_median",465,8,0.768414849828772,0.0259073783906971,0.620253164556962,0.100875222859378
"TGI_percent_Day_24_control_median",466,8,0.484853323936543,0.223327749334725,0.390243902439024,0.339186635335989
"TGI_percent_Day_24_control_median",467,8,-0.0142304853972148,0.973321441872438,-0.121951219512195,0.773598436910597
"TGI_percent_Day_24_control_median",468,8,0.509764807903855,0.196866799581675,0.794871794871795,0.0183947102705782
"TGI_percent_Day_24_control_median",469,8,0.752579987344829,0.0311867445861162,0.710843373493976,0.0480922136045094
"TGI_percent_Day_24_control_median",470,8,0.968241723911886,7.81823194770476e-05,0.842105263157895,0.0087124949365918
"TGI_percent_Day_24_control_median",471,8,0.495099301474031,0.212233691845618,0.317073170731707,0.444132360252344
"TGI_percent_Day_24_control_median",472,8,0.43786009116233,0.277910870561316,0.439024390243902,0.276486445900293
"TGI_percent_Day_24_control_median",473,8,0.72228270479222,0.0430146425224132,0.609756097560976,0.108484275261192
"TGI_percent_Day_24_control_median",474,8,0.623633414815824,0.0984921588253012,0.536585365853659,0.170340970786708
"TGI_percent_Day_24_control_median",475,8,0.366914562474491,0.371286863256389,-0.265822784810127,0.52456393016539
"TGI_percent_Day_24_control_median",476,8,0.573755608356361,0.136988797433046,0.301204819277108,0.468469529828104
"TGI_percent_Day_24_control_median",477,8,0.831163121008356,0.0105599639034625,0.580246913580247,0.131572836527669
"TGI_percent_Day_24_control_median",478,8,0.655306954584215,0.0777413782905103,0.728395061728395,0.0404409294591197
"TGI_percent_Day_24_control_median",479,8,0.70566867683124,0.0505021180479822,0.536585365853659,0.170340970786708
"TGI_percent_Day_24_control_median",480,8,0.703289627093697,0.0516339063975137,0.731707317073171,0.0390863390212493
"TGI_percent_Day_24_control_median",481,8,0.564325405053059,0.145073483124463,0.268292682926829,0.520569891636616
"TGI_percent_Day_24_control_median",482,8,0.166986163067194,0.692672636681984,0.2,0.63488
"TGI_percent_Day_24_control_median",483,8,0.363444309375214,0.37617387266732,0.113924050632911,0.788233439851227
"TGI_percent_Day_24_control_median",484,8,0.623311368374358,0.098717792152036,0.468354430379747,0.241804882823014
"TGI_percent_Day_24_control_median",485,8,0.554461031069185,0.153804875901165,0.69620253164557,0.0550950655487157
"TGI_percent_Day_24_control_median",486,8,0.426365968242864,0.292165277432747,0.375,0.360012054443359
"TGI_percent_Day_24_control_median",487,8,0.553212675937379,0.154929837319851,0.518072289156627,0.188431668335035
"TGI_percent_Day_24_control_median",488,8,0.413568608085872,0.308442304636666,0.439024390243902,0.276486445900293
"TGI_percent_Day_24_control_median",489,8,0.619534915203169,0.10138579734087,0.802469135802469,0.016526566994929
"TGI_percent_Day_24_control_median",490,8,0.575520657497943,0.135504104282845,0.670886075949367,0.0685705618098423
"TGI_percent_Day_24_control_median",491,8,0.757214721725812,0.0295789464488324,0.654320987654321,0.07834458818895
"TGI_percent_Day_24_control_median",492,8,0.932457526811676,0.00073182465481079,0.53125,0.175454188138247
"TGI_percent_Day_24_control_median",493,8,0.725255689402094,0.0417507853747037,0.69620253164557,0.0550950655487157
"TGI_percent_Day_24_control_median",494,8,0.292571810403756,0.481928519899005,0.291139240506329,0.484176479990479
"TGI_percent_Day_24_control_median",495,8,0.580630189411917,0.131256856895697,0.609756097560976,0.108484275261192
"TGI_percent_Day_24_control_median",496,8,0.436063789602366,0.2801155548301,0.544303797468354,0.163088312636417
"TGI_percent_Day_24_control_median",497,8,0.469862297820746,0.240085059743312,0.407407407407407,0.316429397723464
"TGI_percent_Day_24_control_median",498,8,-0.451799967422116,0.261094326093982,-0.544303797468354,0.163088312636417
"TGI_percent_Day_24_control_median",499,8,0.636564863249799,0.0896765253314392,0.772151898734177,0.0247485870017686
"TGI_percent_Day_24_control_median",500,8,0.561132532631115,0.147868931637962,0.62962962962963,0.0943451651056068
"TGI_percent_Day_24_control_median",501,8,0.881671842076705,0.00378306243821012,0.555555555555556,0.152822232383275
"TGI_percent_Day_24_control_median",502,8,0.61128481920703,0.107356476715096,0.424657534246575,0.294313618526343
"TGI_percent_Day_24_control_median",503,8,0.46427074710484,0.246493876875255,0.594936708860759,0.119765536998206
"TGI_percent_Day_24_control_median",504,8,0.692230679144855,0.0570938315068433,0.609756097560976,0.108484275261192
"TGI_percent_Day_24_control_median",505,8,0.574936251090129,0.135994689176163,0.707317073170732,0.0497267470387709
"TGI_percent_Day_24_control_median",506,8,0.435121916917696,0.281274975439424,0.5,0.20703125
"TGI_percent_Day_24_control_median",507,8,0.440715613090684,0.274423792735129,0.0617283950617284,0.88455293510991
"TGI_percent_Day_24_control_median",508,8,0.750899407299397,0.0317827015942121,0.53125,0.175454188138247
"TGI_percent_Day_24_control_median",509,8,0.69562155340321,0.0553847774079295,0.62962962962963,0.0943451651056068
"TGI_percent_Day_24_control_median",510,8,0.891005175979904,0.00297825849067295,0.731707317073171,0.0390863390212493
"TGI_percent_Day_24_control_median",511,8,0.587483170356526,0.125678700044843,0.542168674698795,0.165077483817168
"TGI_percent_Day_24_control_median",512,8,0.714631888583251,0.0463726759234756,0.230769230769231,0.582424123266531
"TGI_percent_Day_24_control_median",513,8,0.913075815169211,0.00153677400335834,0.775,0.0238873864746093
"TGI_percent_Day_24_control_median",514,8,0.733620780074744,0.0383165609110349,0.567567567567568,0.142264970543864
"TGI_percent_Day_24_control_median",515,8,0.627174863076805,0.0960304806822924,0.560975609756098,0.148007079914522
"TGI_percent_Day_24_control_median",516,8,0.669011883738445,0.0696381020519918,0.846153846153846,0.00808525881177396
"TGI_percent_Day_24_control_median",517,8,0.33718645444297,0.414061302541206,-0.0975609756097561,0.818230605541778
"TGI_percent_Day_24_control_median",518,8,0.710369237216672,0.0483100762423145,0.670886075949367,0.0685705618098423
"TGI_percent_Day_24_control_median",519,8,0.74630262922547,0.0334482938127803,0.731707317073171,0.0390863390212493
"TGI_percent_Day_24_control_median",520,8,0.801948428703146,0.0166506233813607,0.743589743589744,0.0344558337392387
"TGI_percent_Day_24_control_median",521,8,0.568379300486747,0.141566556869244,0.634146341463415,0.0912890821441658
"TGI_percent_Day_24_control_median",522,8,0.676842053757132,0.0652424711827372,0.468354430379747,0.241804882823014
"TGI_percent_Day_24_control_median",523,8,0.718239446722185,0.0447702608383029,0.542168674698795,0.165077483817168
"TGI_percent_Day_24_control_median",524,8,0.319804487623797,0.439997102849181,-0.0975609756097561,0.818230605541778
"TGI_percent_Day_24_control_median",525,8,0.684572349387527,0.0610683447215593,0.736842105263158,0.0370416328264742
"TGI_percent_Day_24_control_median",526,8,0.595362435044107,0.119432629433132,0.333333333333333,0.419753086419753
"TGI_percent_Day_24_control_median",527,8,0.124906456569946,0.768224921886656,0.113924050632911,0.788233439851227
"TGI_percent_Day_24_control_median",528,8,0.470725826072864,0.239102959355563,0.5,0.20703125
"TGI_percent_Day_24_control_median",529,8,0.484853323936543,0.223327749334725,0.390243902439024,0.339186635335989
"TGI_percent_Day_24_control_median",530,8,0.814709168645641,0.0137756101162474,0.518987341772152,0.187514534406167
"TGI_percent_Day_24_control_median",531,8,0.260919245808252,0.532526783914505,-0.150684931506849,0.72171342613154
"TGI_percent_Day_24_control_median",532,8,0.529872212106105,0.176787841853108,0.209876543209877,0.617884622686196
"TGI_percent_Day_24_control_median",533,8,0.654687253620531,0.0781201900264602,0.594936708860759,0.119765536998206
"TGI_percent_Day_24_control_median",534,8,0.520853147687339,0.185651863924332,0.365853658536585,0.37277785416078
"TGI_percent_Day_24_control_median",535,8,0.473999385114935,0.235398526586416,0.268292682926829,0.520569891636616
"TGI_percent_Day_24_control_median",536,8,0.738260770876202,0.0364884795463493,0.679012345679012,0.0640540395718031
"TGI_percent_Day_24_control_median",537,8,0.653332270188257,0.0789522204371645,0.648648648648649,0.081867955703768
"TGI_percent_Day_24_control_median",538,8,0.356627608265944,0.385856310947657,0.24390243902439,0.560495956966516
"TGI_percent_Day_24_control_median",539,8,0.389516481195626,0.340167416697738,0.268292682926829,0.520569891636616
"TGI_percent_Day_24_control_median",540,8,0.710393074859352,0.0482991088339303,0.79746835443038,0.0177421304392543
"TGI_percent_Day_24_control_median",541,8,0.538947021621663,0.168103683315699,0.463414634146342,0.247482670349255
"TGI_percent_Day_24_control_median",542,8,0.607116852574591,0.110447153693666,0.609756097560976,0.108484275261192
"TGI_percent_Day_24_control_median",543,8,0.322496009022121,0.435937809780407,0.0886075949367088,0.834728317893272
"TGI_percent_Day_24_control_median",544,8,0.688068910627098,0.0592339367125677,0.829268292682927,0.0109030266752834
"TGI_percent_Day_24_control_median",545,8,0.309440457777746,0.455772671350843,-0.0769230769230769,0.856337178454751
"TGI_percent_Day_24_control_median",546,8,0.462296335702769,0.248777295619045,0.615384615384616,0.104365016307875
"TGI_percent_Day_24_control_median",547,8,0.911882563791663,0.00159945773238479,0.679012345679012,0.0640540395718031
"TGI_percent_Day_24_control_median",548,8,0.94106694242804,0.000489351248936163,0.615384615384616,0.104365016307875
"TGI_percent_Day_24_control_median",549,8,0.48733905331092,0.220609355282391,0.439024390243902,0.276486445900293
"TGI_percent_Day_24_control_median",550,8,0.677541650130801,0.0648579649965069,0.342465753424658,0.406316873398979
"TGI_percent_Day_24_control_median",551,8,0.95514454288825,0.000218102031636724,0.802469135802469,0.016526566994929
"TGI_percent_Day_24_control_median",552,8,0.484040157048812,0.224220761239411,0.27710843373494,0.506407569961192
"TGI_percent_Day_24_control_median",553,8,0.635843700532651,0.0901556237938921,0.670886075949367,0.0685705618098423
"TGI_percent_Day_24_control_median",554,8,0.864646630863106,0.00558707281421933,0.772151898734177,0.0247485870017686
"TGI_percent_Day_24_control_median",555,8,0.448838352424508,0.264623538919698,0.425,0.29388235961914
"TGI_percent_Day_24_control_median",556,8,0.635350834745048,0.090483904952343,0.726027397260274,0.0414264515948147
"TGI_percent_Day_24_control_median",557,8,0.538222506668999,0.168788343908476,0.555555555555556,0.152822232383275
"TGI_percent_Day_24_control_median",558,8,0.322745878525689,0.435561756966773,0.102564102564103,0.809036692029818
"TGI_percent_Day_24_control_median",559,8,0.667978373996234,0.0702309531761714,0.0410958904109589,0.923031918656945
"TGI_percent_Day_24_control_median",560,8,0.319839194859016,0.439944658671806,0.24390243902439,0.560495956966516
"TGI_percent_Day_24_control_median",561,8,0.0406963870203914,0.923778483963175,0.0769230769230769,0.856337178454751
"TGI_percent_Day_24_control_median",562,8,0.685368836648771,0.0606475531662646,0.614457831325301,0.105037035536878
"TGI_percent_Day_24_control_median",563,8,0.849613304388346,0.00757272387442315,0.726027397260274,0.0414264515948147
"TGI_percent_Day_24_control_median",564,8,-0.468773623234916,0.241326139416566,-0.648648648648649,0.081867955703768
"TGI_percent_Day_24_control_median",565,8,0.491686858918855,0.215896015555412,0.384615384615385,0.346809662449871
"TGI_percent_Day_24_control_median",566,8,0.568164288113068,0.141751368047018,0.658536585365854,0.0757845840293002
"TGI_percent_Day_24_control_median",567,8,0.41282001182586,0.30940755792406,0.219512195121951,0.601445165632524
"TGI_percent_Day_24_control_median",568,8,0.606186639294152,0.11114375097987,0.390243902439024,0.339186635335989
"TGI_percent_Day_24_control_median",569,8,0.439483599631051,0.275925631336711,0.268292682926829,0.520569891636616
"TGI_percent_Day_24_control_median",570,8,0.563149190208027,0.146099871390966,0.240506329113924,0.566138469404116
"TGI_percent_Day_24_control_median",571,8,0.909335341880439,0.00173878100625109,0.89873417721519,0.00240296148046003
"TGI_percent_Day_24_control_median",572,8,0.781535564675423,0.02198213389092,0.851851851851852,0.00725239908517074
"TGI_percent_Day_24_control_median",573,8,0.842883292613578,0.00858963709905809,0.315068493150685,0.447177633966065
"TGI_percent_Day_24_control_median",574,8,0.770984231871257,0.0251071372465297,0.670886075949367,0.0685705618098423
"TGI_percent_Day_24_control_median",575,8,0.717591614313938,0.0450555110509886,0.829268292682927,0.0109030266752834
"TGI_percent_Day_24_control_median",576,8,0.718209435626696,0.0447834509825588,0.536585365853659,0.170340970786708
"TGI_percent_Day_24_control_median",577,8,0.680681614608692,0.0631487604534684,0.710843373493976,0.0480922136045094
"TGI_percent_Day_24_control_median",578,8,0.747459619608853,0.0330241558709963,0.851851851851852,0.00725239908517074
"TGI_percent_Day_24_control_median",579,8,0.688282938666229,0.059122731116829,0.609756097560976,0.108484275261192
"TGI_percent_Day_24_control_median",580,8,0.618125013434501,0.102392335300961,0.658536585365854,0.0757845840293002
"TGI_percent_Day_24_control_median",581,8,0.968636158673505,7.53278278845248e-05,0.975308641975309,3.69400528358044e-05
"TGI_percent_Day_24_control_median",582,8,0.691222057063226,0.0576081863777494,0.536585365853659,0.170340970786708
"TGI_percent_Day_24_control_median",583,8,0.783099915623381,0.0215406114520319,0.89873417721519,0.00240296148046003
"TGI_percent_Day_24_control_median",584,8,0.564325405053059,0.145073483124463,0.268292682926829,0.520569891636616
"TGI_percent_Day_24_control_median",585,8,0.422822937940859,0.296629091579438,0.292682926829268,0.481754330094079
"TGI_percent_Day_24_control_median",586,8,0.679413409601087,0.0638358368077457,0.481481481481481,0.227042659068039
"TGI_percent_Day_24_control_median",587,8,0.645598152078676,0.0838002368580148,0.555555555555556,0.152822232383275
"TGI_percent_Day_24_control_median",588,8,0.716489386134886,0.0455433569069614,0.731707317073171,0.0390863390212493
"TGI_percent_Day_24_control_median",589,8,0.506383016160662,0.20035653704892,0.555555555555556,0.152822232383275
"TGI_percent_Day_24_control_median",590,8,0.486201388123947,0.221851371015067,-0.111111111111111,0.793374993649342
"TGI_percent_Day_24_control_median",591,8,0.585468546489682,0.127304488149254,0.62962962962963,0.0943451651056068
"TGI_percent_Day_24_control_median",592,8,0.65205194189522,0.0797431465775893,0.542168674698795,0.165077483817168
"TGI_percent_Day_24_control_median",593,8,0.336502179680115,0.415069683012144,-0.025,0.953144527587891
"TGI_percent_Day_24_control_median",594,8,0.894608737472368,0.00270008814883768,0.846153846153846,0.00808525881177396
"TGI_percent_Day_24_control_median",595,8,0.567802986425018,0.142062220792105,0.317073170731707,0.444132360252344
"TGI_percent_Day_24_control_median",596,8,0.0197418379843164,0.962993670388923,-0.307692307692308,0.458455990282607
"TGI_percent_Day_24_control_median",597,8,0.358870220432868,0.382658860861124,0.24390243902439,0.560495956966516
"TGI_percent_Day_24_control_median",598,8,0.960085414576116,0.000154256071842607,0.925925925925926,0.000960491276443564
"TGI_percent_Day_24_control_median",599,8,0.406545255901011,0.317554786195036,0.439024390243902,0.276486445900293
"TGI_percent_Day_24_control_median",600,8,0.203704587679406,0.62848840960322,-0.210526315789474,0.61677158304252
"TGI_percent_Day_24_control_median",601,8,0.736448658203415,0.0371959420119027,0.560975609756098,0.148007079914522
"TGI_percent_Day_24_control_median",602,8,0.59739116548466,0.117853387296533,0.536585365853659,0.170340970786708
"TGI_percent_Day_24_control_median",603,8,0.401335128627825,0.324395872406226,0.392405063291139,0.336280494675457
"TGI_percent_Day_24_control_median",604,8,0.928297326985479,0.000872757038144606,0.973684210526316,4.46660881693344e-05
"TGI_percent_Day_24_control_median",605,8,0.554604906298439,0.15367551044923,-0.09375,0.825246002525091
"TGI_percent_Day_24_control_median",606,8,0.101491065157933,0.811006967607105,-0.259259259259259,0.535232404809648
"TGI_percent_Day_24_control_median",607,8,0.204929328111772,0.62637974731041,-0.164556962025316,0.696980493011756
"TGI_percent_Day_24_control_median",608,8,0.501648291833365,0.205296639192275,0.594936708860759,0.119765536998206
"TGI_percent_Day_24_control_median",609,8,0.746977699412129,0.0332004188074859,0.560975609756098,0.148007079914522
"TGI_percent_Day_24_control_median",610,8,0.739026276104095,0.0361921075324969,0.536585365853659,0.170340970786708
"TGI_percent_Day_24_control_median",611,8,0.438363918780272,0.277294036765542,0.121951219512195,0.773598436910598
"TGI_percent_Day_24_control_median",612,8,0.736173549536881,0.03730407154552,0.780487804878049,0.0222809739808402
"TGI_percent_Day_24_control_median",613,8,0.358604499539615,0.383037102975749,0.523809523809524,0.182720750539715
"TGI_percent_Day_24_control_median",614,8,0.599843762803756,0.115960025317584,0.555555555555556,0.152822232383275
"TGI_percent_Day_24_control_median",615,8,0.243280268244668,0.561528193470536,-0.105263157894737,0.804084671089484
"TGI_percent_Day_24_control_median",616,8,0.554148436599388,0.154086150778252,0.645569620253164,0.0838184337745055
"TGI_percent_Day_24_control_median",617,8,0.33718645444297,0.414061302541206,-0.0975609756097561,0.818230605541778
"TGI_percent_Day_24_control_median",618,8,0.363778537478488,0.375701950647303,0.28125,0.499805469065905
"TGI_percent_Day_24_control_median",619,8,0.635097203829468,0.0906531088828435,0.725,0.041858585205078
"TGI_percent_Day_24_control_median",620,8,0.762412878157605,0.0278375880284104,0.829268292682927,0.0109030266752834
"TGI_percent_Day_24_control_median",621,8,0.625683253833943,0.0970629397412174,0.292682926829268,0.481754330094079
"TGI_percent_Day_24_control_median",622,8,0.901859972093351,0.00219256001886997,0.728395061728395,0.0404409294591197
"TGI_percent_Day_24_control_median",623,8,0.474239516609141,0.23512795015666,0.714285714285714,0.0465282322841673
"TGI_percent_Day_24_control_median",624,8,0.397490600018052,0.32948786020639,0.135802469135802,0.74848368865351
"TGI_percent_Day_24_control_median",625,8,0.591355673541933,0.122586504157465,0.746835443037975,0.033252559177418
"TGI_percent_Day_24_control_median",626,8,0.340091792255957,0.409791562590403,-0.111111111111111,0.793374993649342
"TGI_percent_Day_24_control_median",627,8,0.794040609420185,0.0186067288951509,0.829268292682927,0.0109030266752834
"TGI_percent_Day_24_control_median",628,8,0.791386828849186,0.0192938488369029,0.315068493150685,0.447177633966065
"TGI_percent_Day_24_control_median",629,8,0.589399577232592,0.124143040952783,0.753086419753086,0.0310085131644479
"TGI_percent_Day_24_control_median",630,8,0.672309453915022,0.0677662999859309,0.679012345679012,0.0640540395718031
"TGI_percent_Day_24_control_median",631,8,0.542505586641252,0.164762732423333,0.390243902439024,0.339186635335989
"TGI_percent_Day_24_control_median",632,8,0.878920898378973,0.00404437756631478,0.753086419753086,0.0310085131644479
"TGI_percent_Day_24_control_median",633,8,0.481500535838106,0.227021577341044,0.405405405405405,0.319045565859473
"TGI_percent_Day_24_control_median",634,8,0.487389984852443,0.220553836459375,0.439024390243902,0.276486445900293
"TGI_percent_Day_24_control_median",635,8,0.69718655685396,0.0546064408807696,0.390243902439024,0.339186635335989
"TGI_percent_Day_24_control_median",636,8,0.423768559301666,0.295434511930287,0.240506329113924,0.566138469404116
"TGI_percent_Day_24_control_median",637,8,0.597163941541735,0.118029677352056,0.609756097560976,0.108484275261192
"TGI_percent_Day_24_control_median",638,8,-0.938118861221164,0.000565246285094317,-0.28,0.5017946112
"TGI_percent_Day_24_control_median",639,8,0.550080078607813,0.157772547519176,0.614457831325301,0.105037035536878
"TGI_percent_Day_24_control_median",640,8,0.648447471553547,0.0819945793811708,0.725,0.041858585205078
"TGI_percent_Day_24_control_median",641,8,0.645212404453635,0.0840464520501246,0.560975609756098,0.148007079914522
"TGI_percent_Day_24_control_median",642,8,0.382601954005523,0.349555515595082,0.102564102564103,0.809036692029818
"TGI_percent_Day_24_control_median",643,8,0.10138028767181,0.811210423090252,0.170731707317073,0.68604453895394
"TGI_percent_Day_24_control_median",644,8,-0.0974336902343471,0.818464749908598,-0.195121951219512,0.643326273058099
"TGI_percent_Day_24_control_median",645,8,0.911300971153798,0.00163060336608248,0.746835443037975,0.033252559177418
"TGI_percent_Day_24_control_median",646,8,0.335720382466453,0.416223059762912,-0.111111111111111,0.793374993649342
"TGI_percent_Day_24_control_median",647,8,0.489552779665943,0.21820291957523,0.44578313253012,0.268289002774831
"TGI_percent_Day_24_control_median",648,8,0.710355594924011,0.0483163535693572,0.609756097560976,0.108484275261192
"TGI_percent_Day_24_control_median",649,8,0.876044742653487,0.00432972529248635,0.538461538461539,0.16856229446825
"TGI_percent_Day_24_control_median",650,8,0.483925829198055,0.224346462371544,-0.125,0.768054962158203
"TGI_percent_Day_24_control_median",651,8,0.378020863249397,0.35584000717999,-0.234567901234568,0.576051906571553
"TGI_percent_Day_24_control_median",652,8,0.602150228541454,0.114195281277147,0.536585365853659,0.170340970786708
"TGI_percent_Day_24_control_median",653,8,0.316473435028046,0.445042509963318,-0.037037037037037,0.930619036000442
"TGI_percent_Day_24_control_median",654,8,0.124906456569946,0.768224921886656,0.113924050632911,0.788233439851227
"TGI_percent_Day_24_control_median",655,8,0.652263342923522,0.0796122355386768,0.728395061728395,0.0404409294591197
"TGI_percent_Day_24_control_median",656,8,0.896343214314124,0.0025724306335773,0.851851851851852,0.00725239908517074
"TGI_percent_Day_24_control_median",657,8,0.850085905188266,0.00750436077089383,0.728395061728395,0.0404409294591197
"TGI_percent_Day_24_control_median",658,8,-0.268765323171977,0.519806887345584,-0.6,0.11584
"TGI_percent_Day_24_control_median",659,8,0.618457670595515,0.102154336047483,0.79746835443038,0.0177421304392543
"TGI_percent_Day_24_control_median",660,8,0.586565890310946,0.126417486651549,0.518072289156627,0.188431668335035
"TGI_percent_Day_24_control_median",661,8,0.665701151736791,0.0715476965095539,0.542168674698795,0.165077483817168
"TGI_percent_Day_24_control_median",662,8,0.735857180761126,0.037428654703759,0.555555555555556,0.152822232383275
"TGI_percent_Day_24_control_median",663,8,0.687061506017516,0.0597590405856274,0.746835443037975,0.033252559177418
"TGI_percent_Day_24_control_median",664,8,0.569458194278571,0.140641221552103,0.301204819277108,0.468469529828104
"TGI_percent_Day_24_control_median",665,8,0.700985903416801,0.0527442379356014,0.609756097560976,0.108484275261192
"TGI_percent_Day_24_control_median",666,8,0.225115943646548,0.59195110780489,0.0123456790123457,0.976854203839832
"TGI_percent_Day_24_control_median",667,8,0.575031323969135,0.135914812297383,0.536585365853659,0.170340970786708
"TGI_percent_Day_24_control_median",668,8,0.571770983256398,0.138668930133794,0.555555555555556,0.152822232383275
"TGI_percent_Day_24_control_median",669,8,0.41282001182586,0.30940755792406,0.219512195121951,0.601445165632524
"TGI_percent_Day_24_control_median",670,8,0.745082606599242,0.0338991344007281,0.536585365853659,0.170340970786708
"TGI_percent_Day_24_control_median",671,8,0.381654556882077,0.350850983462711,0.538461538461539,0.16856229446825
"TGI_percent_Day_24_control_median",672,8,0.426739432941679,0.291696665345546,0.544303797468354,0.163088312636417
"TGI_percent_Day_24_control_median",673,8,0.982882077754544,1.23794322736871e-05,1,0
"TGI_percent_Day_24_control_median",674,8,0.153106011277652,0.717380963121502,0.0769230769230769,0.856337178454751
"TGI_percent_Day_24_control_median",675,8,0.602913282158063,0.11361481833555,0.670886075949367,0.0685705618098423
"TGI_percent_Day_24_control_median",676,8,0.506810022755264,0.199914117625055,0.333333333333333,0.419753086419753
"TGI_percent_Day_24_control_median",677,8,0.302940331774803,0.465782207644533,-0.037037037037037,0.930619036000442
"TGI_percent_Day_24_control_median",678,8,0.606186639294152,0.11114375097987,0.390243902439024,0.339186635335989
"TGI_percent_Day_24_control_median",679,8,0.629179303093849,0.0946530490098867,0.654320987654321,0.07834458818895
"TGI_percent_Day_24_control_median",680,8,0.608978468521533,0.109060539036471,0.746835443037975,0.033252559177418
"TGI_percent_Day_24_control_median",681,8,0.753093568643444,0.0310060017076619,0.518987341772152,0.187514534406167
"TGI_percent_Day_24_control_median",682,8,0.446000663727862,0.268027194439135,0.316455696202532,0.445069441835733
"TGI_percent_Day_24_control_median",683,8,0.412689437023863,0.309576070860622,0.392405063291139,0.336280494675457
"TGI_percent_Day_24_control_median",684,8,0.745071118956126,0.0339033970523194,0.675,0.0662613269042968
"TGI_percent_Day_24_control_median",685,8,0.568164288113068,0.141751368047018,0.658536585365854,0.0757845840293002
"TGI_percent_Day_24_control_median",686,8,0.738933060144669,0.0362281180391384,0.560975609756098,0.148007079914522
"TGI_percent_Day_24_control_median",687,8,0.592574238071549,0.12162242708981,0.594936708860759,0.119765536998206
"TGI_percent_Day_24_control_median",688,8,0.606960025521593,0.110564420453192,0.341463414634146,0.407782409074504
"TGI_percent_Day_24_control_median",689,8,0.76974679243492,0.0254906023574214,0.721518987341772,0.043343002111805
"TGI_percent_Day_24_control_median",690,8,0.705560885306005,0.050553072225236,0.753086419753086,0.0310085131644479
"TGI_percent_Day_24_control_median",691,8,0.772697112398213,0.0245822631285793,0.775,0.0238873864746093
"TGI_percent_Day_24_control_median",692,8,0.909607590900734,0.0017235276581682,0.846153846153846,0.00808525881177396
"TGI_percent_Day_24_control_median",693,8,0.833456056936726,0.0101540707695416,0.772151898734177,0.0247485870017686
"TGI_percent_Day_24_control_median",694,8,0.711048074395773,0.0479983380972849,0.6,0.11584
"TGI_percent_Day_24_control_median",695,8,0.613214256551076,0.105942633642264,0.658536585365854,0.0757845840293002
"TGI_percent_Day_24_control_median",696,8,0.697917572855569,0.0542451344618621,0.772151898734177,0.0247485870017686
"TGI_percent_Day_24_control_median",697,8,0.7016244501949,0.0524350561629732,0.560975609756098,0.148007079914522
"TGI_percent_Day_24_control_median",698,8,0.5140423885522,0.192499043554413,0.34375,0.404442485421896
"TGI_percent_Day_24_control_median",699,8,0.86799367752768,0.00519642670156533,0.620253164556962,0.100875222859378
"TGI_percent_Day_24_control_median",700,8,0.34576710845738,0.401506042055293,0.121951219512195,0.773598436910598
"TGI_percent_Day_24_control_median",701,8,0.91964727724716,0.00122009813939513,0.772151898734177,0.0247485870017686
"TGI_percent_Day_24_control_median",702,8,0.369645293656969,0.367461443840657,-0.048780487804878,0.908681575447135
"TGI_percent_Day_24_control_median",703,8,0.326784131661418,0.429503030004385,0.333333333333333,0.419753086419753
"TGI_percent_Day_24_control_median",704,8,0.307584272321023,0.45862202869874,-0.215189873417721,0.608801860963226
"TGI_percent_Day_24_control_median",705,8,0.387360348918558,0.343082225382885,0.0886075949367088,0.834728317893272
"TGI_percent_Day_24_control_median",706,8,0.455457654746513,0.256768292510851,0.523809523809524,0.182720750539715
"TGI_percent_Day_24_control_median",707,8,-0.185485594839926,0.660109193152355,-0.605263157894737,0.111837768489366
"TGI_percent_Day_24_control_median",708,8,0.683295043924178,0.061746770871,0.721518987341772,0.043343002111805
"TGI_percent_Day_24_control_median",709,8,0.552199925032568,0.155845779567587,0.367088607594937,0.371042516598345
"TGI_percent_Day_24_control_median",710,8,0.608712446047098,0.109258074472847,0.555555555555556,0.152822232383275
"TGI_percent_Day_24_control_median",711,8,0.43786009116233,0.277910870561315,0.439024390243902,0.276486445900293
"TGI_percent_Day_24_control_median",712,8,0.725654289583967,0.0415830698850703,0.609756097560976,0.108484275261192
"TGI_percent_Day_24_control_median",713,8,0.436738498743969,0.279286449828079,0.228915662650602,0.585542062912906
"TGI_percent_Day_24_control_median",714,8,0.543204913744956,0.16411044431302,0.560975609756098,0.148007079914522
"TGI_percent_Day_24_control_median",715,8,0.7014816788131,0.0525040909008721,0.604938271604938,0.112082511292616
"TGI_percent_Day_24_control_median",716,8,0.489043842781001,0.218754950200862,0.45679012345679,0.255201343606103
"TGI_percent_Day_24_control_median",717,8,0.580680455268582,0.131215448253774,0.536585365853659,0.170340970786708
"TGI_percent_Day_24_control_median",718,8,0.427237791343369,0.291071909159504,0.594936708860759,0.119765536998206
"TGI_percent_Day_24_control_median",719,8,0.65963605970388,0.0751250863535795,0.316455696202532,0.445069441835733
"TGI_percent_Day_24_control_median",720,8,0.594333302970523,0.120238280852902,0.292682926829268,0.481754330094079
"TGI_percent_Day_24_control_median",721,8,0.627894001815794,0.0955349773186612,0.634146341463415,0.0912890821441658
"TGI_percent_Day_24_control_median",722,8,0.446000663727862,0.268027194439135,0.316455696202532,0.445069441835733
"TGI_percent_Day_24_control_median",723,8,0.739887481624384,0.0358604462304793,0.594936708860759,0.119765536998206
"TGI_percent_Day_24_control_median",724,8,0.927347641258106,0.000907233640773466,0.846153846153846,0.00808525881177396
"TGI_percent_Day_24_control_median",725,8,0.603214141504209,0.113386412100217,0.609756097560976,0.108484275261192
"TGI_percent_Day_24_control_median",726,8,0.695486059359315,0.0554524738319992,0.75609756097561,0.0299617108971145
"TGI_percent_Day_24_control_median",727,8,0.598741256235395,0.116808996995478,0.215189873417721,0.608801860963225
"TGI_percent_Day_24_control_median",728,8,0.833456056936726,0.0101540707695416,0.772151898734177,0.0247485870017686
"TGI_percent_Day_24_control_median",729,8,0.546695461126077,0.160875688832318,0.590361445783133,0.123376267991455
"TGI_percent_Day_24_control_median",730,8,0.723790947283352,0.0423706126246072,0.594936708860759,0.119765536998206
"TGI_percent_Day_24_control_median",731,8,0.767927969874413,0.026060771539036,0.79746835443038,0.0177421304392543
"TGI_percent_Day_24_control_median",732,8,0.519315635175869,0.187186074666008,0.609756097560976,0.108484275261192
"TGI_percent_Day_24_control_median",733,8,0.749562919887593,0.0322615895741283,0.89873417721519,0.00240296148046003
"TGI_percent_Day_24_control_median",734,8,0.688239970539985,0.059145046693125,0.89873417721519,0.00240296148046003
"TGI_percent_Day_24_control_median",735,8,0.685807061082948,0.0604167726799647,0.775,0.0238873864746093
"TGI_percent_Day_24_control_median",736,8,0.357018714520101,0.385297836491025,0.324324324324324,0.433189333282495
"TGI_percent_Day_24_control_median",737,8,0.557437739441486,0.151140513199999,0.594594594594595,0.120033440693325
"TGI_percent_Day_24_control_median",738,8,0.775023808472524,0.0238802668937695,0.923076923076923,0.00107327636125646
"TGI_percent_Day_24_control_median",739,8,0.72489588675198,0.0419025281389084,0.6,0.11584
"TGI_percent_Day_24_control_median",740,8,0.551593221561839,0.156395902596011,0.609756097560976,0.108484275261192
"TGI_percent_Day_24_control_median",741,8,0.392264298537568,0.336469429223376,-0.075,0.859901453857422
"TGI_percent_Day_24_control_median",742,8,0.562088081039546,0.147029239742474,0.240506329113924,0.566138469404116
"TGI_percent_Day_24_control_median",743,8,0.590645408740307,0.123150411423683,0.447368421052632,0.266383944879122
"TGI_percent_Day_24_control_median",744,8,0.459964381620531,0.251487901647631,0.753424657534246,0.0308898246525729
"TGI_percent_Day_24_control_median",745,8,0.649438227180996,0.0813720860112243,0.555555555555556,0.152822232383275
"TGI_percent_Day_24_control_median",746,8,0.757214721725812,0.0295789464488324,0.654320987654321,0.07834458818895
"TGI_percent_Day_24_control_median",747,8,0.563149190208027,0.146099871390966,0.240506329113924,0.566138469404116
"TGI_percent_Day_24_control_median",748,8,0.210162872798845,0.617394070858921,0.259259259259259,0.535232404809648
"TGI_percent_Day_24_control_median",749,8,0.691368220895595,0.0575334784080999,0.609756097560976,0.108484275261192
"TGI_percent_Day_24_control_median",750,8,0.894216907887147,0.00272948294781918,0.594936708860759,0.119765536998206
"TGI_percent_Day_24_control_median",751,8,0.823397769577361,0.0120104112458721,0.594936708860759,0.119765536998206
"TGI_percent_Day_24_control_median",752,8,0.851187680964002,0.00734651771454636,0.382716049382716,0.34939965019076
"TGI_percent_Day_24_control_median",753,8,0.792699223213877,0.0189520974666495,0.620253164556962,0.100875222859378
"TGI_percent_Day_24_control_median",754,8,0.550080078607813,0.157772547519176,0.614457831325301,0.105037035536878
"TGI_percent_Day_24_control_median",755,8,-0.961651173825942,0.000136968499795333,-0.846153846153846,0.00808525881177397
"TGI_percent_Day_24_control_median",756,8,0.752240256713756,0.0313066595239154,0.609756097560976,0.108484275261192
"TGI_percent_Day_24_control_median",757,8,-0.159680941795604,0.705648734482122,-0.164556962025316,0.696980493011756
"TGI_percent_Day_24_control_median",758,8,0.766692808143391,0.0264524279572609,0.777777777777778,0.023065589595082
"TGI_percent_Day_24_control_median",759,8,0.361306367600676,0.379198839649339,0.113924050632911,0.788233439851227
"TGI_percent_Day_24_control_median",760,8,0.639191063685325,0.0879443077504801,0.79746835443038,0.0177421304392543
"TGI_percent_Day_24_control_median",761,8,0.409972372079803,0.313092493649574,0.113924050632911,0.788233439851227
"TGI_percent_Day_24_control_median",762,8,0.767568598618321,0.0261743519310021,0.580246913580247,0.131572836527669
"TGI_percent_Day_24_control_median",763,8,0.196868871065985,0.640297615852058,-0.0632911392405063,0.881645645130732
"TGI_percent_Day_24_control_median",764,8,0.920125732242461,0.00119887518140365,0.69620253164557,0.0550950655487157
"TGI_percent_Day_24_control_median",765,8,0.434408956991196,0.282154171231217,0.228915662650602,0.585542062912906
"TGI_percent_Day_24_control_median",766,8,0.720971994358567,0.0435791110965288,0.230769230769231,0.582424123266531
"TGI_percent_Day_24_control_median",767,8,0.25990869104892,0.534173295805281,-0.263157894736842,0.528885961344841
"TGI_percent_Day_24_control_median",768,8,0.654474860053659,0.078250270177075,0.594936708860759,0.119765536998206
"TGI_percent_Day_24_control_median",769,8,0.752579987344829,0.0311867445861162,0.710843373493976,0.0480922136045094
"TGI_percent_Day_24_control_median",770,8,-0.397115775068917,0.329986295565795,-0.538461538461539,0.16856229446825
"TGI_percent_Day_24_control_median",771,8,0.955443801516765,0.000213814553473824,0.924050632911392,0.00103380815542862
"TGI_percent_Day_24_control_median",772,8,0.753419810485305,0.0308915235201289,0.772151898734177,0.0247485870017686
"TGI_percent_Day_24_control_median",773,8,0.722541961674698,0.0429035189576984,0.707317073170732,0.0497267470387709
"TGI_percent_Day_24_control_median",774,8,0.622172260568085,0.0995182571358885,0.686746987951807,0.0599235467192919
"TGI_percent_Day_24_control_median",775,8,0.449984259871836,0.263255215933208,0.0731707317073171,0.863293782609012
"TGI_percent_Day_24_control_median",776,8,0.470706509503624,0.239124905905451,0.24390243902439,0.560495956966516
"TGI_percent_Day_24_control_median",777,8,0.92423677804058,0.00102637263468179,0.780821917808219,0.0221854065027459
"TGI_percent_Day_24_control_median",778,8,0.412903255286393,0.309300151172441,0.538461538461539,0.16856229446825
"TGI_percent_Day_24_control_median",779,8,0.599385976725632,0.116312112813103,0.614457831325301,0.105037035536878
"TGI_percent_Day_24_control_median",780,8,0.180268682845958,0.669247524152817,-0.160493827160494,0.70420169577901
"TGI_percent_Day_24_control_median",781,8,0.440183398668176,0.275072072615455,0.2,0.63488
"TGI_percent_Day_24_control_median",782,8,0.73625998186068,0.0372700793095953,0.662650602409638,0.07333419331769
"TGI_percent_Day_24_control_median",783,8,0.735526322559187,0.0375592146110406,0.772151898734177,0.0247485870017686
"TGI_percent_Day_24_control_median",784,8,0.704559067732773,0.0510281194661531,0.645569620253164,0.0838184337745055
"TGI_percent_Day_24_control_median",785,8,0.515759098833765,0.190760731368581,0.560975609756098,0.148007079914522
"TGI_percent_Day_24_control_median",786,8,0.0105695965943283,0.9801834823324,-0.210526315789474,0.61677158304252
"TGI_percent_Day_24_control_median",787,8,0.894932582879109,0.00267594875972465,0.829268292682927,0.0109030266752834
"TGI_percent_Day_24_control_median",788,8,0.730304521111643,0.0396566066615901,0.829268292682927,0.0109030266752834
"TGI_percent_Day_24_control_median",789,8,0.974247779139793,4.18753091783476e-05,1,2.73691106313438e-47
"TGI_percent_Day_24_control_median",790,8,0.35197394673875,0.392528764654929,0.121951219512195,0.773598436910598
"TGI_percent_Day_24_control_median",791,8,0.59159066192539,0.122400257931627,0.604938271604938,0.112082511292616
"TGI_percent_Day_24_control_median",792,8,0.767279235478817,0.026266028017625,0.487804878048781,0.220101844181823
"TGI_percent_Day_24_control_median",793,8,-0.0508012614574108,0.904911390732195,-0.287671232876712,0.489635358193826
"TGI_percent_Day_24_control_median",794,8,0.715003587783143,0.0462059996149484,0.731707317073171,0.0390863390212493
"TGI_percent_Day_24_control_median",795,8,0.771860089051446,0.0248378925072006,0.822784810126582,0.0121299609627337
"TGI_percent_Day_24_control_median",796,8,0.63546964686262,0.0904047051009984,0.414634146341463,0.307070866237017
"TGI_percent_Day_24_control_median",797,8,0.59209996606476,0.121997142168475,0.555555555555556,0.152822232383275
"TGI_percent_Day_24_control_median",798,8,0.909685479970024,0.00171917981963701,0.728395061728395,0.0404409294591197
"TGI_percent_Day_24_control_median",799,8,0.845079226456477,0.00824884316230559,0.79746835443038,0.0177421304392543
"TGI_percent_Day_24_control_median",800,8,0.831666987431137,0.0104699047131464,0.518987341772152,0.187514534406167
"TGI_percent_Day_24_control_median",801,8,0.713402181744638,0.0469266809407625,0.5,0.20703125
"TGI_percent_Day_24_control_median",802,8,0.714374262268329,0.046488412574054,0.555555555555556,0.152822232383275
"TGI_percent_Day_24_control_median",803,8,0.343300699301189,0.40509782440865,0.0886075949367088,0.834728317893272
"TGI_percent_Day_24_control_median",804,8,0.343944779693328,0.404158527118093,0.111111111111111,0.793374993649342
"TGI_percent_Day_24_control_median",805,8,0.687316671809174,0.0596257759142111,0.822784810126582,0.0121299609627337
"TGI_percent_Day_24_control_median",806,8,0.602150228541454,0.114195281277147,0.536585365853659,0.170340970786708
"TGI_percent_Day_24_control_median",807,8,-0.481228233784182,0.227322947785296,-0.654320987654321,0.07834458818895
"TGI_percent_Day_24_control_median",808,8,0.366914562474491,0.371286863256389,-0.265822784810127,0.52456393016539
"TGI_percent_Day_24_control_median",809,8,0.610818458314712,0.10769981814817,0.382716049382716,0.34939965019076
"TGI_percent_Day_24_control_median",810,8,0.748974723951882,0.0324737445265141,0.560975609756098,0.148007079914522
"TGI_percent_Day_24_control_median",811,8,0.733541204261049,0.0383483883026457,0.682926829268293,0.0619431712593441
"TGI_percent_Day_24_control_median",812,8,0.850013235616317,0.00751484692023958,0.594936708860759,0.119765536998206
"TGI_percent_Day_24_control_median",813,8,0.677927868747045,0.0646462712521628,0.615384615384616,0.104365016307875
"TGI_percent_Day_24_control_median",814,8,0.873255446855048,0.00461852550480513,0.780487804878049,0.0222809739808402
"TGI_percent_Day_24_control_median",815,8,0.814709168645641,0.0137756101162475,0.518987341772152,0.187514534406167
"TGI_percent_Day_24_control_median",816,8,-0.358397902245348,0.383331299574664,-0.538461538461539,0.16856229446825
"TGI_percent_Day_24_control_median",817,8,0.906028349884404,0.00193111590448375,0.780487804878049,0.0222809739808402
"TGI_percent_Day_24_control_median",818,8,0.192172031958267,0.648450319236735,-0.0632911392405063,0.881645645130732
"TGI_percent_Day_24_control_median",819,8,0.484040157048812,0.22422076123941,0.27710843373494,0.506407569961192
"TGI_percent_Day_24_control_median",820,8,0.885494353988176,0.00343841005590248,0.917808219178082,0.00130395207243573
"TGI_percent_Day_24_control_median",821,8,0.761954189453115,0.0279886327324256,0.560975609756098,0.148007079914522
"TGI_percent_Day_24_control_median",822,8,0.808664297197633,0.0150948949654335,0.75,0.0321044921874999
"TGI_percent_Day_24_control_median",823,8,0.68803102491762,0.0592536344961892,0.829268292682927,0.0109030266752834
"TGI_percent_Day_24_control_median",824,8,0.201513632031491,0.63226609724124,0.240506329113924,0.566138469404116
"TGI_percent_Day_24_control_median",825,8,0.699567138181214,0.0534351021865751,0.917808219178082,0.00130395207243573
"TGI_percent_Day_24_control_median",826,8,0.3535297258032,0.390292480584911,0.234567901234568,0.576051906571553
"TGI_percent_Day_24_control_median",827,8,0.46993812559347,0.239998737933324,0.317073170731707,0.444132360252344
"TGI_percent_Day_24_control_median",828,8,0.718239446722185,0.0447702608383029,0.542168674698795,0.165077483817168
"TGI_percent_Day_24_control_median",829,8,0.606898661566703,0.110610324336286,0.731707317073171,0.0390863390212493
"TGI_percent_Day_24_control_median",830,8,0.314736138558364,0.447683336265803,0.121951219512195,0.773598436910598
"TGI_percent_Day_24_control_median",831,8,0.735686842163246,0.0374958373871461,0.851851851851852,0.00725239908517074
"TGI_percent_Day_24_control_median",832,8,0.471253411269386,0.238503939156484,0.44578313253012,0.268289002774831
"TGI_percent_Day_24_control_median",833,8,0.494937587084976,0.212406511872661,0.0886075949367088,0.834728317893272
"TGI_percent_Day_24_control_median",834,8,0.438363918780272,0.277294036765542,0.121951219512195,0.773598436910598
"TGI_percent_Day_24_control_median",835,8,0.617265684651808,0.103008608508901,0.325301204819277,0.431723785085098
"TGI_percent_Day_24_control_median",836,8,-0.182432573825728,0.665452716035457,-0.282051282051282,0.498531973667064
"TGI_percent_Day_24_control_median",837,8,0.553212675937379,0.154929837319851,0.518072289156627,0.188431668335035
"TGI_percent_Day_24_control_median",838,8,0.672309453915022,0.0677662999859309,0.679012345679012,0.0640540395718031
"TGI_percent_Day_24_control_median",839,8,0.52158679143797,0.184922166904132,0.643835616438356,0.0849286568753826
"TGI_percent_Day_24_control_median",840,8,0.327596047648215,0.428289184695525,0.24390243902439,0.560495956966516
"TGI_percent_Day_24_control_median",841,8,0.392144645654321,0.336630066187917,0.589041095890411,0.124429494317035
"TGI_percent_Day_24_control_median",842,8,0.597786340368517,0.117547148070849,-0.0632911392405063,0.881645645130732
"TGI_percent_Day_24_control_median",843,8,0.546695461126077,0.160875688832318,0.590361445783133,0.123376267991455
"TGI_percent_Day_24_control_median",844,8,0.00709700119769141,0.98669356956968,-0.195121951219512,0.643326273058099
"TGI_percent_Day_24_control_median",845,8,0.608978468521533,0.109060539036471,0.746835443037975,0.033252559177418
"TGI_percent_Day_24_control_median",846,8,0.429004776383378,0.288862012107627,0.316455696202532,0.445069441835733
"TGI_percent_Day_24_control_median",847,8,0.490691404517328,0.216970501718214,0.560975609756098,0.148007079914522
"TGI_percent_Day_24_control_median",848,8,0.878999393727446,0.00403676489420806,0.62962962962963,0.0943451651056068
"TGI_percent_Day_24_control_median",849,8,0.664362617956551,0.0723283940159932,0.731707317073171,0.0390863390212493
"TGI_percent_Day_24_control_median",850,8,0.514993573676739,0.191534856129092,-0.215189873417721,0.608801860963226
"TGI_percent_Day_24_control_median",851,8,0.393444875846151,0.33488638655124,0.0731707317073171,0.863293782609012
"TGI_percent_Day_24_control_median",852,8,0.674503443661738,0.066537575896324,0.555555555555556,0.152822232383275
"TGI_percent_Day_24_control_median",853,8,0.712350412867426,0.0474036737724299,0.62962962962963,0.0943451651056068
"TGI_percent_Day_24_control_median",854,8,0.99588079921217,1.74195213205638e-07,1,0
"TGI_percent_Day_24_control_median",855,8,0.632202618076717,0.0925971194811208,0.195121951219512,0.643326273058099
"TGI_percent_Day_24_control_median",856,8,0.740030081141777,0.0358057091489483,0.620253164556962,0.100875222859378
"TGI_percent_Day_24_control_median",857,8,0.457762886009017,0.254060439226985,0.620253164556962,0.100875222859378
"TGI_percent_Day_24_control_median",858,8,-0.357225885699503,0.385002154207108,-0.643835616438356,0.0849286568753827
"TGI_percent_Day_24_control_median",859,8,0.602831710747083,0.113676790566693,0.240506329113924,0.566138469404116
"TGI_percent_Day_24_control_median",860,8,0.775926909615077,0.0236111783042384,0.643835616438356,0.0849286568753826
"TGI_percent_Day_24_control_median",861,8,0.407091946333778,0.316840957533346,0.407407407407407,0.316429397723464
"TGI_percent_Day_24_control_median",862,8,0.681791110127953,0.0625512822811016,0.89873417721519,0.00240296148046003
"TGI_percent_Day_24_control_median",863,8,0.603979860252745,0.112806269313648,0.780487804878049,0.0222809739808402
"TGI_percent_Day_24_control_median",864,8,-0.159680941795604,0.705648734482122,-0.164556962025316,0.696980493011756
"TGI_percent_Day_24_control_median",865,8,0.537816207621044,0.169172951838244,0.675,0.0662613269042968
"TGI_percent_Day_24_control_median",866,8,0.644124365823241,0.0847431909151761,0.432432432432432,0.284598569995075
"TGI_percent_Day_24_control_median",867,8,0.0529562575842309,0.900892496710855,0.0379746835443038,0.928865891742792
"TGI_percent_Day_24_control_median",868,8,0.606186639294152,0.11114375097987,0.390243902439024,0.339186635335989
"TGI_percent_Day_24_control_median",869,8,0.574097569142409,0.136700450464957,0.728395061728395,0.0404409294591197
"TGI_percent_Day_24_control_median",870,8,0.605533838102508,0.111634091978208,0.707317073170732,0.0497267470387709
"TGI_percent_Day_24_control_median",871,8,0.699974852654371,0.0532360148927415,0.5,0.20703125
"TGI_percent_Day_24_control_median",872,8,0.0578499077123426,0.89177318155519,-0.308641975308642,0.456997506224647
"TGI_percent_Day_24_control_median",873,8,0.676244904174726,0.0655717364350278,0.710843373493976,0.0480922136045094
"TGI_percent_Day_24_control_median",874,8,0.574825735836549,0.136087572986788,0.268292682926829,0.520569891636616
"TGI_percent_Day_24_control_median",875,8,-0.212381934789624,0.613596480756036,-0.615384615384616,0.104365016307875
"TGI_percent_Day_24_control_median",876,8,0.470216946829636,0.239681465558161,0.62962962962963,0.0943451651056068
"TGI_percent_Day_24_control_median",877,8,0.621746028901482,0.0998187293278562,0.333333333333333,0.419753086419753
"TGI_percent_Day_24_control_median",878,8,0.710742332122728,0.0481385917525529,0.538461538461539,0.16856229446825
"TGI_percent_Day_24_control_median",879,8,-0.0974336902343471,0.818464749908598,-0.195121951219512,0.643326273058099
"TGI_percent_Day_24_control_median",880,8,0.597163941541735,0.118029677352055,0.609756097560976,0.108484275261192
"TGI_percent_Day_24_control_median",881,8,0.833741701231086,0.0101042112534676,0.923076923076923,0.00107327636125646
"TGI_percent_Day_24_control_median",882,8,0.78289705515433,0.0215975525966282,0.620253164556962,0.100875222859378
"TGI_percent_Day_24_control_median",883,8,-0.494070203907686,0.213334712741389,-0.69620253164557,0.0550950655487158
"TGI_percent_Day_24_control_median",884,8,0.551756921877314,0.156247364405316,0.536585365853659,0.170340970786708
"TGI_percent_Day_24_control_median",885,8,0.604878230535987,0.112127774573198,0.463414634146342,0.247482670349255
"TGI_percent_Day_24_control_median",886,8,0.716489386134886,0.0455433569069615,0.731707317073171,0.0390863390212493
"TGI_percent_Day_24_control_median",887,8,0.654899007726544,0.0779906275046888,0.728395061728395,0.0404409294591197
"TGI_percent_Day_24_control_median",888,8,0.374873595290692,0.360187110790154,0.2,0.63488
"TGI_percent_Day_24_control_median",889,8,0.824768981616841,0.0117456768340289,0.392405063291139,0.336280494675457
"TGI_percent_Day_24_control_median",890,8,0.3776762455719,0.35631483265958,0.544303797468354,0.163088312636417
"TGI_percent_Day_24_control_median",891,8,0.782685447755448,0.0216570485946815,0.829268292682927,0.0109030266752834
"TGI_percent_Day_24_control_median",892,8,0.706662710120973,0.0500336825987988,0.759036144578313,0.0289613665710024
"TGI_percent_Day_24_control_median",893,8,0.66902826810574,0.0696287273521259,0.615384615384616,0.104365016307875
"TGI_percent_Day_24_control_median",894,8,0.740030081141777,0.0358057091489483,0.620253164556962,0.100875222859378
"TGI_percent_Day_24_control_median",895,8,0.787960914772584,0.0202040077137005,0.643835616438356,0.0849286568753826
"TGI_percent_Day_24_control_median",896,8,0.573682120549236,0.137050807627027,0.609756097560976,0.108484275261192
"TGI_percent_Day_24_control_median",897,8,0.526376222260968,0.180196189237116,-0.0379746835443038,0.928865891742792
"TGI_percent_Day_24_control_median",898,8,0.505227283456164,0.201556568481012,0.439024390243902,0.276486445900293
"TGI_percent_Day_24_control_median",899,8,0.873626333071138,0.00457943160389717,0.4,0.32616
"TGI_percent_Day_24_control_median",900,8,0.430805271170683,0.286618637525218,0.268292682926829,0.520569891636616
"TGI_percent_Day_24_control_median",901,8,0.203257146381362,0.62925932750308,0.160493827160494,0.70420169577901
"TGI_percent_Day_24_control_median",902,8,0.46993812559347,0.239998737933323,0.317073170731707,0.444132360252344
"TGI_percent_Day_24_control_median",903,8,0.60622723473783,0.111113298849414,0.316455696202532,0.445069441835733
"TGI_percent_Day_24_control_median",904,8,0.454257981251284,0.258183189928183,0.45679012345679,0.255201343606103
"TGI_percent_Day_24_control_median",905,8,0.691886065105864,0.05726926064773,0.291139240506329,0.484176479990479
"TGI_percent_Day_24_control_median",906,8,0.590441649989834,0.123312452133453,0.728395061728395,0.0404409294591197
"TGI_percent_Day_24_control_median",907,8,0.210162872798845,0.617394070858921,0.259259259259259,0.535232404809648
"TGI_percent_Day_24_control_median",908,8,0.539753448584109,0.167343386988894,0.560975609756098,0.148007079914522
"TGI_percent_Day_24_control_median",909,8,0.746036566062373,0.0335462983451599,0.777777777777778,0.023065589595082
"TGI_percent_Day_24_control_median",910,8,0.687666800462504,0.059443203457058,0.324324324324324,0.433189333282495
"TGI_percent_Day_24_control_median",911,8,0.744023162546601,0.0342936369871808,0.822784810126582,0.0121299609627337
"TGI_percent_Day_24_control_median",912,8,0.22960915743192,0.584374859037623,-0.150684931506849,0.72171342613154
"TGI_percent_Day_24_control_median",913,8,0.546695461126077,0.160875688832318,0.590361445783133,0.123376267991455
"TGI_percent_Day_24_control_median",914,8,0.555960963931631,0.152459140164514,0.439024390243902,0.276486445900293
"TGI_percent_Day_24_control_median",915,8,0.592489316193228,0.121689474895307,0.69620253164557,0.0550950655487157
"TGI_percent_Day_24_control_median",916,8,0.932875885270996,0.000718540782786855,0.615384615384616,0.104365016307875
"TGI_percent_Day_24_control_median",917,8,0.318750087539967,0.44159158362857,0.234567901234568,0.576051906571553
"TGI_percent_Day_24_control_median",918,8,0.471990480615521,0.237668352196483,0.24390243902439,0.560495956966516
"TGI_percent_Day_24_control_median",919,8,0.489013462514906,0.218787925751069,0.317073170731707,0.444132360252344
"TGI_percent_Day_24_control_median",920,8,0.70847028118703,0.0491885854508532,0.891891891891892,0.00290816977750491
"TGI_percent_Day_24_control_median",921,8,0.612341567016615,0.106580794902644,0.654320987654321,0.07834458818895
"TGI_percent_Day_24_control_median",922,8,0.42677681630129,0.291649777948305,0.275,0.509781307373047
"TGI_percent_Day_24_control_median",923,8,0.666185902512724,0.0712661953833987,0.634146341463415,0.0912890821441658
"TGI_percent_Day_24_control_median",924,8,0.635469646862621,0.0904047051009983,0.414634146341463,0.307070866237017
"TGI_percent_Day_24_control_median",925,8,0.752579987344829,0.0311867445861161,0.710843373493976,0.0480922136045094
"TGI_percent_Day_24_control_median",926,8,0.902313123731199,0.00216308930084955,0.702702702702703,0.0519154430428595
"TGI_percent_Day_24_control_median",927,8,0.634951518003182,0.090750382437252,0.772151898734177,0.0247485870017686
"TGI_percent_Day_24_control_median",928,8,0.221535067920248,0.598012212626273,0.308641975308642,0.456997506224647
"TGI_percent_Day_24_control_median",929,8,0.712170155250601,0.0474857153664387,0.609756097560976,0.108484275261192
"TGI_percent_Day_24_control_median",930,8,0.49988281184133,0.207154866197716,-0.0769230769230769,0.856337178454751
"TGI_percent_Day_24_control_median",931,8,0.543165070175429,0.164147570147198,0.555555555555556,0.152822232383275
"TGI_percent_Day_24_control_median",932,8,0.468733758051519,0.241371647110874,-0.037037037037037,0.930619036000442
"TGI_percent_Day_24_control_median",933,8,0.602226347624007,0.114137301431776,0.842105263157895,0.0087124949365918
"TGI_percent_Day_24_control_median",934,8,0.756495368718632,0.0298250658604814,0.481481481481481,0.227042659068039
"TGI_percent_Day_24_control_median",935,8,0.68010604884401,0.0634600386634207,0.575,0.135941126708984
"TGI_percent_Day_24_control_median",936,8,0.516990743919276,0.189518742731262,0.390243902439024,0.339186635335989
"TGI_percent_Day_24_control_median",937,8,0.346325356421541,0.40069500173145,0.216216216216216,0.607052378046439
"TGI_percent_Day_24_control_median",938,8,0.930936582659402,0.000781470952422198,0.924050632911392,0.00103380815542862
"TGI_percent_Day_24_control_median",939,8,0.59062076744334,0.123170001238611,0.275,0.509781307373047
"TGI_percent_Day_24_control_median",940,8,0.393444875846151,0.33488638655124,0.0731707317073171,0.863293782609012
"TGI_percent_Day_24_control_median",941,8,0.695344859917491,0.0555230734327248,0.518072289156627,0.188431668335035
"TGI_percent_Day_24_control_median",942,8,0.516990743919276,0.189518742731262,0.390243902439024,0.339186635335989
"TGI_percent_Day_24_control_median",943,8,0.77338065437578,0.0243747210954046,0.538461538461539,0.16856229446825
"TGI_percent_Day_24_control_median",944,8,0.554597193818636,0.153682443615299,0.518072289156627,0.188431668335035
"TGI_percent_Day_24_control_median",945,8,0.558430356752576,0.150257727320303,0.560975609756098,0.148007079914522
"TGI_percent_Day_24_control_median",946,8,0.619747182309442,0.101234751488043,0.662650602409638,0.07333419331769
"TGI_percent_Day_24_control_median",947,8,0.73625998186068,0.0372700793095953,0.662650602409638,0.07333419331769
"TGI_percent_Day_24_control_median",948,8,-0.00541480790343371,0.989847433633005,0.447368421052632,0.266383944879122
"TGI_percent_Day_24_control_median",949,8,0.574267695321561,0.136557123007948,0.536585365853659,0.170340970786708
"TGI_percent_Day_24_control_median",950,8,0.774790435312325,0.0239501105508866,0.585365853658537,0.127387674311883
"TGI_percent_Day_24_control_median",951,8,0.584865653423689,0.127793295859783,0.615384615384616,0.104365016307875
"TGI_percent_Day_24_control_median",952,8,0.65205194189522,0.0797431465775893,0.542168674698795,0.165077483817168
"TGI_percent_Day_24_control_median",953,8,0.59739116548466,0.117853387296533,0.536585365853659,0.170340970786708
"TGI_percent_Day_24_control_median",954,8,0.606642146206657,0.110802330287812,0.317073170731707,0.444132360252344
"TGI_percent_Day_24_control_median",955,8,0.74889112356896,0.0325039673738658,0.707317073170732,0.0497267470387709
"TGI_percent_Day_24_control_median",956,8,0.928297326985479,0.000872757038144611,0.973684210526316,4.46660881693344e-05
"TGI_percent_Day_24_control_median",957,8,0.574598900763359,0.136278329570047,0.268292682926829,0.520569891636616
"TGI_percent_Day_24_control_median",958,8,0.902518247515531,0.00214983403976655,0.772151898734177,0.0247485870017686
"TGI_percent_Day_24_control_median",959,8,0.784027516942127,0.0212814321144694,0.829268292682927,0.0109030266752834
"TGI_percent_Day_24_control_median",960,8,0.135178879646698,0.749610384100294,0.316455696202532,0.445069441835733
"TGI_percent_Day_24_control_median",961,8,0.543190064849718,0.164124279830134,0.307692307692308,0.458455990282607
"TGI_percent_Day_24_control_median",962,8,0.752559232476317,0.0311940623415593,0.842105263157895,0.0087124949365918
"TGI_percent_Day_24_control_median",963,8,0.494708990721435,0.212650931985846,0.367088607594937,0.371042516598345
"TGI_percent_Day_24_control_median",964,8,0.473890557396563,0.235521204304238,0.5,0.20703125
"TGI_percent_Day_24_control_median",965,8,0.384060036807545,0.347566034586646,-0.105263157894737,0.804084671089484
"TGI_percent_Day_24_control_median",966,8,-0.0577106725217342,0.892032507276688,-0.0379746835443038,0.928865891742792
"TGI_percent_Day_24_control_median",967,8,0.923953698562962,0.00103769406386142,0.68421052631579,0.0612600707806916
"TGI_percent_Day_24_control_median",968,8,0.919759681196197,0.00121509036609512,0.794871794871795,0.0183947102705782
"TGI_percent_Day_24_control_median",969,8,0.453758575167043,0.258773337962061,0.228915662650602,0.585542062912906
"TGI_percent_Day_24_control_median",970,8,0.414623443971495,0.307084626569584,0.228915662650602,0.585542062912906
"TGI_percent_Day_24_control_median",971,8,0.501382308801689,0.205576034038728,0.0886075949367088,0.834728317893272
"TGI_percent_Day_24_control_median",972,8,0.970718791035441,6.13932096717827e-05,0.974683544303797,3.97984255471566e-05
"TGI_percent_Day_24_control_median",973,8,0.325897736278322,0.430829872501349,0.234567901234568,0.576051906571553
"TGI_percent_Day_24_control_median",974,8,0.553187917883447,0.154952193544147,0.384615384615385,0.346809662449871
"TGI_percent_Day_24_control_median",975,8,0.81988346296133,0.0127060230331633,0.620253164556962,0.100875222859378
"TGI_percent_Day_24_control_median",976,8,0.971467852659185,5.68333398121661e-05,0.923076923076923,0.00107327636125646
"TGI_percent_Day_24_control_median",977,8,0.556526024040897,0.151953850421866,0.5,0.20703125
"TGI_percent_Day_24_control_median",978,8,0.612246413461372,0.106650508874721,0.560975609756098,0.148007079914522
"TGI_percent_Day_24_control_median",979,8,0.74608950060084,0.0335267858820823,-0.150684931506849,0.72171342613154
"TGI_percent_Day_24_control_median",980,8,0.41768989163503,0.30315409215714,0.135802469135802,0.74848368865351
"TGI_percent_Day_24_control_median",981,8,0.687185117653875,0.0596944601911029,0.594936708860759,0.119765536998206
"TGI_percent_Day_24_control_median",982,8,0.533555375373649,0.173234803211686,0.536585365853659,0.170340970786708
"TGI_percent_Day_24_control_median",983,8,0.659016701264359,0.0754961804140456,0.731707317073171,0.0390863390212493
"TGI_percent_Day_24_control_median",984,8,0.331983792471228,0.421754427787993,-0.0632911392405063,0.881645645130732
"TGI_percent_Day_24_control_median",985,8,0.47520983693522,0.234036227668197,0.44578313253012,0.268289002774831
"TGI_percent_Day_24_control_median",986,8,0.709527437082899,0.0486983401908407,0.728395061728395,0.0404409294591197
"TGI_percent_Day_24_control_median",987,8,0.761258198950108,0.028218783445087,0.731707317073171,0.0390863390212493
"TGI_percent_Day_24_control_median",988,8,0.804513375478645,0.0160451436074411,0.316455696202532,0.445069441835733
"TGI_percent_Day_24_control_median",989,8,0.678273772929853,0.0644570225389699,0.367088607594937,0.371042516598345
"TGI_percent_Day_24_control_median",990,8,0.569458194278571,0.140641221552103,0.301204819277108,0.468469529828104
"TGI_percent_Day_24_control_median",991,8,0.697283408925093,0.0545584890137026,0.69620253164557,0.0550950655487157
"TGI_percent_Day_24_control_median",992,8,0.741137478137429,0.0353823694340184,0.589041095890411,0.124429494317035
"TGI_percent_Day_24_control_median",993,8,0.599843762803756,0.115960025317584,0.555555555555556,0.152822232383275
"TGI_percent_Day_24_control_median",994,8,0.46993812559347,0.239998737933324,0.317073170731707,0.444132360252344
"TGI_percent_Day_24_control_median",995,8,0.679151268068062,0.0639784075159265,0.634146341463415,0.0912890821441658
"TGI_percent_Day_24_control_median",996,8,0.381654556882077,0.350850983462711,0.538461538461539,0.16856229446825
"TGI_percent_Day_24_control_median",997,8,0.787030167031806,0.0204558099981748,0.620253164556962,0.100875222859378
"TGI_percent_Day_24_control_median",998,8,0.569458194278571,0.140641221552103,0.301204819277108,0.468469529828104
"TGI_percent_Day_24_control_median",999,8,0.773156286745217,0.0244427250723068,0.620253164556962,0.100875222859378
"TGI_percent_Day_24_control_median",1000,8,0.0696579036483173,0.869813310297705,-0.111111111111111,0.793374993649342
