"tgi_measure","iteration","n","pearson_r","pearson_p","spearman_rho","spearman_p"
"TGI_percent_Day_24_control_median",1,8,0.817296663257549,0.0132339335845085,0.728395061728395,0.0404409294591197
"TGI_percent_Day_24_control_median",2,8,-0.233491638037824,0.577854902469699,-0.240506329113924,0.566138469404116
"TGI_percent_Day_24_control_median",3,8,-0.744024203924121,0.0342932478400807,-0.728395061728395,0.0404409294591197
"TGI_percent_Day_24_control_median",4,8,-0.351591729035105,0.39307902342036,0.048780487804878,0.908681575447135
"TGI_percent_Day_24_control_median",5,8,-0.104197376682831,0.806039413613702,0.139240506329114,0.742278902896378
"TGI_percent_Day_24_control_median",6,8,0.792509894090909,0.0190011640838122,0.594936708860759,0.119765536998206
"TGI_percent_Day_24_control_median",7,8,-0.421983481851059,0.29769150662023,-0.407407407407407,0.316429397723464
"TGI_percent_Day_24_control_median",8,8,-0.268654521795714,0.519985721497908,-0.0120481927710843,0.977411824587767
"TGI_percent_Day_24_control_median",9,8,-0.288746509906,0.487940242757905,-0.468354430379747,0.241804882823014
"TGI_percent_Day_24_control_median",10,8,-0.643445999037542,0.0851792847590293,-0.392405063291139,0.336280494675457
"TGI_percent_Day_24_control_median",11,8,-0.625217932615004,0.0973863247700246,-0.384615384615385,0.346809662449871
"TGI_percent_Day_24_control_median",12,8,-0.551546150126679,0.156438628495104,-0.468354430379747,0.241804882823014
"TGI_percent_Day_24_control_median",13,8,-0.540683894023475,0.16646848460953,-0.382716049382716,0.34939965019076
"TGI_percent_Day_24_control_median",14,8,-0.610623637012162,0.107843433289052,-0.342465753424658,0.406316873398979
"TGI_percent_Day_24_control_median",15,8,-0.811058400871459,0.0145633022237175,-0.728395061728395,0.0404409294591197
"TGI_percent_Day_24_control_median",16,8,-0.877574126562423,0.00417643410839132,-0.734939759036145,0.0377913597475923
"TGI_percent_Day_24_control_median",17,8,-0.567284167796974,0.142509255023948,-0.292682926829268,0.48175433009408
"TGI_percent_Day_24_control_median",18,8,-0.856271375836404,0.00664568075459758,-0.753086419753086,0.0310085131644479
"TGI_percent_Day_24_control_median",19,8,-0.754790935799197,0.0304132367445849,-0.746835443037975,0.0332525591774179
"TGI_percent_Day_24_control_median",20,8,-0.934248673455849,0.000676062795615215,-0.62962962962963,0.094345165105607
"TGI_percent_Day_24_control_median",21,8,0.957947756016209,0.00018009784871626,0.615384615384616,0.104365016307875
"TGI_percent_Day_24_control_median",22,8,-0.408321418540417,0.315238384174281,-0.121951219512195,0.773598436910597
"TGI_percent_Day_24_control_median",23,8,-0.966060962220269,9.52615829152709e-05,-0.926829268292683,0.000926422142911447
"TGI_percent_Day_24_control_median",24,8,-0.870837367390347,0.00487867290138302,-0.75609756097561,0.0299617108971145
"TGI_percent_Day_24_control_median",25,8,0.0541308939514414,0.89870266435479,0.421686746987952,0.298067492674002
"TGI_percent_Day_24_control_median",26,8,0.741335436453506,0.0353070170994697,0.540540540540541,0.166603118711555
"TGI_percent_Day_24_control_median",27,8,-0.884247543621501,0.00354849755167561,-0.634146341463415,0.0912890821441658
"TGI_percent_Day_24_control_median",28,8,-0.691848409628143,0.0572884490029814,-0.837837837837838,0.00940624141192286
"TGI_percent_Day_24_control_median",29,8,-0.172882678992232,0.68224605000703,0.036144578313253,0.932287918005115
"TGI_percent_Day_24_control_median",30,8,-0.432784300368764,0.284162655027124,-0.253012048192771,0.54545933813052
"TGI_percent_Day_24_control_median",31,8,-0.468931303566979,0.241146183764306,-0.421686746987952,0.298067492674002
"TGI_percent_Day_24_control_median",32,8,-0.0398522924072773,0.92535603106318,0.0379746835443038,0.928865891742792
"TGI_percent_Day_24_control_median",33,8,-0.163116380404732,0.699538521072443,0.215189873417721,0.608801860963225
"TGI_percent_Day_24_control_median",34,8,-0.801108263549727,0.0168520168976901,-0.536585365853659,0.170340970786708
"TGI_percent_Day_24_control_median",35,8,-0.0924879634965371,0.82757146089824,0.333333333333333,0.419753086419753
"TGI_percent_Day_24_control_median",36,8,-0.229560879177381,0.584456089588246,0.333333333333333,0.419753086419753
"TGI_percent_Day_24_control_median",37,8,-0.527280993880611,0.179310752049023,-0.135802469135802,0.74848368865351
"TGI_percent_Day_24_control_median",38,8,-0.973153762330584,4.74028661444413e-05,-0.925925925925926,0.000960491276443552
"TGI_percent_Day_24_control_median",39,8,-0.865274571323473,0.00551239688864709,-0.62962962962963,0.094345165105607
"TGI_percent_Day_24_control_median",40,8,-0.89266243643184,0.0028481374048957,-0.620253164556962,0.100875222859378
"TGI_percent_Day_24_control_median",41,8,-0.968923102122601,7.32951397811959e-05,-1,0
"TGI_percent_Day_24_control_median",42,8,-0.476492340684862,0.232597249159345,-0.0886075949367088,0.834728317893272
"TGI_percent_Day_24_control_median",43,8,-0.262820601921393,0.529433929485543,-0.146341463414634,0.729502115730516
"TGI_percent_Day_24_control_median",44,8,-0.613131157917157,0.1060033060325,-0.493670886075949,0.213762737730047
"TGI_percent_Day_24_control_median",45,8,-0.599774920403505,0.116012934082833,-0.468354430379747,0.241804882823014
"TGI_percent_Day_24_control_median",46,8,-0.811049429886849,0.014565271832338,-0.333333333333333,0.419753086419753
"TGI_percent_Day_24_control_median",47,8,-0.55435482117466,0.153900412806172,-0.468354430379747,0.241804882823014
"TGI_percent_Day_24_control_median",48,8,-0.612449191447396,0.106501975503252,-0.594936708860759,0.119765536998206
"TGI_percent_Day_24_control_median",49,8,-0.531921619692623,0.17480605020757,-0.292682926829268,0.48175433009408
"TGI_percent_Day_24_control_median",50,8,0.0037103940674792,0.993043074974569,0.048780487804878,0.908681575447135
"TGI_percent_Day_24_control_median",51,8,-0.180906797747738,0.66812782439771,0.132530120481928,0.75440042927224
"TGI_percent_Day_24_control_median",52,8,-0.60451109661207,0.112404772144671,-0.518072289156627,0.188431668335035
"TGI_percent_Day_24_control_median",53,8,0.299994760395669,0.470346885496255,0.538461538461539,0.16856229446825
"TGI_percent_Day_24_control_median",54,8,-0.379359186108508,0.353998760457478,-0.594936708860759,0.119765536998206
"TGI_percent_Day_24_control_median",55,8,0.00264345495810283,0.995043545043606,0.365853658536585,0.37277785416078
"TGI_percent_Day_24_control_median",56,8,-0.271025072874976,0.516164656687725,0.307692307692308,0.458455990282607
"TGI_percent_Day_24_control_median",57,8,0.00575872660607107,0.989202626331566,0.392405063291139,0.336280494675457
"TGI_percent_Day_24_control_median",58,8,0.0610075289912849,0.88589439754285,0.162162162162162,0.701234279866665
"TGI_percent_Day_24_control_median",59,8,-0.111583716222426,0.792510695913921,-0.1,0.813746249999999
"TGI_percent_Day_24_control_median",60,8,-0.693301184524189,0.0565509277789173,-0.24390243902439,0.560495956966516
"TGI_percent_Day_24_control_median",61,8,0.0365809953157259,0.931471798670844,0.317073170731707,0.444132360252344
"TGI_percent_Day_24_control_median",62,8,-0.695203997136289,0.0555935582139489,-0.609756097560976,0.108484275261192
"TGI_percent_Day_24_control_median",63,8,-0.593153980742744,0.121165262300663,-0.439024390243902,0.276486445900293
"TGI_percent_Day_24_control_median",64,8,-0.478630217248023,0.230208638087204,-0.349397590361446,0.396244333445432
"TGI_percent_Day_24_control_median",65,8,-0.606476654250371,0.110926304136689,-0.367088607594937,0.371042516598345
"TGI_percent_Day_24_control_median",66,8,-0.977812288915877,2.68548245414952e-05,-1,0
"TGI_percent_Day_24_control_median",67,8,-0.479892443848812,0.228804311858626,-0.414634146341463,0.307070866237017
"TGI_percent_Day_24_control_median",68,8,-0.660351400041158,0.074697817957693,-0.392405063291139,0.336280494675457
"TGI_percent_Day_24_control_median",69,8,-0.471276390908838,0.238477865465544,-0.349397590361446,0.396244333445432
"TGI_percent_Day_24_control_median",70,8,-0.298290328064043,0.472996324078052,-0.036144578313253,0.932287918005115
"TGI_percent_Day_24_control_median",71,8,-0.111583716222426,0.792510695913921,-0.1,0.813746249999999
"TGI_percent_Day_24_control_median",72,8,-0.475046525186045,0.234219790493016,-0.414634146341463,0.307070866237017
"TGI_percent_Day_24_control_median",73,8,-0.94536062439721,0.000391280150518831,-0.853658536585366,0.00700028132287885
"TGI_percent_Day_24_control_median",74,8,-0.5137038096361,0.192842870121918,-0.121951219512195,0.773598436910597
"TGI_percent_Day_24_control_median",75,8,0.0923715501117723,0.827786022363725,0.670886075949367,0.0685705618098423
"TGI_percent_Day_24_control_median",76,8,-0.12762160452465,0.763295055986533,-0.027027027027027,0.949348996625618
"TGI_percent_Day_24_control_median",77,8,0.110685815244574,0.794152929658735,0.670886075949367,0.0685705618098423
"TGI_percent_Day_24_control_median",78,8,-0.823955434973527,0.0119022950544185,-0.620253164556962,0.100875222859378
"TGI_percent_Day_24_control_median",79,8,0.199034823810361,0.63654849419319,0.670886075949367,0.0685705618098423
"TGI_percent_Day_24_control_median",80,8,-0.449370744806052,0.26398737226136,-0.544303797468354,0.163088312636417
"TGI_percent_Day_24_control_median",81,8,-0.124268696383222,0.76938388768937,0.333333333333333,0.419753086419753
"TGI_percent_Day_24_control_median",82,8,-0.678069475209815,0.0645687567611317,-0.634146341463415,0.0912890821441658
"TGI_percent_Day_24_control_median",83,8,-0.487116248133821,0.220852312971017,-0.325,0.432175440673828
"TGI_percent_Day_24_control_median",84,8,-0.708040984366668,0.049388511624155,-0.275,0.509781307373047
"TGI_percent_Day_24_control_median",85,8,-0.806743237912284,0.0155301464217447,-0.634146341463415,0.0912890821441658
"TGI_percent_Day_24_control_median",86,8,-0.371815969816238,0.364433321214186,-0.240506329113924,0.566138469404116
"TGI_percent_Day_24_control_median",87,8,-0.471825797630513,0.237854917278338,-0.365853658536585,0.372777854160779
"TGI_percent_Day_24_control_median",88,8,0.320013545073926,0.439681246985408,0.578947368421053,0.132647361838117
"TGI_percent_Day_24_control_median",89,8,-0.186944337788436,0.657560449900274,-0.215189873417721,0.608801860963226
"TGI_percent_Day_24_control_median",90,8,-0.915610038085938,0.00140900129603313,-0.620253164556962,0.100875222859378
"TGI_percent_Day_24_control_median",91,8,-0.8180454582995,0.0130797257636638,-0.731707317073171,0.0390863390212493
"TGI_percent_Day_24_control_median",92,8,-0.581017842485813,0.130937699920977,-0.560975609756098,0.148007079914522
"TGI_percent_Day_24_control_median",93,8,-0.912825604523099,0.00154978304576606,-0.923076923076923,0.00107327636125645
"TGI_percent_Day_24_control_median",94,8,-0.551546150126679,0.156438628495104,-0.468354430379747,0.241804882823014
"TGI_percent_Day_24_control_median",95,8,0.095425741685554,0.822159959170524,0.414634146341463,0.307070866237017
"TGI_percent_Day_24_control_median",96,8,-0.308554526381815,0.457131729976612,-0.121951219512195,0.773598436910597
"TGI_percent_Day_24_control_median",97,8,-0.689877820419274,0.0582979723570872,-0.414634146341463,0.307070866237017
"TGI_percent_Day_24_control_median",98,8,-0.888323089344978,0.00319688015877825,-1,0
"TGI_percent_Day_24_control_median",99,8,-0.34270060740489,0.405973818820447,-0.265822784810127,0.52456393016539
"TGI_percent_Day_24_control_median",100,8,-0.790541183619408,0.0195160803594004,-0.846153846153846,0.00808525881177397
"TGI_percent_Day_24_control_median",101,8,4.78081979064414e-05,0.999910359629062,0.0617283950617284,0.88455293510991
"TGI_percent_Day_24_control_median",102,8,-0.868294265127655,0.00516222929774568,-0.75609756097561,0.0299617108971145
"TGI_percent_Day_24_control_median",103,8,-0.115297070238233,0.785726217456445,0.307692307692308,0.458455990282607
"TGI_percent_Day_24_control_median",104,8,-0.0672891226478298,0.874213219520743,0.0617283950617284,0.88455293510991
"TGI_percent_Day_24_control_median",105,8,-0.435954071306896,0.280250494318579,-0.225,0.592147037353515
"TGI_percent_Day_24_control_median",106,8,-0.533013760873346,0.17375484878063,-0.234567901234568,0.576051906571553
"TGI_percent_Day_24_control_median",107,8,-0.446960561047212,0.266873430615736,-0.439024390243902,0.276486445900293
"TGI_percent_Day_24_control_median",108,8,-0.777112890867729,0.0232606706671152,-0.736842105263158,0.0370416328264742
"TGI_percent_Day_24_control_median",109,8,-0.567398041853979,0.142411070195324,-0.373493975903614,0.362100237410523
"TGI_percent_Day_24_control_median",110,8,0.0219635855012803,0.95883151928545,0.219512195121951,0.601445165632524
"TGI_percent_Day_24_control_median",111,8,-0.173195518891504,0.681694076375453,0.382716049382716,0.34939965019076
"TGI_percent_Day_24_control_median",112,8,-0.899999103742797,0.00231631066592451,-0.62962962962963,0.094345165105607
"TGI_percent_Day_24_control_median",113,8,0.693913185881718,0.0562419436088343,0.555555555555556,0.152822232383275
"TGI_percent_Day_24_control_median",114,8,-0.234025214843323,0.576960794672395,0.341463414634146,0.407782409074504
"TGI_percent_Day_24_control_median",115,8,0.892723881837425,0.00284338508201064,0.594936708860759,0.119765536998206
"TGI_percent_Day_24_control_median",116,8,-0.466331243079482,0.244122255762721,-0.135802469135802,0.74848368865351
"TGI_percent_Day_24_control_median",117,8,-0.966060962220269,9.52615829152718e-05,-0.926829268292683,0.000926422142911447
"TGI_percent_Day_24_control_median",118,8,-0.477295375009836,0.23169855159655,-0.102564102564103,0.809036692029818
"TGI_percent_Day_24_control_median",119,8,-0.88535592744163,0.0034505221141068,-1,0
"TGI_percent_Day_24_control_median",120,8,-0.432622736778861,0.284362769085705,-0.1,0.813746249999999
"TGI_percent_Day_24_control_median",121,8,-0.520050414435224,0.186452034131224,-0.55,0.1578455859375
"TGI_percent_Day_24_control_median",122,8,-0.225535590713437,0.591242139522759,-0.382716049382716,0.34939965019076
"TGI_percent_Day_24_control_median",123,8,-0.0864846951170894,0.83864797120446,0,1
"TGI_percent_Day_24_control_median",124,8,-0.830957080111996,0.0105969317709132,-0.802469135802469,0.016526566994929
"TGI_percent_Day_24_control_median",125,8,-0.511505012888739,0.195083654846462,-0.625,0.0975379943847655
"TGI_percent_Day_24_control_median",126,8,-0.594116074343474,0.12040872756577,-0.566265060240964,0.143389618739712
"TGI_percent_Day_24_control_median",127,8,-0.937353119254938,0.00058614655426977,-0.75,0.0321044921875
"TGI_percent_Day_24_control_median",128,8,0.18235258244494,0.665592886820414,0.810810810810811,0.0146177229257338
"TGI_percent_Day_24_control_median",129,8,-0.555149517762508,0.15318636287748,-0.45679012345679,0.255201343606103
"TGI_percent_Day_24_control_median",130,8,-0.808906284277206,0.0150406186803799,-0.542168674698795,0.165077483817168
"TGI_percent_Day_24_control_median",131,8,0.0219635855012803,0.95883151928545,0.219512195121951,0.601445165632524
"TGI_percent_Day_24_control_median",132,8,-0.0388027805710097,0.927317782980713,0.405405405405405,0.319045565859473
"TGI_percent_Day_24_control_median",133,8,-0.232778172411702,0.579051184048069,-0.259259259259259,0.535232404809648
"TGI_percent_Day_24_control_median",134,8,-0.477758421406574,0.231181153962696,-0.121951219512195,0.773598436910597
"TGI_percent_Day_24_control_median",135,8,-0.587006917302834,0.126061976022061,-0.487804878048781,0.220101844181823
"TGI_percent_Day_24_control_median",136,8,-0.539975168340983,0.167134677394564,-0.342465753424658,0.406316873398979
"TGI_percent_Day_24_control_median",137,8,-0.0533511733623343,0.900156207844451,-0.0617283950617284,0.88455293510991
"TGI_percent_Day_24_control_median",138,8,-0.715308506967118,0.0460695390009555,-0.45679012345679,0.255201343606103
"TGI_percent_Day_24_control_median",139,8,-0.303225588898511,0.465341100528785,-0.4,0.32616
"TGI_percent_Day_24_control_median",140,8,-0.687380403455539,0.059592518618062,0.150684931506849,0.72171342613154
"TGI_percent_Day_24_control_median",141,8,0.722980717039928,0.0427158546999764,0.240506329113924,0.566138469404116
"TGI_percent_Day_24_control_median",142,8,-0.0681701603957071,0.872576395147824,0.125,0.768054962158203
"TGI_percent_Day_24_control_median",143,8,-0.47697502862123,0.232056846313427,-0.301204819277108,0.468469529828103
"TGI_percent_Day_24_control_median",144,8,-0.50678165350728,0.199943494891688,-0.341463414634146,0.407782409074504
"TGI_percent_Day_24_control_median",145,8,-0.594116074343474,0.12040872756577,-0.566265060240964,0.143389618739712
"TGI_percent_Day_24_control_median",146,8,-0.318811429619083,0.44149875567414,-0.0731707317073171,0.863293782609012
"TGI_percent_Day_24_control_median",147,8,-0.333458016284802,0.419568388210865,-0.139240506329114,0.742278902896378
"TGI_percent_Day_24_control_median",148,8,-0.406769590107714,0.317261774819383,-0.121951219512195,0.773598436910597
"TGI_percent_Day_24_control_median",149,8,-0.686223175109896,0.0601981203796217,-0.62962962962963,0.094345165105607
"TGI_percent_Day_24_control_median",150,8,-0.212965377640094,0.612599246878777,-0.291139240506329,0.484176479990479
"TGI_percent_Day_24_control_median",151,8,-0.862736511030668,0.00581820501725913,-1,0
"TGI_percent_Day_24_control_median",152,8,-0.159202276727018,0.70650117980198,0.048780487804878,0.908681575447135
"TGI_percent_Day_24_control_median",153,8,-0.939144593433041,0.000538024127883382,-0.974683544303797,3.97984255471571e-05
"TGI_percent_Day_24_control_median",154,8,0.669096735512524,0.0695895601715105,0.439024390243902,0.276486445900293
"TGI_percent_Day_24_control_median",155,8,-0.889973035538665,0.00306120642141263,-0.316455696202532,0.445069441835733
"TGI_percent_Day_24_control_median",156,8,-0.420299482510892,0.299828300034259,-0.24390243902439,0.560495956966516
"TGI_percent_Day_24_control_median",157,8,-0.477852875213735,0.231075686202342,-0.291139240506329,0.484176479990479
"TGI_percent_Day_24_control_median",158,8,-0.390321982708699,0.339081437778774,-0.0617283950617284,0.88455293510991
"TGI_percent_Day_24_control_median",159,8,-0.490226022567452,0.217473781470671,-0.301204819277108,0.468469529828103
"TGI_percent_Day_24_control_median",160,8,-0.0681701603957071,0.872576395147824,0.125,0.768054962158203
"TGI_percent_Day_24_control_median",161,8,-0.162597742065409,0.70046006868136,0.05,0.9064061328125
"TGI_percent_Day_24_control_median",162,8,-0.746164759621183,0.0334990562479478,-0.469879518072289,0.240065454942806
"TGI_percent_Day_24_control_median",163,8,-0.066535226521476,0.87561414531164,0.283950617283951,0.495518316964043
"TGI_percent_Day_24_control_median",164,8,-0.175245678203008,0.67807984403064,-0.291139240506329,0.484176479990479
"TGI_percent_Day_24_control_median",165,8,-0.682288584707944,0.062284479627775,-0.316455696202532,0.445069441835733
"TGI_percent_Day_24_control_median",166,8,-0.714846842545005,0.0462762427059888,-0.555555555555556,0.152822232383275
"TGI_percent_Day_24_control_median",167,8,-0.4579174559602,0.253879388264325,-0.45,0.2632364453125
"TGI_percent_Day_24_control_median",168,8,-0.426124730206768,0.292468169551921,-0.544303797468354,0.163088312636417
"TGI_percent_Day_24_control_median",169,8,0.741335436453506,0.0353070170994697,0.540540540540541,0.166603118711555
"TGI_percent_Day_24_control_median",170,8,-0.556745903901093,0.151757477425179,-0.414634146341463,0.307070866237017
"TGI_percent_Day_24_control_median",171,8,-0.628936742876592,0.0948191246434589,-0.283950617283951,0.495518316964043
"TGI_percent_Day_24_control_median",172,8,0.109990288778821,0.795425481184892,0.185185185185185,0.660634430204335
"TGI_percent_Day_24_control_median",173,8,-0.813545052761894,0.0140237895941636,-0.407407407407407,0.316429397723464
"TGI_percent_Day_24_control_median",174,8,-0.711061784981577,0.0479920543926111,-0.102564102564103,0.809036692029818
"TGI_percent_Day_24_control_median",175,8,-0.593186996617545,0.12113925630503,-0.62962962962963,0.094345165105607
"TGI_percent_Day_24_control_median",176,8,-0.571376594051451,0.139004164019561,-0.594936708860759,0.119765536998206
"TGI_percent_Day_24_control_median",177,8,-0.562238086504865,0.146897660964638,-0.316455696202532,0.445069441835733
"TGI_percent_Day_24_control_median",178,8,0.0036644149786813,0.993129283421642,0.027027027027027,0.949348996625618
"TGI_percent_Day_24_control_median",179,8,-0.31108587830721,0.453252895468002,-0.240506329113924,0.566138469404116
"TGI_percent_Day_24_control_median",180,8,-0.572780101188465,0.137813216051343,-0.493975903614458,0.213435752051467
"TGI_percent_Day_24_control_median",181,8,-0.539239814288456,0.167827423798863,-0.234567901234568,0.576051906571553
"TGI_percent_Day_24_control_median",182,8,-0.596154219909668,0.118814862186805,-0.468354430379747,0.241804882823014
"TGI_percent_Day_24_control_median",183,8,-0.990614611331464,2.0522711866603e-06,-0.974683544303797,3.97984255471571e-05
"TGI_percent_Day_24_control_median",184,8,-0.333182025756078,0.419977271228336,-0.390243902439024,0.339186635335989
"TGI_percent_Day_24_control_median",185,8,-0.842491102993528,0.0086514286204756,-0.594594594594595,0.120033440693325
"TGI_percent_Day_24_control_median",186,8,1,0,1,2.73691106313438e-47
"TGI_percent_Day_24_control_median",187,8,-0.138289476704836,0.743994071500588,0.0632911392405063,0.881645645130731
"TGI_percent_Day_24_control_median",188,8,0.586028564844555,0.126851381696905,0.316455696202532,0.445069441835733
"TGI_percent_Day_24_control_median",189,8,-0.107681443962369,0.799652610790379,-0.0410958904109589,0.923031918656945
"TGI_percent_Day_24_control_median",190,8,-0.989691082188212,2.71778651579328e-06,-1,0
"TGI_percent_Day_24_control_median",191,8,-0.643762051235264,0.0849759460485435,-0.493670886075949,0.213762737730047
"TGI_percent_Day_24_control_median",192,8,-0.209390372547662,0.618717833081992,0.268292682926829,0.520569891636616
"TGI_percent_Day_24_control_median",193,8,-0.903530990905165,0.00208516213643299,-1,0
"TGI_percent_Day_24_control_median",194,8,-0.726359103562752,0.0412875132426522,-0.414634146341463,0.307070866237017
"TGI_percent_Day_24_control_median",195,8,0.0541308939514414,0.89870266435479,0.421686746987952,0.298067492674002
"TGI_percent_Day_24_control_median",196,8,-0.699266760980667,0.0535820615002911,-0.463414634146342,0.247482670349255
"TGI_percent_Day_24_control_median",197,8,-0.886461377606791,0.00335456222139131,-1,0
"TGI_percent_Day_24_control_median",198,8,-0.512918813581354,0.193641283472854,-0.544303797468354,0.163088312636417
"TGI_percent_Day_24_control_median",199,8,-0.992308935153929,1.13081330645838e-06,-1,0
"TGI_percent_Day_24_control_median",200,8,0.263913655786499,0.527658906045369,0.615384615384616,0.104365016307875
"TGI_percent_Day_24_control_median",201,8,-0.477758421406574,0.231181153962696,-0.121951219512195,0.773598436910597
"TGI_percent_Day_24_control_median",202,8,-0.974592245456915,4.02277766080596e-05,-1,0
"TGI_percent_Day_24_control_median",203,8,-0.0950402752606757,0.822869658445472,-0.121951219512195,0.773598436910597
"TGI_percent_Day_24_control_median",204,8,-0.613573777349666,0.105680366840209,-0.615384615384616,0.104365016307875
"TGI_percent_Day_24_control_median",205,8,-0.86644865248706,0.00537449620856751,-0.79746835443038,0.0177421304392542
"TGI_percent_Day_24_control_median",206,8,0.850331410503102,0.00746900363490911,0.89873417721519,0.00240296148046003
"TGI_percent_Day_24_control_median",207,8,0.707735225396172,0.049531203026211,0.316455696202532,0.445069441835733
"TGI_percent_Day_24_control_median",208,8,0.0604669545819513,0.886900510108457,0.215189873417721,0.608801860963225
"TGI_percent_Day_24_control_median",209,8,-0.646694722710956,0.0831026118744704,-0.4,0.32616
"TGI_percent_Day_24_control_median",210,8,-0.475310233690547,0.233923417982932,-0.135802469135802,0.74848368865351
"TGI_percent_Day_24_control_median",211,8,0.880395231352861,0.0039029309377183,0.772151898734177,0.0247485870017686
"TGI_percent_Day_24_control_median",212,8,-0.446987925398424,0.266840575821895,0.0769230769230769,0.856337178454751
"TGI_percent_Day_24_control_median",213,8,0.708493806011814,0.0491776438938192,0.518987341772152,0.187514534406167
"TGI_percent_Day_24_control_median",214,8,-0.449693173100972,0.263602466666581,-0.301204819277108,0.468469529828103
"TGI_percent_Day_24_control_median",215,8,0.748684713019746,0.0325786618534215,0.609756097560976,0.108484275261192
"TGI_percent_Day_24_control_median",216,8,-0.87971269437484,0.00396800992300243,-0.848101265822785,0.00779410868380387
"TGI_percent_Day_24_control_median",217,8,-0.338947746474831,0.41147060821651,-0.0731707317073171,0.863293782609012
"TGI_percent_Day_24_control_median",218,8,-0.891752182359749,0.00291914126506579,-0.731707317073171,0.0390863390212493
"TGI_percent_Day_24_control_median",219,8,0.501012608078887,0.205964707174047,-0.2,0.63488
"TGI_percent_Day_24_control_median",220,8,-0.534383190173741,0.172441577364906,-0.24390243902439,0.560495956966516
"TGI_percent_Day_24_control_median",221,8,-0.459709834827564,0.25178467656192,-0.390243902439024,0.339186635335989
"TGI_percent_Day_24_control_median",222,8,-0.209390372547662,0.618717833081992,0.268292682926829,0.520569891636616
"TGI_percent_Day_24_control_median",223,8,-0.131737441969907,0.755835255740568,0.204819277108434,0.626569134387071
"TGI_percent_Day_24_control_median",224,8,0.693913185881718,0.0562419436088343,0.555555555555556,0.152822232383275
"TGI_percent_Day_24_control_median",225,8,-0.865215454368615,0.00551939973828101,-0.753086419753086,0.0310085131644479
"TGI_percent_Day_24_control_median",226,8,-0.353168723921047,0.390810886672315,-0.62962962962963,0.094345165105607
"TGI_percent_Day_24_control_median",227,8,-0.419271895357054,0.301135801989552,-0.0617283950617284,0.88455293510991
"TGI_percent_Day_24_control_median",228,8,-0.811049429886849,0.014565271832338,-0.333333333333333,0.419753086419753
"TGI_percent_Day_24_control_median",229,8,-0.602276664336118,0.114098984388293,-0.341463414634146,0.407782409074504
"TGI_percent_Day_24_control_median",230,8,-0.96022462856349,0.000152663816986955,-1,0
"TGI_percent_Day_24_control_median",231,8,-0.197271163280248,0.63960076899442,-0.175,0.678512669677734
"TGI_percent_Day_24_control_median",232,8,-0.1988252732372,0.636910919649928,0.125,0.768054962158203
"TGI_percent_Day_24_control_median",233,8,0.748684713019746,0.0325786618534215,0.609756097560976,0.108484275261192
"TGI_percent_Day_24_control_median",234,8,-0.386287575719859,0.344536753587345,-0.382716049382716,0.34939965019076
"TGI_percent_Day_24_control_median",235,8,-0.537816813747188,0.169172377718898,-0.24390243902439,0.560495956966516
"TGI_percent_Day_24_control_median",236,8,-0.105924980609078,0.802871272039646,-0.121951219512195,0.773598436910597
"TGI_percent_Day_24_control_median",237,8,-0.237961144018977,0.570380063961386,-0.111111111111111,0.793374993649342
"TGI_percent_Day_24_control_median",238,8,-0.598037835954445,0.117352486852119,-0.487804878048781,0.220101844181823
"TGI_percent_Day_24_control_median",239,8,-0.383000603191396,0.34901106092793,-0.439024390243902,0.276486445900293
"TGI_percent_Day_24_control_median",240,8,-0.589888134155489,0.123753244396415,-0.609756097560976,0.108484275261192
"TGI_percent_Day_24_control_median",241,8,-0.460535772206785,0.250822361907118,-0.341463414634146,0.407782409074504
"TGI_percent_Day_24_control_median",242,8,-0.848149720558672,0.00778695103835363,-0.924050632911392,0.00103380815542862
"TGI_percent_Day_24_control_median",243,8,-0.852726541688306,0.00712962736757947,-0.62962962962963,0.094345165105607
"TGI_percent_Day_24_control_median",244,8,-0.947226474172187,0.000353051723404452,-0.620253164556962,0.100875222859378
"TGI_percent_Day_24_control_median",245,8,-0.118237678636498,0.780361912119193,0.0975609756097561,0.818230605541778
"TGI_percent_Day_24_control_median",246,8,-0.880322844021635,0.0039098001226108,-0.848101265822785,0.00779410868380387
"TGI_percent_Day_24_control_median",247,8,0.157947408427823,0.708737214212096,0.215189873417721,0.608801860963225
"TGI_percent_Day_24_control_median",248,8,-0.68406835118671,0.0613355055911028,-0.609756097560976,0.108484275261192
"TGI_percent_Day_24_control_median",249,8,-0.787281689721942,0.0203875719686809,-0.62962962962963,0.094345165105607
"TGI_percent_Day_24_control_median",250,8,-0.57121705705685,0.139139899237127,-0.45679012345679,0.255201343606103
"TGI_percent_Day_24_control_median",251,8,0.726773537669533,0.0411143214381824,0.45679012345679,0.255201343606103
"TGI_percent_Day_24_control_median",252,8,-0.115940564243862,0.784551708327178,-0.225,0.592147037353515
"TGI_percent_Day_24_control_median",253,8,-0.0931557079166624,0.826340921813855,0.384615384615385,0.346809662449871
"TGI_percent_Day_24_control_median",254,8,-0.574947425233176,0.135985299702272,-0.634146341463415,0.0912890821441658
"TGI_percent_Day_24_control_median",255,8,-0.787281689721942,0.0203875719686809,-0.62962962962963,0.094345165105607
"TGI_percent_Day_24_control_median",256,8,-0.719463753863468,0.0442341681206555,-0.342465753424658,0.406316873398979
"TGI_percent_Day_24_control_median",257,8,-0.796172945288419,0.0180658564892657,-0.79746835443038,0.0177421304392542
"TGI_percent_Day_24_control_median",258,8,-0.833877862791484,0.010080498865472,-0.721518987341772,0.0433430021118049
"TGI_percent_Day_24_control_median",259,8,-0.198877582291369,0.636820443315958,0.108433734939759,0.798274813332511
"TGI_percent_Day_24_control_median",260,8,-0.581368373850053,0.13064947892112,-0.234567901234568,0.576051906571553
"TGI_percent_Day_24_control_median",261,8,-0.541208540876635,0.165976251931168,-0.392405063291139,0.336280494675457
"TGI_percent_Day_24_control_median",262,8,-0.336315360931465,0.415345170347267,0.0379746835443038,0.928865891742792
"TGI_percent_Day_24_control_median",263,8,-0.608139430545499,0.109684258940551,-0.560975609756098,0.148007079914522
"TGI_percent_Day_24_control_median",264,8,-0.447034454216182,0.266784715973124,-0.225,0.592147037353515
"TGI_percent_Day_24_control_median",265,8,-0.734696179152764,0.0378880179493737,-0.560975609756098,0.148007079914522
"TGI_percent_Day_24_control_median",266,8,0.860222631364697,0.00613160458864771,0.846153846153846,0.00808525881177396
"TGI_percent_Day_24_control_median",267,8,-0.908493274674391,0.0017865145551079,-0.853658536585366,0.00700028132287885
"TGI_percent_Day_24_control_median",268,8,-0.647817739469948,0.0823916789974227,-0.45679012345679,0.255201343606103
"TGI_percent_Day_24_control_median",269,8,0.796131876098206,0.0180761797035743,0.432098765432099,0.285012238128342
"TGI_percent_Day_24_control_median",270,8,-0.97490810558587,3.8755320003843e-05,-0.802469135802469,0.016526566994929
"TGI_percent_Day_24_control_median",271,8,-0.833877862791484,0.010080498865472,-0.721518987341772,0.0433430021118049
"TGI_percent_Day_24_control_median",272,8,-0.879168154888999,0.00402042928705836,-0.620253164556962,0.100875222859378
"TGI_percent_Day_24_control_median",273,8,-0.130998758742524,0.757172894605725,0.036144578313253,0.932287918005115
"TGI_percent_Day_24_control_median",274,8,-0.794881503463481,0.0183922427719019,-0.743589743589744,0.0344558337392387
"TGI_percent_Day_24_control_median",275,8,-0.298290328064043,0.472996324078052,-0.036144578313253,0.932287918005115
"TGI_percent_Day_24_control_median",276,8,-0.160081832911199,0.704935001010443,0.259259259259259,0.535232404809648
"TGI_percent_Day_24_control_median",277,8,0.714352560548985,0.0464981698563137,0.560975609756098,0.148007079914522
"TGI_percent_Day_24_control_median",278,8,-0.365113501439852,0.37381965293633,-0.620253164556962,0.100875222859378
"TGI_percent_Day_24_control_median",279,8,-0.25760943038294,0.53792642181048,-0.333333333333333,0.419753086419753
"TGI_percent_Day_24_control_median",280,8,-0.408321418540417,0.315238384174281,-0.121951219512195,0.773598436910597
"TGI_percent_Day_24_control_median",281,8,-0.0422923890152259,0.920796277506865,0.268292682926829,0.520569891636616
"TGI_percent_Day_24_control_median",282,8,-0.598037835954445,0.117352486852119,-0.487804878048781,0.220101844181823
"TGI_percent_Day_24_control_median",283,8,-0.13406625421706,0.751621625183053,0.215189873417721,0.608801860963225
"TGI_percent_Day_24_control_median",284,8,-0.602276664336118,0.114098984388293,-0.341463414634146,0.407782409074504
"TGI_percent_Day_24_control_median",285,8,-0.541102651227207,0.166075535787249,-0.292682926829268,0.48175433009408
"TGI_percent_Day_24_control_median",286,8,-0.677659747293951,0.0647931901907537,-0.45679012345679,0.255201343606103
"TGI_percent_Day_24_control_median",287,8,-0.676000297221679,0.0657068947989895,-0.432432432432432,0.284598569995075
"TGI_percent_Day_24_control_median",288,8,-0.585505253776501,0.127274760854197,-0.487804878048781,0.220101844181823
"TGI_percent_Day_24_control_median",289,8,-0.915610038085938,0.00140900129603312,-0.620253164556962,0.100875222859378
"TGI_percent_Day_24_control_median",290,8,-0.984256261969183,9.64098333894536e-06,-0.924050632911392,0.00103380815542862
"TGI_percent_Day_24_control_median",291,8,0.224206841776479,0.593487947751482,0.65,0.0810203515624999
"TGI_percent_Day_24_control_median",292,8,-0.163625454857595,0.698634278651659,-0.219512195121951,0.601445165632524
"TGI_percent_Day_24_control_median",293,8,0.114252395656704,0.787633715311326,0.7,0.05322375
"TGI_percent_Day_24_control_median",294,8,-0.269341964446798,0.51887655537199,0.048780487804878,0.908681575447135
"TGI_percent_Day_24_control_median",295,8,-0.817665367551315,0.0131578597317971,-0.63855421686747,0.0883625688449136
"TGI_percent_Day_24_control_median",296,8,-0.176802678736336,0.675338577260915,0.135135135135135,0.749689435807651
"TGI_percent_Day_24_control_median",297,8,-0.111583716222426,0.792510695913921,-0.1,0.813746249999999
"TGI_percent_Day_24_control_median",298,8,-0.542542268433725,0.164728483067435,-0.392405063291139,0.336280494675457
"TGI_percent_Day_24_control_median",299,8,0.810788960314249,0.0146225318317513,0.79746835443038,0.0177421304392543
"TGI_percent_Day_24_control_median",300,8,-0.232778172411702,0.579051184048069,-0.259259259259259,0.535232404809648
"TGI_percent_Day_24_control_median",301,8,-0.976941499391378,3.01225758927498e-05,-0.615384615384616,0.104365016307875
"TGI_percent_Day_24_control_median",302,8,-0.227560288798409,0.587825516043112,0.0886075949367088,0.834728317893272
"TGI_percent_Day_24_control_median",303,8,-0.391706261910735,0.337218911612463,0.048780487804878,0.908681575447135
"TGI_percent_Day_24_control_median",304,8,-0.944671631284537,0.000406055516712817,-0.924050632911392,0.00103380815542862
"TGI_percent_Day_24_control_median",305,8,-0.738757339478346,0.0362960606118238,-0.620253164556962,0.100875222859378
"TGI_percent_Day_24_control_median",306,8,0.198279760187032,0.637854699435906,0.594936708860759,0.119765536998206
"TGI_percent_Day_24_control_median",307,8,-0.825730299544361,0.0115622977927387,-0.634146341463415,0.0912890821441658
"TGI_percent_Day_24_control_median",308,8,-0.76391492754813,0.0273464909521109,-0.102564102564103,0.809036692029818
"TGI_percent_Day_24_control_median",309,8,-0.446960561047212,0.266873430615736,-0.439024390243902,0.276486445900293
"TGI_percent_Day_24_control_median",310,8,-0.233972513720365,0.577049084259993,0,1
"TGI_percent_Day_24_control_median",311,8,-0.134245564947743,0.751297410660425,-0.036144578313253,0.932287918005115
"TGI_percent_Day_24_control_median",312,8,-0.668977720701225,0.0696576516279484,-0.875,0.00443649291992187
"TGI_percent_Day_24_control_median",313,8,-0.943434836394712,0.000433488996709749,-0.802469135802469,0.016526566994929
"TGI_percent_Day_24_control_median",314,8,-0.857628545107004,0.0064661189634295,-0.75609756097561,0.0299617108971145
"TGI_percent_Day_24_control_median",315,8,-0.173857749225038,0.680526046536722,0.240506329113924,0.566138469404116
"TGI_percent_Day_24_control_median",316,8,-0.405020875817064,0.319549226672553,-0.594936708860759,0.119765536998206
"TGI_percent_Day_24_control_median",317,8,-0.584840438627945,0.127813762117368,-0.113924050632911,0.788233439851227
"TGI_percent_Day_24_control_median",318,8,-0.435464631816413,0.280852830612936,-0.342465753424658,0.406316873398979
"TGI_percent_Day_24_control_median",319,8,-0.372309768192533,0.36374604507306,-0.594936708860759,0.119765536998206
"TGI_percent_Day_24_control_median",320,8,-0.746164759621183,0.0334990562479478,-0.469879518072289,0.240065454942806
"TGI_percent_Day_24_control_median",321,8,-0.576431575961083,0.134741392110339,-0.341463414634146,0.407782409074504
"TGI_percent_Day_24_control_median",322,8,-0.130330586481375,0.758383303163014,0.102564102564103,0.809036692029818
"TGI_percent_Day_24_control_median",323,8,0.0348905071088318,0.934633372120299,0.0975609756097561,0.818230605541778
"TGI_percent_Day_24_control_median",324,8,-0.928031708581346,0.000882311936098014,-0.924050632911392,0.00103380815542862
"TGI_percent_Day_24_control_median",325,8,-0.143291446380871,0.73498353820922,0.219512195121951,0.601445165632524
"TGI_percent_Day_24_control_median",326,8,-0.972313581701736,5.19611002798218e-05,-0.925,0.000996251220703114
"TGI_percent_Day_24_control_median",327,8,-0.330577876111414,0.42384366395752,-0.432098765432099,0.285012238128342
"TGI_percent_Day_24_control_median",328,8,-0.699266760980667,0.0535820615002913,-0.463414634146342,0.247482670349255
"TGI_percent_Day_24_control_median",329,8,0.150622004695122,0.721826118871201,-0.113924050632911,0.788233439851227
"TGI_percent_Day_24_control_median",330,8,-0.879102763574825,0.00402675392011303,-0.75609756097561,0.0299617108971145
"TGI_percent_Day_24_control_median",331,8,0.714352560548985,0.0464981698563138,0.560975609756098,0.148007079914522
"TGI_percent_Day_24_control_median",332,8,-0.792409266063069,0.0190272751353799,-0.620253164556962,0.100875222859378
"TGI_percent_Day_24_control_median",333,8,-0.67140996896868,0.0682738911065119,-0.384615384615385,0.346809662449871
"TGI_percent_Day_24_control_median",334,8,0.29724324956726,0.474626882953047,0.736842105263158,0.0370416328264742
"TGI_percent_Day_24_control_median",335,8,-0.47697502862123,0.232056846313427,-0.301204819277108,0.468469529828103
"TGI_percent_Day_24_control_median",336,8,-0.635715294752013,0.0902410840416375,-0.407407407407407,0.316429397723464
"TGI_percent_Day_24_control_median",337,8,-0.879168154888998,0.00402042928705838,-0.620253164556962,0.100875222859378
"TGI_percent_Day_24_control_median",338,8,-0.856271375836404,0.00664568075459758,-0.753086419753086,0.0310085131644479
"TGI_percent_Day_24_control_median",339,8,0.00184609054042764,0.996538588101152,0.175,0.678512669677734
"TGI_percent_Day_24_control_median",340,8,-0.0971361464434319,0.81901213425581,0.0975609756097561,0.818230605541778
"TGI_percent_Day_24_control_median",341,8,0.657834539982109,0.0762074605347286,0.283950617283951,0.495518316964043
"TGI_percent_Day_24_control_median",342,8,-0.995034278482847,3.04977811175984e-07,-1,0
"TGI_percent_Day_24_control_median",343,8,-0.559552367011245,0.149263284772123,-0.487804878048781,0.220101844181823
"TGI_percent_Day_24_control_median",344,8,-0.976629566900158,3.13542750672736e-05,-1,0
"TGI_percent_Day_24_control_median",345,8,0.769705255671922,0.0255035364425488,0.62962962962963,0.0943451651056068
"TGI_percent_Day_24_control_median",346,8,-0.286727423439392,0.491125108006919,0.0886075949367088,0.834728317893272
"TGI_percent_Day_24_control_median",347,8,-0.904409101867188,0.00203012108066547,-1,0
"TGI_percent_Day_24_control_median",348,8,0.693273272224862,0.0565650441111938,0.0886075949367088,0.834728317893272
"TGI_percent_Day_24_control_median",349,8,0.596396789398662,0.118625965932876,0.234567901234568,0.576051906571553
"TGI_percent_Day_24_control_median",350,8,-0.736798607640908,0.0370586732812041,-0.536585365853659,0.170340970786708
"TGI_percent_Day_24_control_median",351,8,-0.56787636635582,0.141999056496785,-0.341463414634146,0.407782409074504
"TGI_percent_Day_24_control_median",352,8,-0.456094715024192,0.256018525916072,-0.341463414634146,0.407782409074504
"TGI_percent_Day_24_control_median",353,8,-0.302118985313462,0.46705323340029,-0.0617283950617284,0.88455293510991
"TGI_percent_Day_24_control_median",354,8,-0.492211805610339,0.21533050766715,-0.132530120481928,0.75440042927224
"TGI_percent_Day_24_control_median",355,8,-0.30101489131266,0.468763996365232,-0.230769230769231,0.58242412326653
"TGI_percent_Day_24_control_median",356,8,-0.882983430088959,0.00366240850241763,-0.804878048780488,0.0159601987985089
"TGI_percent_Day_24_control_median",357,8,-0.123571521064539,0.770651252219876,0.259259259259259,0.535232404809648
"TGI_percent_Day_24_control_median",358,8,0.586028564844555,0.126851381696905,0.316455696202532,0.445069441835733
"TGI_percent_Day_24_control_median",359,8,-0.648940565816849,0.0816844217659542,-0.675,0.0662613269042967
"TGI_percent_Day_24_control_median",360,8,-0.958800655275139,0.000169470391941898,-0.848101265822785,0.00779410868380387
"TGI_percent_Day_24_control_median",361,8,-0.562808419342644,0.146397980266662,-0.468354430379747,0.241804882823014
"TGI_percent_Day_24_control_median",362,8,0.150622004695122,0.721826118871201,-0.113924050632911,0.788233439851227
"TGI_percent_Day_24_control_median",363,8,-0.721418066619512,0.0433865060276198,-0.316455696202532,0.445069441835733
"TGI_percent_Day_24_control_median",364,8,-0.658021944570178,0.07609444259359,-0.392405063291139,0.336280494675457
"TGI_percent_Day_24_control_median",365,8,0.0167885027883077,0.968527471651461,0.316455696202532,0.445069441835733
"TGI_percent_Day_24_control_median",366,8,-0.160081832911199,0.704935001010443,0.259259259259259,0.535232404809648
"TGI_percent_Day_24_control_median",367,8,-0.54312820958904,0.164181920527834,-0.4,0.32616
"TGI_percent_Day_24_control_median",368,8,0.674807148220687,0.0663685353337744,0.425,0.29388235961914
"TGI_percent_Day_24_control_median",369,8,0.729109738269755,0.0401462782013094,0.324324324324324,0.433189333282495
"TGI_percent_Day_24_control_median",370,8,-0.41824512410478,0.302444999267644,-0.121951219512195,0.773598436910597
"TGI_percent_Day_24_control_median",371,8,-0.804191769854487,0.0161202913697312,-0.634146341463415,0.0912890821441658
"TGI_percent_Day_24_control_median",372,8,-0.293521361538128,0.480440771446606,-0.121951219512195,0.773598436910597
"TGI_percent_Day_24_control_median",373,8,-0.152861383564816,0.717818421556166,-0.121951219512195,0.773598436910597
"TGI_percent_Day_24_control_median",374,8,-0.58248600024371,0.129732889674756,-0.407407407407407,0.316429397723464
"TGI_percent_Day_24_control_median",375,8,0.84517575589925,0.0082340635681968,0.670886075949367,0.0685705618098423
"TGI_percent_Day_24_control_median",376,8,-0.446665168657486,0.267228219036469,-0.0617283950617284,0.88455293510991
"TGI_percent_Day_24_control_median",377,8,-0.845171632944422,0.00823469448756455,-0.69620253164557,0.0550950655487158
"TGI_percent_Day_24_control_median",378,8,-0.579947349568535,0.131820097835659,-0.439024390243902,0.276486445900293
"TGI_percent_Day_24_control_median",379,8,-0.459709834827564,0.25178467656192,-0.390243902439024,0.339186635335989
"TGI_percent_Day_24_control_median",380,8,-0.594293597400425,0.120269425351729,-0.560975609756098,0.148007079914522
"TGI_percent_Day_24_control_median",381,8,-0.461841619840509,0.249304683655141,-0.45,0.2632364453125
"TGI_percent_Day_24_control_median",382,8,-0.659772150204252,0.0750436902077772,-0.725,0.0418585852050781
"TGI_percent_Day_24_control_median",383,8,-0.488865453323731,0.218948615709177,-0.414634146341463,0.307070866237017
"TGI_percent_Day_24_control_median",384,8,-0.425959739420893,0.292675415290818,-0.333333333333333,0.419753086419753
"TGI_percent_Day_24_control_median",385,8,-0.450518134891521,0.262618924744155,-0.475,0.234272098388671
"TGI_percent_Day_24_control_median",386,8,-0.350329852751582,0.394898076250576,-0.0602409638554217,0.887321161362284
"TGI_percent_Day_24_control_median",387,8,-0.981175782089451,1.64414120195843e-05,-0.848101265822785,0.00779410868380387
"TGI_percent_Day_24_control_median",388,8,-0.826605858001778,0.0113968627336976,-0.835616438356164,0.00978082574112054
"TGI_percent_Day_24_control_median",389,8,-0.943186661243653,0.000439136365203634,-0.924050632911392,0.00103380815542862
"TGI_percent_Day_24_control_median",390,8,-0.882983430088959,0.00366240850241763,-0.804878048780488,0.0159601987985089
"TGI_percent_Day_24_control_median",391,8,-0.131737441969907,0.755835255740568,0.204819277108434,0.626569134387071
"TGI_percent_Day_24_control_median",392,8,-0.0211878388638621,0.960284690204365,0.121951219512195,0.773598436910598
"TGI_percent_Day_24_control_median",393,8,-0.198877582291369,0.636820443315958,0.108433734939759,0.798274813332511
"TGI_percent_Day_24_control_median",394,8,-0.856414535427242,0.00662659136559579,-0.634146341463415,0.0912890821441658
"TGI_percent_Day_24_control_median",395,8,-0.372309768192533,0.36374604507306,-0.594936708860759,0.119765536998206
"TGI_percent_Day_24_control_median",396,8,-0.680118300423416,0.0634534032905611,-0.670886075949367,0.0685705618098423
"TGI_percent_Day_24_control_median",397,8,-0.092487963496537,0.82757146089824,0.333333333333333,0.419753086419753
"TGI_percent_Day_24_control_median",398,8,-0.607815302827755,0.109925749185263,-0.463414634146342,0.247482670349255
"TGI_percent_Day_24_control_median",399,8,0.946251748926352,0.000372700097233464,0.945945945945946,0.000379009233638051
"TGI_percent_Day_24_control_median",400,8,-0.100072180874225,0.813613606044396,-0.027027027027027,0.949348996625618
"TGI_percent_Day_24_control_median",401,8,-0.819971724729967,0.0126882493899327,-0.746835443037975,0.0332525591774179
"TGI_percent_Day_24_control_median",402,8,-0.817665367551315,0.0131578597317971,-0.63855421686747,0.0883625688449136
"TGI_percent_Day_24_control_median",403,8,0.663037922760082,0.0731059301389799,0.102564102564103,0.809036692029818
"TGI_percent_Day_24_control_median",404,8,-0.173857749225038,0.680526046536722,0.240506329113924,0.566138469404116
"TGI_percent_Day_24_control_median",405,8,-0.475046525186045,0.234219790493016,-0.414634146341463,0.307070866237017
"TGI_percent_Day_24_control_median",406,8,-0.559872037830211,0.148980623373753,-0.468354430379747,0.241804882823014
"TGI_percent_Day_24_control_median",407,8,-0.885145065521459,0.00346902499188129,-0.917808219178082,0.00130395207243574
"TGI_percent_Day_24_control_median",408,8,0.00834685849448062,0.984350367215182,0.605263157894737,0.111837768489366
"TGI_percent_Day_24_control_median",409,8,-0.577760146257193,0.133633274478532,-0.384615384615385,0.346809662449871
"TGI_percent_Day_24_control_median",410,8,-0.111108179324667,0.793380355859453,0.048780487804878,0.908681575447135
"TGI_percent_Day_24_control_median",411,8,-0.370131368161186,0.366782381763216,0.0379746835443038,0.928865891742792
"TGI_percent_Day_24_control_median",412,8,-0.835915819525867,0.00972980039077681,-0.746835443037975,0.0332525591774179
"TGI_percent_Day_24_control_median",413,8,-0.489579560775115,0.218173890825367,-0.121951219512195,0.773598436910597
"TGI_percent_Day_24_control_median",414,8,-0.834601806554236,0.00995501752961985,-0.634146341463415,0.0912890821441658
"TGI_percent_Day_24_control_median",415,8,-0.949713343185336,0.000306036463509922,-1,0
"TGI_percent_Day_24_control_median",416,8,-0.269128243677262,0.519221292057868,0.139240506329114,0.742278902896378
"TGI_percent_Day_24_control_median",417,8,-0.676436263598916,0.0654661149809175,-0.384615384615385,0.346809662449871
"TGI_percent_Day_24_control_median",418,8,-0.904409101867188,0.00203012108066547,-1,0
"TGI_percent_Day_24_control_median",419,8,0.811063616632272,0.0145621571636094,0.62962962962963,0.0943451651056068
"TGI_percent_Day_24_control_median",420,8,-0.309546587233741,0.455609974393026,-0.0731707317073171,0.863293782609012
"TGI_percent_Day_24_control_median",421,8,-0.680901640458782,0.0630300056229209,-0.753424657534246,0.0308898246525729
"TGI_percent_Day_24_control_median",422,8,-0.196921669409992,0.640206145944112,0.125,0.768054962158203
"TGI_percent_Day_24_control_median",423,8,-0.647907849244942,0.0823347885824583,0.150684931506849,0.72171342613154
"TGI_percent_Day_24_control_median",424,8,-0.439576747948789,0.275811941326413,-0.265822784810127,0.52456393016539
"TGI_percent_Day_24_control_median",425,8,-0.57565666836175,0.135390070240898,0.0632911392405063,0.881645645130731
"TGI_percent_Day_24_control_median",426,8,-0.44368255345583,0.270823659613261,-0.292682926829268,0.48175433009408
"TGI_percent_Day_24_control_median",427,8,-0.654463389181188,0.078257299099951,-0.675,0.0662613269042967
"TGI_percent_Day_24_control_median",428,8,-0.0544582641126558,0.898092458935197,0.219512195121951,0.601445165632524
"TGI_percent_Day_24_control_median",429,8,-0.137011786749211,0.746299814828864,-0.048780487804878,0.908681575447135
"TGI_percent_Day_24_control_median",430,8,0.112738025520352,0.790400478725404,0.670886075949367,0.0685705618098423
"TGI_percent_Day_24_control_median",431,8,-0.55724075290429,0.151316041162902,-0.341463414634146,0.407782409074504
"TGI_percent_Day_24_control_median",432,8,-0.50678165350728,0.199943494891688,-0.341463414634146,0.407782409074504
"TGI_percent_Day_24_control_median",433,8,-0.856271375836404,0.00664568075459758,-0.753086419753086,0.0310085131644479
"TGI_percent_Day_24_control_median",434,8,-0.139504213052532,0.741803475275946,0.333333333333333,0.419753086419753
"TGI_percent_Day_24_control_median",435,8,-0.21346955393406,0.611737915230648,0.215189873417721,0.608801860963225
"TGI_percent_Day_24_control_median",436,8,-0.498090971565655,0.209049801163091,-0.234567901234568,0.576051906571553
"TGI_percent_Day_24_control_median",437,8,-0.781079732250063,0.0221118373695266,-0.620253164556962,0.100875222859378
"TGI_percent_Day_24_control_median",438,8,0.539274372618175,0.167794833101111,0.102564102564103,0.809036692029818
"TGI_percent_Day_24_control_median",439,8,-0.226303558718555,0.58994543660306,-0.0886075949367088,0.834728317893272
"TGI_percent_Day_24_control_median",440,8,0.0761575158637866,0.857755835908896,-0.113924050632911,0.788233439851227
"TGI_percent_Day_24_control_median",441,8,-0.222962230681517,0.595594106717282,-0.283950617283951,0.495518316964043
"TGI_percent_Day_24_control_median",442,8,-0.310064786026173,0.454815912877186,0.048780487804878,0.908681575447135
"TGI_percent_Day_24_control_median",443,8,0.598241596608093,0.117194906792714,-0.0617283950617284,0.88455293510991
"TGI_percent_Day_24_control_median",444,8,-0.759261912360601,0.0288853750172127,-0.746835443037975,0.0332525591774179
"TGI_percent_Day_24_control_median",445,8,-0.353168723921048,0.390810886672315,-0.62962962962963,0.094345165105607
"TGI_percent_Day_24_control_median",446,8,-0.461093358633404,0.250173757438467,-0.487804878048781,0.220101844181823
"TGI_percent_Day_24_control_median",447,8,0.802532854365138,0.0165114262203082,0.605263157894737,0.111837768489366
"TGI_percent_Day_24_control_median",448,8,-0.553411689403152,0.154750194672176,-0.544303797468354,0.163088312636417
"TGI_percent_Day_24_control_median",449,8,-0.107164756765374,0.800599169151283,-0.243243243243243,0.561589642194777
"TGI_percent_Day_24_control_median",450,8,-0.0220869243472677,0.958600483269647,0.234567901234568,0.576051906571553
"TGI_percent_Day_24_control_median",451,8,-0.795379392050722,0.0182659785155474,-0.746835443037975,0.0332525591774179
"TGI_percent_Day_24_control_median",452,8,0.701724169574435,0.0523868708112221,0.324324324324324,0.433189333282495
"TGI_percent_Day_24_control_median",453,8,-0.428046261801227,0.290059771654668,-0.121951219512195,0.773598436910597
"TGI_percent_Day_24_control_median",454,8,-0.187224572046736,0.657071148357093,0.230769230769231,0.582424123266531
"TGI_percent_Day_24_control_median",455,8,-0.687616972750975,0.0594691654715316,-0.463414634146342,0.247482670349255
"TGI_percent_Day_24_control_median",456,8,-0.463016821201188,0.24794281720965,-0.291139240506329,0.484176479990479
"TGI_percent_Day_24_control_median",457,8,-0.293521361538128,0.480440771446606,-0.121951219512195,0.773598436910597
"TGI_percent_Day_24_control_median",458,8,-0.646680431425704,0.0831116819894849,-0.45679012345679,0.255201343606103
"TGI_percent_Day_24_control_median",459,8,-0.317978312489702,0.442760188132643,-0.219512195121951,0.601445165632524
"TGI_percent_Day_24_control_median",460,8,-0.888323089344978,0.00319688015877824,-1,0
"TGI_percent_Day_24_control_median",461,8,-0.21082045930524,0.616267933981974,0.139240506329114,0.742278902896378
"TGI_percent_Day_24_control_median",462,8,-0.820730728489353,0.0125360529512108,-0.842105263157895,0.0087124949365918
"TGI_percent_Day_24_control_median",463,8,-0.960877977771762,0.000145335951002771,-1,0
"TGI_percent_Day_24_control_median",464,8,-0.706463592277028,0.0501273062312379,-0.62962962962963,0.094345165105607
"TGI_percent_Day_24_control_median",465,8,-0.455886766998288,0.256263142491178,0.0617283950617284,0.88455293510991
"TGI_percent_Day_24_control_median",466,8,0.150248589475261,0.722494940939019,0.105263157894737,0.804084671089484
"TGI_percent_Day_24_control_median",467,8,0.802174910039878,0.0165965936480972,0.634146341463415,0.0912890821441658
"TGI_percent_Day_24_control_median",468,8,-0.117636491513831,0.781457998466839,-0.1,0.813746249999999
"TGI_percent_Day_24_control_median",469,8,-0.226136426513797,0.5902275561688,-0.05,0.9064061328125
"TGI_percent_Day_24_control_median",470,8,-0.420834784744031,0.299148266876655,-0.268292682926829,0.520569891636616
"TGI_percent_Day_24_control_median",471,8,-0.571842244214576,0.138608405654278,0.105263157894737,0.804084671089484
"TGI_percent_Day_24_control_median",472,8,0.848529302300297,0.00773102486091382,0.794871794871795,0.0183947102705782
"TGI_percent_Day_24_control_median",473,8,-0.447184825543044,0.266604228438844,-0.228915662650602,0.585542062912906
"TGI_percent_Day_24_control_median",474,8,-0.81976949114849,0.0127289972458239,-0.620253164556962,0.100875222859378
"TGI_percent_Day_24_control_median",475,8,-0.706463592277028,0.0501273062312378,-0.62962962962963,0.094345165105607
"TGI_percent_Day_24_control_median",476,8,-0.191211484608715,0.65012141705255,0.121951219512195,0.773598436910598
"TGI_percent_Day_24_control_median",477,8,0.855010065340343,0.00681538878812856,0.777777777777778,0.023065589595082
"TGI_percent_Day_24_control_median",478,8,-0.567398041853979,0.142411070195324,-0.373493975903614,0.362100237410523
"TGI_percent_Day_24_control_median",479,8,-0.736998606695971,0.0369803619777323,-0.414634146341463,0.307070866237017
"TGI_percent_Day_24_control_median",480,8,-0.0975761318906686,0.818202725997519,0.175,0.678512669677734
"TGI_percent_Day_24_control_median",481,8,0.831427630439316,0.0105126255376189,0.69620253164557,0.0550950655487157
"TGI_percent_Day_24_control_median",482,8,-0.301454886366196,0.468081935898682,0,1
"TGI_percent_Day_24_control_median",483,8,-0.458273988324017,0.253462021891019,0.0617283950617284,0.88455293510991
"TGI_percent_Day_24_control_median",484,8,-0.153491507528194,0.716691731075555,0.170731707317073,0.68604453895394
"TGI_percent_Day_24_control_median",485,8,-0.524326833794346,0.18221042135712,-0.4,0.32616
"TGI_percent_Day_24_control_median",486,8,-0.764972990668451,0.0270037883253119,-0.736842105263158,0.0370416328264742
"TGI_percent_Day_24_control_median",487,8,-0.16241717306785,0.700780989468677,-0.0602409638554217,0.887321161362284
"TGI_percent_Day_24_control_median",488,8,-0.0732432431068041,0.863159277108849,0.316455696202532,0.445069441835733
"TGI_percent_Day_24_control_median",489,8,-0.574469473683066,0.136387237613024,-0.487804878048781,0.220101844181823
"TGI_percent_Day_24_control_median",490,8,-0.452656430814421,0.26007812626434,-0.432098765432099,0.285012238128342
"TGI_percent_Day_24_control_median",491,8,0.89043302376102,0.00302405750956123,0.8,0.01712
"TGI_percent_Day_24_control_median",492,8,-0.143291446380871,0.73498353820922,0.219512195121951,0.601445165632524
"TGI_percent_Day_24_control_median",493,8,-0.00295290787270115,0.99446332992406,0.162162162162162,0.701234279866665
"TGI_percent_Day_24_control_median",494,8,-0.813538644995007,0.0140251634016745,-0.414634146341463,0.307070866237017
"TGI_percent_Day_24_control_median",495,8,-0.82639264514365,0.011437010039001,-0.634146341463415,0.0912890821441658
"TGI_percent_Day_24_control_median",496,8,-0.777709848486252,0.0230854736259618,-0.736842105263158,0.0370416328264742
"TGI_percent_Day_24_control_median",497,8,-0.43998371783079,0.275315494423912,-0.259259259259259,0.535232404809648
"TGI_percent_Day_24_control_median",498,8,-0.743584127072513,0.0344579386606166,-0.620253164556962,0.100875222859378
"TGI_percent_Day_24_control_median",499,8,-0.613084114341892,0.106037662507832,0.037037037037037,0.930619036000443
"TGI_percent_Day_24_control_median",500,8,-0.761606608875197,0.0281034257157563,-0.620253164556962,0.100875222859378
"TGI_percent_Day_24_control_median",501,8,-0.21996662953675,0.600673399126804,0.405405405405405,0.319045565859473
"TGI_percent_Day_24_control_median",502,8,-0.571217057056851,0.139139899237126,-0.45679012345679,0.255201343606103
"TGI_percent_Day_24_control_median",503,8,-0.268654521795714,0.519985721497908,-0.0120481927710843,0.977411824587767
"TGI_percent_Day_24_control_median",504,8,0.586028564844555,0.126851381696905,0.316455696202532,0.445069441835733
"TGI_percent_Day_24_control_median",505,8,-0.866261620257706,0.00539631400525882,-0.804878048780488,0.0159601987985089
"TGI_percent_Day_24_control_median",506,8,-0.327672995520415,0.428174219660992,0.0886075949367088,0.834728317893272
"TGI_percent_Day_24_control_median",507,8,-0.667592900686049,0.0704528304723756,-0.560975609756098,0.148007079914522
"TGI_percent_Day_24_control_median",508,8,0.669096735512524,0.0695895601715105,0.439024390243902,0.276486445900293
"TGI_percent_Day_24_control_median",509,8,-0.248188433904147,0.55340328632147,0.384615384615385,0.346809662449871
"TGI_percent_Day_24_control_median",510,8,-0.65318129870482,0.0790452439568646,-0.518987341772152,0.187514534406167
"TGI_percent_Day_24_control_median",511,8,-0.612777253561705,0.106261922373207,-0.487804878048781,0.220101844181823
"TGI_percent_Day_24_control_median",512,8,-0.216869846488422,0.605939061542758,-0.121951219512195,0.773598436910597
"TGI_percent_Day_24_control_median",513,8,0.0778418533666266,0.854635042373802,-0.452054794520548,0.26079176513997
"TGI_percent_Day_24_control_median",514,8,-0.60451109661207,0.112404772144671,-0.518072289156627,0.188431668335035
"TGI_percent_Day_24_control_median",515,8,-0.626868794380735,0.0962418168259878,-0.392405063291139,0.336280494675457
"TGI_percent_Day_24_control_median",516,8,0.0219635855012804,0.95883151928545,0.219512195121951,0.601445165632524
"TGI_percent_Day_24_control_median",517,8,-0.0466694192254809,0.912621815447806,0.048780487804878,0.908681575447135
"TGI_percent_Day_24_control_median",518,8,-0.608139430545499,0.109684258940551,-0.560975609756098,0.148007079914522
"TGI_percent_Day_24_control_median",519,8,0.830887738815967,0.010609391402799,0.777777777777778,0.023065589595082
"TGI_percent_Day_24_control_median",520,8,-0.897576178512422,0.00248410509867856,-0.804878048780488,0.0159601987985089
"TGI_percent_Day_24_control_median",521,8,0.0541308939514414,0.89870266435479,0.421686746987952,0.298067492674002
"TGI_percent_Day_24_control_median",522,8,-0.458773578425548,0.252877768975065,-0.0886075949367088,0.834728317893272
"TGI_percent_Day_24_control_median",523,8,-0.555149517762508,0.15318636287748,-0.45679012345679,0.255201343606103
"TGI_percent_Day_24_control_median",524,8,-0.576431575961083,0.134741392110339,-0.341463414634146,0.407782409074504
"TGI_percent_Day_24_control_median",525,8,-0.300754931896252,0.46916716053158,0.0769230769230769,0.856337178454751
"TGI_percent_Day_24_control_median",526,8,0.924399556140614,0.00101989920505023,0.923076923076923,0.00107327636125646
"TGI_percent_Day_24_control_median",527,8,-0.531921619692623,0.17480605020757,-0.292682926829268,0.48175433009408
"TGI_percent_Day_24_control_median",528,8,-0.195270528797191,0.643068514571016,0.075,0.859901453857422
"TGI_percent_Day_24_control_median",529,8,-0.535319356237758,0.171546891823397,-0.275,0.509781307373047
"TGI_percent_Day_24_control_median",530,8,0.638337604506376,0.0885050952344805,0.234567901234568,0.576051906571553
"TGI_percent_Day_24_control_median",531,8,-0.959074326075117,0.000166150198906644,-0.802469135802469,0.016526566994929
"TGI_percent_Day_24_control_median",532,8,-0.44896894988247,0.264467414773622,-0.0886075949367088,0.834728317893272
"TGI_percent_Day_24_control_median",533,8,-0.908493274674391,0.00178651455510789,-0.853658536585366,0.00700028132287885
"TGI_percent_Day_24_control_median",534,8,-0.958378420995947,0.0001746783228783,-0.620253164556962,0.100875222859378
"TGI_percent_Day_24_control_median",535,8,0.0740936854672353,0.861581958608352,0.439024390243902,0.276486445900293
"TGI_percent_Day_24_control_median",536,8,-0.385099434711907,0.346151014593915,-0.135802469135802,0.74848368865351
"TGI_percent_Day_24_control_median",537,8,-0.460775232067124,0.25054370994997,-0.746835443037975,0.0332525591774179
"TGI_percent_Day_24_control_median",538,8,0.910022386064247,0.0017004555699475,0.917808219178082,0.00130395207243573
"TGI_percent_Day_24_control_median",539,8,-0.458273988324017,0.253462021891019,0.0617283950617284,0.88455293510991
"TGI_percent_Day_24_control_median",540,8,-0.943186661243654,0.000439136365203629,-0.924050632911392,0.00103380815542862
"TGI_percent_Day_24_control_median",541,8,-0.879102763574825,0.00402675392011301,-0.75609756097561,0.0299617108971145
"TGI_percent_Day_24_control_median",542,8,-0.907291253517962,0.00185611600388322,-0.923076923076923,0.00107327636125645
"TGI_percent_Day_24_control_median",543,8,-0.853850237471774,0.00697386359186117,-1,0
"TGI_percent_Day_24_control_median",544,8,-0.559151486970946,0.149618169848716,-0.121951219512195,0.773598436910597
"TGI_percent_Day_24_control_median",545,8,-0.953403505501441,0.000244172800309555,-0.848101265822785,0.00779410868380387
"TGI_percent_Day_24_control_median",546,8,-0.45874779554647,0.252907904548062,-0.432432432432432,0.284598569995075
"TGI_percent_Day_24_control_median",547,8,0.00264345495810286,0.995043545043606,0.365853658536585,0.37277785416078
"TGI_percent_Day_24_control_median",548,8,-0.57565666836175,0.135390070240898,0.0632911392405063,0.881645645130731
"TGI_percent_Day_24_control_median",549,8,-0.468521617384943,0.241613887449639,-0.0886075949367088,0.834728317893272
"TGI_percent_Day_24_control_median",550,8,-0.811239103824624,0.0145236639711432,-0.7,0.0532237499999999
"TGI_percent_Day_24_control_median",551,8,-0.685634676404927,0.0605074925358782,-0.555555555555556,0.152822232383275
"TGI_percent_Day_24_control_median",552,8,-0.302079298571983,0.467114683456449,0.162162162162162,0.701234279866665
"TGI_percent_Day_24_control_median",553,8,-0.694892622860515,0.0557495530651156,-0.560975609756098,0.148007079914522
"TGI_percent_Day_24_control_median",554,8,-0.877969009416725,0.00413743094528138,-0.972602739726027,5.03610200209829e-05
"TGI_percent_Day_24_control_median",555,8,-0.755092716282128,0.030308582636156,-0.721518987341772,0.0433430021118049
"TGI_percent_Day_24_control_median",556,8,0.589047485297439,0.124424385458601,0.0617283950617284,0.88455293510991
"TGI_percent_Day_24_control_median",557,8,-0.794902493085507,0.0183869088366416,-0.615384615384616,0.104365016307875
"TGI_percent_Day_24_control_median",558,8,-0.970993757008392,5.96922919146004e-05,-0.842105263157895,0.0087124949365918
"TGI_percent_Day_24_control_median",559,8,0.60092846744301,0.115128178277475,-0.282051282051282,0.498531973667064
"TGI_percent_Day_24_control_median",560,8,-0.550924016724127,0.157003926975387,-0.382716049382716,0.34939965019076
"TGI_percent_Day_24_control_median",561,8,-0.0100143565248654,0.981224336869537,0.333333333333333,0.419753086419753
"TGI_percent_Day_24_control_median",562,8,-0.877574126562423,0.00417643410839131,-0.734939759036145,0.0377913597475923
"TGI_percent_Day_24_control_median",563,8,-0.632253702536903,0.0925626044111788,-0.468354430379747,0.241804882823014
"TGI_percent_Day_24_control_median",564,8,-0.127445871680336,0.763613923726311,-0.0886075949367088,0.834728317893272
"TGI_percent_Day_24_control_median",565,8,-0.262918669635736,0.529274586492779,0.0886075949367088,0.834728317893272
"TGI_percent_Day_24_control_median",566,8,0.800439927507769,0.0170133065367518,0.230769230769231,0.582424123266531
"TGI_percent_Day_24_control_median",567,8,0.160071513465896,0.704953371058798,0.382716049382716,0.34939965019076
"TGI_percent_Day_24_control_median",568,8,-0.442522780983767,0.272228149902778,-0.265822784810127,0.52456393016539
"TGI_percent_Day_24_control_median",569,8,0.0745997874737642,0.860643478819874,0.414634146341463,0.307070866237017
"TGI_percent_Day_24_control_median",570,8,-0.0864846951170894,0.83864797120446,0,1
"TGI_percent_Day_24_control_median",571,8,-0.537647353395046,0.169332930647643,-0.714285714285714,0.0465282322841673
"TGI_percent_Day_24_control_median",572,8,-0.742296869290302,0.0349424451912793,-0.316455696202532,0.445069441835733
"TGI_percent_Day_24_control_median",573,8,0.714352560548985,0.0464981698563138,0.560975609756098,0.148007079914522
"TGI_percent_Day_24_control_median",574,8,-0.424433943098295,0.294595346708264,-0.0731707317073171,0.863293782609012
"TGI_percent_Day_24_control_median",575,8,-0.396461707076394,0.330856907218253,-0.234567901234568,0.576051906571553
"TGI_percent_Day_24_control_median",576,8,-0.172882678992232,0.68224605000703,0.036144578313253,0.932287918005115
"TGI_percent_Day_24_control_median",577,8,-0.408321418540417,0.315238384174281,-0.121951219512195,0.773598436910597
"TGI_percent_Day_24_control_median",578,8,-0.884135219992166,0.00355852531813711,-0.804878048780488,0.0159601987985089
"TGI_percent_Day_24_control_median",579,8,-0.664158748667279,0.0724477379076166,-0.351351351351351,0.393425255498471
"TGI_percent_Day_24_control_median",580,8,-0.842198898745781,0.00869765025434853,-0.525,0.181547481689453
"TGI_percent_Day_24_control_median",581,8,0.745878063965651,0.0336047661679508,0.384615384615385,0.346809662449871
"TGI_percent_Day_24_control_median",582,8,0.648103902308786,0.0822110904202467,0.240506329113924,0.566138469404116
"TGI_percent_Day_24_control_median",583,8,0.752841472617419,0.0310946403595662,0.555555555555556,0.152822232383275
"TGI_percent_Day_24_control_median",584,8,-0.191211484608715,0.650121417052551,0.121951219512195,0.773598436910598
"TGI_percent_Day_24_control_median",585,8,-0.297916848791079,0.473577667165772,-0.135802469135802,0.74848368865351
"TGI_percent_Day_24_control_median",586,8,-0.378217487101033,0.355569221713093,-0.0731707317073171,0.863293782609012
"TGI_percent_Day_24_control_median",587,8,-0.27477425674233,0.510143025904007,0.0379746835443038,0.928865891742792
"TGI_percent_Day_24_control_median",588,8,-0.324805556432418,0.432467113193591,0.0617283950617284,0.88455293510991
"TGI_percent_Day_24_control_median",589,8,-0.259602874200721,0.534671933885678,-0.230769230769231,0.58242412326653
"TGI_percent_Day_24_control_median",590,8,0.109990288778821,0.795425481184892,0.185185185185185,0.660634430204335
"TGI_percent_Day_24_control_median",591,8,0.0104158694824924,0.980471657200842,0.365853658536585,0.37277785416078
"TGI_percent_Day_24_control_median",592,8,-0.41134327118831,0.311315912378772,-0.225,0.592147037353515
"TGI_percent_Day_24_control_median",593,8,-0.317978312489702,0.442760188132643,-0.219512195121951,0.601445165632524
"TGI_percent_Day_24_control_median",594,8,-0.521109144959404,0.185397069756161,-0.555555555555556,0.152822232383275
"TGI_percent_Day_24_control_median",595,8,-0.27477425674233,0.510143025904007,0.0379746835443038,0.928865891742792
"TGI_percent_Day_24_control_median",596,8,-0.245241875835627,0.558275974630534,-0.121951219512195,0.773598436910597
"TGI_percent_Day_24_control_median",597,8,-0.446824074959195,0.267037331561542,-0.1,0.813746249999999
"TGI_percent_Day_24_control_median",598,8,0.956740818072752,0.000195874017005541,0.923076923076923,0.00107327636125646
"TGI_percent_Day_24_control_median",599,8,-0.456611460957298,0.255411166818854,-0.238095238095238,0.570156320815768
"TGI_percent_Day_24_control_median",600,8,-0.665987774501918,0.0713811719926007,-0.746835443037975,0.0332525591774179
"TGI_percent_Day_24_control_median",601,8,0.0541308939514414,0.89870266435479,0.421686746987952,0.298067492674002
"TGI_percent_Day_24_control_median",602,8,-0.559722583961816,0.149112737771544,-0.24390243902439,0.560495956966516
"TGI_percent_Day_24_control_median",603,8,-0.559872037830211,0.148980623373753,-0.468354430379747,0.241804882823014
"TGI_percent_Day_24_control_median",604,8,0.101025827780596,0.811861491093912,0.721518987341772,0.043343002111805
"TGI_percent_Day_24_control_median",605,8,-0.134245564947743,0.751297410660425,-0.036144578313253,0.932287918005115
"TGI_percent_Day_24_control_median",606,8,-0.88732156715683,0.00328109703672303,-0.634146341463415,0.0912890821441658
"TGI_percent_Day_24_control_median",607,8,-0.134245564947743,0.751297410660425,-0.036144578313253,0.932287918005115
"TGI_percent_Day_24_control_median",608,8,-0.409190934431299,0.314107329350825,-0.439024390243902,0.276486445900293
"TGI_percent_Day_24_control_median",609,8,-0.116876481704817,0.782844100714694,0.139240506329114,0.742278902896378
"TGI_percent_Day_24_control_median",610,8,-0.317978312489702,0.442760188132642,-0.219512195121951,0.601445165632524
"TGI_percent_Day_24_control_median",611,8,-0.320821151448274,0.438461954266378,0.036144578313253,0.932287918005115
"TGI_percent_Day_24_control_median",612,8,-0.583835651385372,0.128630817776899,-0.301204819277108,0.468469529828103
"TGI_percent_Day_24_control_median",613,8,0.774943860300724,0.0239041794528061,0.53125,0.175454188138247
"TGI_percent_Day_24_control_median",614,8,0.0624143002540481,0.883276753975411,0.259259259259259,0.535232404809648
"TGI_percent_Day_24_control_median",615,8,-0.882369534692231,0.00371856731842726,-0.753086419753086,0.0310085131644479
"TGI_percent_Day_24_control_median",616,8,-0.98255662052495,1.30958235142258e-05,-1,0
"TGI_percent_Day_24_control_median",617,8,-0.509019199833492,0.197633428487416,-0.594936708860759,0.119765536998206
"TGI_percent_Day_24_control_median",618,8,-0.711061784981577,0.0479920543926112,-0.102564102564103,0.809036692029818
"TGI_percent_Day_24_control_median",619,8,-0.689877820419274,0.0582979723570872,-0.414634146341463,0.307070866237017
"TGI_percent_Day_24_control_median",620,8,-0.41134327118831,0.311315912378772,-0.225,0.592147037353515
"TGI_percent_Day_24_control_median",621,8,-0.832339273739402,0.0103505029579243,-0.341463414634146,0.407782409074504
"TGI_percent_Day_24_control_median",622,8,-0.441348227599224,0.273654198830993,-0.301204819277108,0.468469529828103
"TGI_percent_Day_24_control_median",623,8,0.02073324153971,0.961136311354664,0.048780487804878,0.908681575447135
"TGI_percent_Day_24_control_median",624,8,-0.00283327183960163,0.99468764373054,0.108433734939759,0.798274813332511
"TGI_percent_Day_24_control_median",625,8,0.0862552278520906,0.839071827116295,0.0379746835443038,0.928865891742792
"TGI_percent_Day_24_control_median",626,8,-0.0615456269583212,0.88489302640496,-0.0886075949367088,0.834728317893272
"TGI_percent_Day_24_control_median",627,8,-0.424030036657303,0.295104605550872,-0.265822784810127,0.52456393016539
"TGI_percent_Day_24_control_median",628,8,-0.621124791992353,0.100257601270567,-0.560975609756098,0.148007079914522
"TGI_percent_Day_24_control_median",629,8,-0.987241963863935,5.14193557047531e-06,-0.828571428571429,0.0110309466293806
"TGI_percent_Day_24_control_median",630,8,0.247748923788145,0.554129140470357,0.108108108108108,0.798871133067875
"TGI_percent_Day_24_control_median",631,8,-0.530863069200785,0.175828176425511,-0.620253164556962,0.100875222859378
"TGI_percent_Day_24_control_median",632,8,-0.0737166402893307,0.86228121660146,-0.468354430379747,0.241804882823014
"TGI_percent_Day_24_control_median",633,8,-0.938536105360206,0.000554066573136234,-0.615384615384616,0.104365016307875
"TGI_percent_Day_24_control_median",634,8,-0.878854205198867,0.00405085289549403,-0.746835443037975,0.0332525591774179
"TGI_percent_Day_24_control_median",635,8,-0.838759318889761,0.00925357333633194,-0.731707317073171,0.0390863390212493
"TGI_percent_Day_24_control_median",636,8,-0.824801835273717,0.0117393796101999,-0.333333333333333,0.419753086419753
"TGI_percent_Day_24_control_median",637,8,-0.315548712484543,0.44644735975826,0.048780487804878,0.908681575447135
"TGI_percent_Day_24_control_median",638,8,-0.022799489701723,0.957265768944277,0.0886075949367088,0.834728317893272
"TGI_percent_Day_24_control_median",639,8,-0.961321528494486,0.000140495866077373,-0.848101265822785,0.00779410868380387
"TGI_percent_Day_24_control_median",640,8,-0.402731694266582,0.322555384006794,-0.316455696202532,0.445069441835733
"TGI_percent_Day_24_control_median",641,8,-0.972313581701736,5.19611002798199e-05,-0.925,0.000996251220703114
"TGI_percent_Day_24_control_median",642,8,-0.73144554353505,0.0391923746108496,-0.407407407407407,0.316429397723464
"TGI_percent_Day_24_control_median",643,8,-0.58231846532477,0.129870058911471,-0.463414634146342,0.247482670349255
"TGI_percent_Day_24_control_median",644,8,0.767921312175843,0.0260628729498373,0.736842105263158,0.0370416328264742
"TGI_percent_Day_24_control_median",645,8,-0.923641482537655,0.00105027500512961,-0.746835443037975,0.0332525591774179
"TGI_percent_Day_24_control_median",646,8,-0.338158639033653,0.412630449306741,-0.2,0.63488
"TGI_percent_Day_24_control_median",647,8,-0.405020875817064,0.319549226672553,-0.594936708860759,0.119765536998206
"TGI_percent_Day_24_control_median",648,8,-0.556952274581251,0.151573296099983,-0.382716049382716,0.34939965019076
"TGI_percent_Day_24_control_median",649,8,-0.699759979667049,0.0533408820493116,-0.447368421052632,0.266383944879123
"TGI_percent_Day_24_control_median",650,8,0.862179938415563,0.00588668534946354,0.772151898734177,0.0247485870017686
"TGI_percent_Day_24_control_median",651,8,-0.298496707140658,0.472675204490451,-0.292682926829268,0.48175433009408
"TGI_percent_Day_24_control_median",652,8,-0.658119526992149,0.0760356325477798,-0.560975609756098,0.148007079914522
"TGI_percent_Day_24_control_median",653,8,-0.935169733160584,0.000648505878858061,-0.620253164556962,0.100875222859378
"TGI_percent_Day_24_control_median",654,8,-0.285178018656778,0.493574565736526,-0.620253164556962,0.100875222859378
"TGI_percent_Day_24_control_median",655,8,-0.746872176918455,0.0332390905296707,-0.917808219178082,0.00130395207243574
"TGI_percent_Day_24_control_median",656,8,-0.353319530625364,0.3905942884022,-0.0617283950617284,0.88455293510991
"TGI_percent_Day_24_control_median",657,8,-0.433910917688414,0.28276913203545,-0.135802469135802,0.74848368865351
"TGI_percent_Day_24_control_median",658,8,-0.58565140155816,0.127156442036903,-0.721518987341772,0.0433430021118049
"TGI_percent_Day_24_control_median",659,8,-0.63642007363517,0.0897725966019171,0.09375,0.825246002525091
"TGI_percent_Day_24_control_median",660,8,-0.820342361358586,0.0126137840299285,-0.62962962962963,0.094345165105607
"TGI_percent_Day_24_control_median",661,8,-0.884247543621501,0.00354849755167565,-0.634146341463415,0.0912890821441658
"TGI_percent_Day_24_control_median",662,8,-0.353289631466875,0.390637227301768,-0.209876543209877,0.617884622686196
"TGI_percent_Day_24_control_median",663,8,-0.686223175109896,0.0601981203796216,-0.62962962962963,0.094345165105607
"TGI_percent_Day_24_control_median",664,8,-0.473436688986143,0.236033186336799,-0.132530120481928,0.75440042927224
"TGI_percent_Day_24_control_median",665,8,-0.572780101188465,0.137813216051343,-0.493975903614458,0.213435752051467
"TGI_percent_Day_24_control_median",666,8,-0.205944299955586,0.624633921235248,0.2,0.63488
"TGI_percent_Day_24_control_median",667,8,0.546622066436894,0.16094334468474,0.0886075949367088,0.834728317893272
"TGI_percent_Day_24_control_median",668,8,-0.138041449057256,0.744441537412187,-0.132530120481928,0.75440042927224
"TGI_percent_Day_24_control_median",669,8,-0.333458016284801,0.419568388210865,-0.139240506329114,0.742278902896378
"TGI_percent_Day_24_control_median",670,8,-0.0380311804768036,0.928760265751562,0.216216216216216,0.607052378046439
"TGI_percent_Day_24_control_median",671,8,-0.426685672488492,0.291764099827072,-0.407407407407407,0.316429397723464
"TGI_percent_Day_24_control_median",672,8,-0.0931772181995344,0.826301287153675,0.268292682926829,0.520569891636616
"TGI_percent_Day_24_control_median",673,8,-0.543166380049002,0.164146349547803,-0.102564102564103,0.809036692029818
"TGI_percent_Day_24_control_median",674,8,0.173078408462882,0.681900691179267,0.578947368421053,0.132647361838117
"TGI_percent_Day_24_control_median",675,8,-0.44866054240006,0.264836177544359,-0.1,0.813746249999999
"TGI_percent_Day_24_control_median",676,8,-0.427220375110567,0.29109373167362,-0.132530120481928,0.75440042927224
"TGI_percent_Day_24_control_median",677,8,-0.465355134783378,0.24524430471487,-0.487804878048781,0.220101844181823
"TGI_percent_Day_24_control_median",678,8,-0.823857211920893,0.011921293028299,-0.79746835443038,0.0177421304392542
"TGI_percent_Day_24_control_median",679,8,-0.162381584674603,0.70084424439769,0.365853658536585,0.37277785416078
"TGI_percent_Day_24_control_median",680,8,0.6924029819129,0.0570062395238372,0.777777777777778,0.0230655895950821
"TGI_percent_Day_24_control_median",681,8,-0.00456025438413506,0.991449641572364,0.219512195121951,0.601445165632524
"TGI_percent_Day_24_control_median",682,8,0.153239354447033,0.717142538855387,0.0632911392405063,0.881645645130731
"TGI_percent_Day_24_control_median",683,8,0.12601082194602,0.766218908837382,0.780821917808219,0.0221854065027459
"TGI_percent_Day_24_control_median",684,8,-0.796603404593487,0.0179578773574414,-0.525,0.181547481689453
"TGI_percent_Day_24_control_median",685,8,-0.834601806554236,0.00995501752961985,-0.634146341463415,0.0912890821441658
"TGI_percent_Day_24_control_median",686,8,-0.981133645403212,1.65515416256905e-05,-1,0
"TGI_percent_Day_24_control_median",687,8,-0.484086809410025,0.224169478360904,-0.407407407407407,0.316429397723464
"TGI_percent_Day_24_control_median",688,8,-0.152861383564816,0.717818421556167,-0.121951219512195,0.773598436910597
"TGI_percent_Day_24_control_median",689,8,0.357921996128072,0.384009375010812,0.5,0.20703125
"TGI_percent_Day_24_control_median",690,8,0.192823214595513,0.647318162076128,0.594936708860759,0.119765536998206
"TGI_percent_Day_24_control_median",691,8,-0.446665168657486,0.267228219036469,-0.0617283950617284,0.88455293510991
"TGI_percent_Day_24_control_median",692,8,-0.235467507127893,0.574546330706073,0.0886075949367088,0.834728317893272
"TGI_percent_Day_24_control_median",693,8,-0.593186996617545,0.12113925630503,-0.62962962962963,0.094345165105607
"TGI_percent_Day_24_control_median",694,8,-0.213990599517638,0.610848172338919,-0.170731707317073,0.68604453895394
"TGI_percent_Day_24_control_median",695,8,0.0807735334116527,0.849207080372403,0.139240506329114,0.742278902896378
"TGI_percent_Day_24_control_median",696,8,0.825801887293821,0.0115487147956115,0.702702702702703,0.0519154430428595
"TGI_percent_Day_24_control_median",697,8,-0.0866284805440823,0.83838239807175,0.0886075949367088,0.834728317893272
"TGI_percent_Day_24_control_median",698,8,-0.128546084186661,0.761618064795519,-0.283950617283951,0.495518316964043
"TGI_percent_Day_24_control_median",699,8,-0.944671631284537,0.000406055516712819,-0.924050632911392,0.00103380815542862
"TGI_percent_Day_24_control_median",700,8,-0.686959959420259,0.0598121242910231,-0.62962962962963,0.094345165105607
"TGI_percent_Day_24_control_median",701,8,-0.920620923230831,0.00117716499072679,-0.79746835443038,0.0177421304392542
"TGI_percent_Day_24_control_median",702,8,-0.409190934431299,0.314107329350825,-0.439024390243902,0.276486445900293
"TGI_percent_Day_24_control_median",703,8,-0.976629566900158,3.13542750672736e-05,-1,0
"TGI_percent_Day_24_control_median",704,8,-0.567398041853979,0.142411070195324,-0.373493975903614,0.362100237410523
"TGI_percent_Day_24_control_median",705,8,-0.932988243941569,0.000715000230542731,-0.923076923076923,0.00107327636125645
"TGI_percent_Day_24_control_median",706,8,-0.161787131961152,0.701901048444104,-0.048780487804878,0.908681575447135
"TGI_percent_Day_24_control_median",707,8,-0.584858634766241,0.127798992554924,-0.392405063291139,0.336280494675457
"TGI_percent_Day_24_control_median",708,8,0.095425741685554,0.822159959170524,0.414634146341463,0.307070866237017
"TGI_percent_Day_24_control_median",709,8,0.719446023844988,0.0442419037818958,0.842105263157895,0.0087124949365918
"TGI_percent_Day_24_control_median",710,8,-0.559552367011245,0.149263284772123,-0.487804878048781,0.220101844181823
"TGI_percent_Day_24_control_median",711,8,-0.63909631836164,0.0880064606958823,-0.475,0.234272098388671
"TGI_percent_Day_24_control_median",712,8,0.898098527077346,0.00244728671843533,0.851851851851852,0.00725239908517074
"TGI_percent_Day_24_control_median",713,8,-0.203696426418493,0.628502468404741,0.315068493150685,0.447177633966065
"TGI_percent_Day_24_control_median",714,8,-0.590910647658203,0.122939657545445,-0.468354430379747,0.241804882823014
"TGI_percent_Day_24_control_median",715,8,-0.572443827569285,0.138098043566611,-0.493670886075949,0.213762737730047
"TGI_percent_Day_24_control_median",716,8,-0.473155509912983,0.2363506524766,0.102564102564103,0.809036692029818
"TGI_percent_Day_24_control_median",717,8,0.87620598850133,0.00431339558746602,0.772151898734177,0.0247485870017686
"TGI_percent_Day_24_control_median",718,8,-0.872247829473158,0.00472581652060979,-0.753086419753086,0.0310085131644479
"TGI_percent_Day_24_control_median",719,8,-0.439473054804617,0.275938503033112,-0.253012048192771,0.54545933813052
"TGI_percent_Day_24_control_median",720,8,-0.972611704203933,5.0311942832921e-05,-0.848101265822785,0.00779410868380387
"TGI_percent_Day_24_control_median",721,8,-0.814251744054032,0.0138727963691108,-0.62962962962963,0.094345165105607
"TGI_percent_Day_24_control_median",722,8,-0.50678165350728,0.199943494891688,-0.341463414634146,0.407782409074504
"TGI_percent_Day_24_control_median",723,8,-0.827412281898991,0.0112458222977124,-0.743589743589744,0.0344558337392387
"TGI_percent_Day_24_control_median",724,8,0.254884753940864,0.542386302154109,-0.0123456790123457,0.976854203839832
"TGI_percent_Day_24_control_median",725,8,-0.967974813646175,8.0153938880407e-05,-0.924050632911392,0.00103380815542862
"TGI_percent_Day_24_control_median",726,8,-0.804191769854487,0.0161202913697311,-0.634146341463415,0.0912890821441658
"TGI_percent_Day_24_control_median",727,8,-0.855837186568844,0.00670379190020697,-0.620253164556962,0.100875222859378
"TGI_percent_Day_24_control_median",728,8,0.640698908014257,0.0869585863801233,0.2,0.63488
"TGI_percent_Day_24_control_median",729,8,-0.869724086216012,0.00500153860909735,-0.734939759036145,0.0377913597475923
"TGI_percent_Day_24_control_median",730,8,0.946549793265714,0.000366617840243579,0.89873417721519,0.00240296148046003
"TGI_percent_Day_24_control_median",731,8,0.400953099192209,0.324900194912423,0.230769230769231,0.582424123266531
"TGI_percent_Day_24_control_median",732,8,-0.43745615052214,0.278405899870794,-0.121951219512195,0.773598436910597
"TGI_percent_Day_24_control_median",733,8,-0.724391563002614,0.0421157832656638,-0.054054054054054,0.898845897271193
"TGI_percent_Day_24_control_median",734,8,-0.494598459004776,0.212769167379618,-0.605263157894737,0.111837768489366
"TGI_percent_Day_24_control_median",735,8,-0.409133899215995,0.314181460833565,-0.0617283950617284,0.88455293510991
"TGI_percent_Day_24_control_median",736,8,-0.736798607640908,0.0370586732812041,-0.536585365853659,0.170340970786708
"TGI_percent_Day_24_control_median",737,8,0.938146947649297,0.000564489130859443,0.822784810126582,0.0121299609627337
"TGI_percent_Day_24_control_median",738,8,-0.432784300368764,0.284162655027124,-0.253012048192771,0.54545933813052
"TGI_percent_Day_24_control_median",739,8,-0.347224044528849,0.399390856040947,-0.615384615384616,0.104365016307875
"TGI_percent_Day_24_control_median",740,8,-0.581017842485813,0.130937699920977,-0.560975609756098,0.148007079914522
"TGI_percent_Day_24_control_median",741,8,-0.606555972910538,0.110866874868173,-0.414634146341463,0.307070866237017
"TGI_percent_Day_24_control_median",742,8,-0.352729516934759,0.39144200427502,-0.365853658536585,0.372777854160779
"TGI_percent_Day_24_control_median",743,8,-0.836607036021205,0.00961263838254334,-0.923076923076923,0.00107327636125645
"TGI_percent_Day_24_control_median",744,8,-0.253673735756798,0.544372821375907,-0.342465753424658,0.406316873398979
"TGI_percent_Day_24_control_median",745,8,-0.974471742821337,4.07991457990835e-05,-0.746835443037975,0.0332525591774179
"TGI_percent_Day_24_control_median",746,8,-0.726978141356249,0.0410289805417276,-0.721518987341772,0.0433430021118049
"TGI_percent_Day_24_control_median",747,8,-0.439064929895484,0.276436913839018,-0.365853658536585,0.372777854160779
"TGI_percent_Day_24_control_median",748,8,-0.559151486970946,0.149618169848716,-0.121951219512195,0.773598436910597
"TGI_percent_Day_24_control_median",749,8,-0.741383125357812,0.0352888791083553,-0.615384615384616,0.104365016307875
"TGI_percent_Day_24_control_median",750,8,-0.637159191639936,0.0892827982923178,-0.620253164556962,0.100875222859378
"TGI_percent_Day_24_control_median",751,8,-0.868834000074872,0.00510118767642946,-0.746835443037975,0.0332525591774179
"TGI_percent_Day_24_control_median",752,8,-0.180385073628685,0.669043253563332,0.162162162162162,0.701234279866665
"TGI_percent_Day_24_control_median",753,8,-0.0101451506912404,0.980979147639031,0.594936708860759,0.119765536998206
"TGI_percent_Day_24_control_median",754,8,-0.814251744054032,0.0138727963691109,-0.62962962962963,0.094345165105607
"TGI_percent_Day_24_control_median",755,8,0.811268567597254,0.0145172073614666,0.923076923076923,0.00107327636125646
"TGI_percent_Day_24_control_median",756,8,0.849276544193556,0.00762167872801717,0.835616438356164,0.00978082574112047
"TGI_percent_Day_24_control_median",757,8,-0.500460551930883,0.206545809942871,-0.414634146341463,0.307070866237017
"TGI_percent_Day_24_control_median",758,8,-0.0916999420539363,0.829024044325011,-0.216216216216216,0.607052378046439
"TGI_percent_Day_24_control_median",759,8,-0.520050414435224,0.186452034131224,-0.55,0.1578455859375
"TGI_percent_Day_24_control_median",760,8,0.759382413439529,0.028844865677989,0.62962962962963,0.0943451651056068
"TGI_percent_Day_24_control_median",761,8,-0.26995080761784,0.517894946186399,0.139240506329114,0.742278902896378
"TGI_percent_Day_24_control_median",762,8,-0.305985390482414,0.461082179694849,-0.048780487804878,0.908681575447135
"TGI_percent_Day_24_control_median",763,8,0.811063616632271,0.0145621571636095,0.62962962962963,0.0943451651056068
"TGI_percent_Day_24_control_median",764,8,-0.594116074343474,0.12040872756577,-0.566265060240964,0.143389618739712
"TGI_percent_Day_24_control_median",765,8,-0.049822926640791,0.906736493230825,0.432098765432099,0.285012238128342
"TGI_percent_Day_24_control_median",766,8,-0.118237678636498,0.780361912119193,0.0975609756097561,0.818230605541778
"TGI_percent_Day_24_control_median",767,8,-0.374544459557571,0.360643108002094,-0.121951219512195,0.773598436910597
"TGI_percent_Day_24_control_median",768,8,-0.8180454582995,0.0130797257636638,-0.731707317073171,0.0390863390212493
"TGI_percent_Day_24_control_median",769,8,-0.0768899250781974,0.856398605037536,-0.0886075949367088,0.834728317893272
"TGI_percent_Day_24_control_median",770,8,0.955279963869186,0.000216154906901138,0.972602739726027,5.03610200209817e-05
"TGI_percent_Day_24_control_median",771,8,-0.975589389960332,3.57018497649581e-05,-0.975308641975309,3.69400528358034e-05
"TGI_percent_Day_24_control_median",772,8,-0.453207640563827,0.259425159140124,-0.228915662650602,0.585542062912906
"TGI_percent_Day_24_control_median",773,8,-0.979522962937013,2.11372046933115e-05,-0.851851851851852,0.0072523990851707
"TGI_percent_Day_24_control_median",774,8,0.110685815244574,0.794152929658735,0.670886075949367,0.0685705618098423
"TGI_percent_Day_24_control_median",775,8,-0.465355134783378,0.24524430471487,-0.487804878048781,0.220101844181823
"TGI_percent_Day_24_control_median",776,8,-0.922786064866744,0.0010852538159964,-0.848101265822785,0.00779410868380387
"TGI_percent_Day_24_control_median",777,8,-0.830957080111996,0.0105969317709132,-0.802469135802469,0.016526566994929
"TGI_percent_Day_24_control_median",778,8,-0.507084782332478,0.199629712904942,-0.282051282051282,0.498531973667064
"TGI_percent_Day_24_control_median",779,8,-0.820342361358586,0.0126137840299285,-0.62962962962963,0.094345165105607
"TGI_percent_Day_24_control_median",780,8,-0.341314336239788,0.408000573282613,-0.048780487804878,0.908681575447135
"TGI_percent_Day_24_control_median",781,8,-0.856414535427242,0.00662659136559577,-0.634146341463415,0.0912890821441658
"TGI_percent_Day_24_control_median",782,8,-0.711371487865904,0.047850246349043,-0.333333333333333,0.419753086419753
"TGI_percent_Day_24_control_median",783,8,-0.262192343649339,0.53045515842708,0.316455696202532,0.445069441835733
"TGI_percent_Day_24_control_median",784,8,-0.473436688986143,0.236033186336799,-0.132530120481928,0.75440042927224
"TGI_percent_Day_24_control_median",785,8,-0.499641343219913,0.207409701700842,-0.121951219512195,0.773598436910597
"TGI_percent_Day_24_control_median",786,8,-0.47846090864729,0.230397342671354,-0.259259259259259,0.535232404809648
"TGI_percent_Day_24_control_median",787,8,-0.655458083811659,0.0776491591496199,-0.842105263157895,0.0087124949365918
"TGI_percent_Day_24_control_median",788,8,0.929500089162169,0.000830337717757198,0.777777777777778,0.023065589595082
"TGI_percent_Day_24_control_median",789,8,0.034506973788435,0.935350766464271,0.234567901234568,0.576051906571553
"TGI_percent_Day_24_control_median",790,8,-0.872247829473158,0.00472581652060979,-0.753086419753086,0.0310085131644479
"TGI_percent_Day_24_control_median",791,8,0.539274372618175,0.167794833101111,0.102564102564103,0.809036692029818
"TGI_percent_Day_24_control_median",792,8,-0.393716116966226,0.334523168655908,-0.234567901234568,0.576051906571553
"TGI_percent_Day_24_control_median",793,8,-0.298576480587903,0.472551102697333,-0.048780487804878,0.908681575447135
"TGI_percent_Day_24_control_median",794,8,-0.613621169453878,0.105645822445341,-0.620253164556962,0.100875222859378
"TGI_percent_Day_24_control_median",795,8,-0.283066111389755,0.496920877479573,-0.0731707317073171,0.863293782609012
"TGI_percent_Day_24_control_median",796,8,-0.722440002340941,0.042947200340466,-0.594936708860759,0.119765536998206
"TGI_percent_Day_24_control_median",797,8,0.350870701493764,0.394117967866133,0.753424657534246,0.0308898246525729
"TGI_percent_Day_24_control_median",798,8,-0.447184825543044,0.266604228438844,-0.228915662650602,0.585542062912906
"TGI_percent_Day_24_control_median",799,8,-0.620940035869648,0.100388334997304,-0.756756756756757,0.0297354894241181
"TGI_percent_Day_24_control_median",800,8,-0.915412202584709,0.00141871699659447,-0.620253164556962,0.100875222859378
"TGI_percent_Day_24_control_median",801,8,-0.281010007046063,0.500187138059552,-0.0731707317073171,0.863293782609012
"TGI_percent_Day_24_control_median",802,8,0.596386646704989,0.118633860960464,0.219512195121951,0.601445165632524
"TGI_percent_Day_24_control_median",803,8,-0.713867167223498,0.046716729896011,-0.407407407407407,0.316429397723464
"TGI_percent_Day_24_control_median",804,8,-0.746164759621183,0.0334990562479478,-0.469879518072289,0.240065454942806
"TGI_percent_Day_24_control_median",805,8,0.129127672313268,0.760563488214512,-0.111111111111111,0.793374993649342
"TGI_percent_Day_24_control_median",806,8,-0.115934176936069,0.784563364737453,0.111111111111111,0.793374993649342
"TGI_percent_Day_24_control_median",807,8,-0.413446171967368,0.308600077417231,-0.121951219512195,0.773598436910597
"TGI_percent_Day_24_control_median",808,8,0.634101937375567,0.0913188441248286,0.240506329113924,0.566138469404116
"TGI_percent_Day_24_control_median",809,8,0.745141990444333,0.0338771044204779,0.555555555555556,0.152822232383275
"TGI_percent_Day_24_control_median",810,8,-0.445462077345904,0.268675638377243,-0.390243902439024,0.339186635335989
"TGI_percent_Day_24_control_median",811,8,-0.298576480587903,0.472551102697333,-0.048780487804878,0.908681575447135
"TGI_percent_Day_24_control_median",812,8,-0.341643388466794,0.407519098875181,-0.0379746835443038,0.928865891742792
"TGI_percent_Day_24_control_median",813,8,-0.68124957994837,0.0628424824394859,-0.560975609756098,0.148007079914522
"TGI_percent_Day_24_control_median",814,8,-0.526773362572785,0.179807247838995,-0.753424657534246,0.0308898246525729
"TGI_percent_Day_24_control_median",815,8,-0.583835651385372,0.128630817776899,-0.301204819277108,0.468469529828103
"TGI_percent_Day_24_control_median",816,8,-0.833970769962058,0.010064339458116,-0.731707317073171,0.0390863390212493
"TGI_percent_Day_24_control_median",817,8,-0.374544459557571,0.360643108002094,-0.121951219512195,0.773598436910597
"TGI_percent_Day_24_control_median",818,8,-0.130998758742524,0.757172894605725,0.036144578313253,0.932287918005115
"TGI_percent_Day_24_control_median",819,8,-0.131206979110197,0.756795786895105,-0.468354430379747,0.241804882823014
"TGI_percent_Day_24_control_median",820,8,0.772940868707832,0.0245081269835393,0.594936708860759,0.119765536998206
"TGI_percent_Day_24_control_median",821,8,-0.869724086216012,0.00500153860909735,-0.734939759036145,0.0377913597475923
"TGI_percent_Day_24_control_median",822,8,-0.517111399966038,0.189397305130108,-0.225,0.592147037353515
"TGI_percent_Day_24_control_median",823,8,-0.0778162203091809,0.854682523862614,-0.1,0.813746249999999
"TGI_percent_Day_24_control_median",824,8,-0.580370521477605,0.131470885581765,-0.487804878048781,0.220101844181823
"TGI_percent_Day_24_control_median",825,8,-0.877435627949703,0.00419016967160252,-0.848101265822785,0.00779410868380387
"TGI_percent_Day_24_control_median",826,8,-0.28873920792785,0.487951746195062,-0.333333333333333,0.419753086419753
"TGI_percent_Day_24_control_median",827,8,-0.453207640563827,0.259425159140124,-0.228915662650602,0.585542062912906
"TGI_percent_Day_24_control_median",828,8,-0.934704713765879,0.000662324760119491,-0.625,0.0975379943847655
"TGI_percent_Day_24_control_median",829,8,-0.777411374785826,0.023172967892872,-0.620253164556962,0.100875222859378
"TGI_percent_Day_24_control_median",830,8,-0.702119591117806,0.0521960608429761,-0.555555555555556,0.152822232383275
"TGI_percent_Day_24_control_median",831,8,-0.946353655890733,0.00037061305670065,-0.615384615384616,0.104365016307875
"TGI_percent_Day_24_control_median",832,8,-0.444123304148712,0.270290850705408,-0.24390243902439,0.560495956966516
"TGI_percent_Day_24_control_median",833,8,-0.286844035185188,0.490940947675068,-0.240506329113924,0.566138469404116
"TGI_percent_Day_24_control_median",834,8,0.151947844922875,0.71945265946392,0.150684931506849,0.72171342613154
"TGI_percent_Day_24_control_median",835,8,-0.164055758342428,0.697870194345304,-0.316455696202532,0.445069441835733
"TGI_percent_Day_24_control_median",836,8,-0.0466694192254808,0.912621815447806,0.048780487804878,0.908681575447135
"TGI_percent_Day_24_control_median",837,8,-0.262820601921393,0.529433929485543,-0.146341463414634,0.729502115730516
"TGI_percent_Day_24_control_median",838,8,-0.965367757312867,0.000101165524001434,-1,0
"TGI_percent_Day_24_control_median",839,8,-0.808906284277206,0.0150406186803799,-0.542168674698795,0.165077483817168
"TGI_percent_Day_24_control_median",840,8,-0.574947425233176,0.135985299702272,-0.634146341463415,0.0912890821441658
"TGI_percent_Day_24_control_median",841,8,-0.460535772206785,0.250822361907118,-0.341463414634146,0.407782409074504
"TGI_percent_Day_24_control_median",842,8,-0.385099434711907,0.346151014593915,-0.135802469135802,0.74848368865351
"TGI_percent_Day_24_control_median",843,8,0.0937309379118093,0.825281118560935,0.538461538461539,0.16856229446825
"TGI_percent_Day_24_control_median",844,8,-0.955134460433792,0.00021824746070801,-0.924050632911392,0.00103380815542862
"TGI_percent_Day_24_control_median",845,8,-0.801726425232441,0.016703691725256,-0.307692307692308,0.458455990282607
"TGI_percent_Day_24_control_median",846,8,0.758276316398922,0.0292180222804623,0.518987341772152,0.187514534406167
"TGI_percent_Day_24_control_median",847,8,-0.909897470680269,0.00170738244623086,-0.848101265822785,0.00779410868380387
"TGI_percent_Day_24_control_median",848,8,-0.559722583961815,0.149112737771544,-0.24390243902439,0.560495956966516
"TGI_percent_Day_24_control_median",849,8,-0.817665367551315,0.0131578597317971,-0.63855421686747,0.0883625688449136
"TGI_percent_Day_24_control_median",850,8,-0.1451679774724,0.731609906758736,-0.4,0.32616
"TGI_percent_Day_24_control_median",851,8,-0.0710501976422574,0.86722853878435,0.317073170731707,0.444132360252344
"TGI_percent_Day_24_control_median",852,8,0.692598810052662,0.0569067856053832,0.390243902439024,0.339186635335989
"TGI_percent_Day_24_control_median",853,8,-0.975589389960333,3.57018497649566e-05,-0.975308641975309,3.69400528358034e-05
"TGI_percent_Day_24_control_median",854,8,-0.666776708529813,0.0709239895050167,-0.384615384615385,0.346809662449871
"TGI_percent_Day_24_control_median",855,8,-0.88306717784682,0.00365478998196885,-0.753086419753086,0.0310085131644479
"TGI_percent_Day_24_control_median",856,8,-0.0383168104997449,0.928226269211524,0.234567901234568,0.576051906571553
"TGI_percent_Day_24_control_median",857,8,-0.45874779554647,0.252907904548062,-0.432432432432432,0.284598569995075
"TGI_percent_Day_24_control_median",858,8,-0.00802626782267333,0.984951394144997,-0.125,0.768054962158203
"TGI_percent_Day_24_control_median",859,8,-0.163625454857595,0.698634278651659,-0.219512195121951,0.601445165632524
"TGI_percent_Day_24_control_median",860,8,-0.602509739361806,0.113921588804625,-0.341463414634146,0.407782409074504
"TGI_percent_Day_24_control_median",861,8,-0.30018315894436,0.47005439574613,-0.027027027027027,0.949348996625618
"TGI_percent_Day_24_control_median",862,8,-0.723378732806013,0.0425460465540451,-0.432432432432432,0.284598569995075
"TGI_percent_Day_24_control_median",863,8,-0.201721164395552,0.631907966462809,-0.407407407407407,0.316429397723464
"TGI_percent_Day_24_control_median",864,8,-0.173748465615829,0.680718760829268,0.048780487804878,0.908681575447135
"TGI_percent_Day_24_control_median",865,8,-0.887095860306438,0.00330027211247545,-0.835616438356164,0.00978082574112054
"TGI_percent_Day_24_control_median",866,8,-0.44658501885743,0.267324525320601,-0.121951219512195,0.773598436910597
"TGI_percent_Day_24_control_median",867,8,-0.620214164133346,0.100902908770959,-0.4,0.32616
"TGI_percent_Day_24_control_median",868,8,-0.262783967640557,0.529493458353177,0.125,0.768054962158203
"TGI_percent_Day_24_control_median",869,8,-0.335279371348068,0.416874281120004,-0.2,0.63488
"TGI_percent_Day_24_control_median",870,8,-0.458080462813976,0.253688525238413,-0.544303797468354,0.163088312636417
"TGI_percent_Day_24_control_median",871,8,-0.989897052246628,2.55851376790011e-06,-1,0
"TGI_percent_Day_24_control_median",872,8,-0.741975715547973,0.0350639683319312,-0.407407407407407,0.316429397723464
"TGI_percent_Day_24_control_median",873,8,-0.245331893945557,0.558126889687371,-0.146341463414634,0.729502115730516
"TGI_percent_Day_24_control_median",874,8,-0.932419975457505,0.00073302479975,-0.96875,7.45169818401336e-05
"TGI_percent_Day_24_control_median",875,8,-0.490787228227426,0.216866949844371,-0.301204819277108,0.468469529828103
"TGI_percent_Day_24_control_median",876,8,-0.332425244628621,0.42109931864498,0.048780487804878,0.908681575447135
"TGI_percent_Day_24_control_median",877,8,-0.57608462474103,0.135031611999743,-0.373493975903614,0.362100237410523
"TGI_percent_Day_24_control_median",878,8,-0.884247543621501,0.00354849755167565,-0.634146341463415,0.0912890821441658
"TGI_percent_Day_24_control_median",879,8,-0.137026946926384,0.746272446809278,-0.468354430379747,0.241804882823014
"TGI_percent_Day_24_control_median",880,8,-0.963721227968475,0.000116146300657675,-0.853658536585366,0.00700028132287885
"TGI_percent_Day_24_control_median",881,8,0.855010065340343,0.00681538878812859,0.777777777777778,0.023065589595082
"TGI_percent_Day_24_control_median",882,8,-0.971813505488575,5.48070869048485e-05,-0.853658536585366,0.00700028132287885
"TGI_percent_Day_24_control_median",883,8,-0.161787131961152,0.701901048444104,-0.048780487804878,0.908681575447135
"TGI_percent_Day_24_control_median",884,8,-0.829184319080778,0.0109183912620188,-0.842105263157895,0.0087124949365918
"TGI_percent_Day_24_control_median",885,8,0.0678862762738534,0.873103762632093,0,1
"TGI_percent_Day_24_control_median",886,8,-0.97311873278261,4.75874031064e-05,-0.842105263157895,0.0087124949365918
"TGI_percent_Day_24_control_median",887,8,-0.911647014513296,0.00161202486024397,-0.875,0.00443649291992187
"TGI_percent_Day_24_control_median",888,8,0.0241989209794803,0.954644733292092,0.282051282051282,0.498531973667064
"TGI_percent_Day_24_control_median",889,8,-0.29371557253801,0.480136706622803,0.0769230769230769,0.856337178454751
"TGI_percent_Day_24_control_median",890,8,-0.0572369182680181,0.892914937702011,-0.125,0.768054962158203
"TGI_percent_Day_24_control_median",891,8,-0.353319530625364,0.3905942884022,-0.0617283950617284,0.88455293510991
"TGI_percent_Day_24_control_median",892,8,-0.31108587830721,0.453252895468002,-0.240506329113924,0.566138469404116
"TGI_percent_Day_24_control_median",893,8,-0.602418177021619,0.113991259110204,-0.609756097560976,0.108484275261192
"TGI_percent_Day_24_control_median",894,8,-0.619222300759495,0.101608483639647,-0.292682926829268,0.48175433009408
"TGI_percent_Day_24_control_median",895,8,-0.692232535246214,0.0570928875098765,-0.560975609756098,0.148007079914522
"TGI_percent_Day_24_control_median",896,8,-0.623909351252988,0.098299067063279,-0.307692307692308,0.458455990282607
"TGI_percent_Day_24_control_median",897,8,-0.579947349568535,0.131820097835659,-0.439024390243902,0.276486445900293
"TGI_percent_Day_24_control_median",898,8,-0.245331893945557,0.558126889687371,-0.146341463414634,0.729502115730516
"TGI_percent_Day_24_control_median",899,8,-0.438245354848819,0.277439133387513,-0.139240506329114,0.742278902896378
"TGI_percent_Day_24_control_median",900,8,-0.65944789351587,0.0752377143846758,-0.670886075949367,0.0685705618098423
"TGI_percent_Day_24_control_median",901,8,-0.891752182359749,0.00291914126506578,-0.731707317073171,0.0390863390212493
"TGI_percent_Day_24_control_median",902,8,0.893355426135243,0.00279483711010197,0.891891891891892,0.00290816977750491
"TGI_percent_Day_24_control_median",903,8,-0.971813505488575,5.48070869048471e-05,-0.853658536585366,0.00700028132287885
"TGI_percent_Day_24_control_median",904,8,0.110600921252925,0.794308232491336,0.333333333333333,0.419753086419753
"TGI_percent_Day_24_control_median",905,8,-0.736998606695971,0.0369803619777323,-0.414634146341463,0.307070866237017
"TGI_percent_Day_24_control_median",906,8,-0.264402007377029,0.526866576581819,0.075,0.859901453857422
"TGI_percent_Day_24_control_median",907,8,0.306076796446115,0.460941392595597,0.205128205128205,0.626037544539464
"TGI_percent_Day_24_control_median",908,8,-0.822241671368596,0.0122365188449944,-0.589041095890411,0.124429494317035
"TGI_percent_Day_24_control_median",909,8,-0.656988055253634,0.0767191743131226,-0.447368421052632,0.266383944879123
"TGI_percent_Day_24_control_median",910,8,-0.424621931256434,0.294358470089743,-0.670886075949367,0.0685705618098423
"TGI_percent_Day_24_control_median",911,8,-0.638287829942278,0.0885378646594217,-0.468354430379747,0.241804882823014
"TGI_percent_Day_24_control_median",912,8,0.02516960436607,0.952826919488701,0.365853658536585,0.37277785416078
"TGI_percent_Day_24_control_median",913,8,-0.222228427022235,0.59683702010069,0.4,0.32616
"TGI_percent_Day_24_control_median",914,8,-0.678069475209815,0.0645687567611316,-0.634146341463415,0.0912890821441658
"TGI_percent_Day_24_control_median",915,8,-0.983198849260724,1.17076157429111e-05,-1,0
"TGI_percent_Day_24_control_median",916,8,-0.380297373279188,0.35271061557346,-0.382716049382716,0.34939965019076
"TGI_percent_Day_24_control_median",917,8,-0.0725721398239208,0.864404253960107,0.538461538461539,0.16856229446825
"TGI_percent_Day_24_control_median",918,8,-0.801108263549727,0.0168520168976901,-0.536585365853659,0.170340970786708
"TGI_percent_Day_24_control_median",919,8,-0.929551921649564,0.000828540658534985,-0.924050632911392,0.00103380815542862
"TGI_percent_Day_24_control_median",920,8,-0.586094055717764,0.126798452654489,-0.634146341463415,0.0912890821441658
"TGI_percent_Day_24_control_median",921,8,0.941195205190357,0.000486210856202033,0.842105263157895,0.0087124949365918
"TGI_percent_Day_24_control_median",922,8,-0.806718263647517,0.0155358560308448,-0.923076923076923,0.00107327636125645
"TGI_percent_Day_24_control_median",923,8,-0.990614611331464,2.05227118666044e-06,-0.974683544303797,3.97984255471571e-05
"TGI_percent_Day_24_control_median",924,8,-0.246713254887671,0.555840886542334,-0.135802469135802,0.74848368865351
"TGI_percent_Day_24_control_median",925,8,-0.576123543349387,0.134999039819599,-0.0886075949367088,0.834728317893272
"TGI_percent_Day_24_control_median",926,8,-0.131737441969907,0.755835255740567,0.204819277108434,0.626569134387071
"TGI_percent_Day_24_control_median",927,8,-0.989461002077854,2.90334635666344e-06,-1,0
"TGI_percent_Day_24_control_median",928,8,-0.228874485204954,0.585611392280128,0.232876712328767,0.578885910188631
"TGI_percent_Day_24_control_median",929,8,0.0331952151868524,0.937804679594936,0.615384615384616,0.104365016307875
"TGI_percent_Day_24_control_median",930,8,-0.706463592277028,0.0501273062312379,-0.62962962962963,0.094345165105607
"TGI_percent_Day_24_control_median",931,8,0.794069713796877,0.018599279294662,0.743589743589744,0.0344558337392387
"TGI_percent_Day_24_control_median",932,8,0.0248629364885774,0.953401202286503,0.333333333333333,0.419753086419753
"TGI_percent_Day_24_control_median",933,8,-0.635631992386022,0.0902965508403911,-0.468354430379747,0.241804882823014
"TGI_percent_Day_24_control_median",934,8,-0.882983430088959,0.00366240850241762,-0.804878048780488,0.0159601987985089
"TGI_percent_Day_24_control_median",935,8,0.16177369790475,0.701924936023808,0.594936708860759,0.119765536998206
"TGI_percent_Day_24_control_median",936,8,-0.925213792355167,0.00098791849565559,-0.726027397260274,0.0414264515948147
"TGI_percent_Day_24_control_median",937,8,-0.360108281697115,0.380898718807104,-0.390243902439024,0.339186635335989
"TGI_percent_Day_24_control_median",938,8,-0.266723389454828,0.523106260713188,-0.113924050632911,0.788233439851227
"TGI_percent_Day_24_control_median",939,8,-0.574469473683066,0.136387237613024,-0.487804878048781,0.220101844181823
"TGI_percent_Day_24_control_median",940,8,-0.354949641495527,0.38825638815287,0,1
"TGI_percent_Day_24_control_median",941,8,-0.494311035820057,0.213076783207242,-0.113924050632911,0.788233439851227
"TGI_percent_Day_24_control_median",942,8,0.0390808263616076,0.926798027105311,0.0975609756097561,0.818230605541778
"TGI_percent_Day_24_control_median",943,8,-0.180906797747738,0.66812782439771,0.132530120481928,0.75440042927224
"TGI_percent_Day_24_control_median",944,8,-0.178682867073756,0.672032456794746,-0.048780487804878,0.908681575447135
"TGI_percent_Day_24_control_median",945,8,-0.845285757853929,0.00821724177172334,-0.62962962962963,0.094345165105607
"TGI_percent_Day_24_control_median",946,8,-0.985858066342098,6.99598126858617e-06,-1,0
"TGI_percent_Day_24_control_median",947,8,-0.359348844127961,0.381977978638478,-0.048780487804878,0.908681575447135
"TGI_percent_Day_24_control_median",948,8,-0.969297775630797,7.0696040461959e-05,-0.926829268292683,0.000926422142911447
"TGI_percent_Day_24_control_median",949,8,-0.775404456901485,0.0237666180907913,-0.62962962962963,0.094345165105607
"TGI_percent_Day_24_control_median",950,8,-0.900991523979895,0.00224976490212143,-0.802469135802469,0.016526566994929
"TGI_percent_Day_24_control_median",951,8,-0.0931772181995343,0.826301287153675,0.268292682926829,0.520569891636616
"TGI_percent_Day_24_control_median",952,8,-0.980575387982566,1.80571193764227e-05,-0.615384615384616,0.104365016307875
"TGI_percent_Day_24_control_median",953,8,-0.263481350714409,0.528360668924592,0.0886075949367088,0.834728317893272
"TGI_percent_Day_24_control_median",954,8,-0.879102763574825,0.00402675392011301,-0.75609756097561,0.0299617108971145
"TGI_percent_Day_24_control_median",955,8,-0.346367141575079,0.400634323583138,-0.0886075949367088,0.834728317893272
"TGI_percent_Day_24_control_median",956,8,-0.197717658101047,0.638827624254308,-0.170731707317073,0.68604453895394
"TGI_percent_Day_24_control_median",957,8,-0.385099434711907,0.346151014593915,-0.135802469135802,0.74848368865351
"TGI_percent_Day_24_control_median",958,8,-0.541677503408901,0.165536931926456,-0.835616438356164,0.00978082574112054
"TGI_percent_Day_24_control_median",959,8,-0.303225588898511,0.465341100528786,-0.4,0.32616
"TGI_percent_Day_24_control_median",960,8,-0.216869846488422,0.605939061542758,-0.121951219512195,0.773598436910597
"TGI_percent_Day_24_control_median",961,8,-0.450518134891521,0.262618924744155,-0.475,0.234272098388671
"TGI_percent_Day_24_control_median",962,8,-0.899119538455668,0.00237634456485248,-0.620253164556962,0.100875222859378
"TGI_percent_Day_24_control_median",963,8,-0.425038438287282,0.293833974323351,-0.0886075949367088,0.834728317893272
"TGI_percent_Day_24_control_median",964,8,-0.714046446363722,0.0466359331222934,-0.342465753424658,0.406316873398979
"TGI_percent_Day_24_control_median",965,8,0.0321555530555601,0.939749885361144,0.736842105263158,0.0370416328264742
"TGI_percent_Day_24_control_median",966,8,-0.683289413893465,0.0617497710592969,-0.468354430379747,0.241804882823014
"TGI_percent_Day_24_control_median",967,8,0.436832083407922,0.279171545157999,0.538461538461539,0.16856229446825
"TGI_percent_Day_24_control_median",968,8,0.0218824261363867,0.95898354685461,0.259259259259259,0.535232404809648
"TGI_percent_Day_24_control_median",969,8,-0.611284416223486,0.107356773127627,-0.414634146341463,0.307070866237017
"TGI_percent_Day_24_control_median",970,8,-0.140523750756803,0.73996605871556,0.111111111111111,0.793374993649342
"TGI_percent_Day_24_control_median",971,8,0.227875243320303,0.587294633698184,0.810810810810811,0.0146177229257338
"TGI_percent_Day_24_control_median",972,8,-0.413708889015217,0.30826158418083,-0.365853658536585,0.372777854160779
"TGI_percent_Day_24_control_median",973,8,0.0755175036131734,0.858942095041237,0.2,0.63488
"TGI_percent_Day_24_control_median",974,8,-0.513195068584382,0.193360107422963,-0.102564102564103,0.809036692029818
"TGI_percent_Day_24_control_median",975,8,-0.913372578594848,0.00152143698249625,-0.875,0.00443649291992187
"TGI_percent_Day_24_control_median",976,8,-0.105275330774456,0.804062349993975,0.230769230769231,0.582424123266531
"TGI_percent_Day_24_control_median",977,8,-0.26995080761784,0.517894946186399,0.139240506329114,0.742278902896378
"TGI_percent_Day_24_control_median",978,8,-0.886256398820974,0.003372223814347,-0.736842105263158,0.0370416328264742
"TGI_percent_Day_24_control_median",979,8,-0.380225206234096,0.352809625801155,0.2,0.63488
"TGI_percent_Day_24_control_median",980,8,-0.447521882087012,0.266199887000619,-0.605263157894737,0.111837768489366
"TGI_percent_Day_24_control_median",981,8,0.1489731074737,0.724780606165294,0.670886075949367,0.0685705618098423
"TGI_percent_Day_24_control_median",982,8,-0.470486926534702,0.239374457509872,0.135135135135135,0.749689435807651
"TGI_percent_Day_24_control_median",983,8,-0.875868045833395,0.00434766536948243,-0.753086419753086,0.0310085131644479
"TGI_percent_Day_24_control_median",984,8,0.648404463664206,0.0820216639469132,0.5,0.20703125
"TGI_percent_Day_24_control_median",985,8,0.843990258368914,0.00841674598430458,0.721518987341772,0.043343002111805
"TGI_percent_Day_24_control_median",986,8,-0.579947349568535,0.131820097835659,-0.439024390243902,0.276486445900293
"TGI_percent_Day_24_control_median",987,8,-0.872355441717664,0.00471428237888553,-0.634146341463415,0.0912890821441658
"TGI_percent_Day_24_control_median",988,8,-0.873127207708086,0.00463209251371488,-0.802469135802469,0.016526566994929
"TGI_percent_Day_24_control_median",989,8,-0.41134327118831,0.311315912378772,-0.225,0.592147037353515
"TGI_percent_Day_24_control_median",990,8,-0.104742468036837,0.805039554787425,-0.316455696202532,0.445069441835733
"TGI_percent_Day_24_control_median",991,8,0.039465063987475,0.926079802239473,0.232876712328767,0.578885910188631
"TGI_percent_Day_24_control_median",992,8,-0.290979813005229,0.484426904357328,0.027027027027027,0.949348996625618
"TGI_percent_Day_24_control_median",993,8,-0.490226022567452,0.217473781470671,-0.301204819277108,0.468469529828103
"TGI_percent_Day_24_control_median",994,8,-0.884247543621501,0.00354849755167562,-0.634146341463415,0.0912890821441658
"TGI_percent_Day_24_control_median",995,8,-0.559722583961816,0.149112737771544,-0.24390243902439,0.560495956966516
"TGI_percent_Day_24_control_median",996,8,-0.822631498266901,0.0121599794523259,-0.634146341463415,0.0912890821441658
"TGI_percent_Day_24_control_median",997,8,-0.0772144690674679,0.855797289234986,0.615384615384616,0.104365016307875
"TGI_percent_Day_24_control_median",998,8,-0.508655574791319,0.198007875636434,-0.24390243902439,0.560495956966516
"TGI_percent_Day_24_control_median",999,8,-0.352729516934759,0.39144200427502,-0.365853658536585,0.372777854160779
"TGI_percent_Day_24_control_median",1000,8,0.0911596731820944,0.830020182966903,0.555555555555556,0.152822232383275
