"tgi_measure","iteration","n","pearson_r","pearson_p","spearman_rho","spearman_p"
"TGI_percent_Day_24_control_median",1,8,1,0,1,2.73691106313438e-47
"TGI_percent_Day_24_control_median",2,8,0.796667409114168,0.0179418566195028,0.620253164556962,0.100875222859378
"TGI_percent_Day_24_control_median",3,8,0.727318022708137,0.0408874527265582,0.62962962962963,0.0943451651056068
"TGI_percent_Day_24_control_median",4,8,0.588354209558343,0.124979403578077,0.51219512195122,0.194378892157874
"TGI_percent_Day_24_control_median",5,8,0.532160931997788,0.174575416739479,-0.0632911392405063,0.881645645130732
"TGI_percent_Day_24_control_median",6,8,0.86717505904619,0.00529029583078191,0.917808219178082,0.00130395207243573
"TGI_percent_Day_24_control_median",7,8,0.643095360005154,0.085405206155178,0.390243902439024,0.339186635335989
"TGI_percent_Day_24_control_median",8,8,0.827834167649865,0.0111673119128071,0.89873417721519,0.00240296148046003
"TGI_percent_Day_24_control_median",9,8,0.242157154015067,0.56339322098908,-0.164556962025316,0.696980493011756
"TGI_percent_Day_24_control_median",10,8,0.779951625684456,0.0224348730587175,0.804878048780488,0.0159601987985088
"TGI_percent_Day_24_control_median",11,8,0.847429773038782,0.00789373243159968,0.851851851851852,0.00725239908517074
"TGI_percent_Day_24_control_median",12,8,0.907046016801743,0.00187052901199904,0.974683544303797,3.97984255471566e-05
"TGI_percent_Day_24_control_median",13,8,0.777745615273665,0.0230750027681326,0.634146341463415,0.0912890821441658
"TGI_percent_Day_24_control_median",14,8,0.628181896822641,0.0953370244852117,0.397590361445783,0.32935525869871
"TGI_percent_Day_24_control_median",15,8,0.762235290933451,0.0278960071341023,0.62962962962963,0.0943451651056068
"TGI_percent_Day_24_control_median",16,8,0.83013779754776,0.0107447383533469,0.555555555555556,0.152822232383275
"TGI_percent_Day_24_control_median",17,8,0.957924512323836,0.000180393460547018,0.917808219178082,0.00130395207243573
"TGI_percent_Day_24_control_median",18,8,0.679586894065057,0.0637415876203158,0.414634146341463,0.307070866237017
"TGI_percent_Day_24_control_median",19,8,0.949393066617381,0.000311844978197496,1,3.42113882891805e-48
"TGI_percent_Day_24_control_median",20,8,0.527677047791867,0.178923896996114,0.24390243902439,0.560495956966516
"TGI_percent_Day_24_control_median",21,8,0.281401722298975,0.499564237629345,0.0886075949367088,0.834728317893272
"TGI_percent_Day_24_control_median",22,8,-0.105797022313236,0.803105846582546,-0.432432432432432,0.284598569995075
"TGI_percent_Day_24_control_median",23,8,0.872351248431924,0.00471473148630279,0.842105263157895,0.0087124949365918
"TGI_percent_Day_24_control_median",24,8,0.188199357710217,0.655369958774301,0.297297297297297,0.47454266274421
"TGI_percent_Day_24_control_median",25,8,0.761419163642339,0.0281654522002286,0.707317073170732,0.0497267470387709
"TGI_percent_Day_24_control_median",26,8,0.82060494379858,0.0125611953602237,0.9,0.00231624999999999
"TGI_percent_Day_24_control_median",27,8,0.792160552707977,0.0190919075828375,0.615384615384616,0.104365016307875
"TGI_percent_Day_24_control_median",28,8,0.798160198891191,0.0175707344714388,0.925925925925926,0.000960491276443564
"TGI_percent_Day_24_control_median",29,8,0.816677093288612,0.0133623912197587,0.878048780487805,0.00412958042703298
"TGI_percent_Day_24_control_median",30,8,0.559491387130884,0.149317238253071,0.373493975903614,0.362100237410523
"TGI_percent_Day_24_control_median",31,8,0.509367310071916,0.197275308284991,-0.037037037037037,0.930619036000442
"TGI_percent_Day_24_control_median",32,8,0.846537968047443,0.00802729126943865,0.731707317073171,0.0390863390212493
"TGI_percent_Day_24_control_median",33,8,0.65579991263296,0.0774408112369341,0.590361445783133,0.123376267991455
"TGI_percent_Day_24_control_median",34,8,0.438048178513602,0.277680517258694,0.225,0.592147037353516
"TGI_percent_Day_24_control_median",35,8,0.870747600048169,0.00488850726905217,0.848101265822785,0.00779410868380385
"TGI_percent_Day_24_control_median",36,8,0.806173153070326,0.0156608075343676,0.746835443037975,0.033252559177418
"TGI_percent_Day_24_control_median",37,8,0.697199933295215,0.0545998166482866,0.634146341463415,0.0912890821441658
"TGI_percent_Day_24_control_median",38,8,0.662064580301436,0.0736803543513091,0.566265060240964,0.143389618739712
"TGI_percent_Day_24_control_median",39,8,0.651551702129967,0.080053422709861,0.634146341463415,0.0912890821441658
"TGI_percent_Day_24_control_median",40,8,0.603924820400582,0.11284791368903,0.390243902439024,0.339186635335989
"TGI_percent_Day_24_control_median",41,8,0.861402793317366,0.00598316518818137,0.641025641025641,0.0867458407693925
"TGI_percent_Day_24_control_median",42,8,0.366735492772367,0.371538339350603,-0.0632911392405063,0.881645645130732
"TGI_percent_Day_24_control_median",43,8,0.828086152103165,0.0111205850546291,0.804878048780488,0.0159601987985088
"TGI_percent_Day_24_control_median",44,8,0.680480806671884,0.0632572585392558,0.525,0.181547481689453
"TGI_percent_Day_24_control_median",45,8,-0.188162371195841,0.655434483824734,-0.538461538461539,0.16856229446825
"TGI_percent_Day_24_control_median",46,8,0.806222831858573,0.0156493940165552,0.518987341772152,0.187514534406167
"TGI_percent_Day_24_control_median",47,8,0.717805753463354,0.044961101240783,0.590361445783133,0.123376267991455
"TGI_percent_Day_24_control_median",48,8,0.760788241194749,0.0283748470858535,0.51219512195122,0.194378892157874
"TGI_percent_Day_24_control_median",49,8,0.6312239054926,0.0932598185033823,0.414634146341463,0.307070866237017
"TGI_percent_Day_24_control_median",50,8,0.452599579536535,0.260145519370883,0.180722891566265,0.668450469704889
"TGI_percent_Day_24_control_median",51,8,0.959183947428851,0.000164832396123566,1,0
"TGI_percent_Day_24_control_median",52,8,0.376395907917195,0.358081448532486,0.215189873417721,0.608801860963225
"TGI_percent_Day_24_control_median",53,8,0.736153306980414,0.0373120352993936,0.518987341772152,0.187514534406167
"TGI_percent_Day_24_control_median",54,8,0.668574965883426,0.0698883693703305,0.525,0.181547481689453
"TGI_percent_Day_24_control_median",55,8,0.873657686967308,0.0045761364823581,0.726027397260274,0.0414264515948147
"TGI_percent_Day_24_control_median",56,8,0.235128434796579,0.57511364216759,0.215189873417721,0.608801860963225
"TGI_percent_Day_24_control_median",57,8,0.711110878111132,0.0479695585630908,0.589041095890411,0.124429494317035
"TGI_percent_Day_24_control_median",58,8,0.170088623772766,0.687181306466574,-0.0975609756097561,0.818230605541778
"TGI_percent_Day_24_control_median",59,8,0.635939619468306,0.0900918156732354,0.468354430379747,0.241804882823014
"TGI_percent_Day_24_control_median",60,8,0.593538308439976,0.120862729120105,0.365853658536585,0.37277785416078
"TGI_percent_Day_24_control_median",61,8,0.184685558061242,0.661508247592446,0.0379746835443038,0.928865891742792
"TGI_percent_Day_24_control_median",62,8,0.594052720918763,0.120458462950353,0.518987341772152,0.187514534406167
"TGI_percent_Day_24_control_median",63,8,0.582236540922489,0.129937164021179,0.392405063291139,0.336280494675457
"TGI_percent_Day_24_control_median",64,8,0.891732066859395,0.00292072315033292,0.643835616438356,0.0849286568753826
"TGI_percent_Day_24_control_median",65,8,0.683511223102403,0.061631636597427,0.62962962962963,0.0943451651056068
"TGI_percent_Day_24_control_median",66,8,0.664504624568533,0.0722453325327871,0.728395061728395,0.0404409294591197
"TGI_percent_Day_24_control_median",67,8,0.667322542670577,0.0706086937935261,0.392405063291139,0.336280494675457
"TGI_percent_Day_24_control_median",68,8,0.681601811844412,0.0626529834879875,0.390243902439024,0.339186635335989
"TGI_percent_Day_24_control_median",69,8,0.679586894065057,0.0637415876203159,0.414634146341463,0.307070866237017
"TGI_percent_Day_24_control_median",70,8,0.440465874048187,0.274727901017186,0.156626506024096,0.711092878662638
"TGI_percent_Day_24_control_median",71,8,0.884542469729132,0.00352225465652496,0.925925925925926,0.000960491276443564
"TGI_percent_Day_24_control_median",72,8,0.571663727482964,0.138760053929169,0.205128205128205,0.626037544539464
"TGI_percent_Day_24_control_median",73,8,0.204659518215773,0.626844095624401,-0.230769230769231,0.58242412326653
"TGI_percent_Day_24_control_median",74,8,0.728308513361515,0.0404767010405474,0.923076923076923,0.00107327636125646
"TGI_percent_Day_24_control_median",75,8,0.82060494379858,0.0125611953602238,0.9,0.00231624999999999
"TGI_percent_Day_24_control_median",76,8,0.618690946197457,0.101987628308158,0.283950617283951,0.495518316964043
"TGI_percent_Day_24_control_median",77,8,0.625555400985301,0.0971517322301781,0.24390243902439,0.560495956966516
"TGI_percent_Day_24_control_median",78,8,0.75264562398139,0.0311636093475038,0.8,0.01712
"TGI_percent_Day_24_control_median",79,8,0.45564612282842,0.256546366883376,0.234567901234568,0.576051906571553
"TGI_percent_Day_24_control_median",80,8,0.782265584743313,0.0217753997222108,0.424657534246575,0.294313618526343
"TGI_percent_Day_24_control_median",81,8,0.822785865213285,0.0121297545389294,0.822784810126582,0.0121299609627337
"TGI_percent_Day_24_control_median",82,8,0.791889483025433,0.019162505612621,0.725,0.041858585205078
"TGI_percent_Day_24_control_median",83,8,0.821421995213386,0.0123984464313205,0.62962962962963,0.0943451651056068
"TGI_percent_Day_24_control_median",84,8,0.597209021595666,0.117994690487433,0.307692307692308,0.458455990282607
"TGI_percent_Day_24_control_median",85,8,0.430791194809045,0.286636143284706,0.341772151898734,0.407330756890686
"TGI_percent_Day_24_control_median",86,8,0.799771035253185,0.0171756950661195,0.710843373493976,0.0480922136045094
"TGI_percent_Day_24_control_median",87,8,0.555006960737944,0.153314319178493,0.349397590361446,0.396244333445432
"TGI_percent_Day_24_control_median",88,8,0.846207886508602,0.00807708755835326,0.725,0.041858585205078
"TGI_percent_Day_24_control_median",89,8,0.640243010788574,0.0872559400318733,0.634146341463415,0.0912890821441658
"TGI_percent_Day_24_control_median",90,8,0.464097438616208,0.246693883177073,0.341463414634146,0.407782409074504
"TGI_percent_Day_24_control_median",91,8,0.957827129631473,0.000181635445722405,0.924050632911392,0.00103380815542862
"TGI_percent_Day_24_control_median",92,8,0.65579991263296,0.0774408112369341,0.590361445783133,0.123376267991455
"TGI_percent_Day_24_control_median",93,8,0.652841916897021,0.0792545932686834,0.542168674698795,0.165077483817168
"TGI_percent_Day_24_control_median",94,8,-0.459611843353824,0.251898971333015,-0.28,0.5017946112
"TGI_percent_Day_24_control_median",95,8,0.644351637311898,0.0845973784319438,0.421686746987952,0.298067492674002
"TGI_percent_Day_24_control_median",96,8,0.668989963467079,0.069650645412841,0.542168674698795,0.165077483817168
"TGI_percent_Day_24_control_median",97,8,0.846537968047443,0.00802729126943866,0.731707317073171,0.0390863390212493
"TGI_percent_Day_24_control_median",98,8,0.64928271020474,0.0814696146121036,0.35,0.3953741796875
"TGI_percent_Day_24_control_median",99,8,0.454979051296604,0.257332291531958,0.121951219512195,0.773598436910598
"TGI_percent_Day_24_control_median",100,8,0.969894706734393,6.66823161012722e-05,1,2.73691106313438e-47
"TGI_percent_Day_24_control_median",101,8,0.6027866021086,0.113711069166747,0.585365853658537,0.127387674311883
"TGI_percent_Day_24_control_median",102,8,0.600263489187476,0.115637740276418,0.45679012345679,0.255201343606103
"TGI_percent_Day_24_control_median",103,8,0.817590323560053,0.0131733209671822,0.777777777777778,0.023065589595082
"TGI_percent_Day_24_control_median",104,8,0.854465084040936,0.00688956330862783,0.728395061728395,0.0404409294591197
"TGI_percent_Day_24_control_median",105,8,0.674602851515007,0.066482217947338,0.536585365853659,0.170340970786708
"TGI_percent_Day_24_control_median",106,8,0.515935660037328,0.19058242285478,0.113924050632911,0.788233439851227
"TGI_percent_Day_24_control_median",107,8,0.594137522101598,0.120391892700095,0.301204819277108,0.468469529828104
"TGI_percent_Day_24_control_median",108,8,0.454336638554233,0.258090302077548,0.234567901234568,0.576051906571553
"TGI_percent_Day_24_control_median",109,8,0.662439822881899,0.073458589719717,0.333333333333333,0.419753086419753
"TGI_percent_Day_24_control_median",110,8,0.828086152103165,0.0111205850546291,0.804878048780488,0.0159601987985088
"TGI_percent_Day_24_control_median",111,8,0.122182960923868,0.77317677417271,0.232876712328767,0.578885910188631
"TGI_percent_Day_24_control_median",112,8,0.591149445495236,0.122750086839181,0.307692307692308,0.458455990282607
"TGI_percent_Day_24_control_median",113,8,0.764652943934147,0.0271071688715354,0.848101265822785,0.00779410868380385
"TGI_percent_Day_24_control_median",114,8,0.737912405740291,0.0366238407713206,0.560975609756098,0.148007079914522
"TGI_percent_Day_24_control_median",115,8,0.659290776670615,0.0753318334550451,0.589041095890411,0.124429494317035
"TGI_percent_Day_24_control_median",116,8,0.366735492772367,0.371538339350603,-0.0632911392405063,0.881645645130732
"TGI_percent_Day_24_control_median",117,8,0.777278908204825,0.0232118648386073,0.5,0.20703125
"TGI_percent_Day_24_control_median",118,8,0.610445787644853,0.107974632519741,-0.105263157894737,0.804084671089484
"TGI_percent_Day_24_control_median",119,8,0.346123075643072,0.400988799398659,-0.0769230769230769,0.856337178454751
"TGI_percent_Day_24_control_median",120,8,0.658736842996164,0.0756642117409999,0.292682926829268,0.481754330094079
"TGI_percent_Day_24_control_median",121,8,0.424751335641121,0.294195466228771,-0.037037037037037,0.930619036000442
"TGI_percent_Day_24_control_median",122,8,0.589614599318467,0.123971400123039,0.625,0.0975379943847654
"TGI_percent_Day_24_control_median",123,8,0.942901938082337,0.000445674662521937,0.924050632911392,0.00103380815542862
"TGI_percent_Day_24_control_median",124,8,0.625458713971556,0.0972189113660853,0.439024390243902,0.276486445900293
"TGI_percent_Day_24_control_median",125,8,0.502624064460882,0.204273370651569,-0.205128205128205,0.626037544539464
"TGI_percent_Day_24_control_median",126,8,0.0999301530584246,0.813874608662212,-0.164556962025316,0.696980493011756
"TGI_percent_Day_24_control_median",127,8,0.713668400924774,0.0468064077080317,0.439024390243902,0.276486445900293
"TGI_percent_Day_24_control_median",128,8,0.828105874933956,0.0111169329734659,0.802469135802469,0.016526566994929
"TGI_percent_Day_24_control_median",129,8,0.893542214912328,0.00278058182846625,0.924050632911392,0.00103380815542862
"TGI_percent_Day_24_control_median",130,8,0.862108012921666,0.00589557249196084,0.780487804878049,0.0222809739808402
"TGI_percent_Day_24_control_median",131,8,0.863125930851332,0.00577059588531124,0.654320987654321,0.07834458818895
"TGI_percent_Day_24_control_median",132,8,0.701199804768763,0.0526405463671814,0.463414634146342,0.247482670349255
"TGI_percent_Day_24_control_median",133,8,0.59710459095275,0.118075748583346,0.414634146341463,0.307070866237017
"TGI_percent_Day_24_control_median",134,8,0.967131442135249,8.65992168569614e-05,0.974683544303797,3.97984255471566e-05
"TGI_percent_Day_24_control_median",135,8,0.907472712354463,0.00184549792822942,0.620253164556962,0.100875222859378
"TGI_percent_Day_24_control_median",136,8,0.715275612690262,0.0460842484676976,0.307692307692308,0.458455990282607
"TGI_percent_Day_24_control_median",137,8,0.739290238859472,0.0360902539444651,0.51219512195122,0.194378892157874
"TGI_percent_Day_24_control_median",138,8,0.832137209614275,0.0103862994398177,0.62962962962963,0.0943451651056068
"TGI_percent_Day_24_control_median",139,8,0.609965087484759,0.108329698999617,0.265822784810127,0.52456393016539
"TGI_percent_Day_24_control_median",140,8,0.811529632488045,0.0144600771804809,0.848101265822785,0.00779410868380385
"TGI_percent_Day_24_control_median",141,8,0.917815870611953,0.00130359564384349,0.972602739726027,5.03610200209817e-05
"TGI_percent_Day_24_control_median",142,8,0.570266638535217,0.139950044491376,0.358024691358025,0.383863009028071
"TGI_percent_Day_24_control_median",143,8,0.788268259114044,0.0201212860337444,0.972972972972973,4.83603783960581e-05
"TGI_percent_Day_24_control_median",144,8,0.143779349038618,0.73410602734765,0.113924050632911,0.788233439851227
"TGI_percent_Day_24_control_median",145,8,0.766732601747011,0.0264397535230428,0.731707317073171,0.0390863390212493
"TGI_percent_Day_24_control_median",146,8,0.893530300254288,0.0027814897191559,0.925925925925926,0.000960491276443564
"TGI_percent_Day_24_control_median",147,8,0.686745904239836,0.0599241140114291,0.835616438356164,0.00978082574112047
"TGI_percent_Day_24_control_median",148,8,0.569892541491851,0.140269643195715,0.333333333333333,0.419753086419753
"TGI_percent_Day_24_control_median",149,8,0.920443855237339,0.00118489829452939,0.902439024390244,0.00215494723497795
"TGI_percent_Day_24_control_median",150,8,0.664504624568533,0.0722453325327871,0.728395061728395,0.0404409294591197
"TGI_percent_Day_24_control_median",151,8,0.920346133781498,0.00118918035829246,0.848101265822785,0.00779410868380385
"TGI_percent_Day_24_control_median",152,8,0.477951880021111,0.230965163249009,0.493670886075949,0.213762737730047
"TGI_percent_Day_24_control_median",153,8,0.615455808744528,0.104313495258758,0.585365853658537,0.127387674311883
"TGI_percent_Day_24_control_median",154,8,0.863125930851332,0.00577059588531122,0.654320987654321,0.07834458818895
"TGI_percent_Day_24_control_median",155,8,0.399209204856943,0.327207009602294,-0.0126582278481013,0.976268357959337
"TGI_percent_Day_24_control_median",156,8,0.808664927489137,0.0150947534351393,0.746835443037975,0.033252559177418
"TGI_percent_Day_24_control_median",157,8,0.820336005520968,0.012615058663752,0.728395061728395,0.0404409294591197
"TGI_percent_Day_24_control_median",158,8,0.492135407736509,0.215412760675246,0.0126582278481013,0.976268357959337
"TGI_percent_Day_24_control_median",159,8,0.9712013586404,5.84289552072968e-05,1,0
"TGI_percent_Day_24_control_median",160,8,0.659704226286237,0.0750843092421636,0.536585365853659,0.170340970786708
"TGI_percent_Day_24_control_median",161,8,0.971652886751563,5.57425965908438e-05,1,0
"TGI_percent_Day_24_control_median",162,8,0.844191068446648,0.0083856219703253,0.853658536585366,0.00700028132287885
"TGI_percent_Day_24_control_median",163,8,0.75811447178981,0.0292728705502172,0.609756097560976,0.108484275261192
"TGI_percent_Day_24_control_median",164,8,0.93731707078862,0.000587142753811192,0.846153846153846,0.00808525881177396
"TGI_percent_Day_24_control_median",165,8,0.0999301530584247,0.813874608662212,-0.164556962025316,0.696980493011756
"TGI_percent_Day_24_control_median",166,8,0.388147293746364,0.342017046486772,0.424657534246575,0.294313618526343
"TGI_percent_Day_24_control_median",167,8,0.818617249152965,0.0129627368496144,0.75609756097561,0.0299617108971145
"TGI_percent_Day_24_control_median",168,8,0.468064492317755,0.242136291404425,0.240506329113924,0.566138469404116
"TGI_percent_Day_24_control_median",169,8,0.394696465575252,0.333211919109887,0.316455696202532,0.445069441835733
"TGI_percent_Day_24_control_median",170,8,0.468855876904808,0.241232257354557,-0.0769230769230769,0.856337178454751
"TGI_percent_Day_24_control_median",171,8,0.893110147645019,0.00281362788682477,0.79746835443038,0.0177421304392543
"TGI_percent_Day_24_control_median",172,8,0.529102684539249,0.177535081149094,0.24390243902439,0.560495956966516
"TGI_percent_Day_24_control_median",173,8,0.89862289085597,0.00241068382281501,0.925925925925926,0.000960491276443564
"TGI_percent_Day_24_control_median",174,8,0.975263909855167,3.71399273160494e-05,1,0
"TGI_percent_Day_24_control_median",175,8,0.387908691423022,0.34233984795476,0.384615384615385,0.346809662449871
"TGI_percent_Day_24_control_median",176,8,0.253946887678126,0.543924522461039,0.2,0.63488
"TGI_percent_Day_24_control_median",177,8,0.64156945890579,0.0863924150931808,0.615384615384616,0.104365016307875
"TGI_percent_Day_24_control_median",178,8,0.587143810424902,0.12595174100075,0.333333333333333,0.419753086419753
"TGI_percent_Day_24_control_median",179,8,0.567220333056611,0.142564311170175,0.113924050632911,0.788233439851227
"TGI_percent_Day_24_control_median",180,8,0.853580759184612,0.00701101779319989,0.853658536585366,0.00700028132287885
"TGI_percent_Day_24_control_median",181,8,0.618644399155012,0.102020880172359,0.308641975308642,0.456997506224647
"TGI_percent_Day_24_control_median",182,8,0.871002628841146,0.00486060110865866,0.615384615384616,0.104365016307875
"TGI_percent_Day_24_control_median",183,8,0.49335206021207,0.214104804718515,0.024390243902439,0.9542864261534
"TGI_percent_Day_24_control_median",184,8,0.583188507055001,0.129158594224861,0.620253164556962,0.100875222859378
"TGI_percent_Day_24_control_median",185,8,0.113230513094321,0.789500489670283,-0.160493827160494,0.70420169577901
"TGI_percent_Day_24_control_median",186,8,0.85671674555866,0.00658640882260379,0.772151898734177,0.0247485870017686
"TGI_percent_Day_24_control_median",187,8,0.691084432127129,0.0576785827723978,0.731707317073171,0.0390863390212493
"TGI_percent_Day_24_control_median",188,8,0.841896299895696,0.00874568138304996,0.615384615384616,0.104365016307875
"TGI_percent_Day_24_control_median",189,8,0.752662503646115,0.031157661400977,0.726027397260274,0.0414264515948147
"TGI_percent_Day_24_control_median",190,8,0.569474964566265,0.140626864685384,0.62962962962963,0.0943451651056068
"TGI_percent_Day_24_control_median",191,8,0.814008370085398,0.0139246800288411,0.829268292682927,0.0109030266752834
"TGI_percent_Day_24_control_median",192,8,0.659704226286237,0.0750843092421636,0.536585365853659,0.170340970786708
"TGI_percent_Day_24_control_median",193,8,0.714296169406158,0.0465235295828946,0.5,0.20703125
"TGI_percent_Day_24_control_median",194,8,0.881813397045563,0.00376991916966762,0.289473684210526,0.486795192697768
"TGI_percent_Day_24_control_median",195,8,0.849854655738051,0.00753776228373448,0.80722891566265,0.0154193727622323
"TGI_percent_Day_24_control_median",196,8,0.763358780951868,0.0275276952549352,0.721518987341772,0.043343002111805
"TGI_percent_Day_24_control_median",197,8,0.657722943899156,0.0762748073903305,0.468354430379747,0.241804882823014
"TGI_percent_Day_24_control_median",198,8,0.347781277498141,0.398583147248901,0.0769230769230769,0.856337178454751
"TGI_percent_Day_24_control_median",199,8,0.141382904038938,0.738418521322141,-0.189873417721519,0.652451422291919
"TGI_percent_Day_24_control_median",200,8,0.773726087924428,0.0242702524238055,0.439024390243902,0.276486445900293
"TGI_percent_Day_24_control_median",201,8,0.475260393326492,0.233979417071177,0.341463414634146,0.407782409074504
"TGI_percent_Day_24_control_median",202,8,0.664428807423963,0.072289671966444,0.265822784810127,0.52456393016539
"TGI_percent_Day_24_control_median",203,8,0.328893881390085,0.426351877699005,0.135802469135802,0.74848368865351
"TGI_percent_Day_24_control_median",204,8,0.562571241838398,0.14660566257,0.69620253164557,0.0550950655487157
"TGI_percent_Day_24_control_median",205,8,0.537355558821106,0.169609580404714,0.146341463414634,0.729502115730517
"TGI_percent_Day_24_control_median",206,8,0.871249488640386,0.00483368650086774,0.851851851851852,0.00725239908517074
"TGI_percent_Day_24_control_median",207,8,0.502373780805796,0.20453558119371,0.121951219512195,0.773598436910598
"TGI_percent_Day_24_control_median",208,8,0.929992127692938,0.000813380951876386,0.95,0.000300898437499997
"TGI_percent_Day_24_control_median",209,8,0.338499272272858,0.412129610124768,0.125,0.768054962158203
"TGI_percent_Day_24_control_median",210,8,0.613714206568919,0.105578025866483,0.634146341463415,0.0912890821441658
"TGI_percent_Day_24_control_median",211,8,0.872031028281988,0.00474910883654172,0.925925925925926,0.000960491276443564
"TGI_percent_Day_24_control_median",212,8,0.204947215262189,0.626348966948235,0.024390243902439,0.9542864261534
"TGI_percent_Day_24_control_median",213,8,0.573398984136655,0.137289868420545,0.341463414634146,0.407782409074504
"TGI_percent_Day_24_control_median",214,8,0.588354209558343,0.124979403578077,0.51219512195122,0.194378892157874
"TGI_percent_Day_24_control_median",215,8,0.604796082193178,0.112189720709638,-0.105263157894737,0.804084671089484
"TGI_percent_Day_24_control_median",216,8,0.0246946055540131,0.953716435332225,-0.291139240506329,0.484176479990479
"TGI_percent_Day_24_control_median",217,8,0.572483226513451,0.138064655339608,0.121951219512195,0.773598436910598
"TGI_percent_Day_24_control_median",218,8,0.603185413489665,0.113408210568896,0.341772151898734,0.407330756890686
"TGI_percent_Day_24_control_median",219,8,0.872158773863341,0.00473537541906385,0.804878048780488,0.0159601987985088
"TGI_percent_Day_24_control_median",220,8,0.613120722831451,0.106010926349955,0.51219512195122,0.194378892157874
"TGI_percent_Day_24_control_median",221,8,0.576326612554024,0.134829155884971,0.373493975903614,0.362100237410523
"TGI_percent_Day_24_control_median",222,8,0.987029331571461,5.40247352723212e-06,1,0
"TGI_percent_Day_24_control_median",223,8,0.50514782059754,0.201639215639317,0.1,0.81374625
"TGI_percent_Day_24_control_median",224,8,0.686602051210163,0.0599994453192183,0.392405063291139,0.336280494675457
"TGI_percent_Day_24_control_median",225,8,0.487909388247817,0.219988064512871,0.240506329113924,0.566138469404116
"TGI_percent_Day_24_control_median",226,8,0.851479768442099,0.00730503103725071,0.822784810126582,0.0121299609627337
"TGI_percent_Day_24_control_median",227,8,0.819044735030159,0.0128757055095461,0.620253164556962,0.100875222859378
"TGI_percent_Day_24_control_median",228,8,0.784413778316937,0.0211740827425288,0.759036144578313,0.0289613665710024
"TGI_percent_Day_24_control_median",229,8,0.652841916897021,0.0792545932686833,0.542168674698795,0.165077483817168
"TGI_percent_Day_24_control_median",230,8,0.337797481193328,0.413161750829395,0.215189873417721,0.608801860963225
"TGI_percent_Day_24_control_median",231,8,0.725418554206676,0.0416822087057121,0.560975609756098,0.148007079914522
"TGI_percent_Day_24_control_median",232,8,0.770115150374703,0.0253760773499292,0.686746987951807,0.0599235467192919
"TGI_percent_Day_24_control_median",233,8,0.940253851386693,0.000509569090046771,0.726027397260274,0.0414264515948147
"TGI_percent_Day_24_control_median",234,8,0.883193299546167,0.0036433360092048,0.802469135802469,0.016526566994929
"TGI_percent_Day_24_control_median",235,8,0.889100760694009,0.00313245916307004,0.822784810126582,0.0121299609627337
"TGI_percent_Day_24_control_median",236,8,0.498975623766615,0.208113122115454,0.518987341772152,0.187514534406167
"TGI_percent_Day_24_control_median",237,8,0.704203253040742,0.0511974841408437,0.536585365853659,0.170340970786708
"TGI_percent_Day_24_control_median",238,8,0.36339422472106,0.376244613763432,0.135802469135802,0.74848368865351
"TGI_percent_Day_24_control_median",239,8,0.644351637311898,0.0845973784319438,0.421686746987952,0.298067492674002
"TGI_percent_Day_24_control_median",240,8,0.577148614573752,0.134142700423059,0.525,0.181547481689453
"TGI_percent_Day_24_control_median",241,8,0.752877090890209,0.0310821073075413,0.69620253164557,0.0550950655487157
"TGI_percent_Day_24_control_median",242,8,0.436392845954063,0.279711048770697,-0.205128205128205,0.626037544539464
"TGI_percent_Day_24_control_median",243,8,0.693288442750907,0.0565573715268247,0.425,0.29388235961914
"TGI_percent_Day_24_control_median",244,8,0.519351063644344,0.187150646573133,0.842105263157895,0.0087124949365918
"TGI_percent_Day_24_control_median",245,8,0.630877782875767,0.0934948355129818,0.414634146341463,0.307070866237017
"TGI_percent_Day_24_control_median",246,8,0.668711872442513,0.069809892114311,0.4,0.32616
"TGI_percent_Day_24_control_median",247,8,0.502979006637538,0.203901816862923,-0.105263157894737,0.804084671089484
"TGI_percent_Day_24_control_median",248,8,0.713668400924773,0.0468064077080317,0.439024390243902,0.276486445900293
"TGI_percent_Day_24_control_median",249,8,0.720319837813599,0.0438616291915097,0.590361445783133,0.123376267991455
"TGI_percent_Day_24_control_median",250,8,0.853556447493499,0.00701437595935646,0.725,0.041858585205078
"TGI_percent_Day_24_control_median",251,8,0.897874354262841,0.00246304418399361,0.972972972972973,4.83603783960581e-05
"TGI_percent_Day_24_control_median",252,8,0.932393905870627,0.000733858743599697,0.802469135802469,0.016526566994929
"TGI_percent_Day_24_control_median",253,8,0.204947215262189,0.626348966948235,0.024390243902439,0.9542864261534
"TGI_percent_Day_24_control_median",254,8,0.570154715351414,0.140045620397653,0.615384615384616,0.104365016307875
"TGI_percent_Day_24_control_median",255,8,0.923210978229555,0.00106778519522111,0.924050632911392,0.00103380815542862
"TGI_percent_Day_24_control_median",256,8,0.497608570037404,0.209561499239686,-0.037037037037037,0.930619036000442
"TGI_percent_Day_24_control_median",257,8,0.602923020664996,0.113607420981357,0.291139240506329,0.484176479990479
"TGI_percent_Day_24_control_median",258,8,0.681792197100491,0.0625506985842333,0.590361445783133,0.123376267991455
"TGI_percent_Day_24_control_median",259,8,0.65487458267946,0.0780055656409384,0.493670886075949,0.213762737730047
"TGI_percent_Day_24_control_median",260,8,0.931165060643234,0.000773876585630993,0.924050632911392,0.00103380815542862
"TGI_percent_Day_24_control_median",261,8,0.725418554206676,0.0416822087057121,0.560975609756098,0.148007079914522
"TGI_percent_Day_24_control_median",262,8,0.787347159103041,0.020369833443706,0.753086419753086,0.0310085131644479
"TGI_percent_Day_24_control_median",263,8,0.583218589736792,0.129134033603099,0.341463414634146,0.407782409074504
"TGI_percent_Day_24_control_median",264,8,0.931940646726911,0.00074845754476396,0.777777777777778,0.023065589595082
"TGI_percent_Day_24_control_median",265,8,0.59168351523229,0.122326708498188,0.721518987341772,0.043343002111805
"TGI_percent_Day_24_control_median",266,8,0.336476476566878,0.415107580796213,0.365853658536585,0.37277785416078
"TGI_percent_Day_24_control_median",267,8,0.514411590720676,0.192124489726094,-0.0126582278481013,0.976268357959337
"TGI_percent_Day_24_control_median",268,8,0.143779349038618,0.73410602734765,0.113924050632911,0.788233439851227
"TGI_percent_Day_24_control_median",269,8,0.460185746363273,0.251229956798614,-0.189873417721519,0.652451422291919
"TGI_percent_Day_24_control_median",270,8,0.899046128316591,0.00238140019444551,0.974683544303797,3.97984255471566e-05
"TGI_percent_Day_24_control_median",271,8,0.88902645644937,0.00313857782053868,0.702702702702703,0.0519154430428595
"TGI_percent_Day_24_control_median",272,8,0.638650845197741,0.0882990323571793,0.164556962025316,0.696980493011756
"TGI_percent_Day_24_control_median",273,8,0.89108540397701,0.00297187257592894,0.848101265822785,0.00779410868380385
"TGI_percent_Day_24_control_median",274,8,0.609085439261681,0.108981165059915,0.923076923076923,0.00107327636125646
"TGI_percent_Day_24_control_median",275,8,0.605536032356156,0.111632441747311,0.316455696202532,0.445069441835733
"TGI_percent_Day_24_control_median",276,8,0.489383377798069,0.218386585110792,0.4,0.32616
"TGI_percent_Day_24_control_median",277,8,0.677286535239084,0.0649980231654825,0.493670886075949,0.213762737730047
"TGI_percent_Day_24_control_median",278,8,0.717549071109504,0.0450742817797511,0.662650602409638,0.07333419331769
"TGI_percent_Day_24_control_median",279,8,0.930798235285818,0.000786093090210673,0.924050632911392,0.00103380815542862
"TGI_percent_Day_24_control_median",280,8,0.634319525428641,0.0911730586160984,0.358024691358025,0.383863009028071
"TGI_percent_Day_24_control_median",281,8,0.89923238233287,0.00236858677691091,0.842105263157895,0.0087124949365918
"TGI_percent_Day_24_control_median",282,8,0.783583819349196,0.0214051612879149,0.802469135802469,0.016526566994929
"TGI_percent_Day_24_control_median",283,8,0.816677093288612,0.0133623912197586,0.878048780487805,0.00412958042703298
"TGI_percent_Day_24_control_median",284,8,0.930516766366938,0.000795552013029205,1,2.73691106313438e-47
"TGI_percent_Day_24_control_median",285,8,0.553930283168393,0.154282613613787,0.113924050632911,0.788233439851227
"TGI_percent_Day_24_control_median",286,8,0.59739559966243,0.117849948551689,0.620253164556962,0.100875222859378
"TGI_percent_Day_24_control_median",287,8,0.839727335827066,0.00909490090111258,0.604938271604938,0.112082511292616
"TGI_percent_Day_24_control_median",288,8,0.255193215968169,0.541880728424561,0.342465753424658,0.406316873398979
"TGI_percent_Day_24_control_median",289,8,0.460530289609154,0.250828743662154,0.316455696202532,0.445069441835733
"TGI_percent_Day_24_control_median",290,8,0.538454432695305,0.168569011941586,0.291139240506329,0.484176479990479
"TGI_percent_Day_24_control_median",291,8,0.474544314997332,0.234784737030483,0.125,0.768054962158203
"TGI_percent_Day_24_control_median",292,8,0.725001528505385,0.0418579402792015,0.51219512195122,0.194378892157874
"TGI_percent_Day_24_control_median",293,8,0.861149012194634,0.00601488904610336,0.594936708860759,0.119765536998206
"TGI_percent_Day_24_control_median",294,8,0.68516852619892,0.0607532162071546,0.575,0.135941126708984
"TGI_percent_Day_24_control_median",295,8,0.836675068051841,0.00960115554711402,0.555555555555556,0.152822232383275
"TGI_percent_Day_24_control_median",296,8,0.616722440184819,0.103399291456265,0.51219512195122,0.194378892157874
"TGI_percent_Day_24_control_median",297,8,0.163742779389435,0.698425925053898,-0.0410958904109589,0.923031918656945
"TGI_percent_Day_24_control_median",298,8,0.812915569735694,0.0141591539350899,0.848101265822785,0.00779410868380385
"TGI_percent_Day_24_control_median",299,8,0.468960730108682,0.241112607721444,0.45679012345679,0.255201343606103
"TGI_percent_Day_24_control_median",300,8,0.672825934229901,0.0674758538989286,0.846153846153846,0.00808525881177396
"TGI_percent_Day_24_control_median",301,8,0.817075099557169,0.0132797813408938,0.710843373493976,0.0480922136045094
"TGI_percent_Day_24_control_median",302,8,0.398244734898753,0.328486094210732,0.268292682926829,0.520569891636616
"TGI_percent_Day_24_control_median",303,8,0.74158316827579,0.035212856855452,0.620253164556962,0.100875222859378
"TGI_percent_Day_24_control_median",304,8,0.708560023972367,0.0491468533302261,0.609756097560976,0.108484275261192
"TGI_percent_Day_24_control_median",305,8,0.65390303856192,0.0786011106857732,0.575,0.135941126708984
"TGI_percent_Day_24_control_median",306,8,-0.387284346607895,0.343185180256837,-0.68421052631579,0.0612600707806917
"TGI_percent_Day_24_control_median",307,8,-0.22981400371697,0.584030237334188,-0.523809523809524,0.182720750539714
"TGI_percent_Day_24_control_median",308,8,0.717549071109504,0.045074281779751,0.662650602409638,0.07333419331769
"TGI_percent_Day_24_control_median",309,8,0.658871420767941,0.0755833817835772,0.365853658536585,0.37277785416078
"TGI_percent_Day_24_control_median",310,8,0.651551702129967,0.080053422709861,0.634146341463415,0.0912890821441658
"TGI_percent_Day_24_control_median",311,8,0.798502018027712,0.0174864369433104,0.746835443037975,0.033252559177418
"TGI_percent_Day_24_control_median",312,8,0.692014563000889,0.0572038099864454,0.468354430379747,0.241804882823014
"TGI_percent_Day_24_control_median",313,8,0.91203649631437,0.00159127960549956,1,0
"TGI_percent_Day_24_control_median",314,8,0.270716348666495,0.516661688036891,-0.105263157894737,0.804084671089484
"TGI_percent_Day_24_control_median",315,8,0.881694057473673,0.00378099780495672,0.848101265822785,0.00779410868380385
"TGI_percent_Day_24_control_median",316,8,0.839082987888369,0.00920032504064715,0.783132530120482,0.0215314655741672
"TGI_percent_Day_24_control_median",317,8,0.670294727636408,0.0689063435889181,0.439024390243902,0.276486445900293
"TGI_percent_Day_24_control_median",318,8,0.876692114439885,0.0042644045987853,0.746835443037975,0.033252559177418
"TGI_percent_Day_24_control_median",319,8,0.362508097238861,0.377497188007559,-0.315068493150685,0.447177633966065
"TGI_percent_Day_24_control_median",320,8,0.873307778427679,0.00461299645530677,0.853658536585366,0.00700028132287885
"TGI_percent_Day_24_control_median",321,8,0.404177536032891,0.3206551562654,0.121951219512195,0.773598436910598
"TGI_percent_Day_24_control_median",322,8,0.75194028039829,0.031412777355581,0.525,0.181547481689453
"TGI_percent_Day_24_control_median",323,8,0.973770987845833,4.42285843716322e-05,1,0
"TGI_percent_Day_24_control_median",324,8,0.526243419516645,0.180326350717703,0.463414634146342,0.247482670349255
"TGI_percent_Day_24_control_median",325,8,0.82719266295367,0.0112868298865423,0.731707317073171,0.0390863390212493
"TGI_percent_Day_24_control_median",326,8,0.572710546663435,0.137872102737571,0.397590361445783,0.32935525869871
"TGI_percent_Day_24_control_median",327,8,0.624190019366536,0.0981028874477767,0.160493827160494,0.70420169577901
"TGI_percent_Day_24_control_median",328,8,0.735343780585745,0.0376313661103852,0.463414634146342,0.247482670349255
"TGI_percent_Day_24_control_median",329,8,0.910983797300874,0.00164775377292017,0.772151898734177,0.0247485870017686
"TGI_percent_Day_24_control_median",330,8,0.77557951208737,0.0237144653186079,0.594594594594595,0.120033440693325
"TGI_percent_Day_24_control_median",331,8,0.811188698622196,0.0145347138151308,0.555555555555556,0.152822232383275
"TGI_percent_Day_24_control_median",332,8,0.719170742101534,0.0443621150397562,0.468354430379747,0.241804882823014
"TGI_percent_Day_24_control_median",333,8,0.583593064746514,0.128828516890224,0.585365853658537,0.127387674311883
"TGI_percent_Day_24_control_median",334,8,0.953827684175312,0.000237641869950456,0.846153846153846,0.00808525881177396
"TGI_percent_Day_24_control_median",335,8,0.770115150374703,0.0253760773499292,0.686746987951807,0.0599235467192919
"TGI_percent_Day_24_control_median",336,8,0.434076858981851,0.282564160958134,0.463414634146342,0.247482670349255
"TGI_percent_Day_24_control_median",337,8,0.910079517363617,0.00169729359491989,0.917808219178082,0.00130395207243573
"TGI_percent_Day_24_control_median",338,8,0.703512811803071,0.0515270898968961,0.414634146341463,0.307070866237017
"TGI_percent_Day_24_control_median",339,8,0.495058123764996,0.212277690452939,0.605263157894737,0.111837768489366
"TGI_percent_Day_24_control_median",340,8,0.824296448990576,0.0118364858264814,0.848101265822785,0.00779410868380385
"TGI_percent_Day_24_control_median",341,8,0.677092234370341,0.0651048144580131,0.45679012345679,0.255201343606103
"TGI_percent_Day_24_control_median",342,8,0.683856033807763,0.0614482589724615,0.414634146341463,0.307070866237017
"TGI_percent_Day_24_control_median",343,8,0.697724108737193,0.0543406149087117,0.585365853658537,0.127387674311883
"TGI_percent_Day_24_control_median",344,8,0.74490994572497,0.0339632372404553,0.62962962962963,0.0943451651056068
"TGI_percent_Day_24_control_median",345,8,0.469741493598474,0.240222615044695,-0.0410958904109589,0.923031918656945
"TGI_percent_Day_24_control_median",346,8,0.668989963467079,0.0696506454128408,0.542168674698795,0.165077483817168
"TGI_percent_Day_24_control_median",347,8,0.576326612554024,0.134829155884971,0.373493975903614,0.362100237410523
"TGI_percent_Day_24_control_median",348,8,0.754056486383122,0.0306688628194076,0.62962962962963,0.0943451651056068
"TGI_percent_Day_24_control_median",349,8,0.84103347142595,0.00888356233509305,0.555555555555556,0.152822232383275
"TGI_percent_Day_24_control_median",350,8,0.632762028555081,0.0922195600516489,0.463414634146342,0.247482670349255
"TGI_percent_Day_24_control_median",351,8,0.576565990206394,0.13462904984554,0.333333333333333,0.419753086419753
"TGI_percent_Day_24_control_median",352,8,0.795475722049631,0.0182416120314604,0.609756097560976,0.108484275261192
"TGI_percent_Day_24_control_median",353,8,0.8169994997624,0.0132954479389068,0.804878048780488,0.0159601987985088
"TGI_percent_Day_24_control_median",354,8,0.957827129631473,0.000181635445722404,0.924050632911392,0.00103380815542862
"TGI_percent_Day_24_control_median",355,8,0.750595705596055,0.0318911378294324,0.925925925925926,0.000960491276443564
"TGI_percent_Day_24_control_median",356,8,0.558816935288472,0.149914691355892,0.5,0.20703125
"TGI_percent_Day_24_control_median",357,8,0.833942885952186,0.0100691876160544,0.731707317073171,0.0390863390212493
"TGI_percent_Day_24_control_median",358,8,0.790095126541543,0.0196339423810536,0.620253164556962,0.100875222859378
"TGI_percent_Day_24_control_median",359,8,0.93413613680583,0.000679481383356295,0.848101265822785,0.00779410868380385
"TGI_percent_Day_24_control_median",360,8,0.802589462095688,0.0164979824146931,0.424657534246575,0.294313618526343
"TGI_percent_Day_24_control_median",361,8,0.510178747465929,0.196441868939551,0.0731707317073171,0.863293782609012
"TGI_percent_Day_24_control_median",362,8,0.470649942921781,0.239189180012518,0.341772151898734,0.407330756890686
"TGI_percent_Day_24_control_median",363,8,0.50611035775706,0.200639306450157,0.240506329113924,0.566138469404116
"TGI_percent_Day_24_control_median",364,8,0.459135528050541,0.252454905262897,0.0123456790123457,0.976854203839832
"TGI_percent_Day_24_control_median",365,8,0.12132508657059,0.774737952499838,-0.189873417721519,0.652451422291919
"TGI_percent_Day_24_control_median",366,8,0.708517244640175,0.0491667438838654,0.407407407407407,0.316429397723464
"TGI_percent_Day_24_control_median",367,8,0.482607431476446,0.225798637924304,0.378378378378378,0.355347716167971
"TGI_percent_Day_24_control_median",368,8,0.902869372211006,0.00212726662702845,0.902439024390244,0.00215494723497795
"TGI_percent_Day_24_control_median",369,8,0.837720955842487,0.00942571956084081,0.918918918918919,0.00125287413292553
"TGI_percent_Day_24_control_median",370,8,0.842793508466117,0.008603758192602,0.6,0.11584
"TGI_percent_Day_24_control_median",371,8,0.770117833120096,0.0253752444361269,0.721518987341772,0.043343002111805
"TGI_percent_Day_24_control_median",372,8,0.850343649425412,0.00746724379897001,0.902439024390244,0.00215494723497795
"TGI_percent_Day_24_control_median",373,8,-0.0247403783852545,0.953630716110816,-0.538461538461539,0.16856229446825
"TGI_percent_Day_24_control_median",374,8,0.681601811844413,0.0626529834879875,0.390243902439024,0.339186635335989
"TGI_percent_Day_24_control_median",375,8,0.780751036717221,0.022205659534713,0.731707317073171,0.0390863390212493
"TGI_percent_Day_24_control_median",376,8,0.312271248627265,0.451441168851195,-0.146341463414634,0.729502115730516
"TGI_percent_Day_24_control_median",377,8,0.873268866285195,0.004617107279953,0.725,0.041858585205078
"TGI_percent_Day_24_control_median",378,8,0.88140358768346,0.00380805060077571,0.772151898734177,0.0247485870017686
"TGI_percent_Day_24_control_median",379,8,0.53582258005996,0.171067002636313,0.341463414634146,0.407782409074504
"TGI_percent_Day_24_control_median",380,8,0.662921550217278,0.0731744691351486,0.333333333333333,0.419753086419753
"TGI_percent_Day_24_control_median",381,8,0.766584221279457,0.0264870324363204,0.8,0.01712
"TGI_percent_Day_24_control_median",382,8,0.684764471758844,0.0609666863756708,0.62962962962963,0.0943451651056068
"TGI_percent_Day_24_control_median",383,8,0.944432294898969,0.00041127253133513,0.846153846153846,0.00808525881177396
"TGI_percent_Day_24_control_median",384,8,0.935828991944994,0.000629240632940318,1,0
"TGI_percent_Day_24_control_median",385,8,0.798648676145503,0.0174503466916584,0.518987341772152,0.187514534406167
"TGI_percent_Day_24_control_median",386,8,0.688793232757945,0.0588580923528699,0.392405063291139,0.336280494675457
"TGI_percent_Day_24_control_median",387,8,0.738666154283528,0.0363313480842226,0.620253164556962,0.100875222859378
"TGI_percent_Day_24_control_median",388,8,0.729883021466146,0.0398289377457762,0.575,0.135941126708984
"TGI_percent_Day_24_control_median",389,8,0.78763531232792,0.0202918744317495,0.731707317073171,0.0390863390212493
"TGI_percent_Day_24_control_median",390,8,0.861248586719798,0.00600242894685015,0.682926829268293,0.0619431712593441
"TGI_percent_Day_24_control_median",391,8,0.694634377622409,0.055879129114875,0.634146341463415,0.0912890821441658
"TGI_percent_Day_24_control_median",392,8,0.769894450161312,0.025444656243459,0.315068493150685,0.447177633966065
"TGI_percent_Day_24_control_median",393,8,0.697781269667224,0.0543123937849154,0.506172839506173,0.20057448914806
"TGI_percent_Day_24_control_median",394,8,0.962483193618255,0.000128326606007428,1,0
"TGI_percent_Day_24_control_median",395,8,0.464097438616208,0.246693883177073,0.341463414634146,0.407782409074504
"TGI_percent_Day_24_control_median",396,8,0.584759826736146,0.1278792052071,0.215189873417721,0.608801860963225
"TGI_percent_Day_24_control_median",397,8,0.571184500347001,0.13916760774431,0.268292682926829,0.520569891636616
"TGI_percent_Day_24_control_median",398,8,0.805630413927675,0.0157858403249992,0.917808219178082,0.00130395207243573
"TGI_percent_Day_24_control_median",399,8,0.527677047791867,0.178923896996114,0.24390243902439,0.560495956966516
"TGI_percent_Day_24_control_median",400,8,0.742398997399899,0.0349038544076542,0.804878048780488,0.0159601987985088
"TGI_percent_Day_24_control_median",401,8,0.798135880869827,0.0175767413152273,0.609756097560976,0.108484275261192
"TGI_percent_Day_24_control_median",402,8,0.848072427473741,0.00779837062228409,0.89873417721519,0.00240296148046003
"TGI_percent_Day_24_control_median",403,8,0.653826021032054,0.0786484348481595,0.469879518072289,0.240065454942807
"TGI_percent_Day_24_control_median",404,8,0.64845027009325,0.0819928171588336,0.414634146341463,0.307070866237017
"TGI_percent_Day_24_control_median",405,8,0.39677278273911,0.330442709321,-0.215189873417721,0.608801860963226
"TGI_percent_Day_24_control_median",406,8,0.611856847556193,0.106936194225982,0.51219512195122,0.194378892157874
"TGI_percent_Day_24_control_median",407,8,0.724328183072763,0.0421426301397243,0.45679012345679,0.255201343606103
"TGI_percent_Day_24_control_median",408,8,0.812346770251382,0.0142821735158794,0.731707317073171,0.0390863390212493
"TGI_percent_Day_24_control_median",409,8,0.593538308439977,0.120862729120105,0.365853658536585,0.37277785416078
"TGI_percent_Day_24_control_median",410,8,0.575359415797933,0.135639361507122,0.463414634146342,0.247482670349255
"TGI_percent_Day_24_control_median",411,8,0.748080913850681,0.0327977644565255,0.575,0.135941126708984
"TGI_percent_Day_24_control_median",412,8,0.326311777186612,0.430209882105986,-0.6,0.11584
"TGI_percent_Day_24_control_median",413,8,0.884994062565813,0.00348231458359388,0.333333333333333,0.419753086419753
"TGI_percent_Day_24_control_median",414,8,-0.022728489884057,0.957398755667846,-0.28,0.5017946112
"TGI_percent_Day_24_control_median",415,8,0.556774009607736,0.151732386477646,0.2,0.63488
"TGI_percent_Day_24_control_median",416,8,0.806173153070326,0.0156608075343676,0.746835443037975,0.033252559177418
"TGI_percent_Day_24_control_median",417,8,0.777745615273665,0.0230750027681326,0.634146341463415,0.0912890821441658
"TGI_percent_Day_24_control_median",418,8,0.878454088726806,0.00408984094828463,0.802469135802469,0.016526566994929
"TGI_percent_Day_24_control_median",419,8,0.849768672771311,0.00755020574335857,0.731707317073171,0.0390863390212493
"TGI_percent_Day_24_control_median",420,8,0.687147348831566,0.0597141879482468,0.234567901234568,0.576051906571553
"TGI_percent_Day_24_control_median",421,8,0.425900607814682,0.292749708121703,-0.0632911392405063,0.881645645130732
"TGI_percent_Day_24_control_median",422,8,0.253977481061956,0.543874320653945,0.215189873417721,0.608801860963225
"TGI_percent_Day_24_control_median",423,8,0.697724108737193,0.0543406149087117,0.585365853658537,0.127387674311883
"TGI_percent_Day_24_control_median",424,8,0.746080759461056,0.0335300075178275,0.686746987951807,0.0599235467192919
"TGI_percent_Day_24_control_median",425,8,0.337530457822155,0.413554758804013,0.234567901234568,0.576051906571553
"TGI_percent_Day_24_control_median",426,8,0.699387329174565,0.0535230445587219,0.51219512195122,0.194378892157874
"TGI_percent_Day_24_control_median",427,8,0.757479913596157,0.0294885301142252,0.746835443037975,0.033252559177418
"TGI_percent_Day_24_control_median",428,8,0.64502607406648,0.084165533642605,0.620253164556962,0.100875222859378
"TGI_percent_Day_24_control_median",429,8,0.875367338530601,0.0043987619095649,0.615384615384616,0.104365016307875
"TGI_percent_Day_24_control_median",430,8,0.711650700600552,0.0477226159355093,0.506172839506173,0.20057448914806
"TGI_percent_Day_24_control_median",431,8,0.871023753996176,0.00485829411993651,0.736842105263158,0.0370416328264742
"TGI_percent_Day_24_control_median",432,8,0.687558150504652,0.0594998226472027,0.794871794871795,0.0183947102705782
"TGI_percent_Day_24_control_median",433,8,0.553218241270432,0.154924812134136,0.365853658536585,0.37277785416078
"TGI_percent_Day_24_control_median",434,8,0.115146777194372,0.786000584190245,-0.5,0.20703125
"TGI_percent_Day_24_control_median",435,8,0.678817562615657,0.0641601724692682,0.316455696202532,0.445069441835733
"TGI_percent_Day_24_control_median",436,8,0.841085871937804,0.00887514953158906,0.69620253164557,0.0550950655487157
"TGI_percent_Day_24_control_median",437,8,0.833942885952186,0.0100691876160544,0.731707317073171,0.0390863390212493
"TGI_percent_Day_24_control_median",438,8,0.772442262363238,0.0246599216871842,0.575,0.135941126708984
"TGI_percent_Day_24_control_median",439,8,0.724790763462227,0.0419469257525386,0.615384615384616,0.104365016307875
"TGI_percent_Day_24_control_median",440,8,0.516999325981264,0.189510103712283,0.268292682926829,0.520569891636616
"TGI_percent_Day_24_control_median",441,8,0.710385222932026,0.0483027212442017,0.45679012345679,0.255201343606103
"TGI_percent_Day_24_control_median",442,8,0.858752932379375,0.00631972992484045,0.731707317073171,0.0390863390212493
"TGI_percent_Day_24_control_median",443,8,0.360038817190033,0.380997380631606,0.234567901234568,0.576051906571553
"TGI_percent_Day_24_control_median",444,8,0.823076328494652,0.0120730108360324,0.544303797468354,0.163088312636417
"TGI_percent_Day_24_control_median",445,8,0.950228044468094,0.000296851761060411,1,0
"TGI_percent_Day_24_control_median",446,8,0.88551574001237,0.0034365412705923,0.902439024390244,0.00215494723497795
"TGI_percent_Day_24_control_median",447,8,0.838054322528929,0.0093702322413512,0.875,0.00443649291992186
"TGI_percent_Day_24_control_median",448,8,0.589841784239891,0.123790195247542,0.51219512195122,0.194378892157874
"TGI_percent_Day_24_control_median",449,8,0.675798363170175,0.0658185982386654,0.51219512195122,0.194378892157874
"TGI_percent_Day_24_control_median",450,8,0.576632174775613,0.134573752517454,-0.0632911392405063,0.881645645130732
"TGI_percent_Day_24_control_median",451,8,0.947295495160878,0.000351686842171499,0.925925925925926,0.000960491276443564
"TGI_percent_Day_24_control_median",452,8,0.603185413489665,0.113408210568896,0.341772151898734,0.407330756890686
"TGI_percent_Day_24_control_median",453,8,0.542858549009623,0.164433335908637,0.146341463414634,0.729502115730517
"TGI_percent_Day_24_control_median",454,8,0.604796082193177,0.112189720709638,-0.105263157894737,0.804084671089484
"TGI_percent_Day_24_control_median",455,8,0.732301186382675,0.0388464303520227,0.7,0.05322375
"TGI_percent_Day_24_control_median",456,8,0.784877582763402,0.0210456287954472,0.851851851851852,0.00725239908517074
"TGI_percent_Day_24_control_median",457,8,0.790633108018239,0.0194918461045194,0.536585365853659,0.170340970786708
"TGI_percent_Day_24_control_median",458,8,0.65390303856192,0.0786011106857731,0.575,0.135941126708984
"TGI_percent_Day_24_control_median",459,8,0.746198617129792,0.0334865858293754,0.392405063291139,0.336280494675457
"TGI_percent_Day_24_control_median",460,8,0.946946543408018,0.000358623018143341,0.89873417721519,0.00240296148046003
"TGI_percent_Day_24_control_median",461,8,0.529102684539249,0.177535081149094,0.24390243902439,0.560495956966516
"TGI_percent_Day_24_control_median",462,8,0.640602413461427,0.0870214747021621,0.365853658536585,0.37277785416078
"TGI_percent_Day_24_control_median",463,8,0.817971673041193,0.0130948706013618,0.536585365853659,0.170340970786708
"TGI_percent_Day_24_control_median",464,8,0.61304873686447,0.106063503278922,0.468354430379747,0.241804882823014
"TGI_percent_Day_24_control_median",465,8,0.882161515231967,0.0037377219763997,0.974683544303797,3.97984255471566e-05
"TGI_percent_Day_24_control_median",466,8,0.627245346075917,0.0959818510285955,0.536585365853659,0.170340970786708
"TGI_percent_Day_24_control_median",467,8,0.623390381552134,0.0986624062127038,0.51219512195122,0.194378892157874
"TGI_percent_Day_24_control_median",468,8,0.93731707078862,0.000587142753811192,0.846153846153846,0.00808525881177396
"TGI_percent_Day_24_control_median",469,8,0.746080759461056,0.0335300075178275,0.686746987951807,0.0599235467192919
"TGI_percent_Day_24_control_median",470,8,0.788124127367663,0.0201600527294052,0.605263157894737,0.111837768489366
"TGI_percent_Day_24_control_median",471,8,0.660653228116402,0.0745179666831608,0.463414634146342,0.247482670349255
"TGI_percent_Day_24_control_median",472,8,0.741150950710804,0.0353772380198364,0.560975609756098,0.148007079914522
"TGI_percent_Day_24_control_median",473,8,0.69558862949359,0.0554012225210378,0.731707317073171,0.0390863390212493
"TGI_percent_Day_24_control_median",474,8,0.868804089405462,0.00510455824748456,0.902439024390244,0.00215494723497795
"TGI_percent_Day_24_control_median",475,8,0.620951013289956,0.100380564627972,0.79746835443038,0.0177421304392543
"TGI_percent_Day_24_control_median",476,8,0.609790077525732,0.108459133948091,0.469879518072289,0.240065454942807
"TGI_percent_Day_24_control_median",477,8,0.889773425181075,0.00307741838365061,0.925925925925926,0.000960491276443564
"TGI_percent_Day_24_control_median",478,8,0.869523805065517,0.0050238509739174,0.851851851851852,0.00725239908517074
"TGI_percent_Day_24_control_median",479,8,0.592555450404735,0.121637258599845,0.560975609756098,0.148007079914522
"TGI_percent_Day_24_control_median",480,8,0.63468588826461,0.0909278970945365,0.51219512195122,0.194378892157874
"TGI_percent_Day_24_control_median",481,8,0.539958828477802,0.167150053646695,0.341463414634146,0.407782409074504
"TGI_percent_Day_24_control_median",482,8,0.971803682804439,5.48639976711131e-05,1,0
"TGI_percent_Day_24_control_median",483,8,0.196432177776326,0.641054311920178,-0.189873417721519,0.652451422291919
"TGI_percent_Day_24_control_median",484,8,0.600794597800924,0.11523065803363,0.113924050632911,0.788233439851227
"TGI_percent_Day_24_control_median",485,8,0.713672060368521,0.0468047557315536,0.164556962025316,0.696980493011756
"TGI_percent_Day_24_control_median",486,8,0.647785715961441,0.0824119024142811,0.35,0.3953741796875
"TGI_percent_Day_24_control_median",487,8,0.68069274289548,0.0631427509848804,0.421686746987952,0.298067492674002
"TGI_percent_Day_24_control_median",488,8,0.826317843332464,0.0114511161483262,0.731707317073171,0.0390863390212493
"TGI_percent_Day_24_control_median",489,8,0.794508447890628,0.0184872059673662,0.728395061728395,0.0404409294591197
"TGI_percent_Day_24_control_median",490,8,0.671709732758301,0.0681044819835627,0.518987341772152,0.187514534406167
"TGI_percent_Day_24_control_median",491,8,0.819803910002578,0.0127220564010861,0.62962962962963,0.0943451651056068
"TGI_percent_Day_24_control_median",492,8,0.913731112392744,0.00150304096539731,0.96875,7.45169818401346e-05
"TGI_percent_Day_24_control_median",493,8,0.893110147645019,0.00281362788682478,0.79746835443038,0.0177421304392543
"TGI_percent_Day_24_control_median",494,8,0.85575698228813,0.00671456170637113,0.670886075949367,0.0685705618098423
"TGI_percent_Day_24_control_median",495,8,0.788275126052138,0.0201194402141173,0.682926829268293,0.0619431712593441
"TGI_percent_Day_24_control_median",496,8,0.688793232757945,0.0588580923528699,0.392405063291139,0.336280494675457
"TGI_percent_Day_24_control_median",497,8,0.577318440408996,0.134001121661662,0.111111111111111,0.793374993649342
"TGI_percent_Day_24_control_median",498,8,0.175875550275736,0.67697051312186,0.0379746835443038,0.928865891742792
"TGI_percent_Day_24_control_median",499,8,0.863203101521118,0.00576119100175037,0.69620253164557,0.0550950655487157
"TGI_percent_Day_24_control_median",500,8,0.739232708861702,0.0361124377370863,0.432098765432099,0.285012238128342
"TGI_percent_Day_24_control_median",501,8,0.407800192132954,0.315917313679077,0.45679012345679,0.255201343606103
"TGI_percent_Day_24_control_median",502,8,0.877539723333822,0.00417984332941214,0.589041095890411,0.124429494317035
"TGI_percent_Day_24_control_median",503,8,0.856880922884944,0.00656464489360168,0.79746835443038,0.0177421304392543
"TGI_percent_Day_24_control_median",504,8,0.777745615273665,0.0230750027681326,0.634146341463415,0.0912890821441658
"TGI_percent_Day_24_control_median",505,8,0.866917524763861,0.00532004997749729,0.731707317073171,0.0390863390212493
"TGI_percent_Day_24_control_median",506,8,0.631500426147263,0.0930723063439758,0.175,0.678512669677734
"TGI_percent_Day_24_control_median",507,8,0.464762120302297,0.245927254763065,0.234567901234568,0.576051906571553
"TGI_percent_Day_24_control_median",508,8,0.722819303140479,0.0427848366350758,0.53125,0.175454188138247
"TGI_percent_Day_24_control_median",509,8,0.459135528050541,0.252454905262897,0.0123456790123457,0.976854203839832
"TGI_percent_Day_24_control_median",510,8,0.615455808744528,0.104313495258758,0.585365853658537,0.127387674311883
"TGI_percent_Day_24_control_median",511,8,0.559491387130884,0.149317238253071,0.373493975903614,0.362100237410523
"TGI_percent_Day_24_control_median",512,8,0.337967147067469,0.412912117843321,0.615384615384616,0.104365016307875
"TGI_percent_Day_24_control_median",513,8,0.685536977136202,0.0605589440971674,0.575,0.135941126708984
"TGI_percent_Day_24_control_median",514,8,0.334226055256526,0.418431421517616,0.054054054054054,0.898845897271193
"TGI_percent_Day_24_control_median",515,8,0.737912405740291,0.0366238407713207,0.560975609756098,0.148007079914522
"TGI_percent_Day_24_control_median",516,8,0.608960501793847,0.109073873856915,-0.0769230769230769,0.856337178454751
"TGI_percent_Day_24_control_median",517,8,0.58467783053283,0.127945791361489,0.463414634146342,0.247482670349255
"TGI_percent_Day_24_control_median",518,8,0.868291187579936,0.00516257869173823,0.69620253164557,0.0550950655487157
"TGI_percent_Day_24_control_median",519,8,0.821511457189032,0.0123807077805232,0.682926829268293,0.0619431712593441
"TGI_percent_Day_24_control_median",520,8,0.620792176628558,0.100493030794838,0.615384615384616,0.104365016307875
"TGI_percent_Day_24_control_median",521,8,0.730346603597536,0.0396394260796594,0.414634146341463,0.307070866237017
"TGI_percent_Day_24_control_median",522,8,0.352020056716975,0.392462405373182,-0.164556962025316,0.696980493011756
"TGI_percent_Day_24_control_median",523,8,0.70206367782214,0.0522230163581105,0.662650602409638,0.07333419331769
"TGI_percent_Day_24_control_median",524,8,0.361838504550634,0.378444912414591,0.365853658536585,0.37277785416078
"TGI_percent_Day_24_control_median",525,8,0.166905930944636,0.692814803213119,0.210526315789474,0.61677158304252
"TGI_percent_Day_24_control_median",526,8,0.278743959439852,0.50379641169478,0.333333333333333,0.419753086419753
"TGI_percent_Day_24_control_median",527,8,0.438647896272571,0.276946661517174,-0.164556962025316,0.696980493011756
"TGI_percent_Day_24_control_median",528,8,0.83453362846256,0.00996679234576833,0.725,0.041858585205078
"TGI_percent_Day_24_control_median",529,8,0.627245346075917,0.0959818510285955,0.536585365853659,0.170340970786708
"TGI_percent_Day_24_control_median",530,8,0.931165060643233,0.000773876585630997,0.924050632911392,0.00103380815542862
"TGI_percent_Day_24_control_median",531,8,0.515537331524512,0.190984818765426,-0.0410958904109589,0.923031918656945
"TGI_percent_Day_24_control_median",532,8,0.947295495160878,0.000351686842171495,0.925925925925926,0.000960491276443564
"TGI_percent_Day_24_control_median",533,8,0.842133841269759,0.00870796254810126,0.746835443037975,0.033252559177418
"TGI_percent_Day_24_control_median",534,8,0.493265580532872,0.214197637484547,0.24390243902439,0.560495956966516
"TGI_percent_Day_24_control_median",535,8,0.43169710552944,0.285510590585445,0.24390243902439,0.560495956966516
"TGI_percent_Day_24_control_median",536,8,0.662470597986754,0.0734404193594882,0.407407407407407,0.316429397723464
"TGI_percent_Day_24_control_median",537,8,0.666065120856738,0.0713362737793432,0.486486486486487,0.221539783920897
"TGI_percent_Day_24_control_median",538,8,0.714691724670225,0.0463458199301562,0.585365853658537,0.127387674311883
"TGI_percent_Day_24_control_median",539,8,0.537094546448327,0.169857252428568,0.341463414634146,0.407782409074504
"TGI_percent_Day_24_control_median",540,8,0.594052720918763,0.120458462950353,0.518987341772152,0.187514534406167
"TGI_percent_Day_24_control_median",541,8,0.454979051296604,0.257332291531958,0.121951219512195,0.773598436910598
"TGI_percent_Day_24_control_median",542,8,0.573398984136655,0.137289868420545,0.341463414634146,0.407782409074504
"TGI_percent_Day_24_control_median",543,8,0.541062424562104,0.166113261396941,0.0126582278481013,0.976268357959337
"TGI_percent_Day_24_control_median",544,8,0.775611974902224,0.0237048017436763,0.609756097560976,0.108484275261192
"TGI_percent_Day_24_control_median",545,8,0.525540798947075,0.181015834637005,-0.0769230769230769,0.856337178454751
"TGI_percent_Day_24_control_median",546,8,0.966790074471164,8.93024206664064e-05,0.923076923076923,0.00107327636125646
"TGI_percent_Day_24_control_median",547,8,0.46294127071302,0.248030254606988,0.234567901234568,0.576051906571553
"TGI_percent_Day_24_control_median",548,8,0.721624651212332,0.0432974818806654,0.615384615384616,0.104365016307875
"TGI_percent_Day_24_control_median",549,8,0.562793699673125,0.146410864688259,0.170731707317073,0.68604453895394
"TGI_percent_Day_24_control_median",550,8,0.711110878111132,0.0479695585630908,0.589041095890411,0.124429494317035
"TGI_percent_Day_24_control_median",551,8,0.653232768464249,0.0790135228406913,0.45679012345679,0.255201343606103
"TGI_percent_Day_24_control_median",552,8,0.561049138141005,0.147942339787462,0.44578313253012,0.268289002774831
"TGI_percent_Day_24_control_median",553,8,0.638650845197741,0.0882990323571793,0.164556962025316,0.696980493011756
"TGI_percent_Day_24_control_median",554,8,0.936717339716707,0.000603879517815372,0.848101265822785,0.00779410868380385
"TGI_percent_Day_24_control_median",555,8,0.661817950018604,0.0738263242624345,0.5,0.20703125
"TGI_percent_Day_24_control_median",556,8,0.660302857259497,0.0747267670522262,0.780821917808219,0.0221854065027459
"TGI_percent_Day_24_control_median",557,8,0.711622846418699,0.0477353390855342,0.45679012345679,0.255201343606103
"TGI_percent_Day_24_control_median",558,8,0.414356184237763,0.307428345425902,0.307692307692308,0.458455990282607
"TGI_percent_Day_24_control_median",559,8,0.933555432706752,0.000697301777047291,1,0
"TGI_percent_Day_24_control_median",560,8,0.537355558821105,0.169609580404714,0.146341463414634,0.729502115730517
"TGI_percent_Day_24_control_median",561,8,0.54763179994664,0.160013922776085,0.0769230769230769,0.856337178454751
"TGI_percent_Day_24_control_median",562,8,0.628181896822641,0.0953370244852117,0.397590361445783,0.32935525869871
"TGI_percent_Day_24_control_median",563,8,0.264561722200969,0.526607541564118,0.287671232876712,0.489635358193826
"TGI_percent_Day_24_control_median",564,8,0.156616146759957,0.711111361038598,-0.27027027027027,0.517380169839457
"TGI_percent_Day_24_control_median",565,8,0.839351166888722,0.00915635347544938,0.846153846153846,0.00808525881177396
"TGI_percent_Day_24_control_median",566,8,0.832344547399633,0.0103495697563261,0.658536585365854,0.0757845840293002
"TGI_percent_Day_24_control_median",567,8,0.534382309054958,0.172442420624459,0.170731707317073,0.68604453895394
"TGI_percent_Day_24_control_median",568,8,0.538037615785924,0.168963305323224,0.414634146341463,0.307070866237017
"TGI_percent_Day_24_control_median",569,8,0.85068329365242,0.00741851179714848,0.902439024390244,0.00215494723497795
"TGI_percent_Day_24_control_median",570,8,0.394696465575252,0.333211919109887,0.316455696202532,0.445069441835733
"TGI_percent_Day_24_control_median",571,8,0.888561706426061,0.0031770233819855,0.772151898734177,0.0247485870017686
"TGI_percent_Day_24_control_median",572,8,0.811271243743214,0.0145166210076918,0.851851851851852,0.00725239908517074
"TGI_percent_Day_24_control_median",573,8,0.103521020524259,0.807280370098169,0.342465753424658,0.406316873398979
"TGI_percent_Day_24_control_median",574,8,0.509922078019495,0.196705296450969,0.392405063291139,0.336280494675457
"TGI_percent_Day_24_control_median",575,8,0.865313708616725,0.00550776391648863,0.780487804878049,0.0222809739808402
"TGI_percent_Day_24_control_median",576,8,0.909884223657264,0.00170811810170575,0.951219512195122,0.000279674283468003
"TGI_percent_Day_24_control_median",577,8,0.817075099557169,0.0132797813408938,0.710843373493976,0.0480922136045094
"TGI_percent_Day_24_control_median",578,8,0.714390614386638,0.0464810613353385,0.62962962962963,0.0943451651056068
"TGI_percent_Day_24_control_median",579,8,0.457136568125515,0.25479472177567,0.170731707317073,0.68604453895394
"TGI_percent_Day_24_control_median",580,8,0.660888169745646,0.0743781473214733,0.51219512195122,0.194378892157874
"TGI_percent_Day_24_control_median",581,8,0.525991658175414,0.180573243021287,0.0617283950617284,0.88455293510991
"TGI_percent_Day_24_control_median",582,8,0.468288091688841,0.241880689756914,0.121951219512195,0.773598436910598
"TGI_percent_Day_24_control_median",583,8,0.793497854892338,0.0187459948382006,0.367088607594937,0.371042516598345
"TGI_percent_Day_24_control_median",584,8,0.539958828477802,0.167150053646695,0.341463414634146,0.407782409074504
"TGI_percent_Day_24_control_median",585,8,0.571184500347001,0.139167607744311,0.268292682926829,0.520569891636616
"TGI_percent_Day_24_control_median",586,8,0.798160198891191,0.0175707344714389,0.925925925925926,0.000960491276443564
"TGI_percent_Day_24_control_median",587,8,0.909238840583022,0.00174420869726603,0.925925925925926,0.000960491276443564
"TGI_percent_Day_24_control_median",588,8,0.846537968047443,0.00802729126943866,0.731707317073171,0.0390863390212493
"TGI_percent_Day_24_control_median",589,8,0.563670576283886,0.145644407234291,0.358024691358025,0.383863009028071
"TGI_percent_Day_24_control_median",590,8,0.498401991164189,0.208720239708019,0.407407407407407,0.316429397723464
"TGI_percent_Day_24_control_median",591,8,0.653302482494295,0.0789705695370576,0.62962962962963,0.0943451651056068
"TGI_percent_Day_24_control_median",592,8,0.620844445727982,0.100456013074371,0.469879518072289,0.240065454942807
"TGI_percent_Day_24_control_median",593,8,0.434859303220161,0.28159866455253,0.425,0.29388235961914
"TGI_percent_Day_24_control_median",594,8,0.966633804420636,9.05582663078404e-05,1,0
"TGI_percent_Day_24_control_median",595,8,0.257580305883065,0.537974023590379,0.146341463414634,0.729502115730517
"TGI_percent_Day_24_control_median",596,8,0.502624064460882,0.204273370651569,-0.205128205128205,0.626037544539464
"TGI_percent_Day_24_control_median",597,8,0.679586894065057,0.0637415876203159,0.414634146341463,0.307070866237017
"TGI_percent_Day_24_control_median",598,8,0.70449303559212,0.0510595247213644,0.333333333333333,0.419753086419753
"TGI_percent_Day_24_control_median",599,8,0.626633674271831,0.0964043455397805,0.341463414634146,0.407782409074504
"TGI_percent_Day_24_control_median",600,8,0.934626100738467,0.000664679776586545,1,0
"TGI_percent_Day_24_control_median",601,8,0.433447427873727,0.283342021026248,0.24390243902439,0.560495956966516
"TGI_percent_Day_24_control_median",602,8,0.771916543687247,0.0248205995752695,0.560975609756098,0.148007079914522
"TGI_percent_Day_24_control_median",603,8,0.767065872270504,0.0263337527168063,0.69620253164557,0.0550950655487157
"TGI_percent_Day_24_control_median",604,8,0.728259688914121,0.0404968893047913,0.736842105263158,0.0370416328264742
"TGI_percent_Day_24_control_median",605,8,0.424226625457878,0.294856686602044,0.34375,0.404442485421896
"TGI_percent_Day_24_control_median",606,8,0.519611212480107,0.186890609862732,0.308641975308642,0.456997506224647
"TGI_percent_Day_24_control_median",607,8,0.464324546409056,0.246431806586164,0.291139240506329,0.484176479990479
"TGI_percent_Day_24_control_median",608,8,0.222484916916798,0.596402481539739,0.0886075949367088,0.834728317893272
"TGI_percent_Day_24_control_median",609,8,0.526243419516645,0.180326350717703,0.463414634146342,0.247482670349255
"TGI_percent_Day_24_control_median",610,8,0.632450012268253,0.0924300374166917,0.634146341463415,0.0912890821441658
"TGI_percent_Day_24_control_median",611,8,0.312271248627265,0.451441168851195,-0.146341463414634,0.729502115730516
"TGI_percent_Day_24_control_median",612,8,0.755138223700223,0.0302928204098667,0.51219512195122,0.194378892157874
"TGI_percent_Day_24_control_median",613,8,0.846857617084371,0.00797925566548658,-0.111111111111111,0.793374993649342
"TGI_percent_Day_24_control_median",614,8,0.74490994572497,0.0339632372404554,0.62962962962963,0.0943451651056068
"TGI_percent_Day_24_control_median",615,8,0.482156302579421,0.226296651363828,0.605263157894737,0.111837768489366
"TGI_percent_Day_24_control_median",616,8,0.709157689445669,0.0488694708377791,0.493670886075949,0.213762737730047
"TGI_percent_Day_24_control_median",617,8,0.58467783053283,0.127945791361488,0.463414634146342,0.247482670349255
"TGI_percent_Day_24_control_median",618,8,0.973737376871562,4.4397701957378e-05,1,2.73691106313438e-47
"TGI_percent_Day_24_control_median",619,8,0.710369064609622,0.04831015566218,0.525,0.181547481689453
"TGI_percent_Day_24_control_median",620,8,0.780751036717221,0.022205659534713,0.731707317073171,0.0390863390212493
"TGI_percent_Day_24_control_median",621,8,0.43020150229244,0.287369969808,0.0731707317073171,0.863293782609012
"TGI_percent_Day_24_control_median",622,8,0.850512309716383,0.00744301905240174,0.777777777777778,0.023065589595082
"TGI_percent_Day_24_control_median",623,8,0.819072524137415,0.0128700607556508,-0.2,0.63488
"TGI_percent_Day_24_control_median",624,8,0.594469961265259,0.120131122722601,0.135802469135802,0.74848368865351
"TGI_percent_Day_24_control_median",625,8,0.556871827537115,0.15164507873567,0.0886075949367088,0.834728317893272
"TGI_percent_Day_24_control_median",626,8,0.440427582124667,0.274774543937827,0.45679012345679,0.255201343606103
"TGI_percent_Day_24_control_median",627,8,0.838271434225509,0.00933420684151045,0.853658536585366,0.00700028132287885
"TGI_percent_Day_24_control_median",628,8,0.64312823635469,0.0853840087124014,0.726027397260274,0.0414264515948147
"TGI_percent_Day_24_control_median",629,8,0.627072056843933,0.0961014371277969,0.234567901234568,0.576051906571553
"TGI_percent_Day_24_control_median",630,8,0.727318022708137,0.0408874527265582,0.62962962962963,0.0943451651056068
"TGI_percent_Day_24_control_median",631,8,0.490164576980099,0.217540276016003,0.048780487804878,0.908681575447135
"TGI_percent_Day_24_control_median",632,8,0.394088589440968,0.334024691400306,-0.037037037037037,0.930619036000442
"TGI_percent_Day_24_control_median",633,8,0.762858660143628,0.0276912761605238,0.72972972972973,0.0398917240906803
"TGI_percent_Day_24_control_median",634,8,0.815711028644733,0.0135642518606022,0.780487804878049,0.0222809739808402
"TGI_percent_Day_24_control_median",635,8,0.400716976395593,0.325212088177491,0.121951219512195,0.773598436910598
"TGI_percent_Day_24_control_median",636,8,0.588690544935451,0.124709969241209,0.620253164556962,0.100875222859378
"TGI_percent_Day_24_control_median",637,8,0.723583346909834,0.0424589101375086,0.51219512195122,0.194378892157874
"TGI_percent_Day_24_control_median",638,8,0.417415882414723,0.303504325896228,0.28,0.5017946112
"TGI_percent_Day_24_control_median",639,8,0.712873405653119,0.0471661251770786,0.44578313253012,0.268289002774831
"TGI_percent_Day_24_control_median",640,8,0.814683647226219,0.0137810211685607,0.5,0.20703125
"TGI_percent_Day_24_control_median",641,8,0.697724108737193,0.0543406149087117,0.585365853658537,0.127387674311883
"TGI_percent_Day_24_control_median",642,8,0.481411848244822,0.227119709798278,-0.0769230769230769,0.856337178454751
"TGI_percent_Day_24_control_median",643,8,0.699387329174565,0.0535230445587219,0.51219512195122,0.194378892157874
"TGI_percent_Day_24_control_median",644,8,0.51312065104419,0.193435829302373,0.24390243902439,0.560495956966516
"TGI_percent_Day_24_control_median",645,8,0.277122068813508,0.506385779961518,0.0886075949367088,0.834728317893272
"TGI_percent_Day_24_control_median",646,8,0.643214244822021,0.085328568123931,0.62962962962963,0.0943451651056068
"TGI_percent_Day_24_control_median",647,8,0.69250373555995,0.0569550575012885,0.469879518072289,0.240065454942807
"TGI_percent_Day_24_control_median",648,8,0.849507252641439,0.00758811892543114,0.804878048780488,0.0159601987985088
"TGI_percent_Day_24_control_median",649,8,0.344229078712774,0.403744218549428,0.615384615384616,0.104365016307875
"TGI_percent_Day_24_control_median",650,8,0.418407795057795,0.302237401676854,0.53125,0.175454188138247
"TGI_percent_Day_24_control_median",651,8,0.626567329641715,0.0964502353554199,0.62962962962963,0.0943451651056068
"TGI_percent_Day_24_control_median",652,8,0.724351116273694,0.0421329147509338,0.560975609756098,0.148007079914522
"TGI_percent_Day_24_control_median",653,8,0.492082410935138,0.215469828742804,0.234567901234568,0.576051906571553
"TGI_percent_Day_24_control_median",654,8,0.438647896272571,0.276946661517174,-0.164556962025316,0.696980493011756
"TGI_percent_Day_24_control_median",655,8,0.817590323560053,0.0131733209671823,0.777777777777778,0.023065589595082
"TGI_percent_Day_24_control_median",656,8,0.63674246938651,0.0895587608345199,0.62962962962963,0.0943451651056068
"TGI_percent_Day_24_control_median",657,8,0.916650667018756,0.00135860930581429,0.925925925925926,0.000960491276443564
"TGI_percent_Day_24_control_median",658,8,-0.000436969060200174,0.999180683116419,-0.2,0.63488
"TGI_percent_Day_24_control_median",659,8,0.625994454613422,0.0968470090766803,0.417721518987342,0.303113679132795
"TGI_percent_Day_24_control_median",660,8,0.572710546663435,0.137872102737571,0.397590361445783,0.32935525869871
"TGI_percent_Day_24_control_median",661,8,0.717549071109504,0.045074281779751,0.662650602409638,0.07333419331769
"TGI_percent_Day_24_control_median",662,8,0.950494134786158,0.000292175423996685,0.925925925925926,0.000960491276443564
"TGI_percent_Day_24_control_median",663,8,0.63028052771452,0.0939011738170048,0.392405063291139,0.336280494675457
"TGI_percent_Day_24_control_median",664,8,0.525468917526504,0.181086451537836,0.373493975903614,0.362100237410523
"TGI_percent_Day_24_control_median",665,8,0.510178747465929,0.196441868939551,0.0731707317073171,0.863293782609012
"TGI_percent_Day_24_control_median",666,8,0.603466950937137,0.113194685788642,0.308641975308642,0.456997506224647
"TGI_percent_Day_24_control_median",667,8,0.610470707560556,0.107956243659673,0.341463414634146,0.407782409074504
"TGI_percent_Day_24_control_median",668,8,0.291640178082968,0.48338995157181,0.234567901234568,0.576051906571553
"TGI_percent_Day_24_control_median",669,8,0.534382309054958,0.172442420624459,0.170731707317073,0.68604453895394
"TGI_percent_Day_24_control_median",670,8,0.690570697929466,0.0579418155400856,0.560975609756098,0.148007079914522
"TGI_percent_Day_24_control_median",671,8,0.897309146312537,0.00250306499232043,0.846153846153846,0.00808525881177396
"TGI_percent_Day_24_control_median",672,8,0.709340319509828,0.0487848988300518,0.468354430379747,0.241804882823014
"TGI_percent_Day_24_control_median",673,8,0.55140516968458,0.156566632071805,0.307692307692308,0.458455990282607
"TGI_percent_Day_24_control_median",674,8,0.963338019236901,0.000119830946703789,1,0
"TGI_percent_Day_24_control_median",675,8,0.844920790789953,0.00827313779546385,0.645569620253164,0.0838184337745055
"TGI_percent_Day_24_control_median",676,8,0.710026691481022,0.0484678429958891,0.62962962962963,0.0943451651056068
"TGI_percent_Day_24_control_median",677,8,0.600263489187476,0.115637740276418,0.45679012345679,0.255201343606103
"TGI_percent_Day_24_control_median",678,8,0.538037615785924,0.168963305323224,0.414634146341463,0.307070866237017
"TGI_percent_Day_24_control_median",679,8,0.839727335827066,0.00909490090111256,0.604938271604938,0.112082511292616
"TGI_percent_Day_24_control_median",680,8,0.709626922859554,0.0486523567814221,0.392405063291139,0.336280494675457
"TGI_percent_Day_24_control_median",681,8,0.845475931354009,0.00818821157905538,0.620253164556962,0.100875222859378
"TGI_percent_Day_24_control_median",682,8,0.650926716136764,0.0804420621503841,0.240506329113924,0.566138469404116
"TGI_percent_Day_24_control_median",683,8,0.654858555106422,0.078015368867953,0.164556962025316,0.696980493011756
"TGI_percent_Day_24_control_median",684,8,0.873343230800377,0.00460925318285526,0.875,0.00443649291992186
"TGI_percent_Day_24_control_median",685,8,0.832344547399633,0.0103495697563261,0.658536585365854,0.0757845840293002
"TGI_percent_Day_24_control_median",686,8,0.622482054387659,0.0993001939188884,0.51219512195122,0.194378892157874
"TGI_percent_Day_24_control_median",687,8,0.684842061695172,0.0609256594971429,0.518987341772152,0.187514534406167
"TGI_percent_Day_24_control_median",688,8,0.336476476566878,0.415107580796213,0.365853658536585,0.37277785416078
"TGI_percent_Day_24_control_median",689,8,0.460530289609154,0.250828743662154,0.316455696202532,0.445069441835733
"TGI_percent_Day_24_control_median",690,8,0.536217649768208,0.170690760776332,0.234567901234568,0.576051906571553
"TGI_percent_Day_24_control_median",691,8,0.668223911276211,0.0700898375875641,0.625,0.0975379943847654
"TGI_percent_Day_24_control_median",692,8,0.345886476190646,0.401332560996451,0.307692307692308,0.458455990282607
"TGI_percent_Day_24_control_median",693,8,0.78451196345787,0.0211468490666869,0.620253164556962,0.100875222859378
"TGI_percent_Day_24_control_median",694,8,0.63368840888911,0.0915962821600865,0.225,0.592147037353516
"TGI_percent_Day_24_control_median",695,8,0.817971673041193,0.0130948706013619,0.536585365853659,0.170340970786708
"TGI_percent_Day_24_control_median",696,8,0.848220170977552,0.00777655170758426,0.670886075949367,0.0685705618098423
"TGI_percent_Day_24_control_median",697,8,0.464097438616208,0.246693883177073,0.341463414634146,0.407782409074504
"TGI_percent_Day_24_control_median",698,8,0.764617813477815,0.0271185314630228,0.34375,0.404442485421896
"TGI_percent_Day_24_control_median",699,8,0.242157154015067,0.56339322098908,-0.164556962025316,0.696980493011756
"TGI_percent_Day_24_control_median",700,8,0.660390795336051,0.074674328919139,0.463414634146342,0.247482670349255
"TGI_percent_Day_24_control_median",701,8,0.83624397749945,0.00967406488992643,0.89873417721519,0.00240296148046003
"TGI_percent_Day_24_control_median",702,8,0.48018661587698,0.22847765639317,0.24390243902439,0.560495956966516
"TGI_percent_Day_24_control_median",703,8,-0.377289906173018,0.356847486585878,-0.777777777777778,0.023065589595082
"TGI_percent_Day_24_control_median",704,8,0.764652943934147,0.0271071688715354,0.848101265822785,0.00779410868380385
"TGI_percent_Day_24_control_median",705,8,0.467758361118218,0.242486459382713,0.0886075949367088,0.834728317893272
"TGI_percent_Day_24_control_median",706,8,0.763637948538951,0.0274366442575064,0.904761904761905,0.00200827550542946
"TGI_percent_Day_24_control_median",707,8,0.484722782395213,0.223470984873689,0.842105263157895,0.0087124949365918
"TGI_percent_Day_24_control_median",708,8,0.738697961070486,0.0363190368986767,0.721518987341772,0.043343002111805
"TGI_percent_Day_24_control_median",709,8,0.739704096786189,0.0359309138981543,0.620253164556962,0.100875222859378
"TGI_percent_Day_24_control_median",710,8,0.695445297502825,0.0554728492123403,0.407407407407407,0.316429397723464
"TGI_percent_Day_24_control_median",711,8,0.741150950710804,0.0353772380198364,0.560975609756098,0.148007079914522
"TGI_percent_Day_24_control_median",712,8,0.762721163803528,0.0277363536622226,0.731707317073171,0.0390863390212493
"TGI_percent_Day_24_control_median",713,8,0.555006960737944,0.153314319178493,0.349397590361446,0.396244333445432
"TGI_percent_Day_24_control_median",714,8,0.61145236191286,0.107233281913933,0.195121951219512,0.643326273058099
"TGI_percent_Day_24_control_median",715,8,0.879508230601071,0.00398764040314235,0.851851851851852,0.00725239908517074
"TGI_percent_Day_24_control_median",716,8,0.570266638535217,0.139950044491376,0.358024691358025,0.383863009028071
"TGI_percent_Day_24_control_median",717,8,0.469585124126215,0.240400726681419,0.341463414634146,0.407782409074504
"TGI_percent_Day_24_control_median",718,8,0.806981231853158,0.0154758024107325,0.620253164556962,0.100875222859378
"TGI_percent_Day_24_control_median",719,8,0.915731934858794,0.00140303658475993,0.974683544303797,3.97984255471566e-05
"TGI_percent_Day_24_control_median",720,8,0.298684456923836,0.472383146967462,-0.146341463414634,0.729502115730516
"TGI_percent_Day_24_control_median",721,8,0.75811447178981,0.0292728705502172,0.609756097560976,0.108484275261192
"TGI_percent_Day_24_control_median",722,8,0.650926716136764,0.0804420621503841,0.240506329113924,0.566138469404116
"TGI_percent_Day_24_control_median",723,8,0.857737336498847,0.00645186114998721,0.670886075949367,0.0685705618098423
"TGI_percent_Day_24_control_median",724,8,0.920061072145226,0.00120172913978708,0.615384615384616,0.104365016307875
"TGI_percent_Day_24_control_median",725,8,0.853580759184612,0.00701101779319991,0.853658536585366,0.00700028132287885
"TGI_percent_Day_24_control_median",726,8,0.929448446326732,0.000832130735379129,0.902439024390244,0.00215494723497795
"TGI_percent_Day_24_control_median",727,8,0.893542214912328,0.00278058182846624,0.924050632911392,0.00103380815542862
"TGI_percent_Day_24_control_median",728,8,0.78451196345787,0.0211468490666869,0.620253164556962,0.100875222859378
"TGI_percent_Day_24_control_median",729,8,0.644351637311898,0.0845973784319438,0.421686746987952,0.298067492674002
"TGI_percent_Day_24_control_median",730,8,0.44114537220957,0.273900862155166,-0.0632911392405063,0.881645645130732
"TGI_percent_Day_24_control_median",731,8,0.728100336195921,0.0405628220995493,0.620253164556962,0.100875222859378
"TGI_percent_Day_24_control_median",732,8,0.680039581870854,0.06349604390028,0.292682926829268,0.481754330094079
"TGI_percent_Day_24_control_median",733,8,0.837009208089305,0.00954488390787108,0.746835443037975,0.033252559177418
"TGI_percent_Day_24_control_median",734,8,0.921935425322253,0.00112078281622566,0.772151898734177,0.0247485870017686
"TGI_percent_Day_24_control_median",735,8,0.754336887067819,0.0305711138017782,0.525,0.181547481689453
"TGI_percent_Day_24_control_median",736,8,0.549769305025015,0.158056102274234,0.054054054054054,0.898845897271193
"TGI_percent_Day_24_control_median",737,8,0.527488251051654,0.17910825282601,0.216216216216216,0.607052378046439
"TGI_percent_Day_24_control_median",738,8,0.944432294898969,0.000411272531335127,0.846153846153846,0.00808525881177396
"TGI_percent_Day_24_control_median",739,8,0.400258605334043,0.325817949418966,0,1
"TGI_percent_Day_24_control_median",740,8,0.618656786730187,0.10201203024008,0.292682926829268,0.481754330094079
"TGI_percent_Day_24_control_median",741,8,0.438048178513602,0.277680517258694,0.225,0.592147037353516
"TGI_percent_Day_24_control_median",742,8,0.924604346021057,0.0010117929893154,0.974683544303797,3.97984255471566e-05
"TGI_percent_Day_24_control_median",743,8,0.966681095256645,9.01769956347599e-05,1,0
"TGI_percent_Day_24_control_median",744,8,0.571847861255651,0.138603635523675,0.0410958904109589,0.923031918656945
"TGI_percent_Day_24_control_median",745,8,0.912523715750798,0.00156557410873212,0.925925925925926,0.000960491276443564
"TGI_percent_Day_24_control_median",746,8,0.819803910002578,0.0127220564010861,0.62962962962963,0.0943451651056068
"TGI_percent_Day_24_control_median",747,8,0.394696465575252,0.333211919109887,0.316455696202532,0.445069441835733
"TGI_percent_Day_24_control_median",748,8,0.634319525428641,0.0911730586160983,0.358024691358025,0.383863009028071
"TGI_percent_Day_24_control_median",749,8,0.639732794195782,0.0875894212205336,0.463414634146342,0.247482670349255
"TGI_percent_Day_24_control_median",750,8,0.403771028398638,0.321188882159399,0.0886075949367088,0.834728317893272
"TGI_percent_Day_24_control_median",751,8,0.911701966382757,0.00160908731916734,0.974683544303797,3.97984255471566e-05
"TGI_percent_Day_24_control_median",752,8,0.338983729529602,0.411417753205181,0.234567901234568,0.576051906571553
"TGI_percent_Day_24_control_median",753,8,0.85671405551243,0.00658676580822446,0.620253164556962,0.100875222859378
"TGI_percent_Day_24_control_median",754,8,0.712873405653119,0.0471661251770785,0.44578313253012,0.268289002774831
"TGI_percent_Day_24_control_median",755,8,0.394818171932847,0.333049300244192,0.307692307692308,0.458455990282607
"TGI_percent_Day_24_control_median",756,8,0.67438141786034,0.0666055665125658,0.560975609756098,0.148007079914522
"TGI_percent_Day_24_control_median",757,8,0.573728609608475,0.137011577599348,0.316455696202532,0.445069441835733
"TGI_percent_Day_24_control_median",758,8,0.795729175191631,0.0181775986545792,0.62962962962963,0.0943451651056068
"TGI_percent_Day_24_control_median",759,8,0.130582764672629,0.757926426380011,-0.164556962025316,0.696980493011756
"TGI_percent_Day_24_control_median",760,8,0.86953177498447,0.00502296186479762,0.594936708860759,0.119765536998206
"TGI_percent_Day_24_control_median",761,8,0.461832470503981,0.249315301011622,-0.0379746835443038,0.928865891742792
"TGI_percent_Day_24_control_median",762,8,0.757473060773655,0.0294908644186981,0.925925925925926,0.000960491276443564
"TGI_percent_Day_24_control_median",763,8,0.655706573305574,0.0774976699314031,0.291139240506329,0.484176479990479
"TGI_percent_Day_24_control_median",764,8,0.618938815499964,0.101810662130434,0.316455696202532,0.445069441835733
"TGI_percent_Day_24_control_median",765,8,0.440465874048187,0.274727901017186,0.156626506024096,0.711092878662638
"TGI_percent_Day_24_control_median",766,8,0.817459439391026,0.0132003142958209,0.615384615384616,0.104365016307875
"TGI_percent_Day_24_control_median",767,8,0.657763942089425,0.0762500614392116,0.842105263157895,0.0087124949365918
"TGI_percent_Day_24_control_median",768,8,0.838742241973088,0.00925638816337281,0.848101265822785,0.00779410868380385
"TGI_percent_Day_24_control_median",769,8,0.746080759461056,0.0335300075178275,0.686746987951807,0.0599235467192919
"TGI_percent_Day_24_control_median",770,8,-0.196000056799569,0.641803351030569,-0.538461538461539,0.16856229446825
"TGI_percent_Day_24_control_median",771,8,0.658556847130168,0.0757723998428468,0.164556962025316,0.696980493011756
"TGI_percent_Day_24_control_median",772,8,0.918856373819502,0.00125571510966491,0.772151898734177,0.0247485870017686
"TGI_percent_Day_24_control_median",773,8,0.816677093288612,0.0133623912197587,0.878048780487805,0.00412958042703298
"TGI_percent_Day_24_control_median",774,8,0.853364244327729,0.00704096108845063,0.80722891566265,0.0154193727622323
"TGI_percent_Day_24_control_median",775,8,0.588354209558343,0.124979403578077,0.51219512195122,0.194378892157874
"TGI_percent_Day_24_control_median",776,8,0.479282039997941,0.229482883253805,0.268292682926829,0.520569891636616
"TGI_percent_Day_24_control_median",777,8,0.624478463888142,0.0979015068659647,0.835616438356164,0.00978082574112047
"TGI_percent_Day_24_control_median",778,8,0.524248924015776,0.182287230986384,0.102564102564103,0.809036692029818
"TGI_percent_Day_24_control_median",779,8,0.720319837813599,0.0438616291915097,0.590361445783133,0.123376267991455
"TGI_percent_Day_24_control_median",780,8,0.242373860704385,0.563033192760129,-0.185185185185185,0.660634430204336
"TGI_percent_Day_24_control_median",781,8,0.805223234977874,0.0158800536643231,0.7,0.05322375
"TGI_percent_Day_24_control_median",782,8,0.659344051711586,0.0752999119119886,0.518072289156627,0.188431668335035
"TGI_percent_Day_24_control_median",783,8,0.825552264972487,0.0115961217072965,0.594936708860759,0.119765536998206
"TGI_percent_Day_24_control_median",784,8,0.831034905344919,0.010582958743907,0.746835443037975,0.033252559177418
"TGI_percent_Day_24_control_median",785,8,0.605010174868368,0.112028319081761,0.341463414634146,0.407782409074504
"TGI_percent_Day_24_control_median",786,8,0.687996932373357,0.0592713634469643,0.210526315789474,0.61677158304252
"TGI_percent_Day_24_control_median",787,8,0.459538220936091,0.251984859831271,0.170731707317073,0.68604453895394
"TGI_percent_Day_24_control_median",788,8,0.843771811298922,0.00845068698682656,0.780487804878049,0.0222809739808402
"TGI_percent_Day_24_control_median",789,8,0.967447845454835,8.41425140404305e-05,0.828571428571429,0.0110309466293806
"TGI_percent_Day_24_control_median",790,8,0.552089825107893,0.155945533012105,0.170731707317073,0.68604453895394
"TGI_percent_Day_24_control_median",791,8,0.680885694781429,0.0630386075463332,0.333333333333333,0.419753086419753
"TGI_percent_Day_24_control_median",792,8,0.679530795306246,0.0637720554522486,0.731707317073171,0.0390863390212493
"TGI_percent_Day_24_control_median",793,8,0.850624199353649,0.00742697599615416,0.726027397260274,0.0414264515948147
"TGI_percent_Day_24_control_median",794,8,0.630877782875767,0.0934948355129818,0.414634146341463,0.307070866237017
"TGI_percent_Day_24_control_median",795,8,0.814298960256683,0.0138627447084705,0.620253164556962,0.100875222859378
"TGI_percent_Day_24_control_median",796,8,0.426781323313456,0.291644125357585,-0.024390243902439,0.9542864261534
"TGI_percent_Day_24_control_median",797,8,0.468960730108682,0.241112607721444,0.45679012345679,0.255201343606103
"TGI_percent_Day_24_control_median",798,8,0.85422223608982,0.00692278142624636,0.851851851851852,0.00725239908517074
"TGI_percent_Day_24_control_median",799,8,0.487909388247817,0.219988064512871,0.240506329113924,0.566138469404116
"TGI_percent_Day_24_control_median",800,8,0.870914651282817,0.00487021633308899,0.974683544303797,3.97984255471566e-05
"TGI_percent_Day_24_control_median",801,8,0.831632544394234,0.0104760453728219,0.34375,0.404442485421896
"TGI_percent_Day_24_control_median",802,8,0.592380742188607,0.121775226898512,0.45679012345679,0.255201343606103
"TGI_percent_Day_24_control_median",803,8,0.326043532626243,0.430611512361294,-0.189873417721519,0.652451422291919
"TGI_percent_Day_24_control_median",804,8,0.575336766089763,0.135658367173717,0.308641975308642,0.456997506224647
"TGI_percent_Day_24_control_median",805,8,0.633937855729292,0.0914288690064259,0.392405063291139,0.336280494675457
"TGI_percent_Day_24_control_median",806,8,0.724351116273694,0.0421329147509338,0.560975609756098,0.148007079914522
"TGI_percent_Day_24_control_median",807,8,0.320945250405345,0.438274719202308,0.234567901234568,0.576051906571553
"TGI_percent_Day_24_control_median",808,8,0.620951013289956,0.100380564627972,0.79746835443038,0.0177421304392543
"TGI_percent_Day_24_control_median",809,8,0.803480582194121,0.0162872534249505,0.753086419753086,0.0310085131644479
"TGI_percent_Day_24_control_median",810,8,0.674602851515007,0.066482217947338,0.536585365853659,0.170340970786708
"TGI_percent_Day_24_control_median",811,8,0.522059352682036,0.184452959419839,0.170731707317073,0.68604453895394
"TGI_percent_Day_24_control_median",812,8,0.276656785335764,0.50712954351679,0.316455696202532,0.445069441835733
"TGI_percent_Day_24_control_median",813,8,0.832633756521295,0.0102984743299912,0.384615384615385,0.346809662449871
"TGI_percent_Day_24_control_median",814,8,0.589333866024761,0.124195521365015,0.463414634146342,0.247482670349255
"TGI_percent_Day_24_control_median",815,8,0.931165060643233,0.000773876585630997,0.924050632911392,0.00103380815542862
"TGI_percent_Day_24_control_median",816,8,-0.0842587610729345,0.842760978319803,-0.230769230769231,0.58242412326653
"TGI_percent_Day_24_control_median",817,8,0.521452663379129,0.185055458927268,0.390243902439024,0.339186635335989
"TGI_percent_Day_24_control_median",818,8,0.510643768238745,0.195965079208565,0.291139240506329,0.484176479990479
"TGI_percent_Day_24_control_median",819,8,0.561049138141005,0.147942339787462,0.44578313253012,0.268289002774831
"TGI_percent_Day_24_control_median",820,8,0.93206687269937,0.000744373073556472,0.726027397260274,0.0414264515948147
"TGI_percent_Day_24_control_median",821,8,0.635449380734328,0.0904182116124661,0.634146341463415,0.0912890821441658
"TGI_percent_Day_24_control_median",822,8,0.902988442172138,0.00211964884587188,0.825,0.0117014416503906
"TGI_percent_Day_24_control_median",823,8,0.760788241194749,0.0283748470858536,0.51219512195122,0.194378892157874
"TGI_percent_Day_24_control_median",824,8,0.566502835293119,0.143183946959389,0.0379746835443038,0.928865891742792
"TGI_percent_Day_24_control_median",825,8,0.783172316950175,0.0215203116756324,0.726027397260274,0.0414264515948147
"TGI_percent_Day_24_control_median",826,8,0.606275380502204,0.111077189089934,0.160493827160494,0.70420169577901
"TGI_percent_Day_24_control_median",827,8,0.573029654924436,0.137602052241601,0.24390243902439,0.560495956966516
"TGI_percent_Day_24_control_median",828,8,0.70206367782214,0.0522230163581103,0.662650602409638,0.07333419331769
"TGI_percent_Day_24_control_median",829,8,0.740604972039657,0.035585553899115,0.439024390243902,0.276486445900293
"TGI_percent_Day_24_control_median",830,8,0.502373780805796,0.20453558119371,0.121951219512195,0.773598436910598
"TGI_percent_Day_24_control_median",831,8,0.870040330219086,0.00496643711574368,0.728395061728395,0.0404409294591197
"TGI_percent_Day_24_control_median",832,8,0.6506704113115,0.0806017597048648,0.325301204819277,0.431723785085098
"TGI_percent_Day_24_control_median",833,8,0.255635783674834,0.541155650955481,0.0886075949367088,0.834728317893272
"TGI_percent_Day_24_control_median",834,8,0.312271248627265,0.451441168851195,-0.146341463414634,0.729502115730516
"TGI_percent_Day_24_control_median",835,8,0.601983683779815,0.114322196461018,0.566265060240964,0.143389618739712
"TGI_percent_Day_24_control_median",836,8,0.959026623759425,0.000166725810814129,1,0
"TGI_percent_Day_24_control_median",837,8,0.68069274289548,0.0631427509848805,0.421686746987952,0.298067492674002
"TGI_percent_Day_24_control_median",838,8,0.727318022708137,0.0408874527265582,0.62962962962963,0.0943451651056068
"TGI_percent_Day_24_control_median",839,8,0.542906944965089,0.16438819904151,0.0410958904109589,0.923031918656945
"TGI_percent_Day_24_control_median",840,8,0.6269097851267,0.0962134977860694,0.24390243902439,0.560495956966516
"TGI_percent_Day_24_control_median",841,8,-0.175498574907501,0.677634381445298,-0.753424657534246,0.0308898246525729
"TGI_percent_Day_24_control_median",842,8,0.259439590901216,0.534938238838838,0.113924050632911,0.788233439851227
"TGI_percent_Day_24_control_median",843,8,0.644351637311898,0.0845973784319439,0.421686746987952,0.298067492674002
"TGI_percent_Day_24_control_median",844,8,0.566008309685607,0.14361188720403,0.439024390243902,0.276486445900293
"TGI_percent_Day_24_control_median",845,8,0.709626922859555,0.048652356781422,0.392405063291139,0.336280494675457
"TGI_percent_Day_24_control_median",846,8,0.931793342691843,0.000753242585045749,0.848101265822785,0.00779410868380385
"TGI_percent_Day_24_control_median",847,8,0.739290238859472,0.0360902539444651,0.51219512195122,0.194378892157874
"TGI_percent_Day_24_control_median",848,8,0.303827063622758,0.464411561446765,0.234567901234568,0.576051906571553
"TGI_percent_Day_24_control_median",849,8,0.847145780803831,0.00793610887793024,0.75609756097561,0.0299617108971145
"TGI_percent_Day_24_control_median",850,8,0.271969458642005,0.514645355490582,0.316455696202532,0.445069441835733
"TGI_percent_Day_24_control_median",851,8,0.302271146202992,0.466817660964789,0.24390243902439,0.560495956966516
"TGI_percent_Day_24_control_median",852,8,0.843202307534259,0.00853958230325814,0.925925925925926,0.000960491276443564
"TGI_percent_Day_24_control_median",853,8,0.905565778373164,0.00195907113253067,0.802469135802469,0.016526566994929
"TGI_percent_Day_24_control_median",854,8,0.981048515135511,1.67755314548222e-05,1,0
"TGI_percent_Day_24_control_median",855,8,0.731192342978904,0.0392951038797987,0.804878048780488,0.0159601987985088
"TGI_percent_Day_24_control_median",856,8,0.061518026084166,0.884944386905298,-0.164556962025316,0.696980493011756
"TGI_percent_Day_24_control_median",857,8,0.888295453585903,0.00319918506452207,0.772151898734177,0.0247485870017686
"TGI_percent_Day_24_control_median",858,8,0.164018965958555,0.697935517443616,0.232876712328767,0.578885910188631
"TGI_percent_Day_24_control_median",859,8,0.445393026709542,0.268758829731358,0.392405063291139,0.336280494675457
"TGI_percent_Day_24_control_median",860,8,0.47068731149845,0.239146718764575,0.589041095890411,0.124429494317035
"TGI_percent_Day_24_control_median",861,8,0.603767518144347,0.112966980128383,0.45679012345679,0.255201343606103
"TGI_percent_Day_24_control_median",862,8,0.688987697685526,0.0587574288188904,0.316455696202532,0.445069441835733
"TGI_percent_Day_24_control_median",863,8,0.819842858778821,0.0127142049410842,0.682926829268293,0.0619431712593441
"TGI_percent_Day_24_control_median",864,8,0.573728609608475,0.137011577599348,0.316455696202532,0.445069441835733
"TGI_percent_Day_24_control_median",865,8,0.725218268290819,0.0417665517563582,0.4,0.32616
"TGI_percent_Day_24_control_median",866,8,0.174148906650144,0.680012683745953,-0.432432432432432,0.284598569995075
"TGI_percent_Day_24_control_median",867,8,0.668689956957564,0.0698224509633168,0.518987341772152,0.187514534406167
"TGI_percent_Day_24_control_median",868,8,0.538037615785924,0.168963305323224,0.414634146341463,0.307070866237017
"TGI_percent_Day_24_control_median",869,8,0.77592547075526,0.0236116055244365,0.432098765432099,0.285012238128342
"TGI_percent_Day_24_control_median",870,8,0.659704226286237,0.0750843092421636,0.536585365853659,0.170340970786708
"TGI_percent_Day_24_control_median",871,8,0.338499272272858,0.412129610124768,0.125,0.768054962158203
"TGI_percent_Day_24_control_median",872,8,0.310281487284015,0.454484018199645,-0.185185185185185,0.660634430204336
"TGI_percent_Day_24_control_median",873,8,0.721605917020847,0.0433055504999027,0.614457831325301,0.105037035536878
"TGI_percent_Day_24_control_median",874,8,0.681111570199172,0.0629168235964178,0.585365853658537,0.127387674311883
"TGI_percent_Day_24_control_median",875,8,0.651393780548086,0.0801515204673261,0.923076923076923,0.00107327636125646
"TGI_percent_Day_24_control_median",876,8,0.769518965481603,0.0255615950648696,0.62962962962963,0.0943451651056068
"TGI_percent_Day_24_control_median",877,8,0.568100260400834,0.141806428038802,0.555555555555556,0.152822232383275
"TGI_percent_Day_24_control_median",878,8,0.837512871688499,0.009460459724633,0.307692307692308,0.458455990282607
"TGI_percent_Day_24_control_median",879,8,0.51312065104419,0.193435829302373,0.24390243902439,0.560495956966516
"TGI_percent_Day_24_control_median",880,8,0.723583346909834,0.0424589101375086,0.51219512195122,0.194378892157874
"TGI_percent_Day_24_control_median",881,8,0.862257733970108,0.00587708256482257,0.923076923076923,0.00107327636125646
"TGI_percent_Day_24_control_median",882,8,0.732526194925457,0.0387557671020338,0.746835443037975,0.033252559177418
"TGI_percent_Day_24_control_median",883,8,0.335015253900048,0.417264499380977,0.0886075949367088,0.834728317893272
"TGI_percent_Day_24_control_median",884,8,0.542858549009623,0.164433335908637,0.146341463414634,0.729502115730517
"TGI_percent_Day_24_control_median",885,8,0.687035948235548,0.059772398330079,0.51219512195122,0.194378892157874
"TGI_percent_Day_24_control_median",886,8,0.846537968047443,0.00802729126943865,0.731707317073171,0.0390863390212493
"TGI_percent_Day_24_control_median",887,8,0.818426052502696,0.0130017820960221,0.753086419753086,0.0310085131644479
"TGI_percent_Day_24_control_median",888,8,0.409965260920535,0.31310172171411,0.2,0.63488
"TGI_percent_Day_24_control_median",889,8,0.468064492317755,0.242136291404425,0.240506329113924,0.566138469404116
"TGI_percent_Day_24_control_median",890,8,0.770055911185807,0.0253944736924917,0.367088607594937,0.371042516598345
"TGI_percent_Day_24_control_median",891,8,0.913382981815237,0.001520901149885,0.853658536585366,0.00700028132287885
"TGI_percent_Day_24_control_median",892,8,0.746256581134368,0.0334652430916372,0.590361445783133,0.123376267991455
"TGI_percent_Day_24_control_median",893,8,0.816122991887068,0.0134779382743957,0.615384615384616,0.104365016307875
"TGI_percent_Day_24_control_median",894,8,0.061518026084166,0.884944386905298,-0.164556962025316,0.696980493011756
"TGI_percent_Day_24_control_median",895,8,0.973745850640619,4.43550248909202e-05,0.972602739726027,5.03610200209817e-05
"TGI_percent_Day_24_control_median",896,8,0.739201577471014,0.0361244455935069,0.658536585365854,0.0757845840293002
"TGI_percent_Day_24_control_median",897,8,0.820917033341093,0.0124988719060378,0.974683544303797,3.97984255471566e-05
"TGI_percent_Day_24_control_median",898,8,0.643080598285748,0.0854147249552524,0.463414634146342,0.247482670349255
"TGI_percent_Day_24_control_median",899,8,-0.00359785159316487,0.99325408647824,0,1
"TGI_percent_Day_24_control_median",900,8,0.683854457650454,0.0614490964676122,0.560975609756098,0.148007079914522
"TGI_percent_Day_24_control_median",901,8,0.901119132220396,0.00224129936771247,0.975308641975309,3.69400528358044e-05
"TGI_percent_Day_24_control_median",902,8,0.573029654924437,0.1376020522416,0.24390243902439,0.560495956966516
"TGI_percent_Day_24_control_median",903,8,0.219350418379612,0.601719989403752,0.0379746835443038,0.928865891742792
"TGI_percent_Day_24_control_median",904,8,0.424751335641121,0.294195466228771,-0.037037037037037,0.930619036000442
"TGI_percent_Day_24_control_median",905,8,0.23477103795657,0.575711820218757,0.215189873417721,0.608801860963225
"TGI_percent_Day_24_control_median",906,8,0.855721631616174,0.00671931209246642,0.851851851851852,0.00725239908517074
"TGI_percent_Day_24_control_median",907,8,0.634319525428641,0.0911730586160984,0.358024691358025,0.383863009028071
"TGI_percent_Day_24_control_median",908,8,0.643612294536566,0.0850722599059855,0.51219512195122,0.194378892157874
"TGI_percent_Day_24_control_median",909,8,0.738964739571494,0.0362158774228681,0.62962962962963,0.0943451651056068
"TGI_percent_Day_24_control_median",910,8,0.597188879226142,0.118010322361602,0.594594594594595,0.120033440693325
"TGI_percent_Day_24_control_median",911,8,0.827879656492373,0.0111588674946912,0.79746835443038,0.0177421304392543
"TGI_percent_Day_24_control_median",912,8,0.582450929567985,0.129761597090492,0.780821917808219,0.0221854065027459
"TGI_percent_Day_24_control_median",913,8,0.644351637311898,0.0845973784319438,0.421686746987952,0.298067492674002
"TGI_percent_Day_24_control_median",914,8,0.833942885952186,0.0100691876160544,0.731707317073171,0.0390863390212493
"TGI_percent_Day_24_control_median",915,8,0.667694619957898,0.0703942411123065,0.0886075949367088,0.834728317893272
"TGI_percent_Day_24_control_median",916,8,0.896002225310378,0.00259721174015504,0.538461538461539,0.16856229446825
"TGI_percent_Day_24_control_median",917,8,0.821421995213386,0.0123984464313205,0.62962962962963,0.0943451651056068
"TGI_percent_Day_24_control_median",918,8,0.658871420767942,0.0755833817835772,0.365853658536585,0.37277785416078
"TGI_percent_Day_24_control_median",919,8,0.6312239054926,0.0932598185033823,0.414634146341463,0.307070866237017
"TGI_percent_Day_24_control_median",920,8,0.974304644894884,4.16003058700631e-05,0.972972972972973,4.83603783960581e-05
"TGI_percent_Day_24_control_median",921,8,0.802768664257201,0.0164554688325291,0.45679012345679,0.255201343606103
"TGI_percent_Day_24_control_median",922,8,0.504930288669756,0.20186555583323,0.125,0.768054962158203
"TGI_percent_Day_24_control_median",923,8,0.78763531232792,0.0202918744317495,0.731707317073171,0.0390863390212493
"TGI_percent_Day_24_control_median",924,8,0.426781323313456,0.291644125357585,-0.024390243902439,0.9542864261534
"TGI_percent_Day_24_control_median",925,8,0.746080759461056,0.0335300075178275,0.686746987951807,0.0599235467192919
"TGI_percent_Day_24_control_median",926,8,0.88428660002734,0.00354501504185011,0.702702702702703,0.0519154430428595
"TGI_percent_Day_24_control_median",927,8,0.740662758963258,0.0355634701785037,0.392405063291139,0.336280494675457
"TGI_percent_Day_24_control_median",928,8,0.893530300254288,0.0027814897191559,0.925925925925926,0.000960491276443564
"TGI_percent_Day_24_control_median",929,8,0.632762028555081,0.0922195600516489,0.463414634146342,0.247482670349255
"TGI_percent_Day_24_control_median",930,8,0.216640256458137,0.60633004268845,-0.0769230769230769,0.856337178454751
"TGI_percent_Day_24_control_median",931,8,0.961247303982135,0.000141298285674748,0.925925925925926,0.000960491276443564
"TGI_percent_Day_24_control_median",932,8,0.404389452668587,0.320377085604157,0.135802469135802,0.74848368865351
"TGI_percent_Day_24_control_median",933,8,0.576726711266729,0.134494789037612,-0.105263157894737,0.804084671089484
"TGI_percent_Day_24_control_median",934,8,0.661299100125665,0.0741339633162514,0.802469135802469,0.016526566994929
"TGI_percent_Day_24_control_median",935,8,0.929992127692938,0.000813380951876386,0.95,0.000300898437499997
"TGI_percent_Day_24_control_median",936,8,0.703289995486736,0.0516337299747162,0.585365853658537,0.127387674311883
"TGI_percent_Day_24_control_median",937,8,0.944455380018397,0.000410767418167261,0.972972972972973,4.83603783960581e-05
"TGI_percent_Day_24_control_median",938,8,0.663464002758977,0.0728553072534206,0.518987341772152,0.187514534406167
"TGI_percent_Day_24_control_median",939,8,0.474544314997332,0.234784737030483,0.125,0.768054962158203
"TGI_percent_Day_24_control_median",940,8,0.302271146202992,0.466817660964789,0.24390243902439,0.560495956966516
"TGI_percent_Day_24_control_median",941,8,0.610820126320071,0.107698589026245,0.373493975903614,0.362100237410523
"TGI_percent_Day_24_control_median",942,8,0.703289995486736,0.0516337299747162,0.585365853658537,0.127387674311883
"TGI_percent_Day_24_control_median",943,8,0.970453057027008,6.30671977507186e-05,0.923076923076923,0.00107327636125646
"TGI_percent_Day_24_control_median",944,8,0.594137522101598,0.120391892700095,0.301204819277108,0.468469529828104
"TGI_percent_Day_24_control_median",945,8,0.669252030005734,0.0695007712022265,0.463414634146342,0.247482670349255
"TGI_percent_Day_24_control_median",946,8,0.741362195986871,0.0352968386810765,0.542168674698795,0.165077483817168
"TGI_percent_Day_24_control_median",947,8,0.659344051711586,0.0752999119119887,0.518072289156627,0.188431668335035
"TGI_percent_Day_24_control_median",948,8,0.388566594957538,0.341450121300202,-0.105263157894737,0.804084671089484
"TGI_percent_Day_24_control_median",949,8,0.638197360358318,0.0885974439258751,0.390243902439024,0.339186635335989
"TGI_percent_Day_24_control_median",950,8,0.798573452100024,0.0174688523140506,0.804878048780488,0.0159601987985088
"TGI_percent_Day_24_control_median",951,8,-0.188162371195841,0.655434483824734,-0.538461538461539,0.16856229446825
"TGI_percent_Day_24_control_median",952,8,0.620844445727982,0.100456013074371,0.469879518072289,0.240065454942807
"TGI_percent_Day_24_control_median",953,8,0.771916543687246,0.0248205995752695,0.560975609756098,0.148007079914522
"TGI_percent_Day_24_control_median",954,8,0.50286781515682,0.204018174020473,0.463414634146342,0.247482670349255
"TGI_percent_Day_24_control_median",955,8,0.920443855237339,0.00118489829452939,0.902439024390244,0.00215494723497795
"TGI_percent_Day_24_control_median",956,8,0.728259688914121,0.0404968893047912,0.736842105263158,0.0370416328264742
"TGI_percent_Day_24_control_median",957,8,0.468796571242236,0.241299945329477,0.341463414634146,0.407782409074504
"TGI_percent_Day_24_control_median",958,8,0.602676805033976,0.113794529768762,0.620253164556962,0.100875222859378
"TGI_percent_Day_24_control_median",959,8,0.837024109295875,0.00954237932543437,0.731707317073171,0.0390863390212493
"TGI_percent_Day_24_control_median",960,8,0.745310127511676,0.0338147771460725,0.493670886075949,0.213762737730047
"TGI_percent_Day_24_control_median",961,8,0.22990047908609,0.583884776667503,0.102564102564103,0.809036692029818
"TGI_percent_Day_24_control_median",962,8,0.609527241024788,0.108653689500634,0.842105263157895,0.0087124949365918
"TGI_percent_Day_24_control_median",963,8,0.410052188847124,0.312988925279778,0.0886075949367088,0.834728317893272
"TGI_percent_Day_24_control_median",964,8,0.617689265970138,0.102704570006546,0.35,0.3953741796875
"TGI_percent_Day_24_control_median",965,8,0.939304547910934,0.000533858215080571,1,0
"TGI_percent_Day_24_control_median",966,8,0.358396643766173,0.383333091967956,-0.164556962025316,0.696980493011756
"TGI_percent_Day_24_control_median",967,8,0.810258173083909,0.0147396544231247,0.289473684210526,0.486795192697768
"TGI_percent_Day_24_control_median",968,8,0.725559877167317,0.0416227579577776,0.307692307692308,0.458455990282607
"TGI_percent_Day_24_control_median",969,8,0.668989963467079,0.069650645412841,0.542168674698795,0.165077483817168
"TGI_percent_Day_24_control_median",970,8,0.653826021032054,0.0786484348481594,0.469879518072289,0.240065454942807
"TGI_percent_Day_24_control_median",971,8,0.249449509104351,0.551322486278393,0.0886075949367088,0.834728317893272
"TGI_percent_Day_24_control_median",972,8,0.510540633871645,0.196070770919289,0.0126582278481013,0.976268357959337
"TGI_percent_Day_24_control_median",973,8,0.709187846734374,0.0488554995758546,0.45679012345679,0.255201343606103
"TGI_percent_Day_24_control_median",974,8,0.676734412381048,0.0653017516033436,0.615384615384616,0.104365016307875
"TGI_percent_Day_24_control_median",975,8,0.791259461853916,0.0193272187151223,0.924050632911392,0.00103380815542862
"TGI_percent_Day_24_control_median",976,8,0.545036856907973,0.162408383004934,0.384615384615385,0.346809662449871
"TGI_percent_Day_24_control_median",977,8,0.549439528948735,0.158357299074426,0.3,0.47033875
"TGI_percent_Day_24_control_median",978,8,0.529102684539249,0.177535081149093,0.24390243902439,0.560495956966516
"TGI_percent_Day_24_control_median",979,8,0.388147293746364,0.342017046486772,0.424657534246575,0.294313618526343
"TGI_percent_Day_24_control_median",980,8,0.437062481047643,0.278888758390173,-0.160493827160494,0.70420169577901
"TGI_percent_Day_24_control_median",981,8,0.858422489669166,0.0063625293575662,0.822784810126582,0.0121299609627337
"TGI_percent_Day_24_control_median",982,8,0.851108485611602,0.00735779208136242,0.780487804878049,0.0222809739808402
"TGI_percent_Day_24_control_median",983,8,0.867617730692284,0.00523940178648149,0.731707317073171,0.0390863390212493
"TGI_percent_Day_24_control_median",984,8,-0.0306653947895781,0.942538420485709,-0.341772151898734,0.407330756890686
"TGI_percent_Day_24_control_median",985,8,0.652594203066275,0.0794076010348927,0.44578313253012,0.268289002774831
"TGI_percent_Day_24_control_median",986,8,0.561440418528789,0.147598088205335,0.506172839506173,0.20057448914806
"TGI_percent_Day_24_control_median",987,8,0.795634600590387,0.0182014684300422,0.780487804878049,0.0222809739808402
"TGI_percent_Day_24_control_median",988,8,0.430791194809045,0.286636143284706,0.341772151898734,0.407330756890686
"TGI_percent_Day_24_control_median",989,8,0.747506303863218,0.0330071115787114,0.746835443037975,0.033252559177418
"TGI_percent_Day_24_control_median",990,8,0.525468917526504,0.181086451537836,0.373493975903614,0.362100237410523
"TGI_percent_Day_24_control_median",991,8,0.832110302057048,0.0103910721344244,0.746835443037975,0.033252559177418
"TGI_percent_Day_24_control_median",992,8,0.929233423230047,0.00083962347090954,0.917808219178082,0.00130395207243573
"TGI_percent_Day_24_control_median",993,8,0.74490994572497,0.0339632372404554,0.62962962962963,0.0943451651056068
"TGI_percent_Day_24_control_median",994,8,0.573029654924436,0.137602052241601,0.24390243902439,0.560495956966516
"TGI_percent_Day_24_control_median",995,8,0.687003655679141,0.0597892785376089,0.585365853658537,0.127387674311883
"TGI_percent_Day_24_control_median",996,8,0.897309146312537,0.00250306499232046,0.846153846153846,0.00808525881177396
"TGI_percent_Day_24_control_median",997,8,0.901475304658682,0.0022177802641021,0.848101265822785,0.00779410868380385
"TGI_percent_Day_24_control_median",998,8,0.525468917526504,0.181086451537837,0.373493975903614,0.362100237410523
"TGI_percent_Day_24_control_median",999,8,0.702383461192439,0.0520689630602874,0.924050632911392,0.00103380815542862
"TGI_percent_Day_24_control_median",1000,8,0.404826027508571,0.319804584341165,-0.037037037037037,0.930619036000442
