"tgi_measure","iteration","n","pearson_r","pearson_p","spearman_rho","spearman_p"
"TGI_percent_Day_24_control_median",1,8,0.898098527077346,0.00244728671843533,0.851851851851852,0.00725239908517074
"TGI_percent_Day_24_control_median",2,8,-0.646418407206238,0.0832780805829444,-0.392405063291139,0.336280494675457
"TGI_percent_Day_24_control_median",3,8,-0.386287575719859,0.344536753587346,-0.382716049382716,0.34939965019076
"TGI_percent_Day_24_control_median",4,8,-0.162381584674603,0.70084424439769,0.365853658536585,0.37277785416078
"TGI_percent_Day_24_control_median",5,8,-0.60974526679958,0.108492289491175,0.0632911392405063,0.881645645130731
"TGI_percent_Day_24_control_median",6,8,0.696622222336582,0.0548863467249003,0.518987341772152,0.187514534406167
"TGI_percent_Day_24_control_median",7,8,-0.80538747633337,0.01584200905235,-0.62962962962963,0.094345165105607
"TGI_percent_Day_24_control_median",8,8,-0.447184825543044,0.266604228438844,-0.228915662650602,0.585542062912906
"TGI_percent_Day_24_control_median",9,8,-0.658174837302388,0.0760023104872204,-0.316455696202532,0.445069441835733
"TGI_percent_Day_24_control_median",10,8,-0.18630788166549,0.658672125228386,-0.316455696202532,0.445069441835733
"TGI_percent_Day_24_control_median",11,8,0.108654975241065,0.797869705035384,0.384615384615385,0.346809662449871
"TGI_percent_Day_24_control_median",12,8,-0.613200789572834,0.105952464874264,-0.468354430379747,0.241804882823014
"TGI_percent_Day_24_control_median",13,8,-0.670934979652017,0.0685428364377484,-0.62962962962963,0.094345165105607
"TGI_percent_Day_24_control_median",14,8,-0.220211318054006,0.600257978570887,-0.589041095890411,0.124429494317035
"TGI_percent_Day_24_control_median",15,8,-0.365618054200822,0.37310933489447,-0.234567901234568,0.576051906571553
"TGI_percent_Day_24_control_median",16,8,-0.57608462474103,0.135031611999743,-0.373493975903614,0.362100237410523
"TGI_percent_Day_24_control_median",17,8,-0.245241875835627,0.558275974630534,-0.121951219512195,0.773598436910597
"TGI_percent_Day_24_control_median",18,8,-0.579395449743876,0.132276316367148,-0.432098765432099,0.285012238128342
"TGI_percent_Day_24_control_median",19,8,-0.734935686636847,0.0377929745346327,-0.746835443037975,0.0332525591774179
"TGI_percent_Day_24_control_median",20,8,-0.715308506967118,0.0460695390009555,-0.45679012345679,0.255201343606103
"TGI_percent_Day_24_control_median",21,8,0.804574742301478,0.0160308293888525,0.615384615384616,0.104365016307875
"TGI_percent_Day_24_control_median",22,8,-0.963721227968475,0.000116146300657675,-0.853658536585366,0.00700028132287885
"TGI_percent_Day_24_control_median",23,8,-0.882983430088959,0.00366240850241763,-0.804878048780488,0.0159601987985089
"TGI_percent_Day_24_control_median",24,8,-0.625096196487467,0.0974710299746198,-0.609756097560976,0.108484275261192
"TGI_percent_Day_24_control_median",25,8,-0.180906797747738,0.66812782439771,0.132530120481928,0.75440042927224
"TGI_percent_Day_24_control_median",26,8,0.853587655886811,0.00701006534090698,0.810810810810811,0.0146177229257338
"TGI_percent_Day_24_control_median",27,8,-0.61573901326808,0.104108690348291,-0.341463414634146,0.407782409074504
"TGI_percent_Day_24_control_median",28,8,-0.912628234345157,0.00156009520257979,-0.918918918918919,0.00125287413292553
"TGI_percent_Day_24_control_median",29,8,-0.00283327183960164,0.99468764373054,0.108433734939759,0.798274813332511
"TGI_percent_Day_24_control_median",30,8,-0.453207640563827,0.259425159140124,-0.228915662650602,0.585542062912906
"TGI_percent_Day_24_control_median",31,8,-0.817665367551315,0.013157859731797,-0.63855421686747,0.0883625688449136
"TGI_percent_Day_24_control_median",32,8,-0.855837186568844,0.00670379190020697,-0.620253164556962,0.100875222859378
"TGI_percent_Day_24_control_median",33,8,-0.833877862791484,0.010080498865472,-0.721518987341772,0.0433430021118049
"TGI_percent_Day_24_control_median",34,8,-0.298576480587903,0.472551102697333,-0.048780487804878,0.908681575447135
"TGI_percent_Day_24_control_median",35,8,-0.283075619845361,0.496905791795739,0.0617283950617284,0.88455293510991
"TGI_percent_Day_24_control_median",36,8,-0.75928033816463,0.0288791784717408,-0.777777777777778,0.023065589595082
"TGI_percent_Day_24_control_median",37,8,0.160071513465896,0.704953371058798,0.382716049382716,0.34939965019076
"TGI_percent_Day_24_control_median",38,8,-0.979677617123351,2.06643061780688e-05,-0.925925925925926,0.000960491276443552
"TGI_percent_Day_24_control_median",39,8,-0.723304732070962,0.042577586970457,-0.45679012345679,0.255201343606103
"TGI_percent_Day_24_control_median",40,8,-0.645254682452074,0.0840194463213365,-0.468354430379747,0.241804882823014
"TGI_percent_Day_24_control_median",41,8,-0.989390142496246,2.96214544384904e-06,-1,0
"TGI_percent_Day_24_control_median",42,8,-0.701368241474141,0.0525589804800524,-0.316455696202532,0.445069441835733
"TGI_percent_Day_24_control_median",43,8,-0.806565048479313,0.0155709128834327,-0.560975609756098,0.148007079914522
"TGI_percent_Day_24_control_median",44,8,0.120258891975917,0.77667915560236,0.468354430379747,0.241804882823014
"TGI_percent_Day_24_control_median",45,8,-0.894179811029987,0.00273227661141988,-0.746835443037975,0.0332525591774179
"TGI_percent_Day_24_control_median",46,8,-0.350283022207315,0.394965655331423,0.0617283950617284,0.88455293510991
"TGI_percent_Day_24_control_median",47,8,-0.169624005939812,0.688002922141897,-0.316455696202532,0.445069441835733
"TGI_percent_Day_24_control_median",48,8,-0.447158911011139,0.266635328778604,-0.594936708860759,0.119765536998206
"TGI_percent_Day_24_control_median",49,8,-0.378217487101033,0.355569221713093,-0.0731707317073171,0.863293782609012
"TGI_percent_Day_24_control_median",50,8,-0.105924980609078,0.802871272039646,-0.121951219512195,0.773598436910597
"TGI_percent_Day_24_control_median",51,8,-0.131737441969907,0.755835255740568,0.204819277108434,0.626569134387071
"TGI_percent_Day_24_control_median",52,8,-0.594116074343474,0.12040872756577,-0.566265060240964,0.143389618739712
"TGI_percent_Day_24_control_median",53,8,-0.879460506941067,0.00399223131775441,-0.615384615384616,0.104365016307875
"TGI_percent_Day_24_control_median",54,8,-0.759261912360601,0.0288853750172126,-0.746835443037975,0.0332525591774179
"TGI_percent_Day_24_control_median",55,8,-0.701013587444668,0.0527308108374593,-0.292682926829268,0.48175433009408
"TGI_percent_Day_24_control_median",56,8,-0.967900910629459,8.07055986779241e-05,-0.743589743589744,0.0344558337392387
"TGI_percent_Day_24_control_median",57,8,0.289381164666964,0.486940820884722,0.670886075949367,0.0685705618098423
"TGI_percent_Day_24_control_median",58,8,-0.806025514012251,0.0156947578970733,-0.594594594594595,0.120033440693325
"TGI_percent_Day_24_control_median",59,8,-0.197271163280248,0.63960076899442,-0.175,0.678512669677734
"TGI_percent_Day_24_control_median",60,8,-0.118201814859943,0.780427290226611,0.219512195121951,0.601445165632524
"TGI_percent_Day_24_control_median",61,8,-0.693301184524189,0.0565509277789172,-0.24390243902439,0.560495956966516
"TGI_percent_Day_24_control_median",62,8,-0.977467786680028,2.81179257258776e-05,-0.926829268292683,0.000926422142911447
"TGI_percent_Day_24_control_median",63,8,-0.445462077345904,0.268675638377243,-0.390243902439024,0.339186635335989
"TGI_percent_Day_24_control_median",64,8,-0.825016207741855,0.0116983421674405,-0.566265060240964,0.143389618739712
"TGI_percent_Day_24_control_median",65,8,-0.233491638037824,0.577854902469699,-0.240506329113924,0.566138469404116
"TGI_percent_Day_24_control_median",66,8,-0.830956318677717,0.0105970685393148,-0.972602739726027,5.03610200209829e-05
"TGI_percent_Day_24_control_median",67,8,-0.822631498266901,0.0121599794523259,-0.634146341463415,0.0912890821441658
"TGI_percent_Day_24_control_median",68,8,-0.00940533684523494,0.982366033386953,0.594936708860759,0.119765536998206
"TGI_percent_Day_24_control_median",69,8,-0.746164759621183,0.0334990562479478,-0.469879518072289,0.240065454942806
"TGI_percent_Day_24_control_median",70,8,-0.432784300368764,0.284162655027124,-0.253012048192771,0.54545933813052
"TGI_percent_Day_24_control_median",71,8,-0.197271163280248,0.63960076899442,-0.175,0.678512669677734
"TGI_percent_Day_24_control_median",72,8,-0.940496292268702,0.000503484451790932,-0.804878048780488,0.0159601987985089
"TGI_percent_Day_24_control_median",73,8,-0.75446551214978,0.0305263386306081,-0.560975609756098,0.148007079914522
"TGI_percent_Day_24_control_median",74,8,-0.0699516747440543,0.869267844401244,0.048780487804878,0.908681575447135
"TGI_percent_Day_24_control_median",75,8,0.0227120374696809,0.957429572104619,0.468354430379747,0.241804882823014
"TGI_percent_Day_24_control_median",76,8,-0.174113787658149,0.680074599140445,-0.162162162162162,0.701234279866665
"TGI_percent_Day_24_control_median",77,8,-0.018048435234826,0.966166532223834,0.468354430379747,0.241804882823014
"TGI_percent_Day_24_control_median",78,8,-0.310356026724441,0.454369878126819,0.0379746835443038,0.928865891742792
"TGI_percent_Day_24_control_median",79,8,-0.124759526537695,0.768491896404633,0.316455696202532,0.445069441835733
"TGI_percent_Day_24_control_median",80,8,-0.478305279768784,0.230570870347725,-0.544303797468354,0.163088312636417
"TGI_percent_Day_24_control_median",81,8,-0.413573420210381,0.308436104457394,0.0617283950617284,0.88455293510991
"TGI_percent_Day_24_control_median",82,8,-0.908658022965897,0.00177710942478913,-0.878048780487805,0.00412958042703296
"TGI_percent_Day_24_control_median",83,8,-0.162597742065409,0.70046006868136,0.05,0.9064061328125
"TGI_percent_Day_24_control_median",84,8,-0.230040222302949,0.583649739693274,0,1
"TGI_percent_Day_24_control_median",85,8,-0.413446171967368,0.308600077417231,-0.121951219512195,0.773598436910597
"TGI_percent_Day_24_control_median",86,8,-0.2912374118256,0.484022300429874,-0.367088607594937,0.371042516598345
"TGI_percent_Day_24_control_median",87,8,-0.224966049870572,0.592204412694179,-0.341463414634146,0.407782409074504
"TGI_percent_Day_24_control_median",88,8,-0.989897052246628,2.55851376790028e-06,-1,0
"TGI_percent_Day_24_control_median",89,8,-0.183245830793741,0.66402810768448,-0.291139240506329,0.484176479990479
"TGI_percent_Day_24_control_median",90,8,-0.706119979376653,0.0502891177874631,-0.316455696202532,0.445069441835733
"TGI_percent_Day_24_control_median",91,8,-0.460535772206785,0.250822361907118,-0.341463414634146,0.407782409074504
"TGI_percent_Day_24_control_median",92,8,-0.809088238954483,0.0149998882009924,-0.634146341463415,0.0912890821441658
"TGI_percent_Day_24_control_median",93,8,-0.780666440502101,0.0222298464586616,-0.615384615384616,0.104365016307875
"TGI_percent_Day_24_control_median",94,8,-0.613200789572834,0.105952464874264,-0.468354430379747,0.241804882823014
"TGI_percent_Day_24_control_median",95,8,-0.205670767600634,0.62510426726598,0.121951219512195,0.773598436910598
"TGI_percent_Day_24_control_median",96,8,-0.283066111389755,0.496920877479573,-0.0731707317073171,0.863293782609012
"TGI_percent_Day_24_control_median",97,8,-0.14719999302472,0.727960978937996,-0.048780487804878,0.908681575447135
"TGI_percent_Day_24_control_median",98,8,0.414050934090987,0.307821148120106,-0.333333333333333,0.419753086419753
"TGI_percent_Day_24_control_median",99,8,-0.781709662325879,0.0219327209212523,-0.620253164556962,0.100875222859378
"TGI_percent_Day_24_control_median",100,8,-0.30318364464583,0.465405950454306,-0.282051282051282,0.498531973667064
"TGI_percent_Day_24_control_median",101,8,-0.79347857970983,0.0187509526096053,-0.407407407407407,0.316429397723464
"TGI_percent_Day_24_control_median",102,8,-0.594293597400425,0.120269425351729,-0.560975609756098,0.148007079914522
"TGI_percent_Day_24_control_median",103,8,-0.260715430004137,0.532858714302872,0.307692307692308,0.458455990282607
"TGI_percent_Day_24_control_median",104,8,0.0769860884211358,0.856220427082232,-0.135802469135802,0.74848368865351
"TGI_percent_Day_24_control_median",105,8,-0.494783362553377,0.212571395962959,-0.225,0.592147037353515
"TGI_percent_Day_24_control_median",106,8,0.219680191465662,0.601159819507968,0.555555555555556,0.152822232383275
"TGI_percent_Day_24_control_median",107,8,-0.348339369003588,0.397774907612816,-0.487804878048781,0.220101844181823
"TGI_percent_Day_24_control_median",108,8,-0.94329595027344,0.000436643514787606,-0.973684210526316,4.46660881693344e-05
"TGI_percent_Day_24_control_median",109,8,-0.551551413660991,0.156433850562539,-0.349397590361446,0.396244333445432
"TGI_percent_Day_24_control_median",110,8,-0.153491507528194,0.716691731075555,0.170731707317073,0.68604453895394
"TGI_percent_Day_24_control_median",111,8,-0.324805556432418,0.432467113193591,0.0617283950617284,0.88455293510991
"TGI_percent_Day_24_control_median",112,8,-0.783287961951817,0.0214879119947868,-0.555555555555556,0.152822232383275
"TGI_percent_Day_24_control_median",113,8,0.759382413439529,0.028844865677989,0.62962962962963,0.0943451651056068
"TGI_percent_Day_24_control_median",114,8,-0.17542587947493,0.677762421798741,0.341463414634146,0.407782409074504
"TGI_percent_Day_24_control_median",115,8,0.781443336700519,0.0220083383546096,0.594936708860759,0.119765536998206
"TGI_percent_Day_24_control_median",116,8,-0.400972709671063,0.324874297869506,-0.135802469135802,0.74848368865351
"TGI_percent_Day_24_control_median",117,8,-0.882983430088959,0.00366240850241763,-0.804878048780488,0.0159601987985089
"TGI_percent_Day_24_control_median",118,8,0.0113333947634071,0.978751704407712,0.282051282051282,0.498531973667064
"TGI_percent_Day_24_control_median",119,8,-0.51390045239451,0.192643140005491,-0.605263157894737,0.111837768489366
"TGI_percent_Day_24_control_median",120,8,-0.190436184171257,0.651471164331073,0.125,0.768054962158203
"TGI_percent_Day_24_control_median",121,8,-0.520050414435224,0.186452034131224,-0.55,0.1578455859375
"TGI_percent_Day_24_control_median",122,8,-0.723919353033662,0.0423160542799189,-0.62962962962963,0.094345165105607
"TGI_percent_Day_24_control_median",123,8,-0.0574587930688329,0.892501654316628,0.075,0.859901453857422
"TGI_percent_Day_24_control_median",124,8,-0.426685672488492,0.291764099827072,-0.407407407407407,0.316429397723464
"TGI_percent_Day_24_control_median",125,8,-0.484373234654959,0.22385475635961,-0.6,0.11584
"TGI_percent_Day_24_control_median",126,8,-0.869724086216012,0.00500153860909735,-0.734939759036145,0.0377913597475923
"TGI_percent_Day_24_control_median",127,8,-0.731841280101722,0.0390321427269856,-0.525,0.181547481689453
"TGI_percent_Day_24_control_median",128,8,-0.269057064853778,0.519336124180043,0.162162162162162,0.701234279866665
"TGI_percent_Day_24_control_median",129,8,0.180467812235899,0.66889805470143,0.432098765432099,0.285012238128342
"TGI_percent_Day_24_control_median",130,8,-0.467052412580861,0.243294937094234,-0.228915662650602,0.585542062912906
"TGI_percent_Day_24_control_median",131,8,-0.153491507528194,0.716691731075555,0.170731707317073,0.68604453895394
"TGI_percent_Day_24_control_median",132,8,0.303345542239648,0.465155660960548,0.810810810810811,0.0146177229257338
"TGI_percent_Day_24_control_median",133,8,-0.374081643949721,0.3612847529659,-0.259259259259259,0.535232404809648
"TGI_percent_Day_24_control_median",134,8,-0.44658501885743,0.267324525320601,-0.121951219512195,0.773598436910597
"TGI_percent_Day_24_control_median",135,8,-0.604959661124016,0.11206638883842,-0.560975609756098,0.148007079914522
"TGI_percent_Day_24_control_median",136,8,0.302920188509108,0.46581336251535,0.780821917808219,0.0221854065027459
"TGI_percent_Day_24_control_median",137,8,-0.114693473833291,0.786828226411898,-0.481481481481481,0.227042659068039
"TGI_percent_Day_24_control_median",138,8,-0.160081832911199,0.704935001010443,0.259259259259259,0.535232404809648
"TGI_percent_Day_24_control_median",139,8,0.318575240322244,0.441856221376634,0,1
"TGI_percent_Day_24_control_median",140,8,-0.0995394374183515,0.814592698729569,0.424657534246575,0.294313618526343
"TGI_percent_Day_24_control_median",141,8,0.540186391963333,0.166935979219946,0.0886075949367088,0.834728317893272
"TGI_percent_Day_24_control_median",142,8,-0.268528917491482,0.520188475429013,0.125,0.768054962158203
"TGI_percent_Day_24_control_median",143,8,-0.439473054804616,0.275938503033112,-0.253012048192771,0.54545933813052
"TGI_percent_Day_24_control_median",144,8,-0.583313949847119,0.1290561953209,-0.487804878048781,0.220101844181823
"TGI_percent_Day_24_control_median",145,8,-0.869724086216012,0.00500153860909735,-0.734939759036145,0.0377913597475923
"TGI_percent_Day_24_control_median",146,8,-0.94619007523493,0.000373966909885716,-0.75609756097561,0.0299617108971145
"TGI_percent_Day_24_control_median",147,8,-0.333458016284802,0.419568388210865,-0.139240506329114,0.742278902896378
"TGI_percent_Day_24_control_median",148,8,-0.245513466707056,0.557826217675029,0,1
"TGI_percent_Day_24_control_median",149,8,-0.972217524512395,5.2499991805607e-05,-0.925925925925926,0.000960491276443552
"TGI_percent_Day_24_control_median",150,8,-0.681760743060894,0.0625675904967268,-0.620253164556962,0.100875222859378
"TGI_percent_Day_24_control_median",151,8,-0.38932305404073,0.340428435108061,-0.307692307692308,0.458455990282607
"TGI_percent_Day_24_control_median",152,8,-0.173748465615829,0.680718760829269,0.048780487804878,0.908681575447135
"TGI_percent_Day_24_control_median",153,8,-0.741091813054661,0.0353997656673315,-0.746835443037975,0.0332525591774179
"TGI_percent_Day_24_control_median",154,8,0.760029625557832,0.0286278884987372,0.536585365853659,0.170340970786708
"TGI_percent_Day_24_control_median",155,8,-0.726563649500471,0.0412019783751507,-0.215189873417721,0.608801860963226
"TGI_percent_Day_24_control_median",156,8,-0.406769590107714,0.317261774819383,-0.121951219512195,0.773598436910597
"TGI_percent_Day_24_control_median",157,8,-0.74795748671891,0.0328426637192744,-0.721518987341772,0.0433430021118049
"TGI_percent_Day_24_control_median",158,8,-0.124268696383222,0.76938388768937,0.333333333333333,0.419753086419753
"TGI_percent_Day_24_control_median",159,8,-0.823880766966299,0.0119167353449316,-0.542168674698795,0.165077483817168
"TGI_percent_Day_24_control_median",160,8,-0.268528917491482,0.520188475429013,0.125,0.768054962158203
"TGI_percent_Day_24_control_median",161,8,-0.796603404593487,0.0179578773574414,-0.525,0.181547481689453
"TGI_percent_Day_24_control_median",162,8,-0.307332070554059,0.459009729786085,-0.036144578313253,0.932287918005115
"TGI_percent_Day_24_control_median",163,8,0.179282715406064,0.670978647183731,0.555555555555556,0.152822232383275
"TGI_percent_Day_24_control_median",164,8,-0.498883046424842,0.208211040953686,-0.316455696202532,0.445069441835733
"TGI_percent_Day_24_control_median",165,8,-0.342419683254111,0.406384183431722,0.0632911392405063,0.881645645130731
"TGI_percent_Day_24_control_median",166,8,-0.979522962937013,2.11372046933122e-05,-0.851851851851852,0.0072523990851707
"TGI_percent_Day_24_control_median",167,8,-0.817128841574694,0.0132686514247661,-0.625,0.0975379943847655
"TGI_percent_Day_24_control_median",168,8,-0.452068834106651,0.260775100769159,-0.594936708860759,0.119765536998206
"TGI_percent_Day_24_control_median",169,8,0.853587655886811,0.00701006534090698,0.810810810810811,0.0146177229257338
"TGI_percent_Day_24_control_median",170,8,-0.574469473683066,0.136387237613024,-0.487804878048781,0.220101844181823
"TGI_percent_Day_24_control_median",171,8,-0.966687382151954,9.01263891396916e-05,-0.62962962962963,0.094345165105607
"TGI_percent_Day_24_control_median",172,8,-0.677659747293951,0.0647931901907537,-0.45679012345679,0.255201343606103
"TGI_percent_Day_24_control_median",173,8,-0.396577686169145,0.330702452453874,-0.0617283950617284,0.88455293510991
"TGI_percent_Day_24_control_median",174,8,-0.638872259748524,0.0881535444490872,-0.102564102564103,0.809036692029818
"TGI_percent_Day_24_control_median",175,8,-0.955795267621957,0.00020885046830357,-0.925925925925926,0.000960491276443552
"TGI_percent_Day_24_control_median",176,8,-0.961321528494486,0.000140495866077377,-0.848101265822785,0.00779410868380387
"TGI_percent_Day_24_control_median",177,8,-0.153833989437333,0.716079544851858,0.139240506329114,0.742278902896378
"TGI_percent_Day_24_control_median",178,8,-0.107164756765374,0.800599169151283,-0.243243243243243,0.561589642194777
"TGI_percent_Day_24_control_median",179,8,-0.498408778144236,0.208713051142658,-0.240506329113924,0.566138469404116
"TGI_percent_Day_24_control_median",180,8,-0.588055685300246,0.125218821269374,-0.518072289156627,0.188431668335035
"TGI_percent_Day_24_control_median",181,8,0.000626574886033546,0.998825172396176,-0.0617283950617284,0.88455293510991
"TGI_percent_Day_24_control_median",182,8,-0.625186811981896,0.0974079747878124,-0.468354430379747,0.241804882823014
"TGI_percent_Day_24_control_median",183,8,-0.990614611331464,2.0522711866603e-06,-0.974683544303797,3.97984255471571e-05
"TGI_percent_Day_24_control_median",184,8,-0.439064929895484,0.276436913839018,-0.365853658536585,0.372777854160779
"TGI_percent_Day_24_control_median",185,8,-0.54048255431422,0.166657594714861,-0.432432432432432,0.284598569995075
"TGI_percent_Day_24_control_median",186,8,1,0,1,2.73691106313438e-47
"TGI_percent_Day_24_control_median",187,8,-0.937793412956578,0.000574068337777189,-0.848101265822785,0.00779410868380387
"TGI_percent_Day_24_control_median",188,8,0.768422697626729,0.0259049104994498,0.772151898734177,0.0247485870017686
"TGI_percent_Day_24_control_median",189,8,0.134565041643272,0.750719838676737,0.0410958904109589,0.923031918656945
"TGI_percent_Day_24_control_median",190,8,-0.949713343185336,0.000306036463509922,-1,0
"TGI_percent_Day_24_control_median",191,8,0.0548080953114488,0.897440435247094,0.367088607594937,0.371042516598345
"TGI_percent_Day_24_control_median",192,8,-0.216977481480185,0.605755792282815,0.268292682926829,0.520569891636616
"TGI_percent_Day_24_control_median",193,8,-0.548475012563729,0.159240023444297,-0.615384615384616,0.104365016307875
"TGI_percent_Day_24_control_median",194,8,-0.281010007046063,0.500187138059553,-0.0731707317073171,0.863293782609012
"TGI_percent_Day_24_control_median",195,8,-0.180906797747738,0.66812782439771,0.132530120481928,0.75440042927224
"TGI_percent_Day_24_control_median",196,8,-0.0911827942402853,0.829977548687691,0.292682926829268,0.481754330094079
"TGI_percent_Day_24_control_median",197,8,-0.449215966839968,0.264172241069445,-0.384615384615385,0.346809662449871
"TGI_percent_Day_24_control_median",198,8,-0.447202978513194,0.266582443915416,-0.594936708860759,0.119765536998206
"TGI_percent_Day_24_control_median",199,8,-0.979645258808246,2.07626641568574e-05,-1,0
"TGI_percent_Day_24_control_median",200,8,0.237080236070755,0.571850658038252,0.538461538461539,0.16856229446825
"TGI_percent_Day_24_control_median",201,8,-0.44658501885743,0.267324525320601,-0.121951219512195,0.773598436910597
"TGI_percent_Day_24_control_median",202,8,-0.878265369720724,0.00410831360124689,-0.924050632911392,0.00103380815542862
"TGI_percent_Day_24_control_median",203,8,-0.216869846488422,0.605939061542758,-0.121951219512195,0.773598436910597
"TGI_percent_Day_24_control_median",204,8,0.16897823761373,0.689145321533658,0.538461538461539,0.16856229446825
"TGI_percent_Day_24_control_median",205,8,-0.561047270618433,0.147943983907111,-0.620253164556962,0.100875222859378
"TGI_percent_Day_24_control_median",206,8,0.810788960314249,0.0146225318317513,0.79746835443038,0.0177421304392543
"TGI_percent_Day_24_control_median",207,8,0.546622066436893,0.16094334468474,0.0886075949367088,0.834728317893272
"TGI_percent_Day_24_control_median",208,8,-0.0801303719875216,0.850397447707668,-0.0886075949367088,0.834728317893272
"TGI_percent_Day_24_control_median",209,8,-0.662490211712553,0.0734288403229404,-0.4,0.32616
"TGI_percent_Day_24_control_median",210,8,-0.0672891226478299,0.874213219520743,0.0617283950617284,0.88455293510991
"TGI_percent_Day_24_control_median",211,8,0.887422411263579,0.00327255306788103,0.822784810126582,0.0121299609627337
"TGI_percent_Day_24_control_median",212,8,-0.296095639988519,0.476416552617366,0.0769230769230769,0.856337178454751
"TGI_percent_Day_24_control_median",213,8,0.693273272224862,0.056565044111194,0.0886075949367088,0.834728317893272
"TGI_percent_Day_24_control_median",214,8,-0.468931303566979,0.241146183764306,-0.421686746987952,0.298067492674002
"TGI_percent_Day_24_control_median",215,8,0.692598810052662,0.0569067856053832,0.390243902439024,0.339186635335989
"TGI_percent_Day_24_control_median",216,8,-0.681735517818278,0.0625811392850704,-0.670886075949367,0.0685705618098423
"TGI_percent_Day_24_control_median",217,8,-0.259056852757605,0.535562650645504,-0.146341463414634,0.729502115730516
"TGI_percent_Day_24_control_median",218,8,-0.61493216726213,0.104692782644019,-0.414634146341463,0.307070866237017
"TGI_percent_Day_24_control_median",219,8,-0.858743444140056,0.00632095627946381,-1,2.18952885050751e-46
"TGI_percent_Day_24_control_median",220,8,0.133003865519069,0.753543196632125,0.365853658536585,0.37277785416078
"TGI_percent_Day_24_control_median",221,8,-0.955881738851343,0.000207640910621944,-0.853658536585366,0.00700028132287885
"TGI_percent_Day_24_control_median",222,8,-0.216977481480185,0.605755792282815,0.268292682926829,0.520569891636616
"TGI_percent_Day_24_control_median",223,8,0.0541308939514414,0.89870266435479,0.421686746987952,0.298067492674002
"TGI_percent_Day_24_control_median",224,8,0.759382413439529,0.028844865677989,0.62962962962963,0.0943451651056068
"TGI_percent_Day_24_control_median",225,8,-0.472027925848643,0.237625941874819,-0.333333333333333,0.419753086419753
"TGI_percent_Day_24_control_median",226,8,-0.744024203924121,0.0342932478400807,-0.728395061728395,0.0404409294591197
"TGI_percent_Day_24_control_median",227,8,-0.804765034371561,0.0159864934485942,-0.62962962962963,0.094345165105607
"TGI_percent_Day_24_control_median",228,8,-0.350283022207314,0.394965655331423,0.0617283950617284,0.88455293510991
"TGI_percent_Day_24_control_median",229,8,-0.82639264514365,0.011437010039001,-0.634146341463415,0.0912890821441658
"TGI_percent_Day_24_control_median",230,8,-0.799476061225651,0.0172476137602417,-1,0
"TGI_percent_Day_24_control_median",231,8,-0.111583716222426,0.792510695913921,-0.1,0.813746249999999
"TGI_percent_Day_24_control_median",232,8,-0.125247237218413,0.767605793976457,0.125,0.768054962158203
"TGI_percent_Day_24_control_median",233,8,0.692598810052662,0.0569067856053832,0.390243902439024,0.339186635335989
"TGI_percent_Day_24_control_median",234,8,-0.374697095805492,0.360431607376257,-0.555555555555556,0.152822232383275
"TGI_percent_Day_24_control_median",235,8,-0.0211878388638622,0.960284690204365,0.121951219512195,0.773598436910598
"TGI_percent_Day_24_control_median",236,8,-0.161787131961152,0.701901048444104,-0.048780487804878,0.908681575447135
"TGI_percent_Day_24_control_median",237,8,-0.0620543209704864,0.883946496845933,0.185185185185185,0.660634430204335
"TGI_percent_Day_24_control_median",238,8,-0.877440121725724,0.00418972354675752,-0.634146341463415,0.0912890821441658
"TGI_percent_Day_24_control_median",239,8,-0.363295510630305,0.376384057934569,-0.390243902439024,0.339186635335989
"TGI_percent_Day_24_control_median",240,8,-0.868294265127655,0.00516222929774566,-0.75609756097561,0.0299617108971145
"TGI_percent_Day_24_control_median",241,8,-0.581017842485813,0.130937699920977,-0.560975609756098,0.148007079914522
"TGI_percent_Day_24_control_median",242,8,-0.464466203046184,0.246268409791288,-0.468354430379747,0.241804882823014
"TGI_percent_Day_24_control_median",243,8,-0.646680431425704,0.0831116819894849,-0.45679012345679,0.255201343606103
"TGI_percent_Day_24_control_median",244,8,-0.823955434973527,0.0119022950544185,-0.620253164556962,0.100875222859378
"TGI_percent_Day_24_control_median",245,8,-0.074599322928279,0.860644340174988,0.121951219512195,0.773598436910598
"TGI_percent_Day_24_control_median",246,8,-0.719754705467782,0.0441073419133066,-0.746835443037975,0.0332525591774179
"TGI_percent_Day_24_control_median",247,8,-0.669968742107651,0.0690918599134588,-0.493670886075949,0.213762737730047
"TGI_percent_Day_24_control_median",248,8,-0.678069475209815,0.0645687567611317,-0.634146341463415,0.0912890821441658
"TGI_percent_Day_24_control_median",249,8,-0.190883600468153,0.650692140699872,0.0617283950617284,0.88455293510991
"TGI_percent_Day_24_control_median",250,8,0.10153002001663,0.810935424764356,0.259259259259259,0.535232404809648
"TGI_percent_Day_24_control_median",251,8,0.710739093926857,0.0481400785348846,0.382716049382716,0.34939965019076
"TGI_percent_Day_24_control_median",252,8,-0.610553720170605,0.107895000008625,-0.325,0.432175440673828
"TGI_percent_Day_24_control_median",253,8,0.00127279846759453,0.997613505450701,0.615384615384616,0.104365016307875
"TGI_percent_Day_24_control_median",254,8,-0.8180454582995,0.0130797257636638,-0.731707317073171,0.0390863390212493
"TGI_percent_Day_24_control_median",255,8,-0.190883600468152,0.650692140699872,0.0617283950617284,0.88455293510991
"TGI_percent_Day_24_control_median",256,8,-0.505321219984095,0.201458890635997,0.150684931506849,0.72171342613154
"TGI_percent_Day_24_control_median",257,8,-0.513806441004388,0.19273861372368,-0.594936708860759,0.119765536998206
"TGI_percent_Day_24_control_median",258,8,-0.306523192769435,0.460254085046179,-0.0886075949367088,0.834728317893272
"TGI_percent_Day_24_control_median",259,8,-0.169413814331137,0.688374706090562,0.132530120481928,0.75440042927224
"TGI_percent_Day_24_control_median",260,8,4.78081979064506e-05,0.999910359629062,0.0617283950617284,0.88455293510991
"TGI_percent_Day_24_control_median",261,8,0.192823214595513,0.647318162076128,0.594936708860759,0.119765536998206
"TGI_percent_Day_24_control_median",262,8,-0.158726834170874,0.707348150166769,0.0632911392405063,0.881645645130731
"TGI_percent_Day_24_control_median",263,8,-0.957767322925596,0.000182400987029406,-0.804878048780488,0.0159601987985089
"TGI_percent_Day_24_control_median",264,8,-0.505080256839225,0.201709500882695,-0.325,0.432175440673828
"TGI_percent_Day_24_control_median",265,8,-0.248686681383283,0.55258083509147,0,1
"TGI_percent_Day_24_control_median",266,8,0.879838557178656,0.00395595690563444,0.615384615384616,0.104365016307875
"TGI_percent_Day_24_control_median",267,8,-0.68406835118671,0.0613355055911029,-0.609756097560976,0.108484275261192
"TGI_percent_Day_24_control_median",268,8,-0.366041010920469,0.372514355101805,-0.209876543209877,0.617884622686196
"TGI_percent_Day_24_control_median",269,8,0.280381817109276,0.501186699110172,0.259259259259259,0.535232404809648
"TGI_percent_Day_24_control_median",270,8,-0.926982175140074,0.000920734713256385,-0.802469135802469,0.016526566994929
"TGI_percent_Day_24_control_median",271,8,-0.306523192769435,0.460254085046179,-0.0886075949367088,0.834728317893272
"TGI_percent_Day_24_control_median",272,8,-0.773938270071344,0.0242062204611551,-0.518987341772152,0.187514534406167
"TGI_percent_Day_24_control_median",273,8,-0.130998758742524,0.757172894605725,0.036144578313253,0.932287918005115
"TGI_percent_Day_24_control_median",274,8,-0.151932289179823,0.71948049533984,0.307692307692308,0.458455990282607
"TGI_percent_Day_24_control_median",275,8,-0.432784300368764,0.284162655027124,-0.253012048192771,0.54545933813052
"TGI_percent_Day_24_control_median",276,8,-0.956762810338313,0.00019557870674951,-0.753086419753086,0.0310085131644479
"TGI_percent_Day_24_control_median",277,8,0.748684713019746,0.0325786618534215,0.609756097560976,0.108484275261192
"TGI_percent_Day_24_control_median",278,8,-0.748910697333169,0.0324968896061046,-0.69620253164557,0.0550950655487158
"TGI_percent_Day_24_control_median",279,8,-0.710567751628423,0.0482187879390699,-0.62962962962963,0.094345165105607
"TGI_percent_Day_24_control_median",280,8,-0.963721227968475,0.000116146300657674,-0.853658536585366,0.00700028132287885
"TGI_percent_Day_24_control_median",281,8,0.10478730312431,0.804957324230014,0.365853658536585,0.37277785416078
"TGI_percent_Day_24_control_median",282,8,-0.877440121725724,0.0041897235467575,-0.634146341463415,0.0912890821441658
"TGI_percent_Day_24_control_median",283,8,0.0807735334116526,0.849207080372403,0.139240506329114,0.742278902896378
"TGI_percent_Day_24_control_median",284,8,-0.82639264514365,0.011437010039001,-0.634146341463415,0.0912890821441658
"TGI_percent_Day_24_control_median",285,8,-0.404134039792824,0.32071224481744,-0.121951219512195,0.773598436910597
"TGI_percent_Day_24_control_median",286,8,-0.0133760404376875,0.974922915544422,0.283950617283951,0.495518316964043
"TGI_percent_Day_24_control_median",287,8,-0.918327717755687,0.00127989613551443,-0.918918918918919,0.00125287413292553
"TGI_percent_Day_24_control_median",288,8,-0.815725773779156,0.0135611565022062,-0.731707317073171,0.0390863390212493
"TGI_percent_Day_24_control_median",289,8,-0.706119979376653,0.050289117787463,-0.316455696202532,0.445069441835733
"TGI_percent_Day_24_control_median",290,8,-0.943487558833488,0.000432295443598597,-0.924050632911392,0.00103380815542862
"TGI_percent_Day_24_control_median",291,8,-0.191033624313634,0.650430986881126,0.175,0.678512669677734
"TGI_percent_Day_24_control_median",292,8,-0.117087116590712,0.782459895659836,-0.121951219512195,0.773598436910597
"TGI_percent_Day_24_control_median",293,8,-0.215046380279418,0.6090465857745,0.3,0.47033875
"TGI_percent_Day_24_control_median",294,8,-0.110641230859169,0.794234490422707,0.292682926829268,0.481754330094079
"TGI_percent_Day_24_control_median",295,8,-0.449693173100972,0.263602466666581,-0.301204819277108,0.468469529828103
"TGI_percent_Day_24_control_median",296,8,-0.962684309886984,0.000126293189634952,-1,0
"TGI_percent_Day_24_control_median",297,8,-0.197271163280248,0.63960076899442,-0.175,0.678512669677734
"TGI_percent_Day_24_control_median",298,8,0.0604669545819513,0.886900510108457,0.215189873417721,0.608801860963225
"TGI_percent_Day_24_control_median",299,8,0.723854826802634,0.0423434655167894,0.594936708860759,0.119765536998206
"TGI_percent_Day_24_control_median",300,8,-0.374081643949721,0.3612847529659,-0.259259259259259,0.535232404809648
"TGI_percent_Day_24_control_median",301,8,-0.97813250937169,2.571501443633e-05,-0.615384615384616,0.104365016307875
"TGI_percent_Day_24_control_median",302,8,0.125266207699611,0.76757133169074,0.670886075949367,0.0685705618098423
"TGI_percent_Day_24_control_median",303,8,-0.351591729035105,0.39307902342036,0.048780487804878,0.908681575447135
"TGI_percent_Day_24_control_median",304,8,-0.72913841851127,0.0401344810487082,-0.392405063291139,0.336280494675457
"TGI_percent_Day_24_control_median",305,8,-0.988189726943969,4.08192481943417e-06,-1,0
"TGI_percent_Day_24_control_median",306,8,0.0328441160863693,0.938461555667082,0.215189873417721,0.608801860963225
"TGI_percent_Day_24_control_median",307,8,-0.50678165350728,0.199943494891688,-0.341463414634146,0.407782409074504
"TGI_percent_Day_24_control_median",308,8,-0.660421746911834,0.074655877401619,-0.102564102564103,0.809036692029818
"TGI_percent_Day_24_control_median",309,8,-0.348339369003588,0.397774907612816,-0.487804878048781,0.220101844181823
"TGI_percent_Day_24_control_median",310,8,0.0755175036131734,0.858942095041237,0.2,0.63488
"TGI_percent_Day_24_control_median",311,8,-0.16241717306785,0.700780989468677,-0.0602409638554217,0.887321161362284
"TGI_percent_Day_24_control_median",312,8,-0.537411952334874,0.169556094818456,-0.90625,0.00191781297326088
"TGI_percent_Day_24_control_median",313,8,-0.82754947617344,0.0112202530806339,-0.62962962962963,0.094345165105607
"TGI_percent_Day_24_control_median",314,8,-0.618312580298898,0.102258101787132,-0.560975609756098,0.148007079914522
"TGI_percent_Day_24_control_median",315,8,-0.965421651350764,0.000100698083037822,-0.848101265822785,0.00779410868380387
"TGI_percent_Day_24_control_median",316,8,-0.777411374785826,0.023172967892872,-0.620253164556962,0.100875222859378
"TGI_percent_Day_24_control_median",317,8,-0.0251659700508344,0.952833725199856,0.265822784810127,0.52456393016539
"TGI_percent_Day_24_control_median",318,8,-0.960007991776432,0.000155146314400096,-1,0
"TGI_percent_Day_24_control_median",319,8,-0.756609050663829,0.0297860872304233,-0.620253164556962,0.100875222859378
"TGI_percent_Day_24_control_median",320,8,-0.307332070554059,0.459009729786085,-0.036144578313253,0.932287918005115
"TGI_percent_Day_24_control_median",321,8,-0.402838548449343,0.322414767489236,-0.0731707317073171,0.863293782609012
"TGI_percent_Day_24_control_median",322,8,0.128299132494731,0.762065952091283,0.538461538461539,0.16856229446825
"TGI_percent_Day_24_control_median",323,8,-0.137011786749211,0.746299814828864,-0.048780487804878,0.908681575447135
"TGI_percent_Day_24_control_median",324,8,-0.754790935799197,0.030413236744585,-0.746835443037975,0.0332525591774179
"TGI_percent_Day_24_control_median",325,8,0.114396151281495,0.787371173314863,0.536585365853659,0.170340970786708
"TGI_percent_Day_24_control_median",326,8,-0.911647014513296,0.00161202486024399,-0.875,0.00443649291992187
"TGI_percent_Day_24_control_median",327,8,-0.668221469883458,0.0700912398856232,-0.407407407407407,0.316429397723464
"TGI_percent_Day_24_control_median",328,8,-0.0911827942402854,0.829977548687691,0.292682926829268,0.481754330094079
"TGI_percent_Day_24_control_median",329,8,0.572784620571611,0.137809390306119,0.0886075949367088,0.834728317893272
"TGI_percent_Day_24_control_median",330,8,-0.597847188198744,0.117500034259018,-0.463414634146342,0.247482670349255
"TGI_percent_Day_24_control_median",331,8,0.748684713019746,0.0325786618534215,0.609756097560976,0.108484275261192
"TGI_percent_Day_24_control_median",332,8,-0.298883287097577,0.472073931558154,0.0379746835443038,0.928865891742792
"TGI_percent_Day_24_control_median",333,8,-0.505788689377554,0.200973173158863,-0.384615384615385,0.346809662449871
"TGI_percent_Day_24_control_median",334,8,0.173078408462882,0.681900691179267,0.578947368421053,0.132647361838117
"TGI_percent_Day_24_control_median",335,8,-0.439473054804617,0.275938503033112,-0.253012048192771,0.54545933813052
"TGI_percent_Day_24_control_median",336,8,-0.425959739420893,0.292675415290818,-0.333333333333333,0.419753086419753
"TGI_percent_Day_24_control_median",337,8,-0.773938270071344,0.0242062204611551,-0.518987341772152,0.187514534406167
"TGI_percent_Day_24_control_median",338,8,-0.579395449743876,0.132276316367148,-0.432098765432099,0.285012238128342
"TGI_percent_Day_24_control_median",339,8,-0.074900503708068,0.860085919324987,-0.225,0.592147037353515
"TGI_percent_Day_24_control_median",340,8,-0.235881636565023,0.573853699270398,0.0975609756097561,0.818230605541778
"TGI_percent_Day_24_control_median",341,8,0.303473801367527,0.464957414102719,0.259259259259259,0.535232404809648
"TGI_percent_Day_24_control_median",342,8,-0.989461002077854,2.90334635666353e-06,-1,0
"TGI_percent_Day_24_control_median",343,8,-0.576208899874878,0.134927617629352,-0.439024390243902,0.276486445900293
"TGI_percent_Day_24_control_median",344,8,-0.764980939654507,0.0270012237707062,-0.615384615384616,0.104365016307875
"TGI_percent_Day_24_control_median",345,8,0.657834539982109,0.0762074605347286,0.283950617283951,0.495518316964043
"TGI_percent_Day_24_control_median",346,8,-0.028882730149195,0.945874991336589,0.594936708860759,0.119765536998206
"TGI_percent_Day_24_control_median",347,8,-0.54312820958904,0.164181920527834,-0.4,0.32616
"TGI_percent_Day_24_control_median",348,8,0.225647553431549,0.591053033057192,0.0632911392405063,0.881645645130731
"TGI_percent_Day_24_control_median",349,8,0.821192942109279,0.0124439365248284,0.555555555555556,0.152822232383275
"TGI_percent_Day_24_control_median",350,8,-0.446960561047212,0.266873430615736,-0.439024390243902,0.276486445900293
"TGI_percent_Day_24_control_median",351,8,-0.602509739361806,0.113921588804626,-0.341463414634146,0.407782409074504
"TGI_percent_Day_24_control_median",352,8,-0.856414535427242,0.00662659136559579,-0.634146341463415,0.0912890821441658
"TGI_percent_Day_24_control_median",353,8,-0.214553079424033,0.609888142466741,0.0617283950617284,0.88455293510991
"TGI_percent_Day_24_control_median",354,8,-0.470918399337804,0.238884223015363,-0.132530120481928,0.75440042927224
"TGI_percent_Day_24_control_median",355,8,-0.33272417980974,0.42065594819368,-0.230769230769231,0.58242412326653
"TGI_percent_Day_24_control_median",356,8,-0.602418177021619,0.113991259110204,-0.609756097560976,0.108484275261192
"TGI_percent_Day_24_control_median",357,8,-0.934248673455849,0.000676062795615209,-0.62962962962963,0.094345165105607
"TGI_percent_Day_24_control_median",358,8,0.768422697626729,0.0259049104994498,0.772151898734177,0.0247485870017686
"TGI_percent_Day_24_control_median",359,8,-0.64894056581685,0.0816844217659542,-0.675,0.0662613269042967
"TGI_percent_Day_24_control_median",360,8,-0.890139051002809,0.00304776509992693,-0.746835443037975,0.0332525591774179
"TGI_percent_Day_24_control_median",361,8,-0.278752521901916,0.503782755056645,-0.113924050632911,0.788233439851227
"TGI_percent_Day_24_control_median",362,8,0.572784620571611,0.137809390306119,0.0886075949367088,0.834728317893272
"TGI_percent_Day_24_control_median",363,8,-0.374136829669325,0.361208216644537,0.0379746835443038,0.928865891742792
"TGI_percent_Day_24_control_median",364,8,-0.848189498313243,0.00778107827359187,-0.79746835443038,0.0177421304392542
"TGI_percent_Day_24_control_median",365,8,0.206771588449558,0.623212051098546,0.468354430379747,0.241804882823014
"TGI_percent_Day_24_control_median",366,8,-0.956762810338313,0.000195578706749509,-0.753086419753086,0.0310085131644479
"TGI_percent_Day_24_control_median",367,8,-0.964171743061693,0.000111911135345808,-0.8,0.0171199999999999
"TGI_percent_Day_24_control_median",368,8,0.702611628959399,0.051959211761729,0.6,0.11584
"TGI_percent_Day_24_control_median",369,8,0.656082809464778,0.0772686306425697,0.216216216216216,0.607052378046439
"TGI_percent_Day_24_control_median",370,8,-0.287608513011727,0.489734303324202,0.048780487804878,0.908681575447135
"TGI_percent_Day_24_control_median",371,8,-0.414520001340883,0.307217640817809,-0.121951219512195,0.773598436910597
"TGI_percent_Day_24_control_median",372,8,-0.380005233155667,0.353111498223284,-0.24390243902439,0.560495956966516
"TGI_percent_Day_24_control_median",373,8,-0.146675356913412,0.728902652970582,-0.292682926829268,0.48175433009408
"TGI_percent_Day_24_control_median",374,8,-0.676490049795899,0.0654364456587123,-0.62962962962963,0.094345165105607
"TGI_percent_Day_24_control_median",375,8,0.184365320568697,0.662068499134909,0.189873417721519,0.652451422291919
"TGI_percent_Day_24_control_median",376,8,-0.742117011834659,0.0350104706760546,-0.407407407407407,0.316429397723464
"TGI_percent_Day_24_control_median",377,8,-0.402717071138438,0.322574629800298,-0.139240506329114,0.742278902896378
"TGI_percent_Day_24_control_median",378,8,-0.588681246170548,0.124717413986163,-0.439024390243902,0.276486445900293
"TGI_percent_Day_24_control_median",379,8,-0.955881738851343,0.000207640910621944,-0.853658536585366,0.00700028132287885
"TGI_percent_Day_24_control_median",380,8,-0.582700742027345,0.12955718828506,-0.634146341463415,0.0912890821441658
"TGI_percent_Day_24_control_median",381,8,-0.95431384316702,0.000230299398046773,-0.925,0.000996251220703114
"TGI_percent_Day_24_control_median",382,8,-0.893486134341903,0.00278485681180362,-0.85,0.00751675781249998
"TGI_percent_Day_24_control_median",383,8,-0.956151522604707,0.0002038968714855,-0.853658536585366,0.00700028132287885
"TGI_percent_Day_24_control_median",384,8,-0.173705747083789,0.680794096190067,-0.407407407407407,0.316429397723464
"TGI_percent_Day_24_control_median",385,8,-0.811239103824624,0.0145236639711432,-0.7,0.0532237499999999
"TGI_percent_Day_24_control_median",386,8,-0.350329852751582,0.394898076250576,-0.0602409638554217,0.887321161362284
"TGI_percent_Day_24_control_median",387,8,-0.972318556597775,5.19332907388415e-05,-0.848101265822785,0.00779410868380387
"TGI_percent_Day_24_control_median",388,8,-0.219310708672743,0.601787453891429,0.342465753424658,0.406316873398979
"TGI_percent_Day_24_control_median",389,8,-0.755092716282128,0.030308582636156,-0.721518987341772,0.0433430021118049
"TGI_percent_Day_24_control_median",390,8,-0.602418177021619,0.113991259110204,-0.609756097560976,0.108484275261192
"TGI_percent_Day_24_control_median",391,8,0.0541308939514414,0.89870266435479,0.421686746987952,0.298067492674002
"TGI_percent_Day_24_control_median",392,8,-0.105324130755513,0.80397286788942,-0.121951219512195,0.773598436910597
"TGI_percent_Day_24_control_median",393,8,-0.169413814331137,0.688374706090562,0.132530120481928,0.75440042927224
"TGI_percent_Day_24_control_median",394,8,-0.633810454000516,0.0915143509866737,-0.487804878048781,0.220101844181823
"TGI_percent_Day_24_control_median",395,8,-0.756609050663829,0.0297860872304233,-0.620253164556962,0.100875222859378
"TGI_percent_Day_24_control_median",396,8,-0.96751888506131,8.3597339829091e-05,-0.79746835443038,0.0177421304392542
"TGI_percent_Day_24_control_median",397,8,-0.283075619845361,0.496905791795739,0.0617283950617284,0.88455293510991
"TGI_percent_Day_24_control_median",398,8,-0.152861383564816,0.717818421556166,-0.121951219512195,0.773598436910597
"TGI_percent_Day_24_control_median",399,8,0.908653973907706,0.00177734019018197,0.702702702702703,0.0519154430428595
"TGI_percent_Day_24_control_median",400,8,-0.252955797968121,0.545551739078653,-0.027027027027027,0.949348996625618
"TGI_percent_Day_24_control_median",401,8,-0.334492372554334,0.418037485209381,0.0886075949367088,0.834728317893272
"TGI_percent_Day_24_control_median",402,8,-0.449693173100972,0.263602466666581,-0.301204819277108,0.468469529828103
"TGI_percent_Day_24_control_median",403,8,0.800439927507769,0.0170133065367517,0.230769230769231,0.582424123266531
"TGI_percent_Day_24_control_median",404,8,-0.965421651350764,0.00010069808303782,-0.848101265822785,0.00779410868380387
"TGI_percent_Day_24_control_median",405,8,-0.940496292268702,0.000503484451790928,-0.804878048780488,0.0159601987985089
"TGI_percent_Day_24_control_median",406,8,-0.866320937754098,0.00538938832540388,-0.746835443037975,0.0332525591774179
"TGI_percent_Day_24_control_median",407,8,-0.649344330548177,0.0814309627990887,-0.424657534246575,0.294313618526343
"TGI_percent_Day_24_control_median",408,8,-0.448389978499015,0.265159901259352,-0.105263157894737,0.804084671089484
"TGI_percent_Day_24_control_median",409,8,-0.983034212295109,1.20536760588918e-05,-1,0
"TGI_percent_Day_24_control_median",410,8,-0.215560690215255,0.608169586805346,-0.121951219512195,0.773598436910597
"TGI_percent_Day_24_control_median",411,8,-0.947226474172187,0.000353051723404452,-0.620253164556962,0.100875222859378
"TGI_percent_Day_24_control_median",412,8,-0.422717417981071,0.296762536767022,-0.291139240506329,0.484176479990479
"TGI_percent_Day_24_control_median",413,8,-0.326960232239545,0.429239630285084,0.048780487804878,0.908681575447135
"TGI_percent_Day_24_control_median",414,8,-0.488865453323731,0.218948615709177,-0.414634146341463,0.307070866237017
"TGI_percent_Day_24_control_median",415,8,-0.73839172969839,0.0364376730871894,-0.615384615384616,0.104365016307875
"TGI_percent_Day_24_control_median",416,8,-0.937024278095195,0.000595275229227739,-0.620253164556962,0.100875222859378
"TGI_percent_Day_24_control_median",417,8,-0.476894198584926,0.232147296308332,-0.230769230769231,0.58242412326653
"TGI_percent_Day_24_control_median",418,8,-0.54312820958904,0.164181920527834,-0.4,0.32616
"TGI_percent_Day_24_control_median",419,8,0.73092404248892,0.0394041380758684,0.333333333333333,0.419753086419753
"TGI_percent_Day_24_control_median",420,8,-0.816232488828175,0.0134550551055759,-0.634146341463415,0.0912890821441658
"TGI_percent_Day_24_control_median",421,8,-0.601562760072146,0.11464331667164,-0.753424657534246,0.0308898246525729
"TGI_percent_Day_24_control_median",422,8,-0.46461523876109,0.24609656062587,-0.325,0.432175440673828
"TGI_percent_Day_24_control_median",423,8,-0.199684182437213,0.635425804527171,0.232876712328767,0.578885910188631
"TGI_percent_Day_24_control_median",424,8,-0.827058604075926,0.0113119080015398,-0.746835443037975,0.0332525591774179
"TGI_percent_Day_24_control_median",425,8,0.000494570981004859,0.999072679561831,0.468354430379747,0.241804882823014
"TGI_percent_Day_24_control_median",426,8,-0.245331893945557,0.558126889687371,-0.146341463414634,0.729502115730516
"TGI_percent_Day_24_control_median",427,8,-0.671413010246585,0.0682721711047472,-0.675,0.0662613269042967
"TGI_percent_Day_24_control_median",428,8,-0.0971361464434319,0.81901213425581,0.0975609756097561,0.818230605541778
"TGI_percent_Day_24_control_median",429,8,-0.136106163518283,0.747935117247518,0.0975609756097561,0.818230605541778
"TGI_percent_Day_24_control_median",430,8,-0.57565666836175,0.135390070240898,0.0632911392405063,0.881645645130731
"TGI_percent_Day_24_control_median",431,8,-0.606555972910538,0.110866874868173,-0.414634146341463,0.307070866237017
"TGI_percent_Day_24_control_median",432,8,-0.583313949847119,0.1290561953209,-0.487804878048781,0.220101844181823
"TGI_percent_Day_24_control_median",433,8,-0.579395449743876,0.132276316367148,-0.432098765432099,0.285012238128342
"TGI_percent_Day_24_control_median",434,8,-0.354318037986726,0.389161499484799,0.0617283950617284,0.88455293510991
"TGI_percent_Day_24_control_median",435,8,-0.00420420553062614,0.992117207518058,0.265822784810127,0.52456393016539
"TGI_percent_Day_24_control_median",436,8,-0.0383168104997448,0.928226269211524,0.234567901234568,0.576051906571553
"TGI_percent_Day_24_control_median",437,8,-0.304569105963694,0.463265815631259,0.0632911392405063,0.881645645130731
"TGI_percent_Day_24_control_median",438,8,0.520767555351393,0.185737095619547,0.538461538461539,0.16856229446825
"TGI_percent_Day_24_control_median",439,8,0.141783388299628,0.737697416695781,0.0632911392405063,0.881645645130731
"TGI_percent_Day_24_control_median",440,8,-0.562238086504866,0.146897660964638,-0.316455696202532,0.445069441835733
"TGI_percent_Day_24_control_median",441,8,0.0685451650164118,0.871879817311335,-0.135802469135802,0.74848368865351
"TGI_percent_Day_24_control_median",442,8,-0.435305534069994,0.28104876328079,-0.121951219512195,0.773598436910597
"TGI_percent_Day_24_control_median",443,8,0.254884753940864,0.542386302154109,-0.0123456790123457,0.976854203839832
"TGI_percent_Day_24_control_median",444,8,-0.622313159007179,0.0994190449940007,-0.670886075949367,0.0685705618098423
"TGI_percent_Day_24_control_median",445,8,-0.744024203924121,0.0342932478400807,-0.728395061728395,0.0404409294591197
"TGI_percent_Day_24_control_median",446,8,-0.817854179807566,0.0131190095597247,-0.731707317073171,0.0390863390212493
"TGI_percent_Day_24_control_median",447,8,-0.046819251107003,0.912342107033158,-0.263157894736842,0.528885961344841
"TGI_percent_Day_24_control_median",448,8,-0.405020875817064,0.319549226672554,-0.594936708860759,0.119765536998206
"TGI_percent_Day_24_control_median",449,8,-0.644683022868804,0.0843850302096041,-0.540540540540541,0.166603118711555
"TGI_percent_Day_24_control_median",450,8,-0.116664231781112,0.783231290454236,0.111111111111111,0.793374993649342
"TGI_percent_Day_24_control_median",451,8,-0.325005112237197,0.432167773241411,0.0886075949367088,0.834728317893272
"TGI_percent_Day_24_control_median",452,8,0.682001512538438,0.0624383578701162,0.540540540540541,0.166603118711555
"TGI_percent_Day_24_control_median",453,8,-0.808033622285884,0.0152369294829909,-0.536585365853659,0.170340970786708
"TGI_percent_Day_24_control_median",454,8,-0.725714652739741,0.0415577071095265,-0.615384615384616,0.104365016307875
"TGI_percent_Day_24_control_median",455,8,-0.111108179324667,0.793380355859453,0.048780487804878,0.908681575447135
"TGI_percent_Day_24_control_median",456,8,-0.846090486624314,0.00809484588888723,-0.79746835443038,0.0177421304392542
"TGI_percent_Day_24_control_median",457,8,-0.380005233155667,0.353111498223284,-0.24390243902439,0.560495956966516
"TGI_percent_Day_24_control_median",458,8,-0.164534229826916,0.697020839079176,-0.283950617283951,0.495518316964043
"TGI_percent_Day_24_control_median",459,8,-0.347852736109742,0.398479619529067,-0.268292682926829,0.520569891636616
"TGI_percent_Day_24_control_median",460,8,0.414050934090987,0.307821148120106,-0.333333333333333,0.419753086419753
"TGI_percent_Day_24_control_median",461,8,-0.717825384000518,0.0449524525051343,-0.392405063291139,0.336280494675457
"TGI_percent_Day_24_control_median",462,8,-0.312630403563074,0.450892820283338,0.105263157894737,0.804084671089484
"TGI_percent_Day_24_control_median",463,8,-0.708716297054886,0.049074234207459,-0.615384615384616,0.104365016307875
"TGI_percent_Day_24_control_median",464,8,-0.985858066342098,6.99598126858617e-06,-1,0
"TGI_percent_Day_24_control_median",465,8,-0.824801835273718,0.0117393796101998,-0.333333333333333,0.419753086419753
"TGI_percent_Day_24_control_median",466,8,-0.60055038098943,0.115417743587039,-0.447368421052632,0.266383944879123
"TGI_percent_Day_24_control_median",467,8,0.644558075590093,0.0844650586075768,0.439024390243902,0.276486445900293
"TGI_percent_Day_24_control_median",468,8,-0.137431215502533,0.74554272360708,-0.175,0.678512669677734
"TGI_percent_Day_24_control_median",469,8,-0.713768483480667,0.0467612402816073,-0.325,0.432175440673828
"TGI_percent_Day_24_control_median",470,8,-0.384158290688755,0.347432159686786,-0.268292682926829,0.520569891636616
"TGI_percent_Day_24_control_median",471,8,-0.0444017908138737,0.916856001224008,0.263157894736842,0.528885961344841
"TGI_percent_Day_24_control_median",472,8,0.755244824073663,0.0302559173881957,0.615384615384616,0.104365016307875
"TGI_percent_Day_24_control_median",473,8,-0.427220375110567,0.29109373167362,-0.132530120481928,0.75440042927224
"TGI_percent_Day_24_control_median",474,8,-0.562808419342644,0.146397980266662,-0.468354430379747,0.241804882823014
"TGI_percent_Day_24_control_median",475,8,-0.985858066342098,6.99598126858617e-06,-1,0
"TGI_percent_Day_24_control_median",476,8,-0.243476199227069,0.561203054843127,0.048780487804878,0.908681575447135
"TGI_percent_Day_24_control_median",477,8,0.736408476261914,0.0372117233094574,0.62962962962963,0.0943451651056068
"TGI_percent_Day_24_control_median",478,8,-0.551551413660991,0.156433850562539,-0.349397590361446,0.396244333445432
"TGI_percent_Day_24_control_median",479,8,-0.34337196865061,0.40499384207427,-0.121951219512195,0.773598436910597
"TGI_percent_Day_24_control_median",480,8,0.170687598968438,0.686122492107577,0.575,0.135941126708984
"TGI_percent_Day_24_control_median",481,8,0.628459975430977,0.0951460457261125,0.392405063291139,0.336280494675457
"TGI_percent_Day_24_control_median",482,8,-0.812320518532889,0.0142878673938757,-0.341463414634146,0.407782409074504
"TGI_percent_Day_24_control_median",483,8,-0.722998604032173,0.0427082146554019,-0.333333333333333,0.419753086419753
"TGI_percent_Day_24_control_median",484,8,-0.098727709971371,0.816084919934884,0.219512195121951,0.601445165632524
"TGI_percent_Day_24_control_median",485,8,-0.851938961765904,0.0072401122840095,-0.8,0.0171199999999999
"TGI_percent_Day_24_control_median",486,8,-0.047962952115298,0.910207289753778,0.605263157894737,0.111837768489366
"TGI_percent_Day_24_control_median",487,8,-0.134245564947743,0.751297410660425,-0.036144578313253,0.932287918005115
"TGI_percent_Day_24_control_median",488,8,-0.0336359430368127,0.936980159311836,0.367088607594937,0.371042516598345
"TGI_percent_Day_24_control_median",489,8,-0.870662162885405,0.00489787906701559,-0.804878048780488,0.0159601987985089
"TGI_percent_Day_24_control_median",490,8,-0.201721164395552,0.631907966462809,-0.407407407407407,0.316429397723464
"TGI_percent_Day_24_control_median",491,8,0.949998506546273,0.000300925057920652,0.8,0.01712
"TGI_percent_Day_24_control_median",492,8,0.114396151281495,0.787371173314863,0.536585365853659,0.170340970786708
"TGI_percent_Day_24_control_median",493,8,-0.00295290787270119,0.99446332992406,0.162162162162162,0.701234279866665
"TGI_percent_Day_24_control_median",494,8,-0.523975542771321,0.182556888773269,-0.24390243902439,0.560495956966516
"TGI_percent_Day_24_control_median",495,8,-0.439917148309809,0.275396669876892,-0.0731707317073171,0.863293782609012
"TGI_percent_Day_24_control_median",496,8,-0.777112890867729,0.0232606706671152,-0.736842105263158,0.0370416328264742
"TGI_percent_Day_24_control_median",497,8,-0.238499109038345,0.569482623577335,-0.259259259259259,0.535232404809648
"TGI_percent_Day_24_control_median",498,8,-0.66176092255212,0.0738601005314228,-0.594936708860759,0.119765536998206
"TGI_percent_Day_24_control_median",499,8,-0.0261045905638682,0.951076124351971,0.555555555555556,0.152822232383275
"TGI_percent_Day_24_control_median",500,8,-0.289722399180293,0.486403793236559,0.0886075949367088,0.834728317893272
"TGI_percent_Day_24_control_median",501,8,-0.110502105236456,0.794489011346319,0.405405405405405,0.319045565859473
"TGI_percent_Day_24_control_median",502,8,0.10153002001663,0.810935424764356,0.259259259259259,0.535232404809648
"TGI_percent_Day_24_control_median",503,8,-0.447184825543044,0.266604228438844,-0.228915662650602,0.585542062912906
"TGI_percent_Day_24_control_median",504,8,0.768422697626729,0.0259049104994498,0.772151898734177,0.0247485870017686
"TGI_percent_Day_24_control_median",505,8,-0.577769413463476,0.133625562895665,-0.487804878048781,0.220101844181823
"TGI_percent_Day_24_control_median",506,8,-0.868834000074872,0.00510118767642946,-0.746835443037975,0.0332525591774179
"TGI_percent_Day_24_control_median",507,8,-0.68124957994837,0.0628424824394859,-0.560975609756098,0.148007079914522
"TGI_percent_Day_24_control_median",508,8,0.760029625557832,0.0286278884987372,0.536585365853659,0.170340970786708
"TGI_percent_Day_24_control_median",509,8,-0.822747403116131,0.0121372809397754,-0.615384615384616,0.104365016307875
"TGI_percent_Day_24_control_median",510,8,0.0472341558157275,0.911567597795182,0.544303797468354,0.163088312636417
"TGI_percent_Day_24_control_median",511,8,-0.460406553002387,0.250972795085363,-0.341463414634146,0.407782409074504
"TGI_percent_Day_24_control_median",512,8,0.0348905071088319,0.934633372120299,0.0975609756097561,0.818230605541778
"TGI_percent_Day_24_control_median",513,8,0.684938487896654,0.060874695533994,0.0410958904109589,0.923031918656945
"TGI_percent_Day_24_control_median",514,8,-0.594116074343474,0.12040872756577,-0.566265060240964,0.143389618739712
"TGI_percent_Day_24_control_median",515,8,-0.674020703377326,0.0668067903473916,-0.392405063291139,0.336280494675457
"TGI_percent_Day_24_control_median",516,8,-0.153491507528194,0.716691731075555,0.170731707317073,0.68604453895394
"TGI_percent_Day_24_control_median",517,8,-0.0950402752606757,0.822869658445472,-0.121951219512195,0.773598436910597
"TGI_percent_Day_24_control_median",518,8,-0.957767322925597,0.000182400987029405,-0.804878048780488,0.0159601987985089
"TGI_percent_Day_24_control_median",519,8,0.727441334505962,0.0408361786358055,0.555555555555556,0.152822232383275
"TGI_percent_Day_24_control_median",520,8,-0.601510880018108,0.114682930967468,-0.414634146341463,0.307070866237017
"TGI_percent_Day_24_control_median",521,8,-0.180906797747738,0.66812782439771,0.132530120481928,0.75440042927224
"TGI_percent_Day_24_control_median",522,8,-0.377084289348363,0.35713112236257,-0.0886075949367088,0.834728317893272
"TGI_percent_Day_24_control_median",523,8,0.180467812235899,0.66889805470143,0.432098765432099,0.285012238128342
"TGI_percent_Day_24_control_median",524,8,-0.402838548449343,0.322414767489236,-0.0731707317073171,0.863293782609012
"TGI_percent_Day_24_control_median",525,8,-0.946353655890733,0.00037061305670065,-0.615384615384616,0.104365016307875
"TGI_percent_Day_24_control_median",526,8,0.937233455574426,0.000589457732494788,0.923076923076923,0.00107327636125646
"TGI_percent_Day_24_control_median",527,8,-0.378217487101033,0.355569221713093,-0.0731707317073171,0.863293782609012
"TGI_percent_Day_24_control_median",528,8,-0.807030968001041,0.0154644606672267,-0.625,0.0975379943847655
"TGI_percent_Day_24_control_median",529,8,-0.260759082916042,0.53278761566109,0,1
"TGI_percent_Day_24_control_median",530,8,0.589047485297439,0.1244243854586,0.0617283950617284,0.88455293510991
"TGI_percent_Day_24_control_median",531,8,-0.959074326075117,0.000166150198906644,-0.802469135802469,0.016526566994929
"TGI_percent_Day_24_control_median",532,8,-0.119877098970791,0.777374526055109,0.265822784810127,0.52456393016539
"TGI_percent_Day_24_control_median",533,8,-0.68406835118671,0.0613355055911028,-0.609756097560976,0.108484275261192
"TGI_percent_Day_24_control_median",534,8,-0.963163332889642,0.000121535894994443,-0.620253164556962,0.100875222859378
"TGI_percent_Day_24_control_median",535,8,-0.250719599621959,0.549229630924415,0.048780487804878,0.908681575447135
"TGI_percent_Day_24_control_median",536,8,-0.952372980592099,0.000260529241050623,-0.802469135802469,0.016526566994929
"TGI_percent_Day_24_control_median",537,8,-0.796172945288419,0.0180658564892657,-0.79746835443038,0.0177421304392542
"TGI_percent_Day_24_control_median",538,8,0.919609706874796,0.00122177495530548,0.917808219178082,0.00130395207243573
"TGI_percent_Day_24_control_median",539,8,-0.722998604032173,0.0427082146554019,-0.333333333333333,0.419753086419753
"TGI_percent_Day_24_control_median",540,8,-0.755092716282128,0.030308582636156,-0.721518987341772,0.0433430021118049
"TGI_percent_Day_24_control_median",541,8,-0.597847188198743,0.117500034259018,-0.463414634146342,0.247482670349255
"TGI_percent_Day_24_control_median",542,8,-0.643769070458191,0.0849714332923847,-0.615384615384616,0.104365016307875
"TGI_percent_Day_24_control_median",543,8,-0.285067812421973,0.493748970974252,-0.0410958904109589,0.923031918656945
"TGI_percent_Day_24_control_median",544,8,0.0846527966034552,0.842032663761079,0.439024390243902,0.276486445900293
"TGI_percent_Day_24_control_median",545,8,-0.970839437147237,6.06430083209781e-05,-0.848101265822785,0.00779410868380387
"TGI_percent_Day_24_control_median",546,8,-0.720083640470268,0.0439642239270947,-0.594594594594595,0.120033440693325
"TGI_percent_Day_24_control_median",547,8,-0.701013587444668,0.0527308108374594,-0.292682926829268,0.48175433009408
"TGI_percent_Day_24_control_median",548,8,0.000494570981004791,0.999072679561831,0.468354430379747,0.241804882823014
"TGI_percent_Day_24_control_median",549,8,0.271383821837492,0.515587313358658,0.721518987341772,0.043343002111805
"TGI_percent_Day_24_control_median",550,8,-0.41134327118831,0.311315912378772,-0.225,0.592147037353515
"TGI_percent_Day_24_control_median",551,8,-0.068727555361981,0.871541049944844,0.209876543209877,0.617884622686196
"TGI_percent_Day_24_control_median",552,8,-0.177232441156212,0.674582481649346,0.162162162162162,0.701234279866665
"TGI_percent_Day_24_control_median",553,8,-0.692232535246214,0.0570928875098766,-0.560975609756098,0.148007079914522
"TGI_percent_Day_24_control_median",554,8,-0.541677503408901,0.165536931926456,-0.835616438356164,0.00978082574112054
"TGI_percent_Day_24_control_median",555,8,-0.982963412718356,1.22045575480262e-05,-0.924050632911392,0.00103380815542862
"TGI_percent_Day_24_control_median",556,8,0.129127672313268,0.760563488214512,-0.111111111111111,0.793374993649342
"TGI_percent_Day_24_control_median",557,8,-0.463575621878373,0.247296579955246,-0.102564102564103,0.809036692029818
"TGI_percent_Day_24_control_median",558,8,-0.94624353354074,0.00037286868283421,-0.842105263157895,0.0087124949365918
"TGI_percent_Day_24_control_median",559,8,0.257119899743839,0.538726725569254,-0.205128205128205,0.626037544539464
"TGI_percent_Day_24_control_median",560,8,-0.902184672076448,0.00217141688505188,-0.851851851851852,0.0072523990851707
"TGI_percent_Day_24_control_median",561,8,-0.302118985313462,0.46705323340029,-0.0617283950617284,0.88455293510991
"TGI_percent_Day_24_control_median",562,8,-0.57608462474103,0.135031611999743,-0.373493975903614,0.362100237410523
"TGI_percent_Day_24_control_median",563,8,-0.175387346989436,0.67783029279907,-0.316455696202532,0.445069441835733
"TGI_percent_Day_24_control_median",564,8,-0.0906914150443247,0.830883709569038,-0.468354430379747,0.241804882823014
"TGI_percent_Day_24_control_median",565,8,0.0500525313245456,0.906308128960843,0.468354430379747,0.241804882823014
"TGI_percent_Day_24_control_median",566,8,0.0432563760806497,0.918995410074932,-0.307692307692308,0.458455990282607
"TGI_percent_Day_24_control_median",567,8,0.0851261976690252,0.841157783584153,0.185185185185185,0.660634430204335
"TGI_percent_Day_24_control_median",568,8,-0.463016821201188,0.24794281720965,-0.291139240506329,0.484176479990479
"TGI_percent_Day_24_control_median",569,8,-0.143291446380871,0.73498353820922,0.219512195121951,0.601445165632524
"TGI_percent_Day_24_control_median",570,8,-0.0574587930688329,0.892501654316628,0.075,0.859901453857422
"TGI_percent_Day_24_control_median",571,8,-0.960835521129229,0.000145804929001084,-1,2.18952885050751e-46
"TGI_percent_Day_24_control_median",572,8,-0.235467507127893,0.574546330706073,0.0886075949367088,0.834728317893272
"TGI_percent_Day_24_control_median",573,8,0.748684713019746,0.0325786618534215,0.609756097560976,0.108484275261192
"TGI_percent_Day_24_control_median",574,8,-0.872355441717663,0.00471428237888556,-0.634146341463415,0.0912890821441658
"TGI_percent_Day_24_control_median",575,8,-0.798859850856769,0.0173984618789897,-0.62962962962963,0.094345165105607
"TGI_percent_Day_24_control_median",576,8,-0.00283327183960163,0.99468764373054,0.108433734939759,0.798274813332511
"TGI_percent_Day_24_control_median",577,8,-0.963721227968475,0.000116146300657675,-0.853658536585366,0.00700028132287885
"TGI_percent_Day_24_control_median",578,8,-0.586504499945771,0.126467017755186,-0.463414634146342,0.247482670349255
"TGI_percent_Day_24_control_median",579,8,-0.182420595714847,0.665473705023227,0.162162162162162,0.701234279866665
"TGI_percent_Day_24_control_median",580,8,-0.519100712226778,0.187401071859291,-0.325,0.432175440673828
"TGI_percent_Day_24_control_median",581,8,0.60092846744301,0.115128178277475,-0.282051282051282,0.498531973667064
"TGI_percent_Day_24_control_median",582,8,0.672075089011014,0.0678983397240697,0.392405063291139,0.336280494675457
"TGI_percent_Day_24_control_median",583,8,0.719674346825301,0.0441423483386241,0.555555555555556,0.152822232383275
"TGI_percent_Day_24_control_median",584,8,-0.243476199227069,0.561203054843127,0.048780487804878,0.908681575447135
"TGI_percent_Day_24_control_median",585,8,-0.970959004182281,5.99055263933137e-05,-1,0
"TGI_percent_Day_24_control_median",586,8,-0.547200899830888,0.160410191652987,-0.341463414634146,0.407782409074504
"TGI_percent_Day_24_control_median",587,8,-0.44345255517035,0.271101903085608,-0.0886075949367088,0.834728317893272
"TGI_percent_Day_24_control_median",588,8,-0.153158063949757,0.717287887963017,0.333333333333333,0.419753086419753
"TGI_percent_Day_24_control_median",589,8,-0.348214218726899,0.397956090666568,-0.230769230769231,0.58242412326653
"TGI_percent_Day_24_control_median",590,8,-0.677659747293951,0.0647931901907537,-0.45679012345679,0.255201343606103
"TGI_percent_Day_24_control_median",591,8,-0.159202276727017,0.70650117980198,0.048780487804878,0.908681575447135
"TGI_percent_Day_24_control_median",592,8,-0.4579174559602,0.253879388264325,-0.45,0.2632364453125
"TGI_percent_Day_24_control_median",593,8,-0.347852736109742,0.398479619529067,-0.268292682926829,0.520569891636616
"TGI_percent_Day_24_control_median",594,8,-0.198258221899939,0.637891971070335,-0.407407407407407,0.316429397723464
"TGI_percent_Day_24_control_median",595,8,-0.443452555170349,0.271101903085608,-0.0886075949367088,0.834728317893272
"TGI_percent_Day_24_control_median",596,8,0.0505445152807103,0.905390320765358,0,1
"TGI_percent_Day_24_control_median",597,8,-0.195270528797191,0.643068514571016,0.075,0.859901453857422
"TGI_percent_Day_24_control_median",598,8,0.668784741171903,0.0697681436640144,0.538461538461539,0.16856229446825
"TGI_percent_Day_24_control_median",599,8,-0.456611460957298,0.255411166818854,-0.238095238095238,0.570156320815768
"TGI_percent_Day_24_control_median",600,8,-0.965410333911388,0.000100796124336136,-0.924050632911392,0.00103380815542862
"TGI_percent_Day_24_control_median",601,8,-0.180906797747738,0.66812782439771,0.132530120481928,0.75440042927224
"TGI_percent_Day_24_control_median",602,8,-0.195656216487285,0.64239955290826,0.048780487804878,0.908681575447135
"TGI_percent_Day_24_control_median",603,8,-0.866320937754098,0.0053893883254039,-0.746835443037975,0.0332525591774179
"TGI_percent_Day_24_control_median",604,8,-0.157659201128379,0.709251024597009,0.316455696202532,0.445069441835733
"TGI_percent_Day_24_control_median",605,8,-0.16241717306785,0.700780989468677,-0.0602409638554217,0.887321161362284
"TGI_percent_Day_24_control_median",606,8,-0.594016112433192,0.12048720758923,-0.292682926829268,0.48175433009408
"TGI_percent_Day_24_control_median",607,8,-0.16241717306785,0.700780989468677,-0.0602409638554217,0.887321161362284
"TGI_percent_Day_24_control_median",608,8,-0.361737100658153,0.37858852912592,-0.560975609756098,0.148007079914522
"TGI_percent_Day_24_control_median",609,8,-0.0768899250781974,0.856398605037537,-0.0886075949367088,0.834728317893272
"TGI_percent_Day_24_control_median",610,8,-0.347852736109742,0.398479619529067,-0.268292682926829,0.520569891636616
"TGI_percent_Day_24_control_median",611,8,-0.459324996243276,0.252233692592547,-0.132530120481928,0.75440042927224
"TGI_percent_Day_24_control_median",612,8,-0.583835651385372,0.128630817776899,-0.301204819277108,0.468469529828103
"TGI_percent_Day_24_control_median",613,8,0.975524701534523,3.59846727067149e-05,0.96875,7.45169818401346e-05
"TGI_percent_Day_24_control_median",614,8,-0.926099141839341,0.000953896140456092,-0.753086419753086,0.0310085131644479
"TGI_percent_Day_24_control_median",615,8,-0.614436782462277,0.105052326862829,-0.62962962962963,0.094345165105607
"TGI_percent_Day_24_control_median",616,8,-0.907913244059213,0.00181988462748317,-0.924050632911392,0.00103380815542862
"TGI_percent_Day_24_control_median",617,8,-0.414345289319098,0.307442361123191,-0.746835443037975,0.0332525591774179
"TGI_percent_Day_24_control_median",618,8,-0.638872259748524,0.0881535444490872,-0.102564102564103,0.809036692029818
"TGI_percent_Day_24_control_median",619,8,-0.14719999302472,0.727960978937996,-0.048780487804878,0.908681575447135
"TGI_percent_Day_24_control_median",620,8,-0.4579174559602,0.253879388264325,-0.45,0.2632364453125
"TGI_percent_Day_24_control_median",621,8,-0.508186725093534,0.198491230965183,-0.121951219512195,0.773598436910597
"TGI_percent_Day_24_control_median",622,8,-0.424755563609342,0.294190141218292,-0.253012048192771,0.54545933813052
"TGI_percent_Day_24_control_median",623,8,-0.567284167796974,0.142509255023948,-0.292682926829268,0.48175433009408
"TGI_percent_Day_24_control_median",624,8,-0.1134614669834,0.789078506421228,-0.036144578313253,0.932287918005115
"TGI_percent_Day_24_control_median",625,8,-0.433350220981345,0.283462243970987,0.0632911392405063,0.881645645130731
"TGI_percent_Day_24_control_median",626,8,-0.599682718823606,0.11608381690763,-0.113924050632911,0.788233439851227
"TGI_percent_Day_24_control_median",627,8,-0.966200700325501,9.40997314815468e-05,-0.924050632911392,0.00103380815542862
"TGI_percent_Day_24_control_median",628,8,-0.967323615696176,8.51015209746176e-05,-0.853658536585366,0.00700028132287885
"TGI_percent_Day_24_control_median",629,8,-0.986223402872255,6.4694551777787e-06,-0.828571428571429,0.0110309466293806
"TGI_percent_Day_24_control_median",630,8,0.560936381931562,0.148041625528653,0.216216216216216,0.607052378046439
"TGI_percent_Day_24_control_median",631,8,-0.879928083740726,0.00394739793335025,-0.79746835443038,0.0177421304392542
"TGI_percent_Day_24_control_median",632,8,-0.542542268433725,0.164728483067435,-0.392405063291139,0.336280494675457
"TGI_percent_Day_24_control_median",633,8,-0.925499398010853,0.000976858021118032,-0.615384615384616,0.104365016307875
"TGI_percent_Day_24_control_median",634,8,-0.596324983856806,0.118681865427261,-0.620253164556962,0.100875222859378
"TGI_percent_Day_24_control_median",635,8,-0.475046525186045,0.234219790493016,-0.414634146341463,0.307070866237017
"TGI_percent_Day_24_control_median",636,8,-0.414398721972929,0.307373625958433,0.0617283950617284,0.88455293510991
"TGI_percent_Day_24_control_median",637,8,-0.310064786026173,0.454815912877186,0.048780487804878,0.908681575447135
"TGI_percent_Day_24_control_median",638,8,0.265687946063978,0.524782302236718,0.518987341772152,0.187514534406167
"TGI_percent_Day_24_control_median",639,8,-0.886359970452726,0.00336329228532064,-0.848101265822785,0.00779410868380387
"TGI_percent_Day_24_control_median",640,8,-0.966442620328143,9.21105002787211e-05,-1,0
"TGI_percent_Day_24_control_median",641,8,-0.911647014513296,0.00161202486024397,-0.875,0.00443649291992187
"TGI_percent_Day_24_control_median",642,8,-0.418386554579345,0.302264504485401,-0.135802469135802,0.74848368865351
"TGI_percent_Day_24_control_median",643,8,-0.872890261971432,0.00465722743726449,-0.75609756097561,0.0299617108971145
"TGI_percent_Day_24_control_median",644,8,-0.321477450652799,0.437472136007558,-0.447368421052632,0.266383944879123
"TGI_percent_Day_24_control_median",645,8,-0.438604461387486,0.276999779329343,-0.215189873417721,0.608801860963226
"TGI_percent_Day_24_control_median",646,8,-0.181369268664237,0.667316660912953,-0.4,0.32616
"TGI_percent_Day_24_control_median",647,8,-0.777411374785826,0.023172967892872,-0.620253164556962,0.100875222859378
"TGI_percent_Day_24_control_median",648,8,-0.682485764723942,0.0621789165282424,-0.555555555555556,0.152822232383275
"TGI_percent_Day_24_control_median",649,8,-0.989142931853472,3.17347142156902e-06,-1,0
"TGI_percent_Day_24_control_median",650,8,0.586028564844555,0.126851381696905,0.316455696202532,0.445069441835733
"TGI_percent_Day_24_control_median",651,8,-0.333182025756078,0.419977271228336,-0.390243902439024,0.339186635335989
"TGI_percent_Day_24_control_median",652,8,-0.658119526992149,0.0760356325477798,-0.560975609756098,0.148007079914522
"TGI_percent_Day_24_control_median",653,8,-0.820362101151311,0.0126098258240773,-0.518987341772152,0.187514534406167
"TGI_percent_Day_24_control_median",654,8,-0.691536496312771,0.0574475402674638,-0.518987341772152,0.187514534406167
"TGI_percent_Day_24_control_median",655,8,-0.159993575584421,0.705092115353767,-0.232876712328767,0.578885910188631
"TGI_percent_Day_24_control_median",656,8,-0.57387172318657,0.136890849646233,-0.481481481481481,0.227042659068039
"TGI_percent_Day_24_control_median",657,8,-0.97962218494656,2.08329899482846e-05,-1,0
"TGI_percent_Day_24_control_median",658,8,-0.44627241514693,0.267700307839041,-0.746835443037975,0.0332525591774179
"TGI_percent_Day_24_control_median",659,8,-0.248159414624402,0.553451201474633,0.125,0.768054962158203
"TGI_percent_Day_24_control_median",660,8,-0.447345169662002,0.266411837612918,-0.407407407407407,0.316429397723464
"TGI_percent_Day_24_control_median",661,8,-0.61573901326808,0.104108690348291,-0.341463414634146,0.407782409074504
"TGI_percent_Day_24_control_median",662,8,-0.310472395415322,0.454191709507652,-0.259259259259259,0.535232404809648
"TGI_percent_Day_24_control_median",663,8,-0.972217524512395,5.2499991805607e-05,-0.925925925925926,0.000960491276443552
"TGI_percent_Day_24_control_median",664,8,-0.320821151448274,0.438461954266378,0.036144578313253,0.932287918005115
"TGI_percent_Day_24_control_median",665,8,-0.588055685300246,0.125218821269374,-0.518072289156627,0.188431668335035
"TGI_percent_Day_24_control_median",666,8,-0.169919095242926,0.687481064478942,0.2,0.63488
"TGI_percent_Day_24_control_median",667,8,0.150622004695122,0.721826118871201,-0.113924050632911,0.788233439851227
"TGI_percent_Day_24_control_median",668,8,-0.138041449057256,0.744441537412187,-0.132530120481928,0.75440042927224
"TGI_percent_Day_24_control_median",669,8,-0.333458016284802,0.419568388210865,-0.139240506329114,0.742278902896378
"TGI_percent_Day_24_control_median",670,8,-0.298456383685153,0.472737939739116,0.216216216216216,0.607052378046439
"TGI_percent_Day_24_control_median",671,8,-0.955646914536743,0.000210936427863879,-0.925925925925926,0.000960491276443552
"TGI_percent_Day_24_control_median",672,8,0.0104158694824924,0.980471657200842,0.365853658536585,0.37277785416078
"TGI_percent_Day_24_control_median",673,8,-0.0613286479336729,0.885296796648946,0.282051282051282,0.498531973667064
"TGI_percent_Day_24_control_median",674,8,-0.446111920142539,0.267893341473311,0.105263157894737,0.804084671089484
"TGI_percent_Day_24_control_median",675,8,-0.458089033817263,0.253678491536002,-0.1,0.813746249999999
"TGI_percent_Day_24_control_median",676,8,-0.298290328064043,0.472996324078052,-0.036144578313253,0.932287918005115
"TGI_percent_Day_24_control_median",677,8,-0.759994574632174,0.0286396134423275,-0.634146341463415,0.0912890821441658
"TGI_percent_Day_24_control_median",678,8,-0.309660449462597,0.455435449348509,-0.139240506329114,0.742278902896378
"TGI_percent_Day_24_control_median",679,8,-0.391706261910735,0.337218911612463,0.048780487804878,0.908681575447135
"TGI_percent_Day_24_control_median",680,8,0.534464272518985,0.172363988417919,0.777777777777778,0.0230655895950821
"TGI_percent_Day_24_control_median",681,8,-0.123814926085603,0.770208726349923,0.170731707317073,0.68604453895394
"TGI_percent_Day_24_control_median",682,8,-0.44896894988247,0.264467414773622,-0.0886075949367088,0.834728317893272
"TGI_percent_Day_24_control_median",683,8,-0.390303012281655,0.339106995246349,0.0410958904109589,0.923031918656945
"TGI_percent_Day_24_control_median",684,8,-0.446824074959195,0.267037331561542,-0.1,0.813746249999999
"TGI_percent_Day_24_control_median",685,8,-0.488865453323731,0.218948615709177,-0.414634146341463,0.307070866237017
"TGI_percent_Day_24_control_median",686,8,-0.860835355847119,0.00605424613986177,-1,0
"TGI_percent_Day_24_control_median",687,8,-0.972770287987917,4.94489820787291e-05,-1,0
"TGI_percent_Day_24_control_median",688,8,-0.146675356913412,0.728902652970582,-0.292682926829268,0.48175433009408
"TGI_percent_Day_24_control_median",689,8,0.910307345635335,0.00168472230110605,0.96875,7.45169818401346e-05
"TGI_percent_Day_24_control_median",690,8,-0.882171660146648,0.00373678634950047,-0.392405063291139,0.336280494675457
"TGI_percent_Day_24_control_median",691,8,-0.742117011834659,0.0350104706760546,-0.407407407407407,0.316429397723464
"TGI_percent_Day_24_control_median",692,8,-0.889973035538665,0.00306120642141264,-0.316455696202532,0.445069441835733
"TGI_percent_Day_24_control_median",693,8,-0.955795267621956,0.000208850468303572,-0.925925925925926,0.000960491276443552
"TGI_percent_Day_24_control_median",694,8,-0.534383190173741,0.172441577364906,-0.24390243902439,0.560495956966516
"TGI_percent_Day_24_control_median",695,8,-0.235094244765113,0.575170857106079,0.139240506329114,0.742278902896378
"TGI_percent_Day_24_control_median",696,8,0.946251748926352,0.000372700097233464,0.945945945945946,0.000379009233638051
"TGI_percent_Day_24_control_median",697,8,0.0167885027883077,0.968527471651461,0.316455696202532,0.445069441835733
"TGI_percent_Day_24_control_median",698,8,-0.497140736205981,0.210058369056698,-0.135802469135802,0.74848368865351
"TGI_percent_Day_24_control_median",699,8,-0.72913841851127,0.0401344810487081,-0.392405063291139,0.336280494675457
"TGI_percent_Day_24_control_median",700,8,-0.984649333732051,8.93939628705095e-06,-1,0
"TGI_percent_Day_24_control_median",701,8,-0.682808274073812,0.0620064857467011,-0.392405063291139,0.336280494675457
"TGI_percent_Day_24_control_median",702,8,-0.361737100658153,0.37858852912592,-0.560975609756098,0.148007079914522
"TGI_percent_Day_24_control_median",703,8,-0.764980939654507,0.0270012237707062,-0.615384615384616,0.104365016307875
"TGI_percent_Day_24_control_median",704,8,-0.551551413660991,0.156433850562539,-0.349397590361446,0.396244333445432
"TGI_percent_Day_24_control_median",705,8,-0.736175415666571,0.0373033374316501,-0.743589743589744,0.0344558337392387
"TGI_percent_Day_24_control_median",706,8,0.0390808263616076,0.926798027105311,0.0975609756097561,0.818230605541778
"TGI_percent_Day_24_control_median",707,8,-0.623266465017076,0.0987492760522885,-0.468354430379747,0.241804882823014
"TGI_percent_Day_24_control_median",708,8,-0.205670767600634,0.62510426726598,0.121951219512195,0.773598436910598
"TGI_percent_Day_24_control_median",709,8,0.871914994376863,0.00476160533758612,0.973684210526316,4.46660881693344e-05
"TGI_percent_Day_24_control_median",710,8,-0.576208899874878,0.134927617629352,-0.439024390243902,0.276486445900293
"TGI_percent_Day_24_control_median",711,8,-0.900103818413318,0.00230922970070925,-0.875,0.00443649291992187
"TGI_percent_Day_24_control_median",712,8,0.854829701572957,0.00683988036308053,0.728395061728395,0.0404409294591197
"TGI_percent_Day_24_control_median",713,8,-0.857177410438501,0.00652545805807467,-0.780821917808219,0.022185406502746
"TGI_percent_Day_24_control_median",714,8,-0.958800655275139,0.000169470391941898,-0.848101265822785,0.00779410868380387
"TGI_percent_Day_24_control_median",715,8,0.0209525300992194,0.96072550247363,0.139240506329114,0.742278902896378
"TGI_percent_Day_24_control_median",716,8,-0.710021713369004,0.0484701380554169,-0.384615384615385,0.346809662449871
"TGI_percent_Day_24_control_median",717,8,0.855575888961502,0.00673891951740961,0.772151898734177,0.0247485870017686
"TGI_percent_Day_24_control_median",718,8,-0.565396689058227,0.144142132156877,-0.45679012345679,0.255201343606103
"TGI_percent_Day_24_control_median",719,8,-0.47697502862123,0.232056846313427,-0.301204819277108,0.468469529828103
"TGI_percent_Day_24_control_median",720,8,-0.877435627949703,0.00419016967160252,-0.848101265822785,0.00779410868380387
"TGI_percent_Day_24_control_median",721,8,-0.539239814288456,0.167827423798863,-0.234567901234568,0.576051906571553
"TGI_percent_Day_24_control_median",722,8,-0.583313949847119,0.1290561953209,-0.487804878048781,0.220101844181823
"TGI_percent_Day_24_control_median",723,8,-0.232021147095553,0.580321422025534,0.307692307692308,0.458455990282607
"TGI_percent_Day_24_control_median",724,8,0.802585026414029,0.0164990355996596,0.555555555555556,0.152822232383275
"TGI_percent_Day_24_control_median",725,8,-0.955282557073265,0.000216117733221509,-0.924050632911392,0.00103380815542862
"TGI_percent_Day_24_control_median",726,8,-0.414520001340883,0.307217640817809,-0.121951219512195,0.773598436910597
"TGI_percent_Day_24_control_median",727,8,-0.623907087740014,0.0983006501142705,-0.493670886075949,0.213762737730047
"TGI_percent_Day_24_control_median",728,8,0.640698908014257,0.0869585863801233,0.2,0.63488
"TGI_percent_Day_24_control_median",729,8,-0.60451109661207,0.112404772144671,-0.518072289156627,0.188431668335035
"TGI_percent_Day_24_control_median",730,8,0.880395231352861,0.0039029309377183,0.772151898734177,0.0247485870017686
"TGI_percent_Day_24_control_median",731,8,0.745878063965651,0.0336047661679508,0.384615384615385,0.346809662449871
"TGI_percent_Day_24_control_median",732,8,-0.309546587233741,0.455609974393026,-0.0731707317073171,0.863293782609012
"TGI_percent_Day_24_control_median",733,8,-0.311565542378322,0.452519417051571,0.162162162162162,0.701234279866665
"TGI_percent_Day_24_control_median",734,8,-0.866485856941603,0.00537016297078364,-0.842105263157895,0.0087124949365918
"TGI_percent_Day_24_control_median",735,8,-0.611047545270068,0.107531083069116,-0.283950617283951,0.495518316964043
"TGI_percent_Day_24_control_median",736,8,-0.446960561047212,0.266873430615736,-0.439024390243902,0.276486445900293
"TGI_percent_Day_24_control_median",737,8,0.854258816406141,0.00691777123330058,0.772151898734177,0.0247485870017686
"TGI_percent_Day_24_control_median",738,8,-0.453207640563827,0.259425159140124,-0.228915662650602,0.585542062912906
"TGI_percent_Day_24_control_median",739,8,-0.666776708529813,0.0709239895050166,-0.384615384615385,0.346809662449871
"TGI_percent_Day_24_control_median",740,8,-0.809088238954483,0.0149998882009925,-0.634146341463415,0.0912890821441658
"TGI_percent_Day_24_control_median",741,8,-0.879102763574825,0.00402675392011303,-0.75609756097561,0.0299617108971145
"TGI_percent_Day_24_control_median",742,8,-0.40247877194741,0.322888336416014,-0.268292682926829,0.520569891636616
"TGI_percent_Day_24_control_median",743,8,-0.48783740003604,0.220066434412538,-0.743589743589744,0.0344558337392387
"TGI_percent_Day_24_control_median",744,8,-0.604617650222453,0.112324338949556,-0.342465753424658,0.406316873398979
"TGI_percent_Day_24_control_median",745,8,-0.915621202241624,0.00140845432034654,-0.746835443037975,0.0332525591774179
"TGI_percent_Day_24_control_median",746,8,-0.726978141356249,0.0410289805417276,-0.721518987341772,0.0433430021118049
"TGI_percent_Day_24_control_median",747,8,-0.258821569726345,0.535946631052533,-0.268292682926829,0.520569891636616
"TGI_percent_Day_24_control_median",748,8,0.0846527966034552,0.842032663761079,0.439024390243902,0.276486445900293
"TGI_percent_Day_24_control_median",749,8,-0.439231056064675,0.276233983588879,-0.538461538461539,0.16856229446825
"TGI_percent_Day_24_control_median",750,8,-0.981302538862564,1.61130504063584e-05,-1,0
"TGI_percent_Day_24_control_median",751,8,-0.608435309976794,0.109464078619335,-0.468354430379747,0.241804882823014
"TGI_percent_Day_24_control_median",752,8,0.186563061422274,0.658226346088563,0.810810810810811,0.0146177229257338
"TGI_percent_Day_24_control_median",753,8,-0.125663619173105,0.766849459919438,0.392405063291139,0.336280494675457
"TGI_percent_Day_24_control_median",754,8,-0.539239814288456,0.167827423798863,-0.234567901234568,0.576051906571553
"TGI_percent_Day_24_control_median",755,8,0.84602503060838,0.00810475779147607,0.923076923076923,0.00107327636125646
"TGI_percent_Day_24_control_median",756,8,0.807090001432687,0.0154510055635517,0.315068493150685,0.447177633966065
"TGI_percent_Day_24_control_median",757,8,-0.262820601921393,0.529433929485543,-0.146341463414634,0.729502115730516
"TGI_percent_Day_24_control_median",758,8,-0.924852794746829,0.00100201526711658,-0.918918918918919,0.00125287413292553
"TGI_percent_Day_24_control_median",759,8,-0.520050414435224,0.186452034131224,-0.55,0.1578455859375
"TGI_percent_Day_24_control_median",760,8,0.78195307948892,0.0218637493215001,0.555555555555556,0.152822232383275
"TGI_percent_Day_24_control_median",761,8,-0.27477425674233,0.510143025904007,0.0379746835443038,0.928865891742792
"TGI_percent_Day_24_control_median",762,8,-0.0710501976422575,0.86722853878435,0.317073170731707,0.444132360252344
"TGI_percent_Day_24_control_median",763,8,0.73092404248892,0.0394041380758684,0.333333333333333,0.419753086419753
"TGI_percent_Day_24_control_median",764,8,-0.869724086216012,0.00500153860909735,-0.734939759036145,0.0377913597475923
"TGI_percent_Day_24_control_median",765,8,0.0352280023545252,0.934002123213298,0.432098765432099,0.285012238128342
"TGI_percent_Day_24_control_median",766,8,-0.074599322928279,0.860644340174988,0.121951219512195,0.773598436910598
"TGI_percent_Day_24_control_median",767,8,-0.412327880096744,0.310042905560705,-0.170731707317073,0.68604453895394
"TGI_percent_Day_24_control_median",768,8,-0.460535772206785,0.250822361907118,-0.341463414634146,0.407782409074504
"TGI_percent_Day_24_control_median",769,8,-0.302589072379862,0.466325607989664,-0.0886075949367088,0.834728317893272
"TGI_percent_Day_24_control_median",770,8,0.910022386064247,0.00170045556994751,0.917808219178082,0.00130395207243573
"TGI_percent_Day_24_control_median",771,8,-0.915443397887067,0.00141718210643337,-0.851851851851852,0.0072523990851707
"TGI_percent_Day_24_control_median",772,8,-0.268654521795714,0.519985721497908,-0.0120481927710843,0.977411824587767
"TGI_percent_Day_24_control_median",773,8,-0.932822773724934,0.000720218377096342,-0.851851851851852,0.0072523990851707
"TGI_percent_Day_24_control_median",774,8,-0.0180484352348261,0.966166532223834,0.468354430379747,0.241804882823014
"TGI_percent_Day_24_control_median",775,8,-0.759994574632174,0.0286396134423275,-0.634146341463415,0.0912890821441658
"TGI_percent_Day_24_control_median",776,8,-0.802775368434536,0.0164538796804833,-0.721518987341772,0.0433430021118049
"TGI_percent_Day_24_control_median",777,8,-0.426685672488492,0.291764099827072,-0.407407407407407,0.316429397723464
"TGI_percent_Day_24_control_median",778,8,-0.794881503463481,0.0183922427719019,-0.743589743589744,0.0344558337392387
"TGI_percent_Day_24_control_median",779,8,-0.447345169662002,0.266411837612918,-0.407407407407407,0.316429397723464
"TGI_percent_Day_24_control_median",780,8,-0.428046261801227,0.290059771654668,-0.121951219512195,0.773598436910597
"TGI_percent_Day_24_control_median",781,8,-0.633810454000516,0.0915143509866739,-0.487804878048781,0.220101844181823
"TGI_percent_Day_24_control_median",782,8,-0.142288486972199,0.736788183640904,0.333333333333333,0.419753086419753
"TGI_percent_Day_24_control_median",783,8,-0.137634511305416,0.745175827842973,0.316455696202532,0.445069441835733
"TGI_percent_Day_24_control_median",784,8,-0.320821151448274,0.438461954266378,0.036144578313253,0.932287918005115
"TGI_percent_Day_24_control_median",785,8,-0.832339273739402,0.0103505029579243,-0.341463414634146,0.407782409074504
"TGI_percent_Day_24_control_median",786,8,-0.190007785979021,0.652217332620195,-0.259259259259259,0.535232404809648
"TGI_percent_Day_24_control_median",787,8,0.126581160884106,0.765183366152854,0.105263157894737,0.804084671089484
"TGI_percent_Day_24_control_median",788,8,0.831492160100224,0.0105010973243167,0.728395061728395,0.0404409294591197
"TGI_percent_Day_24_control_median",789,8,-0.542494703076436,0.164772895022321,0.037037037037037,0.930619036000443
"TGI_percent_Day_24_control_median",790,8,-0.565396689058227,0.144142132156877,-0.45679012345679,0.255201343606103
"TGI_percent_Day_24_control_median",791,8,0.520767555351392,0.185737095619547,0.538461538461539,0.16856229446825
"TGI_percent_Day_24_control_median",792,8,-0.657978135395594,0.0761208537566655,-0.407407407407407,0.316429397723464
"TGI_percent_Day_24_control_median",793,8,-0.141468045272959,0.738265203609643,0.24390243902439,0.560495956966516
"TGI_percent_Day_24_control_median",794,8,-0.127757270384897,0.763048909788827,-0.0886075949367088,0.834728317893272
"TGI_percent_Day_24_control_median",795,8,-0.308554526381816,0.457131729976612,-0.121951219512195,0.773598436910597
"TGI_percent_Day_24_control_median",796,8,-0.738637374216823,0.0363424899372405,-0.594936708860759,0.119765536998206
"TGI_percent_Day_24_control_median",797,8,-0.9898963799053,2.55902330670716e-06,-1,0
"TGI_percent_Day_24_control_median",798,8,-0.427220375110567,0.29109373167362,-0.132530120481928,0.75440042927224
"TGI_percent_Day_24_control_median",799,8,-0.571046847215655,0.139284795986459,-0.756756756756757,0.0297354894241181
"TGI_percent_Day_24_control_median",800,8,-0.754243379557287,0.0306036896552955,-0.392405063291139,0.336280494675457
"TGI_percent_Day_24_control_median",801,8,-0.458338988337992,0.253385968320926,-0.487804878048781,0.220101844181823
"TGI_percent_Day_24_control_median",802,8,0.655972159660663,0.077335949151456,0.268292682926829,0.520569891636616
"TGI_percent_Day_24_control_median",803,8,-0.264332867515417,0.526978726322173,0.0617283950617284,0.88455293510991
"TGI_percent_Day_24_control_median",804,8,-0.307332070554059,0.459009729786085,-0.036144578313253,0.932287918005115
"TGI_percent_Day_24_control_median",805,8,0.638337604506376,0.0885050952344805,0.234567901234568,0.576051906571553
"TGI_percent_Day_24_control_median",806,8,-0.00401460807823613,0.992472690732606,0.234567901234568,0.576051906571553
"TGI_percent_Day_24_control_median",807,8,-0.585505253776501,0.127274760854197,-0.487804878048781,0.220101844181823
"TGI_percent_Day_24_control_median",808,8,0.677547880314875,0.0648545468612013,0.493670886075949,0.213762737730047
"TGI_percent_Day_24_control_median",809,8,0.796131876098206,0.0180761797035743,0.432098765432099,0.285012238128342
"TGI_percent_Day_24_control_median",810,8,-0.857628545107004,0.00646611896342948,-0.75609756097561,0.0299617108971145
"TGI_percent_Day_24_control_median",811,8,-0.141468045272959,0.738265203609643,0.24390243902439,0.560495956966516
"TGI_percent_Day_24_control_median",812,8,-0.0341582390339399,0.936003103536595,0.594936708860759,0.119765536998206
"TGI_percent_Day_24_control_median",813,8,-0.667592900686049,0.0704528304723757,-0.560975609756098,0.148007079914522
"TGI_percent_Day_24_control_median",814,8,-0.680901640458782,0.0630300056229209,-0.753424657534246,0.0308898246525729
"TGI_percent_Day_24_control_median",815,8,-0.583835651385372,0.128630817776899,-0.301204819277108,0.468469529828103
"TGI_percent_Day_24_control_median",816,8,-0.408321418540417,0.315238384174281,-0.121951219512195,0.773598436910597
"TGI_percent_Day_24_control_median",817,8,-0.412327880096744,0.310042905560705,-0.170731707317073,0.68604453895394
"TGI_percent_Day_24_control_median",818,8,-0.130998758742524,0.757172894605725,0.036144578313253,0.932287918005115
"TGI_percent_Day_24_control_median",819,8,-0.503619477192155,0.203232270045744,-0.316455696202532,0.445069441835733
"TGI_percent_Day_24_control_median",820,8,0.929751839570104,0.000821633233727943,0.822784810126582,0.0121299609627337
"TGI_percent_Day_24_control_median",821,8,-0.60451109661207,0.112404772144671,-0.518072289156627,0.188431668335035
"TGI_percent_Day_24_control_median",822,8,-0.453005768620455,0.259664202919073,-0.225,0.592147037353515
"TGI_percent_Day_24_control_median",823,8,-0.233972513720365,0.577049084259992,0,1
"TGI_percent_Day_24_control_median",824,8,-0.616519845172987,0.103545207433239,-0.487804878048781,0.220101844181823
"TGI_percent_Day_24_control_median",825,8,-0.486759191368489,0.221241953626071,-0.0886075949367088,0.834728317893272
"TGI_percent_Day_24_control_median",826,8,-0.906942361131042,0.00187664284092375,-0.753086419753086,0.0310085131644479
"TGI_percent_Day_24_control_median",827,8,-0.268654521795714,0.519985721497908,-0.0120481927710843,0.977411824587767
"TGI_percent_Day_24_control_median",828,8,-0.842198898745782,0.00869765025434846,-0.525,0.181547481689453
"TGI_percent_Day_24_control_median",829,8,-0.553411689403152,0.154750194672176,-0.544303797468354,0.163088312636417
"TGI_percent_Day_24_control_median",830,8,-0.912229286981236,0.00158107546962261,-0.851851851851852,0.0072523990851707
"TGI_percent_Day_24_control_median",831,8,-0.79625087897769,0.0180462770953584,-0.615384615384616,0.104365016307875
"TGI_percent_Day_24_control_median",832,8,-0.504018474954211,0.2028157430535,-0.24390243902439,0.560495956966516
"TGI_percent_Day_24_control_median",833,8,-0.288746509906,0.487940242757905,-0.468354430379747,0.241804882823014
"TGI_percent_Day_24_control_median",834,8,-0.564995806600965,0.144490262986833,-0.424657534246575,0.294313618526343
"TGI_percent_Day_24_control_median",835,8,-0.624065213071361,0.098190095965061,-0.468354430379747,0.241804882823014
"TGI_percent_Day_24_control_median",836,8,-0.0950402752606757,0.822869658445472,-0.121951219512195,0.773598436910597
"TGI_percent_Day_24_control_median",837,8,-0.806565048479313,0.0155709128834328,-0.560975609756098,0.148007079914522
"TGI_percent_Day_24_control_median",838,8,-0.762698943328028,0.027743642781552,-0.848101265822785,0.00779410868380387
"TGI_percent_Day_24_control_median",839,8,-0.467052412580861,0.243294937094234,-0.228915662650602,0.585542062912906
"TGI_percent_Day_24_control_median",840,8,-0.8180454582995,0.0130797257636638,-0.731707317073171,0.0390863390212493
"TGI_percent_Day_24_control_median",841,8,-0.581017842485813,0.130937699920977,-0.560975609756098,0.148007079914522
"TGI_percent_Day_24_control_median",842,8,-0.952372980592098,0.000260529241050627,-0.802469135802469,0.016526566994929
"TGI_percent_Day_24_control_median",843,8,-0.928132039567563,0.000878694806405896,-0.615384615384616,0.104365016307875
"TGI_percent_Day_24_control_median",844,8,-0.780939781783297,0.0221517543571516,-0.69620253164557,0.0550950655487158
"TGI_percent_Day_24_control_median",845,8,-0.281657957731297,0.499156936730344,0.102564102564103,0.809036692029818
"TGI_percent_Day_24_control_median",846,8,0.648103902308787,0.0822110904202466,0.240506329113924,0.566138469404116
"TGI_percent_Day_24_control_median",847,8,-0.667319873492155,0.0706102336053762,-0.468354430379747,0.241804882823014
"TGI_percent_Day_24_control_median",848,8,-0.195656216487285,0.64239955290826,0.048780487804878,0.908681575447135
"TGI_percent_Day_24_control_median",849,8,-0.449693173100972,0.263602466666581,-0.301204819277108,0.468469529828103
"TGI_percent_Day_24_control_median",850,8,-0.618268362916509,0.102289737181866,-0.5,0.20703125
"TGI_percent_Day_24_control_median",851,8,-0.359348844127961,0.381977978638478,-0.048780487804878,0.908681575447135
"TGI_percent_Day_24_control_median",852,8,0.642228766078609,0.0859650561220741,0.439024390243902,0.276486445900293
"TGI_percent_Day_24_control_median",853,8,-0.915443397887067,0.00141718210643336,-0.851851851851852,0.0072523990851707
"TGI_percent_Day_24_control_median",854,8,-0.259910295912232,0.534170679504418,-0.230769230769231,0.58242412326653
"TGI_percent_Day_24_control_median",855,8,-0.59985231947759,0.115953450047266,-0.481481481481481,0.227042659068039
"TGI_percent_Day_24_control_median",856,8,0.0422023932476163,0.920964417752596,0.0617283950617284,0.88455293510991
"TGI_percent_Day_24_control_median",857,8,-0.720083640470268,0.0439642239270947,-0.594594594594595,0.120033440693325
"TGI_percent_Day_24_control_median",858,8,-0.920142217826304,0.0011981482510406,-0.96875,7.45169818401336e-05
"TGI_percent_Day_24_control_median",859,8,-0.117087116590712,0.782459895659836,-0.121951219512195,0.773598436910597
"TGI_percent_Day_24_control_median",860,8,-0.56787636635582,0.141999056496785,-0.341463414634146,0.407782409074504
"TGI_percent_Day_24_control_median",861,8,-0.0891681771088959,0.833693770225348,-0.027027027027027,0.949348996625618
"TGI_percent_Day_24_control_median",862,8,-0.0970441555882847,0.819181380617257,0.027027027027027,0.949348996625618
"TGI_percent_Day_24_control_median",863,8,-0.713186364429223,0.0470243201442314,-0.62962962962963,0.094345165105607
"TGI_percent_Day_24_control_median",864,8,0.095425741685554,0.822159959170524,0.414634146341463,0.307070866237017
"TGI_percent_Day_24_control_median",865,8,-0.569571607879776,0.140544145178248,-0.753424657534246,0.0308898246525729
"TGI_percent_Day_24_control_median",866,8,-0.354556082834515,0.388820263445203,0,1
"TGI_percent_Day_24_control_median",867,8,-0.636821844943537,0.0895061586025509,-0.4,0.32616
"TGI_percent_Day_24_control_median",868,8,-0.435954071306896,0.280250494318579,-0.225,0.592147037353515
"TGI_percent_Day_24_control_median",869,8,-0.335279371348068,0.416874281120004,-0.2,0.63488
"TGI_percent_Day_24_control_median",870,8,-0.424621931256434,0.294358470089743,-0.670886075949367,0.0685705618098423
"TGI_percent_Day_24_control_median",871,8,-0.379601488616456,0.353665870033232,-0.289473684210526,0.486795192697768
"TGI_percent_Day_24_control_median",872,8,-0.297916848791079,0.473577667165773,-0.135802469135802,0.74848368865351
"TGI_percent_Day_24_control_median",873,8,-0.804191769854487,0.0161202913697312,-0.634146341463415,0.0912890821441658
"TGI_percent_Day_24_control_median",874,8,-0.737795910701334,0.0366691744860291,-0.90625,0.00191781297326088
"TGI_percent_Day_24_control_median",875,8,-0.478630217248024,0.230208638087203,-0.349397590361446,0.396244333445432
"TGI_percent_Day_24_control_median",876,8,-0.487622723860618,0.220300227215865,-0.121951219512195,0.773598436910597
"TGI_percent_Day_24_control_median",877,8,-0.595777738392797,0.119108375674557,-0.421686746987952,0.298067492674002
"TGI_percent_Day_24_control_median",878,8,-0.61573901326808,0.104108690348291,-0.341463414634146,0.407782409074504
"TGI_percent_Day_24_control_median",879,8,-0.613078758014795,0.106041574699134,-0.620253164556962,0.100875222859378
"TGI_percent_Day_24_control_median",880,8,-0.833970769962058,0.010064339458116,-0.731707317073171,0.0390863390212493
"TGI_percent_Day_24_control_median",881,8,0.736408476261914,0.0372117233094575,0.62962962962963,0.0943451651056068
"TGI_percent_Day_24_control_median",882,8,-0.897576178512423,0.00248410509867854,-0.804878048780488,0.0159601987985089
"TGI_percent_Day_24_control_median",883,8,0.0390808263616076,0.926798027105311,0.0975609756097561,0.818230605541778
"TGI_percent_Day_24_control_median",884,8,-0.496615189024593,0.210617266913494,-0.736842105263158,0.0370416328264742
"TGI_percent_Day_24_control_median",885,8,-0.480338410630759,0.228309193754318,-0.121951219512195,0.773598436910597
"TGI_percent_Day_24_control_median",886,8,-0.916823602150845,0.00135035059136389,-0.842105263157895,0.0087124949365918
"TGI_percent_Day_24_control_median",887,8,-0.676420827068851,0.0654746314868299,-0.725,0.0418585852050781
"TGI_percent_Day_24_control_median",888,8,-0.711061784981577,0.0479920543926111,-0.102564102564103,0.809036692029818
"TGI_percent_Day_24_control_median",889,8,-0.794902493085506,0.0183869088366417,-0.615384615384616,0.104365016307875
"TGI_percent_Day_24_control_median",890,8,-0.632616837799232,0.0923174671653431,-0.34375,0.404442485421896
"TGI_percent_Day_24_control_median",891,8,-0.57387172318657,0.136890849646233,-0.481481481481481,0.227042659068039
"TGI_percent_Day_24_control_median",892,8,-0.498408778144236,0.208713051142658,-0.240506329113924,0.566138469404116
"TGI_percent_Day_24_control_median",893,8,-0.966060962220269,9.52615829152709e-05,-0.926829268292683,0.000926422142911447
"TGI_percent_Day_24_control_median",894,8,-0.884247543621501,0.00354849755167562,-0.634146341463415,0.0912890821441658
"TGI_percent_Day_24_control_median",895,8,-0.913016319723429,0.0015398608447956,-0.804878048780488,0.0159601987985089
"TGI_percent_Day_24_control_median",896,8,-0.404861969898287,0.319757472936165,-0.230769230769231,0.58242412326653
"TGI_percent_Day_24_control_median",897,8,-0.588681246170548,0.124717413986163,-0.439024390243902,0.276486445900293
"TGI_percent_Day_24_control_median",898,8,-0.804191769854487,0.0161202913697312,-0.634146341463415,0.0912890821441658
"TGI_percent_Day_24_control_median",899,8,-0.416972435606461,0.304071542969026,-0.139240506329114,0.742278902896378
"TGI_percent_Day_24_control_median",900,8,-0.650053037025381,0.080987190185622,-0.746835443037975,0.0332525591774179
"TGI_percent_Day_24_control_median",901,8,-0.61493216726213,0.104692782644019,-0.414634146341463,0.307070866237017
"TGI_percent_Day_24_control_median",902,8,0.664594287400935,0.0721929165016283,0.540540540540541,0.166603118711555
"TGI_percent_Day_24_control_median",903,8,-0.897576178512422,0.00248410509867856,-0.804878048780488,0.0159601987985089
"TGI_percent_Day_24_control_median",904,8,-0.998989219186195,2.57977415324431e-09,-1,0
"TGI_percent_Day_24_control_median",905,8,-0.34337196865061,0.40499384207427,-0.121951219512195,0.773598436910597
"TGI_percent_Day_24_control_median",906,8,-0.708040984366668,0.049388511624155,-0.275,0.509781307373047
"TGI_percent_Day_24_control_median",907,8,0.923214657444846,0.00106763474645691,0.923076923076923,0.00107327636125646
"TGI_percent_Day_24_control_median",908,8,-0.375308216108786,0.359585371601712,-0.232876712328767,0.578885910188631
"TGI_percent_Day_24_control_median",909,8,-0.973118732782609,4.75874031064005e-05,-0.842105263157895,0.0087124949365918
"TGI_percent_Day_24_control_median",910,8,-0.743406820088118,0.0345244290441482,-0.620253164556962,0.100875222859378
"TGI_percent_Day_24_control_median",911,8,-0.83760306015895,0.0094453925703736,-0.79746835443038,0.0177421304392542
"TGI_percent_Day_24_control_median",912,8,-0.237494912895312,0.57115823107512,-0.0731707317073171,0.863293782609012
"TGI_percent_Day_24_control_median",913,8,-0.704056686117307,0.0512673467221321,-0.4,0.32616
"TGI_percent_Day_24_control_median",914,8,-0.908658022965897,0.00177710942478912,-0.878048780487805,0.00412958042703296
"TGI_percent_Day_24_control_median",915,8,-0.866731822693755,0.00534157148413116,-0.924050632911392,0.00103380815542862
"TGI_percent_Day_24_control_median",916,8,-0.311775005578481,0.45219926859905,-0.62962962962963,0.094345165105607
"TGI_percent_Day_24_control_median",917,8,-0.447781086997597,0.265889145745048,-0.282051282051282,0.498531973667064
"TGI_percent_Day_24_control_median",918,8,-0.298576480587903,0.472551102697333,-0.048780487804878,0.908681575447135
"TGI_percent_Day_24_control_median",919,8,-0.737770321661817,0.0366791369716572,-0.620253164556962,0.100875222859378
"TGI_percent_Day_24_control_median",920,8,-0.872435201577826,0.00470574520838048,-0.804878048780488,0.0159601987985089
"TGI_percent_Day_24_control_median",921,8,0.920180662588623,0.00119645414989611,0.842105263157895,0.0087124949365918
"TGI_percent_Day_24_control_median",922,8,-0.135551992030977,0.748936201640384,0.230769230769231,0.582424123266531
"TGI_percent_Day_24_control_median",923,8,-0.990614611331464,2.0522711866603e-06,-0.974683544303797,3.97984255471571e-05
"TGI_percent_Day_24_control_median",924,8,-0.926119224570761,0.000953133417543812,-0.802469135802469,0.016526566994929
"TGI_percent_Day_24_control_median",925,8,-0.0240448781423475,0.954933227587257,0.367088607594937,0.371042516598345
"TGI_percent_Day_24_control_median",926,8,0.0541308939514414,0.89870266435479,0.421686746987952,0.298067492674002
"TGI_percent_Day_24_control_median",927,8,-0.995034278482847,3.04977811175984e-07,-1,0
"TGI_percent_Day_24_control_median",928,8,0.151947844922875,0.71945265946392,0.150684931506849,0.72171342613154
"TGI_percent_Day_24_control_median",929,8,-0.15302475084755,0.717526270619704,0.384615384615385,0.346809662449871
"TGI_percent_Day_24_control_median",930,8,-0.985858066342098,6.99598126858583e-06,-1,0
"TGI_percent_Day_24_control_median",931,8,0.361496873270743,0.378928856084806,0.230769230769231,0.582424123266531
"TGI_percent_Day_24_control_median",932,8,-0.393716116966226,0.334523168655908,-0.234567901234568,0.576051906571553
"TGI_percent_Day_24_control_median",933,8,-0.986105439480582,6.63647812486074e-06,-1,0
"TGI_percent_Day_24_control_median",934,8,-0.602418177021619,0.113991259110204,-0.609756097560976,0.108484275261192
"TGI_percent_Day_24_control_median",935,8,0.152416476475671,0.718614203656411,0.594936708860759,0.119765536998206
"TGI_percent_Day_24_control_median",936,8,-0.306820813745256,0.459796074530076,0.150684931506849,0.72171342613154
"TGI_percent_Day_24_control_median",937,8,-0.412494878076262,0.309827239574106,-0.439024390243902,0.276486445900293
"TGI_percent_Day_24_control_median",938,8,-0.700371866431346,0.053042580488092,-0.392405063291139,0.336280494675457
"TGI_percent_Day_24_control_median",939,8,-0.870662162885405,0.00489787906701559,-0.804878048780488,0.0159601987985089
"TGI_percent_Day_24_control_median",940,8,-0.282381907146271,0.498006868015169,0,1
"TGI_percent_Day_24_control_median",941,8,0.00690512829300785,0.987053295997247,0.0379746835443038,0.928865891742792
"TGI_percent_Day_24_control_median",942,8,-0.123003702181021,0.771683793220271,-0.121951219512195,0.773598436910597
"TGI_percent_Day_24_control_median",943,8,-0.131737441969907,0.755835255740568,0.204819277108434,0.626569134387071
"TGI_percent_Day_24_control_median",944,8,0.0436838375350882,0.918196946082499,-0.0731707317073171,0.863293782609012
"TGI_percent_Day_24_control_median",945,8,-0.456003445572483,0.256125874957994,-0.0617283950617284,0.88455293510991
"TGI_percent_Day_24_control_median",946,8,-0.927313553723055,0.000908487395223404,-0.975308641975309,3.69400528358034e-05
"TGI_percent_Day_24_control_median",947,8,-0.269341964446799,0.51887655537199,0.048780487804878,0.908681575447135
"TGI_percent_Day_24_control_median",948,8,-0.884135219992166,0.00355852531813711,-0.804878048780488,0.0159601987985089
"TGI_percent_Day_24_control_median",949,8,-0.402789679980897,0.322479073167533,-0.555555555555556,0.152822232383275
"TGI_percent_Day_24_control_median",950,8,-0.679885673570794,0.0635794627023024,-0.555555555555556,0.152822232383275
"TGI_percent_Day_24_control_median",951,8,0.0104158694824924,0.980471657200842,0.365853658536585,0.37277785416078
"TGI_percent_Day_24_control_median",952,8,-0.981170193059177,1.64559916109417e-05,-0.615384615384616,0.104365016307875
"TGI_percent_Day_24_control_median",953,8,-0.553922225815506,0.154289872463273,-0.113924050632911,0.788233439851227
"TGI_percent_Day_24_control_median",954,8,-0.597847188198744,0.117500034259018,-0.463414634146342,0.247482670349255
"TGI_percent_Day_24_control_median",955,8,0.0661250984287379,0.876376383712351,0.139240506329114,0.742278902896378
"TGI_percent_Day_24_control_median",956,8,-0.687616972750975,0.0594691654715316,-0.463414634146342,0.247482670349255
"TGI_percent_Day_24_control_median",957,8,-0.952372980592099,0.000260529241050623,-0.802469135802469,0.016526566994929
"TGI_percent_Day_24_control_median",958,8,-0.925352818739895,0.000982524343439648,-0.917808219178082,0.00130395207243574
"TGI_percent_Day_24_control_median",959,8,0.318575240322244,0.441856221376634,0,1
"TGI_percent_Day_24_control_median",960,8,0.0348905071088318,0.934633372120299,0.0975609756097561,0.818230605541778
"TGI_percent_Day_24_control_median",961,8,-0.811239103824625,0.0145236639711431,-0.7,0.0532237499999999
"TGI_percent_Day_24_control_median",962,8,-0.645375266207112,0.0839424493071289,-0.316455696202532,0.445069441835733
"TGI_percent_Day_24_control_median",963,8,-0.357008938759602,0.385311791291735,0.0379746835443038,0.928865891742792
"TGI_percent_Day_24_control_median",964,8,-0.267174204203068,0.52237716235095,0.150684931506849,0.72171342613154
"TGI_percent_Day_24_control_median",965,8,-0.727774990530422,0.0406976374381823,-0.447368421052632,0.266383944879123
"TGI_percent_Day_24_control_median",966,8,-0.0963304332534973,0.820494706141607,-0.139240506329114,0.742278902896378
"TGI_percent_Day_24_control_median",967,8,0.854337899024167,0.0069069476655766,0.743589743589744,0.0344558337392387
"TGI_percent_Day_24_control_median",968,8,0.0494553361437283,0.90742233298612,0.185185185185185,0.660634430204335
"TGI_percent_Day_24_control_median",969,8,-0.182909494352895,0.664617172712643,-0.219512195121951,0.601445165632524
"TGI_percent_Day_24_control_median",970,8,0.0153130598536385,0.971292500904147,-0.0617283950617284,0.88455293510991
"TGI_percent_Day_24_control_median",971,8,-0.21996662953675,0.600673399126804,0.405405405405405,0.319045565859473
"TGI_percent_Day_24_control_median",972,8,-0.363836986597366,0.375619449063037,-0.439024390243902,0.276486445900293
"TGI_percent_Day_24_control_median",973,8,-0.0921563039391053,0.828182767012152,0,1
"TGI_percent_Day_24_control_median",974,8,-0.984153921293836,9.82946033991547e-06,-1,0
"TGI_percent_Day_24_control_median",975,8,-0.652861653341618,0.0792424098859655,-0.45,0.2632364453125
"TGI_percent_Day_24_control_median",976,8,-0.995241426878703,2.68422546141388e-07,-1,0
"TGI_percent_Day_24_control_median",977,8,-0.27477425674233,0.510143025904007,0.0379746835443038,0.928865891742792
"TGI_percent_Day_24_control_median",978,8,-0.488216261857291,0.219654148935386,-0.578947368421053,0.132647361838117
"TGI_percent_Day_24_control_median",979,8,-0.461941064758282,0.249189297417711,0.2,0.63488
"TGI_percent_Day_24_control_median",980,8,-0.966009516120857,9.5691706760045e-05,-1,0
"TGI_percent_Day_24_control_median",981,8,-0.185870108035942,0.65943708615075,0.392405063291139,0.336280494675457
"TGI_percent_Day_24_control_median",982,8,-0.0581434587206986,0.891226469917528,0.162162162162162,0.701234279866665
"TGI_percent_Day_24_control_median",983,8,-0.621682398859268,0.0998636299311578,-0.481481481481481,0.227042659068039
"TGI_percent_Day_24_control_median",984,8,0.937423018910783,0.000584218035875746,0.96875,7.45169818401346e-05
"TGI_percent_Day_24_control_median",985,8,0.56917987869958,0.14087960309516,-0.0379746835443038,0.928865891742792
"TGI_percent_Day_24_control_median",986,8,-0.588681246170548,0.124717413986163,-0.439024390243902,0.276486445900293
"TGI_percent_Day_24_control_median",987,8,-0.590879876576177,0.122964097265962,-0.341463414634146,0.407782409074504
"TGI_percent_Day_24_control_median",988,8,-0.549047048871167,0.158716173521609,-0.407407407407407,0.316429397723464
"TGI_percent_Day_24_control_median",989,8,-0.4579174559602,0.253879388264325,-0.45,0.2632364453125
"TGI_percent_Day_24_control_median",990,8,-0.445541205414347,0.268580321557323,0.0632911392405063,0.881645645130731
"TGI_percent_Day_24_control_median",991,8,-0.0656154894534704,0.87732362671316,0.232876712328767,0.578885910188631
"TGI_percent_Day_24_control_median",992,8,-0.938778676609747,0.000547634252134968,-0.594594594594595,0.120033440693325
"TGI_percent_Day_24_control_median",993,8,-0.823880766966299,0.0119167353449316,-0.542168674698795,0.165077483817168
"TGI_percent_Day_24_control_median",994,8,-0.61573901326808,0.104108690348291,-0.341463414634146,0.407782409074504
"TGI_percent_Day_24_control_median",995,8,-0.195656216487285,0.64239955290826,0.048780487804878,0.908681575447135
"TGI_percent_Day_24_control_median",996,8,-0.472691601411705,0.236874905839636,-0.414634146341463,0.307070866237017
"TGI_percent_Day_24_control_median",997,8,-0.821393400523122,0.0124041196101795,-0.615384615384616,0.104365016307875
"TGI_percent_Day_24_control_median",998,8,-0.00881778401777838,0.983467511961598,0.048780487804878,0.908681575447135
"TGI_percent_Day_24_control_median",999,8,-0.40247877194741,0.322888336416014,-0.268292682926829,0.520569891636616
"TGI_percent_Day_24_control_median",1000,8,0.0911596731820944,0.830020182966903,0.555555555555556,0.152822232383275
