"p_val","avg_log2FC","pct.1","pct.2","p_val_adj","gene","gene_symbol","cluster"
8.67200926322522e-151,1.92244254771858,0.816,0.089,6.2700361374971e-146,"GRCh38-KIF20A","KIF20A","4c"
3.49132194666288e-143,2.98073840997477,0.913,0.126,2.52429559387619e-138,"GRCh38-KIF14","KIF14","4c"
6.81347626424478e-140,1.85925225626991,0.767,0.084,4.92627960857426e-135,"GRCh38-HJURP","HJURP","4c"
1.29122570975784e-137,2.16487232208908,0.932,0.129,9.33582012669113e-133,"GRCh38-DLGAP5","DLGAP5","4c"
1.36357847098688e-136,2.51735779790299,0.592,0.053,9.85894506092931e-132,"GRCh38-PIF1","PIF1","4c"
4.17902847266513e-133,2.18709135268519,0.874,0.114,3.02152116630634e-128,"GRCh38-CKAP2L","CKAP2L","4c"
3.44103984174818e-131,1.57271836456355,0.777,0.091,2.48794062638077e-126,"GRCh38-SPAG5","SPAG5","4c"
1.10684557320103e-125,2.96974725333256,0.932,0.152,8.00271486335809e-121,"GRCh38-CIT","CIT","4c"
1.35190163977909e-125,2.5528347055997,0.893,0.132,9.7745192359308e-121,"GRCh38-GTSE1","GTSE1","4c"
1.86282418160549e-125,2.09412200885589,0.816,0.108,1.3468591397844e-120,"GRCh38-KIFC1","KIFC1","4c"
1.74461830326808e-118,1.37127599330531,0.631,0.066,1.26139392562888e-113,"GRCh38-ESPL1","ESPL1","4c"
3.76597679189969e-118,1.63455161654123,0.806,0.11,2.72287654007931e-113,"GRCh38-PLK4","PLK4","4c"
3.40174243047191e-117,2.43187406529364,0.689,0.082,2.4595278120798e-112,"GRCh38-KIF18B","KIF18B","4c"
3.53492856546121e-117,2.18993946321255,0.728,0.091,2.55582405139976e-112,"GRCh38-CDC25C","CDC25C","4c"
1.86793301735259e-116,2.80734577214184,0.922,0.16,1.35055293020627e-111,"GRCh38-KNL1","KNL1","4c"
5.93409964043679e-114,1.65749767715375,0.806,0.108,4.29047272202861e-109,"GRCh38-SPC25","SPC25","4c"
8.62467984116716e-114,2.09952347707177,0.854,0.13,6.23581601876068e-109,"GRCh38-DEPDC1","DEPDC1","4c"
3.9040471356417e-112,2.03582022871334,0.903,0.143,2.82270416001166e-107,"GRCh38-CEP55","CEP55","4c"
2.79080217354666e-111,1.86382339440067,0.68,0.084,2.01780578751771e-106,"GRCh38-IQGAP3","IQGAP3","4c"
1.03643732029901e-108,2.3701278218482,0.777,0.112,7.49364911322589e-104,"GRCh38-POLQ","POLQ","4c"
2.53904589016663e-108,1.86177670361855,0.825,0.124,1.83578095950828e-103,"GRCh38-SGO1","SGO1","4c"
1.95596603675636e-107,2.38047331025684,0.874,0.151,1.41420256389558e-102,"GRCh38-BUB1B","BUB1B","4c"
9.56936061132617e-105,1.87210735582068,0.835,0.132,6.91883910920105e-100,"GRCh38-PLK1","PLK1","4c"
2.43532310333787e-104,3.17949904665661,0.971,0.208,1.76078731017535e-99,"GRCh38-MKI67","MKI67","4c"
3.35235761765108e-104,2.14879758990667,0.874,0.153,2.42382160471408e-99,"GRCh38-BUB1","BUB1","4c"
4.9004014785632e-104,3.25193242867791,0.951,0.199,3.54308827703076e-99,"GRCh38-ASPM","ASPM","4c"
6.76267565737649e-101,2.14982918695677,0.825,0.135,4.88954975379635e-96,"GRCh38-CDCA8","CDCA8","4c"
5.18605975609925e-98,1.65241365218455,0.67,0.092,3.74962492485488e-93,"GRCh38-TICRR","TICRR","4c"
8.96419736756314e-97,2.17823319717851,0.816,0.138,6.4812939806955e-92,"GRCh38-HMMR","HMMR","4c"
2.28083635333771e-96,1.60988052099151,0.767,0.117,1.64909030019023e-91,"GRCh38-NCAPH","NCAPH","4c"
4.63663772207898e-96,2.14783313755368,0.786,0.127,3.35238180581755e-91,"GRCh38-KIF15","KIF15","4c"
7.81214969142608e-94,2.80344971210842,0.903,0.184,5.64834046989489e-89,"GRCh38-KIF4A","KIF4A","4c"
9.80673108258622e-92,1.82062631471679,0.796,0.132,7.09046270733149e-87,"GRCh38-SHCBP1","SHCBP1","4c"
3.13384303686734e-91,1.56358788303137,0.786,0.127,2.26583119251583e-86,"GRCh38-CCNA2","CCNA2","4c"
7.09583488419842e-90,1.37123525896158,0.612,0.079,5.13043053797314e-85,"GRCh38-NEK2","NEK2","4c"
2.00355047290752e-88,2.71464429543282,0.922,0.215,1.44860706292159e-83,"GRCh38-ANLN","ANLN","4c"
2.67260967194291e-88,2.03652931889833,0.796,0.144,1.93235024500817e-83,"GRCh38-TTK","TTK","4c"
3.76924514790352e-88,2.01475246111968,0.806,0.147,2.72523962683721e-83,"GRCh38-NUF2","NUF2","4c"
3.36484289425457e-87,1.38856341238498,0.641,0.089,2.43284870940394e-82,"GRCh38-CDCA3","CDCA3","4c"
9.94695795699343e-86,2.4633937573641,0.864,0.188,7.19184954206539e-81,"GRCh38-KIF2C","KIF2C","4c"
2.54201457121766e-84,2.29967357180518,0.874,0.186,1.83792737528179e-79,"GRCh38-CDCA2","CDCA2","4c"
4.73049441126702e-84,2.14153970927535,0.864,0.183,3.42024206923428e-79,"GRCh38-NCAPG","NCAPG","4c"
5.29529492999208e-84,1.55267302037014,0.825,0.151,3.82860414028288e-79,"GRCh38-PBK","PBK","4c"
6.4216406386614e-81,2.50422797487901,0.893,0.207,4.64297461456497e-76,"GRCh38-DIAPH3","DIAPH3","4c"
4.17043494582125e-80,1.83765456567846,0.748,0.135,3.01530787452768e-75,"GRCh38-AURKB","AURKB","4c"
9.92192049688967e-80,3.17053375952399,0.971,0.298,7.17374695766117e-75,"GRCh38-CENPE","CENPE","4c"
4.87635609482555e-78,2.18614906726223,0.757,0.144,3.52570298368077e-73,"GRCh38-CENPI","CENPI","4c"
1.91115640969278e-77,1.52351566994661,0.845,0.178,1.38180430733607e-72,"GRCh38-CDC20","CDC20","4c"
3.12090870993801e-77,1.95739082159839,0.709,0.128,2.25647941545938e-72,"GRCh38-NEIL3","NEIL3","4c"
4.8698147023281e-77,1.8287512122295,0.66,0.108,3.52097342607726e-72,"GRCh38-ENSG00000227598","ENSG00000227598","4c"
8.70225995403044e-76,0.628005545694617,0.272,0.019,6.29190799196309e-71,"GRCh38-ENSG00000255094","ENSG00000255094","4c"
1.13622702402467e-75,2.3574217587886,0.854,0.213,8.21514862910315e-71,"GRCh38-ARHGAP11A","ARHGAP11A","4c"
1.32496870842455e-70,1.10385051598269,0.66,0.108,9.57978875565118e-66,"GRCh38-ESCO2","ESCO2","4c"
2.07593802191929e-70,1.75201833780736,0.728,0.142,1.50094470860808e-65,"GRCh38-TROAP","TROAP","4c"
2.09481013410691e-70,1.23288230640843,0.612,0.098,1.51458962316198e-65,"GRCh38-WDR62","WDR62","4c"
2.79552949021361e-70,2.02119291508566,0.796,0.183,2.02122373201424e-65,"GRCh38-STIL","STIL","4c"
3.11668138368485e-70,0.888966839876023,0.583,0.086,2.25342297403182e-65,"GRCh38-PIMREG","PIMREG","4c"
1.12979841174146e-69,1.78780009269324,0.738,0.155,8.16866847657307e-65,"GRCh38-CCDC150","CCDC150","4c"
2.79274975003994e-69,2.41712322472709,0.689,0.139,2.01921392427388e-64,"GRCh38-FAM83D","FAM83D","4c"
2.87478532919384e-69,1.15971087761777,0.553,0.082,2.07852728871373e-64,"GRCh38-DDIAS","DDIAS","4c"
3.9850372244725e-69,1.63322488035966,0.757,0.16,2.88126161403811e-64,"GRCh38-FOXM1","FOXM1","4c"
7.69509942758298e-68,2.27550446521432,0.942,0.295,5.56371078813105e-63,"GRCh38-KIF23","KIF23","4c"
3.43396407673404e-67,2.1059232061276,0.854,0.217,2.48282470676025e-62,"GRCh38-MELK","MELK","4c"
1.04085246395781e-66,2.44063817099669,0.767,0.197,7.52557148490772e-62,"GRCh38-ARHGAP11B","ARHGAP11B","4c"
1.26493767801548e-66,1.49455916638736,0.864,0.207,9.14575239958752e-62,"GRCh38-BIRC5","BIRC5","4c"
2.05855356332673e-66,1.21136844645376,0.408,0.048,1.48837539735649e-61,"GRCh38-NEURL1B","NEURL1B","4c"
1.75111128560586e-65,0.307554477399632,0.184,0.01,1.26608848171875e-60,"GRCh38-ENSG00000249084","ENSG00000249084","4c"
2.18745273227313e-65,3.01655904968986,0.942,0.358,1.58157207448812e-60,"GRCh38-TOP2A","TOP2A","4c"
7.71049397709726e-65,1.91856933872898,0.816,0.2,5.57484135532086e-60,"GRCh38-RRM2","RRM2","4c"
2.78006973521551e-64,2.48155153148818,0.777,0.195,2.01004601995552e-59,"GRCh38-CCNF","CCNF","4c"
4.76186360113382e-63,1.04535236209087,0.573,0.093,3.44292262089178e-58,"GRCh38-ERCC6L","ERCC6L","4c"
7.2233187421808e-63,3.07687324625299,0.971,0.437,5.22260391697156e-58,"GRCh38-CENPF","CENPF","4c"
1.19481897286171e-62,2.15771611338483,0.883,0.271,8.63878013758473e-58,"GRCh38-SGO2","SGO2","4c"
2.51386567583962e-62,2.21157178746794,0.99,0.422,1.81757516094556e-57,"GRCh38-CCNB1","CCNB1","4c"
3.42554772698858e-62,2.53251376739817,0.806,0.23,2.47673951756729e-57,"GRCh38-DEPDC1B","DEPDC1B","4c"
1.92525405886806e-61,2.75374965278591,0.786,0.215,1.39199718964279e-56,"GRCh38-ENSG00000290886","ENSG00000290886","4c"
4.17250270751315e-61,2.08306566081956,0.903,0.301,3.01680290758616e-56,"GRCh38-PRC1","PRC1","4c"
1.49208292314828e-60,1.61287601520633,0.757,0.18,1.07880579509467e-55,"GRCh38-FANCD2","FANCD2","4c"
1.8556802707325e-60,1.99245650718856,0.874,0.266,1.34169394934501e-55,"GRCh38-NCAPG2","NCAPG2","4c"
7.4678157172248e-60,1.90066816390351,0.806,0.235,5.39938011986788e-55,"GRCh38-RACGAP1","RACGAP1","4c"
1.02610845872222e-59,2.18795681974992,0.874,0.277,7.41896937825338e-55,"GRCh38-LMNB1","LMNB1","4c"
7.74847799572501e-59,1.82068012928176,0.825,0.237,5.6023045604691e-54,"GRCh38-NDC80","NDC80","4c"
9.85463386117955e-59,2.30426692948125,0.893,0.312,7.12509737431004e-54,"GRCh38-TACC3","TACC3","4c"
2.11001458030199e-58,2.50632359966266,0.971,0.442,1.52558274184994e-53,"GRCh38-TPX2","TPX2","4c"
5.59465379062726e-58,2.05854186896484,0.777,0.21,4.04504658369932e-53,"GRCh38-INCENP","INCENP","4c"
8.03061334451731e-58,1.05203298393355,0.495,0.078,5.8062940603529e-53,"GRCh38-CCNB3","CCNB3","4c"
1.74392193298284e-57,1.37900689558594,0.796,0.214,1.26089043598525e-52,"GRCh38-C5orf34","C5orf34","4c"
1.85506916771454e-57,1.91546176409752,0.66,0.148,1.34125210964096e-52,"GRCh38-DBF4B","DBF4B","4c"
4.75871642152025e-57,2.20564523362935,0.854,0.292,3.44064714708757e-52,"GRCh38-KIF11","KIF11","4c"
2.32212330077587e-56,0.946924972487085,0.534,0.089,1.67894158892697e-51,"GRCh38-SKA1","SKA1","4c"
2.69452407946426e-56,1.77431700491613,0.796,0.209,1.94819479993425e-51,"GRCh38-BRIP1","BRIP1","4c"
7.30092008452021e-56,1.14183697500597,0.718,0.157,5.2787112395098e-51,"GRCh38-RAD51AP1","RAD51AP1","4c"
1.95948267706005e-55,2.36721907523159,0.942,0.377,1.41674516516795e-50,"GRCh38-PRR11","PRR11","4c"
3.05139108830493e-55,1.86218915261993,0.816,0.245,2.20621678466623e-50,"GRCh38-AURKA","AURKA","4c"
5.04034382344874e-55,1.69998498265683,0.796,0.222,3.64426939122991e-50,"GRCh38-CIP2A","CIP2A","4c"
6.45412841466233e-55,1.58475958892541,0.641,0.129,4.66646392636916e-50,"GRCh38-ASF1B","ASF1B","4c"
8.19971822675208e-55,2.28073636855501,0.961,0.42,5.92856027230629e-50,"GRCh38-KIF20B","KIF20B","4c"
2.22707645489314e-54,1.13093052445886,0.621,0.122,1.61022081841684e-49,"GRCh38-BLM","BLM","4c"
6.66171513017092e-53,1.33875687686668,0.621,0.129,4.81655327341618e-48,"GRCh38-CDCA5","CDCA5","4c"
7.52863177043808e-52,2.18483843450456,0.874,0.332,5.44335134266214e-47,"GRCh38-GPSM2","GPSM2","4c"
2.32924898388725e-51,1.16984862849301,0.573,0.114,1.68409360033016e-46,"GRCh38-SPC24","SPC24","4c"
3.92003346900613e-51,0.864159971893192,0.515,0.089,2.83426259876081e-46,"GRCh38-SKA3","SKA3","4c"
4.10874154287127e-51,2.23858396139954,0.932,0.435,2.97070231032679e-46,"GRCh38-ECT2","ECT2","4c"
7.14899909018522e-51,2.14903854337434,0.786,0.25,5.16886932218572e-46,"GRCh38-GAS2L3","GAS2L3","4c"
1.40202913000071e-50,0.451111275452843,0.272,0.028,1.01369510157312e-45,"GRCh38-FAM72D","FAM72D","4c"
4.54963596167329e-50,2.20538419425266,0.932,0.435,3.28947779300902e-45,"GRCh38-NUSAP1","NUSAP1","4c"
3.36917108141323e-49,0.747566912794287,0.447,0.072,2.4359780752834e-44,"GRCh38-EME1","EME1","4c"
6.09131422901846e-49,0.774847466017409,0.485,0.084,4.40414201386493e-44,"GRCh38-RECQL4","RECQL4","4c"
1.95017057714107e-48,0.921275798534482,0.563,0.112,1.41001233068454e-43,"GRCh38-OIP5","OIP5","4c"
2.50752368366383e-48,1.81715391852341,0.757,0.24,1.81298977376262e-43,"GRCh38-C21orf58","C21orf58","4c"
2.88645027179913e-48,1.19777342720311,0.583,0.124,2.08696127551621e-43,"GRCh38-KIF24","KIF24","4c"
4.55169334525578e-48,1.07967234835201,0.66,0.151,3.29096532248683e-43,"GRCh38-ZWINT","ZWINT","4c"
2.13933389633889e-47,0.930881969682422,0.524,0.102,1.54678119373094e-42,"GRCh38-BORA","BORA","4c"
2.68461161885391e-47,2.41666182109857,0.874,0.375,1.94102789266376e-42,"GRCh38-KIF18A","KIF18A","4c"
3.94741838125771e-47,1.79794731748311,0.748,0.218,2.85406243801695e-42,"GRCh38-UBE2C","UBE2C","4c"
4.44106638888819e-47,1.616280806813,0.806,0.266,3.21097982049394e-42,"GRCh38-KNTC1","KNTC1","4c"
6.81928453986753e-47,1.0952942479861,0.524,0.104,4.93047910801502e-42,"GRCh38-MYBL1","MYBL1","4c"
6.99516469054668e-47,0.487338865965818,0.204,0.017,5.05764397455906e-42,"GRCh38-ENSG00000287022","ENSG00000287022","4c"
2.44557991814035e-46,1.30311463057772,0.777,0.234,1.76820319241384e-41,"GRCh38-CCNB2","CCNB2","4c"
2.64476002839779e-46,1.62848089537691,0.893,0.32,1.91221439573217e-41,"GRCh38-BRCA1","BRCA1","4c"
2.70178625838948e-46,-2.36121962556073,0.99,0.997,1.95344550054076e-41,"GRCh38-RPL10","RPL10","4c"
4.25320890291656e-46,-2.301485711518,0.961,0.993,3.07515510098673e-41,"GRCh38-RPL12","RPL12","4c"
4.52958493828839e-46,0.84003224201806,0.534,0.108,3.27498050208127e-41,"GRCh38-MTFR2","MTFR2","4c"
4.85932071146106e-46,1.18440593085811,0.621,0.146,3.51338606080058e-41,"GRCh38-CCDC15","CCDC15","4c"
2.64974958935222e-45,1.7458981455178,0.845,0.318,1.91582194809344e-40,"GRCh38-FANCI","FANCI","4c"
3.09777411067075e-45,2.71545837848485,0.67,0.194,2.23975263749716e-40,"GRCh38-HCCS-DT","HCCS-DT","4c"
3.82314018446697e-45,-2.40639791809513,0.903,0.978,2.76420681617331e-40,"GRCh38-SNHG29","SNHG29","4c"
1.40172614807663e-44,-2.24676402083573,0.99,0.996,1.01347603958236e-39,"GRCh38-RPS8","RPS8","4c"
1.49806742343885e-44,-2.12157504923741,0.961,0.993,1.08313270849476e-39,"GRCh38-RPL39","RPL39","4c"
1.93267594718055e-44,1.04093676836759,0.495,0.093,1.39736336333048e-39,"GRCh38-EXO1","EXO1","4c"
4.42192456019074e-44,1.39108938679633,0.621,0.155,3.19713989550911e-39,"GRCh38-RTKN2","RTKN2","4c"
1.18485387763628e-43,-2.16000034474796,0.981,0.992,8.56673050608586e-39,"GRCh38-RPL5","RPL5","4c"
2.42689625877317e-43,1.19351011243447,0.65,0.155,1.75469453301818e-38,"GRCh38-MYBL2","MYBL2","4c"
6.24661945185678e-43,1.06351858754478,0.816,0.258,4.51643079608149e-38,"GRCh38-CDKN3","CDKN3","4c"
8.48149255751959e-43,0.739099703985503,0.534,0.107,6.13228874893781e-38,"GRCh38-PKMYT1","PKMYT1","4c"
1.11473432148091e-42,1.13364945086321,0.786,0.225,8.0597520911713e-38,"GRCm39-Cmss1","Cmss1","4c"
2.00056498053944e-42,1.43175225476672,0.699,0.205,1.44644849222962e-37,"GRCh38-GINS1","GINS1","4c"
2.67201946905066e-42,-1.87963201382354,0.825,0.97,1.93192351651301e-37,"GRCh38-GPX4","GPX4","4c"
2.85956725196587e-42,1.14065057843089,0.718,0.22,2.06752431451636e-37,"GRCh38-CENPO","CENPO","4c"
2.93238137234866e-42,0.373679923122362,0.126,0.008,2.12017037983553e-37,"GRCh38-ENSG00000287392","ENSG00000287392","4c"
3.06687096793403e-42,-2.03728447693083,0.99,0.993,2.21740904723567e-37,"GRCh38-RPS3A","RPS3A","4c"
3.14251296800783e-42,-1.95999472387676,1,0.998,2.27209972612902e-37,"GRCh38-TPT1","TPT1","4c"
3.66409268822987e-42,-2.62067553255079,0.427,0.899,2.64921229544396e-37,"GRCh38-RPSA2","RPSA2","4c"
4.55353912846484e-42,-1.95720368344769,0.942,0.991,3.29229986066265e-37,"GRCh38-RPL29","RPL29","4c"
8.81943264904086e-42,1.20787379494209,0.592,0.132,6.37662619390952e-37,"GRCh38-DTL","DTL","4c"
1.00062261516958e-41,1.37840687544133,0.67,0.192,7.23470163219913e-37,"GRCh38-ZGRF1","ZGRF1","4c"
1.27614591025529e-41,-1.99423629461597,0.767,0.962,9.22679016032779e-37,"GRCh38-LGALS3","LGALS3","4c"
1.32563102343065e-41,-1.97720859394738,0.971,0.991,9.58457742560828e-37,"GRCh38-RPL18","RPL18","4c"
1.75089015555215e-41,-1.89097562322158,0.971,0.994,1.26592860026732e-36,"GRCh38-RPLP0","RPLP0","4c"
1.89070462860951e-41,0.326131320485224,0.126,0.008,1.36701726057725e-36,"GRCh38-TMEM244","TMEM244","4c"
3.64785230364067e-41,-1.90401650841424,0.981,0.993,2.63747017257828e-36,"GRCh38-RPL34","RPL34","4c"
4.32925026809964e-41,1.74564924444624,0.689,0.202,3.1301345288414e-36,"GRCh38-STON2","STON2","4c"
5.20675660828974e-41,-1.89342363594315,0.981,0.993,3.76458916292565e-36,"GRCh38-RPL7A","RPL7A","4c"
6.04233098963758e-41,1.58653272011391,0.864,0.363,4.36872615212777e-36,"GRCh38-CENPK","CENPK","4c"
6.94091173008121e-41,-3.05081852165753,0.476,0.905,5.01841799908332e-36,"GRCh38-OOEP","OOEP","4c"
1.48892180689858e-40,-1.94045539020852,0.951,0.992,1.07652024482381e-35,"GRCh38-RPS15A","RPS15A","4c"
2.22866926138095e-40,0.963654591753217,0.845,0.246,1.61137244936366e-35,"GRCm39-Cxcl2","Cxcl2","4c"
2.8148618521425e-40,1.97959991085314,0.903,0.403,2.03520141633607e-35,"GRCh38-BRCA2","BRCA2","4c"
3.51305616623306e-40,1.14260229555554,0.748,0.226,2.54000986930983e-35,"GRCh38-ORC6","ORC6","4c"
4.89003328819384e-40,0.928108218496748,0.272,0.034,3.53559186802991e-35,"GRCh38-RERGL","RERGL","4c"
4.9795413636107e-40,-2.42179042102503,0.301,0.859,3.60030799671781e-35,"GRCh38-ENSG00000285080","ENSG00000285080","4c"
5.44430379005895e-40,-2.52483723752939,0.184,0.818,3.93634052628842e-35,"GRCh38-SLC35F1","SLC35F1","4c"
6.69115671003536e-40,1.44895085510713,0.777,0.284,4.83784012448977e-35,"GRCh38-CENPA","CENPA","4c"
7.02494340897173e-40,-1.8488282734995,0.971,0.992,5.07917458355474e-35,"GRCh38-RACK1","RACK1","4c"
7.44791245056366e-40,3.67956162464651,0.951,0.864,5.38498966000654e-35,"GRCh38-ENSG00000289474","ENSG00000289474","4c"
7.66652830841572e-40,-1.90660484754698,0.835,0.967,5.54305329755074e-35,"GRCh38-GAS5","GAS5","4c"
9.01706552675603e-40,-1.90343602323283,0.961,0.992,6.51951871715515e-35,"GRCh38-RPL35A","RPL35A","4c"
1.31697246454286e-39,0.865568207191063,0.437,0.082,9.52197431313782e-35,"GRCh38-SAPCD2","SAPCD2","4c"
1.6892054149879e-39,-1.91414610350603,0.99,0.995,1.22132929914455e-34,"GRCh38-RPS3","RPS3","4c"
2.0069122768362e-39,-1.89304419378609,0.981,0.991,1.45103771439811e-34,"GRCh38-RPS10","RPS10","4c"
2.74916544632287e-39,-1.79724283690128,0.99,0.996,1.98770160100036e-34,"GRCh38-RPL13","RPL13","4c"
3.05324797243257e-39,-1.86953438239221,0.951,0.991,2.2075593490282e-34,"GRCh38-RPL9","RPL9","4c"
4.13152077204692e-39,-2.47156281402907,0.35,0.859,2.98717214860536e-34,"GRCh38-STEAP1B","STEAP1B","4c"
5.24438447523801e-39,-1.71183899835993,0.99,0.995,3.79179486328659e-34,"GRCh38-RPL28","RPL28","4c"
5.46384628167451e-39,-1.80585280030401,0.971,0.993,3.9504701385763e-34,"GRCh38-RPL18A","RPL18A","4c"
5.48740240620719e-39,-1.7790608300631,0.961,0.991,3.96750168773592e-34,"GRCh38-RPL7","RPL7","4c"
5.54631193656656e-39,-1.92801668640153,1,0.993,4.01009445637635e-34,"GRCh38-RPS14","RPS14","4c"
7.66063013571122e-39,-1.68799119652903,0.961,0.989,5.53878880072193e-34,"GRCh38-RPL31","RPL31","4c"
7.75798754318106e-39,-1.79790426650103,0.99,0.996,5.60918015347077e-34,"GRCh38-RPL13A","RPL13A","4c"
7.89045665581722e-39,-1.82978436679797,0.99,0.996,5.70495797128897e-34,"GRCh38-RPS12","RPS12","4c"
8.57648427192217e-39,0.767893695589536,0.398,0.073,6.20096965828517e-34,"GRCh38-ENSG00000287895","ENSG00000287895","4c"
1.18415704766333e-38,1.68928260578469,0.631,0.169,8.56169228601538e-34,"GRCh38-FAT2","FAT2","4c"
1.19216399937464e-38,1.10277042034831,0.864,0.269,8.61958414827852e-34,"GRCm39-S100a9","S100a9","4c"
1.3393263816222e-38,-1.84402232943839,0.951,0.99,9.68359760440484e-34,"GRCh38-RPL17","RPL17","4c"
1.71081093720869e-38,-1.67248076903222,0.903,0.982,1.23695052382062e-33,"GRCh38-SERF2","SERF2","4c"
1.76587286389125e-38,1.2484212842732,0.709,0.218,1.27676139805065e-33,"GRCh38-MND1","MND1","4c"
1.84034676414945e-38,1.05906653613154,0.602,0.147,1.33060751741533e-33,"GRCh38-CLSPN","CLSPN","4c"
1.86553034465648e-38,1.44646303401715,0.796,0.304,1.34881574979353e-33,"GRCh38-KIF22","KIF22","4c"
2.26844977127014e-38,1.0118079238283,0.495,0.107,1.64013455362374e-33,"GRCh38-RAD54L","RAD54L","4c"
2.45051862954032e-38,1.62630829185408,0.825,0.332,1.77177397953024e-33,"GRCh38-ATAD5","ATAD5","4c"
2.50211761076482e-38,3.57945487202496,0.981,0.939,1.80908107493518e-33,"GRCh38-ENSG00000289901","ENSG00000289901","4c"
2.82578676320328e-38,-1.73893054215768,0.981,0.992,2.04310034553124e-33,"GRCh38-RPL10A","RPL10A","4c"
2.9561125695332e-38,-1.78831880378425,0.99,0.993,2.1373285100239e-33,"GRCh38-RPL26","RPL26","4c"
3.12665946203735e-38,-1.78931415684894,0.971,0.993,2.26063732424225e-33,"GRCh38-RPS27A","RPS27A","4c"
4.28850836366335e-38,-1.71187554530218,0.728,0.962,3.10067731709587e-33,"GRCh38-SELENOM","SELENOM","4c"
4.30432952153447e-38,-1.68096496498495,1,0.997,3.11211633065986e-33,"GRCh38-RPLP1","RPLP1","4c"
5.65654390278251e-38,1.04800728336453,0.864,0.268,4.08979437258981e-33,"GRCm39-S100a8","S100a8","4c"
5.92739448125614e-38,-1.80218436835119,0.99,0.996,4.28562475783782e-33,"GRCh38-RPS4X","RPS4X","4c"
1.16350241675235e-37,1.21524414092692,0.718,0.229,8.41235517360284e-33,"GRCh38-MCM8","MCM8","4c"
1.67203165200625e-37,-1.7523187773276,0.99,0.995,1.20891232503356e-32,"GRCh38-RPL21","RPL21","4c"
1.97751090818242e-37,-1.60309550425413,1,0.999,1.42977993683405e-32,"GRCh38-EEF1A1","EEF1A1","4c"
2.14487290110843e-37,1.0014419488854,0.67,0.184,1.55078600495942e-32,"GRCh38-CENPU","CENPU","4c"
2.51656702212566e-37,-1.6435530829447,0.981,0.993,1.8195282883373e-32,"GRCh38-RPL30","RPL30","4c"
3.35794802486833e-37,-1.73439100741364,0.971,0.993,2.4278635809403e-32,"GRCh38-RPS13","RPS13","4c"
3.46380584337097e-37,-1.65871607641509,0.767,0.968,2.50440090087408e-32,"GRCh38-PSME1","PSME1","4c"
3.63024516105335e-37,0.877803527203763,0.592,0.156,2.62473985634479e-32,"GRCh38-MXD3","MXD3","4c"
3.98133446427444e-37,-1.67990460068371,0.971,0.994,2.8785844443597e-32,"GRCh38-RPL32","RPL32","4c"
4.14718577399204e-37,1.61644546171934,0.786,0.319,2.99849825831173e-32,"GRCh38-PARPBP","PARPBP","4c"
4.51225346555078e-37,1.03765562309965,0.621,0.172,3.26244950066252e-32,"GRCh38-ENSG00000280441","ENSG00000280441","4c"
5.36405659023207e-37,-1.52524509035919,0.961,0.99,3.87832019586959e-32,"GRCh38-NACA","NACA","4c"
6.24580529767121e-37,1.49585990058058,0.592,0.148,4.51584214632224e-32,"GRCh38-KRT5","KRT5","4c"
7.7470855412262e-37,-2.12091394901924,0.262,0.832,5.60129778801737e-32,"GRCh38-KIZ-AS1","KIZ-AS1","4c"
8.9262001010625e-37,0.828695775327029,0.524,0.125,6.45382119707021e-32,"GRCh38-DNMT3B","DNMT3B","4c"
1.01506007649916e-36,-1.68959411326049,0.99,0.996,7.33908736510419e-32,"GRCh38-RPL19","RPL19","4c"
1.0734322599189e-36,0.396111265896758,0.194,0.02,7.76112992566561e-32,"GRCh38-FBXO43","FBXO43","4c"
1.24812895414553e-36,-1.67737340331697,0.981,0.994,9.02422196426299e-32,"GRCh38-RPL8","RPL8","4c"
1.24821167229666e-36,1.00569390506507,0.864,0.269,9.02482003303929e-32,"GRCm39-Fth1","Fth1","4c"
1.39906772058777e-36,0.808859518215551,0.505,0.112,1.01155394333937e-31,"GRCh38-H3C2","H3C2","4c"
1.55152419058663e-36,-1.62600246499412,0.961,0.991,1.12178302027795e-31,"GRCh38-RPS11","RPS11","4c"
2.45840780568466e-36,0.838568583798463,0.816,0.243,1.77747801166612e-31,"GRCm39-Srgn","Srgn","4c"
2.67772778809634e-36,1.07282506370878,0.592,0.166,1.93605074534942e-31,"GRCh38-C1orf112","C1orf112","4c"
2.69028556990028e-36,-1.60735195190168,0.971,0.992,1.9451302727493e-31,"GRCh38-RPL36A","RPL36A","4c"
3.32653643407011e-36,-2.24318176127083,0.398,0.854,2.40515237256137e-31,"GRCh38-ENSG00000235979","ENSG00000235979","4c"
3.38454815442332e-36,-1.52162953296616,0.971,0.996,2.44709600661115e-31,"GRCh38-RPL41","RPL41","4c"
3.61425091606923e-36,1.03281708858388,0.816,0.257,2.61317569733637e-31,"GRCm39-Malat1","Malat1","4c"
4.44435538983035e-36,-2.24233190780357,0.534,0.902,3.21335783395514e-31,"GRCh38-PLEKHA7","PLEKHA7","4c"
4.70752891510234e-36,1.9270080859268,0.971,0.766,3.40363755619729e-31,"GRCh38-SMC4","SMC4","4c"
4.91376892648547e-36,0.709972452241479,0.398,0.077,3.55275320922752e-31,"GRCh38-ENSG00000258101","ENSG00000258101","4c"
5.15860464165834e-36,-1.65735810659017,0.971,0.993,3.72977432801182e-31,"GRCh38-RPS16","RPS16","4c"
7.87698247080868e-36,-1.56144055733182,0.67,0.952,5.69521586604409e-31,"GRCh38-C12orf57","C12orf57","4c"
1.27426179698261e-35,1.26808227963699,0.864,0.403,9.21316764454366e-31,"GRCh38-ATAD2","ATAD2","4c"
1.36563677324063e-35,-1.6523765729768,0.981,0.994,9.87382699788442e-31,"GRCh38-RPS6","RPS6","4c"
1.41920606709586e-35,1.21281218399355,0.398,0.078,1.02611437063165e-30,"GRCh38-MACC1","MACC1","4c"
1.43601420339082e-35,0.867774803606252,0.573,0.148,1.03826698933563e-30,"GRCh38-GINS4","GINS4","4c"
1.7246661740363e-35,1.17077542094137,0.825,0.26,1.24696813715173e-30,"GRCm39-Saa3","Saa3","4c"
2.07536058199003e-35,-1.57164148338114,0.951,0.989,1.50052720799043e-30,"GRCh38-RPS26","RPS26","4c"
2.33902666789175e-35,-1.6882864722866,0.99,0.997,1.6911630614191e-30,"GRCh38-RPS2","RPS2","4c"
2.70656630017411e-35,1.63596788540844,0.767,0.315,1.95690156635188e-30,"GRCh38-NDC1","NDC1","4c"
2.73622175015288e-35,-1.90237607852666,0.553,0.914,1.97834304979553e-30,"GRCh38-F10","F10","4c"
3.03749158810001e-35,-1.57810052389927,0.971,0.993,2.19616716802807e-30,"GRCh38-RPS19","RPS19","4c"
3.06107916123879e-35,-2.0851521217328,0.728,0.958,2.21322145515887e-30,"GRCh38-APOC1","APOC1","4c"
3.92529259930205e-35,1.45030579366735,0.767,0.305,2.83806505514737e-30,"GRCh38-KNSTRN","KNSTRN","4c"
4.06168733766452e-35,-1.59808277072793,0.971,0.99,2.9366811788782e-30,"GRCh38-RPSA","RPSA","4c"
4.11851316501068e-35,-1.45331526844425,0.971,0.995,2.97776738856602e-30,"GRCh38-RPL14","RPL14","4c"
6.35241935639157e-35,0.819049254515755,0.417,0.084,4.59292624305824e-30,"GRCh38-HROB","HROB","4c"
7.33380168217549e-35,0.637896620606034,0.447,0.095,5.30248529224652e-30,"GRCh38-CHTF18","CHTF18","4c"
8.71742480019356e-35,-1.58903026215493,0.99,0.995,6.30287247903595e-30,"GRCh38-RPL6","RPL6","4c"
9.2839674011575e-35,0.723953927763434,0.427,0.091,6.71249411038489e-30,"GRCh38-REXO5","REXO5","4c"
1.79355046967555e-34,-1.47680745204267,0.942,0.991,1.29677286058482e-29,"GRCh38-RPS27","RPS27","4c"
2.19703672867762e-34,-1.60766890489337,0.854,0.972,1.5885014955685e-29,"GRCh38-SSR4","SSR4","4c"
2.39259235133922e-34,2.06299865701741,0.922,0.61,1.72989212186529e-29,"GRCh38-TENT4A","TENT4A","4c"
2.43971735293696e-34,1.13799832923989,0.709,0.262,1.76396444052048e-29,"GRCh38-ARHGAP19","ARHGAP19","4c"
2.51175945793033e-34,0.528479694985575,0.243,0.032,1.81605232327279e-29,"GRCh38-ENSG00000285730","ENSG00000285730","4c"
2.65135722851489e-34,2.17731911174216,0.621,0.183,1.91698430336084e-29,"GRCh38-DPYSL3","DPYSL3","4c"
2.89802059860779e-34,-1.60341730442416,0.961,0.991,2.0953268532054e-29,"GRCh38-RPS7","RPS7","4c"
3.42276887065325e-34,0.901222646745954,0.466,0.101,2.47473034885971e-29,"GRCh38-DSG3","DSG3","4c"
3.71487047098482e-34,-1.51994615241885,0.981,0.991,2.68592564793144e-29,"GRCh38-RPL36","RPL36","4c"
4.35861983201499e-34,-1.69979476947065,0.534,0.901,3.15136931094348e-29,"GRCh38-GYPC","GYPC","4c"
4.50531365772653e-34,1.4656536220481,0.932,0.684,3.25743188080944e-29,"GRCh38-HMGB2","HMGB2","4c"
5.25786586247155e-34,0.967422558216885,0.786,0.243,3.80154217588418e-29,"GRCm39-Actb","Actb","4c"
5.40962849110575e-34,0.730081555632122,0.718,0.22,3.91126959163928e-29,"GRCh38-TK1","TK1","4c"
5.42495961890343e-34,2.8930138471997,0.592,0.174,3.92235430365956e-29,"GRCh38-ENSG00000271860","ENSG00000271860","4c"
5.5539733868898e-34,-1.44053890162355,0.961,0.993,4.01563383818906e-29,"GRCh38-RPS25","RPS25","4c"
6.26016653878989e-34,-1.59799032762124,0.961,0.991,4.52622561087586e-29,"GRCh38-RPL15","RPL15","4c"
7.96731136640232e-34,1.61119747529529,0.932,0.647,5.76052546413621e-29,"GRCh38-TMPO","TMPO","4c"
8.28191274902227e-34,2.13957108536882,0.854,0.421,5.98798855579808e-29,"GRCh38-CCDC18","CCDC18","4c"
9.45799890756154e-34,-1.40395467493869,0.99,0.996,6.83832237014515e-29,"GRCh38-RPS24","RPS24","4c"
1.20253545375831e-33,0.905231038525006,0.417,0.086,8.69457183776336e-29,"GRCh38-NRP2","NRP2","4c"
1.25101715830724e-33,-1.61172801955479,0.961,0.988,9.04510425799302e-29,"GRCh38-RPS29","RPS29","4c"
1.33539687874748e-33,0.788091404474006,0.456,0.101,9.65518651272003e-29,"GRCh38-ARHGEF39","ARHGEF39","4c"
1.34952786955709e-33,-1.64822558908101,0.922,0.987,9.75735640247165e-29,"GRCh38-RPL27","RPL27","4c"
1.43273950013088e-33,0.981305999516898,0.699,0.25,1.03589931338463e-28,"GRCh38-RBM15","RBM15","4c"
1.66654820070057e-33,-1.45743326857883,0.961,0.993,1.20494768007052e-28,"GRCh38-RPS15","RPS15","4c"
1.86287510283783e-33,1.23445353518185,0.476,0.112,1.34689595685381e-28,"GRCh38-RNF152","RNF152","4c"
1.95562328198736e-33,-1.57289860684122,0.971,0.991,1.4139547453425e-28,"GRCh38-RPL23A","RPL23A","4c"
2.51857421388371e-33,1.24792900971865,0.621,0.189,1.8209795281222e-28,"GRCh38-FANCB","FANCB","4c"
3.15075572329643e-33,-1.41105230581573,0.961,0.989,2.27805940305778e-28,"GRCh38-RPL22","RPL22","4c"
3.62857707492647e-33,1.66922468786801,0.825,0.371,2.62353379671334e-28,"GRCh38-TRIP13","TRIP13","4c"
4.02911191903696e-33,-1.56522063881138,1,0.997,2.9131284997021e-28,"GRCh38-RPL37","RPL37","4c"
4.19103165014841e-33,1.29512910677773,0.728,0.273,3.0301997036903e-28,"GRCh38-MASTL","MASTL","4c"
4.5643567164389e-33,0.933427525833495,0.563,0.149,3.30012119311965e-28,"GRCh38-XRCC2","XRCC2","4c"
5.8085126323455e-33,-1.42482796319517,0.951,0.987,4.19967080343844e-28,"GRCh38-UBA52","UBA52","4c"
5.9678931668195e-33,1.79568537136927,0.806,0.39,4.31490611747383e-28,"GRCh38-GEN1","GEN1","4c"
6.57058640312299e-33,0.940913397990113,0.534,0.138,4.75066538118598e-28,"GRCh38-POC1A","POC1A","4c"
8.1498954172805e-33,-1.79811952875406,1,1,5.89253738460214e-28,"GRCh38-FTH1","FTH1","4c"
1.0165557899439e-32,-1.29503610500417,0.544,0.928,7.34990167245236e-28,"GRCh38-ALKBH7","ALKBH7","4c"
1.03337628292258e-32,0.733459044376287,0.738,0.216,7.47151720078685e-28,"GRCm39-Cd14","Cd14","4c"
1.048382215825e-32,-1.50032072946452,0.981,0.991,7.58001309685794e-28,"GRCh38-RPL24","RPL24","4c"
1.15459394398976e-32,-1.52039919069646,0.99,0.996,8.34794513383475e-28,"GRCh38-RPS18","RPS18","4c"
1.1724550364474e-32,2.16936782599343,0.883,0.551,8.47708440452198e-28,"GRCh38-KPNA2","KPNA2","4c"
1.44206404184913e-32,-1.43919752946825,0.699,0.952,1.04264114353776e-27,"GRCh38-SNHG32","SNHG32","4c"
1.85059478763396e-32,-1.36912314944224,0.806,0.971,1.33801704335511e-27,"GRCh38-PFDN5","PFDN5","4c"
2.1731641629014e-32,-1.45555043096745,0.971,0.991,1.57124115306097e-27,"GRCh38-RPS9","RPS9","4c"
2.43183303365822e-32,0.752129536563759,0.573,0.15,1.75826391999557e-27,"GRCh38-CDC6","CDC6","4c"
2.62887503545972e-32,0.845406693981896,0.748,0.224,1.90072922813808e-27,"GRCm39-S100a6","S100a6","4c"
3.18700804728705e-32,-1.30810497406194,0.34,0.88,2.30427055834949e-27,"GRCh38-PDLIM2","PDLIM2","4c"
3.27294703260839e-32,1.18022444915716,0.689,0.242,2.36640616351652e-27,"GRCh38-POLE","POLE","4c"
3.66004709784423e-32,0.398072766945907,0.311,0.051,2.64628725268334e-27,"GRCh38-ENSG00000288826","ENSG00000288826","4c"
3.7254151140577e-32,1.19729619043081,0.767,0.306,2.693549635766e-27,"GRCh38-NEMP1","NEMP1","4c"
4.10925917054877e-32,2.14220383855851,0.796,0.36,2.97107656549017e-27,"GRCh38-CENPP","CENPP","4c"
5.45305310956276e-32,2.12663108595509,0.971,0.841,3.94266645927607e-27,"GRCh38-CKAP5","CKAP5","4c"
6.31373526869392e-32,1.22738307899849,0.583,0.16,4.56495687397108e-27,"GRCh38-STOM","STOM","4c"
6.91069533306828e-32,-1.42612098752248,0.942,0.992,4.99657093971503e-27,"GRCh38-RPS28","RPS28","4c"
7.23098815414514e-32,0.856879405738088,0.777,0.242,5.22814905521002e-27,"GRCm39-Tmsb4x","Tmsb4x","4c"
7.36377884755137e-32,-1.40858638266421,0.825,0.97,5.32415938235659e-27,"GRCh38-GABARAP","GABARAP","4c"
7.81913655801669e-32,-1.33982791666618,0.874,0.978,5.65339211417723e-27,"GRCh38-TOMM7","TOMM7","4c"
9.29382063967311e-32,-1.35003638656133,0.99,0.996,6.71961819889645e-27,"GRCh38-RPL11","RPL11","4c"
9.5479833673859e-32,-2.16575948118848,0.699,0.898,6.90338293428736e-27,"GRCh38-PCOLCE","PCOLCE","4c"
9.74151098851726e-32,0.75915893634079,0.301,0.05,7.04330727491775e-27,"GRCh38-ENSG00000289312","ENSG00000289312","4c"
1.00728518314388e-31,-1.51480437823625,0.922,0.982,7.2828733311669e-27,"GRCh38-EEF1B2","EEF1B2","4c"
1.0526782693727e-31,0.37567682082714,0.243,0.034,7.61107442321852e-27,"GRCh38-OMD","OMD","4c"
1.22157957848942e-31,-1.30836006642703,0.893,0.974,8.83226466839422e-27,"GRCh38-ATP5MC2","ATP5MC2","4c"
1.26992259362501e-31,-1.42795708164267,0.99,0.994,9.18179433642754e-27,"GRCh38-RPL37A","RPL37A","4c"
1.64242390770998e-31,1.50677392130966,0.709,0.263,1.18750533375247e-26,"GRCh38-FANCA","FANCA","4c"
1.69102597727112e-31,1.00328756383612,0.534,0.149,1.22264560208656e-26,"GRCh38-ZNF695","ZNF695","4c"
1.77328710838645e-31,-1.21829405945314,0.612,0.927,1.28212204510557e-26,"GRCh38-HCFC1R1","HCFC1R1","4c"
1.79922673625264e-31,-2.97900911413486,0.456,0.86,1.30087691484538e-26,"GRCh38-CARD16","CARD16","4c"
2.04942082468038e-31,-1.39502856739471,0.951,0.99,1.48177224466041e-26,"GRCh38-FAU","FAU","4c"
2.20273882241336e-31,2.10462565356589,0.505,0.13,1.5926242233813e-26,"GRCh38-MSR1","MSR1","4c"
2.42448839723944e-31,-1.28938400914559,0.689,0.961,1.75295360097206e-26,"GRCh38-SCAND1","SCAND1","4c"
2.75247451680342e-31,1.5400617491682,0.359,0.071,1.99009412513921e-26,"GRCh38-ENSG00000287409","ENSG00000287409","4c"
2.80666245574363e-31,-1.37660612226354,0.981,0.993,2.02927308875176e-26,"GRCh38-RPL3","RPL3","4c"
3.11611366552243e-31,-1.48868677333765,0.961,0.995,2.25301250244603e-26,"GRCh38-FTL","FTL","4c"
3.50296078836413e-31,1.09739718749824,0.67,0.229,2.53271070920304e-26,"GRCh38-POLA2","POLA2","4c"
3.74959341476397e-31,0.852869939680763,0.447,0.104,2.71103103074265e-26,"GRCh38-RAD54B","RAD54B","4c"
3.84318371980233e-31,-1.38426451039569,0.767,0.969,2.77869869309148e-26,"GRCh38-COX5B","COX5B","4c"
4.39769623277736e-31,-1.425825375737,0.757,0.964,3.17962233022269e-26,"GRCh38-SNHG8","SNHG8","4c"
4.70714290262668e-31,0.699595309238556,0.447,0.101,3.40335846145714e-26,"GRCh38-RAD51","RAD51","4c"
5.7783738010026e-31,-1.48002640782034,0.786,0.956,4.1778798256009e-26,"GRCh38-IFITM2","IFITM2","4c"
6.16368747677755e-31,0.966990175450114,0.748,0.233,4.4564693194597e-26,"GRCm39-Ifitm1","Ifitm1","4c"
6.60087761256004e-31,1.71645044134776,0.825,0.428,4.77256653143316e-26,"GRCh38-CNTRL","CNTRL","4c"
7.97699224687103e-31,0.745063857963959,0.718,0.221,5.76752493433269e-26,"GRCm39-Ftl1","Ftl1","4c"
9.05766257209295e-31,-1.43892979583365,0.777,0.966,6.54887119287464e-26,"GRCh38-UQCR11","UQCR11","4c"
9.09401415051957e-31,-1.24113698889004,0.942,0.975,6.57515411110866e-26,"GRCh38-CCNI","CCNI","4c"
9.42566125447285e-31,-1.51189063889458,0.825,0.963,6.81494160020896e-26,"GRCh38-NNMT","NNMT","4c"
9.5990402659606e-31,-1.38205918208957,0.971,0.989,6.94029809309483e-26,"GRCh38-BTF3","BTF3","4c"
1.00478329175944e-30,0.755681965130941,0.699,0.212,7.26478415607908e-26,"GRCm39-Retnlg","Retnlg","4c"
1.01217810934358e-30,-1.16741356615129,0.505,0.926,7.31825016617598e-26,"GRCh38-TMEM256","TMEM256","4c"
1.04542815414295e-30,1.38510942162974,0.573,0.161,7.55865464008432e-26,"GRCh38-RNF144B","RNF144B","4c"
1.05923422020584e-30,-1.21889464853093,0.427,0.898,7.65847525893227e-26,"GRCh38-SAT2","SAT2","4c"
1.40169498271841e-30,1.89875162428451,0.961,0.964,1.01345350640507e-25,"GRCh38-MT-ND4L","MT-ND4L","4c"
1.45848239262481e-30,0.721465122650397,0.427,0.098,1.05451193951559e-25,"GRCh38-TRAIP","TRAIP","4c"
1.46177537791195e-30,1.43771189532014,0.65,0.245,1.0568928337379e-25,"GRCh38-CEP72","CEP72","4c"
1.48429694414928e-30,-1.47508333907483,0.641,0.933,1.07317637655881e-25,"GRCh38-NUPR1","NUPR1","4c"
1.58406867822516e-30,-1.33786114617574,0.961,0.995,1.14531333573035e-25,"GRCh38-RPS23","RPS23","4c"
2.3271054765977e-30,-1.28620513838254,0.816,0.964,1.68254380168967e-25,"GRCh38-TCEAL4","TCEAL4","4c"
2.88576349430145e-30,2.29365057154225,0.796,0.397,2.08646472164983e-25,"GRCh38-CEP128","CEP128","4c"
3.05168648635278e-30,-1.2382941877065,0.932,0.98,2.20643036336279e-25,"GRCh38-COX7C","COX7C","4c"
3.36680401436115e-30,1.49544313181722,0.796,0.368,2.4342666384634e-25,"GRCh38-LIN54","LIN54","4c"
3.86086351586132e-30,-1.54750873102126,0.932,0.988,2.79148153923805e-25,"GRCh38-RPS5","RPS5","4c"
5.06773766178149e-30,1.5767163250224,0.592,0.182,3.66407568422126e-25,"GRCh38-SESN3","SESN3","4c"
5.3396923324935e-30,-1.23509710454322,0.709,0.952,3.86070435023945e-25,"GRCh38-RSL24D1","RSL24D1","4c"
5.85382408462265e-30,-1.24300935146187,0.767,0.963,4.23243188966387e-25,"GRCh38-NDUFA11","NDUFA11","4c"
6.18754134659893e-30,1.20394268880003,0.825,0.366,4.47371614441796e-25,"GRCh38-EDEM1","EDEM1","4c"
7.78341018813834e-30,1.47120452594858,0.583,0.161,5.62756123422778e-25,"GRCh38-COL1A2","COL1A2","4c"
9.22378199871027e-30,1.79976022095155,0.816,0.49,6.6689788607075e-25,"GRCh38-NCAPD2","NCAPD2","4c"
9.37857468042555e-30,1.682733315647,0.748,0.356,6.78089706544128e-25,"GRCh38-CDK1","CDK1","4c"
1.40419989316439e-29,2.32305595751868,0.913,0.677,1.01526460675572e-24,"GRCm39-Lars2","Lars2","4c"
1.42087582552963e-29,-1.35404292694545,0.922,0.98,1.02732163937443e-24,"GRCh38-TKT","TKT","4c"
1.42973072080006e-29,-1.72610310387908,0.35,0.831,1.03372390575286e-24,"GRCh38-CAMK2N1","CAMK2N1","4c"
1.46596451519001e-29,0.792391225853919,0.437,0.108,1.05992166377268e-24,"GRCh38-C18orf54","C18orf54","4c"
1.5540458063159e-29,1.17817835139249,0.786,0.335,1.12360619888252e-24,"GRCh38-BARD1","BARD1","4c"
1.84539561443943e-29,-1.29913264856025,0.68,0.954,1.334257937152e-24,"GRCh38-RPS27L","RPS27L","4c"
2.06624513855684e-29,-1.28804665273207,0.602,0.933,1.49393656007936e-24,"GRCh38-COMMD6","COMMD6","4c"
2.14746533105839e-29,1.33576921993516,0.728,0.301,1.55266038366184e-24,"GRCh38-E2F7","E2F7","4c"
2.80348532740686e-29,0.496091557361679,0.34,0.066,2.02697596142171e-24,"GRCh38-ENSG00000260167","ENSG00000260167","4c"
2.89710665895635e-29,1.68041842799127,0.515,0.143,2.09466605655862e-24,"GRCh38-UBASH3B","UBASH3B","4c"
2.95303465247098e-29,-1.34674000952444,0.971,0.993,2.13510311442957e-24,"GRCh38-RPL35","RPL35","4c"
3.12714624787943e-29,-1.21463847081159,0.961,0.984,2.26098928014178e-24,"GRCh38-ATP5F1E","ATP5F1E","4c"
3.35727363279882e-29,2.32220343953933,0.66,0.25,2.4273759819862e-24,"GRCh38-APOLD1","APOLD1","4c"
3.90407706787237e-29,1.63332792173948,0.864,0.579,2.82272580161308e-24,"GRCh38-LBR","LBR","4c"
3.99176022998635e-29,-1.73282230157573,0.777,0.937,2.88612248148473e-24,"GRCh38-TXNIP","TXNIP","4c"
6.08304062744133e-29,2.42380607154595,0.932,0.737,4.39816003445263e-24,"GRCh38-SCLT1","SCLT1","4c"
6.16053266719649e-29,-1.17266537284001,0.67,0.951,4.4541883290364e-24,"GRCh38-HIGD2A","HIGD2A","4c"
7.10899256821902e-29,-1.32183532560029,0.971,0.99,5.13994380667371e-24,"GRCh38-RPL38","RPL38","4c"
7.15139559095621e-29,-1.26247018695912,0.971,0.991,5.17060204017316e-24,"GRCh38-RPS20","RPS20","4c"
7.57551910379163e-29,0.917997827482664,0.699,0.219,5.47725182242342e-24,"GRCm39-H3f3b","H3f3b","4c"
8.07117600026709e-29,1.10573027313442,0.728,0.313,5.83562167171311e-24,"GRCh38-TDP1","TDP1","4c"
1.06474310698127e-28,-2.03695219390271,0.796,0.969,7.698305612096e-24,"GRCh38-APOE","APOE","4c"
1.06609747575318e-28,-1.23681215666344,0.864,0.978,7.70809796919062e-24,"GRCh38-UQCRB","UQCRB","4c"
1.14241559660716e-28,1.04914462389256,0.718,0.273,8.25989324658905e-24,"GRCh38-CHAF1A","CHAF1A","4c"
1.26853917114789e-28,0.744290984941983,0.67,0.203,9.17179191523346e-24,"GRCm39-Lcn2","Lcn2","4c"
1.47350715408945e-28,1.20760073722584,0.553,0.179,1.06537514254975e-23,"GRCh38-DNA2","DNA2","4c"
2.42900286293114e-28,1.54130594534709,0.874,0.485,1.75621764995647e-23,"GRCh38-CEP135","CEP135","4c"
3.03399864007356e-28,-1.65645027089983,0.806,0.962,2.19364169674599e-23,"GRCh38-S100A4","S100A4","4c"
3.52915591532457e-28,0.950712559123459,0.553,0.16,2.55165030989797e-23,"GRCh38-UHRF1","UHRF1","4c"
3.58143000846599e-28,-1.33719064379618,0.35,0.83,2.58944552472108e-23,"GRCh38-SNHG18","SNHG18","4c"
3.61135293756395e-28,0.685204116963978,0.728,0.23,2.61108040091749e-23,"GRCm39-Fau","Fau","4c"
3.9311334325405e-28,1.37970890860617,0.786,0.379,2.84228809439543e-23,"GRCh38-CEP152","CEP152","4c"
3.93201401460767e-28,1.13110710773768,0.748,0.316,2.84292477284164e-23,"GRCh38-CENPN","CENPN","4c"
3.94361802865741e-28,-1.21657014080432,0.311,0.806,2.85131470707988e-23,"GRCh38-ZNF581","ZNF581","4c"
4.63250760993062e-28,1.9087845540241,0.806,0.491,3.34939565213204e-23,"GRCh38-JAG1","JAG1","4c"
5.02801850749663e-28,-1.22781982644226,0.816,0.971,3.63535794129022e-23,"GRCh38-EDF1","EDF1","4c"
5.10347072598341e-28,-1.65079105548054,0.631,0.883,3.68991140430053e-23,"GRCh38-MMP2","MMP2","4c"
5.34674929534203e-28,-1.35174894470201,0.942,0.983,3.8658066755182e-23,"GRCh38-SLC25A6","SLC25A6","4c"
5.51358077143159e-28,1.51599690779776,0.777,0.41,3.98642916936047e-23,"GRCh38-SPDL1","SPDL1","4c"
6.94244124586039e-28,0.52389073849823,0.282,0.05,5.01952386958198e-23,"GRCh38-ENSG00000249675","ENSG00000249675","4c"
7.10886235302963e-28,0.714578277304387,0.466,0.119,5.13984965848749e-23,"GRCh38-TCF19","TCF19","4c"
7.28137665098684e-28,1.09738888557235,0.709,0.277,5.26458094619651e-23,"GRCh38-ZWILCH","ZWILCH","4c"
7.50522149239762e-28,1.18588185898603,0.777,0.38,5.42642524343333e-23,"GRCh38-APAF1","APAF1","4c"
7.74641898511252e-28,-1.29757406290768,0.806,0.973,5.60081585461605e-23,"GRCh38-ELOB","ELOB","4c"
8.48130937791939e-28,2.22632966779252,0.456,0.119,6.13215630642327e-23,"GRCh38-ENSG00000250697","ENSG00000250697","4c"
8.83888266059252e-28,-1.38187195267653,0.748,0.954,6.39068894126161e-23,"GRCh38-S100A13","S100A13","4c"
9.9167874708695e-28,-1.28393582597337,0.883,0.979,7.17003567718807e-23,"GRCh38-SRP14","SRP14","4c"
1.17364392443094e-27,-1.160263921013,0.971,0.994,8.48568030242061e-23,"GRCh38-S100A6","S100A6","4c"
1.24045114120648e-27,-1.28381295317341,0.932,0.987,8.96870984115111e-23,"GRCh38-RPS17","RPS17","4c"
1.4339562571054e-27,0.847419039519038,0.602,0.202,1.03677905301235e-22,"GRCh38-HAUS8","HAUS8","4c"
1.52018396805681e-27,-2.26395261505036,0.087,0.67,1.09912341258443e-22,"GRCh38-AGT","AGT","4c"
1.58727858673316e-27,-1.28249227139978,0.592,0.926,1.14763416377981e-22,"GRCh38-TCEAL8","TCEAL8","4c"
1.64979917139987e-27,-1.23154861993504,0.748,0.945,1.19283779690554e-22,"GRCh38-BEX3","BEX3","4c"
1.75059915542969e-27,0.801697050453172,0.505,0.133,1.26571820135877e-22,"GRCm39-Cdkn1a","Cdkn1a","4c"
1.98213274901149e-27,1.15093759505381,0.699,0.291,1.43312162019029e-22,"GRCh38-DDX11","DDX11","4c"
2.14004932089907e-27,1.84886944731736,0.864,0.473,1.54729845999645e-22,"GRCh38-EPB41L2","EPB41L2","4c"
2.48589024154238e-27,1.4713550036827,0.515,0.15,1.79734836243997e-22,"GRCh38-HTR7","HTR7","4c"
2.70293497667962e-27,0.564054790643469,0.291,0.054,1.9542760468389e-22,"GRCh38-ENSG00000289194","ENSG00000289194","4c"
2.70596802939627e-27,-1.3132109856612,1,0.991,1.95646900461409e-22,"GRCh38-RPL23","RPL23","4c"
3.01361084841902e-27,0.515133952861319,0.311,0.061,2.17890091562392e-22,"GRCh38-HCG27","HCG27","4c"
4.1362817194639e-27,-1.11700923327939,0.806,0.973,2.99061440880679e-22,"GRCh38-SNRPD2","SNRPD2","4c"
4.22947170947771e-27,-1.73773988980148,0.33,0.798,3.05799263538657e-22,"GRCh38-MYL9","MYL9","4c"
4.64818565767206e-27,1.67023383944476,0.68,0.255,3.36073119421005e-22,"GRCh38-NECTIN1","NECTIN1","4c"
5.58995635919208e-27,-2.13461465714704,0.291,0.777,4.04165024682306e-22,"GRCh38-SELENOP","SELENOP","4c"
5.74395124625055e-27,0.336424608286408,0.194,0.026,4.15299163006407e-22,"GRCh38-ENSG00000287937","ENSG00000287937","4c"
6.3893539750699e-27,0.489693986316888,0.35,0.074,4.61963071105504e-22,"GRCh38-ENSG00000288552","ENSG00000288552","4c"
6.49048413526155e-27,0.468708871699319,0.272,0.047,4.6927498394768e-22,"GRCh38-FAM72B","FAM72B","4c"
6.7916567063145e-27,0.897194269694517,0.408,0.1,4.91050363179951e-22,"GRCh38-E2F8","E2F8","4c"
6.88791906308939e-27,0.780830462934211,0.709,0.234,4.98010324099489e-22,"GRCm39-Il1b","Il1b","4c"
7.6319702150853e-27,-1.36808813195721,0.524,0.909,5.51806710491097e-22,"GRCh38-SNHG19","SNHG19","4c"
7.81966210148787e-27,-1.20534053567396,0.942,0.979,5.65377209261776e-22,"GRCh38-HINT1","HINT1","4c"
8.26390675620175e-27,-1.28257773297781,0.689,0.959,5.97496986286899e-22,"GRCh38-NDUFB11","NDUFB11","4c"
8.72738549249989e-27,1.13562289673703,0.563,0.189,6.31007425878727e-22,"GRCh38-CCDC85C","CCDC85C","4c"
8.73536465699909e-27,-1.18229450887032,0.874,0.97,6.31584335430348e-22,"GRCh38-MZT2B","MZT2B","4c"
9.19776529407574e-27,1.52421908674107,0.825,0.522,6.65016826292264e-22,"GRCh38-DBF4","DBF4","4c"
1.02884863154278e-26,0.986161141153777,0.709,0.297,7.43878137578062e-22,"GRCh38-CNTROB","CNTROB","4c"
1.07776335391462e-26,1.12593813809259,0.67,0.249,7.79244460147345e-22,"GRCh38-OAS3","OAS3","4c"
1.12581760321021e-26,1.04121259384648,0.699,0.307,8.13988643473048e-22,"GRCh38-REEP4","REEP4","4c"
1.2036754999618e-26,1.55577651825984,0.951,0.81,8.70281459982378e-22,"GRCh38-CCDC88A","CCDC88A","4c"
1.21981570643722e-26,-1.17058555286715,0.68,0.953,8.81951152068239e-22,"GRCh38-MRPL36","MRPL36","4c"
1.30861764956158e-26,0.636828199465337,0.602,0.181,9.46156732986011e-22,"GRCm39-Cstdc5","Cstdc5","4c"
1.34816057987875e-26,1.12149477764824,0.903,0.529,9.74747062463933e-22,"GRCh38-PTTG1","PTTG1","4c"
1.37952670153277e-26,-1.38294772118616,0.447,0.874,9.97425395742224e-22,"GRCh38-NINJ1","NINJ1","4c"
1.43100902669221e-26,-1.16302163761156,0.971,0.994,1.034648146479e-21,"GRCh38-RPL27A","RPL27A","4c"
1.512235912065e-26,-1.2241364979507,0.718,0.955,1.09337680914123e-21,"GRCh38-RABAC1","RABAC1","4c"
1.54984688296061e-26,0.498724451368769,0.175,0.022,1.12057029331818e-21,"GRCh38-PRMT5-AS1","PRMT5-AS1","4c"
1.58054834077579e-26,-1.62215472893715,0.456,0.851,1.14276806134771e-21,"GRCh38-CYB5A","CYB5A","4c"
1.96641523387538e-26,-1.27980522821615,0.194,0.734,1.42175754239658e-21,"GRCh38-TNNT1","TNNT1","4c"
2.03180415289852e-26,-1.20836630981204,0.961,0.992,1.46903503862869e-21,"GRCh38-RPS21","RPS21","4c"
2.03190665810131e-26,2.03174644222801,0.592,0.206,1.46910915194041e-21,"GRCh38-LINC02377","LINC02377","4c"
2.03702855058692e-26,0.676860847587124,0.417,0.099,1.47281238264536e-21,"GRCh38-CDC45","CDC45","4c"
2.162867062634e-26,1.27252435775506,0.631,0.241,1.56379614362564e-21,"GRCh38-LIN9","LIN9","4c"
2.55094993668463e-26,-1.09162048709348,0.524,0.923,1.84438782322172e-21,"GRCh38-SMIM26","SMIM26","4c"
2.65980671351866e-26,-1.71238085542436,0.117,0.683,1.92309345000826e-21,"GRCh38-CD24","CD24","4c"
2.76229815358255e-26,-1.16341420778818,0.835,0.972,1.99719681100325e-21,"GRCh38-NDUFA4","NDUFA4","4c"
2.84192139422479e-26,-2.37147366421581,0.641,0.898,2.05476600645241e-21,"GRCh38-MGP","MGP","4c"
2.9732523409682e-26,1.87242109018094,0.806,0.395,2.14972090756683e-21,"GRCh38-MCTP1","MCTP1","4c"
3.03621700416626e-26,0.339133427725141,0.175,0.022,2.19524561835229e-21,"GRCh38-CSRP3-AS1","CSRP3-AS1","4c"
3.09485977865566e-26,-1.12426139014448,0.786,0.965,2.23764551716362e-21,"GRCh38-NDUFA1","NDUFA1","4c"
3.33092494295471e-26,0.786219866171368,0.223,0.034,2.40832535225511e-21,"GRCh38-NPFFR2","NPFFR2","4c"
3.43853916123288e-26,-1.17798282446034,0.854,0.973,2.4861325843546e-21,"GRCh38-TSPO","TSPO","4c"
3.73588491452731e-26,0.837086199213314,0.689,0.251,2.70111951090154e-21,"GRCh38-TYMS","TYMS","4c"
3.93734151034227e-26,0.823327860181306,0.417,0.108,2.84677665880767e-21,"GRCh38-ORC1","ORC1","4c"
3.96418355698935e-26,1.57855646072184,0.563,0.178,2.86618399537444e-21,"GRCh38-PPP4R4","PPP4R4","4c"
4.20132162316261e-26,-1.28943133991209,0.816,0.966,3.03763955997903e-21,"GRCh38-PNRC1","PNRC1","4c"
4.70107947570643e-26,-1.34021479968219,0.291,0.798,3.39897448252526e-21,"GRCh38-CTSF","CTSF","4c"
5.10554667081746e-26,0.804057189830003,0.194,0.027,3.69141235393444e-21,"GRCh38-PLCZ1","PLCZ1","4c"
5.82434734752528e-26,-1.02754212065397,0.67,0.957,4.21111961920773e-21,"GRCh38-WDR83OS","WDR83OS","4c"
6.48290609495764e-26,0.708451083565247,0.592,0.179,4.68727076477628e-21,"GRCm39-mt-Co3","mt-Co3","4c"
6.63457610291355e-26,-1.31976899924186,0.932,0.981,4.79693121392856e-21,"GRCh38-H3-3A","H3-3A","4c"
6.77045560802166e-26,-1.13546679240579,0.864,0.968,4.89517481371182e-21,"GRCh38-NDUFA13","NDUFA13","4c"
7.76156607626278e-26,-1.04806067480054,0.728,0.961,5.61176750445951e-21,"GRCh38-ATP5PO","ATP5PO","4c"
9.38228889622109e-26,1.36547928066545,0.612,0.217,6.78358251774577e-21,"GRCh38-PRSS12","PRSS12","4c"
9.95671840235426e-26,0.590116853961159,0.359,0.081,7.19890653927018e-21,"GRCh38-PAK6","PAK6","4c"
1.04087078997023e-25,-1.07781336211515,0.777,0.959,7.52570398564273e-21,"GRCh38-RBIS","RBIS","4c"
1.07121161682387e-25,1.29517240758646,0.592,0.194,7.74507423195992e-21,"GRCh38-CLDN1","CLDN1","4c"
1.08958421779506e-25,-1.15829216735273,0.845,0.972,7.87791181150182e-21,"GRCh38-ESD","ESD","4c"
1.08965782595508e-25,1.23322412748685,0.66,0.273,7.87844401322041e-21,"GRCh38-FANCM","FANCM","4c"
1.30461498638299e-25,0.602940995413181,0.631,0.197,9.43262727454632e-21,"GRCm39-Fcer1g","Fcer1g","4c"
1.30505318564961e-25,0.803955461672351,0.67,0.222,9.4357955428838e-21,"GRCm39-Tpt1","Tpt1","4c"
1.57622507762259e-25,1.81970996496831,0.748,0.351,1.13964225562269e-20,"GRCh38-CRYBG1","CRYBG1","4c"
1.64762884939855e-25,-1.04380139136974,0.99,0.997,1.19126861069214e-20,"GRCh38-RPLP2","RPLP2","4c"
1.72496679950042e-25,0.752815935705209,0.476,0.131,1.24718549537479e-20,"GRCh38-ANK1","ANK1","4c"
1.72502865602757e-25,-0.995089597659961,0.845,0.974,1.24723021888105e-20,"GRCh38-NSA2","NSA2","4c"
1.87928666071175e-25,-1.27281641560273,0.68,0.942,1.35876184142781e-20,"GRCh38-ARL2","ARL2","4c"
1.92099576388444e-25,-1.56666751609789,0.728,0.937,1.38891835720373e-20,"GRCh38-SNHG25","SNHG25","4c"
1.95039908385103e-25,0.773056628132797,0.534,0.165,1.41017754560597e-20,"GRCh38-SP4","SP4","4c"
1.98192994605113e-25,1.24334294940918,0.718,0.285,1.43297498959389e-20,"GRCh38-SDC1","SDC1","4c"
2.16149603899957e-25,0.255682255222269,0.175,0.022,1.56280486611747e-20,"GRCh38-CD101-AS1","CD101-AS1","4c"
2.23350996561147e-25,-1.08426241626716,0.845,0.972,1.6148723753364e-20,"GRCh38-POLR1D","POLR1D","4c"
2.29718047754807e-25,1.19937061580855,0.757,0.368,1.66090742887681e-20,"GRCh38-KMT5A","KMT5A","4c"
2.48341346183599e-25,0.374120905695544,0.252,0.044,1.79555760117666e-20,"GRCh38-FAM72A","FAM72A","4c"
2.65748045525637e-25,0.56954187065316,0.583,0.174,1.92141151875946e-20,"GRCm39-Cebpb","Cebpb","4c"
2.7694024397255e-25,-1.10677817204182,0.728,0.959,2.00233335197033e-20,"GRCh38-CSNK2B","CSNK2B","4c"
2.78891785579926e-25,0.861977312611401,0.505,0.151,2.01644338809998e-20,"GRCh38-DHRS3","DHRS3","4c"
3.09500400485999e-25,-1.34260440469366,0.524,0.846,2.23774979559387e-20,"GRCh38-PAGE5","PAGE5","4c"
3.80318536300036e-25,0.629734851588283,0.612,0.188,2.74977908115652e-20,"GRCm39-Cstdc4","Cstdc4","4c"
3.94496914110625e-25,-1.32832560854701,0.602,0.918,2.85229158840264e-20,"GRCh38-GNG11","GNG11","4c"
4.25854147000371e-25,-1.0395641373871,0.883,0.974,3.07901065364208e-20,"GRCh38-CST3","CST3","4c"
4.59573381653679e-25,1.71946492078128,0.932,0.69,3.32280746403243e-20,"GRCh38-CEP192","CEP192","4c"
4.96066787294403e-25,1.13399291318172,0.825,0.467,3.586662085496e-20,"GRCh38-DHFR","DHFR","4c"
5.74117146732971e-25,0.973105546023923,0.35,0.081,4.15098179430873e-20,"GRCh38-ENSG00000287621","ENSG00000287621","4c"
6.22241149544751e-25,0.977209951197224,0.476,0.133,4.49892795943846e-20,"GRCh38-ADGRG1","ADGRG1","4c"
6.91024356569658e-25,-0.9927009263207,0.466,0.893,4.99624430286994e-20,"GRCh38-DPM3","DPM3","4c"
7.59495485370813e-25,-1.07655664731212,0.777,0.963,5.49130425832805e-20,"GRCh38-TMEM14C","TMEM14C","4c"
8.51489289956469e-25,1.27445862493639,0.728,0.292,6.15643786424326e-20,"GRCh38-MIR205HG","MIR205HG","4c"
8.5660187776662e-25,1.91032263603057,0.942,0.789,6.19340289662821e-20,"GRCh38-NSD2","NSD2","4c"
8.87090220618226e-25,0.467129516302107,0.175,0.023,6.4138397131139e-20,"GRCh38-MYH15","MYH15","4c"
9.31124374652779e-25,1.86712003913174,0.971,0.98,6.73221545361452e-20,"GRCh38-MT-ATP6","MT-ATP6","4c"
1.02617442197236e-24,-1.01497021856288,0.631,0.915,7.41944630574456e-20,"GRCh38-SMDT1","SMDT1","4c"
1.08141272639879e-24,-1.17597793535175,0.748,0.961,7.81883029440854e-20,"GRCh38-OST4","OST4","4c"
1.33376219826534e-24,-1.19270570347675,0.913,0.984,9.64336744589806e-20,"GRCh38-NME2","NME2","4c"
1.33525843602472e-24,-1.41770831227435,0.602,0.933,9.65418554414592e-20,"GRCh38-DUSP23","DUSP23","4c"
1.59507293995382e-24,1.33000836188761,0.757,0.368,1.15326963704541e-19,"GRCh38-HELLS","HELLS","4c"
1.65528107158039e-24,-1.08426494376742,0.903,0.973,1.19680132037405e-19,"GRCh38-EIF3E","EIF3E","4c"
1.72131018404631e-24,0.608894075404684,0.35,0.081,1.24454168926916e-19,"GRCh38-ENSG00000197332","ENSG00000197332","4c"
1.76000537931377e-24,1.40569833153973,0.835,0.521,1.27251908935145e-19,"GRCh38-NCAPD3","NCAPD3","4c"
2.10731397423069e-24,-1.16711441688099,0.466,0.862,1.52363014964827e-19,"GRCh38-NME4","NME4","4c"
2.22687158795143e-24,-1.05572890931354,0.699,0.959,1.61007269552064e-19,"GRCh38-C19orf53","C19orf53","4c"
2.43507115814793e-24,-1.08960695826636,0.291,0.758,1.76060514876412e-19,"GRCh38-TRAPPC6A","TRAPPC6A","4c"
2.5493843499498e-24,1.80484582820529,0.68,0.262,1.8432558727007e-19,"GRCh38-GPC6","GPC6","4c"
2.56426340871452e-24,0.50352775902057,0.243,0.042,1.85401372976877e-19,"GRCh38-STARD8","STARD8","4c"
2.9127133419329e-24,1.34563837098437,0.825,0.473,2.10595000048432e-19,"GRCh38-VRK1","VRK1","4c"
2.92198874339404e-24,-1.16201394540193,0.709,0.941,2.11265630124876e-19,"GRCh38-SERPINB1","SERPINB1","4c"
2.92317890158771e-24,-1.07842743737718,0.903,0.978,2.11351680942595e-19,"GRCh38-PRDX5","PRDX5","4c"
2.93001770883667e-24,-1.03638671628802,0.631,0.917,2.11846140384309e-19,"GRCh38-MYL6B","MYL6B","4c"
3.02985440147316e-24,0.586557267690739,0.641,0.203,2.19064532935312e-19,"GRCm39-Rps14","Rps14","4c"
3.21075717789819e-24,1.20041607512713,0.777,0.402,2.32144165476395e-19,"GRCh38-NUP205","NUP205","4c"
3.2485784348275e-24,-0.914956022926078,0.903,0.967,2.34878717994898e-19,"GRCh38-CTSD","CTSD","4c"
3.48157273135294e-24,1.27420618941958,0.796,0.464,2.5172467162228e-19,"GRCh38-ATL2","ATL2","4c"
3.96386981577383e-24,-0.967930668091517,0.738,0.953,2.86595715420079e-19,"GRCh38-RAB13","RAB13","4c"
3.98602269298021e-24,1.64965618984102,0.951,0.972,2.88197412747855e-19,"GRCh38-MT-ND1","MT-ND1","4c"
4.29037430595326e-24,0.892643318349857,0.66,0.219,3.10202643069033e-19,"GRCm39-Actg1","Actg1","4c"
4.37967151933749e-24,-2.13524992135952,0.087,0.623,3.16659010191139e-19,"GRCh38-BEX1","BEX1","4c"
4.69468139274385e-24,0.731283467704601,0.379,0.093,3.39434854058166e-19,"GRCh38-AUNIP","AUNIP","4c"
4.70802529081381e-24,-0.987890490624371,0.631,0.954,3.4039964457642e-19,"GRCh38-UQCR10","UQCR10","4c"
4.82361476738779e-24,-1.08328469155803,0.893,0.981,3.48756994911672e-19,"GRCh38-COX4I1","COX4I1","4c"
4.89835885338804e-24,1.35724026097315,0.728,0.32,3.54161141817662e-19,"GRCh38-NCEH1","NCEH1","4c"
4.90523011459598e-24,1.45070863822572,0.874,0.584,3.54657947745518e-19,"GRCh38-RFC3","RFC3","4c"
5.0762846525114e-24,0.950897299973511,0.476,0.143,3.67025532945879e-19,"GRCh38-CRISPLD1","CRISPLD1","4c"
5.56228122268607e-24,-1.11105766582948,1,0.997,4.02164056962648e-19,"GRCh38-TMSB10","TMSB10","4c"
5.62968014028698e-24,1.03594679870551,0.573,0.203,4.07037133503029e-19,"GRCh38-ENSG00000286153","ENSG00000286153","4c"
5.66916300504181e-24,2.18957995768178,0.447,0.131,4.09891823590533e-19,"GRCh38-DLGAP1","DLGAP1","4c"
5.78750103723086e-24,0.664073192631289,0.553,0.167,4.18447899993866e-19,"GRCm39-mt-Atp6","mt-Atp6","4c"
5.96860055560452e-24,-1.11573937780902,0.631,0.936,4.31541757371318e-19,"GRCh38-PHPT1","PHPT1","4c"
6.72290242102174e-24,-1.07661772540281,0.757,0.952,4.86079290844714e-19,"GRCh38-SF3B6","SF3B6","4c"
6.76551717418856e-24,0.612127561986342,0.369,0.088,4.89160422728182e-19,"GRCh38-LINC01812","LINC01812","4c"
6.9977791277877e-24,-1.21144772404597,0.738,0.938,5.05953426497306e-19,"GRCh38-SNHG7","SNHG7","4c"
7.18126820879453e-24,1.17949770849978,0.796,0.431,5.19220054032262e-19,"GRCh38-RFWD3","RFWD3","4c"
7.5646453116575e-24,-1.0656149198359,0.981,0.988,5.46938985323461e-19,"GRCh38-NAP1L1","NAP1L1","4c"
7.94824669661993e-24,-1.06976667993092,0.99,0.99,5.74674132659014e-19,"GRCh38-RPL4","RPL4","4c"
8.52340506340985e-24,-1.08041275968676,0.854,0.972,6.16259232894659e-19,"GRCh38-RNASEK","RNASEK","4c"
8.87306854583916e-24,-1.06254575523714,0.282,0.785,6.41540602001263e-19,"GRCh38-HSBP1L1","HSBP1L1","4c"
9.32074581285788e-24,1.84927314857863,0.971,0.974,6.7390856376125e-19,"GRCh38-MT-ND2","MT-ND2","4c"
9.43749290598809e-24,0.547608582679428,0.563,0.17,6.82349612088751e-19,"GRCm39-Stfa2l1","Stfa2l1","4c"
1.00893395509381e-23,0.574651878020542,0.573,0.174,7.29479428211927e-19,"GRCm39-Rpl13","Rpl13","4c"
1.01660147435732e-23,0.750175858471748,0.417,0.11,7.35023197989829e-19,"GRCh38-H2BC4","H2BC4","4c"
1.13393798130389e-23,1.7202568178279,0.272,0.053,8.19859839242337e-19,"GRCh38-PIK3C2G","PIK3C2G","4c"
1.1694706370572e-23,-1.02728473192675,0.845,0.974,8.45550660005095e-19,"GRCh38-UQCRH","UQCRH","4c"
1.27101495344137e-23,-1.02288210603605,0.757,0.951,9.18969231637179e-19,"GRCh38-UBXN1","UBXN1","4c"
1.28728683207319e-23,1.80577003319677,0.359,0.087,9.30734125325556e-19,"GRCh38-KIAA1549L","KIAA1549L","4c"
1.35757834473427e-23,0.624069500542169,0.602,0.194,9.8155629480977e-19,"GRCm39-Il1r2","Il1r2","4c"
1.55404185152122e-23,-0.94730642540091,0.796,0.968,1.12360333948687e-18,"GRCh38-SNHG6","SNHG6","4c"
1.68890884055778e-23,0.979524983283734,0.757,0.371,1.22111486990009e-18,"GRCh38-SASS6","SASS6","4c"
1.71175550978299e-23,1.17806166996949,0.32,0.07,1.2376334686833e-18,"GRCh38-ENSG00000286797","ENSG00000286797","4c"
1.73114006493787e-23,-1.05321332830684,0.718,0.953,1.25164888975138e-18,"GRCh38-ZNHIT1","ZNHIT1","4c"
1.77609742337797e-23,-1.06086418641591,0.631,0.93,1.28415395905074e-18,"GRCh38-BLVRB","BLVRB","4c"
1.80508471309678e-23,-0.969981266356949,0.932,0.986,1.30511234926324e-18,"GRCh38-EIF1","EIF1","4c"
2.08064642270285e-23,0.934725262085309,0.388,0.103,1.50434897654261e-18,"GRCh38-ENSG00000286163","ENSG00000286163","4c"
2.15651469763609e-23,1.0871048415154,0.515,0.158,1.55920325668484e-18,"GRCh38-ENSG00000287544","ENSG00000287544","4c"
2.25573033119183e-23,-1.06235451180208,0.67,0.933,1.63093814405832e-18,"GRCh38-MPG","MPG","4c"
2.43306495908011e-23,1.71989338805667,0.757,0.365,1.7591546267141e-18,"GRCh38-SLC22A23","SLC22A23","4c"
2.52290206021894e-23,0.949920681680702,0.641,0.254,1.8241086475795e-18,"GRCh38-SLC25A25","SLC25A25","4c"
2.6318142897988e-23,1.98833397075124,0.845,0.582,1.90285436781033e-18,"GRCh38-SPATA5","SPATA5","4c"
2.69943816240745e-23,0.672293625125854,0.641,0.212,1.95174778018383e-18,"GRCm39-Ifitm2","Ifitm2","4c"
2.79754608390218e-23,0.983949504316252,0.602,0.233,2.02268176958296e-18,"GRCh38-ENSG00000278996","ENSG00000278996","4c"
2.86790194826114e-23,-0.99534550480764,0.767,0.961,2.07355046663177e-18,"GRCh38-NENF","NENF","4c"
2.90875626708607e-23,-1.06383910847315,0.485,0.869,2.10308895622857e-18,"GRCh38-RRAS","RRAS","4c"
2.92487523921688e-23,-1.03078033855294,0.621,0.917,2.11474329545859e-18,"GRCh38-CSAG1","CSAG1","4c"
2.97651134562552e-23,-1.03560215565998,0.893,0.965,2.15207723311417e-18,"GRCh38-KDELR1","KDELR1","4c"
3.07214226708834e-23,-0.979918670666093,0.854,0.972,2.22122030195021e-18,"GRCh38-RPL36AL","RPL36AL","4c"
3.2285144192818e-23,0.81108419892821,0.34,0.079,2.33428049542913e-18,"GRCh38-DYNC1I1","DYNC1I1","4c"
3.34424417287645e-23,-1.06560483665805,0.942,0.986,2.41795542187313e-18,"GRCh38-MYL6","MYL6","4c"
4.03920655405481e-23,-0.964674274108698,0.583,0.891,2.92042712271271e-18,"GRCh38-EPB41L4A-AS1","EPB41L4A-AS1","4c"
4.20962335489325e-23,-0.976775097956581,0.777,0.965,3.04364187805492e-18,"GRCh38-UBL5","UBL5","4c"
4.32254193696737e-23,-0.990165969936468,0.738,0.949,3.12528427126615e-18,"GRCh38-CIAO2B","CIAO2B","4c"
4.34637026363707e-23,0.834164013881033,0.272,0.054,3.14251262801488e-18,"GRCh38-ENSG00000234464","ENSG00000234464","4c"
4.52532137210254e-23,1.04992459664027,0.825,0.479,3.27189785845758e-18,"GRCh38-LMTK2","LMTK2","4c"
4.62962210735565e-23,1.11842302139724,0.689,0.312,3.34730937606028e-18,"GRCh38-LMNB2","LMNB2","4c"
5.33070476380419e-23,0.853396181653655,0.583,0.194,3.8542061583257e-18,"GRCh38-OAS2","OAS2","4c"
5.33093688053019e-23,1.12788420818235,0.67,0.323,3.85437398336094e-18,"GRCh38-ZNF107","ZNF107","4c"
5.82694642247758e-23,-1.06504766917899,0.515,0.872,4.21299880237974e-18,"GRCh38-RGS10","RGS10","4c"
5.8887190209749e-23,1.01136410320307,0.573,0.226,4.25766162654527e-18,"GRCh38-PSRC1","PSRC1","4c"
6.38643413902879e-23,-1.85759627300176,0.126,0.623,4.6175196112006e-18,"GRCh38-CCN3","CCN3","4c"
6.4871257227105e-23,-1.00440950154924,0.495,0.887,4.69032164003414e-18,"GRCh38-RBMX2","RBMX2","4c"
6.55375782154257e-23,-1.23732304911792,0.806,0.973,4.73849798013171e-18,"GRCh38-PRDX2","PRDX2","4c"
7.20605921791148e-23,-0.92979119079734,0.583,0.91,5.21012493573436e-18,"GRCh38-MRPS33","MRPS33","4c"
7.66108454677251e-23,-1.03020071458557,0.524,0.899,5.53911734900746e-18,"GRCh38-MIEN1","MIEN1","4c"
7.73096370910465e-23,1.67781466051257,0.932,0.932,5.58964138095685e-18,"GRCh38-MT-ATP8","MT-ATP8","4c"
7.73226624091651e-23,-1.03325895391604,0.709,0.933,5.59058313750745e-18,"GRCh38-CAMLG","CAMLG","4c"
9.12185063937874e-23,-1.00065209859824,0.922,0.98,6.59528044928361e-18,"GRCh38-CD63","CD63","4c"
9.57833001328967e-23,0.654665479293027,0.34,0.081,6.9253241662087e-18,"GRCh38-NID1","NID1","4c"
9.7758646061601e-23,1.40951687873867,0.854,0.547,7.06814562754587e-18,"GRCh38-KIAA0586","KIAA0586","4c"
1.0307630043738e-22,0.990301625856963,0.583,0.224,7.45262267422347e-18,"GRCh38-CENPL","CENPL","4c"
1.05083311312909e-22,-1.11988799477997,0.709,0.956,7.59773357454592e-18,"GRCh38-GADD45GIP1","GADD45GIP1","4c"
1.09053309302037e-22,0.309483534365637,0.252,0.047,7.88477236915587e-18,"GRCh38-ENSG00000254409","ENSG00000254409","4c"
1.1038010153586e-22,1.05956380200366,0.631,0.256,7.98070210124576e-18,"GRCh38-NOTCH1","NOTCH1","4c"
1.13884548881762e-22,-1.18686724561283,0.592,0.904,8.23408065324918e-18,"GRCh38-TCEAL3","TCEAL3","4c"
1.16381089048348e-22,1.4810811118261,0.903,0.705,8.41458550037368e-18,"GRCh38-G2E3","G2E3","4c"
1.1642361667326e-22,0.617418234280439,0.243,0.044,8.41766033271006e-18,"GRCh38-LINC01630","LINC01630","4c"
1.18051915477616e-22,1.02004868159204,0.417,0.114,8.53538959286261e-18,"GRCh38-ACER2","ACER2","4c"
1.19753387851924e-22,0.928679500326084,0.553,0.196,8.65840944846979e-18,"GRCh38-CHRNA5","CHRNA5","4c"
1.19924266884167e-22,-0.971180726341258,0.534,0.872,8.67076434425907e-18,"GRCh38-COX14","COX14","4c"
1.21531978665737e-22,-1.02209220332578,0.825,0.967,8.78700512149014e-18,"GRCh38-EIF3K","EIF3K","4c"
1.27327118961112e-22,-1.0922259345815,0.922,0.976,9.20600535512632e-18,"GRCh38-ZFAS1","ZFAS1","4c"
1.31079697828977e-22,1.57507524508658,0.806,0.53,9.47732431243068e-18,"GRCh38-CENPJ","CENPJ","4c"
1.3638578797645e-22,-1.13894522352172,0.748,0.946,9.86096524227327e-18,"GRCh38-UXT","UXT","4c"
1.37342349253896e-22,1.53966549929255,0.913,0.689,9.93012653575517e-18,"GRCh38-IPO11","IPO11","4c"
1.41504990767941e-22,0.394473167172127,0.388,0.097,1.02310938425036e-17,"GRCm39-Eif4a1","Eif4a1","4c"
1.44664194474088e-22,-1.13604627627051,0.447,0.825,1.04595105888655e-17,"GRCh38-NPDC1","NPDC1","4c"
1.54326922513918e-22,1.69279957335519,0.602,0.246,1.11581451516013e-17,"GRCh38-SH3RF2","SH3RF2","4c"
1.54697253502619e-22,0.555707215638857,0.563,0.176,1.11849208227464e-17,"GRCm39-Rps8","Rps8","4c"
1.56115780867245e-22,-0.989327415362353,0.874,0.974,1.12874831882636e-17,"GRCh38-COX7A2","COX7A2","4c"
1.56417784795279e-22,0.527749389993551,0.408,0.103,1.13093186762683e-17,"GRCh38-MCM10","MCM10","4c"
1.57105455649905e-22,-1.13064420416388,0.748,0.963,1.13590386543994e-17,"GRCh38-COX7B","COX7B","4c"
1.60776634995996e-22,-1.06485453768272,0.563,0.907,1.16244722634805e-17,"GRCh38-NME3","NME3","4c"
1.63858619954197e-22,0.777207245688985,0.641,0.227,1.18473059399284e-17,"GRCm39-Wfdc17","Wfdc17","4c"
1.64403993401333e-22,0.768035274921801,0.107,0.01,1.18867375309032e-17,"GRCh38-ENSG00000255648","ENSG00000255648","4c"
1.68710631747129e-22,0.620991321466779,0.563,0.178,1.21981160965809e-17,"GRCm39-Prdx5","Prdx5","4c"
1.69874263473003e-22,0.716723585182673,0.583,0.191,1.22822489976251e-17,"GRCm39-mt-Co1","mt-Co1","4c"
1.86378589069831e-22,0.828906192990599,0.291,0.062,1.34755447469269e-17,"GRCh38-ENSG00000229021","ENSG00000229021","4c"
2.01548997225077e-22,-1.01208938941762,0.738,0.958,1.45723955973675e-17,"GRCh38-ATP5PD","ATP5PD","4c"
2.07157644182611e-22,0.594336894046677,0.456,0.139,1.49779119896912e-17,"GRCh38-YOD1","YOD1","4c"
2.0934065279755e-22,-1.02738733293743,0.524,0.858,1.51357478785684e-17,"GRCh38-TCEA2","TCEA2","4c"
2.26131509488076e-22,0.479113259390154,0.262,0.051,1.63497603990069e-17,"GRCh38-STYK1","STYK1","4c"
2.36079299310777e-22,0.439075466208052,0.204,0.033,1.70690054987678e-17,"GRCh38-MYLK2","MYLK2","4c"
2.52080300127421e-22,-0.971364766547743,0.767,0.956,1.82259098598128e-17,"GRCh38-MRPS24","MRPS24","4c"
2.8083590341183e-22,0.962535664621207,0.456,0.139,2.03049974884821e-17,"GRCh38-FAM83B","FAM83B","4c"
2.93106200400308e-22,1.32785982738731,0.893,0.633,2.11921645013431e-17,"GRCh38-SMC2","SMC2","4c"
2.93621642847948e-22,0.493471919921919,0.456,0.125,2.12294320211923e-17,"GRCh38-MDFI","MDFI","4c"
3.5645559306387e-22,1.95350775165341,0.932,0.87,2.57724522897039e-17,"GRCh38-RUNX1","RUNX1","4c"
3.56603822530983e-22,-0.911848738834716,0.932,0.978,2.57831695766351e-17,"GRCh38-ST13","ST13","4c"
3.68304528060943e-22,-0.983935318564261,0.806,0.961,2.66291539878623e-17,"GRCh38-NOP53","NOP53","4c"
3.86272454175258e-22,0.986344891804566,0.233,0.042,2.79282709817795e-17,"GRCh38-ABCB1","ABCB1","4c"
3.91178942935766e-22,0.859419430073827,0.34,0.084,2.82830199321418e-17,"GRCh38-LIN28B","LIN28B","4c"
4.14478867509826e-22,-1.0341610884349,0.68,0.93,2.99676510786954e-17,"GRCh38-IDH3G","IDH3G","4c"
4.35575041366065e-22,-1.10959539687472,0.961,0.99,3.14929466408493e-17,"GRCh38-EEF1G","EEF1G","4c"
4.55772313926904e-22,1.12833075163371,0.806,0.473,3.2953249841543e-17,"GRCh38-KCTD9","KCTD9","4c"
4.62802715165446e-22,1.35314536536223,0.796,0.484,3.34615619118921e-17,"GRCh38-CKAP2","CKAP2","4c"
4.67791052734257e-22,0.722884297579228,0.35,0.087,3.38222286947922e-17,"GRCh38-ANKRD18A","ANKRD18A","4c"
4.91282330939643e-22,0.825455853907932,0.738,0.351,3.55206950915981e-17,"GRCh38-MAD2L1","MAD2L1","4c"
5.14468452806505e-22,0.689467100785396,0.592,0.195,3.7197098074816e-17,"GRCm39-Eef1a1","Eef1a1","4c"
5.27377776266608e-22,1.42309668539007,0.99,0.895,3.81304679796283e-17,"GRCh38-XPO1","XPO1","4c"
5.28125451041894e-22,0.726787363757632,0.194,0.031,3.8184526361231e-17,"GRCh38-TSHZ3","TSHZ3","4c"
5.42370050694172e-22,1.13549241030891,0.553,0.199,3.92144394052901e-17,"GRCh38-PALMD","PALMD","4c"
5.95916919425307e-22,1.59771515613399,0.971,0.982,4.30859851082886e-17,"GRCh38-MT-ND4","MT-ND4","4c"
6.49908957339193e-22,1.36993943447995,0.835,0.522,4.69897174335383e-17,"GRCh38-RANGAP1","RANGAP1","4c"
6.79674878103508e-22,0.734766257574851,0.466,0.151,4.91418530366398e-17,"GRCh38-ENSG00000272800","ENSG00000272800","4c"
7.19954010752594e-22,1.07241096490761,0.417,0.121,5.2054114885434e-17,"GRCh38-LINC01322","LINC01322","4c"
7.36081297203112e-22,0.627426746689794,0.602,0.198,5.32201499503794e-17,"GRCm39-Tyrobp","Tyrobp","4c"
7.75223674453203e-22,0.848559130223126,0.553,0.207,5.60502221103155e-17,"GRCh38-FAM53B","FAM53B","4c"
8.47459194649095e-22,-0.976699832587039,0.748,0.965,6.12729946915189e-17,"GRCh38-CUTA","CUTA","4c"
9.1009292790808e-22,-0.914429701003511,0.553,0.904,6.580153887361e-17,"GRCh38-PPCS","PPCS","4c"
9.17159092496387e-22,1.24334908270013,0.689,0.327,6.63124367056737e-17,"GRCh38-MTBP","MTBP","4c"
9.55334634871118e-22,-0.903416058211937,0.505,0.894,6.90726047704516e-17,"GRCh38-ETHE1","ETHE1","4c"
9.66450208383055e-22,1.8212309987106,0.922,0.808,6.98762829665116e-17,"GRCh38-FAT1","FAT1","4c"
9.86897438629267e-22,0.585688096009172,0.534,0.167,7.13546586077732e-17,"GRCm39-Junb","Junb","4c"
1.05910198302057e-21,-0.962639617238091,0.864,0.973,7.6575191576353e-17,"GRCh38-COX6B1","COX6B1","4c"
1.08402181487837e-21,0.936986713727293,0.146,0.018,7.83769452593356e-17,"GRCh38-LRRTM3","LRRTM3","4c"
1.09086645189445e-21,-0.979070294523747,0.777,0.969,7.88718262048724e-17,"GRCh38-COX6C","COX6C","4c"
1.15037795911935e-21,-0.985736369316325,0.951,0.982,8.3174627200247e-17,"GRCh38-SNHG5","SNHG5","4c"
1.28889879992266e-21,0.566596470855108,0.243,0.046,9.31899610320083e-17,"GRCh38-MIR4280HG","MIR4280HG","4c"
1.418112897453e-21,-1.78468118731686,0.369,0.775,1.02532398711647e-16,"GRCh38-SNED1","SNED1","4c"
1.52733739062963e-21,-1.01659816751423,0.689,0.945,1.10429548017304e-16,"GRCh38-ATRAID","ATRAID","4c"
1.69696394968961e-21,1.46575007273205,0.699,0.344,1.22693887490458e-16,"GRCh38-CELSR1","CELSR1","4c"
1.80424420321125e-21,-0.895155432205219,0.214,0.718,1.3045046438058e-16,"GRCh38-SMIM11","SMIM11","4c"
2.06769016002565e-21,1.53831627267362,0.883,0.656,1.49498133950174e-16,"GRCh38-NDE1","NDE1","4c"
2.23888581359628e-21,1.25361753800964,0.816,0.502,1.61875922094639e-16,"GRCh38-EZH2","EZH2","4c"
2.24507362149602e-21,1.606892192591,0.835,0.619,1.62323312981406e-16,"GRCh38-PRIM2","PRIM2","4c"
2.24766309911115e-21,-1.02006219640972,0.709,0.944,1.62510537391935e-16,"GRCh38-SF3B5","SF3B5","4c"
2.54306473970872e-21,1.43245788104365,0.835,0.588,1.8386866681042e-16,"GRCh38-RRM1","RRM1","4c"
2.58884918598301e-21,0.94482658545553,0.699,0.312,1.87178973844944e-16,"GRCh38-DSN1","DSN1","4c"
2.79659872558964e-21,-1.05955487121,0.718,0.953,2.02199681057582e-16,"GRCh38-ROMO1","ROMO1","4c"
2.82818399595893e-21,1.20945656854103,0.777,0.433,2.04483359275822e-16,"GRCh38-NET1","NET1","4c"
3.04712060847757e-21,-0.990962766184928,0.971,0.98,2.20312914234145e-16,"GRCh38-EEF1D","EEF1D","4c"
3.16727363906703e-21,-1.06975838440129,0.709,0.947,2.29000218651825e-16,"GRCh38-RHOC","RHOC","4c"
3.41505242758211e-21,0.695204983484731,0.359,0.093,2.46915120619042e-16,"GRCh38-CYP2U1-AS1","CYP2U1-AS1","4c"
3.41996832918196e-21,1.30500969849402,0.883,0.673,2.47270550136514e-16,"GRCh38-NUP155","NUP155","4c"
3.62458672028334e-21,0.708527027259744,0.379,0.104,2.62064869049926e-16,"GRCh38-ENSG00000289985","ENSG00000289985","4c"
3.71869079118515e-21,1.65642235910198,0.874,0.627,2.68868781584269e-16,"GRCh38-HMGCS1","HMGCS1","4c"
3.94397302426145e-21,0.943034930907174,0.835,0.462,2.85157137600151e-16,"GRCh38-CKS1B","CKS1B","4c"
3.99450242666641e-21,1.36690282371421,0.417,0.127,2.88810514452835e-16,"GRCh38-FLI1","FLI1","4c"
4.03618287892354e-21,-0.997780748592192,0.699,0.936,2.91824094511929e-16,"GRCh38-PGLS","PGLS","4c"
4.06955336145913e-21,0.509908598706897,0.553,0.178,2.94236847140218e-16,"GRCm39-Rps9","Rps9","4c"
4.707846294997e-21,1.51440596487101,0.854,0.597,3.40386702820873e-16,"GRCh38-PCNT","PCNT","4c"
5.17861434376834e-21,-1.06532303412422,0.146,0.632,3.74424174283138e-16,"GRCh38-RASSF4","RASSF4","4c"
5.18085538051832e-21,-0.831224874997658,0.767,0.968,3.74586205722235e-16,"GRCh38-ATP5MK","ATP5MK","4c"
5.25606281009353e-21,0.412950770694272,0.369,0.093,3.80023853295382e-16,"GRCh38-APOBEC3B","APOBEC3B","4c"
5.39951190623519e-21,1.5689211236531,0.699,0.341,3.90395509844616e-16,"GRCh38-ERG","ERG","4c"
5.54750359928418e-21,0.407677121784068,0.233,0.044,4.01095605235445e-16,"GRCh38-LNCRNA-IUR","LNCRNA-IUR","4c"
5.85794019557925e-21,-1.14605399324146,0.68,0.922,4.23540792020771e-16,"GRCh38-CCDC85B","CCDC85B","4c"
6.12511858901368e-21,1.32950232873082,0.777,0.448,4.42858324222867e-16,"GRCh38-GSTCD","GSTCD","4c"
6.1626322411444e-21,0.352686485404843,0.417,0.113,4.45570636299223e-16,"GRCm39-Acod1","Acod1","4c"
6.29199984689325e-21,1.32251898340267,0.786,0.49,4.54924172930075e-16,"GRCh38-SUN2","SUN2","4c"
6.31164217562261e-21,1.5215912170892,1,0.989,4.56344352581866e-16,"GRCh38-MT-CO1","MT-CO1","4c"
6.33046976362989e-21,0.398971006030453,0.204,0.035,4.57705624849968e-16,"GRCh38-CRAT37","CRAT37","4c"
6.45696984418376e-21,1.45531192173021,0.33,0.083,4.66851833674174e-16,"GRCh38-ENSG00000253500","ENSG00000253500","4c"
6.51059386352234e-21,1.3009161358086,0.447,0.14,4.70728957520392e-16,"GRCh38-ENSG00000290113","ENSG00000290113","4c"
6.68006211909483e-21,0.570254832895597,0.223,0.041,4.82981851334795e-16,"GRCh38-ENSG00000290549","ENSG00000290549","4c"
7.11286185837231e-21,0.636599843944734,0.505,0.161,5.14274138084034e-16,"GRCm39-Vim","Vim","4c"
7.97034990176218e-21,0.487674224609614,0.495,0.151,5.76272238597209e-16,"GRCm39-Rpl26","Rpl26","4c"
8.91511978463118e-21,0.468779005544098,0.272,0.058,6.44580990668403e-16,"GRCh38-ENSG00000235100","ENSG00000235100","4c"
9.95263965393367e-21,-1.03768554032298,0.913,0.977,7.19595752258712e-16,"GRCh38-TPM2","TPM2","4c"
1.1413736204036e-20,0.635937522208138,0.67,0.265,8.25235955024208e-16,"GRCh38-CENPW","CENPW","4c"
1.22533153616543e-20,-0.877426499774827,0.971,0.994,8.85939207278326e-16,"GRCh38-LGALS1","LGALS1","4c"
1.23258467845063e-20,1.58097572641724,0.748,0.383,8.91183374213371e-16,"GRCh38-SGMS2","SGMS2","4c"
1.32705732564774e-20,-1.26856356841547,0.932,0.982,9.59488987589828e-16,"GRCh38-TIMP1","TIMP1","4c"
1.33417523977943e-20,-1.61501750626506,0.117,0.602,9.64635381865325e-16,"GRCh38-PLAC8","PLAC8","4c"
1.39458648227254e-20,-0.884910984812233,0.777,0.956,1.00831391841269e-15,"GRCh38-PHB2","PHB2","4c"
1.41708603455978e-20,-1.00663841534312,0.388,0.773,1.02458154470741e-15,"GRCh38-SNRPN","SNRPN","4c"
1.44361735970968e-20,-0.945427881415351,0.757,0.957,1.04376422341729e-15,"GRCh38-EIF3G","EIF3G","4c"
1.56349959191799e-20,1.1424631748433,0.544,0.195,1.13044147494854e-15,"GRCh38-SLC35F3","SLC35F3","4c"
1.57002658129729e-20,0.92600169323254,0.583,0.226,1.13516061880956e-15,"GRCh38-CDC7","CDC7","4c"
1.6084632970167e-20,1.13958828365294,0.825,0.562,1.16295113300901e-15,"GRCh38-NUP50","NUP50","4c"
1.63233353313458e-20,0.818227405869368,0.592,0.209,1.18020979112696e-15,"GRCh38-CLCA2","CLCA2","4c"
1.65869996040285e-20,0.880088530927592,0.583,0.232,1.19927324537047e-15,"GRCh38-RGMB","RGMB","4c"
1.75541340110418e-20,1.45723900100833,0.864,0.547,1.26919899726635e-15,"GRCh38-HGF","HGF","4c"
1.83305162817004e-20,-1.11765614252754,0.573,0.858,1.3253329881995e-15,"GRCh38-APOO","APOO","4c"
1.94161229910646e-20,1.39776113376097,0.883,0.623,1.40382452449995e-15,"GRCh38-RTTN","RTTN","4c"
2.07490537334986e-20,1.55432282000342,0.913,0.749,1.50019808303941e-15,"GRCh38-DYRK1A","DYRK1A","4c"
2.17544967048769e-20,1.26229764882837,0.932,0.807,1.57289362075601e-15,"GRCh38-CSE1L","CSE1L","4c"
2.2042442824461e-20,-1.04422746716686,0.495,0.876,1.59371270109418e-15,"GRCh38-SEZ6L2","SEZ6L2","4c"
2.31980411878409e-20,-1.01709058634241,0.709,0.939,1.67726477396327e-15,"GRCh38-NAA10","NAA10","4c"
2.59799030839873e-20,-0.997386908102267,0.854,0.965,1.87839895277845e-15,"GRCh38-ARL6IP4","ARL6IP4","4c"
2.63133388134032e-20,-0.867322384862874,0.165,0.654,1.90250702288668e-15,"GRCh38-SHISA4","SHISA4","4c"
2.85313312251074e-20,0.581693187756188,0.495,0.155,2.06287231023771e-15,"GRCm39-mt-Co2","mt-Co2","4c"
2.9229236354097e-20,-1.0009703786333,0.689,0.942,2.11333224687392e-15,"GRCh38-METTL26","METTL26","4c"
3.02697063495523e-20,0.796714544704139,0.398,0.113,2.18856030848533e-15,"GRCh38-ATP8A2","ATP8A2","4c"
3.05990098691484e-20,1.14419510087194,0.689,0.364,2.21236961155917e-15,"GRCh38-ZNF215","ZNF215","4c"
3.0644402622342e-20,1.14148184098634,0.66,0.301,2.21565159840057e-15,"GRCh38-WDHD1","WDHD1","4c"
3.3852433203563e-20,-1.05489233501217,0.728,0.924,2.44759862548401e-15,"GRCh38-CMBL","CMBL","4c"
3.47484864578407e-20,1.0613699300188,0.388,0.114,2.5123850678748e-15,"GRCh38-STK32A","STK32A","4c"
3.4931044260622e-20,1.21406081216561,0.874,0.656,2.52558436213149e-15,"GRCh38-ANP32E","ANP32E","4c"
3.5131224707017e-20,1.02484012399706,0.689,0.318,2.54005780876674e-15,"GRCh38-MMP14","MMP14","4c"
3.66204807214193e-20,1.45607471809827,0.835,0.62,2.64773399712006e-15,"GRCh38-TTF2","TTF2","4c"
3.71480188122173e-20,0.388676984077958,0.466,0.139,2.68587605616094e-15,"GRCm39-Rpl38","Rpl38","4c"
3.95324817892893e-20,1.70047923943707,0.796,0.504,2.8582774983292e-15,"GRCh38-MIR222HG","MIR222HG","4c"
4.0077229758115e-20,-0.902114172747258,0.379,0.79,2.89766386597123e-15,"GRCh38-GALK1","GALK1","4c"
4.10016931100619e-20,-0.891611549836902,0.699,0.934,2.96450441524369e-15,"GRCh38-ATP6V1F","ATP6V1F","4c"
4.13379561963072e-20,0.533207274576153,0.485,0.15,2.9888169089054e-15,"GRCm39-Rpl6","Rpl6","4c"
4.13382888964314e-20,0.826016508489994,0.699,0.286,2.98884096378978e-15,"GRCh38-NDRG1","NDRG1","4c"
4.21013075223396e-20,0.475752621098081,0.437,0.127,3.0440087364802e-15,"GRCm39-Stfa2","Stfa2","4c"
4.23668858594847e-20,0.400192213110714,0.33,0.082,3.06321058141246e-15,"GRCh38-PASK","PASK","4c"
4.63579773815279e-20,-0.698047201086307,0.883,0.982,3.35177448063923e-15,"GRCh38-IFITM1","IFITM1","4c"
4.86567592888171e-20,-0.892145316684526,0.417,0.848,3.51798101010005e-15,"GRCh38-AIP","AIP","4c"
4.96398112835892e-20,1.811405290013,0.835,0.564,3.58905763542607e-15,"GRCh38-MAST4","MAST4","4c"
4.98798308352947e-20,1.37988842643641,0.767,0.459,3.60641152905348e-15,"GRCh38-USP13","USP13","4c"
5.15408779239579e-20,0.970926513252825,0.66,0.307,3.726508555658e-15,"GRCh38-LIG1","LIG1","4c"
5.18660138389722e-20,1.16605064331193,0.854,0.651,3.75001653258536e-15,"GRCh38-DCP2","DCP2","4c"
5.2470036654386e-20,0.37789912248969,0.204,0.036,3.79368859018542e-15,"GRCh38-OTOGL","OTOGL","4c"
5.43453933897338e-20,0.608173708564305,0.485,0.152,3.92928063286453e-15,"GRCm39-Cd44","Cd44","4c"
5.45966637609398e-20,1.39989688147388,0.942,0.833,3.94744798324347e-15,"GRCh38-AAK1","AAK1","4c"
6.12710215988976e-20,1.31771738778099,0.456,0.146,4.4300174036435e-15,"GRCh38-NAALADL2-AS2","NAALADL2-AS2","4c"
6.29483471789402e-20,0.624049081522143,0.563,0.192,4.55129139773174e-15,"GRCm39-Rplp1","Rplp1","4c"
7.28941586587165e-20,1.1156917311098,0.515,0.193,5.27039345934252e-15,"GRCh38-VSNL1","VSNL1","4c"
7.39470983616719e-20,0.842667432118086,0.476,0.153,5.3465231057456e-15,"GRCh38-MARCHF3","MARCHF3","4c"
7.6512822414e-20,1.23151595929255,0.641,0.27,5.53203008617703e-15,"GRCh38-SDC2","SDC2","4c"
7.67840636769238e-20,0.50258672771665,0.524,0.169,5.55164137196894e-15,"GRCm39-Hilpda","Hilpda","4c"
7.7609537477967e-20,0.543568144025998,0.524,0.169,5.61132477873197e-15,"GRCm39-Hp","Hp","4c"
7.78827955942804e-20,0.63111530455124,0.437,0.137,5.63108188705766e-15,"GRCh38-TEDC1","TEDC1","4c"
8.14988202943701e-20,0.824393877385273,0.544,0.214,5.89252770492355e-15,"GRCh38-CDS1","CDS1","4c"
8.80411540540061e-20,1.07597621362366,0.65,0.307,6.36555152041275e-15,"GRCh38-ZNF678","ZNF678","4c"
9.99453328992457e-20,0.506505458820466,0.165,0.025,7.22624745928126e-15,"GRCh38-ENSG00000265643","ENSG00000265643","4c"
1.06519271339261e-19,-0.828330467240602,0.67,0.947,7.70155635637123e-15,"GRCh38-MICOS13","MICOS13","4c"
1.0740398120934e-19,1.24602826790889,0.67,0.347,7.76552264939767e-15,"GRCh38-FBXO5","FBXO5","4c"
1.08731567034795e-19,1.57114137080994,0.883,0.722,7.86150975974975e-15,"GRCh38-NUP153","NUP153","4c"
1.10592333023946e-19,1.72226403960037,0.961,0.974,7.99604686229736e-15,"GRCh38-MT-ND5","MT-ND5","4c"
1.14016879108357e-19,1.11958253330413,0.534,0.195,8.24364839329241e-15,"GRCh38-ADAMTS3","ADAMTS3","4c"
1.15158149810269e-19,1.36249988175539,0.757,0.437,8.32616454758204e-15,"GRCh38-MT-ND6","MT-ND6","4c"
1.16186645175293e-19,0.646765850951848,0.544,0.182,8.40052681946405e-15,"GRCm39-Rps12","Rps12","4c"
1.18244085757377e-19,-1.09185434371841,0.223,0.673,8.5492838884299e-15,"GRCh38-ENPP2","ENPP2","4c"
1.18753347968892e-19,0.492074404085259,0.495,0.154,8.58610456484681e-15,"GRCm39-Cst3","Cst3","4c"
1.19768151108901e-19,1.02314965592412,0.573,0.228,8.65947686147573e-15,"GRCh38-ZFHX3-AS1","ZFHX3-AS1","4c"
1.27973754194468e-19,0.605249394786135,0.379,0.107,9.25275837576846e-15,"GRCh38-H2AC11","H2AC11","4c"
1.30900750155288e-19,-0.915571133286982,0.699,0.957,9.46438603772764e-15,"GRCh38-EIF6","EIF6","4c"
1.31565266360273e-19,0.664122897871226,0.524,0.171,9.51243188838045e-15,"GRCm39-Ier3","Ier3","4c"
1.32970055730913e-19,1.15036952830861,0.437,0.143,9.61400096945646e-15,"GRCh38-LINC02391","LINC02391","4c"
1.39911191608732e-19,-1.07755379368099,0.903,0.97,1.01158589756945e-14,"GRCh38-KRT18","KRT18","4c"
1.67052824066867e-19,-0.928668150842891,0.553,0.876,1.20782532856827e-14,"GRCh38-ASS1","ASS1","4c"
1.81606935996875e-19,1.4854142804712,0.864,0.698,1.3130544686446e-14,"GRCh38-MIRLET7BHG","MIRLET7BHG","4c"
1.82413213524438e-19,0.488983661824645,0.272,0.06,1.31888401642439e-14,"GRCh38-ENSG00000253608","ENSG00000253608","4c"
1.85551692856373e-19,-1.03923122955957,0.592,0.875,1.34157584969015e-14,"GRCh38-PSMB10","PSMB10","4c"
1.91658666184741e-19,-0.828625400866858,1,0.998,1.38573048824891e-14,"GRCh38-VIM","VIM","4c"
1.93596761216369e-19,-0.877245067200879,0.456,0.835,1.39974330294659e-14,"GRCh38-ZNF580","ZNF580","4c"
1.9735181210578e-19,1.29441245389562,0.379,0.109,1.42689307188721e-14,"GRCh38-MIR2052HG","MIR2052HG","4c"
2.02420037056926e-19,1.4177157184167,0.456,0.154,1.46353735192899e-14,"GRCh38-PDE3B","PDE3B","4c"
2.28247401384027e-19,-0.86967020407289,0.922,0.98,1.65027436148679e-14,"GRCh38-IRX2-DT","IRX2-DT","4c"
2.33748947524024e-19,-0.892903902573229,0.874,0.97,1.6900516403882e-14,"GRCh38-SOD1","SOD1","4c"
2.38421447604293e-19,1.30417040928178,0.796,0.48,1.72383475046856e-14,"GRCh38-CHSY1","CHSY1","4c"
2.3928105054391e-19,-0.89102133401857,0.427,0.827,1.73004985164258e-14,"GRCh38-DNAJC4","DNAJC4","4c"
2.40579974367339e-19,0.257472718002305,0.146,0.02,1.73944133067073e-14,"GRCh38-POTEE","POTEE","4c"
2.52371361453477e-19,1.17404888505685,0.524,0.214,1.82469541758093e-14,"GRCh38-ZNF519","ZNF519","4c"
2.55166791454673e-19,-0.865953642099419,0.806,0.966,1.84490693557558e-14,"GRCh38-ATP5F1C","ATP5F1C","4c"
2.5534717766585e-19,1.44567916424886,0.922,0.798,1.84621116395963e-14,"GRCh38-FAR1","FAR1","4c"
2.59004048704795e-19,-0.999422248712978,0.709,0.954,1.87265107294541e-14,"GRCh38-APRT","APRT","4c"
2.64389081972087e-19,0.371551790295935,0.136,0.018,1.91158594047458e-14,"GRCh38-ENSG00000286756","ENSG00000286756","4c"
2.65896065473622e-19,0.58206729845112,0.534,0.178,1.92248173258739e-14,"GRCm39-Mcl1","Mcl1","4c"
2.69626241168368e-19,0.553060065114785,0.447,0.14,1.94945164889553e-14,"GRCh38-SEC16B","SEC16B","4c"
2.83902627745423e-19,-0.99045987608035,0.874,0.97,2.05267277912496e-14,"GRCh38-DBI","DBI","4c"
2.84860850024956e-19,0.774575421200231,0.485,0.167,2.05960091785044e-14,"GRCh38-GPR87","GPR87","4c"
2.99228153756074e-19,2.00451522363343,0.883,0.732,2.16347939728717e-14,"GRCh38-KIAA1217","KIAA1217","4c"
3.00319623339009e-19,-0.864684866666285,0.874,0.971,2.17137094066571e-14,"GRCh38-EIF3F","EIF3F","4c"
3.04385169564302e-19,1.62736866364149,0.592,0.271,2.20076565298382e-14,"GRCh38-LINC01515","LINC01515","4c"
3.05855644028348e-19,-0.846693767510221,0.718,0.965,2.21139747745376e-14,"GRCh38-TMEM258","TMEM258","4c"
3.06800731034473e-19,0.44096974675038,0.175,0.028,2.21823064552545e-14,"GRCh38-ZNF257","ZNF257","4c"
3.09392886242645e-19,1.20958833176462,0.612,0.279,2.23697244611157e-14,"GRCh38-SHB","SHB","4c"
3.40447611846498e-19,-0.938602922785987,0.612,0.902,2.46150432317255e-14,"GRCh38-NDUFAF3","NDUFAF3","4c"
3.68722793490336e-19,0.402219569729942,0.184,0.032,2.66593954149383e-14,"GRCh38-ANKRD45","ANKRD45","4c"
3.6914496561421e-19,-0.756369109966523,0.971,0.992,2.66899193038386e-14,"GRCh38-B2M","B2M","4c"
3.69333242651649e-19,1.31665966455812,0.922,0.831,2.67035321101995e-14,"GRCh38-MIS18BP1","MIS18BP1","4c"
3.72809174802082e-19,1.17927169433608,0.631,0.306,2.69548489565401e-14,"GRCh38-ZNF714","ZNF714","4c"
3.91080140675198e-19,2.01174702377958,0.942,0.729,2.82758763310982e-14,"GRCh38-VEGFC","VEGFC","4c"
3.99348384484469e-19,0.86464309163449,0.417,0.123,2.88736868949961e-14,"GRCh38-ENSG00000285666","ENSG00000285666","4c"
4.00113314829629e-19,0.859167630012777,0.369,0.108,2.89289928888118e-14,"GRCh38-ENSG00000231606","ENSG00000231606","4c"
4.02401812553876e-19,0.385093397044171,0.476,0.147,2.90944558512703e-14,"GRCm39-Mxd1","Mxd1","4c"
4.02761000404398e-19,1.01600478709401,0.67,0.35,2.91204258512387e-14,"GRCh38-PABIR2","PABIR2","4c"
4.03679399552495e-19,0.445456383548948,0.417,0.121,2.91868279464445e-14,"GRCm39-Sat1","Sat1","4c"
4.11603745336393e-19,0.597205906230437,0.359,0.102,2.97597739953119e-14,"GRCh38-ENSG00000246090","ENSG00000246090","4c"
4.38106548126864e-19,-0.869510792526694,0.971,0.988,3.16759796426685e-14,"GRCh38-EEF2","EEF2","4c"
4.62547912660776e-19,-0.880721965149392,0.427,0.853,3.34431391811994e-14,"GRCh38-DMAC1","DMAC1","4c"
4.78112351970755e-19,0.606633078346194,0.359,0.101,3.45684792721895e-14,"GRCh38-GNAS-AS1","GNAS-AS1","4c"
4.90524081419841e-19,0.792288989972733,0.612,0.262,3.54658721348173e-14,"GRCh38-FEN1","FEN1","4c"
4.91969735067709e-19,-1.24589413970628,0.388,0.765,3.55703957848655e-14,"GRCh38-AHRR","AHRR","4c"
4.93387543768103e-19,1.54819905335903,0.845,0.634,3.56729061895214e-14,"GRCh38-XPR1","XPR1","4c"
5.01542666709268e-19,1.50247122653769,0.534,0.214,3.62625378884135e-14,"GRCh38-COBLL1","COBLL1","4c"
5.03711140273764e-19,-0.867011718878774,0.573,0.893,3.64193228640737e-14,"GRCh38-NDUFB5","NDUFB5","4c"
5.05884266829806e-19,-0.951977419561285,0.68,0.918,3.65764442603286e-14,"GRCh38-PDLIM4","PDLIM4","4c"
5.13514764832119e-19,-0.873434673300452,0.621,0.892,3.71281445268918e-14,"GRCh38-MRPL34","MRPL34","4c"
5.21929624754285e-19,0.455138506401781,0.35,0.095,3.77365557289843e-14,"GRCh38-SUV39H1","SUV39H1","4c"
5.28468422382295e-19,0.951278748148623,0.65,0.307,3.82093238750847e-14,"GRCh38-TBC1D31","TBC1D31","4c"
5.34801427522779e-19,1.08870678379255,0.495,0.182,3.86672128127519e-14,"GRCh38-ENSG00000258168","ENSG00000258168","4c"
5.45585533165761e-19,0.500890188333088,0.272,0.063,3.94469252189508e-14,"GRCh38-ENSG00000286561","ENSG00000286561","4c"
5.46748977014875e-19,0.933904950961086,0.767,0.415,3.95310445361295e-14,"GRCh38-POLH","POLH","4c"
5.49464858258949e-19,1.71939079441254,0.602,0.263,3.97274081818385e-14,"GRCh38-ENSG00000259692","ENSG00000259692","4c"
5.58762946549619e-19,2.10065406891975,0.942,0.777,4.03996785614306e-14,"GRCh38-NAV2","NAV2","4c"
5.83530515734333e-19,-0.920235891889702,0.573,0.891,4.21904233486237e-14,"GRCh38-C19orf33","C19orf33","4c"
6.35000036602555e-19,-0.867440186784737,0.709,0.927,4.59117726464379e-14,"GRCh38-ECH1","ECH1","4c"
6.42685810308545e-19,1.99194675291806,0.748,0.459,4.64674694569284e-14,"GRCh38-MID1","MID1","4c"
6.50522650511791e-19,1.04576030749256,0.796,0.478,4.70340886773035e-14,"GRCh38-MICALL2","MICALL2","4c"
6.64137887101535e-19,1.28203041178792,0.845,0.607,4.80184975132152e-14,"GRCh38-NRF1","NRF1","4c"
6.8266503437364e-19,-0.983525133801614,0.563,0.882,4.93580473152829e-14,"GRCh38-METRN","METRN","4c"
7.53707400616626e-19,1.27936050283286,0.874,0.637,5.44945524793833e-14,"GRCh38-LCLAT1","LCLAT1","4c"
7.60994524409414e-19,1.26894954921258,0.641,0.328,5.50214261038495e-14,"GRCh38-HELLPAR","HELLPAR","4c"
7.68058364737165e-19,0.501988772238048,0.35,0.096,5.55321558872265e-14,"GRCh38-LINC01203","LINC01203","4c"
7.81084524892225e-19,0.627960286265315,0.534,0.181,5.64739733187577e-14,"GRCm39-Eif1","Eif1","4c"
7.91306131393682e-19,0.475789717373152,0.524,0.172,5.7213015912026e-14,"GRCm39-Rpl13a","Rpl13a","4c"
7.96536671604132e-19,0.307602379383129,0.272,0.062,5.75911944303219e-14,"GRCh38-ENSG00000289154","ENSG00000289154","4c"
8.00124548969864e-19,-0.809541976346751,0.602,0.913,5.78506051396191e-14,"GRCh38-IFI27L2","IFI27L2","4c"
8.12406930316767e-19,-1.02177194281496,0.524,0.851,5.87386458757629e-14,"GRCh38-MXD4","MXD4","4c"
8.55463407631238e-19,1.58884798041411,0.874,0.694,6.18517152985538e-14,"GRCh38-RNGTT","RNGTT","4c"
8.6403937829029e-19,0.347001484103871,0.291,0.069,6.24717751291445e-14,"GRCh38-H2AC7","H2AC7","4c"
8.67526460433367e-19,0.389737782463361,0.35,0.091,6.27238981422533e-14,"GRCm39-Tmbim6","Tmbim6","4c"
8.75170920672606e-19,0.433717366781583,0.505,0.163,6.32766079064708e-14,"GRCm39-Rpl28","Rpl28","4c"
9.35897084756487e-19,-0.837697708940219,0.864,0.975,6.76672310220635e-14,"GRCh38-MYL12B","MYL12B","4c"
9.96032372730677e-19,0.807713518276883,0.456,0.148,7.20151326131734e-14,"GRCh38-ENSG00000253154","ENSG00000253154","4c"
1.04234770172447e-18,0.918694900485926,0.437,0.139,7.53638235300826e-14,"GRCh38-TGFA","TGFA","4c"
1.06061702169437e-18,0.340619351653202,0.155,0.024,7.66847319025462e-14,"GRCh38-CNGA4","CNGA4","4c"
1.07590639498663e-18,0.299418822814211,0.146,0.021,7.77901841703236e-14,"GRCh38-ENSG00000285909","ENSG00000285909","4c"
1.11620242203179e-18,-0.864415194240193,0.417,0.825,8.07036675177427e-14,"GRCh38-TMEM141","TMEM141","4c"
1.39365995125856e-18,1.8747725201905,0.922,0.876,1.00764401795897e-13,"GRCh38-ARL6IP1","ARL6IP1","4c"
1.42064609980416e-18,-0.981237070541064,0.786,0.967,1.0271555430804e-13,"GRCh38-UQCRQ","UQCRQ","4c"
1.43457864446973e-18,-0.862677996324929,0.68,0.928,1.0372290515245e-13,"GRCh38-DPP7","DPP7","4c"
1.46755973227774e-18,-0.927999358736408,0.689,0.92,1.06107503763145e-13,"GRCh38-NOB1","NOB1","4c"
1.57490917062861e-18,-0.823869882233115,0.825,0.966,1.1386908285479e-13,"GRCh38-AP2S1","AP2S1","4c"
1.59306092538716e-18,1.58520421428735,0.874,0.798,1.15181491027343e-13,"GRCh38-ATP1A1","ATP1A1","4c"
1.60797943149308e-18,0.816540131050259,0.777,0.438,1.16260128855813e-13,"GRCh38-CENPH","CENPH","4c"
1.66974880176944e-18,-0.96934844140581,0.573,0.887,1.20726177865534e-13,"GRCh38-FUNDC2","FUNDC2","4c"
1.68416111398421e-18,-0.826961915364144,0.835,0.943,1.21768216863286e-13,"GRCh38-MCTS1","MCTS1","4c"
1.77446266128977e-18,-0.756358395086361,0.398,0.8,1.28297199336573e-13,"GRCh38-TMEM35B","TMEM35B","4c"
1.77592146020998e-18,0.6715598444797,0.505,0.18,1.28402673416102e-13,"GRCh38-PDK1-AS1","PDK1-AS1","4c"
1.79287270857771e-18,-0.934893430640878,0.767,0.95,1.29628282575586e-13,"GRCh38-PSMB8","PSMB8","4c"
1.81236990040234e-18,0.440350706854298,0.175,0.029,1.3103796853889e-13,"GRCh38-KLHL13","KLHL13","4c"
1.97693044261554e-18,-1.02895713387364,0.583,0.903,1.42936024861989e-13,"GRCh38-CHMP2A","CHMP2A","4c"
2.01156499258153e-18,-0.814999496295308,0.34,0.776,1.4544017209363e-13,"GRCh38-CMC4","CMC4","4c"
2.03873604300334e-18,1.01494862437841,0.437,0.142,1.47404693381228e-13,"GRCh38-TINAGL1","TINAGL1","4c"
2.05775535667548e-18,1.24772207611837,0.612,0.263,1.48779827798351e-13,"GRCh38-NT5E","NT5E","4c"
2.06050018844239e-18,0.479669562384725,0.136,0.019,1.48978284624762e-13,"GRCh38-CRPPA","CRPPA","4c"
2.2040621829755e-18,1.65406167113154,0.951,0.833,1.59358103953495e-13,"GRCh38-SIK3","SIK3","4c"
2.2106335210473e-18,-0.809750302667613,0.146,0.605,1.59833224838762e-13,"GRCh38-COSMOC","COSMOC","4c"
2.24626188829826e-18,1.34765534230033,0.398,0.124,1.62409227047741e-13,"GRCh38-ENSG00000235495","ENSG00000235495","4c"
2.30023816966744e-18,-0.878532493415459,0.534,0.926,1.66311820143296e-13,"GRCh38-COPS9","COPS9","4c"
2.34585135721942e-18,1.10614155922976,0.922,0.848,1.69609744829679e-13,"GRCh38-UBE2S","UBE2S","4c"
2.38532097784991e-18,-0.854253688187494,0.553,0.903,1.72463477340504e-13,"GRCh38-GRHPR","GRHPR","4c"
2.75135646457221e-18,-0.844288880454596,0.816,0.964,1.989285751015e-13,"GRCh38-NPC2","NPC2","4c"
2.77191202235736e-18,-1.11043364997768,0.922,0.975,2.00414783040482e-13,"GRCh38-GPX1","GPX1","4c"
2.80574354790449e-18,0.785857041884137,0.583,0.238,2.02860870000591e-13,"GRCh38-SIK1","SIK1","4c"
2.9008228207081e-18,0.955629139202008,0.282,0.069,2.09735291582837e-13,"GRCh38-ENSG00000249738","ENSG00000249738","4c"
2.90398882964717e-18,-0.896413725641983,0.961,0.994,2.0996420036115e-13,"GRCh38-IFITM3","IFITM3","4c"
2.97031162663059e-18,-0.877779105774787,0.777,0.962,2.14759471228645e-13,"GRCh38-COX5A","COX5A","4c"
2.98337703682261e-18,-0.925222048415659,0.524,0.882,2.15704126516348e-13,"GRCh38-LAMTOR2","LAMTOR2","4c"
3.02155014136602e-18,-0.994436994710875,0.961,0.991,2.18464118321046e-13,"GRCh38-MIF","MIF","4c"
3.08292685723164e-18,-1.02008105558469,0.777,0.967,2.22901777631562e-13,"GRCh38-ATP5MC3","ATP5MC3","4c"
3.13234828788306e-18,0.541649126736156,0.427,0.135,2.26475045910521e-13,"GRCh38-SLC37A2","SLC37A2","4c"
3.14882575919923e-18,-1.15245639668762,0.262,0.686,2.27666400041623e-13,"GRCh38-FAM20C","FAM20C","4c"
3.26973402921245e-18,0.38762565717969,0.184,0.033,2.36408309780119e-13,"GRCh38-ENSG00000261335","ENSG00000261335","4c"
3.37418398413031e-18,0.471059796836136,0.204,0.039,2.4396025042059e-13,"GRCh38-NPTX2","NPTX2","4c"
3.60134266689715e-18,1.62998321142706,0.689,0.36,2.60384277501998e-13,"GRCh38-LRP8","LRP8","4c"
3.68082488013829e-18,1.28181401921368,0.786,0.48,2.66131000483758e-13,"GRCh38-OSBPL10","OSBPL10","4c"
3.7752274677839e-18,0.520164774709278,0.408,0.121,2.72956496375711e-13,"GRCm39-Lilrb4a","Lilrb4a","4c"
3.86339318573678e-18,-0.877966166740108,0.757,0.946,2.7933105411514e-13,"GRCh38-FAM50A","FAM50A","4c"
3.90572727955622e-18,-0.805383804375606,0.806,0.958,2.82391893766474e-13,"GRCh38-GSTO1","GSTO1","4c"
3.94024436732145e-18,0.575636522281871,0.583,0.219,2.84887548246075e-13,"GRCm39-Ctss","Ctss","4c"
3.97996258144236e-18,-0.966575641165755,0.893,0.969,2.87759254563445e-13,"GRCh38-SLC25A5","SLC25A5","4c"
4.13282510836915e-18,-1.1833857984621,0.223,0.631,2.98811520985307e-13,"GRCh38-SELENBP1","SELENBP1","4c"
4.44476017258318e-18,0.658956028410017,0.553,0.218,3.21365049998109e-13,"GRCh38-TIMELESS","TIMELESS","4c"
4.49082397615271e-18,-0.874669205705511,0.573,0.863,3.24695555123794e-13,"GRCh38-MSRB2","MSRB2","4c"
4.55519663605945e-18,-0.866055578824287,0.757,0.941,3.2934982718037e-13,"GRCh38-MMP24OS","MMP24OS","4c"
4.66595939323757e-18,-0.863853118994228,0.816,0.961,3.37358196049863e-13,"GRCh38-BRI3","BRI3","4c"
4.74838674466557e-18,1.21654796904451,0.117,0.014,3.4331785841281e-13,"GRCh38-ENSG00000234426","ENSG00000234426","4c"
4.75436017644973e-18,-0.890671273255431,0.893,0.976,3.43749749477669e-13,"GRCh38-LDHB","LDHB","4c"
5.0553233773637e-18,-0.738145328592117,0.417,0.8,3.6550999083015e-13,"GRCh38-CHCHD5","CHCHD5","4c"
5.07666299381747e-18,0.697543644199562,0.408,0.127,3.67052887778991e-13,"GRCh38-LFNG","LFNG","4c"
5.09156613434459e-18,0.741150889270041,0.369,0.108,3.68130414645383e-13,"GRCh38-NIPAL4","NIPAL4","4c"
5.17704225771772e-18,1.23595093799889,0.534,0.212,3.74310509317507e-13,"GRCh38-CALCRL","CALCRL","4c"
5.25991433748171e-18,0.554907343957657,0.583,0.208,3.80302326428603e-13,"GRCm39-Apoe","Apoe","4c"
5.48213654489002e-18,-0.958853836835103,0.621,0.894,3.96369436468638e-13,"GRCh38-DNPH1","DNPH1","4c"
6.02580265076176e-18,1.66485568069899,0.883,0.777,4.35677583255376e-13,"GRCh38-NUP98","NUP98","4c"
6.1171471273639e-18,1.13869807244745,0.592,0.26,4.42281971602665e-13,"GRCh38-ENSG00000276850","ENSG00000276850","4c"
6.50728190062098e-18,-0.932574464717693,0.495,0.827,4.70489495978698e-13,"GRCh38-MCRIP2","MCRIP2","4c"
6.56216632239483e-18,-0.914499555700671,0.903,0.972,4.74457749441791e-13,"GRCh38-PRDX6","PRDX6","4c"
6.80646570364391e-18,0.64369340563011,0.311,0.082,4.92121083304862e-13,"GRCh38-SHROOM2","SHROOM2","4c"
7.5334344706675e-18,0.610737974838231,0.136,0.019,5.44682379098201e-13,"GRCh38-LUZP2","LUZP2","4c"
7.76250049837018e-18,1.06308634500271,0.718,0.4,5.61244311033161e-13,"GRCh38-MCM4","MCM4","4c"
7.89371023589526e-18,-0.841850930592547,0.757,0.948,5.70731037475699e-13,"GRCh38-MZT2A","MZT2A","4c"
7.95802545940396e-18,-0.853570154230015,0.631,0.908,5.75381156765825e-13,"GRCh38-PFDN4","PFDN4","4c"
8.00878249836728e-18,1.18147801028074,0.728,0.422,5.79050992196951e-13,"GRCh38-PI4K2B","PI4K2B","4c"
8.16239115084653e-18,0.964900463523076,0.68,0.379,5.90157204988506e-13,"GRCh38-RBM14","RBM14","4c"
8.49212907290657e-18,-1.05096946097354,0.194,0.617,6.13997916229291e-13,"GRCh38-DBP","DBP","4c"
8.52273091547141e-18,-0.880321750281381,0.553,0.89,6.16210490650414e-13,"GRCh38-LY6K","LY6K","4c"
8.60024277198152e-18,1.03646373495457,0.767,0.446,6.21814752899808e-13,"GRCh38-SAP130","SAP130","4c"
8.800920585867e-18,1.28445373769599,0.282,0.069,6.36324160199356e-13,"GRCh38-PTPRQ","PTPRQ","4c"
8.87839119045413e-18,1.01804022641425,0.379,0.117,6.41925439852215e-13,"GRCh38-ENSG00000289152","ENSG00000289152","4c"
9.12151555715367e-18,-0.949008773781088,0.408,0.758,6.59503817813325e-13,"GRCh38-WBP1","WBP1","4c"
9.13205894507827e-18,-0.991490910946492,0.699,0.904,6.60266125847049e-13,"GRCh38-GNG10","GNG10","4c"
9.36191340488181e-18,0.34517818866975,0.165,0.027,6.76885062999764e-13,"GRCh38-H2AZ1-DT","H2AZ1-DT","4c"
9.41918515522937e-18,-0.798573990747689,0.621,0.934,6.81025925093394e-13,"GRCh38-JTB","JTB","4c"
9.84513752022552e-18,-0.892058412965538,0.233,0.683,7.11823132987346e-13,"GRCh38-YPEL3","YPEL3","4c"
1.00989314489223e-17,0.560458543174819,0.33,0.091,7.30172941619978e-13,"GRCh38-DENND2B-AS1","DENND2B-AS1","4c"
1.04908591466674e-17,1.17918849630914,0.796,0.474,7.58510098022344e-13,"GRCh38-TXNDC11","TXNDC11","4c"
1.08084221019126e-17,0.472766544519691,0.184,0.033,7.81470534812488e-13,"GRCh38-ENSG00000290981","ENSG00000290981","4c"
1.09803469271455e-17,0.96129804193218,0.777,0.462,7.93901043526472e-13,"GRCh38-USP6NL","USP6NL","4c"
1.11166429301555e-17,1.04088091940751,0.816,0.57,8.03755517136105e-13,"GRCh38-KBTBD2","KBTBD2","4c"
1.11575664028825e-17,1.36592437377907,0.854,0.665,8.06714366061212e-13,"GRCh38-TFRC","TFRC","4c"
1.13450502146961e-17,1.76612027098321,0.777,0.478,8.20269820622958e-13,"GRCh38-FHOD3","FHOD3","4c"
1.1583037118521e-17,-0.936237723484338,0.728,0.933,8.37476749743308e-13,"GRCh38-SUCLG1","SUCLG1","4c"
1.16465908739526e-17,1.50696229453182,0.854,0.626,8.42071813368523e-13,"GRCh38-SOGA1","SOGA1","4c"
1.16916968341705e-17,-0.828841042508011,0.777,0.962,8.45333064504193e-13,"GRCh38-ATP5ME","ATP5ME","4c"
1.1840945002494e-17,1.4182404861408,0.573,0.259,8.56124005570323e-13,"GRCh38-MAMDC2","MAMDC2","4c"
1.19470143678164e-17,-0.808036183711102,0.709,0.944,8.63793032821861e-13,"GRCh38-RNF7","RNF7","4c"
1.39326368159875e-17,-0.859617905322924,0.816,0.97,1.00735750706953e-12,"GRCh38-ATP5F1D","ATP5F1D","4c"
1.41850955964382e-17,1.91392785786383,0.67,0.377,1.02561078181368e-12,"GRCh38-SLC2A9","SLC2A9","4c"
1.45265756773948e-17,0.879686183035715,0.427,0.148,1.050300474627e-12,"GRCh38-ENSG00000270792","ENSG00000270792","4c"
1.46555696292167e-17,0.484278343445839,0.495,0.164,1.05962699533163e-12,"GRCm39-Rps15","Rps15","4c"
1.51159406777997e-17,1.03260854980639,0.893,0.733,1.09291274288627e-12,"GRCh38-CREB3L2","CREB3L2","4c"
1.55859644768849e-17,1.48549340651697,0.835,0.659,1.12689640360773e-12,"GRCh38-XRCC4","XRCC4","4c"
1.57757225009901e-17,-0.77399582126219,0.767,0.957,1.14061628826659e-12,"GRCh38-ATP6V1G1","ATP6V1G1","4c"
1.59873825903735e-17,1.74012809756482,0.816,0.654,1.15591973604918e-12,"GRCh38-ITGA6","ITGA6","4c"
1.65285856747852e-17,0.817048136681029,0.485,0.182,1.19504980145832e-12,"GRCh38-UBE2D3-AS1","UBE2D3-AS1","4c"
1.65918820101919e-17,-1.48155169991769,0.359,0.781,1.1996262531009e-12,"GRCh38-LIMCH1","LIMCH1","4c"
1.66958835700057e-17,1.05093525037708,0.748,0.455,1.20714577387855e-12,"GRCh38-MFN2","MFN2","4c"
1.67156786431893e-17,0.351994858371876,0.223,0.046,1.20857699725987e-12,"GRCh38-LARGE2","LARGE2","4c"
1.70915686372775e-17,0.77565462637474,0.301,0.079,1.23575459561244e-12,"GRCh38-ENSG00000286442","ENSG00000286442","4c"
1.76363143932527e-17,0.931930469283174,0.573,0.266,1.27514080326096e-12,"GRCh38-CCSAP","CCSAP","4c"
1.80411209862828e-17,-0.911293029158518,0.621,0.901,1.30440912955022e-12,"GRCh38-DCTN3","DCTN3","4c"
1.91893855264398e-17,-0.806428660686333,0.718,0.954,1.38743095233265e-12,"GRCh38-TIMM13","TIMM13","4c"
1.92627004597286e-17,2.20604872521531,0.757,0.544,1.3927317686393e-12,"GRCh38-MIR924HG","MIR924HG","4c"
1.94257431844198e-17,1.21197948865407,0.602,0.282,1.40452008371992e-12,"GRCh38-TYW1B","TYW1B","4c"
1.95775052608704e-17,1.19752225399981,0.456,0.158,1.41549278537145e-12,"GRCh38-ENSG00000250421","ENSG00000250421","4c"
1.96754393938149e-17,1.51988214854769,0.981,0.922,1.4225736190516e-12,"GRCh38-STAG1","STAG1","4c"
2.00749789128967e-17,-0.815065612867052,0.291,0.704,1.45146112536026e-12,"GRCh38-ORAI3","ORAI3","4c"
2.03555011198411e-17,-1.04826585503246,0.68,0.914,1.47174344196675e-12,"GRCh38-CPE","CPE","4c"
2.08359751640533e-17,1.34396807665563,0.602,0.279,1.50648267631138e-12,"GRCh38-ITGB4","ITGB4","4c"
2.08834544859244e-17,0.394628969592203,0.359,0.105,1.50991552624131e-12,"GRCh38-ENSG00000291208","ENSG00000291208","4c"
2.10387893604287e-17,-0.758696023411185,0.835,0.956,1.52114654833771e-12,"GRCh38-ATP5MJ","ATP5MJ","4c"
2.12685579549589e-17,0.5713503737693,0.456,0.15,1.53775927725944e-12,"GRCm39-Chil3","Chil3","4c"
2.14719489503924e-17,0.468624187368877,0.485,0.162,1.55246485301127e-12,"GRCm39-Rps10","Rps10","4c"
2.18571636015486e-17,1.43495193107138,0.816,0.644,1.58031664271917e-12,"GRCh38-SRGAP2","SRGAP2","4c"
2.19550219982882e-17,0.327956194437116,0.117,0.015,1.58739200052023e-12,"GRCh38-CLDN10-AS1","CLDN10-AS1","4c"
2.21648403108251e-17,1.50855355418149,0.689,0.36,1.60256228415328e-12,"GRCh38-CFAP20DC","CFAP20DC","4c"
2.24962253563328e-17,0.269560518349709,0.223,0.046,1.62652208571358e-12,"GRCh38-H2AC4","H2AC4","4c"
2.26781068957828e-17,1.04159673764292,0.65,0.327,1.63967248477889e-12,"GRCh38-PANX1","PANX1","4c"
2.28309894799237e-17,-0.847884883622194,0.796,0.948,1.65072620137744e-12,"GRCh38-RWDD1","RWDD1","4c"
2.29036945472465e-17,-0.917190944980338,0.903,0.968,1.65598292315501e-12,"GRCh38-TGFBI","TGFBI","4c"
2.31631636956918e-17,0.84773151407969,0.621,0.299,1.67474306152591e-12,"GRCh38-SMTN","SMTN","4c"
2.35199674837223e-17,0.486930676665892,0.359,0.103,1.70054068900809e-12,"GRCm39-Col3a1","Col3a1","4c"
2.37378790223627e-17,0.933084263468781,0.738,0.415,1.71629612907487e-12,"GRCh38-GTF2A1","GTF2A1","4c"
2.40525017468275e-17,1.5025153050426,0.874,0.743,1.73904398129912e-12,"GRCh38-DENND5A","DENND5A","4c"
2.41591011926081e-17,1.1183162718039,0.893,0.736,1.74675133442795e-12,"GRCh38-MAPK1","MAPK1","4c"
2.4273863650196e-17,0.545757345409206,0.408,0.127,1.75504888963647e-12,"GRCh38-NRGN","NRGN","4c"
2.56843416624167e-17,0.599831663128335,0.34,0.101,1.85702927087605e-12,"GRCh38-ENSG00000260664","ENSG00000260664","4c"
2.62192321460229e-17,1.30544186205869,0.67,0.343,1.89570292262175e-12,"GRCh38-ITGB8","ITGB8","4c"
2.67276000871948e-17,1.11644661921585,0.903,0.761,1.93245894150436e-12,"GRCh38-DHX15","DHX15","4c"
2.73403732141976e-17,0.610541578081435,0.485,0.163,1.97676366413291e-12,"GRCm39-Clec4d","Clec4d","4c"
2.85691140249456e-17,0.459421404253444,0.388,0.115,2.06560408223162e-12,"GRCm39-Ets2","Ets2","4c"
2.89344796602311e-17,0.474574933780894,0.447,0.144,2.09202074839403e-12,"GRCm39-Rpl18","Rpl18","4c"
2.89988965937833e-17,1.09753539934473,0.553,0.243,2.09667822152372e-12,"GRCh38-ZNF440","ZNF440","4c"
2.91739639878338e-17,1.10239981608137,0.592,0.247,2.10933594424836e-12,"GRCh38-LAMA4","LAMA4","4c"
3.07518922184757e-17,0.453425035105033,0.282,0.071,2.22342331118023e-12,"GRCh38-MIR3142HG","MIR3142HG","4c"
3.1209212588864e-17,1.31319559197967,0.903,0.829,2.25648848860005e-12,"GRCh38-ETV6","ETV6","4c"
3.1412163028116e-17,1.10731446013043,0.854,0.607,2.27116221125885e-12,"GRCh38-TCOF1","TCOF1","4c"
3.36589540536413e-17,1.02936550231648,0.67,0.349,2.43360969598637e-12,"GRCh38-EXTL3","EXTL3","4c"
3.45583736100668e-17,1.01647704878078,0.748,0.463,2.49863952875505e-12,"GRCh38-CDCA4","CDCA4","4c"
3.53060912659958e-17,1.11639553008402,0.942,0.898,2.55270101071403e-12,"GRCh38-RAD21","RAD21","4c"
3.60290312242204e-17,1.37664437332315,0.883,0.728,2.60497101557358e-12,"GRCh38-CDK17","CDK17","4c"
3.66313056463727e-17,0.574017507817283,0.117,0.015,2.64851666084404e-12,"GRCh38-ENSG00000234710","ENSG00000234710","4c"
3.82589552849077e-17,0.400072401479304,0.485,0.162,2.7661989850094e-12,"GRCm39-Ccrl2","Ccrl2","4c"
3.99323975781655e-17,0.398568636751345,0.495,0.165,2.88719220969652e-12,"GRCm39-H3f3a","H3f3a","4c"
4.01403397091825e-17,-0.794424141449743,0.699,0.921,2.90222684165331e-12,"GRCh38-MPLKIP","MPLKIP","4c"
4.10779866662275e-17,0.830714772395325,0.456,0.166,2.97002059194158e-12,"GRCh38-H3C4","H3C4","4c"
4.26878153151654e-17,0.274918375549187,0.194,0.037,3.08641442291709e-12,"GRCh38-SLC52A3","SLC52A3","4c"
4.30777945014969e-17,0.520150144375717,0.534,0.192,3.11461069804723e-12,"GRCm39-C1qa","C1qa","4c"
4.43051955354528e-17,-0.804571224975843,0.738,0.932,3.20335424760431e-12,"GRCh38-ECHS1","ECHS1","4c"
4.50930220775052e-17,1.74728356900247,0.913,0.752,3.26031568224778e-12,"GRCh38-MCTP2","MCTP2","4c"
4.56200538274899e-17,-0.841380124617072,0.835,0.966,3.29842113183518e-12,"GRCh38-PSMD8","PSMD8","4c"
4.56643888685813e-17,0.276217001645627,0.126,0.017,3.30162664397617e-12,"GRCh38-ENSG00000251600","ENSG00000251600","4c"
4.62602955658591e-17,-0.792616689065631,0.612,0.918,3.34471189000274e-12,"GRCh38-STOML2","STOML2","4c"
4.79123091028422e-17,0.539013929724749,0.35,0.103,3.4641557727537e-12,"GRCh38-CCNT2-AS1","CCNT2-AS1","4c"
4.79992962022579e-17,-0.770792982900678,0.505,0.855,3.47044511401565e-12,"GRCh38-TGFB1I1","TGFB1I1","4c"
4.86985294629546e-17,0.434190947695051,0.379,0.112,3.52100107723054e-12,"GRCm39-Ptprc","Ptprc","4c"
5.2386303260539e-17,-0.755709843465882,0.495,0.845,3.78763449834349e-12,"GRCh38-MPST","MPST","4c"
5.33157578740901e-17,0.375163729635583,0.388,0.116,3.85483592581246e-12,"GRCm39-1600014C10Rik","1600014C10Rik","4c"
5.34464658593465e-17,1.29963974228349,0.767,0.513,3.86428637456247e-12,"GRCh38-RAPH1","RAPH1","4c"
5.45736830116857e-17,1.32729803994787,0.806,0.51,3.9457864291109e-12,"GRCh38-ABHD2","ABHD2","4c"
5.57217120699704e-17,1.02938923036834,0.951,0.782,4.028791226083e-12,"GRCh38-DIDO1","DIDO1","4c"
5.67652371756635e-17,0.861491489783042,0.214,0.044,4.10424017827482e-12,"GRCh38-CDH10","CDH10","4c"
5.7854437913871e-17,-0.876515563863426,0.602,0.912,4.1829915700487e-12,"GRCh38-RTL8A","RTL8A","4c"
5.89059411635784e-17,0.450008861841753,0.408,0.126,4.25901735800905e-12,"GRCm39-Slpi","Slpi","4c"
6.00256300839211e-17,1.89083208815505,0.913,0.815,4.33997310632767e-12,"GRCh38-NFIA","NFIA","4c"
6.01587655620533e-17,1.66232879867352,0.68,0.377,4.34959906766758e-12,"GRCh38-SH3PXD2A","SH3PXD2A","4c"
6.04150367422123e-17,0.625763273642391,0.505,0.195,4.36812798653543e-12,"GRCh38-ZNF273","ZNF273","4c"
6.15028396973978e-17,1.26612717075405,0.874,0.726,4.44677831580125e-12,"GRCh38-SS18","SS18","4c"
6.18717510673616e-17,1.39753819179598,0.689,0.378,4.47345134567238e-12,"GRCh38-FMN1","FMN1","4c"
6.27735120012802e-17,1.33574989672361,0.903,0.789,4.53865046471656e-12,"GRCh38-CDK5RAP2","CDK5RAP2","4c"
6.34458621314828e-17,0.570214180516423,0.447,0.155,4.58726272383047e-12,"GRCh38-DSCC1","DSCC1","4c"
6.34468993823223e-17,1.42578555958196,0.563,0.25,4.58733771914067e-12,"GRCh38-LAMC2","LAMC2","4c"
6.47674688009904e-17,-0.854197528006567,0.612,0.907,4.68281752924921e-12,"GRCh38-POLR2I","POLR2I","4c"
6.48001720456919e-17,1.14386196731276,0.699,0.419,4.68518203924762e-12,"GRCh38-MDC1","MDC1","4c"
6.7560839647093e-17,0.710858972761889,0.447,0.164,4.88478382816412e-12,"GRCh38-SLX4","SLX4","4c"
6.84563064020961e-17,-0.706657564798471,0.932,0.961,4.94952786548435e-12,"GRCh38-TXNRD1","TXNRD1","4c"
6.99095975442943e-17,1.52876074846217,0.883,0.758,5.05460372164757e-12,"GRCh38-FRMD6","FRMD6","4c"
7.02022061270625e-17,0.496910340183922,0.107,0.013,5.07575990739888e-12,"GRCh38-ENSG00000289837","ENSG00000289837","4c"
7.08385473248299e-17,-0.843016303087723,0.903,0.979,5.12176864867985e-12,"GRCh38-PPIB","PPIB","4c"
7.30239661320719e-17,1.20357174747676,0.573,0.258,5.27977879928106e-12,"GRCh38-ENSG00000289405","ENSG00000289405","4c"
7.31988525397362e-17,0.294081144164265,0.155,0.025,5.29242343632801e-12,"GRCh38-RHEX","RHEX","4c"
7.40273638422866e-17,0.518401688577894,0.524,0.185,5.35232646052501e-12,"GRCm39-Rps16","Rps16","4c"
7.53886219305195e-17,-0.923974546558073,0.68,0.93,5.45074814282042e-12,"GRCh38-CHCHD10","CHCHD10","4c"
7.73400878547541e-17,1.31766758610365,0.981,0.988,5.59184303207443e-12,"GRCh38-MT-CO3","MT-CO3","4c"
7.77143165427288e-17,0.294730399538082,0.194,0.038,5.61890051467238e-12,"GRCh38-NLRP2","NLRP2","4c"
8.52040261704645e-17,0.855606544720865,0.718,0.424,6.16042150017693e-12,"GRCh38-SMPD4","SMPD4","4c"
8.59175356006354e-17,-0.813942368218463,0.243,0.644,6.21200965899714e-12,"GRCh38-SNHG31","SNHG31","4c"
8.6615705314487e-17,1.13526754348647,0.699,0.386,6.26248872564804e-12,"GRCh38-SUSD6","SUSD6","4c"
8.83922258239034e-17,0.359316889388657,0.291,0.076,6.39093471151986e-12,"GRCh38-ENSG00000290792","ENSG00000290792","4c"
8.90095231131852e-17,1.27797967716194,0.767,0.525,6.43556654012951e-12,"GRCh38-MFSD14B","MFSD14B","4c"
9.05221478134899e-17,1.02256015031421,0.757,0.454,6.54493233121095e-12,"GRCh38-PPP2R1B","PPP2R1B","4c"
9.12604176750301e-17,0.409908091870253,0.34,0.1,6.59831071874003e-12,"GRCh38-CDH24","CDH24","4c"
9.26210580069955e-17,0.356590418109648,0.155,0.025,6.69668773602179e-12,"GRCh38-KCNJ2","KCNJ2","4c"
9.3248378591369e-17,-0.780112020280349,0.466,0.855,6.74204426891316e-12,"GRCh38-ZNF593","ZNF593","4c"
9.4911969425634e-17,-0.785276743965042,0.854,0.955,6.86232521341219e-12,"GRCh38-MRPS21","MRPS21","4c"
9.50816719729163e-17,0.660050000670836,0.214,0.045,6.8745950469858e-12,"GRCh38-NES","NES","4c"
1.0147205570384e-16,-0.834411630099985,0.718,0.936,7.33663257149906e-12,"GRCh38-RAB34","RAB34","4c"
1.01730951055769e-16,1.01848271440619,0.369,0.114,7.35535122323421e-12,"GRCh38-ENSG00000253706","ENSG00000253706","4c"
1.01941792048057e-16,0.808809229071497,0.408,0.129,7.37059544865859e-12,"GRCh38-MPZL2","MPZL2","4c"
1.02517216212069e-16,1.07675401927316,0.495,0.194,7.41219976656504e-12,"GRCh38-DENND2C","DENND2C","4c"
1.02849631810715e-16,0.549489286161172,0.252,0.059,7.43623407917833e-12,"GRCh38-H3C8","H3C8","4c"
1.05336663910156e-16,0.432141731582761,0.495,0.17,7.61605147403207e-12,"GRCm39-Rplp2","Rplp2","4c"
1.07691242144018e-16,0.50960569648259,0.515,0.183,7.7862921894968e-12,"GRCm39-Rpl41","Rpl41","4c"
1.10162035906355e-16,1.94771818951485,0.699,0.411,7.96493552010124e-12,"GRCh38-NHSL1","NHSL1","4c"
1.1163865634716e-16,-0.827042307594504,0.971,0.988,8.07169813121233e-12,"GRCh38-EIF4A1","EIF4A1","4c"
1.1493059456576e-16,1.39871636431153,0.835,0.652,8.3097118482936e-12,"GRCh38-MPHOSPH9","MPHOSPH9","4c"
1.15946968242437e-16,0.502797035279492,0.437,0.153,8.38319769786471e-12,"GRCh38-SAP30L-AS1","SAP30L-AS1","4c"
1.15968567310217e-16,0.629961854291528,0.466,0.164,8.38475935366334e-12,"GRCm39-Lgals3","Lgals3","4c"
1.19635940218681e-16,-0.887931182107543,0.835,0.968,8.6499177496911e-12,"GRCh38-GUK1","GUK1","4c"
1.23032814929059e-16,1.15459533537035,0.738,0.448,8.89551858500083e-12,"GRCh38-EEIG2","EEIG2","4c"
1.24293849581829e-16,2.10958456681479,0.301,0.083,8.98669391246543e-12,"GRCh38-CTNNA3","CTNNA3","4c"
1.29767208371131e-16,1.08203901860476,0.728,0.415,9.38242869964949e-12,"GRCh38-TTYH3","TTYH3","4c"
1.31251751165929e-16,0.689391739998881,0.35,0.104,9.48976411279902e-12,"GRCh38-H4C8","H4C8","4c"
1.34397469013645e-16,-0.747078551926112,0.689,0.935,9.71720580462453e-12,"GRCh38-FIS1","FIS1","4c"
1.35785284123794e-16,1.18974797005826,0.883,0.768,9.81754761271856e-12,"GRCh38-CNOT1","CNOT1","4c"
1.35846224167666e-16,0.286933280862606,0.233,0.052,9.8219536997706e-12,"GRCh38-ARHGAP33","ARHGAP33","4c"
1.37412635798927e-16,-0.90569743115328,0.874,0.971,9.93520839353403e-12,"GRCh38-CD81","CD81","4c"
1.38165690328252e-16,0.964942241706839,0.447,0.162,9.98965574211325e-12,"GRCh38-XDH","XDH","4c"
1.46034325975858e-16,1.01911793556342,0.757,0.487,1.05585738367065e-11,"GRCh38-MIRLET7A1HG","MIRLET7A1HG","4c"
1.48337340057931e-16,1.06425335832977,0.786,0.577,1.07250863608685e-11,"GRCh38-PGAP1","PGAP1","4c"
1.48551440390724e-16,-0.628888645389892,0.777,0.959,1.07405662431301e-11,"GRCh38-ATP5PF","ATP5PF","4c"
1.49956129258847e-16,0.710262241743605,0.621,0.264,1.08421280576731e-11,"GRCh38-SERPINB5","SERPINB5","4c"
1.53437246905128e-16,0.483878534542586,0.427,0.14,1.10938198257346e-11,"GRCm39-Gpx1","Gpx1","4c"
1.60264340729987e-16,0.549166610954464,0.495,0.188,1.15874323634596e-11,"GRCh38-GALNT4","GALNT4","4c"
1.61067070376654e-16,1.13845773559459,0.796,0.589,1.16454713223728e-11,"GRCh38-ENSG00000291073","ENSG00000291073","4c"
1.61981055365688e-16,-0.714319683899495,0.748,0.939,1.171155426505e-11,"GRCh38-LAMTOR4","LAMTOR4","4c"
1.64608163545646e-16,0.451012641783055,0.437,0.143,1.19014994406773e-11,"GRCm39-Grina","Grina","4c"
1.67949580950554e-16,-0.792807615650638,0.388,0.793,1.2143090601887e-11,"GRCh38-TCEAL1","TCEAL1","4c"
1.70052157978175e-16,1.47095549300929,0.951,0.98,1.2295111126138e-11,"GRCh38-MT-CYB","MT-CYB","4c"
1.7624023548487e-16,-0.810083504527851,0.786,0.949,1.27425215060271e-11,"GRCh38-CHURC1","CHURC1","4c"
1.80976813370422e-16,-0.864971251325201,0.505,0.857,1.30849855603083e-11,"GRCh38-CARD19","CARD19","4c"
1.80989486745157e-16,-0.854541180907403,0.718,0.929,1.30859018706483e-11,"GRCh38-UFC1","UFC1","4c"
1.88784278535678e-16,0.941051116988524,0.524,0.237,1.36494809066866e-11,"GRCh38-SCARA3","SCARA3","4c"
1.90762578781268e-16,0.457571165741196,0.369,0.112,1.37925159710433e-11,"GRCh38-MIR34AHG","MIR34AHG","4c"
1.92582226756808e-16,-0.847871437270243,0.476,0.852,1.39240801589707e-11,"GRCh38-MRPL54","MRPL54","4c"
1.95195785608385e-16,0.37408625703769,0.204,0.041,1.41130456910574e-11,"GRCh38-ENSG00000258902","ENSG00000258902","4c"
2.15423808252172e-16,0.605400197592457,0.233,0.053,1.55755721842486e-11,"GRCh38-ENSG00000286251","ENSG00000286251","4c"
2.16585884515209e-16,0.318393858199377,0.184,0.035,1.56595926222187e-11,"GRCh38-ENSG00000253925","ENSG00000253925","4c"
2.17893047871373e-16,0.434357637980192,0.524,0.188,1.5754103147196e-11,"GRCm39-Lyz2","Lyz2","4c"
2.21593589697834e-16,1.63744922480312,0.718,0.432,1.60216597223328e-11,"GRCh38-AFF1","AFF1","4c"
2.31415174304633e-16,0.429630382680723,0.456,0.153,1.67317799325735e-11,"GRCm39-Ldha","Ldha","4c"
2.32704363582217e-16,0.559259820084088,0.379,0.12,1.68249908957214e-11,"GRCh38-LNP1","LNP1","4c"
2.38460554012253e-16,-0.595285353675498,0.913,0.957,1.72411749761939e-11,"GRCh38-TFPI","TFPI","4c"
2.38749206148694e-16,-1.77137657206046,0.184,0.583,1.72620451029629e-11,"GRCh38-KLRC2","KLRC2","4c"
2.47853758187806e-16,1.48946553204828,0.816,0.53,1.79203224244948e-11,"GRCh38-DNM3","DNM3","4c"
2.65729156835719e-16,1.06845147871585,0.796,0.598,1.92127494975361e-11,"GRCh38-GAK","GAK","4c"
2.6926596770705e-16,1.19993443685107,0.505,0.202,1.94684679971552e-11,"GRCh38-SGK1","SGK1","4c"
2.72595227128291e-16,1.49506132593207,0.942,0.889,1.97091801118297e-11,"GRCh38-SPTBN1","SPTBN1","4c"
2.78621529224739e-16,1.66029630129629,0.835,0.592,2.01448938060071e-11,"GRCh38-POLR2A","POLR2A","4c"
2.8087129049416e-16,1.6137884603625,0.398,0.134,2.03075560453088e-11,"GRCh38-ABTB3","ABTB3","4c"
2.83434963435094e-16,-0.897190123230047,0.883,0.971,2.04929147262842e-11,"GRCh38-RSL1D1","RSL1D1","4c"
2.89841586912337e-16,2.10165611826302,0.718,0.379,2.09561264169358e-11,"GRCh38-TENM2","TENM2","4c"
2.96046694614253e-16,1.41060856083391,0.913,0.731,2.14047681139997e-11,"GRCh38-CDK6","CDK6","4c"
3.09314705006447e-16,1.10332317732039,0.573,0.24,2.23640718013762e-11,"GRCh38-ANGPTL4","ANGPTL4","4c"
3.30946180835605e-16,1.30167391741237,0.66,0.345,2.39280707667759e-11,"GRCh38-PCAT1","PCAT1","4c"
3.32947671951638e-16,0.501744084726741,0.515,0.19,2.40727825774474e-11,"GRCh38-CENPM","CENPM","4c"
3.33291970505173e-16,0.795276451075823,0.883,0.575,2.4097676051465e-11,"GRCh38-PCLAF","PCLAF","4c"
3.36697223011081e-16,0.93681318986596,0.932,0.782,2.43438826181472e-11,"GRCh38-RBM33","RBM33","4c"
3.45035153081871e-16,-0.896433224748853,0.621,0.881,2.49467316381254e-11,"GRCh38-NAXE","NAXE","4c"
3.47912826730979e-16,-1.20425171557399,0.233,0.621,2.51547931983032e-11,"GRCh38-SAMD11","SAMD11","4c"
3.53241295262674e-16,0.298447526947811,0.165,0.029,2.55400521300818e-11,"GRCh38-ENSG00000290126","ENSG00000290126","4c"
3.53292679892066e-16,0.439710811530687,0.476,0.164,2.55437673415562e-11,"GRCm39-Rpl8","Rpl8","4c"
3.54111053117792e-16,-0.900795350640689,0.184,0.583,2.56029373625226e-11,"GRCh38-EIF5AL1","EIF5AL1","4c"
3.6147796563335e-16,1.103555574656,0.816,0.616,2.61355798712225e-11,"GRCh38-PIP4K2A","PIP4K2A","4c"
3.62465578176153e-16,1.99739018961266,0.883,0.687,2.62069862332922e-11,"GRCh38-CDH13","CDH13","4c"
3.64791785643038e-16,-0.792632960686587,0.757,0.947,2.63751756855629e-11,"GRCh38-PRR13","PRR13","4c"
3.65229263835366e-16,0.295656369508215,0.175,0.032,2.64068062338246e-11,"GRCh38-ENSG00000266313","ENSG00000266313","4c"
3.69244706868808e-16,-0.869915989136789,0.767,0.951,2.66971307960286e-11,"GRCh38-VKORC1","VKORC1","4c"
3.79988210603757e-16,-0.751331174214647,0.583,0.91,2.74739076030729e-11,"GRCh38-RNF181","RNF181","4c"
3.81310583177946e-16,-0.699407454092147,0.612,0.9,2.75695177849318e-11,"GRCh38-POLR2J","POLR2J","4c"
3.94187278625603e-16,0.579945733203936,0.437,0.158,2.85005286191883e-11,"GRCh38-ENSG00000249456","ENSG00000249456","4c"
4.01838702545669e-16,-0.812125196706538,0.34,0.743,2.9053741871457e-11,"GRCh38-PICSAR","PICSAR","4c"
4.0952629198674e-16,-0.863700875502635,0.447,0.774,2.96095699632253e-11,"GRCh38-PTRHD1","PTRHD1","4c"
4.20188321559375e-16,1.23177849391016,0.748,0.471,3.03804560253859e-11,"GRCh38-CEP70","CEP70","4c"
4.51224625282506e-16,1.78952364010401,0.806,0.59,3.26244428571757e-11,"GRCh38-KAZN","KAZN","4c"
4.52257897695461e-16,-0.813707671607233,0.534,0.853,3.26991505191773e-11,"GRCh38-CISD3","CISD3","4c"
4.54745069663904e-16,1.26922592773164,0.718,0.43,3.28789780268396e-11,"GRCh38-PIEZO1","PIEZO1","4c"
4.62672214553966e-16,0.538874826005063,0.398,0.128,3.34521264566809e-11,"GRCm39-Lmnb1","Lmnb1","4c"
4.65423089397321e-16,-0.817830546412853,0.631,0.924,3.36510202096051e-11,"GRCh38-NDUFB1","NDUFB1","4c"
4.83009937045172e-16,1.41269186512986,0.903,0.791,3.49225844682400e-11,"GRCh38-QSER1","QSER1","4c"
4.89790394022845e-16,-0.877167316242047,0.466,0.828,3.54128250686397e-11,"GRCh38-COA3","COA3","4c"
5.07036769526298e-16,0.908594224583759,0.786,0.481,3.66597725102904e-11,"GRCh38-HSPA13","HSPA13","4c"
5.07888250512431e-16,0.90879801698789,0.786,0.432,3.67213362885498e-11,"GRCh38-POSTN","POSTN","4c"
5.29944127924504e-16,1.36867317152932,0.874,0.719,3.83160203371975e-11,"GRCh38-CBFB","CBFB","4c"
5.35440249334378e-16,0.342409769376785,0.175,0.033,3.87134009073742e-11,"GRCh38-ENSG00000286456","ENSG00000286456","4c"
5.52249343298528e-16,1.35976238378916,0.553,0.243,3.99287320191702e-11,"GRCh38-BMAL2","BMAL2","4c"
5.62607099732151e-16,-0.716097393491967,0.437,0.809,4.0677618524834e-11,"GRCh38-GBP2","GBP2","4c"
5.66665803170035e-16,0.704235490787638,0.369,0.118,4.09710709007999e-11,"GRCh38-ARRDC3-AS1","ARRDC3-AS1","4c"
5.75989218849548e-16,1.84654510332139,0.767,0.58,4.164517250126e-11,"GRCh38-MCC","MCC","4c"
5.77912302256922e-16,0.729864820409334,0.359,0.112,4.178421527778e-11,"GRCh38-ABCA8","ABCA8","4c"
5.78383127024995e-16,-1.21316428928931,0.777,0.968,4.18182568501612e-11,"GRCh38-IL32","IL32","4c"
5.83244124438843e-16,1.32389888592741,0.845,0.638,4.21697166851772e-11,"GRCh38-LGR4","LGR4","4c"
5.83698700733839e-16,-0.818346823030798,0.767,0.952,4.2202583460458e-11,"GRCh38-SNRPB2","SNRPB2","4c"
5.89176142479139e-16,1.4265901368689,0.864,0.679,4.25986134535267e-11,"GRCh38-WEE1","WEE1","4c"
6.1059879326279e-16,0.292701717377609,0.282,0.072,4.41475139504862e-11,"GRCh38-H3C3","H3C3","4c"
6.25410915221068e-16,-0.816682765745259,0.738,0.944,4.52184599923137e-11,"GRCh38-C1R","C1R","4c"
6.6399859811026e-16,0.816791993463703,0.621,0.297,4.8008426640568e-11,"GRCh38-IPPK","IPPK","4c"
6.69605674507051e-16,0.643753983256893,0.204,0.043,4.84138294782088e-11,"GRCh38-CFAP299","CFAP299","4c"
6.80176838739028e-16,-0.853686419533751,0.971,0.991,4.91781457945092e-11,"GRCh38-PPIA","PPIA","4c"
7.12434817587143e-16,1.45667331110411,0.757,0.532,5.15104621811856e-11,"GRCh38-FIGN","FIGN","4c"
7.15977563097866e-16,-0.782865662244728,0.078,0.486,5.17666097671019e-11,"GRCh38-CA11","CA11","4c"
7.22797657361273e-16,0.862189635763368,0.602,0.301,5.22597162225348e-11,"GRCh38-CRKL","CRKL","4c"
7.26333102896743e-16,1.16900367871352,0.903,0.743,5.25153360056403e-11,"GRCh38-SMG7","SMG7","4c"
7.54369149687799e-16,-0.772060670621995,0.816,0.96,5.45423982607272e-11,"GRCh38-SELENOH","SELENOH","4c"
7.56102982514757e-16,0.940834902095326,0.621,0.316,5.4667757841782e-11,"GRCh38-FILIP1L","FILIP1L","4c"
7.59006099808254e-16,0.663078945568987,0.534,0.234,5.48776590283364e-11,"GRCh38-NOTCH2NLC","NOTCH2NLC","4c"
7.61901404812464e-16,-0.918887389660389,0.883,0.972,5.50869953707507e-11,"GRCh38-PEBP1","PEBP1","4c"
7.76326769278536e-16,1.33399500335406,0.66,0.39,5.61299780723767e-11,"GRCh38-LRIG3","LRIG3","4c"
7.77513468435267e-16,0.496334499913413,0.447,0.152,5.62157787948067e-11,"GRCm39-Rpl17","Rpl17","4c"
7.85942969439905e-16,0.999528444802364,0.796,0.514,5.6825248576444e-11,"GRCh38-ZBTB40","ZBTB40","4c"
7.99025660298505e-16,1.24378043658478,0.359,0.115,5.77711532909025e-11,"GRCh38-ENSG00000249001","ENSG00000249001","4c"
8.1091859405612e-16,-0.664935930972922,0.709,0.945,5.86310361874456e-11,"GRCh38-LAMTOR5","LAMTOR5","4c"
8.3520065657397e-16,-0.921736123480284,0.786,0.952,6.03866778716112e-11,"GRCh38-MRPS34","MRPS34","4c"
8.54053626973701e-16,0.313018728183413,0.126,0.019,6.17497853374525e-11,"GRCh38-LINC02828","LINC02828","4c"
8.62205618547095e-16,1.32757712840763,0.942,0.884,6.23391906321921e-11,"GRCh38-EGFR","EGFR","4c"
8.80751004453113e-16,0.864734179581121,0.592,0.285,6.3680059123969e-11,"GRCh38-LAMTOR5-AS1","LAMTOR5-AS1","4c"
9.36355543585281e-16,-0.905940044530452,0.728,0.927,6.7700378512303e-11,"GRCh38-IGBP1","IGBP1","4c"
9.70082497425798e-16,0.408910168833923,0.485,0.179,7.01389047288801e-11,"GRCh38-KRT14","KRT14","4c"
9.95583445161612e-16,0.926231488893912,0.495,0.193,7.19826742520749e-11,"GRCh38-STRIP2","STRIP2","4c"
1.0090796010587e-15,0.363949961756109,0.184,0.036,7.2958473315746e-11,"GRCh38-FGF12","FGF12","4c"
1.00967529220864e-15,1.34642395182278,0.806,0.587,7.30015429772692e-11,"GRCh38-CEP295","CEP295","4c"
1.02457541340225e-15,-0.976483126739165,0.175,0.58,7.40788515398096e-11,"GRCh38-STAC2","STAC2","4c"
1.0260101305335e-15,0.561208032423867,0.534,0.219,7.41825844578333e-11,"GRCm39-Hmgb1","Hmgb1","4c"
1.05977869677228e-15,-0.802842588777323,0.544,0.876,7.66241193340291e-11,"GRCh38-LAGE3","LAGE3","4c"
1.08911521186843e-15,1.08242850695452,0.427,0.157,7.87452080485109e-11,"GRCh38-NUAK2","NUAK2","4c"
1.10538733015105e-15,-0.859249964093647,0.592,0.893,7.99217147445813e-11,"GRCh38-UROD","UROD","4c"
1.1288317206035e-15,0.597515348155527,0.291,0.081,8.1616791063074e-11,"GRCh38-ENSG00000205622","ENSG00000205622","4c"
1.16603164802493e-15,-0.759242914468579,0.427,0.78,8.43064202154981e-11,"GRCh38-PMM1","PMM1","4c"
1.19459896977079e-15,0.388466884313075,0.369,0.113,8.63718947123674e-11,"GRCm39-Iqgap1","Iqgap1","4c"
1.21483476196041e-15,-0.837866612412684,0.718,0.922,8.78349829592614e-11,"GRCh38-MRPS18B","MRPS18B","4c"
1.28671571248678e-15,0.969038646631422,0.951,0.88,9.30321194442195e-11,"GRCh38-HNRNPH1","HNRNPH1","4c"
1.30894659630648e-15,1.79610039797458,0.427,0.162,9.46394568061512e-11,"GRCh38-GALNTL6","GALNTL6","4c"
1.31455990770366e-15,-0.725932951943277,0.369,0.751,9.50453104467898e-11,"GRCh38-RPP25L","RPP25L","4c"
1.36825326710345e-15,-0.778878612135385,0.786,0.936,9.89274477181136e-11,"GRCh38-CTSA","CTSA","4c"
1.37341873387585e-15,1.09353973004686,0.806,0.548,9.93009212966916e-11,"GRCh38-HYOU1","HYOU1","4c"
1.37380757049005e-15,-0.683754464795546,0.757,0.936,9.93290349615719e-11,"GRCh38-ERP29","ERP29","4c"
1.38415979193686e-15,0.494419449916924,0.408,0.135,1.00077521276619e-10,"GRCh38-LAPTM5","LAPTM5","4c"
1.38808855454108e-15,0.686936992127867,0.466,0.178,1.00361578670429e-10,"GRCh38-NEMP2","NEMP2","4c"
1.38860964210673e-15,0.747405611166229,0.408,0.137,1.00399254343601e-10,"GRCh38-LINC02932","LINC02932","4c"
1.47996237389875e-15,-1.15214190831289,0.32,0.689,1.07004239557627e-10,"GRCh38-COLEC12","COLEC12","4c"
1.51737784288416e-15,1.42301830450851,0.864,0.704,1.09709452796211e-10,"GRCh38-FBXL13","FBXL13","4c"
1.56378984473038e-15,0.591402602004202,0.476,0.167,1.13065133353696e-10,"GRCm39-Ubc","Ubc","4c"
1.58983696231662e-15,1.44974844127704,0.738,0.458,1.14948392049416e-10,"GRCh38-MMS22L","MMS22L","4c"
1.71991130692781e-15,0.933715987992791,0.553,0.243,1.24353027313495e-10,"GRCh38-ENSG00000291065","ENSG00000291065","4c"
1.72455874337871e-15,0.375692986592098,0.476,0.165,1.24689046263767e-10,"GRCm39-Rpl37","Rpl37","4c"
1.7537581192365e-15,0.524236900606184,0.456,0.163,1.26800219537037e-10,"GRCm39-Rps19","Rps19","4c"
1.75877314600781e-15,1.09349075262773,0.505,0.207,1.27162816002656e-10,"GRCh38-CSMD3","CSMD3","4c"
1.76488772245627e-15,-0.804080970281838,0.757,0.939,1.27604912109033e-10,"GRCh38-MTIF3","MTIF3","4c"
1.77451496307537e-15,1.10123644844556,0.757,0.536,1.28300980860275e-10,"GRCh38-PLXNB2","PLXNB2","4c"
1.78541095176471e-15,1.360879704453,0.845,0.724,1.29088782634492e-10,"GRCh38-SMURF1","SMURF1","4c"
1.78907489571617e-15,1.9338868184586,0.757,0.473,1.29353693110071e-10,"GRCh38-ABTB2","ABTB2","4c"
1.85283122255814e-15,1.62591868901941,0.816,0.529,1.33963403053398e-10,"GRCh38-DLEU1","DLEU1","4c"
1.86147572943358e-15,1.31541160669609,0.874,0.769,1.34588418189507e-10,"GRCh38-ATP2C1","ATP2C1","4c"
1.89849180393899e-15,0.441037759432525,0.398,0.129,1.37264754408397e-10,"GRCm39-Rpl10","Rpl10","4c"
1.90468945063416e-15,-0.772777365545966,0.379,0.794,1.37712856659751e-10,"GRCh38-PRAF2","PRAF2","4c"
1.94115079949409e-15,0.426287824823438,0.398,0.128,1.40349085105022e-10,"GRCm39-Jun","Jun","4c"
1.98618328025098e-15,0.56596081043548,0.495,0.185,1.43605023528706e-10,"GRCm39-B2m","B2m","4c"
1.99399269122828e-15,0.39315407122989,0.291,0.079,1.44169659561187e-10,"GRCh38-H4C4","H4C4","4c"
2.05610294209672e-15,1.24493223528342,0.951,0.89,1.48660354919477e-10,"GRCh38-CLTC","CLTC","4c"
2.08079120453543e-15,0.665862348811779,0.602,0.286,1.50445365670321e-10,"GRCh38-C2orf69","C2orf69","4c"
2.08455741989374e-15,-0.779906686509629,0.728,0.952,1.50717670573157e-10,"GRCh38-PSMB5","PSMB5","4c"
2.12155365666709e-15,-0.6440196259689,0.767,0.955,1.53392572484344e-10,"GRCh38-DDT","DDT","4c"
2.15216658362525e-15,0.611296080770197,0.583,0.262,1.55605948329273e-10,"GRCh38-CCDC134","CCDC134","4c"
2.17028870396265e-15,0.686940070629263,0.563,0.26,1.56916213873907e-10,"GRCh38-MAFK","MAFK","4c"
2.23381427935956e-15,1.38409915263138,0.883,0.79,1.61509240026255e-10,"GRCh38-SCAF8","SCAF8","4c"
2.29973012657614e-15,1.47624540668017,0.767,0.574,1.66275087611708e-10,"GRCh38-OSBPL3","OSBPL3","4c"
2.38504674272203e-15,0.322466686599869,0.214,0.048,1.72443649592288e-10,"GRCh38-ENSG00000273064","ENSG00000273064","4c"
2.43556336718129e-15,0.912038395208443,0.641,0.349,1.76096102573942e-10,"GRCh38-ERI1","ERI1","4c"
2.4446098750974e-15,1.14988751233015,0.903,0.844,1.76750183189292e-10,"GRCh38-TRA2B","TRA2B","4c"
2.45799895044861e-15,-0.805701094363223,0.029,0.442,1.77718240115335e-10,"GRCh38-MB","MB","4c"
2.46088758350963e-15,-0.659160588433175,0.854,0.966,1.77927094062913e-10,"GRCh38-EMP3","EMP3","4c"
2.53470812978718e-15,0.849990690914704,0.563,0.258,1.83264467199873e-10,"GRCh38-PLEKHG3","PLEKHG3","4c"
2.63784587211889e-15,1.40913182936494,0.35,0.11,1.9072153224594e-10,"GRCh38-CD83","CD83","4c"
2.66341713340414e-15,-0.765941447329338,0.631,0.912,1.92570385579386e-10,"GRCh38-GABARAPL2","GABARAPL2","4c"
2.6780366388414e-15,0.656760629253169,0.476,0.195,1.93627405061511e-10,"GRCh38-ENSG00000287555","ENSG00000287555","4c"
2.68520316306961e-15,1.03949961901447,0.602,0.323,1.94145559096259e-10,"GRCh38-CEP85","CEP85","4c"
2.68779587488312e-15,0.962892113747166,0.874,0.713,1.94333017345799e-10,"GRCh38-PSPC1","PSPC1","4c"
2.7343433673185e-15,0.698087542328098,0.155,0.028,1.97698494143862e-10,"GRCh38-GRID2","GRID2","4c"
2.80540380027226e-15,-0.781867938383239,0.767,0.934,2.02836305567285e-10,"GRCh38-TMEM205","TMEM205","4c"
2.82403635856347e-15,1.28995537779166,0.835,0.658,2.04183476796856e-10,"GRCh38-SRBD1","SRBD1","4c"
2.84693778479826e-15,1.13585848996806,0.816,0.6,2.05839295716484e-10,"GRCh38-CNOT6","CNOT6","4c"
2.86711066769969e-15,1.0101215753553,0.786,0.542,2.07297835496023e-10,"GRCh38-SOAT1","SOAT1","4c"
2.87768898149164e-15,0.325844237567843,0.155,0.028,2.08062668739809e-10,"GRCh38-ENSG00000289865","ENSG00000289865","4c"
2.88490554869027e-15,0.38784353099512,0.437,0.147,2.08584440981404e-10,"GRCm39-Tpd52","Tpd52","4c"
2.96206195425889e-15,0.399018166027217,0.388,0.129,2.14163003416826e-10,"GRCh38-DEPDC7","DEPDC7","4c"
2.9876956917983e-15,1.27673897783333,0.806,0.62,2.16016373908401e-10,"GRCh38-SUCO","SUCO","4c"
3.06488739813483e-15,0.529999970381761,0.35,0.111,2.21597488659945e-10,"GRCh38-BHLHE40-AS1","BHLHE40-AS1","4c"
3.21831812642157e-15,-1.00482130187574,0.767,0.919,2.32690837176532e-10,"GRCh38-PKIG","PKIG","4c"
3.31661988662088e-15,-0.796453956536065,0.359,0.771,2.39798251042463e-10,"GRCh38-CDA","CDA","4c"
3.47183805494518e-15,0.711554412938467,0.447,0.164,2.51020835048646e-10,"GRCh38-SYTL1","SYTL1","4c"
3.51131012173037e-15,-0.879659413462906,0.282,0.657,2.53874744421349e-10,"GRCh38-MAP1LC3A","MAP1LC3A","4c"
3.64147992637399e-15,0.333951934684033,0.282,0.077,2.63286281636692e-10,"GRCh38-ZNF850","ZNF850","4c"
3.73584051897336e-15,0.765591822854309,0.437,0.167,2.70108741202812e-10,"GRCh38-RELT","RELT","4c"
3.85191722286542e-15,1.49113083414577,0.835,0.664,2.78501319047615e-10,"GRCh38-ZNF407","ZNF407","4c"
3.90234415914669e-15,0.73492645152028,0.883,0.627,2.82147287394624e-10,"GRCh38-DDX39A","DDX39A","4c"
3.9686767254192e-15,0.340304244563913,0.398,0.128,2.86943264601259e-10,"GRCm39-Gng5","Gng5","4c"
4.00157904461732e-15,1.04217080120105,0.272,0.075,2.89322168083921e-10,"GRCh38-GLDC","GLDC","4c"
4.03426169908332e-15,1.33633698091125,0.767,0.502,2.91685189367123e-10,"GRCh38-RGS12","RGS12","4c"
4.13532735909779e-15,0.306601779873037,0.32,0.091,2.98992438717489e-10,"GRCm39-Ccnl1","Ccnl1","4c"
4.13788417059295e-15,-0.740122801744341,0.641,0.912,2.99177301302212e-10,"GRCh38-COX7A2L","COX7A2L","4c"
4.27510822765012e-15,1.5417284820986,0.845,0.638,3.09098875075559e-10,"GRCh38-TSC22D2","TSC22D2","4c"
4.37256664350319e-15,1.06538104763936,0.398,0.13,3.16145313458568e-10,"GRCh38-MMP13","MMP13","4c"
4.44000461728605e-15,0.330651181140439,0.107,0.014,3.21021213839016e-10,"GRCh38-ENSG00000271725","ENSG00000271725","4c"
4.47223490673938e-15,0.886209884987029,0.68,0.398,3.2335152822707e-10,"GRCh38-VANGL1","VANGL1","4c"
4.50682023850823e-15,-0.735046841323088,0.65,0.901,3.25852116884622e-10,"GRCh38-NKAP","NKAP","4c"
4.70576355685649e-15,1.35464386206223,0.592,0.277,3.40236116687838e-10,"GRCh38-MX1","MX1","4c"
4.70985975314453e-15,1.45369580247931,0.893,0.817,3.40532279871856e-10,"GRCh38-IGF2R","IGF2R","4c"
4.8297198833359e-15,1.34960826907267,0.796,0.569,3.49198407004952e-10,"GRCh38-GNAI1","GNAI1","4c"
4.88471644529284e-15,1.41185976089766,0.748,0.492,3.53174768427563e-10,"GRCh38-VAV2","VAV2","4c"
4.94685872110821e-15,1.25314805172454,0.767,0.547,3.57667779253566e-10,"GRCh38-ZNRF2","ZNRF2","4c"
4.95270737485405e-15,-0.766498858227929,0.913,0.977,3.58090648616697e-10,"GRCh38-SLC25A3","SLC25A3","4c"
4.95647986307699e-15,1.02126220698085,0.689,0.375,3.58363407060192e-10,"GRCh38-LIMK2","LIMK2","4c"
5.04504509814874e-15,0.411328980993645,0.204,0.045,3.6476685068635e-10,"GRCh38-ENSG00000278920","ENSG00000278920","4c"
5.07033270053427e-15,-0.831600141183762,0.67,0.921,3.66595194914029e-10,"GRCh38-BBLN","BBLN","4c"
5.15130922144972e-15,1.29108700695605,0.806,0.563,3.72449959329258e-10,"GRCh38-EPS8","EPS8","4c"
5.83524405971446e-15,0.496018252432641,0.408,0.138,4.21899816005475e-10,"GRCm39-Antxr2","Antxr2","4c"
6.0183838018253e-15,-0.839601622862375,0.777,0.962,4.35141185639573e-10,"GRCh38-ATP5MF","ATP5MF","4c"
6.03828771924535e-15,0.737967280802725,0.66,0.356,4.36580278676877e-10,"GRCh38-CHUK","CHUK","4c"
6.07753594238723e-15,0.76821462484852,0.563,0.268,4.39418003706482e-10,"GRCh38-SYNJ1","SYNJ1","4c"
6.27862903500273e-15,-0.679015620670407,0.592,0.893,4.53957436488767e-10,"GRCh38-BLOC1S1","BLOC1S1","4c"
6.29529288255359e-15,1.43912607332405,0.845,0.678,4.5516226599439e-10,"GRCh38-GLI3","GLI3","4c"
6.30164876305628e-15,0.968199340377627,0.689,0.401,4.55621808866495e-10,"GRCh38-SLC35D1","SLC35D1","4c"
6.36588125146099e-15,0.760897672403103,0.796,0.523,4.60265946243133e-10,"GRCh38-FHIP2A","FHIP2A","4c"
6.5523439035281e-15,1.02558411836196,0.854,0.698,4.73747568912889e-10,"GRCh38-UBP1","UBP1","4c"
6.83338694380892e-15,-0.861055780883573,0.592,0.859,4.94067542811272e-10,"GRCh38-NDUFA3","NDUFA3","4c"
6.84008510026103e-15,1.76169831692935,0.942,0.92,4.94551832919073e-10,"GRCh38-TEAD1","TEAD1","4c"
6.96385508398525e-15,0.699183292902609,0.369,0.124,5.03500650282301e-10,"GRCh38-LINC01518","LINC01518","4c"
7.12426233449076e-15,0.250673433118531,0.204,0.045,5.15098415308351e-10,"GRCh38-RDM1","RDM1","4c"
7.29624294570785e-15,1.29341584667955,0.757,0.529,5.27532957460569e-10,"GRCh38-EIF2AK3","EIF2AK3","4c"
7.39117913669972e-15,1.06682259950053,0.757,0.526,5.34397033941663e-10,"GRCh38-GNA13","GNA13","4c"
7.45350848896755e-15,1.81639257278073,0.466,0.191,5.38903570769332e-10,"GRCh38-THSD4","THSD4","4c"
7.46745386814098e-15,0.402244423183388,0.417,0.14,5.39911849574329e-10,"GRCm39-Rps24","Rps24","4c"
7.53345859164587e-15,0.38376618477825,0.194,0.041,5.4468412309318e-10,"GRCh38-CERS3","CERS3","4c"
7.84021568519547e-15,0.938161659250722,0.874,0.654,5.66863274471003e-10,"GRCh38-RCC2","RCC2","4c"
8.01525168293592e-15,0.938166244034967,0.476,0.199,5.79518727179633e-10,"GRCh38-C3orf52","C3orf52","4c"
8.19387256439894e-15,1.00919934935144,0.903,0.71,5.92433374151172e-10,"GRCh38-TAB2","TAB2","4c"
8.30898147671134e-15,0.515475612325018,0.466,0.17,6.00755978729183e-10,"GRCm39-Rpl27a","Rpl27a","4c"
8.4064878742088e-15,-0.733056389739128,0.825,0.949,6.07805886281045e-10,"GRCh38-RTRAF","RTRAF","4c"
8.41782750478836e-15,0.42660397519387,0.408,0.138,6.08625764251208e-10,"GRCm39-Rpl24","Rpl24","4c"
8.44393556940397e-15,0.56980606328451,0.32,0.101,6.10513429539046e-10,"GRCh38-KLHL25","KLHL25","4c"
8.67666203793317e-15,1.14986663210904,0.893,0.735,6.27340018666644e-10,"GRCh38-NSUN2","NSUN2","4c"
8.76877759611381e-15,-0.858430709022221,0.777,0.943,6.34000157754221e-10,"GRCh38-REXO2","REXO2","4c"
8.79738556984763e-15,0.747081892803956,0.505,0.223,6.36068571471124e-10,"GRCh38-DAB2IP","DAB2IP","4c"
8.87879035403459e-15,1.452274489262,0.903,0.776,6.41954300177409e-10,"GRCh38-RASA1","RASA1","4c"
9.03473438555552e-15,1.17593471212584,0.903,0.847,6.53229365544435e-10,"GRCh38-STT3B","STT3B","4c"
9.75427641718431e-15,1.37247797971278,0.835,0.657,7.0525369351526e-10,"GRCh38-DLEU2","DLEU2","4c"
9.84260819250784e-15,0.447800752023037,0.291,0.084,7.11640257534702e-10,"GRCm39-Col1a1","Col1a1","4c"
1.03216696879872e-14,-0.766059204537802,0.68,0.893,7.4627736178085e-10,"GRCh38-C1orf122","C1orf122","4c"
1.03496589794287e-14,1.40571160896339,0.437,0.177,7.48301043530655e-10,"GRCh38-SLC45A4","SLC45A4","4c"
1.03586060353094e-14,0.888090801304697,0.718,0.473,7.4894793356494e-10,"GRCh38-MLH1","MLH1","4c"
1.04704453489173e-14,-0.762773370951244,0.117,0.512,7.57034139617418e-10,"GRCh38-ACOT2","ACOT2","4c"
1.06394573092721e-14,1.7128275658756,0.592,0.267,7.69254042374993e-10,"GRCh38-CFAP20DC-DT","CFAP20DC-DT","4c"
1.13665966244189e-14,0.369238115336704,0.417,0.144,8.21827669138735e-10,"GRCh38-PSMC3IP","PSMC3IP","4c"
1.15596406955744e-14,1.24320238843767,0.942,0.867,8.3578514157142e-10,"GRCh38-MAP4K4","MAP4K4","4c"
1.18131562517303e-14,-0.771118917822193,0.942,0.975,8.54114823312606e-10,"GRCh38-PARK7","PARK7","4c"
1.18641861071865e-14,0.769101161300771,0.592,0.301,8.57804383921796e-10,"GRCh38-ENSG00000290683","ENSG00000290683","4c"
1.1886407926706e-14,0.754014856188505,0.767,0.445,8.59411065916698e-10,"GRCh38-SLC2A13","SLC2A13","4c"
1.24239954453768e-14,-0.735841526461876,0.67,0.918,8.98279718691631e-10,"GRCh38-NDUFA7","NDUFA7","4c"
1.25679817504819e-14,1.24649424112224,0.971,0.943,9.08690216523341e-10,"GRCh38-DYNC1H1","DYNC1H1","4c"
1.28730114363516e-14,0.544217421285419,0.223,0.054,9.30744472871097e-10,"GRCh38-ENSG00000288013","ENSG00000288013","4c"
1.29259198851992e-14,1.1590975877175,0.757,0.538,9.34569859539675e-10,"GRCh38-ACVR1","ACVR1","4c"
1.32270364688252e-14,0.498416117021882,0.476,0.176,9.56341190769e-10,"GRCm39-Rpl32","Rpl32","4c"
1.34404284889179e-14,0.309060344208342,0.291,0.081,9.71769860605742e-10,"GRCm39-Arg2","Arg2","4c"
1.36010225087127e-14,1.25058741822006,0.505,0.223,9.83381129424945e-10,"GRCh38-ENSG00000253363","ENSG00000253363","4c"
1.3749748681046e-14,0.840432746984563,0.602,0.331,9.94134329136987e-10,"GRCh38-NDST1","NDST1","4c"
1.38747169688869e-14,0.828301447850456,0.738,0.492,1.00316978628446e-09,"GRCh38-LEMD3","LEMD3","4c"
1.40226394964237e-14,1.00117489671679,0.796,0.574,1.01386488087043e-09,"GRCh38-RELCH","RELCH","4c"
1.41187034368353e-14,1.08023230167665,0.262,0.072,1.02081049589007e-09,"GRCh38-GP6-AS1","GP6-AS1","4c"
1.43370628837916e-14,-0.741071019695181,0.505,0.821,1.0365983206239e-09,"GRCh38-LARP6","LARP6","4c"
1.45134065887933e-14,-0.682144494104232,0.417,0.784,1.04934832318293e-09,"GRCh38-TPGS1","TPGS1","4c"
1.4727740221462e-14,1.37222513725283,0.854,0.774,1.06484507349214e-09,"GRCh38-ATP2A2","ATP2A2","4c"
1.50031217444105e-14,1.59726700591638,0.621,0.344,1.08475570836437e-09,"GRCh38-CNTNAP3B","CNTNAP3B","4c"
1.50221529499861e-14,1.45560063878153,0.883,0.795,1.08613170258989e-09,"GRCh38-CMIP","CMIP","4c"
1.54194285791909e-14,1.01873849319571,0.913,0.77,1.11485552513266e-09,"GRCh38-UBR4","UBR4","4c"
1.6008747212183e-14,0.427806757228926,0.311,0.094,1.15746444093526e-09,"GRCh38-ENSG00000286242","ENSG00000286242","4c"
1.61152544388393e-14,0.501737695593482,0.359,0.115,1.16516512643696e-09,"GRCm39-Nlrp3","Nlrp3","4c"
1.61684864550667e-14,0.977227297030404,0.816,0.654,1.16901390767423e-09,"GRCh38-LNPEP","LNPEP","4c"
1.62217638316286e-14,0.355247751618237,0.184,0.039,1.17286596855441e-09,"GRCh38-BALR6","BALR6","4c"
1.64656784548852e-14,1.15497738331469,0.903,0.728,1.19050148364511e-09,"GRCh38-TUBB6","TUBB6","4c"
1.66921367562778e-14,-0.73958535617334,0.291,0.672,1.2068748717524e-09,"GRCh38-STARD10","STARD10","4c"
1.67072329319753e-14,-1.19212839241487,0.262,0.63,1.20796635544768e-09,"GRCh38-SPANXC","SPANXC","4c"
1.69682104199958e-14,0.974127051357451,0.485,0.205,1.22683554978654e-09,"GRCh38-CABYR","CABYR","4c"
1.85719784295482e-14,1.1026317490174,0.893,0.731,1.34279118441319e-09,"GRCh38-PPME1","PPME1","4c"
1.86096274448116e-14,-0.697738571010875,0.583,0.843,1.34551328351477e-09,"GRCh38-HEBP1","HEBP1","4c"
1.90652167742113e-14,0.490512784902743,0.447,0.161,1.37845330320903e-09,"GRCm39-Rpsa","Rpsa","4c"
1.92653349966958e-14,1.28639210352229,0.767,0.485,1.3929222509311e-09,"GRCh38-MSRA","MSRA","4c"
1.95079836127388e-14,-0.798334366321212,0.524,0.794,1.41046623116824e-09,"GRCh38-IFT20","IFT20","4c"
1.95393588674787e-14,1.25874207835009,0.68,0.406,1.41273472483645e-09,"GRCh38-MXD1","MXD1","4c"
1.96337847280593e-14,0.369634359246123,0.437,0.151,1.41956190340815e-09,"GRCm39-Rps27a","Rps27a","4c"
1.96971335090011e-14,1.0667412100224,0.864,0.658,1.4241421469678e-09,"GRCh38-KDM3B","KDM3B","4c"
2.02947186521726e-14,-0.723718771166147,0.951,0.982,1.46734874798938e-09,"GRCh38-PSMA7","PSMA7","4c"
2.03104944260517e-14,1.3099422930048,0.835,0.709,1.46848936799239e-09,"GRCh38-SAE1","SAE1","4c"
2.05342466837835e-14,0.459899215603598,0.34,0.11,1.48466710373091e-09,"GRCh38-TSPAN13","TSPAN13","4c"
2.06821808012019e-14,1.35391057321154,0.893,0.841,1.4953630362885e-09,"GRCh38-ARHGAP21","ARHGAP21","4c"
2.09238619956878e-14,1.31373884698866,0.932,0.863,1.51283707001222e-09,"GRCh38-NCOR2","NCOR2","4c"
2.10549625330349e-14,0.329895226977725,0.194,0.042,1.52231590106349e-09,"GRCh38-CASZ1","CASZ1","4c"
2.1363959540511e-14,0.325660488315595,0.184,0.039,1.54465700269803e-09,"GRCh38-OTULIN-DT","OTULIN-DT","4c"
2.13696312102771e-14,0.961709889785132,0.505,0.221,1.54506707576546e-09,"GRCh38-PRKCH","PRKCH","4c"
2.1516079315692e-14,1.15996733951963,0.854,0.636,1.55565556668316e-09,"GRCh38-ANKRD50","ANKRD50","4c"
2.19149595977932e-14,0.468944714868524,0.291,0.083,1.58449540883964e-09,"GRCh38-FAM184A","FAM184A","4c"
2.22239192640145e-14,1.13300264411142,0.816,0.585,1.60683381062678e-09,"GRCh38-MTOR","MTOR","4c"
2.23502450048145e-14,0.420408631191256,0.35,0.108,1.6159674143381e-09,"GRCm39-Fbxl5","Fbxl5","4c"
2.27181881878854e-14,0.406129137955158,0.447,0.156,1.64257044236049e-09,"GRCm39-Myl6","Myl6","4c"
2.3109830164087e-14,0.334397069067582,0.359,0.114,1.67088694052382e-09,"GRCm39-Rps17","Rps17","4c"
2.37492662675123e-14,0.369976139607565,0.437,0.151,1.71711944967367e-09,"GRCm39-Ifrd1","Ifrd1","4c"
2.40866516741943e-14,-0.714324197103519,0.515,0.843,1.7415130893476e-09,"GRCh38-MRPL11","MRPL11","4c"
2.41755331742153e-14,1.29773341796763,0.816,0.61,1.74793939956211e-09,"GRCh38-EYA1","EYA1","4c"
2.41974281164526e-14,-0.885528052702653,0.262,0.64,1.74952244767576e-09,"GRCh38-TLE2","TLE2","4c"
2.43226841341354e-14,-0.651645671301064,0.835,0.956,1.75857870826625e-09,"GRCh38-ERGIC3","ERGIC3","4c"
2.50464805226863e-14,0.496578135397856,0.146,0.026,1.81091063475126e-09,"GRCh38-LINC02006","LINC02006","4c"
2.55349469212648e-14,-0.669361226536391,0.359,0.725,1.84622773230129e-09,"GRCh38-C15orf61","C15orf61","4c"
2.66579164041726e-14,0.832860635129684,0.631,0.355,1.92742067185448e-09,"GRCh38-NUP35","NUP35","4c"
2.68435606331437e-14,1.45653679590181,0.883,0.873,1.94084312089756e-09,"GRCh38-PHIP","PHIP","4c"
2.69071173333942e-14,1.33014222301349,0.961,0.988,1.94543839743907e-09,"GRCh38-MT-CO2","MT-CO2","4c"
2.69321083118327e-14,-0.729481316519387,0.524,0.841,1.94724529516213e-09,"GRCh38-MYG1","MYG1","4c"
2.71513480754477e-14,0.833529733122015,0.718,0.455,1.96309676855102e-09,"GRCh38-NEDD1","NEDD1","4c"
2.74253223055828e-14,0.696618581930591,0.602,0.308,1.98290565333825e-09,"GRCh38-ZNF680","ZNF680","4c"
2.74392709681463e-14,-0.714345170101522,0.728,0.92,1.98391416953892e-09,"GRCh38-TMEM219","TMEM219","4c"
2.77174424934809e-14,0.503340794458957,0.301,0.089,2.00402652716366e-09,"GRCh38-CSRNP3","CSRNP3","4c"
2.8071089443112e-14,0.644780683600242,0.417,0.16,2.02959590891588e-09,"GRCh38-LINC01176","LINC01176","4c"
2.91440797904341e-14,1.00057513841096,0.689,0.367,2.10717525700797e-09,"GRCh38-KCNMB4","KCNMB4","4c"
2.93544433421911e-14,-0.6999223563746,0.738,0.95,2.1223849625271e-09,"GRCh38-BRK1","BRK1","4c"
3.01169857910681e-14,-0.697604961870502,0.621,0.893,2.1775183066658e-09,"GRCh38-MRPL40","MRPL40","4c"
3.06735882214178e-14,-0.715700652056514,0.583,0.86,2.21776177558495e-09,"GRCh38-SMIM30","SMIM30","4c"
3.07524132013451e-14,0.984207258826222,0.748,0.471,2.22346097928366e-09,"GRCh38-TGFBR1","TGFBR1","4c"
3.0976162614181e-14,0.897109953336649,0.796,0.579,2.23963850933052e-09,"GRCh38-PANK3","PANK3","4c"
3.12187376523653e-14,-0.776252529307365,0.816,0.925,2.25717716974132e-09,"GRCh38-ABCC3","ABCC3","4c"
3.19090111026215e-14,-0.667925636717706,0.66,0.918,2.30708532074174e-09,"GRCh38-TXN2","TXN2","4c"
3.1948114561146e-14,0.456643136120851,0.126,0.02,2.30991257899998e-09,"GRCh38-RHOJ","RHOJ","4c"
3.24633050006944e-14,-0.731718668847469,0.689,0.941,2.3471618781602e-09,"GRCh38-MGST3","MGST3","4c"
3.29750163830978e-14,-0.779182886054862,0.728,0.927,2.38415963453074e-09,"GRCh38-VPS28","VPS28","4c"
3.34307083699166e-14,1.10772591076778,0.845,0.667,2.41710707656171e-09,"GRCh38-TOPBP1","TOPBP1","4c"
3.37911655566364e-14,-0.676213100790418,0.243,0.62,2.44316885207592e-09,"GRCh38-OCEL1","OCEL1","4c"
3.4086708228269e-14,-0.907791812548443,1,0.999,2.46453717832031e-09,"GRCh38-GAPDH","GAPDH","4c"
3.57695877984427e-14,0.742538150099132,0.379,0.134,2.586212737003e-09,"GRCh38-USP43","USP43","4c"
3.57711242653805e-14,1.12707696547494,0.864,0.702,2.58632382663554e-09,"GRCh38-LCOR","LCOR","4c"
3.58980038318993e-14,1.1337999065659,0.728,0.448,2.59549747305398e-09,"GRCh38-HSPA4L","HSPA4L","4c"
3.60930454348788e-14,1.07099433515369,0.874,0.757,2.60959937103261e-09,"GRCh38-TRRAP","TRRAP","4c"
3.79141749213191e-14,1.15750575824444,0.427,0.157,2.74127067516122e-09,"GRCh38-ENSG00000233359","ENSG00000233359","4c"
3.81694161181905e-14,0.34023633284731,0.359,0.115,2.75972512417741e-09,"GRCm39-Nfkbiz","Nfkbiz","4c"
3.84111588664057e-14,0.36483852092973,0.35,0.111,2.77720360835887e-09,"GRCm39-Pglyrp1","Pglyrp1","4c"
3.86191745047134e-14,1.16892409962162,0.68,0.417,2.79224355503979e-09,"GRCh38-ALOX12P2","ALOX12P2","4c"
4.05331375527615e-14,0.578209194221002,0.408,0.153,2.93062691133976e-09,"GRCh38-ENSG00000227627","ENSG00000227627","4c"
4.19740529404208e-14,1.21112834867283,0.777,0.571,3.0348079756983e-09,"GRCh38-ODF2","ODF2","4c"
4.20451381539113e-14,0.461562372527865,0.495,0.19,3.03994757880409e-09,"GRCm39-Ifitm3","Ifitm3","4c"
4.22586509856583e-14,-0.741987649525017,0.816,0.958,3.05538498356507e-09,"GRCh38-NDUFB2","NDUFB2","4c"
4.24023244614814e-14,1.13701798848756,0.845,0.704,3.06577286321403e-09,"GRCh38-ACLY","ACLY","4c"
4.24582238349411e-14,0.412861196084217,0.408,0.142,3.06981449971391e-09,"GRCm39-Rps7","Rps7","4c"
4.316042555045e-14,0.430312222609975,0.243,0.062,3.12058508814863e-09,"GRCh38-HHIP","HHIP","4c"
4.50803854824425e-14,0.908013789356157,0.641,0.376,3.25940203115156e-09,"GRCh38-CCP110","CCP110","4c"
4.51451663584559e-14,-0.73617858511163,0.398,0.759,3.26408581804908e-09,"GRCh38-COMMD3","COMMD3","4c"
4.52876230691717e-14,0.759677479058097,0.311,0.1,3.27438572314725e-09,"GRCh38-PPP1R15B-AS1","PPP1R15B-AS1","4c"
4.57045283225456e-14,0.463269030442964,0.456,0.168,3.30452880677669e-09,"GRCm39-Rpl19","Rpl19","4c"
4.57781572665251e-14,1.08757401378977,0.505,0.214,3.3098523266843e-09,"GRCh38-MTSS1","MTSS1","4c"
4.5823494748703e-14,0.787668098678903,0.437,0.176,3.31313031732072e-09,"GRCh38-LTBP2","LTBP2","4c"
4.6814345784737e-14,0.580609617151235,0.495,0.213,3.38477082892805e-09,"GRCh38-CDK2","CDK2","4c"
4.87076381699287e-14,0.977676885348169,0.748,0.523,3.52165965496218e-09,"GRCh38-AGRN","AGRN","4c"
4.87916421583323e-14,-1.075256721843,0.388,0.719,3.52773331133174e-09,"GRCh38-MGLL","MGLL","4c"
4.95621054925527e-14,1.3151810973281,0.835,0.703,3.58343935132255e-09,"GRCh38-ARID1A","ARID1A","4c"
4.97170098539273e-14,-0.654853691431377,0.563,0.875,3.59463924645865e-09,"GRCh38-C18orf32","C18orf32","4c"
5.24495216664815e-14,0.435737669478605,0.447,0.161,3.79220531552994e-09,"GRCm39-Alox5ap","Alox5ap","4c"
5.32565318642529e-14,-0.657655671427765,0.301,0.668,3.85055376684921e-09,"GRCh38-STK16","STK16","4c"
5.35944257560452e-14,1.08238866563076,0.816,0.668,3.87498417101358e-09,"GRCh38-FZD6","FZD6","4c"
5.50833739388895e-14,0.528788593229579,0.437,0.159,3.98263810252958e-09,"GRCm39-Lcp1","Lcp1","4c"
5.59554224814147e-14,0.982660769216515,0.621,0.342,4.04568895625125e-09,"GRCh38-NFYA","NFYA","4c"
5.66349377406082e-14,0.879913333624396,0.777,0.558,4.09481926852145e-09,"GRCh38-ELAPOR2","ELAPOR2","4c"
5.90187435391064e-14,1.21401400099514,0.913,0.78,4.26717319536447e-09,"GRCh38-AHCTF1","AHCTF1","4c"
5.94607917831136e-14,1.47846517436653,0.864,0.768,4.29913416750268e-09,"GRCh38-CLASP2","CLASP2","4c"
5.97955396155003e-14,1.15089994447077,0.621,0.343,4.3233371052799e-09,"GRCh38-RNF19B","RNF19B","4c"
6.1031010931506e-14,0.697098611376232,0.621,0.315,4.41266415236975e-09,"GRCh38-SLC17A6-DT","SLC17A6-DT","4c"
6.41819185776169e-14,1.00075832931286,0.825,0.595,4.64048107699886e-09,"GRCh38-PHRF1","PHRF1","4c"
6.52804767890803e-14,0.698846408119349,0.398,0.146,4.71990903280408e-09,"GRCh38-RAB7B","RAB7B","4c"
6.54755659798093e-14,1.55865337130085,0.515,0.254,4.73401437147217e-09,"GRCh38-PADI3","PADI3","4c"
6.56549730158354e-14,-0.742057869292155,0.563,0.884,4.74698585899093e-09,"GRCh38-MRPS12","MRPS12","4c"
6.61410751662743e-14,-0.677624511546208,0.359,0.72,4.78213201667197e-09,"GRCh38-DBNDD2","DBNDD2","4c"
6.82025758444644e-14,0.601947016780833,0.524,0.224,4.93118263870646e-09,"GRCh38-POLE2","POLE2","4c"
6.9229753886329e-14,1.0562749703096,0.883,0.751,5.00544966548936e-09,"GRCh38-CENPC","CENPC","4c"
6.98785572938852e-14,1.32980987451794,0.68,0.429,5.05235944946249e-09,"GRCh38-PGM2L1","PGM2L1","4c"
7.08356580487306e-14,1.90002169234947,0.893,0.774,5.12155974823932e-09,"GRCh38-DENND2B","DENND2B","4c"
7.10099175120039e-14,0.976621266945712,0.544,0.255,5.13415905595291e-09,"GRCh38-BCHE","BCHE","4c"
7.27200957673996e-14,-0.715664355010934,0.767,0.941,5.25780836417452e-09,"GRCh38-HEBP2","HEBP2","4c"
7.38839716218382e-14,-0.717246595887547,0.485,0.809,5.34195891620215e-09,"GRCh38-USE1","USE1","4c"
7.43275854439795e-14,1.29614277149625,0.932,0.877,5.37403308277061e-09,"GRCh38-PPP6R3","PPP6R3","4c"
7.4835686702442e-14,0.82952046686019,0.515,0.235,5.41076981995996e-09,"GRCh38-ZNF697","ZNF697","4c"
7.50168281977969e-14,0.504156817694433,0.301,0.09,5.42386671235711e-09,"GRCh38-GPR68","GPR68","4c"
7.51439367314197e-14,0.819969701296375,0.718,0.45,5.4330569135551e-09,"GRCh38-EEF1AKMT2","EEF1AKMT2","4c"
7.64841643066168e-14,0.269562236630328,0.117,0.018,5.52995804769701e-09,"GRCh38-ANO1","ANO1","4c"
7.74313207090428e-14,0.354436127454287,0.369,0.121,5.59843934990521e-09,"GRCm39-Oaz1","Oaz1","4c"
7.7512684264975e-14,-0.772680889709597,0.68,0.913,5.60432209772623e-09,"GRCh38-TRAPPC1","TRAPPC1","4c"
7.813134412354e-14,0.423500054347451,0.476,0.179,5.64905244282019e-09,"GRCm39-Ctsb","Ctsb","4c"
7.8966868550605e-14,0.434352073968808,0.456,0.168,5.70946252994584e-09,"GRCm39-Rps20","Rps20","4c"
7.92672187465845e-14,0.591420458600788,0.456,0.174,5.73117844981555e-09,"GRCm39-Nfkbia","Nfkbia","4c"
7.95974862006825e-14,-0.722140961939913,0.592,0.834,5.75505744728175e-09,"GRCh38-RFTN1","RFTN1","4c"
7.96325370601246e-14,1.269706383696,0.68,0.373,5.75759169452113e-09,"GRCh38-DSP","DSP","4c"
8.07373170424598e-14,0.295976056032311,0.252,0.067,5.83746949680393e-09,"GRCm39-Cert1","Cert1","4c"
8.09190981062348e-14,0.393199208105174,0.359,0.117,5.85061263127699e-09,"GRCm39-Cdc42","Cdc42","4c"
8.15484577888282e-14,0.520909557020012,0.476,0.198,5.89611659504786e-09,"GRCh38-DCK","DCK","4c"
8.28961231311955e-14,1.19396786854759,0.883,0.801,5.9935554946317e-09,"GRCh38-ADAM17","ADAM17","4c"
8.54010422233563e-14,1.1222800341073,0.951,0.928,6.1746661548331e-09,"GRCh38-ASXL1","ASXL1","4c"
8.5566808394574e-14,0.876876720441161,0.748,0.468,6.18665138054449e-09,"GRCh38-ARHGEF7","ARHGEF7","4c"
8.70047488800101e-14,0.991296527451879,0.835,0.654,6.29061735352249e-09,"GRCh38-FAM91A1","FAM91A1","4c"
8.87410208845867e-14,1.01013443902223,0.379,0.135,6.41615329199739e-09,"GRCh38-ENSG00000242880","ENSG00000242880","4c"
8.92739928567027e-14,1.11718198619374,0.835,0.664,6.45468823152532e-09,"GRCh38-MDM2","MDM2","4c"
8.9671415693143e-14,0.572504829617046,0.437,0.17,6.48342269744563e-09,"GRCh38-USP18","USP18","4c"
9.01170137807121e-14,1.48215537987227,0.447,0.185,6.51564033037304e-09,"GRCh38-PLXDC2","PLXDC2","4c"
9.10941539784647e-14,-0.696726423992894,0.777,0.923,6.58628952095095e-09,"GRCh38-MRPS36","MRPS36","4c"
9.17004153048805e-14,1.2875168363372,0.573,0.28,6.63012342737347e-09,"GRCh38-PHACTR1","PHACTR1","4c"
9.22820622052373e-14,0.324745579411372,0.165,0.034,6.67217766156306e-09,"GRCh38-ENSG00000248774","ENSG00000248774","4c"
9.33039309517364e-14,1.05025356173453,0.845,0.671,6.74606081567245e-09,"GRCh38-POM121","POM121","4c"
9.42882838033385e-14,1.06591726922016,0.874,0.817,6.81723149554898e-09,"GRCh38-HYCC1","HYCC1","4c"
9.78316447531946e-14,1.12412550291537,0.748,0.525,7.07342357894548e-09,"GRCh38-SELENOI","SELENOI","4c"
9.99031102550814e-14,-0.434679511682962,0.845,0.973,7.2231946776629e-09,"GRCh38-BST2","BST2","4c"
1.02208168032594e-13,1.02167797798688,0.65,0.417,7.38985496509263e-09,"GRCh38-ZC3H4","ZC3H4","4c"
1.025098439274e-13,0.32160404251562,0.107,0.015,7.41166673563885e-09,"GRCh38-ENSG00000205890","ENSG00000205890","4c"
1.03221538114376e-13,0.722486379210896,0.573,0.288,7.46312364874561e-09,"GRCh38-SLC25A40","SLC25A40","4c"
1.03683553991127e-13,-0.733035679857851,0.806,0.961,7.49652832066648e-09,"GRCh38-NEDD8","NEDD8","4c"
1.03904608342134e-13,-0.662686220710985,0,0.361,7.51251099235299e-09,"GRCh38-ZNF467","ZNF467","4c"
1.05797411956442e-13,0.81995344387172,0.699,0.419,7.64936447927470e-09,"GRCh38-RBM12","RBM12","4c"
1.06269991497805e-13,-0.660431259070677,0.583,0.881,7.68353292527433e-09,"GRCh38-RPAIN","RPAIN","4c"
1.09178832392469e-13,1.5235530056961,0.786,0.62,7.89384793964026e-09,"GRCh38-KIAA1328","KIAA1328","4c"
1.09263060931198e-13,1.20443788010891,0.757,0.515,7.89993783144745e-09,"GRCh38-GTDC1","GTDC1","4c"
1.10504887538416e-13,1.053074288197,0.835,0.711,7.98972437880257e-09,"GRCh38-NAA16","NAA16","4c"
1.10803561687648e-13,-0.745183907887618,0.689,0.923,8.01131911714032e-09,"GRCh38-MRPL21","MRPL21","4c"
1.12552178687192e-13,-0.99679129621024,0.942,0.987,8.13774762344132e-09,"GRCh38-GSTP1","GSTP1","4c"
1.13094007215665e-13,0.601697415786854,0.369,0.128,8.17692290970701e-09,"GRCh38-MFSD2A","MFSD2A","4c"
1.13110636250401e-13,0.368697115298571,0.33,0.104,8.17812522217647e-09,"GRCm39-Atf3","Atf3","4c"
1.14634641293687e-13,0.750257010249416,0.146,0.027,8.28831383481618e-09,"GRCh38-AREG","AREG","4c"
1.1779677896302e-13,1.35706335117936,0.922,0.816,8.51694271258428e-09,"GRCh38-PKP4","PKP4","4c"
1.18344216065644e-13,0.992525664330812,0.893,0.717,8.55652350997822e-09,"GRCh38-KPNA1","KPNA1","4c"
1.19627692628088e-13,1.02636105577149,0.233,0.062,8.64932143239604e-09,"GRCh38-ENSG00000285638","ENSG00000285638","4c"
1.2760041916813e-13,1.08089629552944,0.961,0.857,9.22576550669415e-09,"GRCh38-TNRC18","TNRC18","4c"
1.30947607307271e-13,-0.754540393919874,0.175,0.537,9.46777390353028e-09,"GRCh38-HAGHL","HAGHL","4c"
1.3139061854439e-13,0.65527325022873,0.398,0.145,9.49980450199648e-09,"GRCh38-C16orf74","C16orf74","4c"
1.31558718464907e-13,0.37176781261998,0.204,0.048,9.51195846244973e-09,"GRCh38-NECTIN1-AS1","NECTIN1-AS1","4c"
1.32436785694156e-13,0.662853256402734,0.311,0.099,9.57544447925889e-09,"GRCh38-LRP4","LRP4","4c"
1.3365137782488e-13,0.326821220274617,0.252,0.068,9.6632619194945e-09,"GRCm39-Skap2","Skap2","4c"
1.33746975218128e-13,-0.794866050178604,0.903,0.98,9.67017380222107e-09,"GRCh38-OAZ1","OAZ1","4c"
1.34520387933757e-13,1.24964663380662,0.835,0.637,9.72609308838652e-09,"GRCh38-ITPR1","ITPR1","4c"
1.37838286487206e-13,0.414450225685125,0.34,0.107,9.96598378959793e-09,"GRCm39-Rpl7a","Rpl7a","4c"
1.4132980453414e-13,1.03260986226891,0.66,0.346,1.02184275274274e-08,"GRCh38-CD70","CD70","4c"
1.44980991428289e-13,1.5207790052503,0.524,0.246,1.04824156422482e-08,"GRCh38-LINC02506","LINC02506","4c"
1.46020200245092e-13,-0.716722501228697,0.777,0.958,1.05575525181207e-08,"GRCh38-EIF3I","EIF3I","4c"
1.46111410193168e-13,-0.704961058399795,0.33,0.682,1.05641471797865e-08,"GRCh38-TMEM276","TMEM276","4c"
1.46258561829802e-13,0.492625191359969,0.369,0.127,1.05747865374184e-08,"GRCh38-FYB1","FYB1","4c"
1.4880786196245e-13,1.57218383220587,0.99,0.957,1.0759106035609e-08,"GRCh38-FNDC3B","FNDC3B","4c"
1.49446036951682e-13,0.480586751024937,0.417,0.149,1.08052473636805e-08,"GRCm39-Calm1","Calm1","4c"
1.50802903729989e-13,-0.679322332667514,0.194,0.6,1.09033515454857e-08,"GRCh38-ENSG00000254682","ENSG00000254682","4c"
1.52227870747635e-13,0.267983479251025,0.204,0.048,1.10063795107955e-08,"GRCm39-Atp6v1b2","Atp6v1b2","4c"
1.54509112932288e-13,0.991419653460632,0.709,0.472,1.11713178832303e-08,"GRCh38-ARHGAP17","ARHGAP17","4c"
1.5523798036686e-13,1.00079446636017,0.874,0.74,1.12240164564847e-08,"GRCh38-MAPK6","MAPK6","4c"
1.56568743286549e-13,1.06624051374053,0.854,0.704,1.13202332771041e-08,"GRCh38-CTR9","CTR9","4c"
1.60533430561818e-13,-0.759471234129195,0.243,0.608,1.16068880964806e-08,"GRCh38-CCDC28B","CCDC28B","4c"
1.65740646056682e-13,1.15009272484852,0.641,0.374,1.19833801911902e-08,"GRCh38-EFCAB11","EFCAB11","4c"
1.6637712776713e-13,1.00562745098814,0.796,0.554,1.2029399091819e-08,"GRCh38-IVNS1ABP","IVNS1ABP","4c"
1.66584046458303e-13,0.762449097555082,0.369,0.137,1.20443597270282e-08,"GRCh38-ENSG00000287697","ENSG00000287697","4c"
1.68016805772738e-13,0.69354354507151,0.524,0.246,1.21479510909805e-08,"GRCh38-FAM83H","FAM83H","4c"
1.68636062781091e-13,0.317370559063303,0.291,0.086,1.21927246111985e-08,"GRCm39-Upp1","Upp1","4c"
1.68772601882644e-13,1.13995181338799,0.961,0.95,1.22025966613189e-08,"GRCh38-TNPO1","TNPO1","4c"
1.79701112551395e-13,0.284113037484017,0.204,0.049,1.29927498396909e-08,"GRCh38-SAPCD1","SAPCD1","4c"
1.8028727794522e-13,0.927074105898437,0.738,0.498,1.30351307699953e-08,"GRCh38-ENSG00000290832","ENSG00000290832","4c"
1.80530203852966e-13,-0.62508761755624,0.738,0.947,1.30526947989771e-08,"GRCh38-NDUFB7","NDUFB7","4c"
1.81274905960641e-13,1.32067573745671,0.709,0.511,1.31065382507663e-08,"GRCh38-SEMA4B","SEMA4B","4c"
1.815648565809e-13,-0.940615949740938,0.136,0.512,1.31275022605122e-08,"GRCh38-DMKN","DMKN","4c"
1.8385211456655e-13,-1.08013257123822,0.709,0.874,1.32928755873907e-08,"GRCh38-CASP1","CASP1","4c"
1.84036787730021e-13,1.5573840073636,0.233,0.062,1.3306227826456e-08,"GRCh38-ENSG00000286481","ENSG00000286481","4c"
1.84605642681436e-13,0.746530948250066,0.563,0.285,1.33473571771532e-08,"GRCh38-ZNF670","ZNF670","4c"
1.86546792416851e-13,1.02803660906418,0.893,0.713,1.34877061853232e-08,"GRCh38-TNPO3","TNPO3","4c"
1.87739577080907e-13,-0.860749322851775,0.272,0.63,1.35739469021037e-08,"GRCh38-TP53I11","TP53I11","4c"
1.88681199441608e-13,-0.729842575133671,0.806,0.948,1.36420280820271e-08,"GRCh38-ETFB","ETFB","4c"
1.89408699609341e-13,1.071601855651,0.777,0.556,1.36946277991545e-08,"GRCh38-WDR37","WDR37","4c"
1.8992484372923e-13,-0.737120841079094,0.621,0.864,1.37319460513108e-08,"GRCh38-ZNF428","ZNF428","4c"
1.91180317549186e-13,1.14365244257647,0.408,0.151,1.38227193194413e-08,"GRCh38-LINC02196","LINC02196","4c"
1.94541324384882e-13,0.399408189503501,0.223,0.057,1.40657268356758e-08,"GRCh38-ENSG00000269825","ENSG00000269825","4c"
1.94542076541412e-13,0.638905829577883,0.194,0.045,1.40657812180972e-08,"GRCh38-PI15","PI15","4c"
1.97986075179545e-13,0.329685711130288,0.388,0.132,1.43147892076315e-08,"GRCm39-Tspo","Tspo","4c"
1.98144642791351e-13,-0.603816801119022,0.544,0.849,1.43262539631003e-08,"GRCh38-TOMM22","TOMM22","4c"
2.06771939055497e-13,1.69208712946714,0.718,0.423,1.49500247375906e-08,"GRCh38-DMD","DMD","4c"
2.08670180597233e-13,1.18530074965681,0.485,0.206,1.50872713975412e-08,"GRCh38-LINC00383","LINC00383","4c"
2.09044277518366e-13,0.345279975249308,0.408,0.142,1.51143193531329e-08,"GRCm39-Btg1","Btg1","4c"
2.09081708807493e-13,-0.629232376517775,0.748,0.935,1.51170257101994e-08,"GRCh38-STMP1","STMP1","4c"
2.11831193155984e-13,0.888805850214685,0.66,0.387,1.5315818927564e-08,"GRCh38-NUP188","NUP188","4c"
2.14240799376305e-13,1.56090267779072,0.883,0.914,1.54900382765056e-08,"GRCh38-KANSL1","KANSL1","4c"
2.20314812356572e-13,0.468770822860734,0.388,0.147,1.59292015630049e-08,"GRCh38-ENSG00000291047","ENSG00000291047","4c"
2.21789911923282e-13,0.856577601008456,0.806,0.588,1.60358542118771e-08,"GRCh38-SIN3A","SIN3A","4c"
2.2572618162914e-13,0.876960881796137,0.66,0.396,1.632045438415e-08,"GRCh38-PIK3R4","PIK3R4","4c"
2.29204827927895e-13,0.85217490532957,0.592,0.315,1.65719674688427e-08,"GRCh38-ZNF92","ZNF92","4c"
2.30977458219865e-13,-0.654608904239888,0.456,0.792,1.67001321842127e-08,"GRCh38-NIPSNAP1","NIPSNAP1","4c"
2.40593481328209e-13,0.761588245411925,0.233,0.062,1.73953898869922e-08,"GRCh38-DPF3","DPF3","4c"
2.41406104950855e-13,0.336319128148776,0.282,0.082,1.74541442001567e-08,"GRCm39-Arpc5","Arpc5","4c"
2.42307016905634e-13,1.01178857325556,0.913,0.884,1.75192819363111e-08,"GRCh38-ICE1","ICE1","4c"
2.44041731399182e-13,-0.741433063906609,0.087,0.451,1.76447052636236e-08,"GRCh38-SERTAD4-AS1","SERTAD4-AS1","4c"
2.48882096336649e-13,0.507854178197396,0.408,0.146,1.79946733293324e-08,"GRCm39-Ddx5","Ddx5","4c"
2.50430295643059e-13,-0.684845908962018,0.369,0.713,1.81066112355844e-08,"GRCh38-PIGBOS1","PIGBOS1","4c"
2.51774919627457e-13,1.15484272947531,0.796,0.63,1.82038302389044e-08,"GRCh38-CYTH1","CYTH1","4c"
2.55236623730294e-13,0.942329374037964,0.767,0.569,1.84541183689477e-08,"GRCh38-NAB1","NAB1","4c"
2.57031450890938e-13,0.274187505238153,0.194,0.045,1.85838879623166e-08,"GRCh38-ENSG00000287299","ENSG00000287299","4c"
2.57907117244795e-13,0.634092537275521,0.563,0.276,1.86472003910331e-08,"GRCh38-TMEM19","TMEM19","4c"
2.59974102972192e-13,1.47675268619895,0.456,0.204,1.87966475930954e-08,"GRCh38-ENSG00000287390","ENSG00000287390","4c"
2.64350941170609e-13,-0.589241446589959,0.602,0.871,1.91131017485174e-08,"GRCh38-POLD4","POLD4","4c"
2.66835810969668e-13,0.98982267483725,0.738,0.515,1.9292762804729e-08,"GRCh38-HMGCR","HMGCR","4c"
2.68436793753664e-13,0.772965023370165,0.718,0.434,1.94085170619774e-08,"GRCh38-GJC1","GJC1","4c"
2.69307477380523e-13,-0.659373029672395,0.602,0.865,1.94714692295666e-08,"GRCh38-BLVRA","BLVRA","4c"
2.71531994241961e-13,0.32835812579633,0.369,0.122,1.96323062476823e-08,"GRCm39-Tpi1","Tpi1","4c"
2.71846292642511e-13,1.84353811326887,0.262,0.076,1.96550306506389e-08,"GRCh38-MGC4859","MGC4859","4c"
2.79272652940679e-13,1.27040596321036,0.903,0.744,2.0191971352917e-08,"GRCh38-NPLOC4","NPLOC4","4c"
2.79488714698628e-13,0.444893060909336,0.456,0.173,2.02075930501402e-08,"GRCm39-Rps29","Rps29","4c"
2.84592173469071e-13,-0.762673640572189,0.699,0.916,2.05765833261608e-08,"GRCh38-EMD","EMD","4c"
2.86260088395361e-13,0.54260809162695,0.398,0.14,2.06971769111614e-08,"GRCm39-Plin2","Plin2","4c"
2.96867260865678e-13,0.40712119765296,0.223,0.057,2.14640966951103e-08,"GRCh38-KIF21B","KIF21B","4c"
3.00366841267092e-13,1.03678569728119,0.835,0.64,2.17171233572933e-08,"GRCh38-CEP57L1","CEP57L1","4c"
3.01161826206512e-13,0.837040427692634,0.136,0.025,2.17746023583832e-08,"GRCh38-CPA6","CPA6","4c"
3.05540414756659e-13,0.493505572255079,0.301,0.094,2.2091183067736e-08,"GRCh38-TRIM36","TRIM36","4c"
3.06269956442663e-13,0.473854369336298,0.272,0.08,2.21439303907174e-08,"GRCh38-IPCEF1","IPCEF1","4c"
3.08134535081095e-13,0.772979430927632,0.718,0.437,2.22787431554334e-08,"GRCh38-TSPAN14","TSPAN14","4c"
3.16480092974942e-13,1.47404080347146,0.845,0.747,2.28821436822743e-08,"GRCh38-LRCH1","LRCH1","4c"
3.1791084073767e-13,0.594233597226321,0.214,0.052,2.2985589607015e-08,"GRCh38-ENSG00000267327","ENSG00000267327","4c"
3.17966574983271e-13,-0.723826153356984,0.553,0.86,2.29896193044404e-08,"GRCh38-MRPL57","MRPL57","4c"
3.2200525630636e-13,1.18785622896687,0.951,0.888,2.32816240414625e-08,"GRCh38-PDS5B","PDS5B","4c"
3.23305695515718e-13,0.255205173524505,0.33,0.103,2.33756483971775e-08,"GRCm39-Sdcbp","Sdcbp","4c"
3.31532065166483e-13,0.625755472106949,0.126,0.022,2.39704313756671e-08,"GRCh38-BTK","BTK","4c"
3.31864933740694e-13,1.65915947254831,0.689,0.436,2.39944984393196e-08,"GRCh38-CPEB2","CPEB2","4c"
3.35752797169124e-13,0.420109077011635,0.388,0.136,2.4275598740922e-08,"GRCm39-Igf1r","Igf1r","4c"
3.36555392397994e-13,0.97459763862077,0.534,0.251,2.43336279811598e-08,"GRCh38-PKIA","PKIA","4c"
3.36639559672945e-13,0.513653619282758,0.485,0.19,2.43397134434732e-08,"GRCm39-Fxyd5","Fxyd5","4c"
3.38873332760578e-13,1.04584738831838,0.874,0.776,2.45012197052553e-08,"GRCh38-PPP4R1","PPP4R1","4c"
3.4134640438996e-13,-0.676033695269791,0.757,0.956,2.46800277302029e-08,"GRCh38-NDUFC1","NDUFC1","4c"
3.46408200207328e-13,0.637172771842491,0.68,0.393,2.50460056913902e-08,"GRCh38-TRUB1","TRUB1","4c"
3.51495002343541e-13,1.03234379334489,0.718,0.484,2.54137916594427e-08,"GRCh38-DDX60L","DDX60L","4c"
3.51858108440835e-13,-0.700384750313692,0.913,0.973,2.54400449564893e-08,"GRCh38-NDUFS5","NDUFS5","4c"
3.52890603102832e-13,1.05821399767099,0.806,0.617,2.55146963855409e-08,"GRCh38-VPS37B","VPS37B","4c"
3.56153047129092e-13,0.294201034805151,0.301,0.093,2.57505776135276e-08,"GRCh38-H2AC15","H2AC15","4c"
3.62858987268002e-13,0.851527336994327,0.32,0.107,2.62354304974511e-08,"GRCh38-GPR153","GPR153","4c"
3.67591517427599e-13,-0.719980836598677,0.922,0.986,2.65776018930502e-08,"GRCh38-HLA-A","HLA-A","4c"
3.69065527275057e-13,1.00454280821299,0.68,0.464,2.66841757530412e-08,"GRCh38-CCDC77","CCDC77","4c"
3.6933082785823e-13,-0.647706535371118,0.602,0.893,2.67033575158058e-08,"GRCh38-NDUFS3","NDUFS3","4c"
3.69486243473432e-13,0.886294889408506,0.699,0.461,2.67145943756161e-08,"GRCh38-EOGT","EOGT","4c"
3.71896989435012e-13,1.20459113542558,0.903,0.862,2.68888961301302e-08,"GRCh38-GSK3B","GSK3B","4c"
3.80714249334198e-13,-0.723118939057854,0.913,0.964,2.75264016553612e-08,"GRCh38-NDUFV2","NDUFV2","4c"
3.81183303925241e-13,-0.660127413935375,0.883,0.98,2.75603152404028e-08,"GRCh38-TXN","TXN","4c"
3.81697026483976e-13,0.864156902223688,0.66,0.367,2.75974584088444e-08,"GRCh38-SSX2IP","SSX2IP","4c"
3.82548030688015e-13,1.17844125943126,0.893,0.714,2.76589877148049e-08,"GRCh38-PPP3R1","PPP3R1","4c"
3.88614459690161e-13,1.32579895426628,0.835,0.702,2.8097602664518e-08,"GRCh38-XPO6","XPO6","4c"
3.89767010507037e-13,0.92263088141524,0.738,0.532,2.81809343936798e-08,"GRCh38-MTMR3","MTMR3","4c"
3.93196945649109e-13,0.294981998075569,0.359,0.118,2.84289255643219e-08,"GRCm39-Atp5e","Atp5e","4c"
3.9445844838683e-13,1.77403152321684,0.592,0.318,2.85201347352646e-08,"GRCh38-LINC00355","LINC00355","4c"
4.03596588182015e-13,-0.74472015354021,0.039,0.393,2.91808405187361e-08,"GRCh38-FAM167B","FAM167B","4c"
4.05258447705313e-13,-0.792072053332169,0.835,0.965,2.93009962859895e-08,"GRCh38-NDUFB10","NDUFB10","4c"
4.06093420439997e-13,0.379967243369605,0.175,0.038,2.93613664846527e-08,"GRCh38-ENSG00000256083","ENSG00000256083","4c"
4.1714403894956e-13,-0.579647170798204,0.854,0.958,3.01603483041311e-08,"GRCh38-ATF4","ATF4","4c"
4.19699969645005e-13,-0.769883331788188,0.641,0.89,3.03451472052732e-08,"GRCh38-NR2F6","NR2F6","4c"
4.24363077386586e-13,1.16697075241564,0.971,0.92,3.0682299221205e-08,"GRCh38-RBMS1","RBMS1","4c"
4.25020854066553e-13,0.866802669488038,0.621,0.344,3.07298577907199e-08,"GRCh38-MZT1","MZT1","4c"
4.31224941346846e-13,1.2363622986862,0.68,0.443,3.11784257092597e-08,"GRCh38-MSH5","MSH5","4c"
4.32260637578215e-13,0.371099469508718,0.34,0.11,3.12533086181801e-08,"GRCm39-Ubb","Ubb","4c"
4.33511156316084e-13,0.4970293401715,0.165,0.035,3.13437236239655e-08,"GRCh38-EGF","EGF","4c"
4.3782827943514e-13,0.51793501934296,0.252,0.072,3.16558602597195e-08,"GRCh38-PLCH2","PLCH2","4c"
4.42454020484008e-13,-0.674255601832912,0.728,0.919,3.19903105890347e-08,"GRCh38-UQCRFS1","UQCRFS1","4c"
4.42724211400879e-13,-0.67874615488932,0.194,0.559,3.20098459327064e-08,"GRCh38-SPR","SPR","4c"
4.45611570925038e-13,-0.718115635814132,0.893,0.974,3.22186078010221e-08,"GRCh38-SUMO2","SUMO2","4c"
4.45790220012352e-13,1.10527653475531,0.845,0.656,3.22315244873331e-08,"GRCh38-BHLHE40","BHLHE40","4c"
4.46519906130286e-13,0.879189216717913,0.631,0.37,3.22842822530319e-08,"GRCh38-FRMD6-AS2","FRMD6-AS2","4c"
4.49872988752011e-13,1.21939921452084,0.922,0.924,3.25267168327479e-08,"GRCh38-SLC38A1","SLC38A1","4c"
4.53331003988607e-13,0.342365503035421,0.369,0.126,3.27767382503843e-08,"GRCm39-Rpl27","Rpl27","4c"
4.58570952595447e-13,1.42307230523101,0.524,0.281,3.3155597014556e-08,"GRCh38-IKZF2","IKZF2","4c"
4.59656477674164e-13,-0.712520679942148,0.311,0.659,3.32340826487974e-08,"GRCh38-CLEC11A","CLEC11A","4c"
4.59739902915098e-13,0.78099963925454,0.35,0.122,3.32401144605674e-08,"GRCh38-TP73","TP73","4c"
4.62022264183215e-13,0.418588868536385,0.32,0.101,3.34051337449748e-08,"GRCm39-Btg2","Btg2","4c"
4.64021466020864e-13,1.21167039695351,0.485,0.217,3.35496800362405e-08,"GRCh38-SPAG17","SPAG17","4c"
4.78207140496353e-13,-0.703878539279178,0.417,0.772,3.45753326721673e-08,"GRCh38-EXOSC5","EXOSC5","4c"
4.79549852742647e-13,0.914988276947488,0.874,0.724,3.46724134529989e-08,"GRCh38-SP3","SP3","4c"
5.00205826541281e-13,0.506782766854167,0.301,0.093,3.61658816705877e-08,"GRCm39-Neat1","Neat1","4c"
5.02704859164675e-13,0.28719243041599,0.223,0.058,3.63465667273243e-08,"GRCh38-ENSG00000279529","ENSG00000279529","4c"
5.14819282374064e-13,0.963041169689479,0.845,0.721,3.72224637542096e-08,"GRCh38-PPP4R3A","PPP4R3A","4c"
5.24581825135807e-13,0.310596687412675,0.427,0.154,3.79283151209691e-08,"GRCm39-Cyba","Cyba","4c"
5.33002662346675e-13,1.05566230669318,0.903,0.763,3.85371584929893e-08,"GRCh38-STAG3L5P","STAG3L5P","4c"
5.34872999791662e-13,0.999763130399001,0.709,0.463,3.86723876309368e-08,"GRCh38-SLF1","SLF1","4c"
5.43104261076035e-13,0.979616907508711,0.641,0.4,3.92675242843195e-08,"GRCh38-BORCS5","BORCS5","4c"
5.44163897023711e-13,0.314621630587521,0.252,0.07,3.93441380826083e-08,"GRCh38-CFAP20DC-AS1","CFAP20DC-AS1","4c"
5.47854839308327e-13,0.380974576736607,0.437,0.163,3.96110005916707e-08,"GRCm39-Rps27","Rps27","4c"
5.50716606634781e-13,1.03143382851351,0.786,0.575,3.98179120929079e-08,"GRCh38-B3GNT5","B3GNT5","4c"
5.62306067875837e-13,0.464829280615278,0.573,0.277,4.06558533195587e-08,"GRCh38-ENSG00000290709","ENSG00000290709","4c"
5.62969099504478e-13,1.75783644989406,0.864,0.738,4.07037918323728e-08,"GRCh38-CEP112","CEP112","4c"
5.70386981170096e-13,-0.482814320257692,0.835,0.967,4.12401195125602e-08,"GRCh38-FXYD5","FXYD5","4c"
5.72199766242893e-13,1.13089243777822,0.845,0.684,4.13711874988937e-08,"GRCh38-ATXN7","ATXN7","4c"
5.85337378704123e-13,-0.690395191452005,0.573,0.844,4.23210631550655e-08,"GRCh38-NT5C3B","NT5C3B","4c"
6.1214504960196e-13,1.06533891299531,0.903,0.9,4.42593113763209e-08,"GRCh38-TM9SF3","TM9SF3","4c"
6.12316874935335e-13,1.14781710965019,0.767,0.532,4.42717346915746e-08,"GRCh38-SFXN5","SFXN5","4c"
6.18583313845138e-13,-1.21088322695706,0.524,0.788,4.47248107576312e-08,"GRCh38-NR3C2","NR3C2","4c"
6.20487122718696e-13,-0.629464470164541,0.291,0.661,4.48624599468072e-08,"GRCh38-SLC39A4","SLC39A4","4c"
6.27183882814609e-13,-0.640720494362713,0.563,0.854,4.53466490952618e-08,"GRCh38-JOSD2","JOSD2","4c"
6.27698829926171e-13,0.685357671941813,0.466,0.206,4.5383880801322e-08,"GRCh38-XRCC3","XRCC3","4c"
6.27995369950047e-13,-0.588424885432428,0.767,0.947,4.54053212381283e-08,"GRCh38-KRTCAP2","KRTCAP2","4c"
6.32943507526826e-13,0.426968854489683,0.204,0.049,4.57630814812046e-08,"GRCh38-IKBKB-DT","IKBKB-DT","4c"
6.36034590619726e-13,-0.708772365589912,0.466,0.748,4.59865729709874e-08,"GRCh38-BCKDHA","BCKDHA","4c"
6.53199407166999e-13,0.382290765854288,0.33,0.107,4.72276235369883e-08,"GRCm39-Pla2g7","Pla2g7","4c"
6.58391214458685e-13,1.26428555450731,0.893,0.833,4.76030015877919e-08,"GRCh38-GOLIM4","GOLIM4","4c"
6.8849369753753e-13,1.00150789311297,0.864,0.718,4.97794713193585e-08,"GRCh38-NUP107","NUP107","4c"
6.94590541281267e-13,1.653766230226,0.854,0.751,5.02202853157181e-08,"GRCh38-TNC","TNC","4c"
6.972279509399e-13,-0.618338361419855,0.806,0.973,5.04109753088566e-08,"GRCh38-COX6A1","COX6A1","4c"
7.08674782640563e-13,0.857823659548684,0.66,0.372,5.1238604134478e-08,"GRCh38-JADE2","JADE2","4c"
7.09736653926461e-13,0.5607716481785,0.417,0.153,5.1315379552191e-08,"GRCm39-Plek","Plek","4c"
7.10509112556017e-13,-0.502475985453836,0.66,0.917,5.13712298560251e-08,"GRCh38-NOP10","NOP10","4c"
7.10958606289741e-13,-0.641563614456362,0.262,0.616,5.14037291519608e-08,"GRCh38-A1BG","A1BG","4c"
7.12390456689299e-13,0.673391858784925,0.553,0.276,5.15072547995497e-08,"GRCh38-HAUS3","HAUS3","4c"
7.18671157178899e-13,1.09938811806191,0.854,0.755,5.19613620063488e-08,"GRCh38-MAP3K4","MAP3K4","4c"
7.18756219889303e-13,0.334081985153233,0.398,0.142,5.19675122104364e-08,"GRCm39-Rpl35a","Rpl35a","4c"
7.48584316561135e-13,1.2283271353394,0.835,0.673,5.41241432560032e-08,"GRCh38-ZRANB3","ZRANB3","4c"
7.51897752458133e-13,0.5933369181489,0.65,0.349,5.43637112982279e-08,"GRCh38-STRIP1","STRIP1","4c"
7.5353427744295e-13,-0.756913027418769,0.689,0.905,5.44820353276802e-08,"GRCh38-IFI30","IFI30","4c"
7.61181375495507e-13,1.87257340491682,0.835,0.61,5.50349358110761e-08,"GRCh38-PRR16","PRR16","4c"
7.65873862386484e-13,-0.574778893504278,0.35,0.701,5.53742119982675e-08,"GRCh38-C1QTNF1","C1QTNF1","4c"
7.71402788288404e-13,1.17766601532281,0.893,0.835,5.57739643988282e-08,"GRCh38-DSE","DSE","4c"
7.73755895537682e-13,1.0041907840364,0.718,0.494,5.59440987591655e-08,"GRCh38-CEP120","CEP120","4c"
7.77072073271039e-13,0.398815823732451,0.427,0.158,5.61838650416426e-08,"GRCm39-Rps13","Rps13","4c"
7.78440150266444e-13,0.695010714316741,0.32,0.107,5.62827797445644e-08,"GRCh38-LIN7A","LIN7A","4c"
8.05307899463465e-13,1.16009215609137,0.738,0.554,5.82253717470074e-08,"GRCh38-LARS2","LARS2","4c"
8.06358579205701e-13,0.666650735633252,0.398,0.16,5.83013379937306e-08,"GRCh38-FAM110A","FAM110A","4c"
8.4047338369031e-13,1.44001990530062,0.932,0.927,6.07679065875768e-08,"GRCh38-PPFIBP1","PPFIBP1","4c"
8.60938886306302e-13,-0.609214130921469,0.214,0.576,6.22476033577183e-08,"GRCh38-MINCR","MINCR","4c"
8.62909781033848e-13,-0.718190047459149,0.058,0.407,6.23901029883093e-08,"GRCh38-TMEM37","TMEM37","4c"
8.67828002970624e-13,1.36664823983074,0.864,0.802,6.27457002707821e-08,"GRCh38-RAPGEF6","RAPGEF6","4c"
8.71103457060247e-13,1.2341547009944,0.932,0.858,6.298252215237e-08,"GRCh38-CDYL","CDYL","4c"
8.71676699921919e-13,0.333946402506679,0.476,0.182,6.30239687577546e-08,"GRCm39-Rpl23","Rpl23","4c"
8.77062420368907e-13,0.82554572465118,0.699,0.478,6.34133671175127e-08,"GRCh38-RBM12B","RBM12B","4c"
8.93251430349122e-13,0.472064888514874,0.262,0.077,6.45838649171022e-08,"GRCh38-ENSG00000286076","ENSG00000286076","4c"
8.97871973530414e-13,0.937406215555581,0.689,0.44,6.4917939430196e-08,"GRCh38-HACE1","HACE1","4c"
9.03250188130928e-13,1.21677349010887,0.903,0.767,6.53067951022424e-08,"GRCh38-DIAPH1","DIAPH1","4c"
9.05945638562331e-13,0.927691907379459,0.767,0.561,6.55016815593336e-08,"GRCh38-PURB","PURB","4c"
9.06818478858034e-13,1.15300643257222,0.67,0.424,6.55647896583936e-08,"GRCh38-C2CD3","C2CD3","4c"
9.08057495599824e-13,0.667967057296104,0.466,0.217,6.56543730468585e-08,"GRCh38-UBL7-DT","UBL7-DT","4c"
9.23447279799821e-13,1.09976071748229,0.825,0.723,6.67670852240867e-08,"GRCh38-ADAM9","ADAM9","4c"
9.37797539499695e-13,0.341819387679026,0.408,0.145,6.7804637700907e-08,"GRCm39-Rpl39","Rpl39","4c"
9.41979889225398e-13,1.46517422848872,0.757,0.523,6.81070299507747e-08,"GRCh38-KSR1","KSR1","4c"
9.7347542638305e-13,0.739178835882156,0.544,0.292,7.03842202783473e-08,"GRCh38-OTUD3","OTUD3","4c"
9.75818340207458e-13,0.907261460592284,0.777,0.555,7.05536176336796e-08,"GRCh38-PIGG","PIGG","4c"
1.0046072010903e-12,1.34275794353958,0.602,0.317,7.26351098532311e-08,"GRCh38-ALCAM","ALCAM","4c"
1.01168233132746e-12,1.11023616271655,0.612,0.337,7.31466559196378e-08,"GRCh38-SORL1","SORL1","4c"
1.01476058843444e-12,0.969032116840135,0.398,0.151,7.33692200649872e-08,"GRCh38-PTHLH","PTHLH","4c"
1.01636834085114e-12,0.38312417314596,0.388,0.139,7.3485463780219e-08,"GRCm39-Rpl30","Rpl30","4c"
1.04177516625316e-12,0.960657318355745,0.903,0.824,7.53224280704361e-08,"GRCh38-OTULIN","OTULIN","4c"
1.04477186492897e-12,1.02900784286433,0.942,0.863,7.55390953780944e-08,"GRCh38-ZFC3H1","ZFC3H1","4c"
1.0472190170823e-12,-0.653193740923458,0.631,0.872,7.57160293730844e-08,"GRCh38-NDUFA8","NDUFA8","4c"
1.04837654982984e-12,0.432515310126483,0.427,0.156,7.57997213057974e-08,"GRCm39-Atp6v0c","Atp6v0c","4c"
1.07378635929939e-12,-1.09068819393573,0.495,0.783,7.76369013500642e-08,"GRCh38-CLU","CLU","4c"
1.08320150146878e-12,0.357998362634272,0.417,0.152,7.83176349591959e-08,"GRCm39-H2-D1","H2-D1","4c"
1.08457507667813e-12,0.677898202329452,0.495,0.228,7.8416947193982e-08,"GRCh38-SUV39H2","SUV39H2","4c"
1.08521848583737e-12,0.34777212406663,0.369,0.126,7.84634669630132e-08,"GRCm39-Ly6e","Ly6e","4c"
1.08684844046885e-12,-0.659418771109235,0.165,0.529,7.85813159427791e-08,"GRCh38-ABTB1","ABTB1","4c"
1.08772804164529e-12,0.863711522119872,0.515,0.251,7.86449128670378e-08,"GRCh38-GLIS1","GLIS1","4c"
1.08991349993155e-12,0.829225249938163,0.68,0.406,7.88029258720511e-08,"GRCh38-POLR3B","POLR3B","4c"
1.10426666316383e-12,0.293924043460014,0.155,0.032,7.98406882800712e-08,"GRCh38-ENSG00000275632","ENSG00000275632","4c"
1.10748068408348e-12,1.21516962177896,0.981,0.964,8.00730684206037e-08,"GRCh38-AHNAK","AHNAK","4c"
1.10937167103492e-12,0.33757439130716,0.243,0.066,8.02097905591666e-08,"GRCm39-Ndel1","Ndel1","4c"
1.13080885495842e-12,-0.769618277556029,0.796,0.934,8.17597418312039e-08,"GRCh38-CASP4","CASP4","4c"
1.14388585953782e-12,1.47875703128688,0.932,0.927,8.27052354163035e-08,"GRCh38-ARID1B","ARID1B","4c"
1.14600142616048e-12,0.65501347332056,0.408,0.17,8.2858195114255e-08,"GRCh38-SLC25A30","SLC25A30","4c"
1.19160709529827e-12,1.1472059055253,0.942,0.849,8.61555762042558e-08,"GRCh38-CHD1","CHD1","4c"
1.19491784409352e-12,1.32679469768258,0.34,0.124,8.63949499636499e-08,"GRCh38-ENSG00000255028","ENSG00000255028","4c"
1.22055634004996e-12,-0.713585673155309,0.68,0.913,8.8248664498292e-08,"GRCh38-NDUFA12","NDUFA12","4c"
1.22513835005256e-12,0.753261508401507,0.641,0.349,8.85799529855005e-08,"GRCh38-HELZ2","HELZ2","4c"
1.22953824331238e-12,0.425703820434271,0.369,0.132,8.88980740679714e-08,"GRCm39-Spp1","Spp1","4c"
1.25219125086364e-12,-0.646485606336777,0.689,0.893,9.05359318199432e-08,"GRCh38-CUEDC2","CUEDC2","4c"
1.27737187331217e-12,0.427096747099262,0.398,0.146,9.23565411842165e-08,"GRCm39-Rps3a1","Rps3a1","4c"
1.27799494613511e-12,0.798540220563675,0.34,0.118,9.24015905954608e-08,"GRCh38-ENSG00000235450","ENSG00000235450","4c"
1.30451032530661e-12,0.441400048680092,0.194,0.047,9.43187055403185e-08,"GRCh38-LINC02687","LINC02687","4c"
1.30655433577205e-12,-0.650931116740809,0.709,0.92,9.44664915849908e-08,"GRCh38-CISD1","CISD1","4c"
1.31703853849924e-12,1.28123791474278,0.65,0.374,9.52245204105717e-08,"GRCh38-LINC01980","LINC01980","4c"
1.32291232549345e-12,1.11069882408139,0.544,0.28,9.56492069578277e-08,"GRCh38-FAM169A","FAM169A","4c"
1.34091058649201e-12,0.356406417313437,0.233,0.064,9.69505172245454e-08,"GRCh38-NIM1K","NIM1K","4c"
1.3857520851869e-12,0.566866872427215,0.301,0.095,1.00192647263183e-07,"GRCh38-F11-AS1","F11-AS1","4c"
1.43493384276244e-12,0.936010216233467,0.602,0.382,1.0374858669941e-07,"GRCh38-HYLS1","HYLS1","4c"
1.44669792372554e-12,0.987576074326149,0.932,0.873,1.04599153281204e-07,"GRCh38-FUBP1","FUBP1","4c"
1.47327801521275e-12,1.11607220750369,0.845,0.702,1.06520947055912e-07,"GRCh38-CWF19L2","CWF19L2","4c"
1.49518585218571e-12,0.892342290463052,0.757,0.49,1.08104927484731e-07,"GRCh38-COPG2","COPG2","4c"
1.53092136186137e-12,0.468292572684542,0.417,0.159,1.10688676305301e-07,"GRCh38-TNIP3","TNIP3","4c"
1.53164329937995e-12,0.338987335435761,0.33,0.109,1.10740873831769e-07,"GRCm39-Rhoa","Rhoa","4c"
1.54879352738559e-12,1.23746438914975,0.738,0.537,1.11980869617033e-07,"GRCh38-PLAT","PLAT","4c"
1.56132385935459e-12,0.759861243918791,0.68,0.4,1.12886837679055e-07,"GRCh38-TYK2","TYK2","4c"
1.56385277924203e-12,-0.603381263835531,0.573,0.853,1.13069683644757e-07,"GRCh38-RPP21","RPP21","4c"
1.57346736411991e-12,0.972756605106248,0.709,0.488,1.13764837360598e-07,"GRCh38-DHCR24","DHCR24","4c"
1.59506699402162e-12,0.363917248671411,0.165,0.036,1.15326533801751e-07,"GRCh38-FLG-AS1","FLG-AS1","4c"
1.60970215477661e-12,0.374915369842144,0.214,0.056,1.16384685194659e-07,"GRCh38-ENSG00000260862","ENSG00000260862","4c"
1.61641499656832e-12,-1.12265235668545,0.214,0.572,1.16870037081883e-07,"GRCh38-PLAAT4","PLAAT4","4c"
1.63912982870087e-12,-0.634862586842158,0.631,0.903,1.1851236487473e-07,"GRCh38-TMEM179B","TMEM179B","4c"
1.63928866573053e-12,0.439938674151681,0.165,0.036,1.18523849109649e-07,"GRCh38-LCAL1","LCAL1","4c"
1.67906659242964e-12,0.384793159195598,0.126,0.023,1.21399872765848e-07,"GRCh38-ZFHX4","ZFHX4","4c"
1.70849564880214e-12,0.335537915287867,0.214,0.055,1.23527652399692e-07,"GRCh38-ITGA2-AS1","ITGA2-AS1","4c"
1.71398241874299e-12,1.25943654615691,0.99,0.965,1.23924356839956e-07,"GRCh38-TRIO","TRIO","4c"
1.7227197700094e-12,1.1087969068971,0.864,0.761,1.2455608481122e-07,"GRCh38-ADGRA3","ADGRA3","4c"
1.72618707998739e-12,-0.934261517831026,0.184,0.555,1.24806778257248e-07,"GRCh38-ENSG00000287292","ENSG00000287292","4c"
1.73187957144903e-12,0.949904641670074,0.845,0.783,1.25218356774908e-07,"GRCh38-AVL9","AVL9","4c"
1.73305374698987e-12,0.773723491978846,0.583,0.314,1.25303252014862e-07,"GRCh38-RNF26","RNF26","4c"
1.73379513413802e-12,-0.695159861371654,0.738,0.921,1.25356855788447e-07,"GRCh38-RBCK1","RBCK1","4c"
1.73558482443308e-12,0.672058677955698,0.563,0.291,1.2548625397616e-07,"GRCh38-CHROMR","CHROMR","4c"
1.7366005368771e-12,1.23994260111256,0.786,0.608,1.25559692017288e-07,"GRCh38-GCNT2","GCNT2","4c"
1.7607686161724e-12,-0.674720177716902,0.049,0.396,1.27307092486497e-07,"GRCh38-NFE2","NFE2","4c"
1.76197083413915e-12,-0.628859533305288,0.709,0.896,1.27394015249929e-07,"GRCh38-YIF1A","YIF1A","4c"
1.7735648193906e-12,0.893672185069031,0.602,0.33,1.28232283571579e-07,"GRCh38-CAPN15","CAPN15","4c"
1.78819910668392e-12,0.677653220712074,0.573,0.313,1.29290371811461e-07,"GRCh38-DGCR8","DGCR8","4c"
1.79431493467626e-12,1.44035608893898,0.893,0.816,1.29732558406963e-07,"GRCh38-PSME4","PSME4","4c"
1.82806811290444e-12,0.862444494895857,0.68,0.432,1.32172980699217e-07,"GRCh38-HPS5","HPS5","4c"
1.83925537088038e-12,-0.705151462246688,0.718,0.925,1.32981841825393e-07,"GRCh38-CDK4","CDK4","4c"
1.85349653919966e-12,-0.607228098466928,0.718,0.93,1.34011506777214e-07,"GRCh38-TRAPPC5","TRAPPC5","4c"
1.85353265685643e-12,-0.698424811858955,0.903,0.976,1.34014118156034e-07,"GRCh38-CHCHD2","CHCHD2","4c"
1.86378937691783e-12,0.275376360294761,0.311,0.098,1.34755699529913e-07,"GRCm39-Ccl6","Ccl6","4c"
1.87368897949965e-12,0.716502832764023,0.544,0.274,1.35471460595784e-07,"GRCh38-SIRPA","SIRPA","4c"
1.8776234201848e-12,1.14436794589597,0.932,0.891,1.35755928526201e-07,"GRCh38-UBR5","UBR5","4c"
1.90868765739354e-12,1.08337952873546,0.777,0.604,1.38001935004868e-07,"GRCh38-UGGT1","UGGT1","4c"
1.92265784922712e-12,1.23248606155251,0.748,0.547,1.39012007814819e-07,"GRCh38-H2AX","H2AX","4c"
1.96686190408203e-12,0.321883676960171,0.136,0.026,1.42208049388939e-07,"GRCh38-TRPM6","TRPM6","4c"
1.98696262115934e-12,-0.553382614621525,0.573,0.853,1.43661371435063e-07,"GRCh38-TIMM9","TIMM9","4c"
1.99152241962194e-12,1.13373486716154,0.893,0.818,1.43991053983506e-07,"GRCh38-HELZ","HELZ","4c"
2.01832216491586e-12,0.990246092010298,0.932,0.84,1.45928729167746e-07,"GRCh38-RC3H1","RC3H1","4c"
2.03237363958056e-12,0.990761924735451,0.932,0.904,1.46944678888954e-07,"GRCh38-TRIP12","TRIP12","4c"
2.0489068447539e-12,-0.708935904321917,0.767,0.964,1.48140062689396e-07,"GRCh38-NDUFB4","NDUFB4","4c"
2.06268677904141e-12,1.08177792311929,0.874,0.764,1.49136379498252e-07,"GRCh38-PTBP3","PTBP3","4c"
2.07543753481929e-12,0.928497450086877,0.913,0.807,1.50058284642504e-07,"GRCh38-PTBP1","PTBP1","4c"
2.07740363404918e-12,0.412843274680596,0.194,0.047,1.50200437549024e-07,"GRCh38-ANKRD22","ANKRD22","4c"
2.08433913426843e-12,0.613205848108693,0.388,0.149,1.50701888085876e-07,"GRCh38-LDLRAD4","LDLRAD4","4c"
2.08521550568065e-12,1.22229391885484,0.65,0.37,1.50765251491723e-07,"GRCh38-DELEC1","DELEC1","4c"
2.09257101607784e-12,0.506028613653048,0.272,0.081,1.5129706960446e-07,"GRCh38-NPR3","NPR3","4c"
2.10657958270396e-12,1.24221050678076,0.806,0.784,1.52309916988662e-07,"GRCh38-MAPK14","MAPK14","4c"
2.11173831407555e-12,-0.587732585373926,0.757,0.94,1.5268290358429e-07,"GRCh38-SYF2","SYF2","4c"
2.12394873986983e-12,1.14972627938449,0.816,0.599,1.53565741790069e-07,"GRCh38-SLC6A6","SLC6A6","4c"
2.12894235083578e-12,0.256154416890329,0.272,0.08,1.53926789850129e-07,"GRCm39-Rnf149","Rnf149","4c"
2.14618704501039e-12,0.994960949319077,0.796,0.649,1.55173615728341e-07,"GRCh38-PHTF2","PHTF2","4c"
2.14934199929895e-12,1.0225534460338,0.854,0.712,1.55401725233313e-07,"GRCh38-AP1G1","AP1G1","4c"
2.15036536869613e-12,1.42749273029956,0.932,0.876,1.55475716887468e-07,"GRCh38-ACACA","ACACA","4c"
2.16750230782758e-12,1.16887916914805,0.602,0.323,1.5671475186055e-07,"GRCh38-GALNT18","GALNT18","4c"
2.19804459036741e-12,-0.612065208547546,0.33,0.678,1.58923019972744e-07,"GRCh38-SMARCD3","SMARCD3","4c"
2.20231266859579e-12,0.923241195593763,0.835,0.647,1.59231610564813e-07,"GRCh38-CRYBG3","CRYBG3","4c"
2.24892405194418e-12,1.07554524923566,0.845,0.759,1.62601706803668e-07,"GRCh38-MED14","MED14","4c"
2.28326117603987e-12,1.26383219039691,0.825,0.7,1.65084349550035e-07,"GRCh38-SGMS1","SGMS1","4c"
2.30043190381585e-12,-0.657873820747017,0.214,0.585,1.66325827509693e-07,"GRCh38-HACD1","HACD1","4c"
2.3224487673494e-12,-0.648460894405854,0.806,0.943,1.67917690776896e-07,"GRCh38-KRT10","KRT10","4c"
2.32557404585256e-12,-0.555496612730224,0.553,0.886,1.68143654663232e-07,"GRCh38-RAC2","RAC2","4c"
2.32664970367067e-12,0.984815240752809,0.777,0.571,1.68221426874797e-07,"GRCh38-SCAF4","SCAF4","4c"
2.32983358782514e-12,-0.702744426597587,0.573,0.864,1.68451628066933e-07,"GRCh38-UBE2L6","UBE2L6","4c"
2.34360741053761e-12,0.289033986748661,0.388,0.137,1.6944750299669e-07,"GRCm39-Itm2b","Itm2b","4c"
2.34377360400884e-12,0.385681936587639,0.282,0.088,1.69459519117047e-07,"GRCh38-TLR1","TLR1","4c"
2.35887244429071e-12,-0.849450629410635,0.146,0.498,1.70551195467107e-07,"GRCh38-DEPTOR","DEPTOR","4c"
2.38138047564597e-12,-0.740700738376532,0.709,0.955,1.72178571150155e-07,"GRCh38-NHP2","NHP2","4c"
2.40515981752499e-12,-0.671488489921585,0.592,0.852,1.73897865126692e-07,"GRCh38-IDH3B","IDH3B","4c"
2.46404672722681e-12,0.768568800048785,0.913,0.798,1.78155506471953e-07,"GRCh38-STMN1","STMN1","4c"
2.48110309636424e-12,0.281412503649732,0.233,0.063,1.79388716073327e-07,"GRCm39-Kdm6b","Kdm6b","4c"
2.48549149426201e-12,1.46950229558231,0.883,0.803,1.79706006018132e-07,"GRCh38-HIVEP2","HIVEP2","4c"
2.48604770518222e-12,-0.768507878326065,0.728,0.93,1.79746221180085e-07,"GRCh38-CYBA","CYBA","4c"
2.53434350591714e-12,1.64648033353388,0.883,0.811,1.83238104164821e-07,"GRCh38-ANKH","ANKH","4c"
2.53524026210349e-12,1.2281577588345,0.816,0.707,1.83302941430607e-07,"GRCh38-ELOVL5","ELOVL5","4c"
2.54428754899883e-12,1.08435177435659,0.893,0.778,1.83957078367714e-07,"GRCh38-GNA12","GNA12","4c"
2.56841233390875e-12,0.289628877085381,0.408,0.147,1.8570134856627e-07,"GRCm39-Rpl36","Rpl36","4c"
2.65273012512836e-12,0.399306399508864,0.388,0.14,1.91797693507031e-07,"GRCm39-Ptma","Ptma","4c"
2.6986887268097e-12,1.9175054857627,0.777,0.663,1.95120592325795e-07,"GRCh38-FRMD4B","FRMD4B","4c"
2.70413539754538e-12,0.43770471193903,0.408,0.162,1.95514397513326e-07,"GRCh38-PMS2P3","PMS2P3","4c"
2.73763437698386e-12,1.01272857610701,0.932,0.928,1.97936440724687e-07,"GRCh38-MARCHF6","MARCHF6","4c"
2.75869680415334e-12,0.43058612373055,0.136,0.026,1.99459296333895e-07,"GRCh38-SLC7A8","SLC7A8","4c"
2.76125248619733e-12,0.763982103085554,0.291,0.091,1.99644077257039e-07,"GRCh38-KRT23","KRT23","4c"
2.79446264749034e-12,1.38668882205527,0.718,0.491,2.02045238338847e-07,"GRCh38-ZFPM2","ZFPM2","4c"
2.80994902364358e-12,0.8729822361882,0.835,0.684,2.03164934307478e-07,"GRCh38-MRE11","MRE11","4c"
2.81481498556904e-12,1.84140717875199,0.631,0.411,2.03516753086613e-07,"GRCh38-SLC12A2","SLC12A2","4c"
2.84245405797356e-12,0.556135344659277,0.233,0.065,2.05515113299605e-07,"GRCh38-FOCAD","FOCAD","4c"
2.87927354999718e-12,0.772308678990496,0.194,0.048,2.08177236211896e-07,"GRCh38-LDHC","LDHC","4c"
2.92400623135102e-12,0.584574211784164,0.359,0.136,2.11411498539141e-07,"GRCh38-BTG1-DT","BTG1-DT","4c"
3.03437890375187e-12,0.397115459607526,0.408,0.153,2.19391663499068e-07,"GRCm39-Ctsd","Ctsd","4c"
3.03930803958482e-12,0.753229121192121,0.689,0.409,2.19748049878062e-07,"GRCh38-TMEM209","TMEM209","4c"
3.04532870785652e-12,0.893562248984976,0.922,0.799,2.20183356235442e-07,"GRCh38-GRB10","GRB10","4c"
3.10747458850079e-12,1.1296334933585,0.942,0.902,2.24676627697784e-07,"GRCh38-PUM2","PUM2","4c"
3.11994052804056e-12,0.290364900033383,0.379,0.132,2.25577940058388e-07,"GRCm39-Cox4i1","Cox4i1","4c"
3.18100015516017e-12,0.984679411706342,0.718,0.548,2.29992673218391e-07,"GRCh38-DCUN1D2","DCUN1D2","4c"
3.1990990032309e-12,-0.641314379331843,0.117,0.497,2.31301256131601e-07,"GRCh38-NUP210","NUP210","4c"
3.21213164794266e-12,1.19388753601544,0.534,0.296,2.3224354240955e-07,"GRCh38-EML6","EML6","4c"
3.21541891922742e-12,-0.719114150903283,0.408,0.767,2.32481218697981e-07,"GRCh38-WDR45","WDR45","4c"
3.21777616681219e-12,-0.787102949286712,0.893,0.972,2.32651652412855e-07,"GRCh38-UBB","UBB","4c"
3.25839568827311e-12,0.818380443053941,0.796,0.569,2.35588525053523e-07,"GRCh38-KLHL2","KLHL2","4c"
3.30903111949806e-12,1.08660514182032,0.689,0.443,2.39249568001949e-07,"GRCh38-INPP5A","INPP5A","4c"
3.3099003030087e-12,0.725067015081843,0.194,0.048,2.39312411708135e-07,"GRCh38-ENSG00000285835","ENSG00000285835","4c"
3.33451596123353e-12,0.424262758868891,0.359,0.132,2.41092173029106e-07,"GRCh38-ENSG00000280206","ENSG00000280206","4c"
3.33596229371842e-12,0.940377182630686,0.874,0.723,2.4119674576043e-07,"GRCh38-STRN","STRN","4c"
3.35030304964889e-12,0.317319513589313,0.34,0.116,2.42233611095714e-07,"GRCm39-Rps6","Rps6","4c"
3.38965686118676e-12,-0.758656090378988,0.369,0.686,2.45078970377525e-07,"GRCh38-KLHDC8B","KLHDC8B","4c"
3.41032857349522e-12,1.15469113642346,0.845,0.725,2.46573576520852e-07,"GRCh38-GPATCH2","GPATCH2","4c"
3.43629597115017e-12,0.326029054209763,0.35,0.121,2.484510713061e-07,"GRCm39-Map1lc3b","Map1lc3b","4c"
3.45337347462246e-12,2.37288618866067,0.65,0.424,2.49685808962153e-07,"GRCh38-ZC3H3","ZC3H3","4c"
3.45620528243211e-12,1.00245323407775,0.767,0.559,2.49890554330407e-07,"GRCh38-MYO19","MYO19","4c"
3.49289172131133e-12,-0.810897318993112,0.427,0.76,2.52543057234252e-07,"GRCh38-LINC02615","LINC02615","4c"
3.51665961496455e-12,0.767881589520641,0.612,0.333,2.54261523481167e-07,"GRCh38-FEM1C","FEM1C","4c"
3.54124392267847e-12,1.24227677404032,0.854,0.776,2.56039018097498e-07,"GRCh38-HIPK3","HIPK3","4c"
3.62478776283435e-12,-0.598049048490477,0.816,0.962,2.62079404828449e-07,"GRCh38-SNU13","SNU13","4c"
3.66482471825548e-12,0.994106299437007,0.806,0.637,2.64974156779308e-07,"GRCh38-GNB4","GNB4","4c"
3.67694841719853e-12,0.837864126402638,0.32,0.108,2.65850724460288e-07,"GRCh38-ENSG00000251293","ENSG00000251293","4c"
3.70046290277575e-12,0.85377672157934,0.379,0.156,2.67550868796492e-07,"GRCh38-CSPG4","CSPG4","4c"
3.7059024249295e-12,0.640415429126097,0.32,0.11,2.67944157127253e-07,"GRCh38-RAB38","RAB38","4c"
3.8107274900838e-12,0.461888423167099,0.379,0.136,2.75523218988039e-07,"GRCm39-Hspa8","Hspa8","4c"
3.9057902953536e-12,0.391797877442636,0.262,0.08,2.82396449934656e-07,"GRCh38-TLR6","TLR6","4c"
3.93586408098858e-12,0.922206838026386,0.825,0.598,2.84570844783637e-07,"GRCh38-DGKZ","DGKZ","4c"
3.98975987040837e-12,0.886209884987029,0.777,0.601,2.88467618150266e-07,"GRCh38-TMED7","TMED7","4c"
3.99893209177096e-12,0.559070720728664,0.175,0.041,2.89130788099224e-07,"GRCh38-LINC01483","LINC01483","4c"
4.04837736284853e-12,1.11155806204706,0.913,0.879,2.92705780088674e-07,"GRCh38-STAT1","STAT1","4c"
4.09415434865368e-12,-0.589575942466714,0.262,0.637,2.96015547716358e-07,"GRCh38-FMC1","FMC1","4c"
4.09690913108763e-12,0.827936843411687,0.32,0.112,2.96214723995898e-07,"GRCh38-EYA4","EYA4","4c"
4.12558178200537e-12,1.25224715736912,0.835,0.693,2.98287814002553e-07,"GRCh38-PAK1","PAK1","4c"
4.13657657337617e-12,1.21174177103821,0.981,0.958,2.99082759408244e-07,"GRCh38-HP1BP3","HP1BP3","4c"
4.14989968600840e-12,1.13969666560369,0.505,0.248,3.0004604709778e-07,"GRCh38-RAB27B","RAB27B","4c"
4.20568534237931e-12,0.595792311124016,0.417,0.178,3.04079461624709e-07,"GRCh38-WDR90","WDR90","4c"
4.41704966918565e-12,1.1171130216321,0.786,0.58,3.19361525181461e-07,"GRCh38-TAF3","TAF3","4c"
4.46084065460197e-12,-0.721082334915716,0.709,0.929,3.22527701009031e-07,"GRCh38-MRPL41","MRPL41","4c"
4.48170913015154e-12,0.972797766936689,0.612,0.339,3.24036533528216e-07,"GRCh38-ZC3H12C","ZC3H12C","4c"
4.52725365476547e-12,1.11713429247255,0.854,0.782,3.27329493746853e-07,"GRCh38-WWP1","WWP1","4c"
4.53031270732741e-12,0.803377905638498,0.495,0.245,3.27550669365186e-07,"GRCh38-NAPB","NAPB","4c"
4.53242448570552e-12,1.07921893798974,0.874,0.775,3.2770335516548e-07,"GRCh38-HTT","HTT","4c"
4.53886711929724e-12,-0.489321562404357,0.786,0.931,3.28169170459429e-07,"GRCh38-ATP6V0B","ATP6V0B","4c"
4.66140814609627e-12,0.904510701729972,0.272,0.084,3.37029131779052e-07,"GRCh38-PPP1R14C","PPP1R14C","4c"
4.68812265945256e-12,0.968966889647751,0.621,0.353,3.38960644523739e-07,"GRCh38-AP1S3","AP1S3","4c"
4.68939601983102e-12,-0.608682993674241,0.816,0.958,3.39052711025822e-07,"GRCh38-TALDO1","TALDO1","4c"
4.7272846086003e-12,0.922198810717411,0.583,0.323,3.41792131771019e-07,"GRCh38-PPTC7","PPTC7","4c"
4.72954524955229e-12,0.295967688197568,0.136,0.026,3.4195558063313e-07,"GRCh38-DOCK2","DOCK2","4c"
4.76301830208275e-12,-0.69036747337346,0.282,0.633,3.44375749277187e-07,"GRCh38-MPP1","MPP1","4c"
4.81217829534421e-12,1.20006594617696,0.932,0.867,3.47930115109977e-07,"GRCh38-CTNNB1","CTNNB1","4c"
4.85216266245175e-12,-0.620515556220306,0.718,0.933,3.50821064820586e-07,"GRCh38-MRPL14","MRPL14","4c"
4.85281851366496e-12,1.50432400617668,0.67,0.447,3.50868484175004e-07,"GRCh38-MARK1","MARK1","4c"
4.88074638002347e-12,-0.638670268146758,0.825,0.961,3.52887724768457e-07,"GRCh38-FKBP1A","FKBP1A","4c"
4.92634606261921e-12,0.920159576999,0.602,0.371,3.56184673019494e-07,"GRCh38-FZR1","FZR1","4c"
4.93336905348422e-12,0.940861729000222,0.825,0.665,3.56692449305016e-07,"GRCh38-CKS2","CKS2","4c"
4.95487546849121e-12,0.761727207937282,0.553,0.286,3.58247406122852e-07,"GRCh38-ZFAT","ZFAT","4c"
5.00550683947233e-12,1.16160100733892,0.835,0.742,3.61908155507528e-07,"GRCh38-AFDN","AFDN","4c"
5.14250708548899e-12,1.0472286939418,0.67,0.422,3.71813547295025e-07,"GRCh38-RBM47","RBM47","4c"
5.14846697051096e-12,1.20684028814573,0.874,0.735,3.72244458901884e-07,"GRCh38-FAM13B","FAM13B","4c"
5.27822394965345e-12,1.0108293379008,0.709,0.466,3.81626148007844e-07,"GRCh38-FSD1L","FSD1L","4c"
5.30749146277932e-12,-0.649079013385103,0.913,0.976,3.8374224774187e-07,"GRCh38-DYNLL1","DYNLL1","4c"
5.34402701063338e-12,0.684092008370168,0.583,0.328,3.86383840922815e-07,"GRCh38-ABCB8","ABCB8","4c"
5.34821368814674e-12,-0.680020412544639,0.883,0.96,3.86686546080386e-07,"GRCh38-SSB","SSB","4c"
5.36016655384857e-12,0.330972439254649,0.417,0.156,3.87550762176359e-07,"GRCm39-Rps23","Rps23","4c"
5.3923241521014e-12,1.02180030619449,0.903,0.818,3.89875820845235e-07,"GRCh38-OPA1","OPA1","4c"
5.39571154482512e-12,1.27726089367567,0.864,0.809,3.90120736113946e-07,"GRCh38-PLEC","PLEC","4c"
5.46943371127138e-12,0.528085697266911,0.359,0.126,3.95450996192344e-07,"GRCm39-Pim1","Pim1","4c"
5.56944794355796e-12,-0.623139836212658,0.913,0.973,4.02682225215127e-07,"GRCh38-DNAJC15","DNAJC15","4c"
5.57684915989355e-12,1.26281844567477,0.291,0.095,4.03217347958624e-07,"GRCh38-H3C12","H3C12","4c"
5.60990608246677e-12,0.250106167841728,0.408,0.148,4.05607429574513e-07,"GRCm39-Rps21","Rps21","4c"
5.68412262365248e-12,-0.704312653660192,0.641,0.875,4.10973433935322e-07,"GRCh38-POLE4","POLE4","4c"
5.69654408316626e-12,0.418125210996831,0.408,0.153,4.11871530301087e-07,"GRCm39-Pkm","Pkm","4c"
5.79829864586591e-12,0.44968981042552,0.301,0.101,4.19228588693397e-07,"GRCh38-ENSG00000267698","ENSG00000267698","4c"
5.80071781227709e-12,0.310598945035391,0.301,0.097,4.19403499263258e-07,"GRCm39-Csf3r","Csf3r","4c"
5.84416589956763e-12,0.280318363291777,0.136,0.027,4.22544882870538e-07,"GRCh38-ENSG00000287175","ENSG00000287175","4c"
5.92331667909065e-12,1.05290527324294,0.757,0.553,4.28267642531612e-07,"GRCh38-URB1","URB1","4c"
6.0538549437131e-12,0.86098100004243,0.689,0.461,4.37705820140344e-07,"GRCh38-CHEK1","CHEK1","4c"
6.07308905745649e-12,1.10762542876827,0.874,0.794,4.39096485032219e-07,"GRCh38-LINC03009","LINC03009","4c"
6.29343847204382e-12,0.993376331020226,0.835,0.615,4.55028188405712e-07,"GRCh38-STIM2","STIM2","4c"
6.33882384561993e-12,1.10212796552488,0.913,0.836,4.58309641686012e-07,"GRCh38-SUGP2","SUGP2","4c"
6.36486983368877e-12,0.963004391660743,0.903,0.84,4.60192818715366e-07,"GRCh38-KLC1","KLC1","4c"
6.3872295610392e-12,1.19859027930845,0.631,0.388,4.61809471722256e-07,"GRCh38-ARHGAP23","ARHGAP23","4c"
6.39578096420732e-12,0.96678897889432,0.534,0.276,4.62427755274118e-07,"GRCh38-BCL2L11","BCL2L11","4c"
6.44073373388302e-12,-0.528703002940389,0.786,0.959,4.6567793042721e-07,"GRCh38-NDUFB9","NDUFB9","4c"
6.45724883565e-12,1.2583822390203,0.816,0.727,4.66872005315166e-07,"GRCh38-ETS2","ETS2","4c"
6.58645430938795e-12,-0.617709925555201,0.951,0.975,4.76213819477368e-07,"GRCh38-EIF2S2","EIF2S2","4c"
6.62539743116688e-12,0.803853877233323,0.718,0.443,4.79029485068227e-07,"GRCh38-OSBPL11","OSBPL11","4c"
6.65287558256831e-12,0.500806570337314,0.233,0.066,4.81016210370854e-07,"GRCh38-MBP","MBP","4c"
6.66054913513097e-12,-0.702639507855179,0.883,0.976,4.8157102356824e-07,"GRCh38-POLR2L","POLR2L","4c"
6.66076286536991e-12,1.35307852687777,0.864,0.73,4.81586476691975e-07,"GRCh38-MICAL3","MICAL3","4c"
6.66699458672952e-12,-0.641869572093394,0.456,0.761,4.82037042609718e-07,"GRCh38-CZIB","CZIB","4c"
6.83709746329826e-12,1.09419252440568,0.835,0.651,4.94335820791391e-07,"GRCh38-TRAK1","TRAK1","4c"
6.92063824250394e-12,0.251961657855361,0.33,0.109,5.0037598620952e-07,"GRCm39-Cotl1","Cotl1","4c"
6.92282424253186e-12,0.951283569858484,0.796,0.627,5.00534038383538e-07,"GRCh38-SNX13","SNX13","4c"
6.93993265520651e-12,1.03377963446764,0.612,0.356,5.01771010836741e-07,"GRCh38-ABHD17B","ABHD17B","4c"
7.0376426858094e-12,-0.58672448657797,0.573,0.845,5.08835641469391e-07,"GRCh38-IAH1","IAH1","4c"
7.15639815946805e-12,1.03613295213695,0.922,0.881,5.17421899725859e-07,"GRCh38-NUP58","NUP58","4c"
7.20961845095784e-12,1.35691251787608,0.718,0.476,5.21269833241154e-07,"GRCh38-UAP1","UAP1","4c"
7.39416257238747e-12,-0.62007634529589,0.777,0.948,5.34612742308759e-07,"GRCh38-DYNLRB1","DYNLRB1","4c"
7.40711125729955e-12,-0.738313148325315,0.777,0.965,5.35548958125272e-07,"GRCh38-SEC61B","SEC61B","4c"
7.48992227235043e-12,0.575265731856563,0.505,0.244,5.41536360135481e-07,"GRCh38-TAOK2","TAOK2","4c"
7.50854643669378e-12,0.779841259990064,0.33,0.12,5.42882924465834e-07,"GRCh38-ENSG00000285783","ENSG00000285783","4c"
7.51787524718913e-12,0.758314250794831,0.427,0.17,5.43557416122268e-07,"GRCh38-ENSG00000231772","ENSG00000231772","4c"
7.53643659892393e-12,-0.712212911593666,0.534,0.818,5.44899438975398e-07,"GRCh38-TIMM17B","TIMM17B","4c"
7.65743629134564e-12,0.745165743109328,0.65,0.379,5.53647958736872e-07,"GRCh38-COX10-DT","COX10-DT","4c"
7.75211672454717e-12,0.496238167329849,0.204,0.054,5.6049354341821e-07,"GRCh38-ST8SIA4","ST8SIA4","4c"
7.803734580171e-12,1.11683266259058,0.932,0.887,5.64225617615523e-07,"GRCh38-PHACTR4","PHACTR4","4c"
7.84881575986989e-12,-0.594331881108721,0.796,0.937,5.67485077070113e-07,"GRCh38-NBDY","NBDY","4c"
7.9183396057236e-12,-0.715793627993904,0.291,0.609,5.72511790173027e-07,"GRCh38-SECTM1","SECTM1","4c"
8.03632872525921e-12,0.53988029878364,0.301,0.101,5.81042639493692e-07,"GRCh38-NIPAL1","NIPAL1","4c"
8.08069804764124e-12,0.907909399603493,0.99,0.989,5.84250630240557e-07,"GRCh38-HNRNPA2B1","HNRNPA2B1","4c"
8.13063560485435e-12,0.462760585133875,0.476,0.2,5.87861215502179e-07,"GRCh38-ANXA8","ANXA8","4c"
8.15307804412624e-12,1.28503344159247,0.932,0.9,5.89483848746416e-07,"GRCh38-KDM2A","KDM2A","4c"
8.21685611862887e-12,-0.594458774664606,0.66,0.875,5.94095131089104e-07,"GRCh38-NSMCE1","NSMCE1","4c"
8.2229052441057e-12,0.383779740056492,0.291,0.093,5.9453249495933e-07,"GRCm39-Spi1","Spi1","4c"
8.39298352811076e-12,0.496752558819657,0.223,0.063,6.06829495049464e-07,"GRCh38-ENSG00000259757","ENSG00000259757","4c"
8.45620246245408e-12,0.700613165272746,0.583,0.329,6.11400350440355e-07,"GRCh38-SLC9A6","SLC9A6","4c"
8.46075474844757e-12,1.8464832461695,0.592,0.333,6.11729489822256e-07,"GRCh38-NAV3","NAV3","4c"
8.48670423502484e-12,0.305383125625162,0.311,0.103,6.13605689600766e-07,"GRCm39-Rpl22","Rpl22","4c"
8.61475551496473e-12,0.935530921122984,0.68,0.454,6.2286405324298e-07,"GRCh38-ICMT","ICMT","4c"
8.67483096264857e-12,0.680371906650812,0.282,0.09,6.27207628261417e-07,"GRCh38-ENSG00000287069","ENSG00000287069","4c"
8.79036606608662e-12,1.0563453968719,0.728,0.535,6.35561047310195e-07,"GRCh38-HACD2","HACD2","4c"
8.8045180663094e-12,-0.637668436164075,0.728,0.917,6.36584265230302e-07,"GRCh38-RTL8C","RTL8C","4c"
8.88764896702869e-12,-0.618908468535844,0.883,0.98,6.42594795614108e-07,"GRCh38-CLIC1","CLIC1","4c"
8.92132763692391e-12,0.543345170196412,0.553,0.276,6.45029830804873e-07,"GRCh38-RFC5","RFC5","4c"
8.99880113363611e-12,1.30999628519122,0.816,0.648,6.50631319564158e-07,"GRCh38-SKI","SKI","4c"
9.00961813617711e-12,0.897428626797479,0.68,0.464,6.51413410481877e-07,"GRCh38-KIF13B","KIF13B","4c"
9.12792375714924e-12,0.399074490557681,0.34,0.119,6.59967143489404e-07,"GRCm39-Marcksl1","Marcksl1","4c"
9.14231690774733e-12,1.00878110811488,0.592,0.346,6.61007797063947e-07,"GRCh38-IGSF3","IGSF3","4c"
9.17892651512894e-12,-0.637119408436538,0.66,0.893,6.63654744896852e-07,"GRCh38-LSM2","LSM2","4c"
9.30393215350784e-12,1.09606003935578,0.67,0.435,6.72692902562924e-07,"GRCh38-LMO7","LMO7","4c"
9.39014300023384e-12,0.441304168028034,0.262,0.079,6.78926119202907e-07,"GRCh38-ZNF367","ZNF367","4c"
9.45687919800393e-12,0.869349308810982,0.417,0.183,6.8375127977408e-07,"GRCh38-ENSG00000284052","ENSG00000284052","4c"
9.70949312997465e-12,0.901169422785606,0.835,0.658,7.02015772283427e-07,"GRCh38-DPY19L1","DPY19L1","4c"
9.92656384715407e-12,1.39088615295398,0.427,0.192,7.17710419276933e-07,"GRCh38-ENSG00000273118","ENSG00000273118","4c"
9.94415208217589e-12,-0.564829003430547,0.485,0.786,7.18982083845481e-07,"GRCh38-NSMF","NSMF","4c"
1.00207268500474e-11,0.711836276713459,0.301,0.104,7.24518592712129e-07,"GRCh38-ENSG00000290812","ENSG00000290812","4c"
1.02334713440085e-11,1.15440386045662,0.854,0.702,7.39900445114503e-07,"GRCh38-AGO2","AGO2","4c"
1.02370980382592e-11,0.748853768728072,0.728,0.536,7.40162662362219e-07,"GRCh38-CEP44","CEP44","4c"
1.02870603783063e-11,0.680976522471883,0.34,0.13,7.43775039472303e-07,"GRCh38-ITPKB","ITPKB","4c"
1.03292948595935e-11,0.998207665738018,0.718,0.487,7.46828676938329e-07,"GRCh38-NCLN","NCLN","4c"
1.04583998049179e-11,-0.575405443459541,0.165,0.518,7.56163222695173e-07,"GRCh38-SEPTIN1","SEPTIN1","4c"
1.0538432951615e-11,0.47501634189416,0.398,0.155,7.61949779267665e-07,"GRCm39-Ifi27l2a","Ifi27l2a","4c"
1.0573813914324e-11,1.24816534930025,0.835,0.768,7.64507893633453e-07,"GRCh38-RCOR1","RCOR1","4c"
1.06535860989592e-11,1.05054283291647,0.932,0.899,7.70275582126949e-07,"GRCh38-CEP350","CEP350","4c"
1.07205797593662e-11,1.2735846805402,0.971,0.954,7.75119357761696e-07,"GRCh38-SLC38A2","SLC38A2","4c"
1.07660335735606e-11,0.700664563054056,0.524,0.279,7.78405759435579e-07,"GRCh38-ABCC10","ABCC10","4c"
1.07938399674853e-11,0.268344747198152,0.184,0.045,7.80416217329123e-07,"GRCh38-C17orf99","C17orf99","4c"
1.08102313215304e-11,-0.428642358593429,0.689,0.907,7.81601345009292e-07,"GRCh38-METTL5","METTL5","4c"
1.08309391603234e-11,1.02577032697495,0.825,0.699,7.83098563169702e-07,"GRCh38-CTDSPL2","CTDSPL2","4c"
1.08344685866034e-11,1.042629114794,0.903,0.799,7.83353747748598e-07,"GRCh38-ADAM10","ADAM10","4c"
1.08457974583219e-11,0.496805729766511,0.301,0.104,7.84172847831591e-07,"GRCh38-DYNLT2","DYNLT2","4c"
1.08736482618248e-11,0.97210060603333,0.893,0.785,7.86186516626458e-07,"GRCh38-CORO1C","CORO1C","4c"
1.10326154945382e-11,-0.516049203049021,0.796,0.948,7.97680165486102e-07,"GRCh38-ANAPC16","ANAPC16","4c"
1.11166297338207e-11,0.883554910809291,0.806,0.715,8.03754563014705e-07,"GRCh38-BRD8","BRD8","4c"
1.11856707437266e-11,0.766816140605275,0.699,0.504,8.08746366112919e-07,"GRCh38-POT1","POT1","4c"
1.13011387599428e-11,1.18839896767786,0.583,0.324,8.17094934621381e-07,"GRCh38-NUP62CL","NUP62CL","4c"
1.13286091499031e-11,0.47468025931012,0.427,0.185,8.19081098756295e-07,"GRCh38-ENSG00000291060","ENSG00000291060","4c"
1.13531030803305e-11,0.266601241458981,0.146,0.031,8.20852058914055e-07,"GRCh38-ENSG00000253284","ENSG00000253284","4c"
1.13640405419067e-11,-1.00061375054027,0.01,0.33,8.21642859260941e-07,"GRCh38-EEF1A2","EEF1A2","4c"
1.13667498022657e-11,0.498788802473663,0.476,0.217,8.21838744203412e-07,"GRCh38-TRIM41","TRIM41","4c"
1.13733634304824e-11,0.774930604381356,0.447,0.206,8.22316922750737e-07,"GRCh38-CLCN5","CLCN5","4c"
1.14246269701878e-11,-0.685036522422976,0.709,0.945,8.26023379198521e-07,"GRCh38-PSMB4","PSMB4","4c"
1.15183072606101e-11,1.07665753023621,0.748,0.592,8.32796651556634e-07,"GRCh38-PIGN","PIGN","4c"
1.15826925290538e-11,0.988519393629177,0.816,0.663,8.37451835235647e-07,"GRCh38-ZNRF3","ZNRF3","4c"
1.1762010937804e-11,-0.56304879285696,0.534,0.846,8.50416914825103e-07,"GRCh38-MRPS2","MRPS2","4c"
1.1821291123255e-11,0.470752423826813,0.699,0.388,8.54702990793585e-07,"GRCh38-RFC4","RFC4","4c"
1.18346052188659e-11,-0.555186292607266,0.825,0.961,8.5566562653444e-07,"GRCh38-ATP5IF1","ATP5IF1","4c"
1.19469353502608e-11,0.313454474242263,0.136,0.027,8.63787319694558e-07,"GRCh38-ENSG00000289589","ENSG00000289589","4c"
1.22073215903402e-11,0.681898174961066,0.65,0.374,8.8261376562478e-07,"GRCh38-FBXO30","FBXO30","4c"
1.22733086554416e-11,1.03245087585419,0.641,0.376,8.87384762405737e-07,"GRCh38-ENC1","ENC1","4c"
1.23810621664404e-11,0.544871632980924,0.388,0.156,8.95175556757971e-07,"GRCh38-RASGRF1","RASGRF1","4c"
1.2537659854021e-11,0.257256728762739,0.262,0.079,9.06497882765425e-07,"GRCm39-Dusp16","Dusp16","4c"
1.25444752957284e-11,0.421250255521463,0.379,0.142,9.06990652831754e-07,"GRCm39-Rps26","Rps26","4c"
1.25655197975396e-11,1.10441414986306,0.913,0.851,9.08512212401711e-07,"GRCh38-TMEM131","TMEM131","4c"
1.30305451283635e-11,0.503739086936705,0.359,0.137,9.42134473870937e-07,"GRCh38-BCL7A","BCL7A","4c"
1.33101654923107e-11,-0.596534140282742,0.379,0.71,9.6235158542505e-07,"GRCh38-DYRK4","DYRK4","4c"
1.33836913847166e-11,1.05133178117816,0.816,0.637,9.6766765449778e-07,"GRCh38-NOTCH2","NOTCH2","4c"
1.33904698573397e-11,0.288148123452229,0.184,0.046,9.68157751625373e-07,"GRCh38-PRTFDC1","PRTFDC1","4c"
1.3461513214148e-11,0.576896582360498,0.165,0.039,9.73294328409328e-07,"GRCh38-MAOB","MAOB","4c"
1.35339961052999e-11,-0.550436596111888,0.485,0.798,9.78534986405394e-07,"GRCh38-FHL3","FHL3","4c"
1.36185089611811e-11,0.582823945587455,0.32,0.116,9.84645434911313e-07,"GRCh38-PLA2G4A","PLA2G4A","4c"
1.36582947707908e-11,0.526217239661597,0.515,0.237,9.87522028517716e-07,"GRCh38-SNAI2","SNAI2","4c"
1.39662707091771e-11,0.326102068695613,0.359,0.129,1.00978930481492e-06,"GRCm39-Rpl15","Rpl15","4c"
1.40085620060878e-11,0.299232446730395,0.34,0.117,1.01284705016416e-06,"GRCm39-Sqstm1","Sqstm1","4c"
1.40877552338032e-11,-0.615612382662782,0.767,0.954,1.01857287891444e-06,"GRCh38-HSBP1","HSBP1","4c"
1.41460270485827e-11,-0.61788969295166,0.262,0.589,1.02278604766663e-06,"GRCh38-DHRS4","DHRS4","4c"
1.43494271404929e-11,0.918638816775784,0.932,0.925,1.03749228111192e-06,"GRCh38-PRPF4B","PRPF4B","4c"
1.45100512120954e-11,1.39001489255517,0.806,0.637,1.04910572273692e-06,"GRCh38-PPP1R15B","PPP1R15B","4c"
1.45415335259489e-11,-0.569022967470941,0.689,0.927,1.05138195699316e-06,"GRCh38-C4orf48","C4orf48","4c"
1.47250433815368e-11,0.970197852178049,0.66,0.405,1.06465008657188e-06,"GRCh38-LRRC8A","LRRC8A","4c"
1.49511135968817e-11,1.19847829770786,0.728,0.53,1.08099541528174e-06,"GRCh38-RAD18","RAD18","4c"
1.52478776340307e-11,1.15251549761434,0.864,0.797,1.10245204869569e-06,"GRCh38-SEC24D","SEC24D","4c"
1.53240138162174e-11,-0.575479054771743,0.709,0.912,1.10795684694015e-06,"GRCh38-ATP6AP1","ATP6AP1","4c"
1.54072587066037e-11,0.597904643501648,0.573,0.297,1.11397561900486e-06,"GRCh38-HAUS5","HAUS5","4c"
1.54640116468805e-11,0.556820476619006,0.311,0.107,1.11807897009276e-06,"GRCh38-LINC02444","LINC02444","4c"
1.55041259191495e-11,-0.459049555499472,0.893,0.98,1.12097931220635e-06,"GRCh38-HSPB1","HSPB1","4c"
1.55095377896285e-11,1.01727563398527,0.874,0.716,1.12137060126572e-06,"GRCh38-BTAF1","BTAF1","4c"
1.55748783934289e-11,0.819920567923426,0.427,0.191,1.1260948576017e-06,"GRCh38-SLC36A1","SLC36A1","4c"
1.57401946486482e-11,1.09214841695682,0.893,0.818,1.13804755348656e-06,"GRCh38-PPP2R2A","PPP2R2A","4c"
1.59060752863024e-11,1.23006108312926,0.573,0.333,1.15004105535024e-06,"GRCh38-KLF5","KLF5","4c"
1.63621842232055e-11,1.20771221356886,0.553,0.286,1.1830186437062e-06,"GRCh38-GEM","GEM","4c"
1.6608290172477e-11,0.323043522836815,0.35,0.123,1.20081259605043e-06,"GRCm39-Lyn","Lyn","4c"
1.68194883056668e-11,0.866124684304836,0.942,0.895,1.21608264347632e-06,"GRCh38-TUBB4B","TUBB4B","4c"
1.68281085704754e-11,0.841499560368175,0.757,0.553,1.21670590586251e-06,"GRCh38-PTPDC1","PTPDC1","4c"
1.68446601929268e-11,0.360377133871605,0.301,0.099,1.217902621269e-06,"GRCm39-Msn","Msn","4c"
1.70942227840949e-11,1.29875793723053,0.942,0.92,1.23594649573563e-06,"GRCh38-ASCC3","ASCC3","4c"
1.71691518887793e-11,0.91702000240872,0.553,0.314,1.24136401986252e-06,"GRCh38-BNC1","BNC1","4c"
1.75234518034323e-11,-0.656112500391399,0.845,0.951,1.26698061229176e-06,"GRCh38-DAD1","DAD1","4c"
1.76716246828658e-11,0.687385430169397,0.456,0.218,1.27769380782056e-06,"GRCh38-ENSG00000288928","ENSG00000288928","4c"
1.77957984048572e-11,0.302162264078559,0.272,0.084,1.28667181626798e-06,"GRCm39-Ptbp3","Ptbp3","4c"
1.7807314200694e-11,0.942171672572296,0.68,0.45,1.28750443133858e-06,"GRCh38-DYRK3","DYRK3","4c"
1.78901476289916e-11,0.41157760121771,0.155,0.035,1.29349345387135e-06,"GRCh38-MED15P9","MED15P9","4c"
1.79528262493295e-11,0.291179355923544,0.126,0.024,1.29802524347902e-06,"GRCh38-MICOS10-DT","MICOS10-DT","4c"
1.8101581802608e-11,1.0096854559585,0.864,0.776,1.30878056749217e-06,"GRCh38-CLSTN1","CLSTN1","4c"
1.81578704196248e-11,0.71209675350886,0.544,0.296,1.31285034707972e-06,"GRCh38-ATG16L1","ATG16L1","4c"
1.83649324332603e-11,0.342921861816863,0.233,0.068,1.32782134478958e-06,"GRCh38-ENSG00000289600","ENSG00000289600","4c"
1.8428342112526e-11,1.34352700877463,0.563,0.322,1.33240599141986e-06,"GRCh38-SRGAP3","SRGAP3","4c"
1.85382187690903e-11,0.902342541838685,0.806,0.611,1.34035029344277e-06,"GRCh38-TTL","TTL","4c"
1.8585678131404e-11,0.297679761263583,0.301,0.099,1.34378170025677e-06,"GRCm39-Stk17b","Stk17b","4c"
1.88961402917077e-11,-0.669744263709469,0.602,0.883,1.36622873537105e-06,"GRCh38-GTF2H5","GTF2H5","4c"
1.89164167217044e-11,0.369450291863762,0.32,0.11,1.36769476181267e-06,"GRCm39-Ctla2a","Ctla2a","4c"
1.89300686124308e-11,0.720471060311674,0.68,0.459,1.36868182081597e-06,"GRCh38-FOSL2","FOSL2","4c"
1.89419167670076e-11,0.82204309009635,0.641,0.387,1.36953846608818e-06,"GRCh38-NACC1","NACC1","4c"
1.90182515565953e-11,0.921368170161057,0.883,0.771,1.37505762404495e-06,"GRCh38-RNF19A","RNF19A","4c"
1.90596887557215e-11,0.808611453875123,0.786,0.561,1.37805361641617e-06,"GRCh38-SEC16A","SEC16A","4c"
1.91041964570072e-11,1.29130544198258,0.825,0.729,1.38127161223453e-06,"GRCh38-RPS6KC1","RPS6KC1","4c"
1.92339481988067e-11,0.416096903382331,0.379,0.143,1.39065292267012e-06,"GRCm39-Gabarap","Gabarap","4c"
1.92888740021831e-11,0.409175437336261,0.243,0.071,1.39462416810584e-06,"GRCh38-ENSG00000285090","ENSG00000285090","4c"
1.93683517054965e-11,0.715838080519965,0.66,0.382,1.40037056501081e-06,"GRCh38-PPP1R12C","PPP1R12C","4c"
1.94005184809081e-11,1.10379164562627,0.913,0.85,1.40269628720662e-06,"GRCh38-KIF1B","KIF1B","4c"
1.94314490894972e-11,0.650685655747754,0.204,0.054,1.40493263206883e-06,"GRCh38-PCDH15","PCDH15","4c"
1.97779823957865e-11,0.483209665696855,0.32,0.117,1.42998768318016e-06,"GRCh38-FAM234B","FAM234B","4c"
2.05523075972086e-11,0.5384353859641,0.282,0.094,1.48597294389338e-06,"GRCh38-ENSG00000287470","ENSG00000287470","4c"
2.06176380980013e-11,0.36508273213007,0.214,0.059,1.49069646976169e-06,"GRCh38-SHANK3","SHANK3","4c"
2.06604836879295e-11,0.546423074264281,0.359,0.131,1.49379429160468e-06,"GRCm39-Hspa5","Hspa5","4c"
2.11985029682007e-11,0.790599078270408,0.194,0.05,1.53269416160685e-06,"GRCh38-LRFN5","LRFN5","4c"
2.12714847383971e-11,0.278438376677556,0.223,0.062,1.53797088955559e-06,"GRCh38-LNCOG","LNCOG","4c"
2.20659559379164e-11,0.578684361108238,0.301,0.104,1.59541274622323e-06,"GRCh38-LINC01934","LINC01934","4c"
2.21401829160773e-11,0.897648732136254,0.689,0.459,1.60077950519822e-06,"GRCh38-CRAMP1","CRAMP1","4c"
2.21861164521078e-11,1.3272582235466,0.883,0.83,1.6041005917203e-06,"GRCh38-FBXW7","FBXW7","4c"
2.21893064246688e-11,0.91814037387847,0.796,0.677,1.6043312331164e-06,"GRCh38-ZCCHC8","ZCCHC8","4c"
2.23414692868412e-11,0.283336302787398,0.388,0.143,1.61533291237719e-06,"GRCm39-Pfn1","Pfn1","4c"
2.25677449924055e-11,0.392471689216702,0.379,0.142,1.6316930984409e-06,"GRCm39-Rps5","Rps5","4c"
2.26701255447816e-11,0.427754930072615,0.282,0.095,1.6390954171388e-06,"GRCh38-ENSG00000289376","ENSG00000289376","4c"
2.28901778807253e-11,0.693059919817651,0.311,0.11,1.6550056411322e-06,"GRCh38-RNFT2","RNFT2","4c"
2.29977782331993e-11,0.983937675528989,0.718,0.466,1.66278536181677e-06,"GRCh38-RIGI","RIGI","4c"
2.31524296370439e-11,0.422926439259027,0.311,0.108,1.67396696761755e-06,"GRCm39-mt-Nd1","mt-Nd1","4c"
2.31756376009236e-11,0.766733318041782,0.388,0.171,1.67564494982198e-06,"GRCh38-ZNF100","ZNF100","4c"
2.32875556832335e-11,1.27105792021409,0.563,0.324,1.68373685100915e-06,"GRCh38-LINC00571","LINC00571","4c"
2.33125984394849e-11,0.267079303231992,0.136,0.027,1.68554749237163e-06,"GRCh38-ARC","ARC","4c"
2.33383725878827e-11,-0.613132242573543,0.786,0.952,1.68741101484909e-06,"GRCh38-AURKAIP1","AURKAIP1","4c"
2.33868114074548e-11,0.681926619358052,0.573,0.305,1.6909132383818e-06,"GRCh38-ERI2","ERI2","4c"
2.35703422913532e-11,0.785777080405056,0.689,0.431,1.70418288834942e-06,"GRCh38-ANKRD40","ANKRD40","4c"
2.41558518639789e-11,0.800036992993016,0.709,0.468,1.7465164014694e-06,"GRCh38-HIPK1","HIPK1","4c"
2.45270514958631e-11,0.268566056593272,0.136,0.028,1.77335487725389e-06,"GRCh38-APBA1","APBA1","4c"
2.4959509590801e-11,1.34553448534923,0.932,0.932,1.8046224624341e-06,"GRCh38-TBL1XR1","TBL1XR1","4c"
2.51141605923675e-11,1.23453492803867,0.243,0.075,1.81580403914935e-06,"GRCh38-ELN","ELN","4c"
2.51267089029784e-11,0.374019098215797,0.379,0.142,1.81671130710315e-06,"GRCm39-Serf2","Serf2","4c"
2.52501511581923e-11,0.436119657434268,0.223,0.064,1.82563642903962e-06,"GRCh38-ENSG00000227240","ENSG00000227240","4c"
2.53109857789951e-11,0.360176983141123,0.252,0.077,1.8300348937929e-06,"GRCm39-Tut7","Tut7","4c"
2.53779970030954e-11,1.18673544582791,0.913,0.812,1.8348799393178e-06,"GRCh38-OXSR1","OXSR1","4c"
2.5387816577522e-11,2.31427504311893,0.214,0.062,1.83558991418799e-06,"GRCh38-NLGN1","NLGN1","4c"
2.58115560746327e-11,0.876827323881443,0.592,0.344,1.86622712730809e-06,"GRCh38-SLC26A2","SLC26A2","4c"
2.60221554754146e-11,0.499537774030286,0.291,0.099,1.88145388518343e-06,"GRCh38-ADGRF4","ADGRF4","4c"
2.61128765141845e-11,0.792473259059285,0.515,0.26,1.88801319772857e-06,"GRCh38-ALDH1L1","ALDH1L1","4c"
2.63704777883723e-11,-0.625514317444855,0.136,0.466,1.9066382850549e-06,"GRCh38-ENSG00000290018","ENSG00000290018","4c"
2.63780800877091e-11,-0.555172999449961,0.417,0.747,1.90718794650154e-06,"GRCh38-ZNF358","ZNF358","4c"
2.6572027079906e-11,0.908751098942734,0.845,0.67,1.92121070193137e-06,"GRCh38-RAI1","RAI1","4c"
2.66600988400426e-11,0.426108904716392,0.417,0.164,1.92757846633276e-06,"GRCm39-Rpl18a","Rpl18a","4c"
2.66741826996726e-11,0.829451738484296,0.223,0.065,1.92859675755173e-06,"GRCh38-ENSG00000243004","ENSG00000243004","4c"
2.72002005900339e-11,0.919718847151203,0.398,0.166,1.96662890306063e-06,"GRCh38-ENSG00000228509","ENSG00000228509","4c"
2.73334289016933e-11,-0.552525484751899,0.728,0.921,1.97626157645023e-06,"GRCh38-ZCRB1","ZCRB1","4c"
2.76356640074938e-11,1.15424403511319,0.718,0.52,1.99811377906982e-06,"GRCh38-NUP93","NUP93","4c"
2.78115949905774e-11,-0.543494422206376,0.437,0.785,2.01083394100873e-06,"GRCh38-SMIM20","SMIM20","4c"
2.87675013446594e-11,0.33521676731708,0.107,0.018,2.07994788222156e-06,"GRCh38-ENSG00000250237","ENSG00000250237","4c"
2.8962344375461e-11,0.748530089620907,0.252,0.078,2.09403542303458e-06,"GRCh38-MALRD1","MALRD1","4c"
2.92703051309463e-11,0.315157978635033,0.311,0.106,2.11630160157768e-06,"GRCm39-Klf2","Klf2","4c"
2.92882221356163e-11,0.861077734007883,0.777,0.64,2.11759703684933e-06,"GRCh38-TRAPPC10","TRAPPC10","4c"
2.94931877008912e-11,1.11104373190696,0.757,0.55,2.13241645714984e-06,"GRCh38-CDIN1","CDIN1","4c"
2.95869759660278e-11,0.824846843433815,0.583,0.314,2.13919753629574e-06,"GRCh38-PDSS1","PDSS1","4c"
2.9686980121539e-11,1.46986413724369,0.922,0.891,2.14642803674751e-06,"GRCh38-PLEKHA5","PLEKHA5","4c"
2.9867926478398e-11,0.642191854745401,0.524,0.273,2.15951082024113e-06,"GRCh38-CTDP1","CTDP1","4c"
3.01029929322899e-11,0.339148471845546,0.32,0.109,2.17650659499042e-06,"GRCm39-Cd53","Cd53","4c"
3.03065631834634e-11,0.802438345174883,0.524,0.281,2.19122513129077e-06,"GRCh38-POGLUT3","POGLUT3","4c"
3.03168891778516e-11,0.512109883324321,0.204,0.056,2.19197172133703e-06,"GRCh38-SLC38A4","SLC38A4","4c"
3.03228510859603e-11,0.767320336374415,0.883,0.803,2.19240277921711e-06,"GRCh38-CAND1","CAND1","4c"
3.04059449574774e-11,0.414291565025832,0.204,0.056,2.19841063231553e-06,"GRCh38-ENSG00000255968","ENSG00000255968","4c"
3.04311881510653e-11,1.2173757436313,0.748,0.579,2.20023576569832e-06,"GRCh38-TBCD","TBCD","4c"
3.05897183800149e-11,1.0790733882757,0.845,0.672,2.21169781831183e-06,"GRCh38-HS2ST1","HS2ST1","4c"
3.06164926486984e-11,1.38337931341194,0.262,0.085,2.21363365148619e-06,"GRCh38-NR4A3","NR4A3","4c"
3.06452700699344e-11,-0.464616328607949,0.68,0.895,2.2157143165964e-06,"GRCh38-TSPAN4","TSPAN4","4c"
3.14567466188089e-11,0.309161554530594,0.136,0.028,2.27438569403312e-06,"GRCh38-SEMA7A","SEMA7A","4c"
3.16879953651582e-11,1.16359115587229,0.932,0.891,2.29110544089167e-06,"GRCh38-CDC27","CDC27","4c"
3.17088901494865e-11,1.72017666539162,0.748,0.566,2.29261617558817e-06,"GRCh38-LINC01619","LINC01619","4c"
3.17286895781894e-11,0.925755791647119,0.767,0.579,2.29404771388225e-06,"GRCh38-TMEM87B","TMEM87B","4c"
3.18885870543991e-11,1.25861178013001,0.942,0.931,2.30560862120717e-06,"GRCh38-PTPN14","PTPN14","4c"
3.19080749049067e-11,0.36676108700674,0.223,0.064,2.30701763177456e-06,"GRCm39-mt-Nd2","mt-Nd2","4c"
3.20830336339353e-11,0.933588244849159,0.417,0.174,2.31966749780079e-06,"GRCh38-ENSG00000263551","ENSG00000263551","4c"
3.21905640189853e-11,0.277366481803505,0.175,0.043,2.32744215970068e-06,"GRCh38-LINC02831","LINC02831","4c"
3.23915992635581e-11,0.99002110838571,0.718,0.526,2.34197740995378e-06,"GRCh38-ZDHHC20","ZDHHC20","4c"
3.24619465968021e-11,0.910888090454782,0.107,0.019,2.34706366284199e-06,"GRCh38-KLHL4","KLHL4","4c"
3.28361976556433e-11,-0.716210816208847,0.728,0.939,2.37412276289832e-06,"GRCh38-CYC1","CYC1","4c"
3.2954361276081e-11,0.677597050841487,0.437,0.189,2.38266622898321e-06,"GRCh38-RGS20","RGS20","4c"
3.33578258227245e-11,0.522423051903716,0.35,0.133,2.41183752263462e-06,"GRCh38-GSK3B-DT","GSK3B-DT","4c"
3.35290201646834e-11,0.972324300107778,0.67,0.441,2.42421521594694e-06,"GRCh38-HAPSTR1","HAPSTR1","4c"
3.36730166531599e-11,1.1476831152922,0.709,0.511,2.43462645005677e-06,"GRCh38-RBL1","RBL1","4c"
3.36955933797935e-11,0.967663822177231,0.835,0.718,2.43625879254583e-06,"GRCh38-MTMR2","MTMR2","4c"
3.3890068988446e-11,0.536350167493459,0.485,0.231,2.45031976800262e-06,"GRCh38-ENSG00000287811","ENSG00000287811","4c"
3.41165687675722e-11,1.24984132521639,0.922,0.828,2.466696155033e-06,"GRCh38-FRYL","FRYL","4c"
3.41964112128075e-11,-0.676329120725615,0.699,0.918,2.47246892350841e-06,"GRCh38-STUB1","STUB1","4c"
3.42142193101270e-11,0.840027198799267,0.67,0.431,2.47375648456081e-06,"GRCh38-PPM1D","PPM1D","4c"
3.42288400389419e-11,1.24404251265968,0.883,0.878,2.47481359249557e-06,"GRCh38-ACSL3","ACSL3","4c"
3.42414770996009e-11,-0.521375950766472,0.942,0.973,2.47572727725534e-06,"GRCh38-TBCA","TBCA","4c"
3.45420229122615e-11,0.299147172750909,0.311,0.105,2.49745734060233e-06,"GRCm39-Hcar2","Hcar2","4c"
3.47438909509959e-11,0.8460102205887,0.748,0.503,2.5120528035389e-06,"GRCh38-LINC01004","LINC01004","4c"
3.49291473368868e-11,1.32890756468794,0.913,0.837,2.52544721075159e-06,"GRCh38-ENSG00000189229","ENSG00000189229","4c"
3.49869137195565e-11,-0.476611212634034,0.932,0.977,2.52962383575138e-06,"GRCh38-TPM1","TPM1","4c"
3.52673593185664e-11,0.478141596973861,0.379,0.145,2.54990061345099e-06,"GRCm39-Pnrc1","Pnrc1","4c"
3.56367218834213e-11,0.853372577368259,0.612,0.337,2.57660626561513e-06,"GRCh38-PFKFB4","PFKFB4","4c"
3.61782982667989e-11,0.910343810573341,0.786,0.648,2.6157633212861e-06,"GRCh38-GALNT11","GALNT11","4c"
3.64941948812883e-11,1.20878642378451,0.883,0.866,2.63860327830691e-06,"GRCh38-PIK3R1","PIK3R1","4c"
3.65979995893005e-11,1.17689552950469,0.35,0.133,2.6461085663056e-06,"GRCh38-CNBD1","CNBD1","4c"
3.67636657932808e-11,0.553622746113295,0.252,0.079,2.65808656418579e-06,"GRCh38-JAG2","JAG2","4c"
3.68291129113812e-11,0.969816688215521,0.913,0.914,2.66281852171868e-06,"GRCh38-CAPRIN1","CAPRIN1","4c"
3.6831726761881e-11,0.770116588823809,0.466,0.218,2.66300750833752e-06,"GRCh38-PMFBP1","PMFBP1","4c"
3.69659185090249e-11,1.16577534460368,0.796,0.635,2.67270984003952e-06,"GRCh38-CBL","CBL","4c"
3.71502347511381e-11,0.367411236336632,0.311,0.107,2.68603627297679e-06,"GRCh38-ENSG00000254180","ENSG00000254180","4c"
3.71994328490778e-11,-0.493597646060113,0.563,0.861,2.68959339385403e-06,"GRCh38-CFAP298","CFAP298","4c"
3.74083751938253e-11,0.988509776634322,0.767,0.573,2.70470034326395e-06,"GRCh38-ZNF767P","ZNF767P","4c"
3.75372925990003e-11,0.547989211078524,0.408,0.177,2.71402132949292e-06,"GRCh38-CCNY-AS1","CCNY-AS1","4c"
3.7738911164057e-11,0.386280410178546,0.301,0.103,2.72859875498365e-06,"GRCm39-Mmp8","Mmp8","4c"
3.77798853325319e-11,1.31776311158181,0.427,0.192,2.73156126931272e-06,"GRCh38-RGS2","RGS2","4c"
3.80636453421177e-11,0.340265127718643,0.126,0.025,2.7520776855258e-06,"GRCh38-RUNDC3B","RUNDC3B","4c"
3.80776712618891e-11,1.1160877319279,0.786,0.574,2.7530917875771e-06,"GRCh38-BACH1","BACH1","4c"
3.81530227294484e-11,1.03478187167868,0.699,0.499,2.75853984938458e-06,"GRCh38-RBM19","RBM19","4c"
3.86519452305311e-11,-0.648249966144573,0.602,0.844,2.79461294405786e-06,"GRCh38-CMTM3","CMTM3","4c"
3.86869801057776e-11,-0.577983859408199,0.777,0.936,2.79714603560793e-06,"GRCh38-PSMB9","PSMB9","4c"
3.92863241306176e-11,-0.5760679325096,0.398,0.721,2.84047980729191e-06,"GRCh38-CFAP68","CFAP68","4c"
3.96510572694188e-11,0.968513531381013,0.883,0.817,2.86685074269352e-06,"GRCh38-ESYT2","ESYT2","4c"
3.99925725830167e-11,1.28801235358487,0.806,0.685,2.89154298289728e-06,"GRCh38-MET","MET","4c"
4.02412640726412e-11,1.06180757259679,0.864,0.833,2.9095238749801e-06,"GRCh38-COL7A1","COL7A1","4c"
4.05063097254458e-11,0.277315875130253,0.126,0.025,2.92868720576918e-06,"GRCh38-LINC01958","LINC01958","4c"
4.05695952870145e-11,1.20641535872538,0.883,0.807,2.93326287844172e-06,"GRCh38-HK1","HK1","4c"
4.09139152902726e-11,0.804579357764964,0.621,0.346,2.95815790331729e-06,"GRCh38-DIPK2A","DIPK2A","4c"
4.09469069141923e-11,0.44479981384356,0.485,0.227,2.96054326370993e-06,"GRCh38-CXCL3","CXCL3","4c"
4.14788304477192e-11,0.355791061343988,0.35,0.125,2.99900239903099e-06,"GRCm39-Anxa2","Anxa2","4c"
4.19232025213887e-11,-0.599733546450485,0.67,0.903,3.03113138870145e-06,"GRCh38-MRPS15","MRPS15","4c"
4.2242147413076e-11,0.306923525518199,0.33,0.115,3.05419174226022e-06,"GRCm39-Gnai2","Gnai2","4c"
4.22448424713546e-11,1.02018336004248,0.786,0.585,3.05438660036388e-06,"GRCh38-UHRF2","UHRF2","4c"
4.22527285342618e-11,1.75852542226754,0.748,0.575,3.0549567784842e-06,"GRCh38-DOCK4","DOCK4","4c"
4.23595011585184e-11,-0.655271076029599,0.786,0.96,3.0626766527632e-06,"GRCh38-PPDPF","PPDPF","4c"
4.23958430312451e-11,1.11948934931621,0.699,0.547,3.06530424284508e-06,"GRCh38-LRP12","LRP12","4c"
4.25618417948747e-11,1.34364682612003,0.67,0.442,3.07730628545303e-06,"GRCh38-SLC9A1","SLC9A1","4c"
4.25712052333224e-11,0.646361402023597,0.748,0.5,3.07798328077968e-06,"GRCh38-TMEM237","TMEM237","4c"
4.27479770852632e-11,0.756659569543731,0.748,0.566,3.0907642392187e-06,"GRCh38-KATNA1","KATNA1","4c"
4.30859700979153e-11,0.79897140636272,0.883,0.791,3.11520181001947e-06,"GRCh38-KIDINS220","KIDINS220","4c"
4.32345272475939e-11,1.11798707942457,0.68,0.477,3.12594278905554e-06,"GRCh38-USP31","USP31","4c"
4.35854140283397e-11,0.549826543513693,0.408,0.181,3.15131260507702e-06,"GRCh38-PCNX3","PCNX3","4c"
4.35896813926182e-11,0.338529992877769,0.379,0.143,3.15162114404908e-06,"GRCm39-Rpl34","Rpl34","4c"
4.40135192782687e-11,1.16772135253996,0.864,0.719,3.18226547085738e-06,"GRCh38-ADIPOR2","ADIPOR2","4c"
4.4236296233228e-11,1.57690596654945,0.874,0.86,3.19837269025485e-06,"GRCh38-FMNL2","FMNL2","4c"
4.43228107695286e-11,-0.685910439214684,0.825,0.969,3.20462786425846e-06,"GRCh38-MYL12A","MYL12A","4c"
4.43656754688072e-11,-0.621668831158636,0.825,0.955,3.2077270677457e-06,"GRCh38-GRN","GRN","4c"
4.50736844787535e-11,0.931093565455651,0.922,0.929,3.25891753518283e-06,"GRCh38-KMT2E","KMT2E","4c"
4.51604849098374e-11,0.802278480911781,0.553,0.291,3.26519337995107e-06,"GRCh38-TTC39B","TTC39B","4c"
4.52165084679817e-11,1.42438527343122,0.845,0.76,3.26924399525201e-06,"GRCh38-MSI2","MSI2","4c"
4.57424587237971e-11,0.718932101639702,0.553,0.305,3.30727125064798e-06,"GRCh38-PAK4","PAK4","4c"
4.62265205694719e-11,0.787914432153816,0.796,0.664,3.34226989021396e-06,"GRCh38-SEL1L","SEL1L","4c"
4.64919518051336e-11,-0.743016705345989,0.748,0.912,3.36146109941477e-06,"GRCh38-FRG1","FRG1","4c"
4.65333343663477e-11,-0.610495506861822,0.68,0.876,3.36445314135567e-06,"GRCh38-HAX1","HAX1","4c"
4.71286393165196e-11,0.696967291313264,0.835,0.693,3.407494879863e-06,"GRCh38-SRRT","SRRT","4c"
4.72747267415039e-11,-0.566979393726403,0.796,0.947,3.41805729286421e-06,"GRCh38-LSM7","LSM7","4c"
4.72786232679992e-11,1.39961889099022,0.883,0.821,3.41833901952288e-06,"GRCh38-IL1RAP","IL1RAP","4c"
4.81672052249798e-11,1.45141303278363,0.913,0.914,3.48258527217649e-06,"GRCh38-MED13L","MED13L","4c"
4.95524746633359e-11,1.25694077281458,0.592,0.323,3.58274302310851e-06,"GRCh38-SOX5","SOX5","4c"
5.07918121238525e-11,-0.560111034235782,0.311,0.634,3.67234960017879e-06,"GRCh38-CALCOCO1","CALCOCO1","4c"
5.08960294884419e-11,-0.587991167091232,0.874,0.969,3.67988472407332e-06,"GRCh38-ARPC3","ARPC3","4c"
5.15398959116205e-11,0.42199133589274,0.32,0.112,3.72643755420199e-06,"GRCm39-Alcam","Alcam","4c"
5.27760873326564e-11,0.750795609770915,0.243,0.076,3.81581666632573e-06,"GRCh38-RFX8","RFX8","4c"
5.29777675784516e-11,1.10154290502113,0.864,0.879,3.83039855145721e-06,"GRCh38-FNIP1","FNIP1","4c"
5.33856061579526e-11,0.960488833892817,0.913,0.905,3.85988609643229e-06,"GRCh38-CD109","CD109","4c"
5.35480473766391e-11,-0.676764814032304,0.835,0.955,3.87163092142576e-06,"GRCh38-IMPDH2","IMPDH2","4c"
5.36121335160065e-11,-0.496200637308071,0.835,0.965,3.8762644774743e-06,"GRCh38-VDAC2","VDAC2","4c"
5.36891826539307e-11,0.83094675703397,0.748,0.513,3.8818352842445e-06,"GRCh38-SLC35E3","SLC35E3","4c"
5.5124649264907e-11,0.573393154161874,0.369,0.148,3.98562239115131e-06,"GRCh38-MIR155HG","MIR155HG","4c"
5.53753754592204e-11,0.790702630099553,0.689,0.488,4.00375039645255e-06,"GRCh38-TM7SF3","TM7SF3","4c"
5.57516275970714e-11,0.276358545937269,0.155,0.036,4.03095417852345e-06,"GRCh38-HSPA1L","HSPA1L","4c"
5.63907976878837e-11,1.32060771787699,0.417,0.19,4.07716745442937e-06,"GRCh38-ENSG00000288755","ENSG00000288755","4c"
5.65228758403742e-11,1.06075691953803,0.689,0.485,4.08671696901074e-06,"GRCh38-TMEM164","TMEM164","4c"
5.66974237465125e-11,-0.633606961939007,0.534,0.812,4.09933713172035e-06,"GRCh38-MTLN","MTLN","4c"
5.67999973980912e-11,-0.549098781184953,0.835,0.963,4.10675341187679e-06,"GRCh38-LY6E","LY6E","4c"
5.75718676432698e-11,-0.704787176134108,0.534,0.819,4.1625611743437e-06,"GRCh38-MRPL24","MRPL24","4c"
5.79372162379856e-11,-0.508393915516501,0.68,0.891,4.18897660843884e-06,"GRCh38-GCSH","GCSH","4c"
5.79891113979657e-11,1.43704799851941,0.922,0.892,4.19272873229571e-06,"GRCh38-APBB2","APBB2","4c"
5.83800827008464e-11,0.989235326061445,0.786,0.636,4.2209967394366e-06,"GRCh38-FBXO34","FBXO34","4c"
5.85618785809651e-11,0.554005464373235,0.359,0.147,4.23414094516094e-06,"GRCh38-HIC2","HIC2","4c"
5.89280565041198e-11,-0.625305958290585,0.66,0.895,4.26061634136087e-06,"GRCh38-GRINA","GRINA","4c"
5.90599287052396e-11,0.923105496211852,0.777,0.563,4.27015096524623e-06,"GRCh38-PLCG2","PLCG2","4c"
5.90734886586885e-11,-0.627855018754543,0.379,0.685,4.2711313770005e-06,"GRCh38-ST6GALNAC4","ST6GALNAC4","4c"
5.96164140284838e-11,1.09841861288561,0.835,0.683,4.31038596708744e-06,"GRCh38-MED27","MED27","4c"
6.08689945094369e-11,0.265911510328812,0.233,0.07,4.40095004102131e-06,"GRCh38-ENSG00000289285","ENSG00000289285","4c"
6.10282281151313e-11,-0.595171470851777,0.117,0.447,4.41246294918022e-06,"GRCh38-ENSG00000228708","ENSG00000228708","4c"
6.13841431126928e-11,1.5858292924545,0.466,0.232,4.43819631533391e-06,"GRCh38-KLHL15","KLHL15","4c"
6.20838322910898e-11,0.589879317435199,0.427,0.188,4.48878524231037e-06,"GRCh38-ENSG00000183308","ENSG00000183308","4c"
6.26550746862731e-11,-0.509697770348046,0.728,0.948,4.53008720996691e-06,"GRCh38-TOMM6","TOMM6","4c"
6.28306378912314e-11,0.906326379564656,0.883,0.802,4.54278078081181e-06,"GRCh38-SUN1","SUN1","4c"
6.30745574535974e-11,0.300307517756483,0.155,0.036,4.56041665301e-06,"GRCh38-FOXP1-IT1","FOXP1-IT1","4c"
6.34568645183395e-11,1.3424660678136,0.748,0.54,4.58805821840498e-06,"GRCh38-GALNT10","GALNT10","4c"
6.37543791866323e-11,0.645477872947647,0.718,0.469,4.60956912395189e-06,"GRCh38-FAS","FAS","4c"
6.42287673761723e-11,1.04948845168448,0.777,0.669,4.64386833883201e-06,"GRCh38-ENSG00000290523","ENSG00000290523","4c"
6.50076493898667e-11,0.816622874697782,0.631,0.384,4.70018306618614e-06,"GRCh38-MIR29B2CHG","MIR29B2CHG","4c"
6.53134951720904e-11,0.279748087863124,0.262,0.083,4.72229632793248e-06,"GRCh38-KRT6A","KRT6A","4c"
6.57747973707153e-11,0.293591602570046,0.32,0.112,4.75564939949746e-06,"GRCm39-Hba-a1","Hba-a1","4c"
6.58192254437694e-11,0.676611124597231,0.709,0.454,4.75886163803542e-06,"GRCh38-SLC37A3","SLC37A3","4c"
6.61869204648677e-11,0.67879744369733,0.534,0.296,4.78544672345086e-06,"GRCh38-FBXL19","FBXL19","4c"
6.64925009614787e-11,1.05307532806518,0.903,0.82,4.80754080451683e-06,"GRCh38-LRRFIP2","LRRFIP2","4c"
6.75158659322254e-11,-0.604156540449059,0.689,0.904,4.88153213863176e-06,"GRCh38-YIPF3","YIPF3","4c"
6.79384438210575e-11,0.685004723748344,0.427,0.193,4.9120853651501e-06,"GRCh38-TMEM104","TMEM104","4c"
6.84738289202164e-11,-0.620012751878487,0.835,0.938,4.95079477858949e-06,"GRCh38-DPYSL2","DPYSL2","4c"
6.93901765342425e-11,2.197744554947,0.563,0.327,5.0170485437788e-06,"GRCh38-HMGA2","HMGA2","4c"
6.94072886540884e-11,0.538840718328245,0.427,0.18,5.0182857842679e-06,"GRCh38-WDR76","WDR76","4c"
6.94527475826117e-11,-0.58415440439523,0.65,0.865,5.02157255571799e-06,"GRCh38-DHPS","DHPS","4c"
6.96800535796277e-11,0.320967406001305,0.233,0.068,5.03800723391424e-06,"GRCh38-ENSG00000255491","ENSG00000255491","4c"
7.18721881198194e-11,0.777568161712613,0.728,0.521,5.19650294543918e-06,"GRCh38-INTS1","INTS1","4c"
7.23690023067582e-11,0.540829719561333,0.505,0.261,5.23242360478324e-06,"GRCh38-RAB11FIP5","RAB11FIP5","4c"
7.24521536658895e-11,0.987760201611398,0.602,0.37,5.23843561435114e-06,"GRCh38-BMAL1","BMAL1","4c"
7.27600623607665e-11,1.10955095085686,0.922,0.887,5.26069802880814e-06,"GRCh38-PTBP2","PTBP2","4c"
7.28705403379413e-11,0.497021151692205,0.194,0.052,5.26868580751383e-06,"GRCh38-ENSG00000289540","ENSG00000289540","4c"
7.44466980121028e-11,0.745611554814228,0.485,0.236,5.38264515967106e-06,"GRCh38-CCDC88C","CCDC88C","4c"
7.46216528695548e-11,0.520957585067448,0.165,0.04,5.39529474577455e-06,"GRCh38-ENSG00000251598","ENSG00000251598","4c"
7.49401045376902e-11,0.702488734502118,0.786,0.59,5.41831943828408e-06,"GRCh38-DNAJC9","DNAJC9","4c"
7.58634139803678e-11,0.824490957814947,0.68,0.467,5.48507655760855e-06,"GRCh38-AP1B1","AP1B1","4c"
7.62308408265e-11,1.2307109834791,0.883,0.776,5.5116422534376e-06,"GRCh38-MDN1","MDN1","4c"
7.65982805522774e-11,-0.564334447562358,0.524,0.789,5.53820888049076e-06,"GRCh38-SURF1","SURF1","4c"
7.68449881115236e-11,0.616000834054066,0.592,0.335,5.55604633043938e-06,"GRCh38-OTUD6B","OTUD6B","4c"
7.70898990892203e-11,0.710196385941277,0.67,0.424,5.57375388394881e-06,"GRCh38-TMEM39A","TMEM39A","4c"
7.74380149849422e-11,0.846938820738018,0.34,0.135,5.59892335944129e-06,"GRCh38-LINC01605","LINC01605","4c"
7.7478890592921e-11,1.46573060091694,0.942,0.948,5.60187874764938e-06,"GRCh38-MACF1","MACF1","4c"
7.77353163412114e-11,0.533497213676766,0.272,0.093,5.62041884210227e-06,"GRCh38-MLIP","MLIP","4c"
7.7895530308576e-11,1.07703809168533,0.835,0.728,5.63200263237066e-06,"GRCh38-FRS2","FRS2","4c"
7.95294840641844e-11,0.376749089506242,0.408,0.162,5.75014075680866e-06,"GRCm39-Mt1","Mt1","4c"
8.01886853717793e-11,-0.571723335529554,0.495,0.79,5.79780232975039e-06,"GRCh38-ZNHIT3","ZNHIT3","4c"
8.05965904586058e-11,0.406020517453967,0.194,0.053,5.82729468333811e-06,"GRCh38-SDK2","SDK2","4c"
8.06227583893452e-11,1.00005889564354,0.893,0.87,5.82918667706644e-06,"GRCh38-KAT6A","KAT6A","4c"
8.14063372251188e-11,1.14847245767725,0.951,0.909,5.88584099405054e-06,"GRCh38-AP3B1","AP3B1","4c"
8.17745957085679e-11,1.14373430942854,0.854,0.777,5.91246681892087e-06,"GRCh38-USP24","USP24","4c"
8.26870139598836e-11,1.00778891205646,0.874,0.857,5.97843648332751e-06,"GRCh38-SMG1","SMG1","4c"
8.28145515933194e-11,0.51202146526655,0.369,0.153,5.98765770930018e-06,"GRCh38-FIGNL1","FIGNL1","4c"
8.28519684084692e-11,-0.627541991111811,0.078,0.387,5.99036301986914e-06,"GRCh38-BMF","BMF","4c"
8.35145811833525e-11,0.655044883841465,0.379,0.159,6.03827124871875e-06,"GRCh38-ENSG00000247925","ENSG00000247925","4c"
8.38335398780504e-11,0.764723218065043,0.485,0.243,6.0613326002628e-06,"GRCh38-GASK1B","GASK1B","4c"
8.39358528449083e-11,1.04005976631686,0.922,0.875,6.06873003239256e-06,"GRCh38-CUL3","CUL3","4c"
8.43990205541667e-11,-0.925639525483968,0.126,0.447,6.10221798410736e-06,"GRCh38-SOD3","SOD3","4c"
8.51228683534572e-11,1.08863288598783,0.796,0.659,6.15455362769166e-06,"GRCh38-MARK2","MARK2","4c"
8.57344899878505e-11,0.282123390580994,0.282,0.093,6.19877509510157e-06,"GRCm39-Bcl2l11","Bcl2l11","4c"
8.63368774122627e-11,-0.647443724391018,0.757,0.945,6.24232891066142e-06,"GRCh38-NDUFAB1","NDUFAB1","4c"
8.67556626466051e-11,1.17819032031411,0.942,0.88,6.27260792067484e-06,"GRCh38-PALLD","PALLD","4c"
8.7285394379113e-11,-0.655426629202678,0.816,0.955,6.31090858439862e-06,"GRCh38-COPE","COPE","4c"
8.75393027174502e-11,-0.634001695259284,0.689,0.898,6.32926666507709e-06,"GRCh38-MRPS26","MRPS26","4c"
8.78232194559915e-11,0.974049431254105,0.874,0.771,6.3497944131071e-06,"GRCh38-GPBP1L1","GPBP1L1","4c"
8.89596448932292e-11,0.297891633322706,0.398,0.153,6.43196024507025e-06,"GRCm39-Cd52","Cd52","4c"
8.9432873753926e-11,0.265421505848324,0.214,0.061,6.46617563815636e-06,"GRCh38-ENSG00000276672","ENSG00000276672","4c"
8.9850956666092e-11,0.645766580807142,0.534,0.277,6.49640386887179e-06,"GRCh38-AARS2","AARS2","4c"
9.0765675888168e-11,-0.714156904698766,0.786,0.946,6.56253989806632e-06,"GRCh38-PSMB3","PSMB3","4c"
9.10240474724307e-11,0.851204008463528,0.544,0.283,6.58122068035169e-06,"GRCh38-ENSG00000278390","ENSG00000278390","4c"
9.16994283707188e-11,-0.60708224810687,0.233,0.551,6.63005207005971e-06,"GRCh38-RINL","RINL","4c"
9.21235250086112e-11,-0.525951346141635,0.544,0.866,6.66071510517261e-06,"GRCh38-SUPT4H1","SUPT4H1","4c"
9.25323650491071e-11,0.404744837516698,0.175,0.044,6.69027505778054e-06,"GRCh38-ENSG00000291144","ENSG00000291144","4c"
9.25504321856964e-11,0.989033776438613,0.777,0.644,6.69158134789022e-06,"GRCh38-MCU","MCU","4c"
9.26492269880367e-11,-0.53178898925529,0.806,0.958,6.69872440968903e-06,"GRCh38-APEX1","APEX1","4c"
9.3088721681216e-11,0.877871367810716,0.961,0.934,6.73050075499528e-06,"GRCh38-IQGAP1","IQGAP1","4c"
9.31486008379488e-11,0.82106131701015,0.757,0.624,6.73483013778537e-06,"GRCh38-CPSF7","CPSF7","4c"
9.36597956340962e-11,1.63267789170086,0.922,0.872,6.77179054393642e-06,"GRCh38-PTPRK","PTPRK","4c"
9.45154518955119e-11,-0.697616126175967,0.728,0.924,6.8336562029493e-06,"GRCh38-NIFK","NIFK","4c"
9.50512067790727e-11,1.4286772416909,0.825,0.76,6.87239235254051e-06,"GRCh38-ITPR2","ITPR2","4c"
9.50981642638532e-11,1.24752982378879,0.922,0.833,6.87578747260511e-06,"GRCh38-PCNX1","PCNX1","4c"
9.57901318301715e-11,0.365175489402885,0.359,0.136,6.92581811158506e-06,"GRCm39-Psap","Psap","4c"
9.61209368289392e-11,0.908419046668954,0.689,0.492,6.94973597460596e-06,"GRCh38-SRCAP","SRCAP","4c"
9.74694273710439e-11,-0.633068935995999,0.757,0.938,7.04723453778121e-06,"GRCh38-RPL22L1","RPL22L1","4c"
9.82924855890515e-11,-0.644088448601743,0.417,0.706,7.10674329305961e-06,"GRCh38-SH3BP2","SH3BP2","4c"
1.00230803826204e-10,-0.616310292809738,0.223,0.546,7.24688757824223e-06,"GRCh38-MHENCR","MHENCR","4c"
1.00790834658115e-10,1.05579416322776,0.126,0.026,7.28737892745101e-06,"GRCh38-ENSG00000289873","ENSG00000289873","4c"
1.01382262026266e-10,1.75695760452578,0.874,0.787,7.33014030902308e-06,"GRCh38-MYO10","MYO10","4c"
1.0161972010521e-10,-0.533633147993232,0.592,0.833,7.3473090030469e-06,"GRCh38-COA8","COA8","4c"
1.01659999616728e-10,1.30135137421038,0.845,0.758,7.35022129228864e-06,"GRCh38-DCBLD2","DCBLD2","4c"
1.0324754872953e-10,1.21152038463542,0.893,0.86,7.46500426824246e-06,"GRCh38-MBNL2","MBNL2","4c"
1.03524080747242e-10,1.22106713168958,0.951,0.965,7.48499808618706e-06,"GRCh38-MBNL1","MBNL1","4c"
1.03885797690294e-10,0.993291751219447,0.874,0.765,7.51115094460362e-06,"GRCh38-MSH3","MSH3","4c"
1.05249419362899e-10,1.11408660565949,0.35,0.139,7.60974351877636e-06,"GRCh38-LINC00536","LINC00536","4c"
1.05938852446169e-10,0.56593097265461,0.427,0.196,7.65959090956292e-06,"GRCh38-SCRIB","SCRIB","4c"
1.06231528690039e-10,0.299047914105301,0.282,0.094,7.68075198734723e-06,"GRCm39-Plac8","Plac8","4c"
1.07434161547324e-10,0.329060243901352,0.35,0.131,7.76770474819461e-06,"GRCm39-Rpl14","Rpl14","4c"
1.08737124084874e-10,1.04120207309968,0.903,0.879,7.86191154558455e-06,"GRCh38-UBA6","UBA6","4c"
1.09902210595821e-10,-0.827893678049316,0.825,0.947,7.94614963049905e-06,"GRCh38-NQO1","NQO1","4c"
1.10168190296321e-10,-0.491740077822257,0.485,0.82,7.96538049480461e-06,"GRCh38-PSENEN","PSENEN","4c"
1.11331966569553e-10,-0.577560767863259,0.408,0.7,8.04952384691182e-06,"GRCh38-CCNDBP1","CCNDBP1","4c"
1.12011014046543e-10,0.853952054232847,0.602,0.349,8.09862033759315e-06,"GRCh38-CCNYL1","CCNYL1","4c"
1.12052446083523e-10,1.03568195674012,0.913,0.826,8.10161595673088e-06,"GRCh38-ARID2","ARID2","4c"
1.1211761584805e-10,-0.599146124535262,0.184,0.508,8.10632786104574e-06,"GRCh38-FUOM","FUOM","4c"
1.12381345624425e-10,1.15071018425139,0.942,0.948,8.12539605133716e-06,"GRCh38-SND1","SND1","4c"
1.12827064454669e-10,1.23298018363475,0.903,0.818,8.15762241420145e-06,"GRCh38-SPATS2L","SPATS2L","4c"
1.13040546415873e-10,1.15834713136431,0.942,0.932,8.17305758696046e-06,"GRCh38-MYO1B","MYO1B","4c"
1.13774717975376e-10,0.369964385616743,0.369,0.141,8.22613965905564e-06,"GRCm39-S100a11","S100a11","4c"
1.16866246832395e-10,-0.529036554574605,0.68,0.902,8.44966337847581e-06,"GRCh38-MRPL43","MRPL43","4c"
1.18512246557178e-10,0.272818975939355,0.223,0.067,8.56867245057705e-06,"GRCh38-SPON1-AS1","SPON1-AS1","4c"
1.1906188432037e-10,0.826611800237218,0.291,0.103,8.60841236013137e-06,"GRCh38-ABCA13","ABCA13","4c"
1.20750559285683e-10,0.697140771741267,0.903,0.715,8.73050693747348e-06,"GRCh38-PPP3CB","PPP3CB","4c"
1.22264307253628e-10,0.373110203288208,0.272,0.09,8.83995394305178e-06,"GRCm39-Fndc3b","Fndc3b","4c"
1.23964982406383e-10,-0.592143892585349,0.408,0.697,8.96291615794633e-06,"GRCh38-P4HTM","P4HTM","4c"
1.2416120576696e-10,0.521452231355414,0.272,0.092,8.97710349936273e-06,"GRCh38-ENSG00000254511","ENSG00000254511","4c"
1.2461226247601e-10,0.674400930173582,0.573,0.31,9.00971580154045e-06,"GRCh38-ENSG00000254604","ENSG00000254604","4c"
1.2504318913863e-10,-0.63401230761975,0.718,0.897,9.04087266110124e-06,"GRCh38-BAD","BAD","4c"
1.25511064078769e-10,1.0791910963272,0.825,0.736,9.07470095502313e-06,"GRCh38-TMEM30A","TMEM30A","4c"
1.27450606486201e-10,0.416018405334646,0.32,0.122,9.21493375016533e-06,"GRCh38-ALG10","ALG10","4c"
1.27785817349141e-10,0.935757332823427,0.748,0.622,9.23917016597763e-06,"GRCh38-BTBD1","BTBD1","4c"
1.28607881907628e-10,0.820550417277775,0.913,0.862,9.29860707768531e-06,"GRCh38-PRPF8","PRPF8","4c"
1.30467302402856e-10,0.631530601094642,0.524,0.283,9.43304689833127e-06,"GRCh38-ZKSCAN5","ZKSCAN5","4c"
1.30897597482377e-10,0.939441714632796,0.505,0.272,9.46415809317085e-06,"GRCh38-CHST15","CHST15","4c"
1.31188130952071e-10,-0.624927371991463,0.563,0.846,9.48516424409666e-06,"GRCh38-PQBP1","PQBP1","4c"
1.31210550951834e-10,0.401912599717132,0.252,0.081,9.48678525491947e-06,"GRCh38-GPR137C","GPR137C","4c"
1.31675100639273e-10,0.955290504824109,0.621,0.426,9.52037312642072e-06,"GRCh38-TAP2","TAP2","4c"
1.31963024683899e-10,1.1604612475209,0.922,0.886,9.5411906106953e-06,"GRCh38-ATP2B1","ATP2B1","4c"
1.33669692033452e-10,0.321863821374255,0.301,0.107,9.66458607340263e-06,"GRCh38-ENSG00000286010","ENSG00000286010","4c"
1.33816590305305e-10,-0.725669532567028,0.777,0.93,9.67520711225417e-06,"GRCh38-NDUFS8","NDUFS8","4c"
1.36723896988235e-10,1.49854016890722,0.883,0.818,9.88541120004336e-06,"GRCh38-DDX10","DDX10","4c"
1.36908753480836e-10,0.826801062799735,0.932,0.817,9.8987766941714e-06,"GRCh38-SAFB","SAFB","4c"
1.37108800622067e-10,1.02282723239406,0.845,0.727,9.91324050257665e-06,"GRCh38-RNF38","RNF38","4c"
1.37267072080559e-10,1.20408894469017,0.922,0.876,9.9246838455686e-06,"GRCh38-SMC1A","SMC1A","4c"
1.39313044981246e-10,1.48761136016316,0.641,0.422,1.00726117782341e-05,"GRCh38-LINC01287","LINC01287","4c"
1.39694300943421e-10,1.04896842946978,0.874,0.764,1.01001773468113e-05,"GRCh38-CDK8","CDK8","4c"
1.40551319973681e-10,1.32706143484098,0.825,0.823,1.01621415367371e-05,"GRCh38-GALNT2","GALNT2","4c"
1.40961391418963e-10,0.895390084071001,0.748,0.553,1.01917905223738e-05,"GRCh38-DPY19L4","DPY19L4","4c"
1.41816831743202e-10,0.845160849369946,0.66,0.455,1.0253640568697e-05,"GRCh38-PARP12","PARP12","4c"
1.42391499473449e-10,0.915057959424489,0.243,0.076,1.02951901949293e-05,"GRCh38-CADM2","CADM2","4c"
1.42860488286197e-10,0.756235749643629,0.456,0.224,1.03290990240686e-05,"GRCh38-LRRC8B","LRRC8B","4c"
1.46135116141821e-10,1.41970108355458,0.981,0.96,1.05658611672859e-05,"GRCh38-EXT1","EXT1","4c"
1.46313835840108e-10,0.600320597492487,0.262,0.087,1.05787829589115e-05,"GRCh38-ZNF93","ZNF93","4c"
1.467284705854e-10,0.859539076443832,0.951,0.935,1.06087618802656e-05,"GRCh38-SPAG9","SPAG9","4c"
1.47449652029531e-10,-0.520873017549509,0.524,0.808,1.06609047410391e-05,"GRCh38-DNASE2","DNASE2","4c"
1.49857818337598e-10,0.304382490326315,0.272,0.091,1.0835019981445e-05,"GRCh38-PPP1CB-DT","PPP1CB-DT","4c"
1.53390052556054e-10,0.813490963883057,0.738,0.564,1.10904075799078e-05,"GRCh38-SDC4","SDC4","4c"
1.53417509751969e-10,1.10678650103299,0.932,0.88,1.10923927900869e-05,"GRCh38-UBE3C","UBE3C","4c"
1.54659936803988e-10,0.389148508182307,0.359,0.137,1.1182222750802e-05,"GRCm39-Ppia","Ppia","4c"
1.54903556299556e-10,0.303551129396659,0.311,0.111,1.11998369275705e-05,"GRCm39-Coro1a","Coro1a","4c"
1.55076997755209e-10,-0.595934775010485,0.757,0.937,1.12123770916971e-05,"GRCh38-MRPL12","MRPL12","4c"
1.58724922073608e-10,0.314658646021344,0.214,0.062,1.1476129315766e-05,"GRCm39-Fnip1","Fnip1","4c"
1.59062759281125e-10,1.17836513962321,0.728,0.543,1.15005556215439e-05,"GRCh38-DOP1A","DOP1A","4c"
1.61415077276983e-10,0.947663048973046,0.689,0.516,1.16706329172804e-05,"GRCh38-SPICE1","SPICE1","4c"
1.61518055835212e-10,0.459056462801406,0.194,0.054,1.16780784729975e-05,"GRCh38-ENSG00000286543","ENSG00000286543","4c"
1.62649559386192e-10,0.383540569060788,0.359,0.141,1.17598884427405e-05,"GRCh38-C4orf46","C4orf46","4c"
1.62927577104159e-10,1.18688499800681,0.738,0.525,1.17799896797849e-05,"GRCh38-PHLPP1","PHLPP1","4c"
1.63688927067362e-10,0.99081951591005,0.922,0.868,1.18350368048244e-05,"GRCh38-DHX9","DHX9","4c"
1.67053111324748e-10,1.2310088873367,0.806,0.668,1.20782740550019e-05,"GRCh38-FAM168A","FAM168A","4c"
1.67260952897739e-10,0.88071813672923,0.602,0.353,1.20933014164123e-05,"GRCh38-LIN52","LIN52","4c"
1.69179143838041e-10,1.01163969402199,0.417,0.187,1.22319904577781e-05,"GRCh38-GRIA3","GRIA3","4c"
1.69451465334712e-10,1.00101719643499,0.874,0.816,1.22516798466303e-05,"GRCh38-ANO6","ANO6","4c"
1.69453715328483e-10,-0.724395820264031,0.184,0.522,1.22518425256799e-05,"GRCh38-ELFN1-AS1","ELFN1-AS1","4c"
1.70227580555675e-10,-0.64025550753454,0.757,0.946,1.23077945293364e-05,"GRCh38-ATOX1","ATOX1","4c"
1.70356046403492e-10,0.909224084904128,0.942,0.837,1.23170828670653e-05,"GRCh38-RNF145","RNF145","4c"
1.70873575109307e-10,0.977147839525272,0.786,0.635,1.23545012275531e-05,"GRCh38-DNAJC5","DNAJC5","4c"
1.71644931236494e-10,0.498210907182443,0.311,0.116,1.2410271818261e-05,"GRCh38-ST6GALNAC2","ST6GALNAC2","4c"
1.72620945251688e-10,1.18102384374805,0.961,0.916,1.24808395835875e-05,"GRCh38-CMSS1","CMSS1","4c"
1.72936783279518e-10,-0.666481597168946,0.534,0.808,1.25036753046757e-05,"GRCh38-DHRS7","DHRS7","4c"
1.73996196085428e-10,0.664611516668708,0.485,0.239,1.25802729693686e-05,"GRCh38-MCM5","MCM5","4c"
1.74349282604997e-10,0.558405940358237,0.243,0.076,1.26058018309065e-05,"GRCh38-ABCA12","ABCA12","4c"
1.75106186945966e-10,1.3126404076798,0.942,0.887,1.26605275285672e-05,"GRCh38-VPS13B","VPS13B","4c"
1.76004285309385e-10,0.540654891331216,0.252,0.082,1.27254618364391e-05,"GRCh38-H2BC11","H2BC11","4c"
1.80063790299115e-10,1.07684108377402,0.883,0.805,1.30189721662066e-05,"GRCh38-LINC01194","LINC01194","4c"
1.80420775577699e-10,0.89122630847939,0.757,0.641,1.30447829158188e-05,"GRCh38-ERLIN1","ERLIN1","4c"
1.82859089402765e-10,-0.607387487588596,0.641,0.867,1.32210778819987e-05,"GRCh38-NDUFB3","NDUFB3","4c"
1.82866875933526e-10,0.339841955285031,0.33,0.121,1.32216408637458e-05,"GRCm39-Lgals1","Lgals1","4c"
1.83815745009703e-10,0.388217316617745,0.369,0.144,1.32902459956915e-05,"GRCm39-Rps4x","Rps4x","4c"
1.83967601088084e-10,1.08149046070624,0.718,0.543,1.33012254938707e-05,"GRCh38-TSPAN9","TSPAN9","4c"
1.84496876298282e-10,0.554218642064463,0.641,0.377,1.33394931501184e-05,"GRCh38-ARL5B","ARL5B","4c"
1.85944362185187e-10,0.337814409020782,0.359,0.136,1.34441492747134e-05,"GRCm39-Picalm","Picalm","4c"
1.86353552761019e-10,0.879260423508956,0.641,0.414,1.34737345717272e-05,"GRCh38-MEGF9","MEGF9","4c"
1.86851397771938e-10,0.308928462124521,0.146,0.033,1.35097297617067e-05,"GRCh38-GUCY1A2","GUCY1A2","4c"
1.86921438812205e-10,0.49064671104729,0.165,0.041,1.35147938690001e-05,"GRCh38-ENSG00000267284","ENSG00000267284","4c"
1.86979158978392e-10,0.31608286786689,0.272,0.09,1.35189671524557e-05,"GRCm39-Mbnl2","Mbnl2","4c"
1.87574012632483e-10,0.713283061338304,0.311,0.116,1.35619762613538e-05,"GRCh38-KCNQ3","KCNQ3","4c"
1.88203737655044e-10,1.1702711317342,0.883,0.874,1.3607506639935e-05,"GRCh38-COP1","COP1","4c"
1.89120894813549e-10,0.912595781559982,0.748,0.573,1.36738189368092e-05,"GRCh38-PCF11","PCF11","4c"
1.89685260419454e-10,0.971706262030074,0.806,0.698,1.37146236988474e-05,"GRCh38-RNF168","RNF168","4c"
1.90036624791692e-10,0.434024009108541,0.262,0.086,1.37400280456889e-05,"GRCh38-IRX5","IRX5","4c"
1.90080804452393e-10,0.815795657069898,0.728,0.507,1.37432223235169e-05,"GRCh38-C2CD5","C2CD5","4c"
1.91758282364959e-10,-0.611178968779512,0.883,0.973,1.38645073315513e-05,"GRCh38-EID1","EID1","4c"
1.92544827027275e-10,0.711827667313723,0.825,0.657,1.39213760837261e-05,"GRCh38-COX20","COX20","4c"
1.97218168903095e-10,-0.597564164579071,0.602,0.875,1.42592680480316e-05,"GRCh38-DCXR","DCXR","4c"
1.97452171605724e-10,0.819748781794011,0.874,0.723,1.4276186911437e-05,"GRCh38-TARDBP","TARDBP","4c"
1.97578855140239e-10,0.811308470770965,0.534,0.316,1.42853463843496e-05,"GRCh38-SLC30A1","SLC30A1","4c"
1.98377223103967e-10,0.998221289153201,0.825,0.735,1.4343069984863e-05,"GRCh38-HEATR1","HEATR1","4c"
2.00775659608679e-10,0.689996957806458,0.505,0.252,1.45164817410267e-05,"GRCh38-PRDM15","PRDM15","4c"
2.03797216944363e-10,0.646466470718426,0.476,0.243,1.47349463795113e-05,"GRCh38-ZNF738","ZNF738","4c"
2.03965585002624e-10,0.805233134634204,0.922,0.894,1.47471197268597e-05,"GRCh38-PTPN12","PTPN12","4c"
2.05358744175736e-10,0.855407631454655,0.854,0.696,1.48478479213941e-05,"GRCh38-DIP2A","DIP2A","4c"
2.05909845958905e-10,0.868680025369925,0.845,0.682,1.48876936825208e-05,"GRCh38-NSUN6","NSUN6","4c"
2.10303556930315e-10,0.860489507579217,0.728,0.528,1.52053677731757e-05,"GRCh38-PPM1B","PPM1B","4c"
2.1310886480794e-10,0.842846440977423,0.699,0.477,1.54081971433437e-05,"GRCh38-DGCR2","DGCR2","4c"
2.19090931148302e-10,1.13931839535637,0.777,0.613,1.58407125038845e-05,"GRCh38-MIR181A1HG","MIR181A1HG","4c"
2.21681636321612e-10,0.938944373963821,0.612,0.379,1.60280256693252e-05,"GRCh38-CDC14A","CDC14A","4c"
2.2225924440521e-10,1.02071512726599,0.864,0.798,1.60697878889855e-05,"GRCh38-EP300","EP300","4c"
2.22328194307886e-10,0.259230559543979,0.311,0.109,1.60747731048488e-05,"GRCm39-Rab7","Rab7","4c"
2.27358418838259e-10,-0.61804298892651,0.573,0.843,1.64384683988438e-05,"GRCh38-TSEN34","TSEN34","4c"
2.28500344092554e-10,1.26432472246361,0.845,0.685,1.65210318785798e-05,"GRCh38-MRTFA","MRTFA","4c"
2.31364442512177e-10,-0.630108588483417,0.602,0.886,1.67281119225154e-05,"GRCh38-MRPL13","MRPL13","4c"
2.35991656192862e-10,0.408009965353225,0.33,0.122,1.70626687260563e-05,"GRCm39-Cfl1","Cfl1","4c"
2.36572957034032e-10,0.940800506943213,0.864,0.696,1.71046979394746e-05,"GRCh38-MGME1","MGME1","4c"
2.36777453835763e-10,0.933454881554863,0.534,0.288,1.71194834672333e-05,"GRCh38-PTGER4","PTGER4","4c"
2.37115572931931e-10,-0.543861615838418,0.602,0.859,1.71439301541244e-05,"GRCh38-PIGP","PIGP","4c"
2.37182727276718e-10,0.791115445336687,0.777,0.568,1.71487855475613e-05,"GRCh38-OTUD7B","OTUD7B","4c"
2.39633908036544e-10,1.18682224400033,0.883,0.786,1.73260108188582e-05,"GRCh38-DROSHA","DROSHA","4c"
2.39850516179911e-10,0.97949402612327,0.602,0.386,1.73416720208399e-05,"GRCh38-TMEM154","TMEM154","4c"
2.44193774590717e-10,0.591549501807954,0.184,0.05,1.7655698290458e-05,"GRCh38-KCNJ15","KCNJ15","4c"
2.45262427224007e-10,-0.620850429954811,0.65,0.877,1.77329640131501e-05,"GRCh38-SNHG3","SNHG3","4c"
2.46085523817778e-10,-0.641262151451343,0.68,0.882,1.7792475543073e-05,"GRCh38-NDUFS7","NDUFS7","4c"
2.46742490064878e-10,-0.509983470454587,0.146,0.471,1.78399755166708e-05,"GRCh38-TMEM150A","TMEM150A","4c"
2.46775914537416e-10,0.864318304819194,0.748,0.526,1.78423921728843e-05,"GRCh38-PLEKHA1","PLEKHA1","4c"
2.469129102471e-10,0.253588273153221,0.272,0.091,1.78522972366858e-05,"GRCm39-Ms4a6d","Ms4a6d","4c"
2.48878158827831e-10,0.734625919927384,0.311,0.116,1.79943886395699e-05,"GRCh38-GDAP1","GDAP1","4c"
2.5126605183111e-10,0.379420402886151,0.592,0.321,1.81670380794929e-05,"GRCh38-CXCL8","CXCL8","4c"
2.52915800584041e-10,0.871959216831765,0.874,0.777,1.82863182138274e-05,"GRCh38-VGLL4","VGLL4","4c"
2.53370613674507e-10,-0.468293987054392,0.291,0.604,1.83192021098942e-05,"GRCh38-JDP2","JDP2","4c"
2.54947316106505e-10,1.0477548539931,0.806,0.625,1.84332008491325e-05,"GRCh38-CEP83","CEP83","4c"
2.58208179243044e-10,0.976159509708745,0.689,0.465,1.86689677756306e-05,"GRCh38-SRGAP2C","SRGAP2C","4c"
2.59298667559919e-10,0.296356887918801,0.311,0.109,1.87478122619173e-05,"GRCm39-mt-Cytb","mt-Cytb","4c"
2.60371241776796e-10,1.22581198772768,0.854,0.877,1.88253615229459e-05,"GRCh38-TCF7L2","TCF7L2","4c"
2.61072167822396e-10,0.449633837762383,0.204,0.06,1.88760398778949e-05,"GRCh38-ENSG00000287691","ENSG00000287691","4c"
2.61159706856242e-10,0.351281859155813,0.379,0.159,1.888236912512e-05,"GRCh38-H2AC17","H2AC17","4c"
2.62727692813416e-10,0.560344803474276,0.689,0.436,1.89957376457956e-05,"GRCh38-PRMT9","PRMT9","4c"
2.64451945991422e-10,0.290219437874997,0.214,0.062,1.91204045990718e-05,"GRCh38-GAP43","GAP43","4c"
2.72270021932724e-10,0.392595672771862,0.34,0.135,1.96856671257798e-05,"GRCh38-PIGA","PIGA","4c"
2.73772014624689e-10,0.751094297980045,0.709,0.475,1.97942642013943e-05,"GRCh38-AKAP7","AKAP7","4c"
2.74559256885644e-10,-0.586697091778937,0.427,0.712,1.98511833913458e-05,"GRCh38-GMPR2","GMPR2","4c"
2.84649587260943e-10,1.01064892085019,0.816,0.675,2.05807344581407e-05,"GRCh38-ZBTB44","ZBTB44","4c"
2.85232767325517e-10,1.56167217845166,0.864,0.698,2.06228995431696e-05,"GRCh38-MICAL2","MICAL2","4c"
2.86778640547431e-10,1.21243501362405,0.893,0.813,2.07346692688604e-05,"GRCh38-ARHGEF12","ARHGEF12","4c"
2.87121484700614e-10,-0.559254743848964,0.544,0.835,2.07594575868238e-05,"GRCh38-MAF1","MAF1","4c"
2.88747793867662e-10,1.18054908545519,0.951,0.907,2.08770429922197e-05,"GRCh38-USP47","USP47","4c"
2.88863303118489e-10,0.804495085330435,0.689,0.476,2.0885394542073e-05,"GRCh38-ZNF430","ZNF430","4c"
2.90676572984428e-10,0.916028173036544,0.786,0.669,2.10164975799201e-05,"GRCh38-CCNT2","CCNT2","4c"
2.90835443465756e-10,0.53456454890304,0.388,0.171,2.10279842334611e-05,"GRCh38-ENSG00000288880","ENSG00000288880","4c"
2.93322602233491e-10,0.502857333726321,0.34,0.135,2.12078107866858e-05,"GRCh38-GRM7-AS3","GRM7-AS3","4c"
2.98832604088046e-10,1.34339603011628,0.748,0.589,2.16061949407739e-05,"GRCh38-POLA1","POLA1","4c"
3.00866148188146e-10,1.1999913824776,0.874,0.779,2.17532242462993e-05,"GRCh38-GBF1","GBF1","4c"
3.01772277869596e-10,0.734891896551714,0.495,0.265,2.18187392345275e-05,"GRCh38-EPHA2","EPHA2","4c"
3.02309280999173e-10,-0.636538454368505,0.796,0.961,2.18575656348022e-05,"GRCh38-SNRPE","SNRPE","4c"
3.05621542128863e-10,-0.485917650812741,0.757,0.949,2.20970487390011e-05,"GRCh38-MRPL51","MRPL51","4c"
3.07729868129365e-10,1.158275300376,0.738,0.575,2.22494849254893e-05,"GRCh38-SNX25","SNX25","4c"
3.08196578928002e-10,0.414285753469855,0.262,0.09,2.22832290496524e-05,"GRCh38-ZNF726","ZNF726","4c"
3.08307994967397e-10,0.395994582758941,0.126,0.026,2.22912846521327e-05,"GRCh38-INSC","INSC","4c"
3.1027359601652e-10,0.323644421709153,0.214,0.064,2.24334015391864e-05,"GRCh38-DLEU7","DLEU7","4c"
3.16756545014401e-10,0.26782741910858,0.136,0.03,2.29021317176312e-05,"GRCh38-SLC9C2","SLC9C2","4c"
3.17185067656726e-10,0.954922986056422,0.796,0.668,2.29331147617166e-05,"GRCh38-EYA3","EYA3","4c"
3.18490431101587e-10,1.06686160438492,0.534,0.278,2.3027495149507e-05,"GRCh38-BBOX1-AS1","BBOX1-AS1","4c"
3.21552104185871e-10,0.742130851256188,0.709,0.479,2.32488602368469e-05,"GRCh38-PDK1","PDK1","4c"
3.2180695061324e-10,0.713101364840188,0.777,0.569,2.32672861432385e-05,"GRCh38-TSC2","TSC2","4c"
3.21860333586208e-10,0.824537019644191,0.524,0.306,2.327114583895e-05,"GRCh38-TBX18","TBX18","4c"
3.22684370794875e-10,0.335177960601917,0.359,0.138,2.3330725377211e-05,"GRCm39-Rack1","Rack1","4c"
3.26754625339388e-10,0.743970543959357,0.757,0.563,2.36250129212884e-05,"GRCh38-FAM76B","FAM76B","4c"
3.27126042790285e-10,1.06763970191179,0.699,0.533,2.36518671458232e-05,"GRCh38-TBC1D9","TBC1D9","4c"
3.29074362613946e-10,-0.536744944217558,0.456,0.756,2.37927345657135e-05,"GRCh38-BORCS7","BORCS7","4c"
3.354089981147e-10,0.624787002632882,0.243,0.079,2.4250741381689e-05,"GRCh38-TUFT1","TUFT1","4c"
3.35852477930167e-10,1.02289521374657,0.757,0.511,2.42828058593069e-05,"GRCh38-ADD3","ADD3","4c"
3.38536651940932e-10,0.651670915144969,0.544,0.288,2.44768770086333e-05,"GRCh38-ENSG00000291224","ENSG00000291224","4c"
3.48323620037886e-10,0.908936822560438,0.495,0.255,2.51844943759792e-05,"GRCh38-DLG2","DLG2","4c"
3.48413687736605e-10,0.379511545437016,0.33,0.124,2.5191006450732e-05,"GRCm39-Arpc3","Arpc3","4c"
3.49190547971622e-10,0.287314619803826,0.272,0.092,2.52471749994442e-05,"GRCm39-Klf6","Klf6","4c"
3.4957228924112e-10,1.08196687623551,0.932,0.904,2.52747756567114e-05,"GRCh38-NCOA3","NCOA3","4c"
3.53249144047212e-10,1.44203204073375,0.699,0.542,2.55406196129015e-05,"GRCh38-SPSB1","SPSB1","4c"
3.62683374320637e-10,0.850826031456987,0.67,0.482,2.62227333301307e-05,"GRCh38-SPOPL","SPOPL","4c"
3.68733843924661e-10,0.759978803675609,0.757,0.568,2.66601943834408e-05,"GRCh38-CASP3","CASP3","4c"
3.72224815520227e-10,0.645618373523892,0.35,0.141,2.69125986117434e-05,"GRCh38-ENSG00000287158","ENSG00000287158","4c"
3.72706033392218e-10,-0.48629892054433,0.689,0.915,2.69473916263242e-05,"GRCh38-GSTK1","GSTK1","4c"
3.73049095323939e-10,1.80050399219234,0.835,0.776,2.69721956901114e-05,"GRCh38-LINC01572","LINC01572","4c"
3.75320975417326e-10,1.02724835127232,0.913,0.866,2.71364571646235e-05,"GRCh38-SPEN","SPEN","4c"
3.80224944047281e-10,0.881541324651608,0.738,0.557,2.74910239045065e-05,"GRCh38-INTS7","INTS7","4c"
3.85073842429823e-10,1.62639343965343,0.757,0.645,2.7841608955361e-05,"GRCh38-SLC20A1","SLC20A1","4c"
3.8514734357997e-10,0.286610171905453,0.262,0.087,2.7846923235519e-05,"GRCm39-H2az1","H2az1","4c"
3.86930538192169e-10,0.349607607696886,0.233,0.072,2.79758517723702e-05,"GRCm39-Diaph1","Diaph1","4c"
3.87623502378853e-10,-0.539497217664718,0.738,0.9,2.80259544689958e-05,"GRCh38-NUB1","NUB1","4c"
3.90443591370104e-10,0.618401691333647,0.709,0.493,2.82298525432412e-05,"GRCh38-SLC2A1","SLC2A1","4c"
3.9304563959125e-10,0.574025664954373,0.408,0.184,2.84179858337266e-05,"GRCh38-FBXO39","FBXO39","4c"
3.94440615869774e-10,-0.586693462818488,0.786,0.95,2.85188454086164e-05,"GRCh38-ADH5","ADH5","4c"
3.95574298292324e-10,1.35826164061213,0.951,0.904,2.86008129151316e-05,"GRCh38-PDE4D","PDE4D","4c"
3.95846119113366e-10,0.630470479614196,0.515,0.286,2.86204661041346e-05,"GRCh38-PPP2R3B","PPP2R3B","4c"
4.01742552144041e-10,0.327306001189724,0.33,0.122,2.90467900051185e-05,"GRCm39-Hbb-bs","Hbb-bs","4c"
4.04195702509032e-10,0.259705354812064,0.602,0.302,2.9224157682808e-05,"GRCh38-PGF","PGF","4c"
4.0440058709052e-10,0.256387795541266,0.243,0.077,2.92389712478188e-05,"GRCm39-Srsf5","Srsf5","4c"
4.0534044489588e-10,1.36217094241634,0.476,0.259,2.93069248468619e-05,"GRCh38-PLXNA2","PLXNA2","4c"
4.07202340325919e-10,0.558637120618203,0.272,0.095,2.94415436102446e-05,"GRCh38-CX3CL1","CX3CL1","4c"
4.08408974387759e-10,-0.606273677218558,0.913,0.973,2.95287856661837e-05,"GRCh38-PSMB1","PSMB1","4c"
4.14572606941775e-10,0.973481233702673,0.767,0.644,2.99744286271042e-05,"GRCh38-NR2C2","NR2C2","4c"
4.1693253864194e-10,0.932510087175648,0.806,0.648,3.01450564088895e-05,"GRCh38-TYW1","TYW1","4c"
4.21443669751893e-10,-0.544894319899253,0.738,0.893,3.04712202104014e-05,"GRCh38-CCNB1IP1","CCNB1IP1","4c"
4.2352729649786e-10,1.07421340024545,0.602,0.389,3.06218705913883e-05,"GRCh38-TEX2","TEX2","4c"
4.2575596422265e-10,0.919882670673017,0.602,0.374,3.07830077252261e-05,"GRCh38-MAP2K3","MAP2K3","4c"
4.28296373040192e-10,1.35615119860748,0.66,0.456,3.09666843635519e-05,"GRCh38-ELMO1","ELMO1","4c"
4.30252304110617e-10,-0.464049513652437,0.845,0.94,3.11081020918058e-05,"GRCh38-MAP2K2","MAP2K2","4c"
4.34020428574255e-10,0.772252737811292,0.748,0.579,3.13805450267758e-05,"GRCh38-SLC25A32","SLC25A32","4c"
4.42673968867915e-10,1.00537722759917,0.922,0.83,3.2006213297088e-05,"GRCh38-AGFG1","AGFG1","4c"
4.43517540286845e-10,0.251681876982153,0.165,0.042,3.20672051978195e-05,"GRCh38-ENSG00000248968","ENSG00000248968","4c"
4.49380494154582e-10,0.674123869848899,0.806,0.568,3.24911084883646e-05,"GRCh38-PPIP5K2","PPIP5K2","4c"
4.52609537259234e-10,0.903296494475468,0.689,0.496,3.27245747629171e-05,"GRCh38-KCNH5","KCNH5","4c"
4.53198911638072e-10,-0.551405142914842,0.408,0.712,3.27671877092559e-05,"GRCh38-LSM10","LSM10","4c"
4.53624774253081e-10,-0.883324264173384,0.757,0.909,3.27979784280462e-05,"GRCh38-EIF4EBP1","EIF4EBP1","4c"
4.54422154733314e-10,0.348944126297169,0.34,0.129,3.28556306315281e-05,"GRCm39-Rps28","Rps28","4c"
4.54968935401082e-10,-0.514108016470068,0.311,0.634,3.2895163967369e-05,"GRCh38-MEIS3","MEIS3","4c"
4.55311898995368e-10,-0.315099193977453,0.359,0.675,3.29199609211631e-05,"GRCh38-H2AC25","H2AC25","4c"
4.5809937566806e-10,0.84255184773124,0.738,0.523,3.31215010595521e-05,"GRCh38-VPS50","VPS50","4c"
4.59873116643957e-10,0.509452891545301,0.223,0.07,3.32497460795914e-05,"GRCh38-GASK1B-AS1","GASK1B-AS1","4c"
4.6502036825819e-10,0.767074168586248,0.544,0.302,3.36219026658036e-05,"GRCh38-ZNF587B","ZNF587B","4c"
4.68365360786442e-10,0.725110832999205,0.35,0.14,3.38637523155814e-05,"GRCh38-DNER","DNER","4c"
4.73566644050293e-10,0.370582629097267,0.282,0.101,3.42398154981243e-05,"GRCm39-Slc38a2","Slc38a2","4c"
4.79676107178401e-10,-0.60224516368878,0.553,0.804,3.46815419012127e-05,"GRCh38-BCKDK","BCKDK","4c"
4.82439974414741e-10,0.725146424868466,0.621,0.384,3.48813750301346e-05,"GRCh38-ANKUB1","ANKUB1","4c"
4.84201100811589e-10,0.79907087770464,0.757,0.564,3.50087079908795e-05,"GRCh38-KMT2D","KMT2D","4c"
4.87528927374796e-10,0.947962878346006,0.922,0.863,3.52493165070525e-05,"GRCh38-MARCHF7","MARCHF7","4c"
4.92150726593963e-10,0.266152123145439,0.165,0.042,3.55834818341967e-05,"GRCm39-Nufip2","Nufip2","4c"
4.96605310622942e-10,1.03538196048053,0.845,0.738,3.590555716866e-05,"GRCh38-UBAP1","UBAP1","4c"
4.97705192376353e-10,0.317925117692321,0.369,0.143,3.59850808191951e-05,"GRCm39-Litaf","Litaf","4c"
5.02680114624694e-10,0.885509989417877,0.961,0.966,3.63447776475947e-05,"GRCh38-MT-ND3","MT-ND3","4c"
5.03840841718829e-10,-0.593291622759193,0.835,0.96,3.64287005379547e-05,"GRCh38-PSMA4","PSMA4","4c"
5.06039178524985e-10,1.66569942694081,0.825,0.742,3.65876446857135e-05,"GRCh38-TMTC1","TMTC1","4c"
5.11448637067446e-10,0.605519084297797,0.602,0.357,3.69787593572505e-05,"GRCh38-ZNF782","ZNF782","4c"
5.13781182965571e-10,0.334857446419818,0.282,0.102,3.71474070907767e-05,"GRCh38-ENSG00000289015","ENSG00000289015","4c"
5.20686531769131e-10,1.29248525859585,0.155,0.039,3.76466776199717e-05,"GRCh38-CCBE1","CCBE1","4c"
5.22526311993344e-10,1.07105693048451,0.845,0.815,3.77796974097428e-05,"GRCh38-NUMA1","NUMA1","4c"
5.24148962784114e-10,-0.490139201187046,0.728,0.92,3.7897018307217e-05,"GRCh38-DANCR","DANCR","4c"
5.26409084695985e-10,0.784076578439718,0.816,0.636,3.80604296416891e-05,"GRCh38-SLF2","SLF2","4c"
5.29052561869529e-10,1.46117412514346,0.311,0.124,3.82515583282907e-05,"GRCh38-PCLO","PCLO","4c"
5.30797156345004e-10,0.950533835196202,0.874,0.814,3.83776959980565e-05,"GRCh38-PPP2CA","PPP2CA","4c"
5.3192359116756e-10,0.309251550382969,0.282,0.098,3.84591394885969e-05,"GRCm39-Igfbp6","Igfbp6","4c"
5.42522308620742e-10,0.814988285985499,0.699,0.54,3.92254479578969e-05,"GRCh38-CEP43","CEP43","4c"
5.44611891071966e-10,-0.378194230757032,0.913,0.97,3.93765289482853e-05,"GRCh38-KRT8","KRT8","4c"
5.44647407390811e-10,1.34743152148279,0.932,0.932,3.93790968491704e-05,"GRCh38-GLS","GLS","4c"
5.4740044726718e-10,0.747717687219265,0.68,0.45,3.95781471383117e-05,"GRCh38-MSL2","MSL2","4c"
5.52122574642665e-10,-0.533123181209929,0.66,0.851,3.9919566391814e-05,"GRCh38-MVB12A","MVB12A","4c"
5.52468581928893e-10,0.80804408906946,0.874,0.786,3.99445834106228e-05,"GRCh38-SEC61A1","SEC61A1","4c"
5.54442132643109e-10,0.356133588583627,0.184,0.05,4.00872750743621e-05,"GRCh38-ENSG00000250390","ENSG00000250390","4c"
5.5483267138936e-10,0.907511871941641,0.35,0.146,4.01155118067935e-05,"GRCh38-LRRC8C","LRRC8C","4c"
5.56316907562832e-10,1.20933753929777,0.67,0.485,4.02228250506079e-05,"GRCh38-CERS6","CERS6","4c"
5.57221582302665e-10,0.871282151079168,0.699,0.511,4.02882348436473e-05,"GRCh38-NSF","NSF","4c"
5.60397246356577e-10,0.278420209943051,0.117,0.024,4.05178417060732e-05,"GRCh38-ZNF66","ZNF66","4c"
5.64939055715079e-10,0.736516012132732,0.272,0.093,4.08462236063116e-05,"GRCh38-TCHH","TCHH","4c"
5.68051366619275e-10,1.13327266416932,0.272,0.094,4.10712499093068e-05,"GRCh38-ENSG00000234352","ENSG00000234352","4c"
5.6808806337521e-10,-0.488518009715508,0.437,0.79,4.10739031581544e-05,"GRCh38-MXI1","MXI1","4c"
5.69333424913208e-10,-0.56821355537011,0.806,0.944,4.11639452880747e-05,"GRCh38-NDUFB8","NDUFB8","4c"
5.78922617439887e-10,0.919115210498662,0.883,0.848,4.18572630861387e-05,"GRCh38-PJA2","PJA2","4c"
5.79520616117983e-10,0.740675433710913,0.165,0.043,4.19004995865624e-05,"GRCh38-DCAF8L2","DCAF8L2","4c"
5.80368914124477e-10,0.493026570290152,0.447,0.198,4.19618332290279e-05,"GRCm39-Gapdh","Gapdh","4c"
5.83790979052709e-10,0.792121007970809,0.68,0.465,4.2209255367469e-05,"GRCh38-POC5","POC5","4c"
5.84880498859277e-10,1.12545537579156,0.592,0.35,4.22880298285234e-05,"GRCh38-NXF1","NXF1","4c"
5.87526711039901e-10,0.282997513742331,0.272,0.092,4.24793562616069e-05,"GRCm39-Ybx1","Ybx1","4c"
5.88062109981306e-10,1.59505095677494,0.359,0.155,4.25180666758684e-05,"GRCh38-BRINP3","BRINP3","4c"
5.88600295214702e-10,-0.54492125131486,0.845,0.961,4.25569785446134e-05,"GRCh38-LGALS3BP","LGALS3BP","4c"
5.93481711200226e-10,0.278656963136661,0.117,0.024,4.29099146831987e-05,"GRCh38-ENSG00000287692","ENSG00000287692","4c"
6.00722375405254e-10,-0.574839008716341,0.65,0.877,4.34334291865507e-05,"GRCh38-PNKD","PNKD","4c"
6.01730423001382e-10,0.287555879806501,0.311,0.112,4.35063130438459e-05,"GRCm39-Ccl3","Ccl3","4c"
6.05767543364389e-10,1.04017968218735,0.786,0.649,4.3798204920332e-05,"GRCh38-BTBD10","BTBD10","4c"
6.11493458667595e-10,0.535627343085943,0.34,0.138,4.42122000485845e-05,"GRCh38-SLC7A7","SLC7A7","4c"
6.12260269286457e-10,0.493727791671184,0.223,0.072,4.42676419899494e-05,"GRCh38-ENSG00000289558","ENSG00000289558","4c"
6.18935073976845e-10,0.379332732540418,0.359,0.146,4.47502437186738e-05,"GRCh38-ZNF684","ZNF684","4c"
6.24991165331602e-10,-0.572954404875022,0.621,0.875,4.51881112358055e-05,"GRCh38-VAMP8","VAMP8","4c"
6.25363203837367e-10,1.17034384471106,0.757,0.526,4.52150103638493e-05,"GRCh38-ULK4","ULK4","4c"
6.27480959940929e-10,-0.48127900111388,0.816,0.974,4.5368128365649e-05,"GRCh38-TMA7","TMA7","4c"
6.42272277619611e-10,0.655762338724937,0.728,0.506,4.64375702164531e-05,"GRCh38-PPM1A","PPM1A","4c"
6.43125788772727e-10,1.04526624643078,0.757,0.696,4.64992807798457e-05,"GRCh38-PTGFRN","PTGFRN","4c"
6.44663073358099e-10,1.05198366057284,0.825,0.73,4.66104295299373e-05,"GRCh38-CD58","CD58","4c"
6.45652727715215e-10,0.973262175687974,0.748,0.583,4.66819835192655e-05,"GRCh38-PARG","PARG","4c"
6.47708374686534e-10,0.406795311436969,0.369,0.158,4.68306109065858e-05,"GRCh38-WDR91","WDR91","4c"
6.56783376682858e-10,1.03285371151649,0.951,0.887,4.7486751700924e-05,"GRCh38-NKTR","NKTR","4c"
6.60658242377571e-10,1.68817309873333,0.515,0.303,4.77669122403831e-05,"GRCh38-EPHA4","EPHA4","4c"
6.61949854048777e-10,-0.597069254896606,0.68,0.888,4.78602983474346e-05,"GRCh38-GNPDA1","GNPDA1","4c"
6.66836741800217e-10,0.916253511144312,0.272,0.095,4.82136301056393e-05,"GRCh38-SLC8A1-AS1","SLC8A1-AS1","4c"
6.67061320598718e-10,0.322285298155086,0.291,0.104,4.82298676019285e-05,"GRCm39-Jund","Jund","4c"
6.73624709217437e-10,0.358313615372504,0.223,0.069,4.87044137258391e-05,"GRCh38-SP140","SP140","4c"
6.79535046609035e-10,1.17828080373982,0.524,0.305,4.91317429399264e-05,"GRCh38-LPAR1","LPAR1","4c"
6.83454056856095e-10,0.268727898432647,0.223,0.07,4.94150952188094e-05,"GRCh38-H2BC6","H2BC6","4c"
6.8364055675741e-10,0.810695748135779,0.757,0.593,4.94285795346742e-05,"GRCh38-KAT7","KAT7","4c"
6.86312385001379e-10,0.631315927182476,0.184,0.052,4.96217580603697e-05,"GRCh38-LINC01592","LINC01592","4c"
6.8660879158794e-10,1.19404003471972,0.845,0.708,4.96431888493913e-05,"GRCh38-SMURF2","SMURF2","4c"
6.90339052771925e-10,0.90813358302685,0.883,0.756,4.99128941935157e-05,"GRCh38-NAA25","NAA25","4c"
6.94432519521353e-10,1.15394870031623,0.913,0.868,5.02088600264329e-05,"GRCh38-ATF7IP","ATF7IP","4c"
7.02801299554357e-10,0.868298736393115,0.757,0.6,5.08139395603791e-05,"GRCh38-IP6K1","IP6K1","4c"
7.03039121798213e-10,0.427492277852086,0.252,0.083,5.08311345842544e-05,"GRCm39-Nfkb1","Nfkb1","4c"
7.03407923802625e-10,0.279593546029078,0.272,0.093,5.08577997067774e-05,"GRCm39-Chmp4b","Chmp4b","4c"
7.14752249747879e-10,1.27396675284504,0.854,0.84,5.16780171612711e-05,"GRCh38-PDE7A","PDE7A","4c"
7.15961540115815e-10,1.18398812955015,0.505,0.273,5.17654512734536e-05,"GRCh38-IQCM","IQCM","4c"
7.2662741235224e-10,1.06241333294764,0.34,0.141,5.25366151678916e-05,"GRCh38-EFNB2","EFNB2","4c"
7.29995212145046e-10,0.914668271995372,0.845,0.745,5.27801138285112e-05,"GRCh38-PRR14L","PRR14L","4c"
7.36871914776239e-10,0.843899878375451,0.864,0.783,5.32773131821516e-05,"GRCh38-IPO9","IPO9","4c"
7.40445744881989e-10,0.915333065800313,0.709,0.545,5.35357082464576e-05,"GRCh38-SAMD8","SAMD8","4c"
7.43318570383361e-10,1.00549910707604,0.757,0.659,5.37434192758577e-05,"GRCh38-GPC1","GPC1","4c"
7.50297793860541e-10,-0.561385267064024,0.204,0.505,5.42480310917048e-05,"GRCh38-TNFSF12","TNFSF12","4c"
7.54873186956185e-10,0.932088460425654,0.874,0.806,5.45788411633061e-05,"GRCh38-B4GALT1","B4GALT1","4c"
7.58357963641481e-10,-0.46720618697534,0.553,0.82,5.48307974872063e-05,"GRCh38-BCAT2","BCAT2","4c"
7.60552106972868e-10,0.384622353751751,0.194,0.055,5.49894384383523e-05,"GRCh38-PLB1","PLB1","4c"
7.67581980466081e-10,1.38676429610846,0.699,0.513,5.54977123516586e-05,"GRCh38-SLC7A5","SLC7A5","4c"
7.67972243639675e-10,0.282376716827823,0.301,0.108,5.55259291596358e-05,"GRCm39-Atp6v1g1","Atp6v1g1","4c"
7.68096239361141e-10,0.775792852662702,0.796,0.598,5.55348942982893e-05,"GRCh38-CERS5","CERS5","4c"
7.71788788011313e-10,0.649270285691966,0.563,0.318,5.58018729507939e-05,"GRCh38-RTEL1","RTEL1","4c"
7.73756973045289e-10,0.890269829015646,0.864,0.797,5.59441766651205e-05,"GRCh38-SF3B3","SF3B3","4c"
7.73970069623999e-10,0.987150244542105,0.883,0.811,5.59595839739543e-05,"GRCh38-TRIM33","TRIM33","4c"
7.88690794800041e-10,0.809141686901252,0.835,0.688,5.70239218456326e-05,"GRCh38-MTF2","MTF2","4c"
7.96979138161691e-10,-0.5179521567362,0.621,0.905,5.76231856473666e-05,"GRCh38-TMEM147","TMEM147","4c"
8.00402785933203e-10,0.469589841806066,0.32,0.127,5.78707222285425e-05,"GRCh38-ARID3B","ARID3B","4c"
8.0437358964342e-10,0.276594653808518,0.243,0.079,5.81578192783985e-05,"GRCh38-TEDC2","TEDC2","4c"
8.11643541693853e-10,0.739812410862334,0.311,0.12,5.8683451351549e-05,"GRCh38-LIMASI","LIMASI","4c"
8.12813312918082e-10,0.90799792120628,0.864,0.779,5.87680281506032e-05,"GRCh38-DLG5","DLG5","4c"
8.13564731341296e-10,-0.586562623147044,0.602,0.835,5.88223572054384e-05,"GRCh38-DPY30","DPY30","4c"
8.22472949089375e-10,-0.468765083921043,0.806,0.951,5.946643916506e-05,"GRCh38-OSTC","OSTC","4c"
8.23910585713085e-10,0.739192204807287,0.602,0.364,5.95703831682275e-05,"GRCh38-F2RL1","F2RL1","4c"
8.24451365949812e-10,-0.424809000879174,0.262,0.612,5.96094826609033e-05,"GRCh38-LINC02609","LINC02609","4c"
8.2550110720542e-10,-0.569003768533872,0.825,0.928,5.96853810531662e-05,"GRCh38-POLR2E","POLR2E","4c"
8.35818228359493e-10,0.837076997633882,0.883,0.868,6.04313295468481e-05,"GRCh38-TENT2","TENT2","4c"
8.36219199953037e-10,1.1972692852057,0.34,0.143,6.04603205950045e-05,"GRCh38-NR2F1-AS1","NR2F1-AS1","4c"
8.46858204874228e-10,0.729841400952635,0.718,0.529,6.12295419288164e-05,"GRCh38-MORC2","MORC2","4c"
8.4727869190575e-10,0.840967851913698,0.553,0.325,6.12599439821695e-05,"GRCh38-PLXNB1","PLXNB1","4c"
8.49762132093375e-10,1.06389465887665,0.942,0.94,6.14395016746152e-05,"GRCh38-ERBIN","ERBIN","4c"
8.50062985537607e-10,0.32824601803362,0.136,0.031,6.14612539803401e-05,"GRCh38-BANK1","BANK1","4c"
8.525524035434e-10,-0.593373224533286,0.408,0.712,6.16412438809949e-05,"GRCh38-FLYWCH2","FLYWCH2","4c"
8.65101212445243e-10,1.47832831239611,0.757,0.52,6.2548547862216e-05,"GRCh38-PURPL","PURPL","4c"
8.66440337215311e-10,0.596213200014406,0.621,0.359,6.26453692613414e-05,"GRCh38-PLCB3","PLCB3","4c"
8.67898451646079e-10,-0.513925107083576,0.961,0.982,6.27507938509148e-05,"GRCh38-YBX3","YBX3","4c"
8.72261218364332e-10,0.947844176414997,0.563,0.327,6.3066230610178e-05,"GRCh38-MED26","MED26","4c"
8.95525783783693e-10,0.803797781155542,0.845,0.669,6.47483052191285e-05,"GRCh38-DCBLD1","DCBLD1","4c"
9.14568689589455e-10,0.551080096240997,0.311,0.119,6.61251453946968e-05,"GRCm39-Sparc","Sparc","4c"
9.26771693039525e-10,0.277805203972934,0.311,0.114,6.70074469501437e-05,"GRCm39-Rpl31","Rpl31","4c"
9.28308940048826e-10,1.20894160486254,0.893,0.843,6.71185929834102e-05,"GRCh38-SLC7A11","SLC7A11","4c"
9.45708518256706e-10,0.985419840268635,0.699,0.495,6.83766172869964e-05,"GRCh38-CTPS1","CTPS1","4c"
9.46232836895706e-10,0.266944925342658,0.136,0.031,6.84145265732334e-05,"GRCh38-ENSG00000283538","ENSG00000283538","4c"
9.48548953427408e-10,-0.493026892863969,0.272,0.591,6.85819864307085e-05,"GRCh38-ZNF524","ZNF524","4c"
9.53108627972898e-10,0.492440678882013,0.369,0.162,6.89116600196965e-05,"GRCh38-KIAA0040","KIAA0040","4c"
9.53995330885523e-10,0.435160937493755,0.311,0.119,6.89757704136851e-05,"GRCh38-TONSL","TONSL","4c"
9.64919570147628e-10,2.03420959938486,0.515,0.294,6.97656147608138e-05,"GRCh38-LTBP1","LTBP1","4c"
9.6732957360879e-10,0.855496545088163,0.718,0.466,6.99398628310628e-05,"GRCh38-TPST1","TPST1","4c"
9.67941244173389e-10,0.690248636310013,0.505,0.282,6.99840878362244e-05,"GRCh38-NOTCH2NLA","NOTCH2NLA","4c"
9.68463546936317e-10,-0.540505403361359,0.563,0.826,7.00218513705896e-05,"GRCh38-COMMD7","COMMD7","4c"
9.70135540123599e-10,0.783894174283251,0.146,0.035,7.01427398220165e-05,"GRCh38-CALN1","CALN1","4c"
9.71199270411044e-10,0.436201483995022,0.194,0.057,7.02196496492593e-05,"GRCh38-PPP4R3C","PPP4R3C","4c"
9.71506873583191e-10,0.76713283793602,0.456,0.229,7.02418899738119e-05,"GRCh38-AMPH","AMPH","4c"
9.93523678582666e-10,0.295538331749728,0.35,0.135,7.18337490088839e-05,"GRCm39-Rps25","Rps25","4c"
1.0351656361374e-09,0.29113834895686,0.117,0.024,7.48445458240063e-05,"GRCh38-MYOM3","MYOM3","4c"
1.03626542324901e-09,0.942530674891341,0.738,0.577,7.49240626317497e-05,"GRCh38-GNPTAB","GNPTAB","4c"
1.03708881763104e-09,0.984942306893709,0.718,0.529,7.49835956923596e-05,"GRCh38-PIGK","PIGK","4c"
1.04224661304276e-09,1.80652612537308,0.146,0.036,7.53565146162173e-05,"GRCh38-ENSG00000243620","ENSG00000243620","4c"
1.05467897588742e-09,1.13733334657407,0.748,0.605,7.62553993146122e-05,"GRCh38-E2F3","E2F3","4c"
1.06148303070966e-09,0.983120686833725,0.932,0.909,7.67473460863697e-05,"GRCh38-SETD2","SETD2","4c"
1.06185401522253e-09,0.881482509126109,0.728,0.538,7.67741690086192e-05,"GRCh38-INTS4","INTS4","4c"
1.06410170621118e-09,0.373792476031504,0.359,0.153,7.69366815624808e-05,"GRCh38-H2AC12","H2AC12","4c"
1.068248263918e-09,0.485470503885708,0.33,0.132,7.72364859777991e-05,"GRCh38-BCL10-AS1","BCL10-AS1","4c"
1.07911422171249e-09,0.473559098188824,0.243,0.082,7.80221164582565e-05,"GRCh38-HS3ST1","HS3ST1","4c"
1.08302134391549e-09,0.856866710437071,0.903,0.872,7.8304609207778e-05,"GRCh38-TRA2A","TRA2A","4c"
1.0963591699586e-09,0.738274526748836,0.777,0.606,7.92689607063465e-05,"GRCh38-LNPK","LNPK","4c"
1.10172144299369e-09,0.267502687421828,0.262,0.088,7.96566637713294e-05,"GRCm39-Ifitm6","Ifitm6","4c"
1.10506773163956e-09,0.929082636662983,0.854,0.767,7.98986071330036e-05,"GRCh38-ATP11B","ATP11B","4c"
1.10583264688778e-09,0.866570079012077,0.631,0.428,7.99539120352806e-05,"GRCh38-ENSG00000291175","ENSG00000291175","4c"
1.10944228745421e-09,1.06750072018135,0.874,0.848,8.0214896267514e-05,"GRCh38-MED13","MED13","4c"
1.10950656066602e-09,1.04741318462548,0.883,0.823,8.02195433492747e-05,"GRCh38-NEK7","NEK7","4c"
1.11359571258288e-09,1.2099375210681,0.922,0.847,8.05151972111672e-05,"GRCh38-FAM193A","FAM193A","4c"
1.11442366742745e-09,1.05002490424006,0.864,0.823,8.05750600023392e-05,"GRCh38-INO80","INO80","4c"
1.11671604567433e-09,0.659309721511521,0.631,0.408,8.07408035343456e-05,"GRCh38-PHF19","PHF19","4c"
1.12405372826793e-09,-0.62645818076991,0.66,0.87,8.12713326612278e-05,"GRCh38-PTOV1","PTOV1","4c"
1.13375233007433e-09,0.365116184520766,0.379,0.152,8.1972560969034e-05,"GRCm39-Aldoa","Aldoa","4c"
1.16036330171684e-09,1.10388769660224,0.816,0.757,8.38965874407307e-05,"GRCh38-DSG2","DSG2","4c"
1.16536695967251e-09,0.597401779788266,0.854,0.746,8.42583619182415e-05,"GRCh38-ZC3HAV1","ZC3HAV1","4c"
1.17299013743661e-09,0.783666706422639,0.641,0.397,8.48095329169416e-05,"GRCh38-TAB3","TAB3","4c"
1.17481537850893e-09,0.900543210043256,0.699,0.471,8.49415014969529e-05,"GRCh38-TES","TES","4c"
1.17538096273973e-09,-0.596072712503914,0.816,0.953,8.49823943680078e-05,"GRCh38-TMEM59","TMEM59","4c"
1.17953296557428e-09,0.655378315455445,0.602,0.373,8.52825924769518e-05,"GRCh38-DARS2","DARS2","4c"
1.1852863505182e-09,0.394969553223801,0.34,0.134,8.5698573715167e-05,"GRCm39-Cd63","Cd63","4c"
1.19134322135543e-09,1.08646421854893,0.951,0.892,8.61364975904402e-05,"GRCh38-PDGFC","PDGFC","4c"
1.19813176009816e-09,-0.669500736623637,0.621,0.852,8.66273225186173e-05,"GRCh38-POLR2G","POLR2G","4c"
1.20097952822238e-09,0.907171349293088,0.796,0.641,8.68332218495346e-05,"GRCh38-CCDC82","CCDC82","4c"
1.20162346319104e-09,0.963023734046517,0.621,0.359,8.68797796356384e-05,"GRCh38-FLRT2","FLRT2","4c"
1.20646788404939e-09,-0.57575289626185,0.816,0.95,8.72300409525391e-05,"GRCh38-TAF9","TAF9","4c"
1.20984371056324e-09,0.656039425676452,0.641,0.374,8.74741199611432e-05,"GRCh38-SPRTN","SPRTN","4c"
1.21526542827782e-09,0.829421234339762,0.816,0.668,8.78661209953429e-05,"GRCh38-NADK2","NADK2","4c"
1.21565149084235e-09,0.978939432862127,0.66,0.496,8.78940340908836e-05,"GRCh38-OXNAD1","OXNAD1","4c"
1.22129421137121e-09,1.00845080864272,0.806,0.643,8.83020140705609e-05,"GRCh38-CEP85L","CEP85L","4c"
1.22384886594005e-09,0.64931228691218,0.583,0.342,8.84867207051976e-05,"GRCh38-TATDN2","TATDN2","4c"
1.22449048412411e-09,1.51505154754297,0.825,0.75,8.85331109831416e-05,"GRCh38-ANTXR2","ANTXR2","4c"
1.23726234318595e-09,0.280410610169323,0.233,0.076,8.94565419370305e-05,"GRCh38-ENSG00000243155","ENSG00000243155","4c"
1.24406379794424e-09,0.753807526197884,0.68,0.44,8.99483007189642e-05,"GRCh38-DDB2","DDB2","4c"
1.26008388022621e-09,0.565970704965385,0.417,0.2,9.11065847081151e-05,"GRCh38-CEP131","CEP131","4c"
1.27496489192279e-09,1.20127987225127,0.728,0.588,9.21825116158018e-05,"GRCh38-STK24","STK24","4c"
1.27853908731286e-09,1.28863688922392,0.913,0.895,9.24409330908943e-05,"GRCh38-NUFIP2","NUFIP2","4c"
1.29914546428927e-09,0.795036132064814,0.631,0.417,9.3930815359043e-05,"GRCh38-ZBED4","ZBED4","4c"
1.30307271356404e-09,0.566277679337835,0.398,0.188,9.42147633361076e-05,"GRCh38-SLC37A1","SLC37A1","4c"
1.31146350202735e-09,0.494117303639549,0.243,0.082,9.48214341235813e-05,"GRCh38-SMG1-DT","SMG1-DT","4c"
1.31424954033532e-09,-0.454972055665215,0.777,0.943,9.50228702653243e-05,"GRCh38-VEGFB","VEGFB","4c"
1.32017926948326e-09,0.91493417402366,0.68,0.464,9.5451601542179e-05,"GRCh38-ENTPD1-AS1","ENTPD1-AS1","4c"
1.32101684046601e-09,1.18809666521842,0.786,0.708,9.55121595993735e-05,"GRCh38-RREB1","RREB1","4c"
1.32448978470394e-09,0.893000744489095,0.573,0.35,9.57632604136646e-05,"GRCh38-ITPKC","ITPKC","4c"
1.32519322228608e-09,0.536660839031186,0.301,0.118,9.58141203577282e-05,"GRCh38-DDX19A-DT","DDX19A-DT","4c"
1.33212693787011e-09,-0.485604214889164,0.621,0.93,9.63154418618848e-05,"GRCh38-BNIP3","BNIP3","4c"
1.34134539746499e-09,1.27529729697888,0.932,0.892,9.69819549275136e-05,"GRCh38-YAP1","YAP1","4c"
1.35995339256638e-09,1.18835642872243,0.971,0.944,9.83273501893346e-05,"GRCh38-GNB1","GNB1","4c"
1.36292118757413e-09,0.987619553788631,0.592,0.366,9.85419277039845e-05,"GRCh38-RNF213-AS1","RNF213-AS1","4c"
1.36366830782402e-09,0.884391622945621,0.796,0.667,9.85959459922923e-05,"GRCh38-RNF4","RNF4","4c"
1.36450932977791e-09,0.801666270182455,0.641,0.453,9.86567535616027e-05,"GRCh38-ZNF516","ZNF516","4c"
1.36998653144797e-09,-0.604337401469403,0.602,0.829,9.90527661967508e-05,"GRCh38-PDZD11","PDZD11","4c"
1.391993804002e-09,0.782886975905025,0.951,0.955,0.000100643936016952,"GRCh38-DEK","DEK","4c"
1.40301996990374e-09,0.931471639507241,0.777,0.643,0.00010144114986398,"GRCh38-NUS1","NUS1","4c"
1.40579045462311e-09,0.784673110133764,0.738,0.532,0.00010164146145016,"GRCh38-TCF20","TCF20","4c"
1.40929369685561e-09,1.64470926332562,0.359,0.163,0.000101894752870054,"GRCh38-LINC01036","LINC01036","4c"
1.40977213010932e-09,1.01200629260271,0.942,0.895,0.000101929344551164,"GRCh38-ADNP","ADNP","4c"
1.40983170191395e-09,1.1740829749735,0.874,0.861,0.000101933651711782,"GRCh38-WSB1","WSB1","4c"
1.42100110739224e-09,0.738264735408618,0.903,0.823,0.000102741222066674,"GRCh38-SBNO1","SBNO1","4c"
1.44093362384525e-09,0.740786156158752,0.194,0.057,0.000104182382871259,"GRCh38-ENSG00000283078","ENSG00000283078","4c"
1.45203090807704e-09,1.22020503267546,0.835,0.79,0.000104984738715786,"GRCh38-LCORL","LCORL","4c"
1.45868876111686e-09,0.940375008959055,0.854,0.809,0.000105466114806271,"GRCh38-AGPS","AGPS","4c"
1.46115126841971e-09,1.13240246838582,0.864,0.82,0.000105644159009282,"GRCh38-KDM6A","KDM6A","4c"
1.47342844304265e-09,-0.386063849115017,0.893,0.956,0.000106531823288869,"GRCh38-SEC11A","SEC11A","4c"
1.48406394739292e-09,0.933954526691324,0.854,0.768,0.000107300791524403,"GRCh38-USP7","USP7","4c"
1.48773405528084e-09,0.696246325908608,0.592,0.38,0.000107566147664915,"GRCh38-MLLT1","MLLT1","4c"
1.49220944788601e-09,-0.55080804312408,0.146,0.44,0.000107889727501054,"GRCh38-P3H3","P3H3","4c"
1.50166671026885e-09,-0.659526614595269,0.835,0.957,0.000108573506485858,"GRCh38-GTF3A","GTF3A","4c"
1.51878431207699e-09,-0.509729800421391,0.301,0.602,0.00010981114333179,"GRCh38-MRPL46","MRPL46","4c"
1.53682884684346e-09,1.48232785180767,0.874,0.794,0.000111115799284476,"GRCh38-PTPN13","PTPN13","4c"
1.53699097675028e-09,1.06772271033962,0.68,0.534,0.000111127521600998,"GRCh38-NIPAL3","NIPAL3","4c"
1.56596657340389e-09,0.347667907039695,0.35,0.14,0.000113222515190248,"GRCm39-Wfdc21","Wfdc21","4c"
1.57255403799575e-09,0.66128818951799,0.553,0.342,0.000113698802055169,"GRCh38-LRRC1","LRRC1","4c"
1.5737457834051e-09,0.338327428424175,0.33,0.131,0.000113784967631756,"GRCh38-INPP5E","INPP5E","4c"
1.58212737755247e-09,0.322854567964132,0.301,0.109,0.000114390973651799,"GRCm39-Rap1b","Rap1b","4c"
1.58571329226139e-09,0.316736095316174,0.282,0.104,0.000114650242457083,"GRCh38-ENSG00000268403","ENSG00000268403","4c"
1.59261120485698e-09,-0.501333383272627,0.942,0.978,0.000115148975333569,"GRCh38-PSAP","PSAP","4c"
1.59712050141818e-09,0.429830015899047,0.35,0.146,0.000115475006493537,"GRCh38-TAF5","TAF5","4c"
1.60628170150393e-09,1.1285774396048,0.893,0.814,0.000116137379582137,"GRCh38-MRTFB","MRTFB","4c"
1.61493415134139e-09,0.360891701208096,0.243,0.082,0.000116762969010285,"GRCh38-ZNF625","ZNF625","4c"
1.61897405289041e-09,0.307725594705968,0.359,0.143,0.000117055061972082,"GRCm39-Rplp0","Rplp0","4c"
1.63227753303898e-09,-0.553870506084033,0.262,0.556,0.000118016930193785,"GRCh38-ENSG00000283103","ENSG00000283103","4c"
1.63483759131014e-09,0.624954728615852,0.602,0.363,0.000118202027526906,"GRCh38-ARAP1","ARAP1","4c"
1.63609158196138e-09,0.526086561023027,0.456,0.215,0.000118292693558972,"GRCh38-ENPP1","ENPP1","4c"
1.64553028966142e-09,0.768142660813882,0.66,0.467,0.0001189751310031,"GRCh38-SDHAP1","SDHAP1","4c"
1.67458888576239e-09,0.757713544426609,0.612,0.416,0.000121076125618392,"GRCh38-ZUP1","ZUP1","4c"
1.67809224814426e-09,0.288454078979901,0.194,0.058,0.000121329425725326,"GRCh38-ENSG00000288772","ENSG00000288772","4c"
1.67832039484174e-09,0.330703543601496,0.282,0.101,0.000121345921187847,"GRCm39-Itgam","Itgam","4c"
1.68678612103763e-09,0.487835540938809,0.583,0.33,0.000121958010123263,"GRCh38-DNAJC27","DNAJC27","4c"
1.68943400670637e-09,0.559959993205752,0.165,0.045,0.000122149457552884,"GRCh38-ENSG00000258820","ENSG00000258820","4c"
1.69711766685106e-09,0.970457589239736,0.835,0.759,0.000122705001548665,"GRCh38-DNMT1","DNMT1","4c"
1.70585650416672e-09,0.766229234196381,0.757,0.562,0.000123336836964263,"GRCh38-ENTPD4","ENTPD4","4c"
1.71626704206802e-09,-0.442589525781249,0.796,0.952,0.000124089539675602,"GRCh38-SNHG16","SNHG16","4c"
1.71814636710617e-09,0.839111253144527,0.699,0.517,0.000124225418634511,"GRCh38-BTBD3","BTBD3","4c"
1.71843855421123e-09,0.456833656731165,0.136,0.032,0.00012424654434658,"GRCh38-LINC02462","LINC02462","4c"
1.73145740859633e-09,-0.566705805340587,0.485,0.786,0.000125187833556332,"GRCh38-LACTB","LACTB","4c"
1.73182362383174e-09,-0.524199133397555,0.864,0.97,0.000125214311650282,"GRCh38-CLTA","CLTA","4c"
1.73668952597593e-09,0.555179424349994,0.621,0.384,0.000125566126107112,"GRCh38-VCPIP1","VCPIP1","4c"
1.74921073347187e-09,1.1276788144852,0.738,0.579,0.000126471434451483,"GRCh38-LHFPL2","LHFPL2","4c"
1.7508882036707e-09,1.0286327026676,0.767,0.644,0.000126592718901799,"GRCh38-RAD54L2","RAD54L2","4c"
1.76342270582738e-09,0.878955463674182,0.816,0.629,0.000127498988476731,"GRCh38-ZNF431","ZNF431","4c"
1.76521052750307e-09,0.346471045366249,0.233,0.074,0.000127628251559527,"GRCh38-SLC10A6","SLC10A6","4c"
1.76703821726635e-09,0.656841263453496,0.621,0.408,0.000127760397184791,"GRCh38-SGPL1","SGPL1","4c"
1.77524195283827e-09,-0.53780820553142,0.544,0.809,0.000128353543674112,"GRCh38-CERCAM","CERCAM","4c"
1.77758500946795e-09,1.16701374779315,0.738,0.61,0.000128522951354552,"GRCh38-FSTL1","FSTL1","4c"
1.78551721323187e-09,1.01517648526812,0.631,0.392,0.00012909646555109,"GRCh38-RASSF3","RASSF3","4c"
1.79077041218032e-09,1.11810881908307,0.942,0.886,0.000129476282341462,"GRCh38-CELF1","CELF1","4c"
1.80238761202353e-09,1.1870616872886,0.883,0.819,0.000130316229124525,"GRCh38-PLPP1","PLPP1","4c"
1.8176442387815e-09,-0.492389477962335,0.369,0.656,0.00013141931375238,"GRCh38-UBL7","UBL7","4c"
1.82077674523118e-09,0.828293161722272,0.874,0.799,0.000131645800233705,"GRCh38-TOP2B","TOP2B","4c"
1.82297248600862e-09,1.04311058996693,0.767,0.593,0.000131804556683395,"GRCh38-INPP4B","INPP4B","4c"
1.83732215988507e-09,0.732975835215215,0.718,0.499,0.00013284206680401,"GRCh38-CHERP","CHERP","4c"
1.85590618665756e-09,-0.439579318028844,0.175,0.5,0.000134185729107715,"GRCh38-ENSG00000280241","ENSG00000280241","4c"
1.86235226876593e-09,0.691738398892797,0.748,0.552,0.000134651793736314,"GRCh38-ADPGK","ADPGK","4c"
1.87089154291907e-09,-0.5782330248535,0.476,0.773,0.000135269200336135,"GRCh38-MTX1","MTX1","4c"
1.87314636769749e-09,0.824723650041602,0.767,0.563,0.000135432228677264,"GRCh38-HAUS6","HAUS6","4c"
1.87438640787926e-09,0.815835041622032,0.757,0.653,0.000135521886062487,"GRCh38-TM9SF2","TM9SF2","4c"
1.88190907262854e-09,0.355857899667463,0.32,0.127,0.000136065789769188,"GRCh38-SLC15A3","SLC15A3","4c"
1.88398962048281e-09,1.02712171445301,0.796,0.67,0.000136216217540148,"GRCh38-MAPKAPK2","MAPKAPK2","4c"
1.89341890274032e-09,0.620884175198335,0.67,0.451,0.000136897973505931,"GRCh38-SEC24C","SEC24C","4c"
1.89679233970892e-09,-0.634722538005399,0.272,0.547,0.000137141879745634,"GRCh38-PLAAT3","PLAAT3","4c"
1.89832431662731e-09,1.08194116000095,0.835,0.751,0.000137252644740788,"GRCh38-ZNF618","ZNF618","4c"
1.9225763199794e-09,0.611609463873768,0.67,0.443,0.000139006113087151,"GRCh38-SUFU","SUFU","4c"
1.92919286120593e-09,0.870004910176903,0.456,0.244,0.000139484502250911,"GRCh38-CORO2A","CORO2A","4c"
1.93509051827258e-09,1.03385754273227,0.893,0.859,0.000139910914652144,"GRCh38-TAOK1","TAOK1","4c"
1.93899190059607e-09,0.33115563825473,0.214,0.066,0.000140192992396897,"GRCh38-HMCN1","HMCN1","4c"
1.94227002271525e-09,0.359052064814795,0.184,0.053,0.000140430007182358,"GRCh38-ENSG00000267299","ENSG00000267299","4c"
1.96571613772407e-09,1.19942291810608,0.893,0.843,0.000142125208189726,"GRCh38-FLNB","FLNB","4c"
1.96678044523459e-09,0.284634806711296,0.767,0.526,0.000142202159751351,"GRCh38-AKR1C2","AKR1C2","4c"
1.96693759332894e-09,0.818536181192267,0.796,0.718,0.000142213521872869,"GRCh38-ASB3","ASB3","4c"
2.00716012111154e-09,-1.03546957530513,0.592,0.795,0.000145121691076606,"GRCh38-TDO2","TDO2","4c"
2.01123335461123e-09,-0.489308666160504,0.553,0.801,0.000145416194005101,"GRCh38-NOL3","NOL3","4c"
2.03226473629816e-09,-0.721199979645726,0.301,0.598,0.00014693680496383,"GRCh38-FGD4","FGD4","4c"
2.06646070758855e-09,1.53886971261942,0.932,0.896,0.000149409242080068,"GRCh38-CDH12","CDH12","4c"
2.08961063058666e-09,1.00743824508701,0.65,0.47,0.000151083027812677,"GRCh38-AFG1L","AFG1L","4c"
2.09317379528988e-09,-0.552262516423148,0.757,0.92,0.000151340651747049,"GRCh38-PLD3","PLD3","4c"
2.10873738852666e-09,0.500691902109198,0.34,0.143,0.000152465930665255,"GRCh38-CARD10","CARD10","4c"
2.11798253474925e-09,0.453976407679513,0.175,0.049,0.00015313437322744,"GRCh38-DRAIC","DRAIC","4c"
2.14748862290118e-09,0.295793369344436,0.165,0.044,0.000155267722413001,"GRCh38-SULF1","SULF1","4c"
2.16928696896632e-09,1.29166885258592,0.573,0.347,0.000156843786430203,"GRCh38-SLC12A6","SLC12A6","4c"
2.17390032713874e-09,0.475019135134679,0.194,0.058,0.000157177341452785,"GRCh38-H2BC18","H2BC18","4c"
2.18933721099879e-09,0.823038588560747,0.942,0.91,0.000158293459029634,"GRCh38-BAZ1B","BAZ1B","4c"
2.19611885420145e-09,1.00664147035763,0.942,0.899,0.000158783785396473,"GRCh38-CAMSAP2","CAMSAP2","4c"
2.21691896965211e-09,0.721976440447625,0.631,0.427,0.000160287675343787,"GRCh38-GPAT4","GPAT4","4c"
2.23503573476034e-09,0.819967952327078,0.893,0.886,0.000161597553694642,"GRCh38-CD164","CD164","4c"
2.24162142976397e-09,0.739242284868241,0.699,0.477,0.000162073712614794,"GRCh38-MTERF1","MTERF1","4c"
2.27942595027282e-09,-0.541215765924046,0.65,0.852,0.000164807055056626,"GRCh38-PDHB","PDHB","4c"
2.2807887796871e-09,0.48305760211194,0.34,0.144,0.000164905590348937,"GRCh38-ENSG00000235978","ENSG00000235978","4c"
2.28590105849129e-09,1.62141523513331,0.67,0.464,0.000165275218331037,"GRCh38-ENSG00000286133","ENSG00000286133","4c"
2.29161246118457e-09,0.691738876859614,0.485,0.259,0.000165688164168567,"GRCh38-ANO3","ANO3","4c"
2.3059102199328e-09,1.03239309950013,0.748,0.629,0.000166721920721581,"GRCh38-EMSY","EMSY","4c"
2.30823616995045e-09,0.641922051726397,0.621,0.381,0.000166890091559757,"GRCh38-BRI3BP","BRI3BP","4c"
2.30997703171026e-09,0.314849795376022,0.35,0.139,0.000167015959346715,"GRCm39-Rpl23a","Rpl23a","4c"
2.3193340225629e-09,0.268080520330673,0.117,0.025,0.000167692488499343,"GRCh38-ENSG00000290498","ENSG00000290498","4c"
2.32563128056754e-09,0.951346972620594,0.621,0.389,0.000168147792847594,"GRCh38-HK2","HK2","4c"
2.33489830731471e-09,-0.541429018243236,0.34,0.67,0.000168817817415468,"GRCh38-DNAJC12","DNAJC12","4c"
2.34809514636566e-09,0.877839027511674,0.767,0.656,0.00016977197527253,"GRCh38-OSTM1","OSTM1","4c"
2.35958872017488e-09,-0.605298440151881,0.262,0.584,0.000170602983646084,"GRCh38-BBC3","BBC3","4c"
2.37496362333017e-09,-0.483438387608442,0.534,0.82,0.000171714619894018,"GRCh38-ARL14EP","ARL14EP","4c"
2.38802831269658e-09,0.822174882411133,0.544,0.316,0.000172659223064588,"GRCh38-ATAD3B","ATAD3B","4c"
2.40506044979853e-09,-0.664538105277257,0,0.262,0.000173890680641333,"GRCh38-WNT6","WNT6","4c"
2.40632598439171e-09,0.724676780585807,0.398,0.187,0.00017398218132349,"GRCh38-CASC11","CASC11","4c"
2.40663112320735e-09,0.418947597894861,0.252,0.089,0.000174004243470138,"GRCh38-ENSG00000248388","ENSG00000248388","4c"
2.4156119131751e-09,0.803923394087396,0.641,0.397,0.000174653572546386,"GRCh38-JADE3","JADE3","4c"
2.42013054705494e-09,0.363929994718039,0.301,0.113,0.000174980278813166,"GRCm39-Arhgdib","Arhgdib","4c"
2.43291217353895e-09,1.39359858193439,0.748,0.64,0.000175904415971213,"GRCh38-EPAS1","EPAS1","4c"
2.43667956722698e-09,0.746524180075147,0.825,0.645,0.000176176806069645,"GRCh38-ABCD3","ABCD3","4c"
2.44896176263557e-09,0.252518656987702,0.262,0.09,0.000177064833362077,"GRCm39-Ostf1","Ostf1","4c"
2.47765934557768e-09,0.73619323351055,0.854,0.78,0.000179139726003958,"GRCh38-RBM28","RBM28","4c"
2.47982834977563e-09,0.924991527458847,0.854,0.786,0.000179296549345478,"GRCh38-DICER1","DICER1","4c"
2.48560953096879e-09,-0.499737783173033,0.592,0.855,0.000179714540308105,"GRCh38-ISCU","ISCU","4c"
2.48845626703394e-09,0.618444902420275,0.602,0.399,0.000179920365019088,"GRCh38-ZNF266","ZNF266","4c"
2.4901692876828e-09,0.514303922231229,0.252,0.087,0.000180044219838042,"GRCm39-Runx1","Runx1","4c"
2.49691695557853e-09,0.866372930519991,0.786,0.66,0.000180532089722239,"GRCh38-LSG1","LSG1","4c"
2.49698485861585e-09,-0.490158072815084,0.816,0.968,0.000180536999247643,"GRCh38-SSR2","SSR2","4c"
2.51404905207187e-09,1.02526095186924,0.718,0.528,0.0001817707745629,"GRCh38-CDC42EP4","CDC42EP4","4c"
2.52304011132985e-09,-0.602096107950636,0.641,0.87,0.000182420846129371,"GRCh38-CIB1","CIB1","4c"
2.52314046932857e-09,1.49902018054432,0.155,0.041,0.000182428102213394,"GRCh38-ASTL","ASTL","4c"
2.52784890445357e-09,0.965359807010225,0.864,0.831,0.000182768531489802,"GRCh38-YWHAG","YWHAG","4c"
2.53974133042563e-09,1.1898791647857,0.816,0.68,0.000183628377672434,"GRCh38-ARL15","ARL15","4c"
2.55802294780915e-09,-0.571037076599477,0.583,0.782,0.000184950175172497,"GRCh38-TWF2","TWF2","4c"
2.57704452815858e-09,0.352002635951889,0.379,0.159,0.000186325473474921,"GRCm39-Rps11","Rps11","4c"
2.58593601351408e-09,1.2784238471398,0.592,0.362,0.000186968345649095,"GRCh38-TNFAIP3","TNFAIP3","4c"
2.62330625736099e-09,-0.408646978862031,0.689,0.896,0.000189670289019714,"GRCh38-BID","BID","4c"
2.62712990998347e-09,1.23416786732615,0.282,0.108,0.000189946746751624,"GRCh38-SEMA4A","SEMA4A","4c"
2.66356496552543e-09,-0.468830937874584,0.806,0.934,0.000192581074137419,"GRCh38-RAD23A","RAD23A","4c"
2.6680241247909e-09,0.284178050396569,0.136,0.033,0.000192903480270632,"GRCh38-ZNF724","ZNF724","4c"
2.68764449974293e-09,0.53238657521884,0.583,0.351,0.000194322072620413,"GRCh38-SP2","SP2","4c"
2.7029740322986e-09,-0.525892826095812,0.709,0.901,0.000195430428483253,"GRCh38-BUD31","BUD31","4c"
2.70914105566414e-09,0.312243432555236,0.282,0.102,0.000195876316606628,"GRCm39-Ncf4","Ncf4","4c"
2.73705739323362e-09,-0.462889640455049,0.068,0.354,0.000197894723645577,"GRCh38-NEIL1","NEIL1","4c"
2.74969913291591e-09,1.29280368085329,0.883,0.818,0.000198808746708086,"GRCh38-ITGA2","ITGA2","4c"
2.74997799776475e-09,0.973238785463922,0.903,0.839,0.000198828909194387,"GRCh38-MON2","MON2","4c"
2.75799141842746e-09,0.874923808371312,0.816,0.741,0.000199408295535142,"GRCh38-ASXL2","ASXL2","4c"
2.77467252904911e-09,-0.472666241265605,0.893,0.975,0.000200614373195309,"GRCh38-ATP5MG","ATP5MG","4c"
2.77694835923714e-09,-0.454398466082756,0.728,0.925,0.000200778920269563,"GRCh38-SSU72","SSU72","4c"
2.80679027972758e-09,0.912722068423199,0.709,0.575,0.000202936550804864,"GRCh38-RIC8B","RIC8B","4c"
2.81257802870075e-09,0.381496781484368,0.262,0.093,0.000203355016631122,"GRCm39-Gda","Gda","4c"
2.82284460254075e-09,-0.574138603742068,0.252,0.537,0.000204097310452901,"GRCh38-EVA1B","EVA1B","4c"
2.82683871775237e-09,0.780897663662137,0.796,0.613,0.000204386092970932,"GRCh38-FOXN2","FOXN2","4c"
2.82986526429708e-09,0.321200681209352,0.243,0.083,0.000204604918339208,"GRCh38-ARHGEF37","ARHGEF37","4c"
2.86083231777658e-09,1.00111148261975,0.757,0.6,0.000206843898239883,"GRCh38-HDAC4","HDAC4","4c"
2.86395391958714e-09,1.13162813333573,0.942,0.924,0.000207069596293989,"GRCh38-DLG1","DLG1","4c"
2.88123867355219e-09,0.282907555178788,0.233,0.078,0.00020831931857517,"GRCh38-ENSG00000272328","ENSG00000272328","4c"
2.88767945854916e-09,0.583285246593934,0.476,0.252,0.000208785000212021,"GRCh38-ABCB6","ABCB6","4c"
2.88969262559557e-09,-0.46153285841954,0.621,0.909,0.000208930556215811,"GRCh38-SAP18","SAP18","4c"
2.91720478302694e-09,-0.451078220696164,0.845,0.949,0.000210919740222414,"GRCh38-EIF3D","EIF3D","4c"
2.92244592784188e-09,0.79834641752521,0.709,0.508,0.000211298685474824,"GRCh38-COX10","COX10","4c"
2.94776348793154e-09,0.595375443852917,0.68,0.488,0.000213129195704426,"GRCh38-EPM2AIP1","EPM2AIP1","4c"
2.99015641232815e-09,-0.539476140806883,0.748,0.894,0.00021619428892415,"GRCh38-GAS6","GAS6","4c"
2.99943529525438e-09,0.688020197981672,0.495,0.274,0.000216865170717482,"GRCh38-SEMA3F","SEMA3F","4c"
3.00079918991844e-09,0.874172481236574,0.835,0.739,0.000216963783029483,"GRCh38-ABI1","ABI1","4c"
3.00656379194448e-09,0.468536339397018,0.301,0.113,0.00021738057528517,"GRCm39-Spag9","Spag9","4c"
3.03219590913084e-09,0.982536998072022,0.398,0.184,0.000219233828621978,"GRCh38-COL17A1","COL17A1","4c"
3.03308730701756e-09,-0.515690842269397,0.718,0.912,0.000219298278471984,"GRCh38-RAB32","RAB32","4c"
3.03945841442149e-09,-0.401301486835046,0.476,0.752,0.000219758922279503,"GRCh38-SCO2","SCO2","4c"
3.07287683716245e-09,0.866067831070926,0.816,0.651,0.00022217514108052,"GRCh38-MCM3AP","MCM3AP","4c"
3.0834523866168e-09,1.07076243904869,0.33,0.141,0.000222939774457168,"GRCh38-LINC01182","LINC01182","4c"
3.11141146194652e-09,1.03244780737158,0.738,0.542,0.000224961271521657,"GRCh38-ST3GAL1","ST3GAL1","4c"
3.1177430920362e-09,1.16885663251111,0.951,0.956,0.000225419061040401,"GRCh38-QKI","QKI","4c"
3.11832781201644e-09,-0.757631390681569,0.893,0.974,0.000225461337464412,"GRCh38-AKR1B1","AKR1B1","4c"
3.12942290129234e-09,1.833714294333,0.233,0.082,0.000226263534609239,"GRCh38-MIR31HG","MIR31HG","4c"
3.13626100847398e-09,0.87253256198909,0.631,0.401,0.000226757943434685,"GRCh38-USP54","USP54","4c"
3.137474384444e-09,0.349788910683054,0.35,0.139,0.00022684567294407,"GRCm39-Dusp1","Dusp1","4c"
3.13916149925875e-09,1.01322504963762,0.816,0.754,0.000226967654719406,"GRCh38-USP22","USP22","4c"
3.13995588528363e-09,0.592661220684391,0.32,0.128,0.000227025090417777,"GRCh38-MAOA","MAOA","4c"
3.15759764915983e-09,-0.528509941012176,0.913,0.982,0.000228300625229554,"GRCh38-HLA-B","HLA-B","4c"
3.18003114144041e-09,0.671095498833736,0.485,0.25,0.000229922611588424,"GRCh38-AKT3","AKT3","4c"
3.19451896355589e-09,1.04813789046368,0.592,0.374,0.000230970110103018,"GRCh38-ABHD3","ABHD3","4c"
3.21907097975495e-09,-0.495807703821662,0.447,0.71,0.000232745269978243,"GRCh38-MRPL10","MRPL10","4c"
3.23098569511502e-09,-0.532395578925461,0.262,0.556,0.000233606727728206,"GRCh38-MARCHF9","MARCHF9","4c"
3.23605778629926e-09,0.482816109349415,0.175,0.05,0.000233973450065009,"GRCh38-LINC02901","LINC02901","4c"
3.26563673222076e-09,0.287927482962868,0.204,0.062,0.000236112067013026,"GRCh38-H3C7","H3C7","4c"
3.29962233602926e-09,0.744950563370034,0.243,0.084,0.000238569294139588,"GRCh38-ENSG00000251388","ENSG00000251388","4c"
3.30552936202066e-09,0.706003046855742,0.816,0.742,0.000238996383932818,"GRCh38-ETNK1","ETNK1","4c"
3.30668988256575e-09,0.778344737488653,0.67,0.473,0.000239080291889269,"GRCh38-LRIG2","LRIG2","4c"
3.3276892887487e-09,0.924630193609451,0.913,0.778,0.000240598590955109,"GRCh38-ANKLE2","ANKLE2","4c"
3.34982804591495e-09,0.886370815641974,0.777,0.645,0.000242199267375743,"GRCh38-XPO7","XPO7","4c"
3.35206357862148e-09,0.849426943909666,0.495,0.281,0.000242360900861491,"GRCh38-NEO1","NEO1","4c"
3.36501933531402e-09,0.548724519330371,0.427,0.207,0.000243297627981874,"GRCh38-ZBTB37","ZBTB37","4c"
3.37081907207903e-09,0.814124808705845,0.796,0.599,0.000243716960549458,"GRCh38-TCF3","TCF3","4c"
3.39199120875505e-09,1.00913238174456,0.816,0.739,0.000245247748375408,"GRCh38-CSNK1G1","CSNK1G1","4c"
3.40568850689175e-09,-0.530292909172496,0.825,0.957,0.000246238090425288,"GRCh38-PSMA2","PSMA2","4c"
3.40594294475548e-09,0.84368672026613,0.437,0.23,0.000246256486791711,"GRCh38-LINC02966","LINC02966","4c"
3.45541619320274e-09,0.294418572927738,0.223,0.073,0.000249833501600944,"GRCh38-PTCHD1-AS","PTCHD1-AS","4c"
3.46970342865094e-09,0.954465835049167,0.806,0.717,0.00025086649729832,"GRCh38-LMBR1","LMBR1","4c"
3.4904295362415e-09,-0.790060296894987,0.641,0.848,0.000252365036329333,"GRCh38-GLRX","GLRX","4c"
3.49148455922924e-09,0.262091093004224,0.252,0.086,0.000252441316601393,"GRCm39-Sorl1","Sorl1","4c"
3.50929872444661e-09,-0.654829156627839,0.757,0.945,0.000253729316374939,"GRCh38-PSMB6","PSMB6","4c"
3.53183262720238e-09,0.777488720697063,0.505,0.277,0.000255358562611986,"GRCh38-TNFAIP8L1","TNFAIP8L1","4c"
3.54081466990927e-09,0.454382611194001,0.33,0.139,0.00025600798226378,"GRCh38-ENSG00000291215","ENSG00000291215","4c"
3.54234662990715e-09,0.941192079684092,0.718,0.559,0.000256118746035547,"GRCh38-TTC27","TTC27","4c"
3.55108842120922e-09,0.620523567630945,0.583,0.355,0.000256750795030269,"GRCh38-METTL4","METTL4","4c"
3.60364926741532e-09,-0.483595713654573,0.553,0.828,0.000260551049332663,"GRCh38-EMC2","EMC2","4c"
3.613597072375e-09,-0.528002534706474,0.553,0.815,0.000261270295526857,"GRCh38-TMEM126A","TMEM126A","4c"
3.64334552403528e-09,0.674441130798861,0.699,0.504,0.000263421168078799,"GRCh38-ERLIN2","ERLIN2","4c"
3.67812561783549e-09,1.22695148413973,0.845,0.811,0.000265935838420742,"GRCh38-RRAS2","RRAS2","4c"
3.68767259962193e-09,1.40768158922515,0.864,0.812,0.000266626104297865,"GRCh38-CDK14","CDK14","4c"
3.68797680073945e-09,0.863633420899089,0.786,0.659,0.000266648098647064,"GRCh38-FAM222B","FAM222B","4c"
3.70202859779349e-09,0.265764889558009,0.175,0.049,0.000267664071677665,"GRCm39-Hdlbp","Hdlbp","4c"
3.71183437571081e-09,0.290582129904127,0.379,0.157,0.000268373049032643,"GRCh38-GTSF1","GTSF1","4c"
3.71234693641762e-09,-0.590248512026718,0.097,0.393,0.000268410108196867,"GRCh38-NKD2","NKD2","4c"
3.73184937518446e-09,0.954849837489701,0.845,0.796,0.000269820173524587,"GRCh38-HNRNPUL2","HNRNPUL2","4c"
3.74307274134383e-09,-0.501115768838802,0.476,0.766,0.000270631645344642,"GRCh38-EXOSC4","EXOSC4","4c"
3.7539437851653e-09,0.78105538665702,0.728,0.524,0.000271417643555021,"GRCh38-KDM3A","KDM3A","4c"
3.80546360820257e-09,1.25164781812192,0.602,0.392,0.000275142629800262,"GRCh38-CRY1","CRY1","4c"
3.81784209394927e-09,1.13663736242567,0.893,0.814,0.00027603761907672,"GRCh38-SPTAN1","SPTAN1","4c"
3.83369157141207e-09,1.04438955766302,0.961,0.951,0.000277183567996235,"GRCh38-BDP1","BDP1","4c"
3.84701752616863e-09,0.99536803373071,0.728,0.516,0.000278147061177044,"GRCh38-LIMD1","LIMD1","4c"
3.86069397138452e-09,0.409107285163005,0.233,0.077,0.000279135895519044,"GRCh38-GPR156","GPR156","4c"
3.86374338262464e-09,0.320699114554788,0.233,0.076,0.000279356374050526,"GRCm39-Chst11","Chst11","4c"
3.86927420395319e-09,0.744474797052209,0.767,0.625,0.000279756263494223,"GRCh38-ANAPC1","ANAPC1","4c"
3.89662666373212e-09,-0.654012016890806,0.282,0.59,0.000281733901041159,"GRCh38-SNTB1","SNTB1","4c"
3.97579454466453e-09,1.47592319065187,0.893,0.837,0.000287457897168335,"GRCh38-CASK","CASK","4c"
3.99072673073304e-09,1.12971530946456,0.748,0.607,0.000288537524085461,"GRCh38-SNX29","SNX29","4c"
4.0477147274417e-09,1.0850132013605,0.942,0.924,0.00029265787022349,"GRCh38-PDS5A","PDS5A","4c"
4.08220379975916e-09,0.939380221828604,0.718,0.536,0.000295151499130187,"GRCh38-FAM111A","FAM111A","4c"
4.15117308259672e-09,0.884439350813396,0.922,0.881,0.000300138116217908,"GRCh38-BRAF","BRAF","4c"
4.15588285257078e-09,0.803809502953642,0.845,0.75,0.000300478642006573,"GRCh38-KLHDC10","KLHDC10","4c"
4.15820481277673e-09,0.641497383257605,0.223,0.075,0.000300646524373383,"GRCh38-RDH10","RDH10","4c"
4.16021470361203e-09,0.93488167792093,0.874,0.789,0.000300791843500557,"GRCh38-TULP4","TULP4","4c"
4.18718207105758e-09,0.371844293391906,0.117,0.025,0.000302741638101605,"GRCh38-ATP6V0D2","ATP6V0D2","4c"
4.19376608204066e-09,0.682482230713931,0.757,0.618,0.000303217675263704,"GRCh38-DHX38","DHX38","4c"
4.20788879580744e-09,0.362205793363618,0.233,0.079,0.00030423877571447,"GRCh38-CDC25A","CDC25A","4c"
4.22109166426057e-09,0.852315607561444,0.718,0.515,0.000305193369509368,"GRCh38-HECTD2","HECTD2","4c"
4.25052012283648e-09,-0.67060205503065,0.398,0.711,0.000307321105921323,"GRCh38-AR","AR","4c"
4.34824876505923e-09,1.15923182669754,0.505,0.299,0.000314387082211313,"GRCh38-CNIH3","CNIH3","4c"
4.3800700637653e-09,0.819932652476315,0.777,0.623,0.000316687825750359,"GRCh38-RPRD1B","RPRD1B","4c"
4.38605112114887e-09,0.299963452260436,0.301,0.114,0.000317120268161305,"GRCm39-Trem1","Trem1","4c"
4.41165539716166e-09,0.529396776692851,0.223,0.075,0.000318971508525582,"GRCh38-BNC2","BNC2","4c"
4.41974377572752e-09,0.880171543886906,0.786,0.623,0.000319556314472651,"GRCh38-MCMBP","MCMBP","4c"
4.42763539636912e-09,0.749092839922304,0.709,0.529,0.00032012689442828,"GRCh38-SFT2D2","SFT2D2","4c"
4.44677950466686e-09,-0.530129530730101,0.66,0.884,0.000321511051746423,"GRCh38-MRPL4","MRPL4","4c"
4.44804486015106e-09,0.999833888334586,0.932,0.841,0.000321602539478642,"GRCh38-SENP5","SENP5","4c"
4.44883464037806e-09,-0.477023746083792,0.65,0.881,0.000321659642168614,"GRCh38-SRI","SRI","4c"
4.47260177632777e-09,0.85920306859475,0.845,0.76,0.000323378053632051,"GRCh38-TMTC3","TMTC3","4c"
4.48098919442503e-09,1.06924235145331,0.757,0.593,0.000323984480735319,"GRCh38-CPEB4","CPEB4","4c"
4.48506273542055e-09,0.269460702975774,0.155,0.041,0.000324279005896376,"GRCh38-ENSG00000267764","ENSG00000267764","4c"
4.54937188822341e-09,0.799080787274652,0.592,0.372,0.000328928686262329,"GRCh38-RP2","RP2","4c"
4.5533040756654e-09,1.59826890641357,0.883,0.879,0.000329212991278759,"GRCh38-TANC2","TANC2","4c"
4.55649731696965e-09,0.977074100773869,0.903,0.836,0.000329443869011539,"GRCh38-PPP2R5E","PPP2R5E","4c"
4.57774265349598e-09,0.320421663761348,0.311,0.121,0.000330979949333067,"GRCm39-Sh3bgrl3","Sh3bgrl3","4c"
4.58265430087872e-09,-0.557986786499049,0.767,0.922,0.000331335071262134,"GRCh38-CAPNS1","CAPNS1","4c"
4.61758365738636e-09,0.947067207481433,0.864,0.828,0.000333860533596349,"GRCh38-NAA50","NAA50","4c"
4.65260383018849e-09,0.815430796361763,0.922,0.909,0.000336392562130288,"GRCh38-MTREX","MTREX","4c"
4.71142687174947e-09,-0.598400400471564,0.272,0.572,0.00034064558568123,"GRCh38-ENSG00000256417","ENSG00000256417","4c"
4.77574181977185e-09,0.336311818920795,0.204,0.064,0.000345295685053144,"GRCh38-LNCTSI","LNCTSI","4c"
4.78210445636862e-09,0.381801717360773,0.233,0.079,0.000345755716404364,"GRCm39-Dnaja1","Dnaja1","4c"
4.84057689364147e-09,0.321597279887899,0.204,0.063,0.000349983390564065,"GRCm39-Rtn4","Rtn4","4c"
4.84503330228574e-09,0.322540000058709,0.291,0.108,0.000350305597821864,"GRCh38-LASTR","LASTR","4c"
4.87045739754555e-09,0.920759901338054,0.718,0.549,0.000352143810757339,"GRCh38-STARD9","STARD9","4c"
4.87126836700165e-09,1.40666323977812,0.728,0.568,0.000352202445470954,"GRCh38-COL27A1","COL27A1","4c"
4.88135357260076e-09,0.379996649832201,0.34,0.143,0.00035293162600618,"GRCh38-AMZ1","AMZ1","4c"
4.95970676028573e-09,0.467679500953025,0.272,0.097,0.000358596718182179,"GRCm39-Pik3ap1","Pik3ap1","4c"
4.9762891469136e-09,0.399114237456169,0.146,0.037,0.000359795657900147,"GRCh38-LRIG3-DT","LRIG3-DT","4c"
4.99291897063698e-09,0.348792883102959,0.282,0.103,0.000360998027414995,"GRCm39-Lamp2","Lamp2","4c"
5.00854634848535e-09,0.867721276357031,0.883,0.823,0.000362127918088188,"GRCh38-DDX6","DDX6","4c"
5.0297781553272e-09,0.400434852190369,0.466,0.236,0.000363663020186467,"GRCh38-TUBGCP6","TUBGCP6","4c"
5.10288601102957e-09,0.618130350744795,0.417,0.204,0.00036894886436946,"GRCh38-DIAPH2-AS1","DIAPH2-AS1","4c"
5.10803404397985e-09,1.22031231748992,0.883,0.818,0.000369321077447831,"GRCh38-SPRED1","SPRED1","4c"
5.15686956256979e-09,0.817193094469568,0.524,0.303,0.000372851983112921,"GRCh38-CDYL2","CDYL2","4c"
5.16534658696724e-09,0.482647912549143,0.505,0.278,0.000373464888930906,"GRCh38-ZCCHC4","ZCCHC4","4c"
5.17765638273384e-09,1.07838684421904,0.34,0.147,0.000374354911784422,"GRCh38-ENSG00000287023","ENSG00000287023","4c"
5.19747388411426e-09,0.767090216262357,0.825,0.699,0.000375787756769229,"GRCh38-USP12","USP12","4c"
5.20726204483487e-09,0.287614899980738,0.117,0.026,0.00037649546036565,"GRCh38-AZU1","AZU1","4c"
5.2169659127135e-09,-0.546704162365762,0.485,0.72,0.000377197069421011,"GRCh38-INO80B","INO80B","4c"
5.2373940125695e-09,1.14198602368115,0.845,0.794,0.0003786740618968,"GRCh38-SMAD3","SMAD3","4c"
5.24758064223134e-09,0.501313069583721,0.505,0.274,0.000379410575594611,"GRCh38-PIP4K2C","PIP4K2C","4c"
5.26623162243568e-09,0.768776765276401,0.767,0.63,0.000380759078765344,"GRCh38-MAP3K7","MAP3K7","4c"
5.31211576309268e-09,-0.544861056713349,0.748,0.943,0.000384076593903127,"GRCh38-DRAP1","DRAP1","4c"
5.33828831737521e-09,0.569323647828722,0.583,0.337,0.000385968921922862,"GRCh38-KLRK1-AS1","KLRK1-AS1","4c"
5.33844661302024e-09,-0.50910937967731,0.476,0.768,0.00038598036701459,"GRCh38-OXLD1","OXLD1","4c"
5.37293561899263e-09,1.04413787468839,0.796,0.708,0.000388473991124405,"GRCh38-SIK2","SIK2","4c"
5.45552802922356e-09,-0.519491993041581,0.592,0.824,0.000394445587568922,"GRCh38-VAT1","VAT1","4c"
5.4826177286083e-09,1.35318890354847,0.777,0.662,0.000396404227013838,"GRCh38-CASC9","CASC9","4c"
5.48856436989539e-09,0.798556063697903,0.68,0.479,0.000396834181072176,"GRCh38-HYCC2","HYCC2","4c"
5.54445628224455e-09,0.299421212359341,0.136,0.033,0.000400875278118846,"GRCh38-ENSG00000249568","ENSG00000249568","4c"
5.57469369779905e-09,0.780360128181102,0.709,0.528,0.000403061503738267,"GRCh38-SESN1","SESN1","4c"
5.59145084762358e-09,1.24083218898168,0.796,0.663,0.00040427307918488,"GRCh38-ITGA5","ITGA5","4c"
5.62086305332885e-09,-0.542377684836137,0.32,0.637,0.000406399640481783,"GRCh38-ALKBH2","ALKBH2","4c"
5.65138911014715e-09,0.930791001708304,0.689,0.474,0.00040860673544186,"GRCh38-CLPB","CLPB","4c"
5.72434348179652e-09,0.343113186711113,0.252,0.089,0.000413881482420852,"GRCm39-Anxa1","Anxa1","4c"
5.74132473758126e-09,0.885348317304876,0.786,0.691,0.000415109261176601,"GRCh38-GTF3C1","GTF3C1","4c"
5.79278980359987e-09,1.27428063244427,0.981,0.946,0.000418830288379878,"GRCh38-PPP3CA","PPP3CA","4c"
5.80617648552741e-09,1.22027361021135,0.951,0.951,0.000419798172256603,"GRCh38-JMJD1C","JMJD1C","4c"
5.87243699287106e-09,0.302540701287393,0.117,0.026,0.000424588939458563,"GRCh38-ENSG00000242536","ENSG00000242536","4c"
5.88468068618549e-09,-0.498773343413262,0.515,0.81,0.000425474182972583,"GRCh38-JAGN1","JAGN1","4c"
5.98508990677631e-09,0.262352518745207,0.243,0.084,0.000432733970439741,"GRCm39-Hif1a","Hif1a","4c"
5.99823143907071e-09,0.772790275227565,0.796,0.609,0.000433684129507691,"GRCh38-ZDHHC7","ZDHHC7","4c"
5.99911568642774e-09,0.549668514931535,0.476,0.259,0.000433748062360099,"GRCh38-ENSG00000272046","ENSG00000272046","4c"
6.03046121350917e-09,-0.430930640092963,0.184,0.502,0.00043601440665914,"GRCh38-ADGRA2","ADGRA2","4c"
6.04353825171603e-09,0.299381304155787,0.223,0.073,0.000436959902675573,"GRCm39-Resf1","Resf1","4c"
6.14570771505683e-09,0.371089616062325,0.233,0.083,0.000444346959214039,"GRCh38-RNF139-DT","RNF139-DT","4c"
6.15004274649336e-09,1.12497051894187,0.777,0.676,0.000444660390656963,"GRCh38-PLXNA1","PLXNA1","4c"
6.38487686761171e-09,-0.574923964467693,0.835,0.951,0.000461639367282062,"GRCh38-TLE5","TLE5","4c"
6.39482756969975e-09,0.800166931462502,0.67,0.495,0.000462358822944431,"GRCh38-NACC2","NACC2","4c"
6.51692131009338e-09,1.07247297683958,0.883,0.817,0.000471186444562372,"GRCh38-CCDC14","CCDC14","4c"
6.53203167851869e-09,1.00186730638688,0.718,0.572,0.000472278954420258,"GRCh38-CCDC138","CCDC138","4c"
6.55379985296967e-09,1.29202102108142,0.709,0.521,0.000473852836969413,"GRCh38-HRH1","HRH1","4c"
6.6231196634628e-09,1.05873467224967,0.796,0.707,0.000478864797907687,"GRCh38-THUMPD3-AS1","THUMPD3-AS1","4c"
6.63448332083408e-09,0.948541883561725,0.864,0.769,0.000479686413062946,"GRCh38-SWAP70","SWAP70","4c"
6.63911246946166e-09,-0.542675339828993,0.515,0.761,0.000480021109767017,"GRCh38-POLR3GL","POLR3GL","4c"
6.64011380818479e-09,0.894113603291207,0.854,0.866,0.000480093508559377,"GRCh38-NNT","NNT","4c"
6.64697560719827e-09,0.555765009283635,0.534,0.313,0.000480589630351649,"GRCh38-NCAPH2","NCAPH2","4c"
6.66448794880777e-09,-0.482787123744492,0.777,0.941,0.000481855807674699,"GRCh38-SLIRP","SLIRP","4c"
6.67142439140025e-09,0.63670473394262,0.544,0.315,0.000482357326347021,"GRCh38-FBF1","FBF1","4c"
6.70118088711834e-09,1.55977094142328,0.874,0.841,0.00048450878050043,"GRCh38-CDKAL1","CDKAL1","4c"
6.70674135011885e-09,1.10484350883642,0.874,0.822,0.000484910813096293,"GRCh38-ATP1B3","ATP1B3","4c"
6.71183426496944e-09,0.392892977968645,0.204,0.065,0.000485279041025821,"GRCh38-PEX5L","PEX5L","4c"
6.71879472786611e-09,1.00110002320225,0.845,0.712,0.000485782296414176,"GRCh38-ZEB2","ZEB2","4c"
6.72589989715382e-09,-0.527121073292278,0.32,0.636,0.000486296014364016,"GRCh38-PELI2","PELI2","4c"
6.74029891036322e-09,1.16431409676734,0.932,0.901,0.000487337091817082,"GRCh38-ELL2","ELL2","4c"
6.76955468529272e-09,-0.394986964325907,0.553,0.826,0.000489452342856034,"GRCh38-CCDC59","CCDC59","4c"
6.81294072894011e-09,0.840699565971143,0.621,0.426,0.000492589240583828,"GRCh38-CEP97","CEP97","4c"
6.90146263890125e-09,0.341013259548976,0.32,0.128,0.000498989551717838,"GRCm39-Fos","Fos","4c"
6.91328401380522e-09,-0.556516412924173,0.65,0.896,0.000499844260766145,"GRCh38-TIMM8B","TIMM8B","4c"
6.95940949603413e-09,0.267425323041906,0.262,0.094,0.00050317922538226,"GRCm39-Rac2","Rac2","4c"
6.96993381746943e-09,-0.545346262126368,0.301,0.599,0.000503940154870675,"GRCh38-LY96","LY96","4c"
6.98739945539266e-09,0.765300313348018,0.476,0.266,0.0005052029554238,"GRCh38-ALKBH8","ALKBH8","4c"
7.01158675866641e-09,-0.614912494903669,0.922,0.989,0.000506951745825099,"GRCh38-S100A10","S100A10","4c"
7.04327732960379e-09,0.875846535206161,0.612,0.393,0.000509243037485013,"GRCh38-CHEK2","CHEK2","4c"
7.04864737354422e-09,0.548310163448162,0.252,0.095,0.000509631302401994,"GRCh38-ENSG00000289872","ENSG00000289872","4c"
7.12629533599647e-09,0.539658267085776,0.359,0.152,0.000515245405383217,"GRCh38-ENKUR","ENKUR","4c"
7.13049931072798e-09,0.259847938253239,0.165,0.045,0.000515549361164255,"GRCm39-Notch2","Notch2","4c"
7.14659438046971e-09,0.801890959768852,0.748,0.627,0.000516713066896721,"GRCh38-UXS1","UXS1","4c"
7.15083509536438e-09,-0.47875529128436,0.748,0.904,0.000517019679065035,"GRCh38-CIR1","CIR1","4c"
7.16293370621503e-09,0.809141237224154,0.835,0.682,0.000517894432826759,"GRCh38-DNAJC13","DNAJC13","4c"
7.19080988016839e-09,0.865024816523983,0.825,0.683,0.000519909935955935,"GRCh38-POM121C","POM121C","4c"
7.19232102627093e-09,1.11093172028307,0.602,0.425,0.000520019194841441,"GRCh38-SLC10A7","SLC10A7","4c"
7.20384383735749e-09,-0.330497746812787,0.66,0.871,0.000520852317128621,"GRCh38-PLPP3","PLPP3","4c"
7.23850812792405e-09,0.876374744244083,0.757,0.623,0.000523358614665164,"GRCh38-CCDC93","CCDC93","4c"
7.24507531486399e-09,0.800393338337864,0.786,0.666,0.000523833435415297,"GRCh38-STT3A","STT3A","4c"
7.33427987759309e-09,0.851019915303384,0.777,0.653,0.000530283103709736,"GRCh38-MDFIC","MDFIC","4c"
7.4333602056286e-09,0.613223486489153,0.369,0.172,0.000537446809587359,"GRCh38-KANK1","KANK1","4c"
7.47282394198707e-09,1.14559903512924,0.845,0.871,0.000540300116653549,"GRCh38-PRNP","PRNP","4c"
7.48497152132401e-09,0.390786903297809,0.262,0.097,0.000541178410934769,"GRCh38-ENSG00000260536","ENSG00000260536","4c"
7.5504159304571e-09,1.10939791040101,0.777,0.644,0.000545910172603909,"GRCh38-MAP2K1","MAP2K1","4c"
7.62667059520287e-09,0.28901380916618,0.165,0.045,0.000551423537374358,"GRCh38-HIF3A","HIF3A","4c"
7.64294438536831e-09,0.355419818532496,0.34,0.148,0.0005526001649509,"GRCh38-ENSG00000291272","ENSG00000291272","4c"
7.64799565885772e-09,0.923118327322221,0.854,0.758,0.000552965382126731,"GRCh38-RAF1","RAF1","4c"
7.670380680008e-09,0.413362182384822,0.204,0.063,0.000554583863925938,"GRCh38-LINC02253","LINC02253","4c"
7.7718748242818e-09,0.973407244428544,0.825,0.745,0.000561922093545223,"GRCh38-APC","APC","4c"
7.77447644221808e-09,0.515504177998195,0.524,0.286,0.000562110195725252,"GRCh38-FOXRED2","FOXRED2","4c"
7.7918845353182e-09,0.892428407722186,0.456,0.247,0.000563368835672576,"GRCh38-IFFO2","IFFO2","4c"
7.91485947480347e-09,-0.590463580591595,0.641,0.858,0.00057226016974724,"GRCh38-MRPL28","MRPL28","4c"
7.93472574404160e-09,0.526505590623452,0.437,0.217,0.000573696540745695,"GRCh38-ING1","ING1","4c"
7.96393235323226e-09,0.640563312794682,0.359,0.161,0.000575808237003399,"GRCh38-ENSG00000223725","ENSG00000223725","4c"
8.01059381721907e-09,-0.445915425563575,0.388,0.679,0.000579181954172574,"GRCh38-RNF113A","RNF113A","4c"
8.05185854474408e-09,0.472593817021672,0.524,0.28,0.000582165476502086,"GRCh38-ARHGDIB","ARHGDIB","4c"
8.07408490106973e-09,0.394354724407347,0.388,0.179,0.000583772486517144,"GRCh38-ZNF589","ZNF589","4c"
8.0762417214452e-09,0.721702107890164,0.369,0.175,0.000583928428943931,"GRCh38-ENSG00000233635","ENSG00000233635","4c"
8.1027813466729e-09,-0.518873783699753,0.874,0.96,0.000585847296927144,"GRCh38-MGST1","MGST1","4c"
8.1633505450067e-09,0.291687215252577,0.107,0.023,0.000590226571105075,"GRCh38-THSD8","THSD8","4c"
8.23817109879708e-09,-0.533227086359409,0.447,0.72,0.000595636246785226,"GRCh38-DHRS4L2","DHRS4L2","4c"
8.3272659619851e-09,0.947578312307013,0.816,0.669,0.000602077983583447,"GRCh38-PXN","PXN","4c"
8.36813398666011e-09,0.491776858288942,0.544,0.307,0.000605032823503499,"GRCh38-SCYL3","SCYL3","4c"
8.41715722747788e-09,-0.601334148317362,0.524,0.785,0.000608577301861106,"GRCh38-TRAPPC2L","TRAPPC2L","4c"
8.45776202947762e-09,0.609903054413025,0.728,0.543,0.000611513110255291,"GRCh38-SKP2","SKP2","4c"
8.47226408122767e-09,0.762965112826226,0.583,0.371,0.000612561637600923,"GRCh38-AP4E1","AP4E1","4c"
8.52507806767874e-09,0.31305469268475,0.155,0.042,0.000616380194449308,"GRCh38-ENSG00000289005","ENSG00000289005","4c"
8.53412500028165e-09,-0.463151953571643,0.971,0.995,0.000617034305770364,"GRCh38-HSP90AB1","HSP90AB1","4c"
8.56042119290995e-09,1.21326682445421,0.447,0.233,0.000618935573089775,"GRCh38-CDH9","CDH9","4c"
8.61005904084553e-09,0.32262813737878,0.262,0.095,0.000622524488771213,"GRCh38-LINC00504","LINC00504","4c"
8.62675233518974e-09,1.1555574086646,0.631,0.475,0.000623731447338889,"GRCh38-FOXO1","FOXO1","4c"
8.75347310502769e-09,0.289966495136344,0.282,0.109,0.000632893612439712,"GRCh38-ZBTB34","ZBTB34","4c"
8.84776580007277e-09,0.864566662844329,0.942,0.926,0.000639711162876861,"GRCh38-NFAT5","NFAT5","4c"
8.8536114560145e-09,1.01547516631323,0.786,0.641,0.000640133815492761,"GRCh38-VKORC1L1","VKORC1L1","4c"
8.87852131592282e-09,0.749954437817685,0.689,0.502,0.000641934848183852,"GRCh38-FAM20B","FAM20B","4c"
8.88632638789394e-09,0.57839284361831,0.146,0.038,0.000642499170497508,"GRCh38-CACHD1","CACHD1","4c"
8.91608140531283e-09,-0.53172558393051,0.631,0.885,0.000644650517766928,"GRCh38-COA4","COA4","4c"
8.92071586472747e-09,0.775669417543595,0.825,0.734,0.000644985598451526,"GRCh38-PNPT1","PNPT1","4c"
9.01434495101894e-09,0.842530473900092,0.689,0.552,0.000651755168648572,"GRCh38-MFSD4B","MFSD4B","4c"
9.01579767016936e-09,1.05755723545646,0.922,0.932,0.000651860203148585,"GRCh38-TRIM44","TRIM44","4c"
9.03258025031866e-09,0.948995536329079,0.718,0.582,0.00065307361725854,"GRCh38-CLK1","CLK1","4c"
9.05089309199273e-09,0.790811588003103,0.893,0.807,0.000654397672337258,"GRCh38-KAT6B","KAT6B","4c"
9.07367922791718e-09,0.78240768880883,0.476,0.255,0.000656045155536868,"GRCh38-PITX1-AS1","PITX1-AS1","4c"
9.17336715110639e-09,0.636114349262598,0.602,0.381,0.000663252791759294,"GRCh38-ZNF445","ZNF445","4c"
9.22582186079406e-09,-0.46449609353505,0.573,0.79,0.000667045372179132,"GRCh38-ASPHD1","ASPHD1","4c"
9.29361994178247e-09,0.435829587587781,0.961,0.959,0.000671947309030756,"GRCh38-TUBA1B","TUBA1B","4c"
9.33832873361402e-09,0.798199635253214,0.505,0.286,0.000675179844097761,"GRCh38-SPRY4","SPRY4","4c"
9.3449586801426e-09,0.334348416865251,0.155,0.043,0.00067565920249167,"GRCh38-SREBF2-AS1","SREBF2-AS1","4c"
9.52168044836857e-09,0.923680349765537,0.816,0.785,0.000688436539777944,"GRCh38-DDB1","DDB1","4c"
9.52598922074325e-09,0.844533871965615,0.699,0.535,0.000688748072638178,"GRCh38-PTDSS1","PTDSS1","4c"
9.61049831445213e-09,0.850399254058239,0.767,0.611,0.000694858249131518,"GRCh38-SEC24A","SEC24A","4c"
9.61443879733888e-09,1.06925427236566,0.874,0.828,0.000695143153925196,"GRCh38-SPG7","SPG7","4c"
9.64704999162884e-09,0.943746144699168,0.777,0.688,0.000697501008494749,"GRCh38-USP25","USP25","4c"
9.64984117279705e-09,1.54305767055976,0.874,0.871,0.000697702816475572,"GRCh38-FOXP1","FOXP1","4c"
9.65451133466391e-09,0.681278433716803,0.67,0.443,0.00069804047851887,"GRCh38-ZNF592","ZNF592","4c"
9.70905004579376e-09,0.992439857306223,0.893,0.838,0.00070198373641098,"GRCh38-TLK2","TLK2","4c"
9.80417634626001e-09,0.792967482062907,0.883,0.825,0.000708861558187291,"GRCh38-WAPL","WAPL","4c"
9.85373366878626e-09,0.824158417578823,0.544,0.326,0.000712444651720584,"GRCh38-CSRNP2","CSRNP2","4c"
9.85994315179545e-09,0.778188574964844,0.689,0.494,0.000712893609761115,"GRCh38-TMEM63B","TMEM63B","4c"
9.92677619477559e-09,0.605686746723745,0.748,0.557,0.000717725772434665,"GRCh38-FKBP9","FKBP9","4c"
1.00108313001024e-08,0.42188911496657,0.252,0.09,0.000723803124660006,"GRCh38-GAS1","GAS1","4c"
1.0022432337714e-08,0.910467790600817,0.777,0.695,0.000724641902881397,"GRCh38-PPP2R2D","PPP2R2D","4c"
1.00687535677895e-08,0.533171698161357,0.223,0.077,0.000727991020458318,"GRCh38-LINC02888","LINC02888","4c"
1.01172687714407e-08,1.07154575065783,0.728,0.565,0.000731498766712704,"GRCh38-AMOTL1","AMOTL1","4c"
1.01191601117537e-08,-0.422741121892929,0.301,0.626,0.000731635514400018,"GRCh38-KLF9","KLF9","4c"
1.01261095781459e-08,0.315453508628517,0.214,0.071,0.000732137974719107,"GRCh38-ATXN1-AS1","ATXN1-AS1","4c"
1.01538968827917e-08,-0.578128698340636,0.66,0.929,0.000734147052419603,"GRCh38-ATP5MC1","ATP5MC1","4c"
1.03014018029313e-08,0.926781143938811,0.67,0.504,0.000744811953155537,"GRCh38-LPAR3","LPAR3","4c"
1.03200111131146e-08,0.30677363489519,0.165,0.047,0.000746157443500415,"GRCh38-LINC03060","LINC03060","4c"
1.0331521936926e-08,0.942296207682341,0.864,0.796,0.000746989699083621,"GRCh38-CUL1","CUL1","4c"
1.03767363862889e-08,0.868165859548465,0.874,0.772,0.000750258794201462,"GRCh38-GATAD2B","GATAD2B","4c"
1.03792970324388e-08,1.18945320365015,0.748,0.624,0.000750443934039391,"GRCh38-KLHL29","KLHL29","4c"
1.04904552850449e-08,0.958102803468814,0.553,0.326,0.000758480898019315,"GRCh38-SFMBT1","SFMBT1","4c"
1.0499934644121e-08,1.20129146354185,0.806,0.748,0.000759166274639236,"GRCh38-ATP13A3","ATP13A3","4c"
1.05748633064924e-08,-0.544479777255149,0.427,0.717,0.000764583766786016,"GRCh38-RFXANK","RFXANK","4c"
1.0599689638241e-08,-0.58325000503284,0.456,0.721,0.000766378760224099,"GRCh38-CFB","CFB","4c"
1.0621713488802e-08,-0.456011949647606,0.796,0.961,0.000767971128667364,"GRCh38-NDUFC2","NDUFC2","4c"
1.06284149478123e-08,0.547716634984314,0.223,0.077,0.000768455657556722,"GRCh38-NR2F1","NR2F1","4c"
1.07707605192759e-08,-0.42773460716914,0.437,0.744,0.000778747527064685,"GRCh38-RFK","RFK","4c"
1.08583439675466e-08,1.09489992950474,0.835,0.767,0.000785079985541557,"GRCh38-RAPGEF2","RAPGEF2","4c"
1.09180767035205e-08,1.00253200070707,0.68,0.513,0.000789398781817937,"GRCh38-SRGAP2B","SRGAP2B","4c"
1.09509944902658e-08,0.579067126863338,0.184,0.056,0.0007917788036352,"GRCh38-LZTS1","LZTS1","4c"
1.09608956190988e-08,0.918368552761403,0.67,0.473,0.000792494675052082,"GRCh38-OSBPL6","OSBPL6","4c"
1.10009978193332e-08,1.07479438782625,0.913,0.881,0.000795394144333427,"GRCh38-TNKS","TNKS","4c"
1.10216181784755e-08,0.979974505122311,0.883,0.84,0.000796885037540134,"GRCh38-ADAR","ADAR","4c"
1.10897711095066e-08,0.730868792186288,0.573,0.36,0.000801812630759545,"GRCh38-TUBGCP3","TUBGCP3","4c"
1.11654894014182e-08,0.734568253216265,0.67,0.448,0.000807287214701342,"GRCh38-TNFAIP8","TNFAIP8","4c"
1.11854061196604e-08,-0.428827985129182,0.408,0.687,0.000808727233263684,"GRCh38-TSC22D3","TSC22D3","4c"
1.11891410226907e-08,0.80114788248448,0.689,0.466,0.000808997274222581,"GRCh38-MCM9","MCM9","4c"
1.12254196286824e-08,0.940339707070564,0.864,0.841,0.000811620289992998,"GRCh38-RLF","RLF","4c"
1.13291490344987e-08,1.04548224229054,0.922,0.825,0.000819120133492326,"GRCh38-NFIB","NFIB","4c"
1.1338404257101e-08,0.54177503105556,0.33,0.14,0.000819789304596918,"GRCh38-ADAMTS15","ADAMTS15","4c"
1.13698622001254e-08,0.883907997843499,0.777,0.638,0.000822063776793465,"GRCh38-STX18","STX18","4c"
1.13825290442911e-08,0.987633864013257,0.583,0.374,0.000822979614960336,"GRCh38-PRDM5","PRDM5","4c"
1.14285635884031e-08,0.284756649888775,0.175,0.051,0.00082630800456872,"GRCh38-CPM","CPM","4c"
1.14534861570916e-08,-0.492991329007449,0.816,0.954,0.00082810995613004,"GRCh38-ATP5PB","ATP5PB","4c"
1.14557770973993e-08,0.846063294172903,0.66,0.466,0.000828275595696163,"GRCh38-ADNP2","ADNP2","4c"
1.14881857903632e-08,0.725708979560131,0.689,0.5,0.000830618809014841,"GRCh38-QTRT2","QTRT2","4c"
1.15807225990171e-08,1.06519324793469,0.913,0.871,0.000837309405354134,"GRCh38-WDFY3","WDFY3","4c"
1.16902075268077e-08,0.394959042741762,0.146,0.038,0.000845225384603253,"GRCh38-INSYN2B","INSYN2B","4c"
1.17642053189248e-08,0.884950844153067,0.621,0.452,0.000850575572968902,"GRCh38-LMBRD2","LMBRD2","4c"
1.18113600651395e-08,0.310694004266533,0.146,0.039,0.000853984955429717,"GRCh38-SPAG5-AS1","SPAG5-AS1","4c"
1.19106200515386e-08,0.660811064129621,0.961,0.955,0.000861161650966345,"GRCh38-HMGN2","HMGN2","4c"
1.19179439854268e-08,1.20862720673078,0.835,0.837,0.000861691186034331,"GRCh38-CCNY","CCNY","4c"
1.20506357608986e-08,-0.538453669597706,0.612,0.866,0.000871285066784493,"GRCh38-BAX","BAX","4c"
1.20924597036605e-08,0.775911441733359,0.864,0.741,0.000874309021494061,"GRCh38-RC3H2","RC3H2","4c"
1.20956335907268e-08,0.38124590209,0.136,0.034,0.000874538499876726,"GRCh38-SEPTIN9-DT","SEPTIN9-DT","4c"
1.21805296513395e-08,0.888053901525071,0.825,0.704,0.000880676654851148,"GRCh38-LASP1","LASP1","4c"
1.21893514700748e-08,0.634984335940226,0.699,0.495,0.000881314489989351,"GRCh38-GFOD2","GFOD2","4c"
1.22909055687935e-08,0.747965911622223,0.573,0.359,0.00088865705443491,"GRCh38-LINC00513","LINC00513","4c"
1.23005309913696e-08,1.33802259191165,0.748,0.613,0.000889352991738002,"GRCh38-TMEM131L","TMEM131L","4c"
1.23007562025015e-08,-0.466787112626725,0.777,0.927,0.000889369274953264,"GRCh38-ACAA2","ACAA2","4c"
1.23392683670245e-08,0.733841662999327,0.583,0.371,0.000892153781472604,"GRCh38-GTPBP1","GTPBP1","4c"
1.2351685550791e-08,0.599398095870109,0.485,0.267,0.000893051568693292,"GRCh38-ATXN1L","ATXN1L","4c"
1.24224502538128e-08,0.6464596478587,0.408,0.202,0.000898167998251174,"GRCh38-ABCA10","ABCA10","4c"
1.24748221404731e-08,1.17489610066121,0.204,0.069,0.000901954590400483,"GRCh38-LINC02008","LINC02008","4c"
1.24794790365161e-08,-0.525596095366689,0.592,0.807,0.000902291293298184,"GRCh38-STX10","STX10","4c"
1.25605832936754e-08,-0.51244867635766,0.592,0.832,0.000908155293299317,"GRCh38-DNAJC19","DNAJC19","4c"
1.25731805671793e-08,0.840327221174087,0.854,0.754,0.000909066101368195,"GRCh38-DNAJC10","DNAJC10","4c"
1.26713031796428e-08,0.989998703056647,0.699,0.51,0.000916160562494535,"GRCh38-CASC15","CASC15","4c"
1.26999675573882e-08,0.478636443693671,0.155,0.042,0.000918233054334278,"GRCh38-LINC02296","LINC02296","4c"
1.27827161633171e-08,0.303711845133163,0.252,0.088,0.000924215944040153,"GRCm39-Fus","Fus","4c"
1.27931340027603e-08,1.31961993480311,0.854,0.813,0.000924969174667576,"GRCh38-VTI1A","VTI1A","4c"
1.28213880636972e-08,0.87106124855258,0.544,0.33,0.000927011999781431,"GRCh38-NCR3LG1","NCR3LG1","4c"
1.28843646870943e-08,0.770933893127987,0.786,0.718,0.000931565335606295,"GRCh38-GJA1","GJA1","4c"
1.30695391624432e-08,-0.518702528639337,0.981,0.992,0.000944953820522969,"GRCh38-NPM1","NPM1","4c"
1.30945372030813e-08,-0.526992066110289,0.612,0.837,0.000946761228857183,"GRCh38-THRA","THRA","4c"
1.31774953103996e-08,1.13264479234109,0.728,0.564,0.000952759265932512,"GRCh38-PCBD2","PCBD2","4c"
1.33667176157225e-08,1.03498865783789,0.748,0.589,0.000966440417051965,"GRCh38-CARMIL1","CARMIL1","4c"
1.35988639183934e-08,0.977502152487215,0.883,0.8,0.000983225059027677,"GRCh38-ANKRD36","ANKRD36","4c"
1.3677347174764e-08,-0.39773491664646,0.816,0.95,0.000988899555429785,"GRCh38-SERP1","SERP1","4c"
1.37957184935178e-08,0.763111149732897,0.825,0.728,0.000997458038518325,"GRCh38-MYSM1","MYSM1","4c"
1.37969703822394e-08,0.939691129538276,0.757,0.666,0.000997548552576675,"GRCh38-FGGY","FGGY","4c"
1.38016803347636e-08,0.250900370755918,0.194,0.062,0.000997889091564081,"GRCh38-FHAD1-AS1","FHAD1-AS1","4c"
1.39533745720039e-08,0.82709401307095,0.65,0.462,0.00100885688830502,"GRCh38-PLEKHM3","PLEKHM3","4c"
1.4064641551285e-08,0.881861959176961,0.786,0.742,0.00101690171344101,"GRCh38-ATF2","ATF2","4c"
1.40715323073779e-08,1.01968310079972,0.903,0.851,0.00101739992888804,"GRCh38-FOXJ3","FOXJ3","4c"
1.41053427399451e-08,0.621321726987347,0.777,0.617,0.00101984449078351,"GRCh38-TTC21B","TTC21B","4c"
1.41918716916092e-08,1.40406059370236,0.777,0.648,0.00102610070704673,"GRCh38-ADAM12","ADAM12","4c"
1.42047931126026e-08,0.6300294626762,0.272,0.105,0.00102703495162739,"GRCh38-ENSG00000236924","ENSG00000236924","4c"
1.42375965803128e-08,0.261299814776013,0.35,0.143,0.00102940670794978,"GRCm39-Rpl11","Rpl11","4c"
1.42563403189467e-08,-0.426421298399259,0.573,0.832,0.00103076191774049,"GRCh38-PFDN6","PFDN6","4c"
1.42618713740208e-08,0.584113339308502,0.689,0.518,0.00103116182408445,"GRCh38-HCFC1","HCFC1","4c"
1.43122241926229e-08,0.312140114371799,0.252,0.093,0.00103480243357502,"GRCh38-ENSG00000287351","ENSG00000287351","4c"
1.44129509088694e-08,-0.381547507700522,0.922,0.982,0.00104208517661307,"GRCh38-DSTN","DSTN","4c"
1.45102970804422e-08,0.386600003192194,0.194,0.062,0.00104912349951013,"GRCh38-RNF122","RNF122","4c"
1.45275300622395e-08,-0.454378218490246,0.184,0.467,0.00105036947856004,"GRCh38-RAB24","RAB24","4c"
1.45681292081209e-08,-0.458054871924243,0.903,0.964,0.00105330487800556,"GRCh38-SSBP1","SSBP1","4c"
1.45685055264291e-08,0.256202887977055,0.136,0.034,0.00105333208657187,"GRCh38-ELAVL2","ELAVL2","4c"
1.45944391787277e-08,0.69783245524511,0.534,0.329,0.00105520714150037,"GRCh38-LRRC37A2","LRRC37A2","4c"
1.46368639700054e-08,1.05521462025822,0.456,0.255,0.00105827453875933,"GRCh38-SLC8A1","SLC8A1","4c"
1.46799117793123e-08,0.901558037288188,0.951,0.926,0.00106138698146784,"GRCh38-PPP1R12A","PPP1R12A","4c"
1.48067330564264e-08,0.854927316900208,0.631,0.42,0.00107055641344574,"GRCh38-FBXL18","FBXL18","4c"
1.49163574022676e-08,-0.46808525551359,0.447,0.711,0.00107848247289875,"GRCh38-CDC26","CDC26","4c"
1.49389987305388e-08,-0.380700705536555,0.845,0.957,0.00108011948621542,"GRCh38-PDLIM1","PDLIM1","4c"
1.49530493428269e-08,0.805995947655298,0.777,0.626,0.00108113537358507,"GRCh38-TENT5A","TENT5A","4c"
1.50388458943519e-08,1.17887493161041,0.835,0.815,0.00108733863585343,"GRCh38-UBR3","UBR3","4c"
1.50905735203507e-08,-0.520502775537067,0.214,0.485,0.00109107864666839,"GRCh38-ENSG00000238142","ENSG00000238142","4c"
1.51014224021357e-08,0.582934314314766,0.282,0.112,0.00109186304251922,"GRCh38-GALM","GALM","4c"
1.51311678608064e-08,1.13271583628375,0.184,0.058,0.00109401369867203,"GRCh38-ENSG00000286581","ENSG00000286581","4c"
1.51509499596193e-08,-0.456840117853679,0.359,0.659,0.00109544398398039,"GRCh38-MAPKAPK5-AS1","MAPKAPK5-AS1","4c"
1.51662993674818e-08,0.378774627440644,0.107,0.023,0.00109655377686767,"GRCh38-ENSG00000285838","ENSG00000285838","4c"
1.51794744646135e-08,0.776396225118771,0.816,0.723,0.00109750636274048,"GRCh38-SPTLC1","SPTLC1","4c"
1.53610368107007e-08,0.564438890803918,0.117,0.027,0.00111063368348728,"GRCh38-ENSG00000289222","ENSG00000289222","4c"
1.54373382648629e-08,-1.11952592830663,0.359,0.609,0.00111615043122612,"GRCh38-PRXL2A","PRXL2A","4c"
1.55434460150751e-08,1.03556086506344,0.738,0.592,0.00112382223378196,"GRCh38-KLHL18","KLHL18","4c"
1.56493479328084e-08,-0.53164199550418,0.592,0.83,0.00113147915423791,"GRCh38-COA6","COA6","4c"
1.57457858547719e-08,1.49528195382658,0.757,0.675,0.00113845180887172,"GRCh38-MAGI3","MAGI3","4c"
1.57586816314082e-08,0.473976039409367,0.573,0.338,0.00113938419931408,"GRCh38-DCAF15","DCAF15","4c"
1.58455429190692e-08,1.19277272594559,0.845,0.788,0.00114566444413454,"GRCh38-THADA","THADA","4c"
1.59255803357544e-08,0.975523034903119,0.825,0.723,0.00115145130943571,"GRCh38-MED15","MED15","4c"
1.59869616461815e-08,1.08000676053405,0.971,0.958,0.00115588930094221,"GRCh38-PRKDC","PRKDC","4c"
1.59945907570829e-08,-0.584092840809668,0.155,0.419,0.00115644090091861,"GRCh38-SCN1B","SCN1B","4c"
1.60775094817163e-08,-0.655061665335827,0.767,0.95,0.00116243609054705,"GRCh38-PRDX4","PRDX4","4c"
1.60924698316426e-08,0.918694108621666,0.816,0.654,0.00116351775376742,"GRCh38-PREP","PREP","4c"
1.63006408009685e-08,0.611925016878835,0.524,0.308,0.00117856893119163,"GRCh38-POMT2","POMT2","4c"
1.63236078736413e-08,0.733807944824914,0.777,0.595,0.00118022949648001,"GRCh38-KATNIP","KATNIP","4c"
1.63884591255916e-08,1.08237630966395,0.796,0.673,0.00118491837169852,"GRCh38-QRICH1","QRICH1","4c"
1.63924029340967e-08,-0.499433129383741,0.592,0.812,0.00118520351694106,"GRCh38-TMEM18","TMEM18","4c"
1.66321115862705e-08,0.84991121673175,0.903,0.76,0.00120253493191053,"GRCh38-AEBP2","AEBP2","4c"
1.66725656497969e-08,-1.06490576763985,0.777,0.948,0.00120545984161161,"GRCh38-MT1X","MT1X","4c"
1.67082768381483e-08,0.274006145679175,0.117,0.027,0.0012080418319518,"GRCh38-CLCA4","CLCA4","4c"
1.67105820510062e-08,0.980916711768871,0.903,0.833,0.00120820850345185,"GRCh38-SPECC1L","SPECC1L","4c"
1.6712550318317e-08,-0.443458086041823,0.66,0.889,0.00120835081311496,"GRCh38-VTI1B","VTI1B","4c"
1.67357418429783e-08,0.981911365058763,0.835,0.773,0.00121002760673102,"GRCh38-RNF169","RNF169","4c"
1.6813869116719e-08,0.674290794880089,0.845,0.787,0.00121567636487702,"GRCh38-CAPN7","CAPN7","4c"
1.68758392717656e-08,0.805025517837164,0.845,0.767,0.0012201569310272,"GRCh38-PAFAH1B2","PAFAH1B2","4c"
1.69030064930556e-08,0.402493457641049,0.33,0.142,0.00122212117546091,"GRCh38-PDCD6IP-DT","PDCD6IP-DT","4c"
1.70005446614141e-08,0.71084618984387,0.524,0.316,0.00122917338010956,"GRCh38-TEP1","TEP1","4c"
1.70920523758714e-08,0.949811124587214,0.796,0.645,0.00123578957088025,"GRCh38-TNPO2","TNPO2","4c"
1.71021883780497e-08,0.819572117789635,0.951,0.948,0.00123652242410975,"GRCh38-KIF5B","KIF5B","4c"
1.72319788871988e-08,0.941356052902512,0.845,0.743,0.00124590653750224,"GRCh38-MAPRE1","MAPRE1","4c"
1.73860158216854e-08,0.306019930585194,0.184,0.057,0.0012570437159395,"GRCh38-FAM178B","FAM178B","4c"
1.74627605781732e-08,0.682365590542904,0.243,0.09,0.00126259251532308,"GRCh38-LINC02832","LINC02832","4c"
1.74915132262634e-08,1.0838454252419,0.175,0.054,0.0012646713892853,"GRCh38-LINC01435","LINC01435","4c"
1.7500945738298e-08,1.4122189982925,0.689,0.505,0.00126535337877042,"GRCh38-CASC19","CASC19","4c"
1.75749350311523e-08,0.342033353262815,0.262,0.096,0.00127070295262238,"GRCm39-Samsn1","Samsn1","4c"
1.77587104226543e-08,0.641577245808136,0.68,0.464,0.00128399028097875,"GRCh38-MTMR9","MTMR9","4c"
1.78542953329064e-08,0.988175166162044,0.971,0.963,0.0012909012611598,"GRCh38-NIPBL","NIPBL","4c"
1.78974162000489e-08,0.921016768093467,0.825,0.736,0.00129401898609594,"GRCh38-CSPP1","CSPP1","4c"
1.80362485178763e-08,0.635106167009054,0.786,0.655,0.00130405684033949,"GRCh38-PIKFYVE","PIKFYVE","4c"
1.81353637758136e-08,0.616894103790422,0.573,0.373,0.00131122307171888,"GRCh38-MFAP3","MFAP3","4c"
1.81355990490488e-08,0.482719378342426,0.311,0.13,0.00131124008244433,"GRCh38-ENSG00000257526","ENSG00000257526","4c"
1.81508683063587e-08,1.06966394278238,0.699,0.558,0.00131234408028635,"GRCh38-GRK5","GRK5","4c"
1.83493073431575e-08,0.301284585824413,0.175,0.053,0.00132669161952497,"GRCh38-ZMAT4","ZMAT4","4c"
1.84152046624289e-08,0.823433548984041,0.417,0.211,0.00133145612750294,"GRCh38-SEMA3D","SEMA3D","4c"
1.84218417518206e-08,0.920905809724828,0.845,0.741,0.00133193600234013,"GRCh38-CERT1","CERT1","4c"
1.85556548403443e-08,0.814003621514226,0.67,0.443,0.00134161095626657,"GRCh38-CCNG2","CCNG2","4c"
1.86333868544144e-08,0.829429716957815,0.301,0.129,0.00134723113634787,"GRCh38-SEMA6A-AS1","SEMA6A-AS1","4c"
1.86386544314615e-08,0.609001285082309,0.65,0.44,0.00134761199270353,"GRCh38-RINT1","RINT1","4c"
1.88323074553974e-08,0.327114599058004,0.291,0.115,0.00136161349364014,"GRCh38-ABCA4","ABCA4","4c"
1.88654643526866e-08,0.592816838113495,0.641,0.409,0.00136401080362794,"GRCh38-C17orf80","C17orf80","4c"
1.88806083974351e-08,0.534843650632013,0.621,0.4,0.00136510574835135,"GRCh38-EDC3","EDC3","4c"
1.88919024661019e-08,0.696769191010389,0.854,0.743,0.0013659223321041,"GRCh38-ZC3H7A","ZC3H7A","4c"
1.89818961028323e-08,-0.410148125978089,0.825,0.954,0.00137242905202698,"GRCh38-TMEM14B","TMEM14B","4c"
1.89838254731904e-08,0.830170382311193,0.883,0.74,0.00137256854936261,"GRCh38-NUP160","NUP160","4c"
1.90136636111948e-08,1.12397144652919,0.864,0.804,0.0013747259064166,"GRCh38-HERC1","HERC1","4c"
1.902022402064e-08,-0.510270550997789,0.388,0.663,0.00137520023714031,"GRCh38-PLSCR3","PLSCR3","4c"
1.90204636602144e-08,0.330876781980225,0.165,0.048,0.00137521756356082,"GRCh38-ENSG00000288936","ENSG00000288936","4c"
1.91302656743813e-08,1.00811893661417,0.835,0.749,0.00138315646878912,"GRCh38-EXT2","EXT2","4c"
1.9227420846538e-08,0.426286940156901,0.738,0.622,0.00139018098204639,"GRCh38-SFN","SFN","4c"
1.93579222077921e-08,0.650250549294148,0.806,0.628,0.00139961649146779,"GRCh38-LANCL1","LANCL1","4c"
1.94958681823219e-08,0.819476709901429,0.155,0.043,0.00140959026131824,"GRCh38-LINC00871","LINC00871","4c"
1.95896446498466e-08,0.964559919344379,0.68,0.536,0.00141637048747321,"GRCh38-NIN","NIN","4c"
1.97207317577546e-08,-0.517464695605593,0.66,0.867,0.00142584834754917,"GRCh38-CHMP5","CHMP5","4c"
1.97267356867272e-08,1.09023440828412,0.796,0.731,0.00142628244362175,"GRCh38-PILRB","PILRB","4c"
1.98290251215788e-08,-0.591893727788802,0.612,0.353,0.00143367817434039,"GRCh38-SAA1","SAA1","4c"
1.98797899005762e-08,0.929920704075057,0.806,0.72,0.00143734856939146,"GRCh38-RANBP9","RANBP9","4c"
1.99043033935317e-08,-0.510407924115881,0.019,0.267,0.00143912094395913,"GRCh38-FOLR1","FOLR1","4c"
1.99362718220242e-08,0.549660420946922,0.602,0.396,0.001441432325276,"GRCh38-LINS1","LINS1","4c"
1.99591702678674e-08,0.757620031618832,0.699,0.534,0.00144308792870735,"GRCh38-ACOX1","ACOX1","4c"
1.99646691276088e-08,0.759704347417043,0.33,0.148,0.00144348550726437,"GRCh38-TNS4","TNS4","4c"
2.00880514684566e-08,0.278031843482227,0.204,0.067,0.00145240629727235,"GRCh38-ENSG00000236498","ENSG00000236498","4c"
2.00892981286788e-08,0.641895831347455,0.641,0.458,0.00145249643329973,"GRCh38-MED24","MED24","4c"
2.02477812346785e-08,0.704366593658142,0.854,0.741,0.00146395507882973,"GRCh38-WRNIP1","WRNIP1","4c"
2.03640535682046e-08,-0.540932016572292,0.184,0.471,0.00147236180108833,"GRCh38-SPANXD","SPANXD","4c"
2.0370227953394e-08,-0.548857185251069,0.767,0.927,0.00147280822148629,"GRCh38-CEBPD","CEBPD","4c"
2.04339790990271e-08,0.87370811662667,0.718,0.53,0.00147741755681786,"GRCh38-SLC38A10","SLC38A10","4c"
2.05007951547421e-08,0.889631262167274,0.932,0.897,0.00148224849127816,"GRCh38-ITCH","ITCH","4c"
2.05976308464141e-08,1.05112300311576,0.777,0.691,0.00148924990545743,"GRCh38-SKA2","SKA2","4c"
2.06051684049555e-08,-0.478640227986711,0.515,0.786,0.0014897948860151,"GRCh38-CRBN","CRBN","4c"
2.07318423912139e-08,-0.43798451455936,0.243,0.537,0.00149895366856954,"GRCh38-TMEM92","TMEM92","4c"
2.10253216269902e-08,0.301064028897772,0.243,0.088,0.00152017280427464,"GRCh38-CFLAR-AS1","CFLAR-AS1","4c"
2.10861772590812e-08,0.311978484145075,0.32,0.137,0.00152457278818609,"GRCh38-ENSG00000288744","ENSG00000288744","4c"
2.12388050316722e-08,0.79086455031898,0.777,0.662,0.00153560808139996,"GRCh38-TFB1M","TFB1M","4c"
2.12647183466469e-08,-0.417714069791266,0.184,0.462,0.00153748166589926,"GRCh38-TMEM42","TMEM42","4c"
2.13214599657355e-08,0.725335542713849,0.573,0.37,0.00154158419844261,"GRCh38-FLVCR1","FLVCR1","4c"
2.13812875031778e-08,1.25048881270998,0.835,0.803,0.00154590984905476,"GRCh38-GALNT1","GALNT1","4c"
2.15687480211222e-08,0.819368264947261,0.485,0.265,0.00155946361942318,"GRCh38-RBFOX1","RBFOX1","4c"
2.17417948798807e-08,0.929136508689012,0.883,0.793,0.00157197525340514,"GRCh38-MYO9B","MYO9B","4c"
2.17745397624462e-08,1.43831195205836,0.893,0.947,0.00157434277390439,"GRCh38-COL5A2","COL5A2","4c"
2.19079124863894e-08,1.13765075435859,0.408,0.202,0.00158398588859092,"GRCh38-MEG8","MEG8","4c"
2.20673702840783e-08,1.29680517320624,0.806,0.637,0.00159551500627943,"GRCh38-PIK3R3","PIK3R3","4c"
2.20985399571805e-08,0.271903422683728,0.243,0.086,0.00159776863598406,"GRCm39-Ppp1r15a","Ppp1r15a","4c"
2.21440571191821e-08,0.668610223426545,0.602,0.376,0.0016010596178311,"GRCh38-FAM185A","FAM185A","4c"
2.23462747614654e-08,0.585343405627496,0.631,0.414,0.00161568035780347,"GRCh38-DZIP1L","DZIP1L","4c"
2.24931027815312e-08,0.902118621118499,0.816,0.676,0.00162629631731027,"GRCh38-NVL","NVL","4c"
2.25124659923829e-08,0.703110584852724,0.806,0.713,0.00162769631618127,"GRCh38-RNF111","RNF111","4c"
2.25148420340914e-08,0.664961954197241,0.689,0.498,0.00162786810874887,"GRCh38-CMTR1","CMTR1","4c"
2.25969303546811e-08,0.285280806429162,0.291,0.114,0.00163380325850415,"GRCh38-DCUN1D3","DCUN1D3","4c"
2.28656788142113e-08,0.670351086609423,0.621,0.399,0.00165323430962511,"GRCh38-CENPQ","CENPQ","4c"
2.2881152369284e-08,0.705082722128539,0.65,0.446,0.00165435307860397,"GRCh38-AHDC1","AHDC1","4c"
2.31184971055833e-08,0.631738591923653,0.592,0.391,0.00167151357772789,"GRCh38-MTA2","MTA2","4c"
2.3210413818252e-08,1.05626067177672,0.883,0.774,0.00167815933988726,"GRCh38-VPS13D","VPS13D","4c"
2.32440153487999e-08,0.320995882587359,0.282,0.112,0.00168058879774893,"GRCh38-ENSG00000282917","ENSG00000282917","4c"
2.32754678873721e-08,1.14488107854033,0.748,0.605,0.00168286287919278,"GRCh38-KIF16B","KIF16B","4c"
2.32992346927937e-08,-0.553590877955594,0.592,0.829,0.00168458126675837,"GRCh38-AKR7A2","AKR7A2","4c"
2.33283196558895e-08,0.99208957800526,0.796,0.67,0.00168668416776012,"GRCh38-SYNE1","SYNE1","4c"
2.34975251686463e-08,-0.443800202467676,0.359,0.648,0.00169891806474346,"GRCh38-N4BP2L1","N4BP2L1","4c"
2.35306080972268e-08,0.336474091392859,0.146,0.04,0.00170131002664569,"GRCh38-ENSG00000289236","ENSG00000289236","4c"
2.36150322030329e-08,0.785747605370098,0.864,0.84,0.00170741405834368,"GRCh38-SLC39A10","SLC39A10","4c"
2.37226049774074e-08,-0.450456174599195,0.738,0.929,0.00171519178507651,"GRCh38-CPNE3","CPNE3","4c"
2.38824461043484e-08,0.630233845054721,0.932,0.912,0.0017267486182366,"GRCh38-H2AZ2","H2AZ2","4c"
2.3928089739024e-08,1.57190737788899,0.893,0.871,0.00173004874431091,"GRCh38-SEMA3C","SEMA3C","4c"
2.41630314701316e-08,0.621032302804748,0.447,0.242,0.00174703550135345,"GRCh38-ENTPD7","ENTPD7","4c"
2.44591205300866e-08,0.417400643356936,0.155,0.044,0.00176844333256632,"GRCh38-LAG3","LAG3","4c"
2.45881409338981e-08,0.458445407763324,0.204,0.067,0.0017777717658027,"GRCh38-ENSG00000230773","ENSG00000230773","4c"
2.47473656280409e-08,0.872654625288186,0.544,0.345,0.00178928402963861,"GRCh38-TAF4","TAF4","4c"
2.47527945850736e-08,0.367076255243938,0.272,0.106,0.00178967655408999,"GRCh38-ENSG00000249870","ENSG00000249870","4c"
2.50144933956626e-08,0.672593764614408,0.204,0.069,0.0018085979014932,"GRCh38-ERBB4","ERBB4","4c"
2.52367403700134e-08,0.696480720301273,0.379,0.185,0.00182466680223271,"GRCh38-RNLS","RNLS","4c"
2.543118079722e-08,1.06890934029568,0.718,0.646,0.0018387252340006,"GRCh38-UBE2O","UBE2O","4c"
2.55117053731853e-08,0.683448021813707,0.282,0.114,0.00184454732189204,"GRCh38-CCDC148","CCDC148","4c"
2.56214174532275e-08,0.713252617990284,0.709,0.535,0.00185247972470325,"GRCh38-SCAP","SCAP","4c"
2.56318165752694e-08,0.28803846768936,0.204,0.068,0.00185323160202513,"GRCh38-FAM13A-AS1","FAM13A-AS1","4c"
2.56441457310387e-08,0.713475349957893,0.699,0.531,0.00185412302464556,"GRCh38-MIOS","MIOS","4c"
2.56481903212915e-08,-0.624696878847514,0.786,0.93,0.00185441545661002,"GRCh38-G6PD","G6PD","4c"
2.59103188549291e-08,1.39497174743203,0.728,0.604,0.00187336787384908,"GRCh38-ATP1B1","ATP1B1","4c"
2.5929263726553e-08,0.649524153575228,0.612,0.402,0.00187473762595724,"GRCh38-CLCN6","CLCN6","4c"
2.59667397841323e-08,-0.431280413782235,0.971,0.985,0.00187744721987233,"GRCh38-RAC1","RAC1","4c"
2.60564906943752e-08,0.936901228862808,0.282,0.11,0.00188393639018471,"GRCh38-INHBA","INHBA","4c"
2.61032009012537e-08,0.411261923846467,0.466,0.257,0.00188731363156245,"GRCh38-WRAP53","WRAP53","4c"
2.64238304773805e-08,0.922601123199045,0.67,0.487,0.00191049579117557,"GRCh38-CYTH3","CYTH3","4c"
2.64381838905548e-08,0.645136888380554,0.631,0.437,0.00191153357165489,"GRCh38-GTPBP2","GTPBP2","4c"
2.64612631340723e-08,0.956632391883788,0.689,0.527,0.0019132022471197,"GRCh38-GALNT5","GALNT5","4c"
2.64613349728267e-08,0.565081643222604,0.311,0.133,0.00191320744120532,"GRCh38-TNFSF9","TNFSF9","4c"
2.64811882571626e-08,0.736709169815218,0.563,0.353,0.00191464287336937,"GRCh38-LMLN","LMLN","4c"
2.65388099067117e-08,1.43789840678817,0.437,0.228,0.00191880903387507,"GRCh38-MEG3","MEG3","4c"
2.67435848194515e-08,0.824915768158127,0.738,0.586,0.00193361466961598,"GRCh38-DENND6A","DENND6A","4c"
2.68276995065193e-08,0.42948550463299,0.495,0.266,0.00193969632972036,"GRCh38-SLC25A10","SLC25A10","4c"
2.69105820830003e-08,0.983130246316455,0.922,0.895,0.00194568890576509,"GRCh38-PITPNB","PITPNB","4c"
2.69610014453951e-08,0.285499837542128,0.311,0.13,0.00194933432650496,"GRCh38-ALG10B","ALG10B","4c"
2.69780580862959e-08,1.02071190930015,0.874,0.909,0.00195056755575536,"GRCh38-STAT3","STAT3","4c"
2.70684719837982e-08,-0.428278045915867,0.505,0.768,0.00195710466137258,"GRCh38-ZFAND1","ZFAND1","4c"
2.72297518719811e-08,-0.494552416504392,0.359,0.636,0.00196876551984798,"GRCh38-C11orf68","C11orf68","4c"
2.7308714213557e-08,-0.482325725322149,0.728,0.872,0.0019744746550686,"GRCh38-OXA1L","OXA1L","4c"
2.76161718363793e-08,1.12189591710494,0.757,0.629,0.0019967044561139,"GRCh38-IL4R","IL4R","4c"
2.76390263780987e-08,-0.589396930405204,0.65,0.862,0.00199835688518929,"GRCh38-MRPL22","MRPL22","4c"
2.76823312101101e-08,0.269167822177933,0.301,0.12,0.00200148791115338,"GRCh38-GPR143","GPR143","4c"
2.77689451600588e-08,1.08828465488056,0.66,0.485,0.00200775027296257,"GRCh38-ABCA6","ABCA6","4c"
2.80951305720796e-08,0.744961116621387,0.621,0.44,0.0020313341306225,"GRCh38-ALG9","ALG9","4c"
2.81285237330544e-08,0.802235628576988,0.748,0.628,0.0020337485229473,"GRCh38-GCN1","GCN1","4c"
2.84013125575723e-08,0.255775234362558,0.214,0.072,0.00205347170053759,"GRCm39-Fosb","Fosb","4c"
2.84120962124144e-08,0.470394482774861,0.194,0.064,0.00205425138034998,"GRCh38-ENSG00000287059","ENSG00000287059","4c"
2.84219877266349e-08,0.268158870184924,0.126,0.031,0.00205496655661115,"GRCh38-ENSG00000289855","ENSG00000289855","4c"
2.84610000592929e-08,-0.456591924637608,0.66,0.872,0.00205778722628699,"GRCh38-NT5C","NT5C","4c"
2.85688987057548e-08,1.3117964102771,0.913,0.883,0.00206558851422348,"GRCh38-SEPTIN9","SEPTIN9","4c"
2.90007332301001e-08,0.762725882250984,0.709,0.564,0.00209681101400269,"GRCh38-NIPA2","NIPA2","4c"
2.91111184409617e-08,0.267179802703716,0.165,0.048,0.00210479208551842,"GRCh38-NMU","NMU","4c"
2.92708661658437e-08,-0.495941317257616,0.612,0.84,0.00211634216552283,"GRCh38-EMC6","EMC6","4c"
2.93398066060715e-08,1.22256813202869,0.757,0.626,0.00212132669723218,"GRCh38-NLK","NLK","4c"
2.94119618884864e-08,0.400904679362183,0.35,0.161,0.00212654366846134,"GRCh38-ENSG00000233912","ENSG00000233912","4c"
2.94285983940603e-08,0.330228116600908,0.204,0.068,0.00212774652108734,"GRCh38-LINC01139","LINC01139","4c"
2.94594089425669e-08,0.820250585905239,0.32,0.136,0.00212997418536548,"GRCh38-EHF","EHF","4c"
2.96089663998583e-08,0.50742837475537,0.214,0.074,0.00214078748864256,"GRCh38-LINC00707","LINC00707","4c"
2.96410213538591e-08,0.400844618058348,0.301,0.122,0.00214310512592672,"GRCm39-Egr1","Egr1","4c"
2.96709106939818e-08,0.277099470873715,0.262,0.1,0.00214526618499628,"GRCh38-ENSG00000289119","ENSG00000289119","4c"
2.98100897004944e-08,0.765372803665082,0.67,0.481,0.00215532910552514,"GRCh38-TOP3A","TOP3A","4c"
3.00896499033615e-08,0.849724063187761,0.825,0.748,0.00217554186731284,"GRCh38-TMCO3","TMCO3","4c"
3.0168253571413e-08,-0.421845734694603,0.66,0.873,0.0021812250697203,"GRCh38-CLPP","CLPP","4c"
3.02794060831485e-08,0.432401466444353,0.117,0.028,0.0021892616186238,"GRCh38-AP3B2","AP3B2","4c"
3.03440610693456e-08,0.271053293269668,0.243,0.088,0.00219393630343583,"GRCm39-Cd68","Cd68","4c"
3.04029609245231e-08,0.599142412211329,0.359,0.171,0.00219819488076487,"GRCh38-H2AC8","H2AC8","4c"
3.04190592155744e-08,0.511047455130739,0.573,0.337,0.00219935881940446,"GRCh38-FRMD8","FRMD8","4c"
3.06005901544754e-08,0.334555310551969,0.359,0.156,0.00221248386934888,"GRCm39-C1qb","C1qb","4c"
3.06267375521703e-08,0.923989359824062,0.689,0.511,0.00221437437849702,"GRCh38-LINC00174","LINC00174","4c"
3.09312481207783e-08,0.789994569727726,0.903,0.862,0.00223639110162852,"GRCh38-CDK12","CDK12","4c"
3.11775848625859e-08,-0.466897836793382,0.553,0.784,0.00225420174073469,"GRCh38-SLX9","SLX9","4c"
3.12422100951802e-08,0.723179357683128,0.767,0.631,0.00225887427430172,"GRCh38-CASC3","CASC3","4c"
3.13583305420915e-08,0.56118255144078,0.612,0.38,0.0022672700148543,"GRCh38-ZNF267","ZNF267","4c"
3.15182542216832e-08,0.927535944136734,0.971,0.94,0.00227883281673614,"GRCh38-CHD9","CHD9","4c"
3.17310003221819e-08,1.18057103910217,0.835,0.765,0.00229421478529439,"GRCh38-TNFRSF10B","TNFRSF10B","4c"
3.17749941640368e-08,1.07276564371945,0.893,0.823,0.00229739562804819,"GRCh38-GATAD2A","GATAD2A","4c"
3.1805695147946e-08,-0.540358175940365,0.903,0.98,0.00229961537058679,"GRCh38-POMP","POMP","4c"
3.24709617578227e-08,0.992013319039769,0.835,0.742,0.0023477154770141,"GRCh38-PRMT3","PRMT3","4c"
3.28964623081882e-08,-0.467675202982762,0.825,0.952,0.00237848001780662,"GRCh38-C1QBP","C1QBP","4c"
3.32020161406826e-08,1.11975066570562,0.544,0.352,0.00240057217100364,"GRCh38-FAP","FAP","4c"
3.32086570961295e-08,0.864636374922324,0.728,0.622,0.00240105232536436,"GRCh38-GPR107","GPR107","4c"
3.3377157204884e-08,-0.607412431252307,0.971,0.988,0.00241323522022752,"GRCh38-PFN1","PFN1","4c"
3.3450079383078e-08,0.878736971142629,0.874,0.876,0.00241850763955531,"GRCh38-GOLPH3","GOLPH3","4c"
3.34777771063321e-08,0.417131960044698,0.155,0.045,0.00242051024034202,"GRCh38-PATL1-DT","PATL1-DT","4c"
3.37328947785063e-08,0.34508411826778,0.184,0.059,0.00243895575827556,"GRCh38-PRC1-AS1","PRC1-AS1","4c"
3.39416072915441e-08,0.781661758354976,0.573,0.365,0.00245404609039322,"GRCh38-MICALL1","MICALL1","4c"
3.41529387919059e-08,0.635533200503056,0.272,0.108,0.00246932578053238,"GRCh38-NMRAL2P","NMRAL2P","4c"
3.42863472239883e-08,0.872162982577369,0.913,0.79,0.0024789714769888,"GRCh38-NUP214","NUP214","4c"
3.43445996186569e-08,0.49699837307609,0.524,0.313,0.00248318324162813,"GRCh38-KLHL12","KLHL12","4c"
3.43681865613207e-08,0.32722537847141,0.223,0.08,0.00248488862475661,"GRCh38-ENSG00000224738","ENSG00000224738","4c"
3.47998377329201e-08,1.20333723294979,0.874,0.822,0.00251609786776559,"GRCh38-MAP3K5","MAP3K5","4c"
3.50434101107133e-08,0.770131882832421,0.825,0.716,0.0025337086378248,"GRCh38-N4BP1","N4BP1","4c"
3.53300587769576e-08,0.939353778763697,0.845,0.751,0.00255443390969159,"GRCh38-SLC7A1","SLC7A1","4c"
3.54414355547223e-08,1.05802736677851,0.883,0.85,0.00256248667347754,"GRCh38-MLLT10","MLLT10","4c"
3.56722274475064e-08,0.708464083340526,0.66,0.47,0.0025791733889096,"GRCh38-ANKRD52","ANKRD52","4c"
3.5855935006362e-08,0.841219138016732,0.835,0.69,0.00259245581282999,"GRCh38-CLCN3","CLCN3","4c"
3.58851760451802e-08,1.09884525292968,0.699,0.534,0.00259456999841862,"GRCh38-ENSG00000289944","ENSG00000289944","4c"
3.60885814982378e-08,0.771232463957803,0.903,0.887,0.00260927661948559,"GRCh38-DDX42","DDX42","4c"
3.6197794470415e-08,0.25845946526347,0.233,0.083,0.00261717293579995,"GRCm39-Cxcr2","Cxcr2","4c"
3.62336655976424e-08,1.21528471928404,1,0.979,0.00261976649004074,"GRCh38-DST","DST","4c"
3.63415514691347e-08,0.693781281655421,0.388,0.198,0.00262756685432137,"GRCh38-ZNF551","ZNF551","4c"
3.6766414732966e-08,0.807130040499605,0.524,0.319,0.00265828531802291,"GRCh38-HECA","HECA","4c"
3.69286947338262e-08,-0.416304240066978,0.631,0.869,0.0026700184866451,"GRCh38-SLC25A39","SLC25A39","4c"
3.7259583204612e-08,0.921815535081628,0.913,0.877,0.00269394238485986,"GRCh38-PIK3C2A","PIK3C2A","4c"
3.73237867642372e-08,0.743591033845048,0.67,0.527,0.00269858443062788,"GRCh38-TNKS1BP1","TNKS1BP1","4c"
3.73792274733403e-08,0.912855717430772,0.641,0.452,0.00270259290477745,"GRCh38-ATP10D","ATP10D","4c"
3.7401009444957e-08,0.86289236690949,0.806,0.745,0.00270416778488928,"GRCh38-DAZAP1","DAZAP1","4c"
3.76766489531777e-08,0.956124143669471,0.893,0.87,0.00272409707261265,"GRCh38-BMPR2","BMPR2","4c"
3.77505286893068e-08,-0.575839874353264,0.583,0.751,0.00272943872529426,"GRCh38-SLC27A4","SLC27A4","4c"
3.77709937310651e-08,1.13580378538311,0.534,0.342,0.00273091838874347,"GRCh38-CADPS2","CADPS2","4c"
3.78730596576325e-08,0.844168114170103,0.767,0.706,0.00273829795936615,"GRCh38-DNAJC3","DNAJC3","4c"
3.83430610698712e-08,0.664883173696141,0.738,0.566,0.00277228000147383,"GRCh38-KANSL3","KANSL3","4c"
3.91257653778753e-08,0.357575278376554,0.282,0.107,0.00282887108835114,"GRCm39-App","App","4c"
3.93411956704135e-08,0.849561426993845,0.262,0.103,0.00284444712936224,"GRCh38-ENSG00000275649","ENSG00000275649","4c"
3.97918494627356e-08,0.83494524537769,0.864,0.824,0.00287703029985471,"GRCh38-PFKP","PFKP","4c"
3.98253689008617e-08,0.988220872340875,0.816,0.715,0.0028794538222701,"GRCh38-TMEM245","TMEM245","4c"
4.06372700141647e-08,0.97011415381076,0.748,0.64,0.00293815589656414,"GRCh38-MIDEAS","MIDEAS","4c"
4.09375885856251e-08,0.668404733146232,0.68,0.48,0.00295986952991787,"GRCh38-CTNNAL1","CTNNAL1","4c"
4.10499841160631e-08,0.863194024711292,0.621,0.443,0.00296799595155959,"GRCh38-SHQ1","SHQ1","4c"
4.14626617717533e-08,0.654235105871804,0.67,0.497,0.0029978333714213,"GRCh38-CSGALNACT2","CSGALNACT2","4c"
4.15030689420058e-08,0.756777501844875,0.718,0.555,0.00300075489064491,"GRCh38-TRAK2","TRAK2","4c"
4.18339521023757e-08,0.884627075158668,0.738,0.571,0.00302467840490597,"GRCh38-PITRM1","PITRM1","4c"
4.19746230819387e-08,-0.628975697944523,0.039,0.28,0.00303484919807033,"GRCh38-EFHD1","EFHD1","4c"
4.23438403490065e-08,0.265254276748128,0.35,0.148,0.00306154434491387,"GRCm39-Rps3","Rps3","4c"
4.25481011060507e-08,1.06771931187444,0.845,0.844,0.00307631280616968,"GRCh38-SLC16A1","SLC16A1","4c"
4.25837274912538e-08,-0.482567722514458,0.845,0.956,0.00307888866507263,"GRCh38-ATP5F1A","ATP5F1A","4c"
4.27092228463249e-08,1.06108673030021,0.767,0.716,0.00308796223023498,"GRCh38-RAPGEF1","RAPGEF1","4c"
4.27384190880923e-08,1.2660464516348,0.854,0.76,0.00309007317690725,"GRCh38-SCFD2","SCFD2","4c"
4.28121215136044e-08,0.55018561089255,0.369,0.173,0.00309540200967662,"GRCh38-ENSG00000285517","ENSG00000285517","4c"
4.28326816261643e-08,0.848145183973234,0.932,0.893,0.00309688854693493,"GRCh38-NCKAP1","NCKAP1","4c"
4.3104688921573e-08,0.35511160886402,0.117,0.028,0.00311655521840757,"GRCh38-LINC01579","LINC01579","4c"
4.31941094363115e-08,0.839725259205117,0.631,0.451,0.0031230205004642,"GRCh38-CDS2","CDS2","4c"
4.33000670321481e-08,0.352918717707366,0.291,0.124,0.00313068144655837,"GRCh38-ZNF324B","ZNF324B","4c"
4.3330243664737e-08,-0.565043621588584,0.417,0.653,0.00313286327744782,"GRCh38-PCBD1","PCBD1","4c"
4.34982332233188e-08,0.467965095721885,0.165,0.05,0.0031450092585124,"GRCh38-ENSG00000286334","ENSG00000286334","4c"
4.35155812842373e-08,1.17825103554253,0.874,0.882,0.00314626355801292,"GRCh38-DNAJB6","DNAJB6","4c"
4.35905184262859e-08,-0.715314859932759,0.835,0.915,0.00315168166325733,"GRCh38-TM4SF1","TM4SF1","4c"
4.36502218884687e-08,0.722806220085218,0.845,0.783,0.00315599834298006,"GRCh38-NUDCD3","NUDCD3","4c"
4.37233583037371e-08,0.764617665949533,0.728,0.573,0.0031612862520768,"GRCh38-NPAT","NPAT","4c"
4.37775268469523e-08,-0.836228831304244,0.476,0.697,0.00316520274608834,"GRCh38-CFI","CFI","4c"
4.39786928856925e-08,0.617028304128999,0.33,0.151,0.00317974745302134,"GRCh38-ZNF365","ZNF365","4c"
4.40368651489497e-08,0.279618467561323,0.301,0.12,0.00318395342399936,"GRCm39-Npc2","Npc2","4c"
4.42886292095902e-08,1.27058940725744,0.981,0.942,0.00320215646911179,"GRCh38-PTK2","PTK2","4c"
4.43513512440846e-08,0.873536769599439,0.728,0.594,0.0032066913976498,"GRCh38-JPT2","JPT2","4c"
4.44826969552273e-08,0.78529001207432,0.68,0.477,0.00321618795525684,"GRCh38-EED","EED","4c"
4.51527835516842e-08,1.12116950529858,0.845,0.719,0.00326463655635387,"GRCh38-GALNT7","GALNT7","4c"
4.52270168876842e-08,0.311362365845073,0.175,0.054,0.00327000377501335,"GRCh38-CNTNAP3C","CNTNAP3C","4c"
4.54208307019722e-08,0.47825580909496,0.311,0.13,0.003284016901414,"GRCh38-ENSG00000248752","ENSG00000248752","4c"
4.54222564637024e-08,0.334651341135619,0.155,0.045,0.00328411998683861,"GRCh38-ENSG00000249335","ENSG00000249335","4c"
4.5447891520866e-08,0.362860449375401,0.175,0.053,0.00328597345274166,"GRCh38-ENSG00000255202","ENSG00000255202","4c"
4.55987707442703e-08,-0.391204755991923,0.932,0.974,0.00329688232235223,"GRCh38-EIF3H","EIF3H","4c"
4.58391739379988e-08,0.804932895374105,0.621,0.456,0.00331426395406519,"GRCh38-LNX2","LNX2","4c"
4.60874638341075e-08,0.761756686557442,0.796,0.629,0.00333221581013364,"GRCh38-ZDHHC17","ZDHHC17","4c"
4.66061298044457e-08,-0.335747493750434,0.864,0.966,0.00336971639712103,"GRCh38-CNBP","CNBP","4c"
4.66381954293548e-08,0.715865405094303,0.65,0.451,0.00337203480593321,"GRCh38-LSS","LSS","4c"
4.6735418026795e-08,0.585693958455961,0.447,0.246,0.00337906419417333,"GRCh38-NT5DC3","NT5DC3","4c"
4.80344505843191e-08,0.902896142068887,0.767,0.615,0.00347298684614744,"GRCh38-NF2","NF2","4c"
4.80753623058057e-08,0.445212214283558,0.272,0.107,0.00347594484543437,"GRCh38-MDGA1","MDGA1","4c"
4.80881869063949e-08,-0.479207849449076,0.893,0.973,0.00347687208970617,"GRCh38-COX8A","COX8A","4c"
4.82544078345429e-08,0.812466523852873,0.699,0.544,0.00348889019525312,"GRCh38-DCAF1","DCAF1","4c"
4.8271674429876e-08,0.291516940179282,0.282,0.114,0.00349013860462889,"GRCh38-LINC00641","LINC00641","4c"
4.84852980067243e-08,-0.515954739039853,0.854,0.967,0.00350558401648218,"GRCh38-SH3BGRL3","SH3BGRL3","4c"
4.87399935474349e-08,0.801401575884555,0.621,0.445,0.00352399901346663,"GRCh38-PER1","PER1","4c"
4.92806626047819e-08,0.269183103489492,0.272,0.105,0.00356309046765094,"GRCm39-Rac1","Rac1","4c"
4.92811784866008e-08,0.284667472386076,0.359,0.156,0.00356312776693821,"GRCm39-Rpl37a","Rpl37a","4c"
4.92936168425608e-08,0.779389728722411,0.951,0.934,0.00356402708495083,"GRCh38-PCM1","PCM1","4c"
4.93290857493365e-08,0.560538297317512,0.398,0.195,0.00356659155784853,"GRCh38-C1QTNF7-AS1","C1QTNF7-AS1","4c"
4.94388130863034e-08,0.250553951734379,0.233,0.085,0.00357452506376591,"GRCh38-ENSG00000203325","ENSG00000203325","4c"
4.94848075780359e-08,0.954582502805345,0.893,0.872,0.00357785055750715,"GRCh38-TFDP1","TFDP1","4c"
4.96324565764301e-08,0.746133237593175,0.718,0.554,0.00358852587538905,"GRCh38-PLAA","PLAA","4c"
4.97127929853524e-08,0.605569760297693,0.573,0.381,0.00359433435842695,"GRCh38-CCAR2","CCAR2","4c"
4.9920321812812e-08,0.723575947983725,0.932,0.921,0.00360933910770993,"GRCh38-MKLN1","MKLN1","4c"
5.01043351167728e-08,-0.43937780656722,0.087,0.349,0.0036226436376129,"GRCh38-KCNK15-AS1","KCNK15-AS1","4c"
5.0423630303458e-08,-0.441152667705599,0.417,0.705,0.00364572931820062,"GRCh38-NAT14","NAT14","4c"
5.04471097499577e-08,0.322360710220091,0.252,0.094,0.00364742692914144,"GRCm39-Emilin2","Emilin2","4c"
5.05073745043696e-08,0.926433175058094,0.845,0.784,0.00365178419141493,"GRCh38-ALDH7A1","ALDH7A1","4c"
5.07974159025535e-08,0.889474800690554,0.825,0.804,0.00367275476458642,"GRCh38-VEZT","VEZT","4c"
5.0984643367092e-08,0.814864563116393,0.806,0.761,0.00368629168472749,"GRCh38-TMEM65","TMEM65","4c"
5.11063250613117e-08,0.361328088174251,0.184,0.06,0.00369508951458296,"GRCh38-ENSG00000267379","ENSG00000267379","4c"
5.13087727112534e-08,0.947301396944824,0.951,0.934,0.00370972688456904,"GRCh38-AFF4","AFF4","4c"
5.14629396115451e-08,0.86722801809774,0.66,0.496,0.00372087345979394,"GRCh38-SERINC5","SERINC5","4c"
5.14808072407351e-08,-0.458480384803191,0.485,0.754,0.00372216532511963,"GRCh38-THYN1","THYN1","4c"
5.15357165868949e-08,1.62533837858499,0.99,0.953,0.00372613538066568,"GRCh38-DPYD","DPYD","4c"
5.18053426840624e-08,0.928262818292082,0.796,0.728,0.00374562988674308,"GRCh38-C6orf62","C6orf62","4c"
5.18648362078024e-08,-0.651654312868788,0.66,0.859,0.00374993138749653,"GRCh38-TBCB","TBCB","4c"
5.21305198204823e-08,0.668597950936951,0.602,0.405,0.00376914084406051,"GRCh38-TUBD1","TUBD1","4c"
5.2391309950619e-08,-0.401912036203453,0.825,0.966,0.00378799649204966,"GRCh38-SEM1","SEM1","4c"
5.24208314070901e-08,1.24539930660713,0.379,0.194,0.00379013095239543,"GRCh38-EMCN","EMCN","4c"
5.24400540742169e-08,0.392167448631195,0.204,0.069,0.00379152078967403,"GRCh38-ENSG00000232633","ENSG00000232633","4c"
5.24935259196497e-08,0.70808007033001,0.631,0.448,0.00379538691104251,"GRCh38-LIN7C","LIN7C","4c"
5.25788663610641e-08,0.853206001523755,0.777,0.679,0.00380155719563765,"GRCh38-ECD","ECD","4c"
5.28382474260679e-08,-0.459050158041935,0.699,0.924,0.00382031096539956,"GRCh38-NDUFA6","NDUFA6","4c"
5.28795537197661e-08,0.646428147156078,0.757,0.654,0.00382329749304653,"GRCh38-ERO1A","ERO1A","4c"
5.28848380175933e-08,0.967625709919794,0.757,0.629,0.00382367955834803,"GRCh38-BPNT2","BPNT2","4c"
5.3057150184072e-08,0.487673321149066,0.272,0.11,0.00383613807260877,"GRCh38-PLEKHH1","PLEKHH1","4c"
5.30718839617968e-08,1.43303140727552,0.447,0.231,0.00383720335420583,"GRCh38-LINC01060","LINC01060","4c"
5.36507557654041e-08,1.05450660666564,0.874,0.81,0.00387905694335025,"GRCh38-ABL2","ABL2","4c"
5.36610393468875e-08,0.444346370909327,0.262,0.104,0.00387980046685866,"GRCh38-ARAP2","ARAP2","4c"
5.41259990975798e-08,-0.585708770090569,0.33,0.584,0.00391341798675322,"GRCh38-S100A3","S100A3","4c"
5.41493119898062e-08,1.19725658294981,0.631,0.443,0.00391510355548697,"GRCh38-EDIL3-DT","EDIL3-DT","4c"
5.4612557261454e-08,0.387768261775243,0.282,0.117,0.00394859711511765,"GRCh38-RBM15-AS1","RBM15-AS1","4c"
5.47275262987792e-08,1.14621462489799,0.922,0.871,0.00395690960645433,"GRCh38-FBXO11","FBXO11","4c"
5.57740727406544e-08,0.728483056787489,0.903,0.887,0.0040325770072948,"GRCh38-PPP1CB","PPP1CB","4c"
5.59001849402473e-08,0.896213967560605,0.563,0.402,0.00404169517154976,"GRCh38-C6orf141","C6orf141","4c"
5.64052822269478e-08,0.445753936285421,0.126,0.033,0.00407821471557278,"GRCh38-ENSG00000285091","ENSG00000285091","4c"
5.66947061551702e-08,0.807504330235453,0.573,0.41,0.00409914064443112,"GRCh38-STK35","STK35","4c"
5.6775195950613e-08,0.364282213500711,0.408,0.205,0.00410496021762122,"GRCh38-CDAN1","CDAN1","4c"
5.70902296478275e-08,0.566991273058957,0.689,0.491,0.00412773778399722,"GRCh38-CRYBB2P1","CRYBB2P1","4c"
5.71754910931475e-08,0.554716798725232,0.718,0.552,0.00413390235701675,"GRCh38-SLC33A1","SLC33A1","4c"
5.78313394074946e-08,0.916442086406444,0.913,0.936,0.00418132150184068,"GRCh38-WAC","WAC","4c"
5.79693296493634e-08,0.344756125873196,0.252,0.093,0.00419129847230827,"GRCm39-Syk","Syk","4c"
5.80893930439552e-08,1.0589281521806,0.825,0.709,0.00419997929586405,"GRCh38-LPCAT1","LPCAT1","4c"
5.81644694971712e-08,-0.433441195947522,0.437,0.72,0.00420540747358447,"GRCh38-HMGCL","HMGCL","4c"
5.84166445754692e-08,1.10923832486545,0.816,0.727,0.00422364023609558,"GRCh38-ATRN","ATRN","4c"
5.84646158918908e-08,-0.524080052932148,0.757,0.879,0.00422710865821549,"GRCh38-UTP14A","UTP14A","4c"
5.90363196879198e-08,0.98360744026458,0.641,0.469,0.00426844398607598,"GRCh38-STK38L","STK38L","4c"
5.9126784468564e-08,1.13132707577165,0.845,0.759,0.00427498477064611,"GRCh38-PDE8A","PDE8A","4c"
5.9386180453595e-08,1.11565663141481,0.825,0.706,0.00429373961915583,"GRCh38-ELP4","ELP4","4c"
5.93872738334377e-08,0.734808512894389,0.718,0.539,0.00429381867270521,"GRCh38-STXBP4","STXBP4","4c"
5.94251483128136e-08,0.741357962505209,0.893,0.816,0.00429655707331305,"GRCh38-SURF4","SURF4","4c"
5.98957349910538e-08,0.927861625581362,0.903,0.9,0.00433058143132317,"GRCh38-G3BP1","G3BP1","4c"
5.99748386310985e-08,0.299068086206626,0.291,0.121,0.00433630078270569,"GRCh38-ENSG00000290514","ENSG00000290514","4c"
6.02350721465372e-08,-0.617647469705014,0.107,0.367,0.00435511618633894,"GRCh38-MLXIPL","MLXIPL","4c"
6.03995481066253e-08,0.606622281624692,0.67,0.498,0.00436700812720522,"GRCh38-YKT6","YKT6","4c"
6.07642648951486e-08,0.28593103572839,0.175,0.055,0.00439337788044904,"GRCh38-ENSG00000288704","ENSG00000288704","4c"
6.12345336071569e-08,0.835885596527179,0.845,0.801,0.00442737924886466,"GRCh38-UBR1","UBR1","4c"
6.13438019177476e-08,0.570732371966182,0.35,0.167,0.00443527956625699,"GRCh38-LINC02595","LINC02595","4c"
6.14594571338584e-08,0.750404738228541,0.631,0.425,0.00444364166969223,"GRCh38-ATAD3A","ATAD3A","4c"
6.17304162387763e-08,0.611696186564081,0.175,0.055,0.004463232554896,"GRCh38-FAM222A","FAM222A","4c"
6.18843901134419e-08,-0.469108278050219,0.35,0.616,0.00447436517398208,"GRCh38-SNAPIN","SNAPIN","4c"
6.22791704361313e-08,-0.472399206084824,0.32,0.596,0.00450290858087317,"GRCh38-HTRA2","HTRA2","4c"
6.23419280668837e-08,0.51094879643372,0.175,0.054,0.00450744608309183,"GRCh38-ENSG00000235538","ENSG00000235538","4c"
6.23484579318855e-08,-0.533926144647075,0.738,0.924,0.00450791820539118,"GRCh38-MMADHC","MMADHC","4c"
6.24113029123995e-08,-0.528146703569726,0.631,0.84,0.00451246202317231,"GRCh38-AP1S1","AP1S1","4c"
6.24211508018638e-08,0.702347764283028,0.748,0.571,0.00451317404527635,"GRCh38-UVSSA","UVSSA","4c"
6.27621141837444e-08,0.882946046894634,0.748,0.641,0.00453782637971309,"GRCh38-WASHC5","WASHC5","4c"
6.28565537258332e-08,-0.379453338630205,0.786,0.929,0.00454465454748519,"GRCh38-TXNL4A","TXNL4A","4c"
6.28816651872636e-08,0.633708480182366,0.709,0.563,0.00454647015636953,"GRCh38-ARL6IP6","ARL6IP6","4c"
6.30252681187801e-08,0.786147798959089,0.922,0.953,0.00455685293552404,"GRCh38-CALU","CALU","4c"
6.38972693630344e-08,1.01323102361926,0.718,0.587,0.00461990036948611,"GRCh38-PRKCE","PRKCE","4c"
6.3993295376092e-08,0.606786518614202,0.641,0.438,0.00462684324228221,"GRCh38-IFT122","IFT122","4c"
6.41234968776689e-08,0.937015922484501,0.942,0.945,0.00463625707124922,"GRCh38-OSBPL8","OSBPL8","4c"
6.43601234035129e-08,1.04153683068097,0.573,0.368,0.00465336564232079,"GRCh38-TNIK","TNIK","4c"
6.45141984019479e-08,0.565711772367533,0.592,0.374,0.00466450557285764,"GRCh38-LRRCC1","LRRCC1","4c"
6.52087444072101e-08,0.458466020313219,0.485,0.285,0.0047147226381301,"GRCh38-RECQL5","RECQL5","4c"
6.56621024789567e-08,1.15464482262929,0.689,0.58,0.00474750133343353,"GRCh38-MAN2A1","MAN2A1","4c"
6.63418317707551e-08,0.845415029706905,0.495,0.3,0.00479664712068914,"GRCh38-CROCC","CROCC","4c"
6.66853937134189e-08,0.665931368122752,0.612,0.433,0.00482148733626762,"GRCh38-PARP2","PARP2","4c"
6.696538958229e-08,0.908320674933743,0.796,0.765,0.00484173159757873,"GRCh38-ZNF462","ZNF462","4c"
6.7012755920124e-08,0.959695185039816,0.825,0.783,0.0048451562785368,"GRCh38-ILRUN","ILRUN","4c"
6.70576432193945e-08,0.766377646322785,0.699,0.612,0.00484840172004866,"GRCh38-NUP133","NUP133","4c"
6.71625545360253e-08,-0.481707165233922,0.252,0.523,0.0048559870180637,"GRCh38-TST","TST","4c"
6.76146834280794e-08,0.624874887914333,0.544,0.333,0.00488867684121699,"GRCh38-STIMATE","STIMATE","4c"
6.76337990934459e-08,-0.490612401782574,0.709,0.871,0.00489005894205432,"GRCh38-EAPP","EAPP","4c"
6.78688997097119e-08,0.400473280652569,0.408,0.189,0.00490705718681159,"GRCh38-CTAG2","CTAG2","4c"
6.81479628819647e-08,1.13214283572291,0.631,0.455,0.00492723401229181,"GRCh38-TACC2","TACC2","4c"
6.88341409474158e-08,0.886444502927641,0.748,0.672,0.00497684605878006,"GRCh38-NAT10","NAT10","4c"
6.99105536679457e-08,0.818470185936227,0.68,0.521,0.00505467285129981,"GRCh38-ZDHHC13","ZDHHC13","4c"
6.99512610110498e-08,0.932216459613762,0.767,0.633,0.00505761607362093,"GRCh38-ARHGEF11","ARHGEF11","4c"
7.06506346329415e-08,-0.419399265166082,0.68,0.888,0.00510818218523094,"GRCh38-ARL2BP","ARL2BP","4c"
7.06781385622942e-08,-0.394075275517304,0.32,0.641,0.005110170774331,"GRCh38-CADM1","CADM1","4c"
7.07268156091535e-08,-0.509478949984547,0.816,0.959,0.00511369022217301,"GRCh38-CSTB","CSTB","4c"
7.08017860717557e-08,-0.461158307606054,0.777,0.936,0.00511911073656008,"GRCh38-TCEAL9","TCEAL9","4c"
7.08362145593089e-08,-0.476403285003883,0.515,0.739,0.00512159998506715,"GRCh38-CDC34","CDC34","4c"
7.08448645361593e-08,0.297563721150872,0.233,0.085,0.00512222539569339,"GRCm39-Atp6v0e","Atp6v0e","4c"
7.24364185357254e-08,0.253837813609864,0.33,0.139,0.00523729793297002,"GRCm39-Rps15a","Rps15a","4c"
7.2447658337721e-08,1.05768571299118,0.893,0.869,0.0052381105931339,"GRCh38-RFX7","RFX7","4c"
7.26726733101632e-08,-0.445807899325941,0.718,0.897,0.00525437962567142,"GRCh38-FAAP20","FAAP20","4c"
7.34633204004225e-08,0.587712607557471,0.466,0.262,0.00531154499159135,"GRCh38-EAF1","EAF1","4c"
7.35086964163407e-08,0.296277948763344,0.146,0.041,0.00531482576829427,"GRCh38-RASSF10","RASSF10","4c"
7.43170163489739e-08,-0.535398455276588,0.68,0.85,0.00537326891606351,"GRCh38-SHMT2","SHMT2","4c"
7.44975372754639e-08,0.543349079373151,0.631,0.442,0.00538632094009059,"GRCh38-SLC4A2","SLC4A2","4c"
7.45279279533391e-08,1.38732914591187,0.728,0.617,0.00538851824688232,"GRCh38-NLRP1","NLRP1","4c"
7.46066200969326e-08,0.388542393670656,0.379,0.178,0.00539420784624842,"GRCh38-TYMSOS","TYMSOS","4c"
7.47999912479581e-08,0.296194538516637,0.243,0.092,0.00540818896720986,"GRCh38-ZNF20","ZNF20","4c"
7.50871293572705e-08,0.49556335526156,0.243,0.095,0.00542894962678937,"GRCh38-LINC02265","LINC02265","4c"
7.51296416161914e-08,1.22201041029551,0.854,0.791,0.00543202334813387,"GRCh38-RPTOR","RPTOR","4c"
7.55314741871299e-08,0.305949233500405,0.194,0.065,0.00546107664667787,"GRCh38-DTX4","DTX4","4c"
7.56750867661841e-08,0.98192566445195,0.825,0.744,0.00547146012336864,"GRCh38-PPP1R12B","PPP1R12B","4c"
7.62628167634437e-08,1.05826166568669,0.447,0.254,0.0055139541776305,"GRCh38-ADAM19","ADAM19","4c"
7.66073290502277e-08,1.57334713134448,0.748,0.673,0.00553886310498956,"GRCh38-PBX3","PBX3","4c"
7.67689762499945e-08,0.336941808673941,0.184,0.059,0.0055505505208271,"GRCh38-MYEF2","MYEF2","4c"
7.68324463169681e-08,-0.355771549988515,0.456,0.739,0.00555513953360943,"GRCh38-TRIM47","TRIM47","4c"
7.68574306661756e-08,-0.398480007657711,0.573,0.827,0.00555694595202583,"GRCh38-CHCHD1","CHCHD1","4c"
7.70412732141799e-08,0.609668213240741,0.806,0.685,0.00557023813593164,"GRCh38-CHAMP1","CHAMP1","4c"
7.72301457636819e-08,0.427186557010696,0.155,0.046,0.00558389399900573,"GRCh38-ENSG00000285699","ENSG00000285699","4c"
7.73253187630793e-08,0.426606293785023,0.301,0.131,0.00559077519720816,"GRCh38-LINC01135","LINC01135","4c"
7.77220459110817e-08,1.18853424473792,0.767,0.703,0.00561945936346303,"GRCh38-CPQ","CPQ","4c"
7.82714132307859e-08,0.764933819289662,0.854,0.791,0.00565917971941228,"GRCh38-RAB22A","RAB22A","4c"
7.85908205189748e-08,0.867168775334041,0.864,0.818,0.00568227350516292,"GRCh38-FAM3C","FAM3C","4c"
7.90074885968547e-08,0.293260864722537,0.33,0.143,0.00571239944052979,"GRCh38-THBD","THBD","4c"
7.92661219425038e-08,0.882572459452294,0.757,0.653,0.00573109914868691,"GRCh38-TOM1L2","TOM1L2","4c"
7.96502663017835e-08,0.714320453526555,0.612,0.458,0.00575887355415155,"GRCh38-TAPT1","TAPT1","4c"
8.13249416432844e-08,0.37863443828209,0.223,0.082,0.00587995593069275,"GRCh38-OVOL2","OVOL2","4c"
8.1387305119808e-08,1.08340730391895,0.757,0.642,0.00588446493477236,"GRCh38-UBTD2","UBTD2","4c"
8.29830952754741e-08,1.17225913893318,0.893,0.839,0.00599984375460733,"GRCh38-LINC01473","LINC01473","4c"
8.33910818642667e-08,0.752241267013786,0.854,0.816,0.00602934200095021,"GRCh38-YEATS2","YEATS2","4c"
8.37887371987285e-08,1.03838376492196,0.553,0.363,0.00605809327694247,"GRCh38-COL4A2","COL4A2","4c"
8.39422132717124e-08,0.522257539518347,0.437,0.227,0.00606918990397135,"GRCh38-HDAC9","HDAC9","4c"
8.39919645442764e-08,0.867149828371421,0.951,0.969,0.00607278702048027,"GRCh38-FUS","FUS","4c"
8.41211483074473e-08,0.505654060128958,0.485,0.274,0.00608212726492506,"GRCh38-ZNF180","ZNF180","4c"
8.43726539517156e-08,0.89846908300034,0.456,0.266,0.00610031162601694,"GRCh38-ANKRD44","ANKRD44","4c"
8.45081891290954e-08,0.894515040115762,0.728,0.641,0.00611011109041186,"GRCh38-CMTM6","CMTM6","4c"
8.45426238370841e-08,-0.509069662963513,0.806,0.944,0.00611260078866886,"GRCh38-ERH","ERH","4c"
8.48477378050268e-08,-0.563063902009009,0.359,0.618,0.00613466113877905,"GRCh38-SAMD1","SAMD1","4c"
8.48922697193874e-08,0.522819253287578,0.709,0.509,0.00613788088525115,"GRCh38-ATG13","ATG13","4c"
8.50703976615729e-08,-0.438448458482643,0.437,0.682,0.00615075989172704,"GRCh38-GSTZ1","GSTZ1","4c"
8.51154545864159e-08,-0.36490365235025,0.709,0.934,0.00615401759750704,"GRCh38-TAF10","TAF10","4c"
8.55790352338998e-08,0.581386799067979,0.563,0.367,0.00618753540548142,"GRCh38-RNF185","RNF185","4c"
8.56556887751732e-08,0.634687919009364,0.631,0.437,0.00619307760982258,"GRCh38-C18orf25","C18orf25","4c"
8.59015963252373e-08,0.837067518526134,0.485,0.279,0.0062108572175073,"GRCh38-CMTM7","CMTM7","4c"
8.60461761966576e-08,-0.535699545817057,0.961,0.983,0.00622131063137074,"GRCh38-SUB1","SUB1","4c"
8.7026719654074e-08,0.279669716008663,0.272,0.11,0.00629220588442886,"GRCh38-LRRC51","LRRC51","4c"
8.74174678746966e-08,0.886577864890741,0.874,0.825,0.00632045776227631,"GRCh38-MAP4K3","MAP4K3","4c"
8.77491889372005e-08,0.947436841884552,0.883,0.794,0.00634444185853747,"GRCh38-PACSIN2","PACSIN2","4c"
8.77635814316347e-08,1.15744828098637,0.816,0.701,0.00634548246467005,"GRCh38-MAST2","MAST2","4c"
8.7868071691553e-08,1.07520097915967,0.903,0.846,0.00635303731944266,"GRCh38-TRERF1","TRERF1","4c"
8.78858952194148e-08,0.810613695085443,0.757,0.618,0.00635432599615413,"GRCh38-ALMS1","ALMS1","4c"
8.83562997329009e-08,-0.460531002597485,0.379,0.644,0.0063883371832882,"GRCh38-GEMIN6","GEMIN6","4c"
8.86568937555193e-08,0.929642590618179,0.932,0.901,0.00641007073231156,"GRCh38-BLTP1","BLTP1","4c"
8.89474900667352e-08,0.412030108230701,0.709,0.464,0.00643108142680509,"GRCh38-RFC2","RFC2","4c"
8.91016111993147e-08,1.02907695744727,0.806,0.735,0.00644222469293285,"GRCh38-CKAP4","CKAP4","4c"
9.01790506727776e-08,1.03472529138417,0.942,0.93,0.00652012572174317,"GRCh38-LINC-PINT","LINC-PINT","4c"
9.17962409488591e-08,-0.608882276653689,0.136,0.39,0.00663705181308441,"GRCh38-DENND2A","DENND2A","4c"
9.23400550113951e-08,0.370689015998874,0.427,0.219,0.00667637065743389,"GRCh38-IRGQ","IRGQ","4c"
9.26579635280357e-08,-1.39507503287079,0.369,0.586,0.00669935607900404,"GRCh38-SLPI","SLPI","4c"
9.28545431479886e-08,-0.516193447248168,0.573,0.784,0.00671356917868587,"GRCh38-C14orf119","C14orf119","4c"
9.31851242959586e-08,1.04129487266368,0.573,0.375,0.0067374708568464,"GRCh38-WDR47","WDR47","4c"
9.38707859072308e-08,0.298796580595164,0.359,0.164,0.0067870455626646,"GRCh38-FANCG","FANCG","4c"
9.40830424625382e-08,0.649273425449505,0.641,0.478,0.00680239213612644,"GRCh38-PHF12","PHF12","4c"
9.44667581819287e-08,0.914265223420815,0.922,0.921,0.00683013555006981,"GRCh38-PRRC2B","PRRC2B","4c"
9.52019374020794e-08,0.970749150047793,0.699,0.548,0.00688329047804515,"GRCh38-TRAF3IP2-AS1","TRAF3IP2-AS1","4c"
9.54292378519999e-08,0.939301754172792,0.883,0.823,0.0068997247551753,"GRCh38-LARP4B","LARP4B","4c"
9.56012632687415e-08,1.21876747845799,0.903,0.94,0.00691216253685655,"GRCh38-USP9X","USP9X","4c"
9.64871729994816e-08,0.342433834199365,0.262,0.105,0.00697621558220852,"GRCh38-GLB1L3","GLB1L3","4c"
9.68663270133252e-08,0.767020623135669,0.641,0.496,0.00700362917571744,"GRCh38-FASN","FASN","4c"
9.70962367913847e-08,0.302384707967571,0.146,0.041,0.0070202521124907,"GRCh38-ENSG00000248242","ENSG00000248242","4c"
9.73940769751586e-08,0.780778497125724,0.699,0.515,0.00704178655345791,"GRCh38-PHLDB1","PHLDB1","4c"
9.75093898541007e-08,0.926730232616631,0.835,0.724,0.00705012390523119,"GRCh38-HMBOX1","HMBOX1","4c"
9.75283415158862e-08,0.513060669825776,0.485,0.282,0.00705149414828161,"GRCh38-ENSG00000264895","ENSG00000264895","4c"
9.82351756769739e-08,-0.461749773747341,0.777,0.958,0.00710259967179657,"GRCh38-MDH2","MDH2","4c"
9.99840744185787e-08,1.35991533644845,0.903,0.903,0.00722904854861208,"GRCh38-NAV1","NAV1","4c"
1.00121982688463e-07,0.755997265674727,0.437,0.245,0.00723901959234128,"GRCh38-MCF2L2","MCF2L2","4c"
1.0022531624925e-07,0.90342794478053,0.68,0.548,0.00724649081545328,"GRCh38-SRD5A1","SRD5A1","4c"
1.00541066355714e-07,0.322465657665553,0.311,0.138,0.00726932017965082,"GRCh38-ZKSCAN2-DT","ZKSCAN2-DT","4c"
1.01578460614342e-07,-0.422192453137305,0.806,0.959,0.00734432585933818,"GRCh38-PDCD5","PDCD5","4c"
1.0188975889378e-07,0.613614935717997,0.67,0.487,0.00736683334753807,"GRCh38-ZNF12","ZNF12","4c"
1.02273659256898e-07,-0.643797555161843,0.728,0.899,0.00739459011159223,"GRCh38-KRT7","KRT7","4c"
1.02638531616472e-07,1.24064641093916,0.893,0.911,0.00742097111293417,"GRCh38-ARIH1","ARIH1","4c"
1.03356983439459e-07,-0.388466582879199,0.854,0.95,0.00747291661663977,"GRCh38-RALA","RALA","4c"
1.0346224066665e-07,0.498401727527612,0.417,0.228,0.00748052692468013,"GRCh38-ZNF202","ZNF202","4c"
1.03519284184915e-07,0.606276242403578,0.67,0.462,0.00748465128513772,"GRCh38-ANXA2R-OT1","ANXA2R-OT1","4c"
1.04333527510717e-07,-0.455715029099154,0.592,0.792,0.00754352270607989,"GRCh38-MRPL45","MRPL45","4c"
1.05070388513998e-07,1.06046898615508,0.854,0.82,0.00759679923033908,"GRCh38-NFE2L1","NFE2L1","4c"
1.0530192766255e-07,-0.485443255539605,0.447,0.672,0.00761353997385768,"GRCh38-GPANK1","GPANK1","4c"
1.05549248123042e-07,-0.466829975759581,0.34,0.607,0.00763142173779216,"GRCh38-GSTM4","GSTM4","4c"
1.05566459099789e-07,1.17979955725466,0.922,0.916,0.00763266612583298,"GRCh38-RSRC1","RSRC1","4c"
1.05650280071371e-07,-0.427658763695205,0.427,0.684,0.00763872654972029,"GRCh38-NFKBIL1","NFKBIL1","4c"
1.06196525762999e-07,-0.449946616476266,0.777,0.905,0.00767822120571634,"GRCh38-HEXA","HEXA","4c"
1.06529633800422e-07,0.952768560829862,0.456,0.266,0.00770230558303812,"GRCh38-CNTNAP3","CNTNAP3","4c"
1.06908441110599e-07,0.951394288067287,0.942,0.946,0.00772969410917856,"GRCh38-NAP1L4","NAP1L4","4c"
1.07600298893939e-07,0.345735768812666,0.204,0.071,0.0077797168106296,"GRCh38-ENSG00000284634","ENSG00000284634","4c"
1.08030115418605e-07,-0.526927321265238,0.117,0.364,0.00781079340499597,"GRCh38-PODNL1","PODNL1","4c"
1.08100219760556e-07,-0.53355988197597,0.748,0.887,0.00781586208912769,"GRCh38-COPZ1","COPZ1","4c"
1.08444471829757e-07,0.865693345577785,0.796,0.654,0.00784075220223513,"GRCh38-INO80D","INO80D","4c"
1.08791264794594e-07,0.716947978211393,0.35,0.166,0.00786582602717875,"GRCh38-KCNIP4","KCNIP4","4c"
1.09294035374608e-07,0.293288131170741,0.214,0.077,0.00790217734565489,"GRCh38-LINC02326","LINC02326","4c"
1.09674761172551e-07,-0.437797116792185,0.437,0.694,0.00792970458229781,"GRCh38-TPD52L1","TPD52L1","4c"
1.1041116869533e-07,-0.355538417181349,0.835,0.959,0.00798294831900977,"GRCh38-ATP6V0E1","ATP6V0E1","4c"
1.1064516607755e-07,0.621125526563622,0.903,0.885,0.00799986679773904,"GRCh38-SNRNP70","SNRNP70","4c"
1.10679424236914e-07,0.730928048234852,0.825,0.73,0.00800234373117736,"GRCh38-DHX8","DHX8","4c"
1.10904604509302e-07,-0.451820874779991,0.485,0.742,0.00801862471523156,"GRCh38-DNASE1L1","DNASE1L1","4c"
1.11188419981346e-07,0.936467399853974,0.786,0.706,0.00803914514149129,"GRCh38-CYB5R4","CYB5R4","4c"
1.11265498031287e-07,1.10781967500991,0.99,0.978,0.00804471803865811,"GRCh38-PVT1","PVT1","4c"
1.11600547419704e-07,0.866673359877574,0.883,0.855,0.00806894277953947,"GRCh38-FBXW11","FBXW11","4c"
1.12699331333937e-07,0.352325255458257,0.155,0.047,0.00814838705410629,"GRCh38-LINC02669","LINC02669","4c"
1.13633692163383e-07,0.658042198327798,0.728,0.569,0.0082159432107969,"GRCh38-PATL1","PATL1","4c"
1.13651016680223e-07,0.740751660602678,0.767,0.61,0.00821719580801345,"GRCh38-UBN2","UBN2","4c"
1.13900758060634e-07,0.765350967422968,0.738,0.597,0.00823525260929996,"GRCh38-PRICKLE2","PRICKLE2","4c"
1.18082891087857e-07,1.09110356076089,0.922,0.947,0.00853762919143425,"GRCh38-RAI14","RAI14","4c"
1.18135556346567e-07,0.454651027742234,0.408,0.212,0.00854143699496945,"GRCh38-HIF1A-AS3","HIF1A-AS3","4c"
1.18653703399561e-07,0.626602080152116,0.573,0.399,0.00857890006319509,"GRCh38-PHAF1","PHAF1","4c"
1.19383418132944e-07,0.669723475930514,0.728,0.555,0.00863165989784808,"GRCh38-SAMHD1","SAMHD1","4c"
1.19896945234145e-07,1.02948399271144,0.845,0.778,0.00866878893431918,"GRCh38-FOXN3","FOXN3","4c"
1.20227364553941e-07,-0.443843987141183,0.32,0.575,0.00869267891197908,"GRCh38-CREB3L1","CREB3L1","4c"
1.20327167830457e-07,-0.476193903285979,0.777,0.922,0.00869989488847769,"GRCh38-DCTN2","DCTN2","4c"
1.2034270100925e-07,-0.477950820702199,0.544,0.77,0.00870101796837082,"GRCh38-METTL23","METTL23","4c"
1.20346993322102e-07,0.73304379668586,0.68,0.555,0.00870132831117463,"GRCh38-GDAP2","GDAP2","4c"
1.2060791823081e-07,-0.416768176419218,0.796,0.947,0.00872019370392404,"GRCh38-THOC7","THOC7","4c"
1.2095178678994e-07,0.992211159624297,0.854,0.798,0.00874505608848621,"GRCh38-OXCT1","OXCT1","4c"
1.21398979912942e-07,0.662540407436317,0.583,0.385,0.00877738904566557,"GRCh38-PAQR3","PAQR3","4c"
1.22123943241074e-07,1.06383957239322,0.68,0.538,0.00882980534421614,"GRCh38-STK10","STK10","4c"
1.22592174181959e-07,0.917606148948984,0.874,0.811,0.00886365937770398,"GRCh38-CCSER2","CCSER2","4c"
1.22600651196951e-07,0.883294313821706,0.806,0.688,0.00886427228284193,"GRCh38-TMED5","TMED5","4c"
1.22726721101585e-07,0.415315514586868,0.282,0.123,0.00887338738908678,"GRCh38-DNAJC3-DT","DNAJC3-DT","4c"
1.22752659554659e-07,1.08365977245152,0.709,0.608,0.00887526279112099,"GRCh38-STIM1","STIM1","4c"
1.23550967878197e-07,-0.420436752195509,0.699,0.883,0.00893298207952937,"GRCh38-CTDNEP1","CTDNEP1","4c"
1.23825566770403e-07,1.2970758233433,0.786,0.63,0.00895283612863366,"GRCh38-PRELID2","PRELID2","4c"
1.24625795185212e-07,1.14902124747634,0.553,0.352,0.00901069424348118,"GRCh38-MAN1A1","MAN1A1","4c"
1.26911937715168e-07,1.07345104797412,0.971,0.958,0.0091759869206821,"GRCh38-ASAP1","ASAP1","4c"
1.27181477076757e-07,0.964656843953848,0.175,0.057,0.00919547515560372,"GRCh38-ENSG00000288957","ENSG00000288957","4c"
1.2841781307155e-07,0.850107689267278,0.932,0.937,0.00928486472069918,"GRCh38-KMT2C","KMT2C","4c"
1.28565261799884e-07,-0.535815683948013,0.777,0.926,0.00929552555865521,"GRCh38-CBR1","CBR1","4c"
1.2863343047542e-07,-0.520560382593981,0.825,0.941,0.00930045429023383,"GRCh38-MRPL52","MRPL52","4c"
1.295621454095e-07,0.829987088712149,0.932,0.923,0.00936760223739766,"GRCh38-CUL4A","CUL4A","4c"
1.29607502574367e-07,0.548851749530061,0.515,0.307,0.00937088165113192,"GRCh38-LZTR1","LZTR1","4c"
1.29622829943985e-07,0.993570654929351,0.738,0.611,0.00937198985061,"GRCh38-HECW1","HECW1","4c"
1.29659711587543e-07,1.05589452138307,0.806,0.705,0.00937465646720252,"GRCh38-PEAK1","PEAK1","4c"
1.30155527713969e-07,0.692180395614256,0.262,0.107,0.00941050496477536,"GRCh38-STX5-DT","STX5-DT","4c"
1.3016103506497e-07,-0.40065149065109,0.854,0.959,0.00941090315726747,"GRCh38-SNX6","SNX6","4c"
1.30404627949137e-07,-0.431353429485746,0.922,0.97,0.00942851540997849,"GRCh38-BSG","BSG","4c"
1.31184662550796e-07,0.417495286986786,0.534,0.318,0.00948491347174769,"GRCh38-FLCN","FLCN","4c"
1.32508675201896e-07,-0.547218704805471,0.942,0.99,0.00958064223444748,"GRCh38-YBX1","YBX1","4c"
1.33757388865087e-07,0.66410655192745,0.718,0.559,0.00967092672972353,"GRCh38-STAM2","STAM2","4c"
1.34026929748538e-07,0.758081661465425,0.767,0.628,0.00969041507467882,"GRCh38-C1orf159","C1orf159","4c"
1.35103150424978e-07,0.292197935544328,0.146,0.042,0.00976822798202675,"GRCh38-LINC01768","LINC01768","4c"
1.35553590370166e-07,1.00446636792393,0.932,0.891,0.00980079569094377,"GRCh38-NSD1","NSD1","4c"
1.36389860510227e-07,-0.463021052158422,0.32,0.572,0.00986125969461042,"GRCh38-ST6GALNAC6","ST6GALNAC6","4c"
1.37152216709317e-07,0.360107926585051,0.583,0.368,0.00991637957251704,"GRCh38-PRIM1","PRIM1","4c"
1.37528606516528e-07,0.7989693415169,0.835,0.789,0.00994359330835797,"GRCh38-FBXL5","FBXL5","4c"
1.37694600568701e-07,0.804540762139943,0.903,0.863,0.00995559501031819,"GRCh38-CDC73","CDC73","4c"
1.38449416080887e-07,0.673270197483025,0.806,0.713,0.0100101696814803,"GRCh38-COG3","COG3","4c"
1.38460647979046e-07,0.899142716783055,0.65,0.494,0.010010981770181,"GRCh38-HS3ST3A1","HS3ST3A1","4c"
1.38946860678008e-07,0.980089698250581,0.796,0.756,0.0100461359207413,"GRCh38-RASA2","RASA2","4c"
1.39031450991744e-07,0.865085948688384,0.932,0.945,0.0100522519696051,"GRCh38-EIF3B","EIF3B","4c"
1.39605579111042e-07,0.820434954924963,0.728,0.585,0.0100937625808865,"GRCh38-FGD6","FGD6","4c"
1.40237768914707e-07,0.499628831757413,0.32,0.137,0.0101394711680712,"GRCm39-Lrg1","Lrg1","4c"
1.40932604498586e-07,0.759916910647874,0.738,0.551,0.0101897091704567,"GRCh38-FAM193B","FAM193B","4c"
1.41110949412213e-07,1.00196138880885,0.864,0.823,0.0102026038644018,"GRCh38-NAA15","NAA15","4c"
1.41349283071113e-07,0.952094934369538,0.767,0.711,0.0102198358646076,"GRCh38-SESTD1","SESTD1","4c"
1.42496407795269e-07,-0.603574999020394,0.709,0.857,0.0103027752764136,"GRCh38-MAGED2","MAGED2","4c"
1.43015591806122e-07,1.0051745234302,0.854,0.736,0.0103403133187662,"GRCh38-PDSS2","PDSS2","4c"
1.43657216133686e-07,0.540361218384992,0.699,0.48,0.0103867040408978,"GRCh38-DCAF17","DCAF17","4c"
1.44593410147114e-07,0.787971334041765,0.524,0.339,0.0104543927404566,"GRCh38-PFAS","PFAS","4c"
1.45120286975702e-07,0.55732401762279,0.612,0.414,0.0104924869889172,"GRCh38-POMK","POMK","4c"
1.4575825639711e-07,0.639727611584183,0.563,0.356,0.0105386134540239,"GRCh38-NPHP4","NPHP4","4c"
1.46034681329723e-07,0.721563974618018,0.738,0.601,0.0105585995295017,"GRCh38-USP42","USP42","4c"
1.47075501701632e-07,0.806077205243687,0.903,0.922,0.0106338529240314,"GRCh38-CCDC47","CCDC47","4c"
1.47285844431939e-07,0.873279280614764,0.806,0.724,0.0106490611241181,"GRCh38-EXOC2","EXOC2","4c"
1.47370727205253e-07,-0.348146742426997,0.505,0.759,0.0106551983183942,"GRCh38-NCBP2AS2","NCBP2AS2","4c"
1.47804094712788e-07,0.787996752611542,0.835,0.772,0.010686531655924,"GRCh38-TOR1AIP2","TOR1AIP2","4c"
1.47888302827417e-07,0.488499851995824,0.398,0.205,0.0106926200710279,"GRCh38-MNS1","MNS1","4c"
1.48641678849589e-07,0.804248998627995,0.796,0.702,0.010747090664183,"GRCh38-VOPP1","VOPP1","4c"
1.49542108854641e-07,0.392395979317674,0.233,0.087,0.0108121935544083,"GRCm39-Pde4b","Pde4b","4c"
1.49595021667709e-07,1.24460070233254,0.282,0.125,0.0108160192566187,"GRCh38-ITGBL1","ITGBL1","4c"
1.498403801992e-07,0.915117343156733,0.806,0.734,0.0108337591691626,"GRCh38-UMAD1","UMAD1","4c"
1.50017406433033e-07,0.826815630331517,0.835,0.774,0.0108465585199211,"GRCh38-SLC25A13","SLC25A13","4c"
1.505376673124e-07,-0.278655840821623,0.146,0.416,0.0108841744220211,"GRCh38-TRNP1","TRNP1","4c"
1.51029222656248e-07,-0.483020408881575,0.748,0.919,0.010919714856492,"GRCh38-MDH1","MDH1","4c"
1.51655368015309e-07,0.503347908945956,0.388,0.19,0.0109649864182429,"GRCh38-BDKRB1","BDKRB1","4c"
1.51807596890979e-07,0.42240167384569,0.165,0.052,0.0109759928704116,"GRCm39-Hmgb3","Hmgb3","4c"
1.53102219505088e-07,0.982156163564766,0.913,0.866,0.0110695966746569,"GRCh38-NUMB","NUMB","4c"
1.53719466421501e-07,-0.399435392244032,0.825,0.94,0.0111142248612073,"GRCh38-CPNE1","CPNE1","4c"
1.54074554865131e-07,0.997767563903348,0.825,0.74,0.0111398984658587,"GRCh38-PRORP","PRORP","4c"
1.5408750614696e-07,-0.464591503563581,0.146,0.409,0.0111408348694375,"GRCh38-ENSG00000260604","ENSG00000260604","4c"
1.54255164696064e-07,0.274472565102932,0.204,0.07,0.0111529569178548,"GRCm39-Calr","Calr","4c"
1.54417807460547e-07,0.658960609861402,0.786,0.671,0.0111647163150125,"GRCh38-GOLGA1","GOLGA1","4c"
1.55195746675569e-07,0.454486543793294,0.621,0.409,0.011220962876137,"GRCh38-GBA2","GBA2","4c"
1.560491668651e-07,0.809216824424199,0.786,0.718,0.0112826668626804,"GRCh38-EPC2","EPC2","4c"
1.57164909871058e-07,0.270163951588527,0.311,0.136,0.0113633373134972,"GRCh38-ENSG00000286314","ENSG00000286314","4c"
1.57779414531089e-07,0.262150078409928,0.223,0.081,0.0114077672294268,"GRCm39-Fndc3a","Fndc3a","4c"
1.57933466333236e-07,0.91859028775689,0.757,0.647,0.0114189054828256,"GRCh38-WDR44","WDR44","4c"
1.58351756730534e-07,1.10565796447154,0.913,0.868,0.0114491487151311,"GRCh38-KPNA4","KPNA4","4c"
1.58747647394201e-07,0.707845323998651,0.806,0.718,0.0114777724018956,"GRCh38-WDR26","WDR26","4c"
1.58770783687897e-07,0.769341160013647,0.515,0.307,0.0114794452022023,"GRCh38-DGKG","DGKG","4c"
1.60374860041277e-07,0.699034783159005,0.825,0.714,0.0115954231307044,"GRCh38-RBBP8","RBBP8","4c"
1.60485711014639e-07,-0.427913496412031,0.437,0.69,0.0116034378777804,"GRCh38-TWIST1","TWIST1","4c"
1.60608835248917e-07,0.725499175592991,0.932,0.946,0.0116123400061672,"GRCh38-BCLAF1","BCLAF1","4c"
1.60656966129074e-07,0.276450452799788,0.233,0.087,0.0116158199650643,"GRCh38-LINC00683","LINC00683","4c"
1.61494526130246e-07,-0.425036872407618,0.592,0.886,0.0116763772282691,"GRCh38-TERF2IP","TERF2IP","4c"
1.61940197008307e-07,0.474203761529244,0.447,0.245,0.0117086001240946,"GRCh38-H4C5","H4C5","4c"
1.63437817779823e-07,0.467299376560979,0.34,0.159,0.0118168811011168,"GRCh38-FAXDC2","FAXDC2","4c"
1.64397427950691e-07,-0.556765076745536,0.553,0.797,0.0118862628356909,"GRCh38-CETN2","CETN2","4c"
1.65093707108032e-07,0.723542437683005,0.417,0.228,0.0119366052113249,"GRCh38-CNNM4","CNNM4","4c"
1.65536222227627e-07,0.66264124162881,0.728,0.508,0.0119685999395019,"GRCh38-TRIM14","TRIM14","4c"
1.6613195828705e-07,0.55790027605519,0.534,0.335,0.0120116728480703,"GRCh38-ERVK13-1","ERVK13-1","4c"
1.66150093968836e-07,0.856492534525392,0.68,0.523,0.0120129840941347,"GRCh38-PCBP1-AS1","PCBP1-AS1","4c"
1.70335505465365e-07,0.872023978743718,0.33,0.16,0.0123155977161568,"GRCh38-SAMMSON","SAMMSON","4c"
1.71100134814677e-07,0.639840431768625,0.777,0.627,0.0123708819473707,"GRCh38-GFM1","GFM1","4c"
1.71905941285003e-07,0.671723579562196,0.291,0.134,0.0124291433667883,"GRCh38-CTH","CTH","4c"
1.71970147928913e-07,0.713241765230004,0.66,0.493,0.0124337856355563,"GRCh38-RANBP10","RANBP10","4c"
1.7202033072543e-07,0.458294156161393,0.165,0.052,0.01243741395211,"GRCh38-LSMEM1","LSMEM1","4c"
1.72049111463059e-07,0.943944544922654,0.738,0.695,0.0124394948570021,"GRCh38-YTHDF3","YTHDF3","4c"
1.73070837750179e-07,1.56937030983291,0.583,0.369,0.0125133677110135,"GRCh38-LINC01091","LINC01091","4c"
1.73170209546869e-07,0.905839299761249,0.845,0.805,0.0125205524906578,"GRCh38-PHC3","PHC3","4c"
1.73209519973086e-07,0.881861508452301,0.456,0.263,0.0125233947130941,"GRCh38-SOX9","SOX9","4c"
1.73440285241929e-07,1.04027847686889,0.903,0.907,0.0125400795035619,"GRCh38-PLOD2","PLOD2","4c"
1.76773430592152e-07,0.814433895671233,0.631,0.461,0.0127810725786737,"GRCh38-TLE3","TLE3","4c"
1.77330191433436e-07,0.256453396110658,0.136,0.038,0.0128213275010203,"GRCh38-ENSG00000259199","ENSG00000259199","4c"
1.77504499034375e-07,1.08078837148841,0.699,0.541,0.0128339302891834,"GRCh38-STK39","STK39","4c"
1.7816003703899e-07,0.776129185013839,0.845,0.738,0.0128813269979931,"GRCh38-TAF2","TAF2","4c"
1.7848929294745e-07,0.718941895191655,0.845,0.696,0.0129051328586865,"GRCh38-REPS1","REPS1","4c"
1.79591329134484e-07,-1.04868989853764,0.515,0.734,0.0129848122790815,"GRCh38-PKIB","PKIB","4c"
1.79688191988918e-07,-0.467431678766561,0.748,0.911,0.0129918156571828,"GRCh38-GNB2","GNB2","4c"
1.79886824953069e-07,0.769490443326623,0.699,0.536,0.0130061772177568,"GRCh38-ACAD11","ACAD11","4c"
1.79938800021122e-07,1.12829958846412,0.825,0.783,0.0130099351191272,"GRCh38-FARS2","FARS2","4c"
1.81254675036784e-07,1.17521203507757,0.922,0.94,0.0131050755145096,"GRCh38-FAF1","FAF1","4c"
1.83427497739032e-07,1.0488551365126,0.874,0.911,0.0132621749415275,"GRCh38-NAMPT","NAMPT","4c"
1.8378606307461e-07,0.526770995200173,0.456,0.268,0.0132880999324204,"GRCh38-BRPF3","BRPF3","4c"
1.84425401933515e-07,0.664180147284507,0.825,0.749,0.013334325410597,"GRCh38-RPRD1A","RPRD1A","4c"
1.8467307093637e-07,-0.381444528128231,0.65,0.892,0.0133522323748414,"GRCh38-NDUFA2","NDUFA2","4c"
1.85409322491573e-07,1.12642288310132,0.942,0.941,0.0134054648347857,"GRCh38-TCF12","TCF12","4c"
1.85477793058098e-07,0.71666522321419,0.68,0.518,0.0134104153936866,"GRCh38-DAG1","DAG1","4c"
1.85729897166386e-07,0.273047107993209,0.233,0.09,0.0134286430249241,"GRCh38-DLEU2L","DLEU2L","4c"
1.86925756946955e-07,-0.318726274955901,0.68,0.856,0.0135151060787788,"GRCh38-SMIM7","SMIM7","4c"
1.87183063334061e-07,-0.468938428907759,0.728,0.893,0.0135337098451792,"GRCh38-NELFE","NELFE","4c"
1.88624987170813e-07,0.719279986589575,0.291,0.134,0.0136379638224242,"GRCh38-NRIP3","NRIP3","4c"
1.88896512252201e-07,0.313252726754473,0.184,0.061,0.0136575956288586,"GRCm39-Arhgap24","Arhgap24","4c"
1.89011086976588e-07,0.627157186522276,0.583,0.367,0.0136658796105813,"GRCh38-CPEB3","CPEB3","4c"
1.89781687922391e-07,0.757127283700524,0.583,0.374,0.0137215956001647,"GRCh38-RSL1D1-DT","RSL1D1-DT","4c"
1.90064852781577e-07,-0.486705466423739,0.903,0.97,0.0137420689858135,"GRCh38-CD99","CD99","4c"
1.90974056533993e-07,0.563604076871494,0.417,0.224,0.0138078062355207,"GRCh38-PSTPIP2","PSTPIP2","4c"
1.91004211032925e-07,0.801696321014241,0.68,0.574,0.0138099864661025,"GRCh38-RNF121","RNF121","4c"
1.91365294212826e-07,0.659372635277968,0.67,0.524,0.0138360935021757,"GRCh38-TRIM26","TRIM26","4c"
1.92686895657234e-07,1.06036114866751,0.874,0.854,0.0139316479298093,"GRCh38-UBAP2","UBAP2","4c"
1.93151849810628e-07,-0.275829622478523,0.932,0.976,0.0139652650450081,"GRCh38-ANXA5","ANXA5","4c"
1.95672380434385e-07,0.343583424681564,0.359,0.167,0.0141475044501669,"GRCh38-AEN","AEN","4c"
1.96043309509293e-07,0.534456406002472,0.66,0.507,0.0141743233641409,"GRCh38-MCM7","MCM7","4c"
1.96594290359926e-07,-0.461783363069873,0.641,0.881,0.0142141603816034,"GRCh38-AHCY","AHCY","4c"
1.97049665082871e-07,0.9296287633414,0.922,0.861,0.0142470848848218,"GRCh38-SMG6","SMG6","4c"
1.97673233618224e-07,0.390252390324618,0.369,0.184,0.0142921701370649,"GRCh38-ENSG00000289469","ENSG00000289469","4c"
1.98071384458781e-07,0.906091338849378,0.854,0.891,0.0143209572391388,"GRCh38-RHEB","RHEB","4c"
1.99026853549166e-07,0.834454786860221,0.806,0.776,0.0143900395653118,"GRCh38-ZNF451","ZNF451","4c"
1.99732041028847e-07,0.478864444350856,0.165,0.052,0.0144410260304677,"GRCh38-IDO2","IDO2","4c"
2.00155731917364e-07,-0.526646592017493,0.699,0.881,0.0144716597290893,"GRCh38-ECI1","ECI1","4c"
2.00720955784132e-07,0.455271024820014,0.291,0.122,0.0145125265451043,"GRCh38-PCSK1","PCSK1","4c"
2.00861751100373e-07,0.759601063102101,0.796,0.749,0.0145227063280592,"GRCh38-RPRD2","RPRD2","4c"
2.02005490218366e-07,0.865725743465435,0.845,0.765,0.0146054009537683,"GRCh38-MBTD1","MBTD1","4c"
2.02535166048748e-07,0.583850596742917,0.612,0.434,0.0146436975756566,"GRCh38-ZBTB41","ZBTB41","4c"
2.02644165539908e-07,1.41698305898566,0.913,0.878,0.0146515784568664,"GRCh38-MIR100HG","MIR100HG","4c"
2.04653647014244e-07,0.559484908614834,0.524,0.323,0.0147968679864239,"GRCh38-TEX261","TEX261","4c"
2.05620114815031e-07,1.09522234957062,0.806,0.754,0.0148667455413564,"GRCh38-RND3","RND3","4c"
2.09682955579086e-07,0.291983456698343,0.243,0.092,0.0151604970542791,"GRCm39-Zfp36l2","Zfp36l2","4c"
2.10322588195271e-07,-0.43629382968755,0.67,0.848,0.0152067437716945,"GRCh38-SNX17","SNX17","4c"
2.10650097876636e-07,0.560992630684231,0.155,0.048,0.0152304233766765,"GRCh38-ENSG00000267011","ENSG00000267011","4c"
2.11764485136558e-07,0.734754407810041,0.883,0.841,0.0153109958043434,"GRCh38-PRKAA1","PRKAA1","4c"
2.11884190482512e-07,0.758964331084699,0.718,0.556,0.0153196507402666,"GRCh38-CRLF3","CRLF3","4c"
2.12379553883976e-07,0.308405950785962,0.291,0.128,0.0153554665049192,"GRCh38-MRPS31P5","MRPS31P5","4c"
2.12719420189983e-07,0.491519741229452,0.466,0.263,0.0153800395185761,"GRCh38-DONSON","DONSON","4c"
2.13139369420216e-07,0.690006987631444,0.311,0.139,0.0154104026878205,"GRCh38-MARCHF1","MARCHF1","4c"
2.13184064837852e-07,1.23938464094135,0.359,0.174,0.0154136342559064,"GRCh38-TOX","TOX","4c"
2.13839275616404e-07,1.2483889371188,0.427,0.228,0.0154610073056172,"GRCh38-ARG2","ARG2","4c"
2.13894209852136e-07,0.539323782549611,0.66,0.486,0.0154649791607292,"GRCh38-MSANTD2","MSANTD2","4c"
2.14295235316203e-07,1.08439923554383,0.845,0.778,0.0154939741038321,"GRCh38-CREB5","CREB5","4c"
2.17767678166169e-07,-0.465738069194312,0.408,0.676,0.0157450386667704,"GRCh38-ACOT8","ACOT8","4c"
2.18198155158782e-07,1.13922352208419,0.825,0.752,0.0157761630142903,"GRCh38-ST3GAL3","ST3GAL3","4c"
2.19795376412841e-07,1.18893153932033,0.786,0.63,0.0158916453054012,"GRCh38-KANTR","KANTR","4c"
2.20295167982722e-07,0.700661801556359,0.495,0.303,0.0159277812354867,"GRCh38-KAT2B","KAT2B","4c"
2.20367621045837e-07,0.776827578157495,0.932,0.899,0.0159330197368561,"GRCh38-ZNF292","ZNF292","4c"
2.20455193459991e-07,0.443460215874989,0.417,0.227,0.0159393513975443,"GRCh38-NEU3","NEU3","4c"
2.20660341109268e-07,0.940472809733559,0.845,0.792,0.0159541839828823,"GRCh38-MTR","MTR","4c"
2.21020442143367e-07,-0.464303615552819,0.165,0.425,0.0159802200078497,"GRCh38-ENSG00000291156","ENSG00000291156","4c"
2.21584874710138e-07,0.755795873961253,0.796,0.68,0.0160210296112924,"GRCh38-ZC3H18","ZC3H18","4c"
2.21856431453927e-07,0.627876194950857,0.806,0.662,0.0160406637069818,"GRCh38-NUP88","NUP88","4c"
2.22472096598967e-07,0.634706257271279,0.942,0.935,0.0160851775282985,"GRCh38-CD46","CD46","4c"
2.22493788856928e-07,-0.383067090064322,0.184,0.441,0.0160867459219336,"GRCh38-LINC02482","LINC02482","4c"
2.24924851008167e-07,-0.453295928300457,0.786,0.94,0.0162625165775925,"GRCh38-AIMP1","AIMP1","4c"
2.2498074401484e-07,0.313559373759219,0.243,0.092,0.016266557753761,"GRCm39-Csf2rb","Csf2rb","4c"
2.25737723201342e-07,0.38014391765608,0.408,0.214,0.0163212888629034,"GRCh38-NOMO3","NOMO3","4c"
2.2594413890216e-07,0.76399717473485,0.883,0.906,0.016336213130904,"GRCh38-RIF1","RIF1","4c"
2.27862477039193e-07,0.792828473349956,0.864,0.776,0.0164749128148878,"GRCh38-WDR1","WDR1","4c"
2.28657934035711e-07,-0.434096135671155,0.068,0.301,0.0165324259466499,"GRCh38-DOC2A","DOC2A","4c"
2.29820420158157e-07,0.749378820214876,0.806,0.725,0.016616476018275,"GRCh38-TRIM66","TRIM66","4c"
2.31052935052532e-07,0.884843839199703,0.66,0.506,0.0167055893101682,"GRCh38-AADACP1","AADACP1","4c"
2.31894809742864e-07,1.3207230943848,0.757,0.672,0.0167664585340285,"GRCh38-BAG3","BAG3","4c"
2.33312270276007e-07,-0.385820715832287,0.573,0.829,0.0168689437654959,"GRCh38-HSD17B10","HSD17B10","4c"
2.33546818510979e-07,0.707514196839042,0.874,0.803,0.0168859020719808,"GRCh38-WBP11","WBP11","4c"
2.3392961707277e-07,0.992831569003514,0.951,0.953,0.0169135791735954,"GRCh38-ENAH","ENAH","4c"
2.35442848405925e-07,0.855885754137265,0.893,0.876,0.0170229888254452,"GRCh38-USP10","USP10","4c"
2.35498913495595e-07,0.821877806650007,0.854,0.769,0.0170270424435585,"GRCh38-TP53BP1","TP53BP1","4c"
2.36044498412192e-07,0.569300495820614,0.573,0.37,0.0170664893241983,"GRCh38-NUAK1","NUAK1","4c"
2.36145859100574e-07,1.47760419657594,0.573,0.362,0.0170738179046897,"GRCh38-ENSG00000287474","ENSG00000287474","4c"
2.37505345830804e-07,0.594993219400087,0.942,0.928,0.0171721115142588,"GRCh38-SRSF10","SRSF10","4c"
2.38013302830314e-07,-0.475228605423062,0.068,0.301,0.0172088378212374,"GRCh38-ITIH4","ITIH4","4c"
2.40249096112671e-07,-0.419901843972814,0.951,0.983,0.0173704901471384,"GRCh38-GNAS","GNAS","4c"
2.41367360094626e-07,-0.368524117323556,0.777,0.905,0.0174513428695616,"GRCh38-MRPS18C","MRPS18C","4c"
2.45147172303945e-07,-0.283982862320404,0.864,0.964,0.0177246308519198,"GRCh38-CCT8","CCT8","4c"
2.46376478191781e-07,0.651465873040806,0.67,0.468,0.0178135121262222,"GRCh38-THOP1","THOP1","4c"
2.46734709584392e-07,0.632527039922753,0.631,0.427,0.0178394129723707,"GRCh38-POC1B","POC1B","4c"
2.46803631793619e-07,-0.423549869992498,0.816,0.93,0.0178443961859422,"GRCh38-SERPINB6","SERPINB6","4c"
2.48136080525514e-07,0.933418255206063,0.835,0.803,0.0179407348941557,"GRCh38-SEC24B","SEC24B","4c"
2.49487225160875e-07,0.887397214347626,0.835,0.765,0.0180384253535816,"GRCh38-CLOCK","CLOCK","4c"
2.49873017196031e-07,0.812746986303704,0.728,0.635,0.0180663188893074,"GRCh38-OTUD4","OTUD4","4c"
2.50356921715761e-07,-0.380927738716617,0.214,0.481,0.018101306153893,"GRCh38-C11orf71","C11orf71","4c"
2.50619617997831e-07,0.300751624938139,0.184,0.063,0.0181202996204792,"GRCm39-Cxcl3","Cxcl3","4c"
2.50720845213538e-07,0.927768910989017,0.854,0.823,0.0181276185506292,"GRCh38-ABCC1","ABCC1","4c"
2.51990901494201e-07,0.317093172979986,0.194,0.066,0.0182194461598337,"GRCh38-MROCKI","MROCKI","4c"
2.53084907819252e-07,0.388770959428413,0.155,0.048,0.0182985450051476,"GRCh38-ENSG00000283982","ENSG00000283982","4c"
2.53674257578043e-07,0.644459367352296,0.466,0.29,0.0183411561714077,"GRCh38-FURIN","FURIN","4c"
2.56013901385145e-07,0.64680598504425,0.777,0.664,0.0185103170979487,"GRCh38-TRAPPC12","TRAPPC12","4c"
2.56998403679057e-07,1.17820579447445,0.806,0.739,0.0185814985828032,"GRCh38-ARSJ","ARSJ","4c"
2.57094133136604e-07,-0.483332366404387,0.223,0.481,0.0185884200140428,"GRCh38-LRRC75A","LRRC75A","4c"
2.59130540893587e-07,0.784716635223214,0.913,0.875,0.0187356563676881,"GRCh38-TMEM87A","TMEM87A","4c"
2.59334610997712e-07,0.782273232988745,0.583,0.39,0.0187504110443566,"GRCh38-SLFN11","SLFN11","4c"
2.6042895169859e-07,-0.404960424631716,0.689,0.905,0.0188295340657114,"GRCh38-EMC4","EMC4","4c"
2.60693480741179e-07,1.04449161261489,0.845,0.806,0.0188486600445487,"GRCh38-POU2F1","POU2F1","4c"
2.62209375511028e-07,0.514122103303157,0.553,0.323,0.0189582622681984,"GRCh38-SPAG1","SPAG1","4c"
2.63048645668016e-07,0.659096832749491,0.456,0.281,0.0190189431790889,"GRCh38-G2E3-AS1","G2E3-AS1","4c"
2.64196705164883e-07,1.05159558170153,0.971,0.944,0.0191019501768314,"GRCh38-FNBP4","FNBP4","4c"
2.643873576483e-07,0.629606182251428,0.913,0.95,0.0191157347326874,"GRCh38-HNRNPA3","HNRNPA3","4c"
2.6478380095914e-07,0.717779487458249,0.738,0.628,0.0191443983769478,"GRCh38-JOSD1","JOSD1","4c"
2.65505857113288e-07,-0.569965367039601,0.107,0.354,0.0191966044810049,"GRCh38-SERPING1","SERPING1","4c"
2.66269956020273e-07,-0.389276772542397,0.66,0.882,0.0192518503601778,"GRCh38-RPS19BP1","RPS19BP1","4c"
2.67234619811739e-07,0.643651333919834,0.67,0.524,0.0193215974816283,"GRCh38-SH3BP4","SH3BP4","4c"
2.68000415284371e-07,-0.479024004713818,0.728,0.889,0.0193769660258906,"GRCh38-TRIP6","TRIP6","4c"
2.68542620428317e-07,1.37253773958797,0.874,0.829,0.0194161685422081,"GRCh38-CRIM1","CRIM1","4c"
2.68777824889383e-07,1.06886303114183,0.951,0.933,0.0194331742951522,"GRCh38-HUWE1","HUWE1","4c"
2.71029098829113e-07,0.730996988830397,0.854,0.757,0.0195959459035425,"GRCh38-AGPAT5","AGPAT5","4c"
2.71103071866405e-07,0.51505693042899,0.874,0.851,0.0196012943020848,"GRCh38-SNRNP200","SNRNP200","4c"
2.72326705292071e-07,-0.429207899981081,0.602,0.791,0.0196897654460273,"GRCh38-VAMP2","VAMP2","4c"
2.73030832034638e-07,-0.401784948520537,0.359,0.609,0.0197406752177684,"GRCh38-PITPNA-AS1","PITPNA-AS1","4c"
2.73925826576371e-07,-0.496403061903395,0.534,0.756,0.0198053851131248,"GRCh38-SLC25A1","SLC25A1","4c"
2.7471151850337e-07,0.468437417986946,0.359,0.178,0.0198621922108306,"GRCh38-ENSG00000287625","ENSG00000287625","4c"
2.76125786243861e-07,-0.430464581345111,0.65,0.828,0.0199644465970036,"GRCh38-FAM200B","FAM200B","4c"
2.7823855658639e-07,0.573491829840316,0.738,0.608,0.0201172041183091,"GRCh38-SEPHS1","SEPHS1","4c"
2.7896709076232e-07,0.629998659609885,0.689,0.527,0.0201698785962972,"GRCh38-RAB35","RAB35","4c"
2.79721277859618e-07,0.885011662493688,0.748,0.585,0.0202244078318061,"GRCh38-FBXL2","FBXL2","4c"
2.8020700021865e-07,0.908733820947935,0.806,0.706,0.0202595265298088,"GRCh38-DIP2B","DIP2B","4c"
2.80242705787153e-07,0.823026909893778,0.903,0.836,0.0202621081138228,"GRCh38-SHTN1","SHTN1","4c"
2.8051502612932e-07,0.291093388073036,0.165,0.053,0.0202817974192021,"GRCh38-FAM174A-DT","FAM174A-DT","4c"
2.84222048871263e-07,-0.462379746592349,0.563,0.838,0.0205498225774901,"GRCh38-POLR2H","POLR2H","4c"
2.84641088829114e-07,0.302605397582876,0.388,0.196,0.0205801200045226,"GRCh38-TCTN2","TCTN2","4c"
2.85641950457791e-07,-0.521122626501395,0.544,0.757,0.0206524843019992,"GRCh38-ISOC2","ISOC2","4c"
2.86153557609675e-07,0.624752850285079,0.786,0.649,0.0206894745222948,"GRCh38-AFTPH","AFTPH","4c"
2.87753063989061e-07,0.443418611843973,0.223,0.083,0.0208051220325371,"GRCh38-CCN4","CCN4","4c"
2.88402242781466e-07,0.545016838717318,0.602,0.405,0.0208520589575855,"GRCh38-ENTPD6","ENTPD6","4c"
2.88728492328452e-07,-0.442074911643621,0.621,0.873,0.0208756474523317,"GRCh38-ITPA","ITPA","4c"
2.89050385638082e-07,-0.416418063602655,0.699,0.88,0.0208989209824046,"GRCh38-SNRPA","SNRPA","4c"
2.89517220265083e-07,-0.509013268967142,0.466,0.672,0.020932674059606,"GRCh38-SNHG9","SNHG9","4c"
2.91777119604947e-07,0.335763265966377,0.175,0.058,0.0210960693016769,"GRCh38-ENSG00000276216","ENSG00000276216","4c"
2.92320357322076e-07,-0.522334647464976,0.718,0.907,0.0211353464751007,"GRCh38-NDUFB6","NDUFB6","4c"
2.92437632775301e-07,-0.516841166594551,0.981,0.997,0.0211438257249198,"GRCh38-ACTG1","ACTG1","4c"
2.92787999233198e-07,1.08619829384792,0.796,0.73,0.0211691579205587,"GRCh38-TASP1","TASP1","4c"
2.93088758613202e-07,0.79020714139192,0.893,0.953,0.0211909034252518,"GRCh38-FSCN1","FSCN1","4c"
2.93261413037153e-07,0.834970950784136,0.757,0.589,0.0212033866854122,"GRCh38-MEIS1","MEIS1","4c"
2.93699016222312e-07,0.734617738747289,0.903,0.922,0.0212350262709056,"GRCh38-ACTR3","ACTR3","4c"
2.94797877089256e-07,0.879162663317263,0.699,0.541,0.0213144761093074,"GRCh38-RAB33B-AS1","RAB33B-AS1","4c"
2.95141675502162e-07,-0.436131826600669,0.204,0.466,0.0213393334221573,"GRCh38-ARRB2","ARRB2","4c"
2.95819438560668e-07,0.923406615811736,0.845,0.819,0.0213883370468134,"GRCh38-CA12","CA12","4c"
2.95914743612922e-07,-0.356161337368513,0.466,0.75,0.0213952277927015,"GRCh38-PHYH","PHYH","4c"
2.96074772376318e-07,-0.469322775354713,0.476,0.764,0.0214067981923526,"GRCh38-MAGEA12","MAGEA12","4c"
2.98536143337515e-07,1.09100749625013,0.913,0.932,0.021584760235589,"GRCh38-ZFAND3","ZFAND3","4c"
2.99196351851368e-07,0.25449152541289,0.233,0.087,0.0216324946315576,"GRCm39-Ier2","Ier2","4c"
2.99590194809112e-07,0.599924013727762,0.641,0.453,0.0216609702650884,"GRCh38-RASSF1","RASSF1","4c"
2.99639944380422e-07,0.597307791178592,0.398,0.215,0.0216645672585933,"GRCh38-ZNF503","ZNF503","4c"
3.01165472109736e-07,0.761312360742133,0.835,0.752,0.0217748659644781,"GRCh38-SPRED2","SPRED2","4c"
3.03912464354388e-07,0.440167523099322,0.223,0.082,0.021973478997751,"GRCh38-MIR325HG","MIR325HG","4c"
3.04321886461216e-07,0.567821615966264,0.476,0.279,0.0220030810349188,"GRCh38-QPCTL","QPCTL","4c"
3.0467381400721e-07,0.430793408545178,0.194,0.069,0.0220285261003493,"GRCh38-MYADM-AS1","MYADM-AS1","4c"
3.05230970727103e-07,0.372498794669262,0.369,0.186,0.022068809645511,"GRCh38-ENSG00000253496","ENSG00000253496","4c"
3.05861478976668e-07,0.720676283887854,0.592,0.414,0.022114396652971,"GRCh38-DHRS7B","DHRS7B","4c"
3.06653482762638e-07,-0.484962430805989,0.631,0.82,0.0221716601107043,"GRCh38-NRBF2","NRBF2","4c"
3.07047369540601e-07,-0.421546238956143,0.806,0.919,0.0222001389125245,"GRCh38-FKBP8","FKBP8","4c"
3.07541976313356e-07,0.970593291682361,0.738,0.693,0.0222358999714083,"GRCh38-SLC30A7","SLC30A7","4c"
3.08886871093236e-07,0.770694718718794,0.495,0.311,0.0223331385537831,"GRCh38-ZSCAN5A","ZSCAN5A","4c"
3.08937106387148e-07,0.549102347939738,0.35,0.169,0.0223367706660036,"GRCh38-ITGB1-DT","ITGB1-DT","4c"
3.09269413677456e-07,0.632741059784009,0.67,0.536,0.0223607971477074,"GRCh38-AREL1","AREL1","4c"
3.09291471091995e-07,0.765984598916389,0.796,0.775,0.0223623919428934,"GRCh38-RNF13","RNF13","4c"
3.09412239455699e-07,0.961180204815824,0.816,0.76,0.022371123737126,"GRCh38-ANO10","ANO10","4c"
3.10292618407604e-07,0.923324082270486,0.718,0.592,0.0224347768961066,"GRCh38-CGAS","CGAS","4c"
3.14591409463752e-07,0.418704965814049,0.165,0.053,0.0227455880870482,"GRCh38-LINC02484","LINC02484","4c"
3.14706222191934e-07,0.646063132994234,0.738,0.571,0.0227538892769212,"GRCh38-NFYC","NFYC","4c"
3.15605601445115e-07,0.871287596350099,0.961,0.973,0.0228189161956847,"GRCh38-SFPQ","SFPQ","4c"
3.1755244305999e-07,0.550462297531691,0.165,0.054,0.0229596767381234,"GRCh38-PCDH10","PCDH10","4c"
3.21002311099711e-07,0.677452990920026,0.689,0.502,0.0232091090971313,"GRCh38-MAP3K1","MAP3K1","4c"
3.21284624499161e-07,0.416995003493575,0.175,0.059,0.0232295209205383,"GRCh38-ADAM28","ADAM28","4c"
3.25141882824054e-07,-0.553635810854727,0.184,0.437,0.0235084084119448,"GRCh38-STRA6","STRA6","4c"
3.258242907153e-07,0.748472914416154,0.738,0.623,0.0235577478672976,"GRCh38-ANAPC10","ANAPC10","4c"
3.27459399626058e-07,0.830699033206626,0.767,0.7,0.0236759695117632,"GRCh38-UHMK1","UHMK1","4c"
3.31562906176163e-07,-0.69083528793916,0.165,0.4,0.0239726612423489,"GRCh38-KLRC3","KLRC3","4c"
3.32402971844422e-07,0.780246746348658,0.612,0.423,0.0240333996702954,"GRCh38-DEPDC5","DEPDC5","4c"
3.3255727376903e-07,-0.451811275481525,0.32,0.593,0.0240445560080484,"GRCh38-ABHD14B","ABHD14B","4c"
3.33216898497855e-07,0.541999518855686,0.33,0.16,0.0240922481951919,"GRCh38-LINC02341","LINC02341","4c"
3.33478585458227e-07,0.736248052295899,0.845,0.787,0.0241111686858007,"GRCh38-CAB39","CAB39","4c"
3.36063461090058e-07,1.86234636465706,0.515,0.333,0.0242980603637334,"GRCh38-SYT1","SYT1","4c"
3.37846926930025e-07,0.696473726125939,0.709,0.574,0.0244270085108947,"GRCh38-NOM1","NOM1","4c"
3.38941640833372e-07,0.823249808990791,0.845,0.849,0.0245061585155344,"GRCh38-RAB3GAP2","RAB3GAP2","4c"
3.40368209971603e-07,0.356665047343862,0.194,0.07,0.0246093023173669,"GRCh38-LINC02236","LINC02236","4c"
3.41200021028934e-07,0.520921091168986,0.718,0.588,0.024669443920434,"GRCh38-CNOT9","CNOT9","4c"
3.45496918773988e-07,-0.558164189453637,0.068,0.293,0.0249801182211969,"GRCh38-PLEKHS1","PLEKHS1","4c"
3.4770473956977e-07,1.80316536752393,0.214,0.08,0.0251397480803735,"GRCh38-COL11A1","COL11A1","4c"
3.47795486849934e-07,1.08333884634764,0.864,0.842,0.0251463092902239,"GRCh38-COG5","COG5","4c"
3.48661106893253e-07,0.368326404022858,0.282,0.123,0.025208895350596,"GRCh38-ENSG00000207751","ENSG00000207751","4c"
3.4898310246141e-07,-0.371966476704373,0.903,0.965,0.0252321762741648,"GRCh38-PDCD6","PDCD6","4c"
3.50245832721604e-07,-0.456612707826957,0.126,0.38,0.0253234741974374,"GRCh38-ARRB1","ARRB1","4c"
3.50969435021048e-07,0.617316345856675,0.757,0.631,0.0253757920908918,"GRCh38-TTC33","TTC33","4c"
3.51457090367989e-07,0.639234565324956,0.767,0.664,0.0254110505477863,"GRCh38-MED1","MED1","4c"
3.52031092410442e-07,-0.494891103233241,0.34,0.623,0.0254525520434598,"GRCh38-NPM3","NPM3","4c"
3.53753142707881e-07,0.627461584226427,0.592,0.408,0.0255770597240652,"GRCh38-AGO1","AGO1","4c"
3.53969720579951e-07,-0.454926451455182,0.689,0.84,0.0255927187373716,"GRCh38-LTA4H","LTA4H","4c"
3.54895992354002e-07,0.291703190679315,0.175,0.059,0.025659690039179,"GRCh38-ENSG00000245025","ENSG00000245025","4c"
3.55580499793694e-07,0.941028474816232,0.922,0.905,0.0257091812960837,"GRCh38-NASP","NASP","4c"
3.55895415305514e-07,0.653087714495158,0.35,0.171,0.0257319503174193,"GRCh38-PAPSS2","PAPSS2","4c"
3.56358372994717e-07,0.82917893995065,0.728,0.6,0.025765423084264,"GRCh38-BIN3","BIN3","4c"
3.56667406166768e-07,0.889261737085655,0.893,0.864,0.0257877668006696,"GRCh38-MPZL1","MPZL1","4c"
3.57971650220563e-07,-0.434042477877942,0.845,0.947,0.0258820662542471,"GRCh38-TUFM","TUFM","4c"
3.58055269259105e-07,0.48710232008819,0.398,0.205,0.0258881120779718,"GRCh38-STXBP5-AS1","STXBP5-AS1","4c"
3.61679675877575e-07,0.665329696840612,0.903,0.85,0.0261501639253004,"GRCh38-UPF2","UPF2","4c"
3.62487938756331e-07,1.03141964782892,0.728,0.659,0.0262086029479603,"GRCh38-RB1","RB1","4c"
3.62515773736723e-07,0.821645957852277,0.874,0.823,0.0262106154727125,"GRCh38-RAB3GAP1","RAB3GAP1","4c"
3.64220748003556e-07,0.678929783287115,0.456,0.275,0.0263338885221531,"GRCh38-ANKRD42","ANKRD42","4c"
3.66759003676652e-07,0.740214849625989,0.689,0.526,0.0265174094838293,"GRCh38-NBPF1","NBPF1","4c"
3.68400919203219e-07,0.977180818541711,0.786,0.76,0.0266361232602311,"GRCh38-RYBP","RYBP","4c"
3.69710027304038e-07,-0.533606271546055,0.447,0.679,0.0267307743941366,"GRCh38-GLT8D2","GLT8D2","4c"
3.71837807793578e-07,0.355113553670056,0.252,0.1,0.0268846171790913,"GRCm39-Cmip","Cmip","4c"
3.72028257525355e-07,0.914080546323238,0.825,0.824,0.0268983870755982,"GRCh38-ELK3","ELK3","4c"
3.74663743692721e-07,1.1928002753988,0.495,0.317,0.0270889379964711,"GRCh38-EMC1-AS1","EMC1-AS1","4c"
3.79435685786844e-07,-0.524404645096645,0.699,0.87,0.0274339589537604,"GRCh38-COPRS","COPRS","4c"
3.80141611634012e-07,0.546623069295016,0.67,0.494,0.0274849988043624,"GRCh38-MBD1","MBD1","4c"
3.81023862226889e-07,0.583948761479514,0.35,0.179,0.0275487872867285,"GRCh38-B4GALT6","B4GALT6","4c"
3.82248146981699e-07,0.812039641724006,0.33,0.161,0.0276373055230708,"GRCh38-NFKBID","NFKBID","4c"
3.84681799070071e-07,1.01312857444152,0.835,0.761,0.0278132634363643,"GRCh38-FOXK2","FOXK2","4c"
3.85612952353941e-07,1.14782701576397,0.573,0.424,0.0278805876810946,"GRCh38-ARHGAP22","ARHGAP22","4c"
3.86358638481819e-07,0.87552342247313,0.466,0.284,0.0279345022795125,"GRCh38-LINC01285","LINC01285","4c"
3.87062827830878e-07,-0.394731365656871,0.845,0.957,0.0279854165778282,"GRCh38-BCAP31","BCAP31","4c"
3.8736712836644e-07,-0.453304924796989,0.417,0.681,0.0280074181151504,"GRCh38-SLC12A8","SLC12A8","4c"
3.89740833907387e-07,-0.690140100603572,0.66,0.832,0.0281790417731719,"GRCh38-CARHSP1","CARHSP1","4c"
3.89842834784526e-07,1.20465180409614,0.709,0.598,0.0281864166405908,"GRCh38-RFX2","RFX2","4c"
3.90922341164622e-07,0.386415635574802,0.32,0.152,0.0282644671108845,"GRCh38-CCNO-DT","CCNO-DT","4c"
3.92152251911384e-07,0.74860952266186,0.359,0.182,0.0283533921176969,"GRCh38-DLL1","DLL1","4c"
3.92528705078059e-07,-0.42777492739275,0.437,0.686,0.0283806104345538,"GRCh38-HOXC10","HOXC10","4c"
3.9357987785588e-07,-0.423200116913875,0.786,0.942,0.0284566123287359,"GRCh38-ANAPC11","ANAPC11","4c"
3.94827403311561e-07,0.934008696388248,0.922,0.873,0.0285468109142325,"GRCh38-SACS","SACS","4c"
3.96090036974257e-07,0.883634665071204,0.573,0.4,0.0286381018533127,"GRCh38-ZBTB10","ZBTB10","4c"
3.96765064034682e-07,-0.513828400367354,0.806,0.947,0.0286869076598356,"GRCh38-BANF1","BANF1","4c"
3.99944820900262e-07,-1.08221841881654,0.223,0.464,0.0289168104407307,"GRCh38-LRRC7","LRRC7","4c"
4.00897638480111e-07,0.720905573767272,0.485,0.299,0.028985701057389,"GRCh38-SOWAHC","SOWAHC","4c"
4.07241083311672e-07,-0.443667487541508,0.194,0.446,0.0294443448056005,"GRCh38-ZNHIT2","ZNHIT2","4c"
4.07721279816881e-07,0.695595114677393,0.689,0.593,0.0294790639733201,"GRCh38-NDEL1","NDEL1","4c"
4.12367689625088e-07,0.887644023122512,0.932,0.882,0.0298150086952731,"GRCh38-CDK13","CDK13","4c"
4.12468229463559e-07,0.451308976445892,0.466,0.267,0.0298222779266742,"GRCh38-MDM1","MDM1","4c"
4.14452812518494e-07,0.490456060211501,0.35,0.177,0.0299657672507122,"GRCh38-ADCY7","ADCY7","4c"
4.1469108747657e-07,0.612847886718089,0.709,0.578,0.029982995006731,"GRCh38-SLC25A17","SLC25A17","4c"
4.1511392337265e-07,1.59034782395493,0.689,0.571,0.0300135668876893,"GRCh38-EMP1","EMP1","4c"
4.15151119678147e-07,-0.37886683101094,0.728,0.916,0.0300162562549694,"GRCh38-ACAT1","ACAT1","4c"
4.15858849669361e-07,0.263035027858172,0.155,0.049,0.0300674265487941,"GRCh38-ENSG00000224635","ENSG00000224635","4c"
4.18011694615434e-07,0.42141804456966,0.184,0.064,0.0302230815440851,"GRCh38-LINC02228","LINC02228","4c"
4.22277085082127e-07,0.908701023639283,0.631,0.482,0.030531477805608,"GRCh38-ATXN7L1","ATXN7L1","4c"
4.24351520702874e-07,1.2492113943129,0.903,0.835,0.0306814636498592,"GRCh38-RAD51B","RAD51B","4c"
4.2552260748564e-07,0.930674991230946,0.602,0.45,0.0307661355664268,"GRCh38-KANSL1L","KANSL1L","4c"
4.25538785673221e-07,0.811880863021981,0.728,0.601,0.0307673052817453,"GRCh38-MOB3A","MOB3A","4c"
4.29146075238478e-07,0.446751085859632,0.204,0.076,0.0310281195318925,"GRCh38-CBR3-AS1","CBR3-AS1","4c"
4.33066433628759e-07,0.86637667672535,0.757,0.589,0.0313115692842265,"GRCh38-ARHGEF18","ARHGEF18","4c"
4.35509721786316e-07,-0.524219063129244,0.534,0.776,0.0314882239045942,"GRCh38-MRPL55","MRPL55","4c"
4.41139052978597e-07,0.845339509671717,0.854,0.817,0.0318952358084586,"GRCh38-EP400","EP400","4c"
4.41262912778974e-07,-0.426731959737562,0.796,0.948,0.0319041911197454,"GRCh38-MRPL20","MRPL20","4c"
4.41773347354542e-07,0.425928625351952,0.175,0.06,0.0319410965604281,"GRCh38-ACVR1C","ACVR1C","4c"
4.46171652531077e-07,0.657570679872319,0.553,0.368,0.0322591028213019,"GRCh38-WDR4","WDR4","4c"
4.4973514065987e-07,0.824744462367228,0.816,0.721,0.0325167501399899,"GRCh38-FUBP3","FUBP3","4c"
4.50136781072436e-07,0.461486220738251,0.301,0.138,0.0325457895450993,"GRCh38-KLHL11","KLHL11","4c"
4.51403007269481e-07,1.15479752980254,0.903,0.923,0.032637340231598,"GRCh38-ZSWIM6","ZSWIM6","4c"
4.51849182519026e-07,0.802496282027052,0.825,0.741,0.0326695995944907,"GRCh38-PIP5K1A","PIP5K1A","4c"
4.56260490603793e-07,1.29202570557956,0.553,0.391,0.0329885459916355,"GRCh38-HSPA1B","HSPA1B","4c"
4.56504585341259e-07,0.802433788689075,0.33,0.154,0.0330061945293437,"GRCh38-SGO1-AS1","SGO1-AS1","4c"
4.56851894814696e-07,0.977343990427782,0.728,0.574,0.0330313056988921,"GRCh38-ATF7IP2","ATF7IP2","4c"
4.58485884746821e-07,0.908824435755369,0.922,0.902,0.0331494464389647,"GRCh38-VCL","VCL","4c"
4.60334747714048e-07,0.921714199471611,0.427,0.243,0.0332831229292211,"GRCh38-HBEGF","HBEGF","4c"
4.64188081205195e-07,-0.576937901106271,0.961,0.991,0.033561726647298,"GRCh38-S100A11","S100A11","4c"
4.65324699878702e-07,0.276826206691377,0.184,0.065,0.0336439064506299,"GRCh38-MYO1B-AS1","MYO1B-AS1","4c"
4.65441511965641e-07,0.612308868808131,0.854,0.779,0.0336523521981398,"GRCh38-SNX1","SNX1","4c"
4.71052647786515e-07,0.931895504097223,0.922,0.888,0.0340580485402606,"GRCh38-USP15","USP15","4c"
4.72771058741245e-07,0.426826896792859,0.32,0.148,0.0341822930891095,"GRCh38-CCDC68","CCDC68","4c"
4.74045678807586e-07,-0.419819549331838,0.612,0.835,0.0342744506691461,"GRCh38-CHMP4A","CHMP4A","4c"
4.79936671581471e-07,0.814457618412467,0.961,0.959,0.0347003812286835,"GRCh38-OSMR","OSMR","4c"
4.80401681299488e-07,0.996852787390954,0.806,0.721,0.0347340023613155,"GRCh38-TMX4","TMX4","4c"
4.81186023404311e-07,0.533295033064521,0.379,0.196,0.0347907118641785,"GRCh38-ENSG00000286787","ENSG00000286787","4c"
4.89477437745293e-07,0.703632565826373,0.893,0.848,0.0353901977038602,"GRCh38-SMC6","SMC6","4c"
5.00221106477232e-07,0.860019092344972,0.738,0.566,0.0361669864405168,"GRCh38-PCSK7","PCSK7","4c"
5.00602421332261e-07,0.824608898117781,0.204,0.075,0.0361945562671651,"GRCh38-ENSG00000290551","ENSG00000290551","4c"
5.02093672446506e-07,0.919513432488497,0.874,0.837,0.0363023767052273,"GRCh38-RALGAPA1","RALGAPA1","4c"
5.06191140917314e-07,0.54082398555906,0.612,0.427,0.0365986318706036,"GRCh38-NADK","NADK","4c"
5.07744209453469e-07,0.672433353105951,0.272,0.117,0.0367109218319047,"GRCh38-ENSG00000260877","ENSG00000260877","4c"
5.07788701528288e-07,0.25062004659632,0.291,0.128,0.0367141386978983,"GRCh38-BCL9","BCL9","4c"
5.09798908603473e-07,1.2191683082612,0.291,0.13,0.0368594806898483,"GRCh38-THSD7B","THSD7B","4c"
5.12925502996508e-07,-0.469311773798301,0.592,0.782,0.0370855397176536,"GRCh38-SRPX","SRPX","4c"
5.13378184520968e-07,0.259642817727974,0.175,0.059,0.037118269497235,"GRCh38-ENSG00000234477","ENSG00000234477","4c"
5.14146706099514e-07,0.284693824803178,0.136,0.04,0.0371738351444071,"GRCh38-ENSG00000288785","ENSG00000288785","4c"
5.1480214738651e-07,0.794107203354721,0.34,0.172,0.0372212248603394,"GRCh38-ZNF44","ZNF44","4c"
5.23348093998639e-07,-0.405596098655532,0.272,0.534,0.0378391138922896,"GRCh38-CDK5","CDK5","4c"
5.25099099817387e-07,1.00820338174845,0.845,0.836,0.0379657151149967,"GRCh38-CD2AP","CD2AP","4c"
5.27640190172587e-07,0.903041767044809,0.233,0.096,0.0381494410298584,"GRCh38-FGF18","FGF18","4c"
5.30582782173828e-07,-0.476299178948537,0.612,0.806,0.0383621963167321,"GRCh38-SNX10","SNX10","4c"
5.31735641294656e-07,0.666218354603895,0.864,0.792,0.0384455503368862,"GRCh38-SLC30A5","SLC30A5","4c"
5.33417306097976e-07,0.977907123604007,0.718,0.598,0.0385671380654959,"GRCh38-RRP12","RRP12","4c"
5.39614661097798e-07,0.68746626227199,0.709,0.582,0.039015219226693,"GRCh38-MMS19","MMS19","4c"
5.39880135852222e-07,0.871034891152786,0.806,0.75,0.0390344135823873,"GRCh38-BUB3","BUB3","4c"
5.45994737325844e-07,0.860886505720165,0.961,0.978,0.0394765114981332,"GRCh38-MYH9","MYH9","4c"
5.4823229601983e-07,-0.370261849047052,0.126,0.381,0.0396382914668257,"GRCh38-ENSG00000288044","ENSG00000288044","4c"
5.48507327027702e-07,0.546691702651192,0.447,0.259,0.0396581767587569,"GRCh38-TUBA1B-AS1","TUBA1B-AS1","4c"
5.4986030019682e-07,0.284451403859218,0.311,0.14,0.0397559994248304,"GRCh38-PLEKHG4","PLEKHG4","4c"
5.50826572000314e-07,0.867653872860795,0.67,0.533,0.0398258628087667,"GRCh38-XPO4","XPO4","4c"
5.51391505383753e-07,-0.374017583866387,0.786,0.933,0.0398667086222561,"GRCh38-NIPSNAP2","NIPSNAP2","4c"
5.52344175506996e-07,0.536097561875533,0.32,0.155,0.0399355885775068,"GRCh38-GAREM1","GAREM1","4c"
5.52882865419158e-07,0.581543053400539,0.262,0.114,0.0399745369355359,"GRCh38-FAM117A","FAM117A","4c"
5.57932209422524e-07,0.298774835340879,0.155,0.049,0.0403396146056674,"GRCh38-ENSG00000264015","ENSG00000264015","4c"
5.62151931312531e-07,0.718009564014177,0.738,0.591,0.0406447089377586,"GRCh38-ANAPC7","ANAPC7","4c"
5.62577780519043e-07,0.887258993143761,0.942,0.927,0.0406754986870879,"GRCh38-ARID4B","ARID4B","4c"
5.63339089330234e-07,0.645824311546339,0.709,0.601,0.0407305428367546,"GRCh38-SNRNP40","SNRNP40","4c"
5.68912606042133e-07,-0.318478160440468,0.738,0.917,0.0411335192420583,"GRCh38-LEPROT","LEPROT","4c"
5.69276719976706e-07,0.345019289533947,0.214,0.082,0.0411598454077558,"GRCm39-Col1a2","Col1a2","4c"
5.70363445448175e-07,0.834876605712558,0.573,0.421,0.041238417832794,"GRCh38-USP38","USP38","4c"
5.72004796211049e-07,-0.426109185769176,0.641,0.869,0.0413570907756512,"GRCh38-ACP1","ACP1","4c"
5.81380381722124e-07,1.01855723543793,0.767,0.666,0.042034964359273,"GRCh38-SLC36A4","SLC36A4","4c"
5.81477813776326e-07,0.958623502440328,0.981,0.951,0.0420420088916559,"GRCh38-RRBP1","RRBP1","4c"
5.81569345030152e-07,-0.359222237152209,0.223,0.481,0.0420486267843701,"GRCh38-NHERF2","NHERF2","4c"
5.9052969404757e-07,1.07598708570354,0.398,0.211,0.0426964779390274,"GRCh38-LMCD1-AS1","LMCD1-AS1","4c"
5.91149024732468e-07,0.35997545999496,0.233,0.095,0.0427412567862069,"GRCh38-VAMP1","VAMP1","4c"
5.91853520789241e-07,0.848206931363469,0.67,0.488,0.0427921932601037,"GRCh38-UGDH","UGDH","4c"
5.93525782325813e-07,0.967541363954009,0.631,0.497,0.0429131011137209,"GRCh38-MIR4500HG","MIR4500HG","4c"
5.97456999274851e-07,-0.410664217520964,0.417,0.656,0.0431973359615703,"GRCh38-TFPT","TFPT","4c"
5.98676554517047e-07,0.934960882449155,0.689,0.543,0.0432855122446915,"GRCh38-DIXDC1","DIXDC1","4c"
5.99281681424476e-07,-0.475585172445174,0.01,0.211,0.0433292641303525,"GRCh38-BPIFB4","BPIFB4","4c"
5.99872512510909e-07,-0.447224108523045,0.573,0.827,0.0433719823995638,"GRCh38-VPS25","VPS25","4c"
6.01201532235783e-07,0.937461406113546,0.699,0.602,0.0434680731837115,"GRCh38-ZBTB11","ZBTB11","4c"
6.04657203828617e-07,0.758285194311758,0.738,0.633,0.0437179251512167,"GRCh38-RAB21","RAB21","4c"
6.06984048793206e-07,0.845949628364566,0.757,0.646,0.0438861606958464,"GRCh38-TBC1D19","TBC1D19","4c"
6.09860954826866e-07,0.542639142988249,0.476,0.276,0.0440941667558921,"GRCh38-KLC2","KLC2","4c"
6.10377083119995e-07,1.44806089469945,0.874,0.868,0.0441314838637419,"GRCh38-ANK3","ANK3","4c"
6.14485743447252e-07,-0.300016928784384,0.32,0.596,0.0444285482227232,"GRCh38-OBSL1","OBSL1","4c"
6.14888745551028e-07,-0.480397410379129,0.728,0.893,0.0444576860808304,"GRCh38-ARPC4","ARPC4","4c"
6.17239900476859e-07,0.636382014886024,0.874,0.838,0.0446276792842778,"GRCh38-PPP4R3B","PPP4R3B","4c"
6.18085899268013e-07,0.392249951479439,0.456,0.259,0.0446888466888759,"GRCh38-DNAJC14","DNAJC14","4c"
6.18518350250122e-07,0.636965816844591,0.621,0.46,0.0447201137597844,"GRCh38-MAML1","MAML1","4c"
6.21195549779819e-07,-0.354358824653527,0.417,0.669,0.0449136806401805,"GRCh38-BIN1","BIN1","4c"
6.2131315873206e-07,0.473375214206002,0.524,0.333,0.0449221840026454,"GRCh38-UBR7","UBR7","4c"
6.22409657914028e-07,0.881792313040948,0.767,0.705,0.0450014630865001,"GRCh38-IMMP1L","IMMP1L","4c"
6.22968296648536e-07,0.481790902693888,0.466,0.261,0.0450418537842825,"GRCh38-RASSF9","RASSF9","4c"
6.2306942402996e-07,1.0984895354039,0.913,0.894,0.0450491654962142,"GRCh38-AHI1","AHI1","4c"
6.24213342434362e-07,0.812355780286157,0.592,0.4,0.0451318730846892,"GRCh38-ENSG00000263745","ENSG00000263745","4c"
6.2430310218139e-07,0.337110470257329,0.165,0.055,0.0451383628939188,"GRCh38-USP38-DT","USP38-DT","4c"
6.2612186756459e-07,0.357474661487972,0.301,0.136,0.045269863268655,"GRCh38-SLFNL1-AS1","SLFNL1-AS1","4c"
6.27247370981957e-07,1.6094383043278,0.67,0.497,0.0453512394167374,"GRCh38-TENM1","TENM1","4c"
6.313489660294e-07,-0.473586488412694,0.621,0.871,0.0456477929418577,"GRCh38-FAM210B","FAM210B","4c"
6.35777122356079e-07,0.678330753289356,0.583,0.404,0.0459679575005892,"GRCh38-DOT1L","DOT1L","4c"
6.37487476384935e-07,-0.464410789552929,0.602,0.822,0.0460916195175836,"GRCh38-DCTN6","DCTN6","4c"
6.45061315963558e-07,-0.447291481476007,0.32,0.568,0.0466392232667972,"GRCh38-THAP11","THAP11","4c"
6.47471626694112e-07,0.712913074601589,0.495,0.32,0.0468134935532377,"GRCh38-AADACL2-AS1","AADACL2-AS1","4c"
6.48428957673408e-07,-0.252283530917064,0.816,0.931,0.0468827104977027,"GRCh38-OPTN","OPTN","4c"
6.49124838222752e-07,0.805454429212223,0.466,0.294,0.0469330240531814,"GRCh38-BCL11B","BCL11B","4c"
6.51983435103034e-07,-0.492248413661162,0.767,0.917,0.0471397063248196,"GRCh38-SUMO1","SUMO1","4c"
6.52056649383685e-07,0.969036057300773,0.932,0.911,0.0471449998637392,"GRCh38-MARK3","MARK3","4c"
6.54736326892995e-07,0.395671907769359,0.466,0.265,0.0473387459070173,"GRCh38-ZNF746","ZNF746","4c"
6.55646303080473e-07,0.904165601445092,0.602,0.443,0.0474045390053244,"GRCh38-DDX60","DDX60","4c"
6.57227601850335e-07,1.25513510515607,0.913,0.912,0.0475188700689829,"GRCh38-AGAP1","AGAP1","4c"
6.57893623646404e-07,0.253239766168199,0.194,0.07,0.0475670247768823,"GRCh38-MAMDC2-AS1","MAMDC2-AS1","4c"
6.59145213225634e-07,0.718880807739044,0.816,0.749,0.0476575172066398,"GRCh38-GOLGA3","GOLGA3","4c"
6.63654997966204e-07,0.406796997073538,0.311,0.147,0.0479835836629525,"GRCh38-SPATA1","SPATA1","4c"
6.66043235601905e-07,0.963265311652058,0.913,0.913,0.048156258020489,"GRCh38-MAP3K2","MAP3K2","4c"
6.6684542973016e-07,-0.4357861477893,0.252,0.493,0.04821425826035,"GRCh38-DECR2","DECR2","4c"
6.68642644815777e-07,0.994593638786328,0.922,0.922,0.0483442005054703,"GRCh38-GLG1","GLG1","4c"
6.68999859970523e-07,-0.421857912759554,0.903,0.968,0.0483700278755888,"GRCh38-PTMS","PTMS","4c"
6.69432251466023e-07,-0.554852270184584,0.689,0.845,0.0484012906454964,"GRCh38-ARMC9","ARMC9","4c"
6.75324531704147e-07,0.359245435213952,0.33,0.162,0.0488273142912732,"GRCh38-ZNF845","ZNF845","4c"
6.76466119471051e-07,-0.391313114427083,0.515,0.747,0.0489098533699959,"GRCh38-ZNRD2","ZNRD2","4c"
6.7731594568057e-07,0.842759444783327,0.699,0.601,0.0489712975045966,"GRCh38-ANKFY1","ANKFY1","4c"
6.77832179838511e-07,0.898391118603139,0.825,0.793,0.0490086222666841,"GRCh38-CTCF","CTCF","4c"
6.78316912311583e-07,1.02332491490205,0.738,0.652,0.0490436693939521,"GRCh38-EEFSEC","EEFSEC","4c"
6.80163623429979e-07,0.68596205685786,0.835,0.743,0.0491771903012343,"GRCh38-RAB5A","RAB5A","4c"
6.80304628627242e-07,0.52313221064436,0.32,0.144,0.0491873852590069,"GRCh38-PTGS2","PTGS2","4c"
6.80522547768934e-07,0.43014263208046,0.311,0.148,0.0492031412487895,"GRCh38-ENSG00000286830","ENSG00000286830","4c"
6.81933691097899e-07,-0.373870685164496,0.068,0.3,0.0493051697337603,"GRCh38-KNDC1","KNDC1","4c"
6.84342008934188e-07,0.283493788610517,0.291,0.129,0.0494792959299596,"GRCh38-ENSG00000262003","ENSG00000262003","4c"
6.84350786276228e-07,0.955660618864853,0.922,0.938,0.0494799305493438,"GRCh38-ANKRD17","ANKRD17","4c"
6.847285219121e-07,0.309852069930134,0.369,0.179,0.0495072415912887,"GRCh38-MCM2","MCM2","4c"
6.85904879510792e-07,0.712604209516602,0.835,0.763,0.0495922945983893,"GRCh38-ATXN2L","ATXN2L","4c"
6.89867222007238e-07,-0.570243787413071,0.398,0.196,0.0498787798855673,"GRCh38-SAA2","SAA2","4c"
6.92741870133084e-07,1.19164760693294,0.816,0.776,0.0500866226943623,"GRCh38-SYNE2","SYNE2","4c"
6.97994724338304e-07,0.290905703868416,0.233,0.095,0.0504664145591081,"GRCh38-TSIX","TSIX","4c"
7.00552744805029e-07,0.349177072764016,0.427,0.224,0.0506513645548932,"GRCh38-ENSG00000240086","ENSG00000240086","4c"
7.06596106042377e-07,1.39081981066193,0.757,0.757,0.051088311659076,"GRCh38-WDPCP","WDPCP","4c"
7.06688010591538e-07,-0.439310668915987,0.621,0.864,0.0510949565417894,"GRCh38-UTP11","UTP11","4c"
7.09687655327834e-07,0.421363700828277,0.282,0.129,0.051311836855513,"GRCh38-ENSG00000281091","ENSG00000281091","4c"
7.13430811422495e-07,0.899951781668805,0.932,0.929,0.0515824745274693,"GRCh38-ANKHD1","ANKHD1","4c"
7.2530520140393e-07,0.660159460767078,0.864,0.789,0.0524410166719069,"GRCh38-MDM4","MDM4","4c"
7.2545139094086e-07,-0.413223093813582,0.223,0.475,0.0524515864678061,"GRCh38-ZNF32","ZNF32","4c"
7.25894342021796e-07,-0.450263888481596,0.641,0.858,0.0524836127168599,"GRCh38-MKNK2","MKNK2","4c"
7.26655645411881e-07,1.12712474160918,0.816,0.758,0.0525386564745699,"GRCh38-DGKH","DGKH","4c"
7.27546790819208e-07,0.879388567527475,0.854,0.789,0.0526030880698104,"GRCh38-BMPR1A","BMPR1A","4c"
7.32748666866561e-07,0.622146856612157,0.68,0.53,0.0529791941117861,"GRCh38-C6orf120","C6orf120","4c"
7.32943242158893e-07,0.568144204924461,0.466,0.278,0.0529932622945723,"GRCh38-SLC19A2","SLC19A2","4c"
7.34996814740831e-07,0.539979169697464,0.175,0.062,0.0531417396993915,"GRCh38-SORBS1","SORBS1","4c"
7.42918845019337e-07,0.677544446762093,0.845,0.76,0.0537145183325881,"GRCh38-SEC23A","SEC23A","4c"
7.44108820713901e-07,0.311934948326789,0.311,0.144,0.0538005559552565,"GRCh38-SPIN4","SPIN4","4c"
7.47199295439269e-07,-0.376824520846765,0.66,0.829,0.05402400345885,"GRCh38-PET100","PET100","4c"
7.48746797823956e-07,1.18863955625398,0.951,0.941,0.0541358909762676,"GRCh38-ERC1","ERC1","4c"
7.49509640329657e-07,0.520959440714067,0.767,0.611,0.0541910460151148,"GRCh38-SLC31A1","SLC31A1","4c"
7.54382058324596e-07,0.753099983492246,0.825,0.786,0.0545433315809849,"GRCh38-UBAP2L","UBAP2L","4c"
7.57389564350344e-07,-0.446780917037455,0.155,0.392,0.0547607802816586,"GRCh38-ZDHHC12-DT","ZDHHC12-DT","4c"
7.57717578807181e-07,1.08821290942691,0.728,0.679,0.0547844963829168,"GRCh38-ANKRD36C","ANKRD36C","4c"
7.58418401723729e-07,1.03414046756575,0.913,0.888,0.054835167281429,"GRCh38-DOCK1","DOCK1","4c"
7.59643242622635e-07,0.899880512765568,0.155,0.05,0.0549237257281018,"GRCh38-LINC00923","LINC00923","4c"
7.6132157825427e-07,0.821793862134166,0.903,0.828,0.0550450727509402,"GRCh38-KCMF1","KCMF1","4c"
7.69356668202424e-07,1.1477769139937,0.583,0.39,0.0556260258243716,"GRCh38-PCDH9","PCDH9","4c"
7.75085698126252e-07,-0.482679270880853,0.641,0.857,0.0560402461459243,"GRCh38-MRPL17","MRPL17","4c"
7.80658181152873e-07,0.666240692942217,0.67,0.523,0.056443147813715,"GRCh38-TUBGCP5","TUBGCP5","4c"
7.81869140115571e-07,0.75670146199916,0.689,0.534,0.056530702568636,"GRCh38-USP37","USP37","4c"
7.84631093258954e-07,0.510228849903242,0.427,0.251,0.0567303973048089,"GRCh38-PPIP5K1","PPIP5K1","4c"
7.86101172024407e-07,0.401485762259836,0.495,0.303,0.0568366869397087,"GRCh38-DTD2","DTD2","4c"
7.88373930499747e-07,0.647490082844605,0.65,0.478,0.0570010119229927,"GRCh38-DDI2","DDI2","4c"
7.90279877062012e-07,0.251067151627429,0.194,0.07,0.0571388156713376,"GRCm39-Ncl","Ncl","4c"
7.95162531244694e-07,0.690559179384586,0.68,0.547,0.0574918413340539,"GRCh38-FBXW2","FBXW2","4c"
7.95321638226288e-07,-0.400203409033887,0.981,0.996,0.0575033450870371,"GRCh38-TMSB4X","TMSB4X","4c"
7.95724774839087e-07,1.07304393140216,0.748,0.666,0.0575324926704156,"GRCh38-RAB28","RAB28","4c"
8.00797126285156e-07,0.295577777352597,0.243,0.101,0.0578992338246694,"GRCh38-ENSG00000261386","ENSG00000261386","4c"
8.02062814893745e-07,-0.373193107504538,0.437,0.682,0.0579907456424475,"GRCh38-COA5","COA5","4c"
8.03536731064009e-07,1.03969272807655,0.825,0.776,0.05809731272939,"GRCh38-MAPK8","MAPK8","4c"
8.07196952856566e-07,0.601832861103941,0.67,0.501,0.0583619540854354,"GRCh38-LIPA","LIPA","4c"
8.10988487228827e-07,0.281338587518919,0.194,0.069,0.0586360896036187,"GRCm39-Ddx3x","Ddx3x","4c"
8.12199401206801e-07,1.10130750941406,0.505,0.317,0.0587236411060542,"GRCh38-LINC02542","LINC02542","4c"
8.13034805011531e-07,0.62405444030747,0.592,0.419,0.0587840424719437,"GRCh38-GLCE","GLCE","4c"
8.13703122702578e-07,0.749705640747989,0.641,0.476,0.0588323631776418,"GRCh38-CEP78","CEP78","4c"
8.13712920920436e-07,0.537953612387584,0.35,0.179,0.0588330716083894,"GRCh38-POTEM","POTEM","4c"
8.14085525189991e-07,1.0838337206373,0.874,0.857,0.0588600116422867,"GRCh38-SLMAP","SLMAP","4c"
8.15499564765224e-07,0.858934580083002,0.981,0.976,0.0589622495316552,"GRCh38-EIF4G2","EIF4G2","4c"
8.18513723879603e-07,1.02172987325181,0.864,0.897,0.059180179263943,"GRCh38-ITGAV","ITGAV","4c"
8.18581652049865e-07,0.876772631155624,0.65,0.464,0.0591850906065094,"GRCh38-DUSP16","DUSP16","4c"
8.21705709268865e-07,0.857493655159136,0.913,0.852,0.0594109661915575,"GRCh38-NBAS","NBAS","4c"
8.23203100423099e-07,0.682515355338207,0.767,0.636,0.0595192305667909,"GRCh38-SCYL2","SCYL2","4c"
8.27873309784196e-07,0.845885990016027,0.883,0.851,0.059856896044017,"GRCh38-RABGEF1","RABGEF1","4c"
8.31445306872274e-07,0.642249564342453,0.922,0.904,0.0601151585774791,"GRCh38-STK17A","STK17A","4c"
8.36404982978344e-07,0.712641167569926,0.709,0.561,0.0604737530793003,"GRCh38-IRF9","IRF9","4c"
8.40715959677678e-07,0.654419379747984,0.883,0.841,0.0607854453166155,"GRCh38-GNAI3","GNAI3","4c"
8.41586711246351e-07,0.726866352697843,0.709,0.53,0.0608484023965337,"GRCh38-PRKD2","PRKD2","4c"
8.44278395685471e-07,0.830927300522923,0.825,0.851,0.0610430165648509,"GRCh38-KIRREL1","KIRREL1","4c"
8.51014748113049e-07,-0.482223638832162,0.301,0.552,0.0615300683180697,"GRCh38-MT1F","MT1F","4c"
8.51456437347482e-07,0.742351466094913,0.563,0.391,0.0615620033330976,"GRCh38-SOX7","SOX7","4c"
8.52030000016049e-07,0.683203549145304,0.505,0.322,0.0616034730611604,"GRCh38-CLUH","CLUH","4c"
8.55223898877945e-07,0.503612750922618,0.67,0.493,0.0618343983366732,"GRCh38-LYSMD3","LYSMD3","4c"
8.57831269935728e-07,1.28887499004962,0.699,0.52,0.062022916478893,"GRCh38-COL3A1","COL3A1","4c"
8.57910266981816e-07,0.607183309753993,0.621,0.426,0.0620286281233193,"GRCh38-GABPB1","GABPB1","4c"
8.62000130877903e-07,0.304626820480416,0.233,0.095,0.0623243334627341,"GRCh38-PARD6G","PARD6G","4c"
8.63167625216455e-07,0.715926620047458,0.816,0.658,0.0624087456384001,"GRCh38-BIRC2","BIRC2","4c"
8.63397639599427e-07,-0.370469525729508,0.194,0.441,0.0624253761383177,"GRCh38-LINC00888","LINC00888","4c"
8.63654167996263e-07,0.409967723658413,0.505,0.308,0.0624439236544658,"GRCh38-ELF4","ELF4","4c"
8.65539536865941e-07,0.849034026839075,0.874,0.801,0.0625802395944813,"GRCh38-TMEM41B","TMEM41B","4c"
8.66234387052766e-07,-0.378849161192828,0.544,0.738,0.0626304786526891,"GRCh38-MTHFS","MTHFS","4c"
8.66499356307773e-07,1.10633689855193,0.913,0.913,0.0626496364597646,"GRCh38-ATXN1","ATXN1","4c"
8.6988766361653e-07,0.731661842645215,0.767,0.633,0.0628946178548023,"GRCh38-NFXL1","NFXL1","4c"
8.71302947612274e-07,1.09672638423199,0.932,0.937,0.0629969457182626,"GRCh38-PICALM","PICALM","4c"
8.78728027188371e-07,0.366298217011139,0.194,0.072,0.0635337938217736,"GRCh38-CCDC26","CCDC26","4c"
8.84585329344982e-07,-0.44056723050918,0.709,0.899,0.0639572884823009,"GRCh38-MRPL33","MRPL33","4c"
8.85449494998921e-07,0.853239336243991,0.427,0.241,0.064019769387412,"GRCh38-SPOCK1","SPOCK1","4c"
8.89434347098695e-07,0.728795098477613,0.951,0.902,0.0643078821639299,"GRCh38-PSMD14","PSMD14","4c"
8.95686662417101e-07,-0.334997465520386,0.592,0.859,0.0647599370660812,"GRCh38-FAM174C","FAM174C","4c"
9.0561674654921e-07,0.661718293149663,0.612,0.442,0.0654779020090009,"GRCh38-GRK2","GRK2","4c"
9.08443868011074e-07,-0.438831457143267,0.476,0.714,0.0656823085449366,"GRCh38-BDH2","BDH2","4c"
9.11140411084083e-07,0.330492083985317,0.155,0.05,0.0658772740022014,"GRCh38-SH3GL3","SH3GL3","4c"
9.14286098291593e-07,-0.477330579460262,0.427,0.663,0.0661047134786788,"GRCh38-TRPT1","TRPT1","4c"
9.14910492588877e-07,0.823346166889557,0.728,0.645,0.066149858435161,"GRCh38-NCK2","NCK2","4c"
9.17796190688217e-07,0.848138930566404,0.932,0.94,0.0663585001791394,"GRCh38-ZNF131","ZNF131","4c"
9.20141664330227e-07,0.839277359929658,0.641,0.49,0.066528082614404,"GRCh38-PKD1","PKD1","4c"
9.20220269745176e-07,1.05229484199218,0.786,0.759,0.0665337659431157,"GRCh38-KDM4B","KDM4B","4c"
9.25599712990351e-07,0.754851409618369,0.388,0.206,0.0669227104486284,"GRCh38-FHIP1A","FHIP1A","4c"
9.35898999855499e-07,0.551028449873063,0.922,0.822,0.0676673694875523,"GRCh38-CBX5","CBX5","4c"
9.39341241770082e-07,0.535736864316459,0.505,0.325,0.0679162504624605,"GRCh38-LRRC37B","LRRC37B","4c"
9.47546188830056e-07,0.253741517566983,0.252,0.104,0.0685094845447907,"GRCm39-Ccl4","Ccl4","4c"
9.54559755050489e-07,-0.446906365237022,0.437,0.653,0.0690165794096605,"GRCh38-PRXL2C","PRXL2C","4c"
9.55745978599094e-07,0.6467636451149,0.777,0.651,0.0691023457446717,"GRCh38-B3GALNT2","B3GALNT2","4c"
9.58280290777688e-07,0.819456693461424,0.951,0.928,0.0692855815838084,"GRCh38-TUSC3","TUSC3","4c"
9.5955531930128e-07,-0.374788612883725,0.136,0.374,0.0693777686961211,"GRCh38-FCGR2A","FCGR2A","4c"
9.69885867958983e-07,0.252867649970097,0.233,0.094,0.0701246880251704,"GRCh38-GLB1L","GLB1L","4c"
9.69958152755113e-07,-0.392766554574548,0.252,0.493,0.0701299143605001,"GRCh38-GPNMB","GPNMB","4c"
9.72816164197602e-07,0.606009651490462,0.583,0.399,0.070336554303815,"GRCh38-PROSER3","PROSER3","4c"
9.79631327365207e-07,-0.410593351870853,0.243,0.495,0.0708293042311592,"GRCh38-ENSG00000260983","ENSG00000260983","4c"
9.86879577705758e-07,-0.490569249125559,0.515,0.72,0.0713533672272817,"GRCh38-ENDOG","ENDOG","4c"
9.88550006079583e-07,0.480385426282867,0.398,0.226,0.071474142539566,"GRCh38-TRIM59","TRIM59","4c"
9.89195592294092e-07,-0.362281375883108,0.388,0.644,0.0715208197140475,"GRCh38-SPATA20","SPATA20","4c"
9.91814673634302e-07,0.376631622077663,0.126,0.037,0.0717101845331073,"GRCh38-TMEFF2","TMEFF2","4c"
9.9340527352978e-07,0.63541592701168,0.65,0.502,0.0718251880867502,"GRCh38-ERAP1","ERAP1","4c"
9.99925240704295e-07,1.28172228862811,0.592,0.414,0.072296594753402,"GRCh38-HEXIM1","HEXIM1","4c"
1.00522338212222e-06,1.48972264096854,0.757,0.69,0.0726796609742007,"GRCh38-HIVEP3","HIVEP3","4c"
1.00659993033553e-06,0.41395189918288,0.408,0.226,0.0727791881631198,"GRCh38-ZNF317","ZNF317","4c"
1.02791195472605e-06,1.05046977167749,0.864,0.833,0.0743200901506031,"GRCh38-MPRIP","MPRIP","4c"
1.03141842297471e-06,-0.31244320938179,0.485,0.748,0.0745736148179178,"GRCh38-ZFPM1","ZFPM1","4c"
1.03239028172825e-06,0.323989846004417,0.466,0.263,0.0746438821495158,"GRCh38-PIGQ","PIGQ","4c"
1.03469764287031e-06,0.306623468758521,0.35,0.178,0.0748107089748092,"GRCh38-FAM83G","FAM83G","4c"
1.03500533489336e-06,0.567076808812231,0.689,0.534,0.0748329557234597,"GRCh38-DLAT","DLAT","4c"
1.0423205959385e-06,0.615252726261359,0.592,0.426,0.0753618637275455,"GRCh38-PPP2R5D","PPP2R5D","4c"
1.05262149843254e-06,0.948763334020561,0.631,0.485,0.0761066395796693,"GRCh38-BCR","BCR","4c"
1.06969665279779e-06,0.41498696672137,0.369,0.191,0.0773412073905855,"GRCh38-LSM11","LSM11","4c"
1.07439887679158e-06,-0.445389204930771,0.738,0.916,0.077681187589785,"GRCh38-ORMDL1","ORMDL1","4c"
1.07869831200581e-06,-0.451061044313967,0.816,0.941,0.0779920453546443,"GRCh38-UQCRC1","UQCRC1","4c"
1.08006569834538e-06,0.78349088872598,0.417,0.238,0.0780909101217679,"GRCh38-BMPER","BMPER","4c"
1.08059129547512e-06,0.292643647724294,0.35,0.169,0.078128911845442,"GRCh38-KDM4A-AS1","KDM4A-AS1","4c"
1.08077136882958e-06,-0.341596990237028,0.398,0.643,0.0781419315091164,"GRCh38-SNAPC2","SNAPC2","4c"
1.08274067260265e-06,0.979782966293427,0.728,0.584,0.0782843161105165,"GRCh38-SPTLC2","SPTLC2","4c"
1.09187300364651e-06,0.571393543197962,0.825,0.741,0.0789446019096501,"GRCh38-YAF2","YAF2","4c"
1.09514594520183e-06,0.746465281111274,0.757,0.642,0.0791812421299826,"GRCh38-SETD3","SETD3","4c"
1.09902554096166e-06,0.741112047800348,0.845,0.743,0.07946174466261,"GRCh38-DESI2","DESI2","4c"
1.09975590755665e-06,0.667428442661324,0.903,0.88,0.0795145516281609,"GRCh38-PDXDC1","PDXDC1","4c"
1.12058163323403e-06,0.863555862753763,0.757,0.714,0.0810202932460866,"GRCh38-COG6","COG6","4c"
1.1217197280193e-06,0.298191750661799,0.233,0.097,0.0811025797752515,"GRCh38-PPP1R12A-AS1","PPP1R12A-AS1","4c"
1.13008337176141e-06,1.53130608633831,0.942,0.93,0.0817072879450935,"GRCh38-PRKCA","PRKCA","4c"
1.13290575584689e-06,0.314001880295349,0.359,0.18,0.081911351959242,"GRCh38-SMCR8","SMCR8","4c"
1.13602986428731e-06,-0.358318849297114,0.058,0.279,0.0821372312477011,"GRCh38-CFD","CFD","4c"
1.13747593419107e-06,0.440751528091888,0.311,0.15,0.0822417849938827,"GRCh38-CFAP251","CFAP251","4c"
1.13859862036276e-06,1.03363994277751,0.883,0.882,0.0823229574494682,"GRCh38-STK3","STK3","4c"
1.14138933526253e-06,-0.271914829492344,0.709,0.87,0.0825247317181511,"GRCh38-ARMCX3","ARMCX3","4c"
1.14215585769105e-06,1.07814489213349,0.631,0.512,0.0825801528227784,"GRCh38-ENSG00000283415","ENSG00000283415","4c"
1.14286732015351e-06,0.732492657144618,0.864,0.832,0.0826315929817391,"GRCh38-CNOT4","CNOT4","4c"
1.14855086790676e-06,0.782732948342487,0.777,0.732,0.0830425248513946,"GRCh38-PDCD11","PDCD11","4c"
1.155110515272e-06,0.856003050424923,0.767,0.687,0.0835168004751964,"GRCh38-BLTP3B","BLTP3B","4c"
1.15970882164943e-06,0.303835178755028,0.233,0.094,0.0838492672228973,"GRCh38-CFAP161","CFAP161","4c"
1.16071493269977e-06,0.4068809753438,0.408,0.232,0.0839220110640586,"GRCh38-USF1","USF1","4c"
1.16260792784504e-06,0.268802248826443,0.214,0.083,0.0840588783990519,"GRCh38-MAP3K20-AS1","MAP3K20-AS1","4c"
1.16295077264125e-06,0.807637625710179,0.864,0.835,0.0840836667635079,"GRCh38-SMAD2","SMAD2","4c"
1.16687276488682e-06,0.733165974170604,0.903,0.904,0.0843672346468469,"GRCh38-OGA","OGA","4c"
1.16705021321417e-06,-0.42319018901669,0.748,0.879,0.0843800645158106,"GRCh38-MRPS30","MRPS30","4c"
1.16763323430946e-06,0.954425559965042,0.874,0.814,0.0844222181070424,"GRCh38-DOCK7","DOCK7","4c"
1.17085510646311e-06,0.474214488617515,0.476,0.291,0.0846551659074955,"GRCh38-TRMT44","TRMT44","4c"
1.17113787772861e-06,0.828903610405982,0.612,0.462,0.0846756108355343,"GRCh38-ZBTB43","ZBTB43","4c"
1.18274043102428e-06,0.373441085339491,0.301,0.143,0.0855144986439176,"GRCh38-KDM8","KDM8","4c"
1.1837974851984e-06,0.779554406176244,0.641,0.443,0.0855909257748148,"GRCh38-HERC6","HERC6","4c"
1.18851159917871e-06,0.486841841974069,0.136,0.042,0.0859317656438191,"GRCh38-LAMA1","LAMA1","4c"
1.18891628007966e-06,0.368663250410223,0.311,0.151,0.0859610248823196,"GRCh38-RCBTB2","RCBTB2","4c"
1.19048878019132e-06,0.550914871414667,0.621,0.454,0.0860747197853926,"GRCh38-TTC23","TTC23","4c"
1.19364153123297e-06,0.721201153602527,0.379,0.205,0.0863026699912061,"GRCh38-PLEKHG1","PLEKHG1","4c"
1.1953897250116e-06,0.329791857139797,0.311,0.139,0.0864290678977885,"GRCm39-Mif","Mif","4c"
1.20001426082661e-06,-0.572672596992195,0.524,0.767,0.0867634310862856,"GRCh38-FAM89B","FAM89B","4c"
1.20670482076336e-06,0.781085736596505,0.796,0.715,0.0872471719508327,"GRCh38-USP4","USP4","4c"
1.21001694472108e-06,-0.474739855517845,0.573,0.743,0.0874866451372233,"GRCh38-PPIE","PPIE","4c"
1.21048076832886e-06,0.656130582741638,0.272,0.121,0.0875201805117129,"GRCh38-SOX6","SOX6","4c"
1.21445570349721e-06,0.792887296184993,0.699,0.545,0.0878075762742555,"GRCh38-DPP9","DPP9","4c"
1.21729455835601e-06,0.383770380446001,0.447,0.259,0.0880128311582562,"GRCh38-NAXD","NAXD","4c"
1.22619332818245e-06,0.59968839962048,0.485,0.303,0.0886562300142475,"GRCh38-ZNF700","ZNF700","4c"
1.23407359102075e-06,0.348055360539762,0.33,0.161,0.0892259887779825,"GRCh38-PBLD","PBLD","4c"
1.23964254036474e-06,0.699982036890461,0.932,0.914,0.0896286349534518,"GRCh38-UBE2H","UBE2H","4c"
1.24213334420619e-06,1.36345316826142,0.66,0.511,0.0898087250527958,"GRCh38-NOCT","NOCT","4c"
1.24389925612111e-06,0.349993633403444,0.369,0.189,0.0899364040160682,"GRCh38-NOP14-AS1","NOP14-AS1","4c"
1.24537633260545e-06,0.720232068061379,0.767,0.638,0.0900431996000391,"GRCh38-TMEM135","TMEM135","4c"
1.24885838302041e-06,-0.576701849692266,0.786,0.928,0.0902949588091418,"GRCh38-PSME2","PSME2","4c"
1.25219743249285e-06,1.07594923175401,0.495,0.313,0.090536378764098,"GRCh38-COL4A1","COL4A1","4c"
1.25397730253102e-06,-0.496937759962675,0.563,0.748,0.090665066927598,"GRCh38-CORO1B","CORO1B","4c"
1.25397792597842e-06,0.722389315856481,0.67,0.487,0.0906651120040916,"GRCh38-FAM219A","FAM219A","4c"
1.25564703297345e-06,0.763844573989481,0.816,0.686,0.0907857917780463,"GRCh38-ZNF532","ZNF532","4c"
1.25798674573236e-06,0.657077978663098,0.641,0.499,0.0909549576899414,"GRCh38-PGGT1B","PGGT1B","4c"
1.25813564990128e-06,0.803286041915231,0.767,0.677,0.0909657237591623,"GRCh38-FAM168B","FAM168B","4c"
1.26459907976087e-06,0.464100881092414,0.388,0.215,0.0914330426648703,"GRCh38-TRIM3","TRIM3","4c"
1.27112330983219e-06,0.627055529252894,0.738,0.61,0.0919047575474869,"GRCh38-PCGF3","PCGF3","4c"
1.27658413908562e-06,0.658998156789854,0.757,0.626,0.0922995864241685,"GRCh38-SLC35A3","SLC35A3","4c"
1.27921825018269e-06,0.900816561667384,0.845,0.774,0.0924900379247086,"GRCh38-WDFY2","WDFY2","4c"
1.2807344603495e-06,1.31447192392132,0.864,0.82,0.0925996629521897,"GRCh38-JARID2","JARID2","4c"
1.28368019216838e-06,0.261104437381395,0.184,0.067,0.0928126452541581,"GRCh38-KCNAB3","KCNAB3","4c"
1.28477024683145e-06,-0.363479202982223,0.029,0.232,0.0928914583864077,"GRCh38-CTXN1","CTXN1","4c"
1.28572846060519e-06,-0.40867283614045,0.728,0.897,0.0929607391586767,"GRCh38-SH3BGRL","SH3BGRL","4c"
1.28789507360177e-06,0.588867428377939,0.466,0.279,0.0931173896115555,"GRCh38-DNAH2","DNAH2","4c"
1.29001692637316e-06,0.414559025246596,0.68,0.526,0.0932708038106321,"GRCh38-GMNN","GMNN","4c"
1.30280036114047e-06,0.642290430647251,0.417,0.244,0.0941950717111781,"GRCh38-TCF7","TCF7","4c"
1.3070365050649e-06,0.573595907980608,0.592,0.419,0.0945013533892026,"GRCh38-ZNF138","ZNF138","4c"
1.31429323977151e-06,0.496289161837114,0.35,0.182,0.0950260298219594,"GRCh38-PANK1","PANK1","4c"
1.32536232165926e-06,0.391095952898953,0.126,0.037,0.0958263465806076,"GRCh38-ENSG00000254987","ENSG00000254987","4c"
1.32811887254175e-06,0.965244528420915,0.767,0.67,0.0960256507225136,"GRCh38-RASSF8","RASSF8","4c"
1.33109280952595e-06,-0.415461761277535,0.874,0.939,0.096240672314345,"GRCh38-PSMA3","PSMA3","4c"
1.33246547237785e-06,0.74716871649693,0.718,0.545,0.0963399185838632,"GRCh38-XXYLT1","XXYLT1","4c"
1.34032374725635e-06,0.673093288837924,0.641,0.483,0.0969080875741286,"GRCh38-NPIPB13","NPIPB13","4c"
1.34085057146109e-06,1.14822699381752,0.893,0.911,0.0969461780177795,"GRCh38-ITGA3","ITGA3","4c"
1.3481351301502e-06,0.797205517396133,0.806,0.797,0.0974728661801197,"GRCh38-EXOSC10","EXOSC10","4c"
1.37292651909141e-06,0.294923932980037,0.136,0.041,0.0992653331833469,"GRCh38-SSUH2","SSUH2","4c"
1.37554503524063e-06,0.825242024657423,0.922,0.953,0.0994546571379681,"GRCh38-APP","APP","4c"
1.37957200216047e-06,0.617986250356155,0.447,0.264,0.0997458149002063,"GRCh38-LNX1","LNX1","4c"
1.3833046809963e-06,0.349954770850505,0.243,0.1,0.100015695045394,"GRCh38-PPFIA4","PPFIA4","4c"
1.38501917909784e-06,-0.531657287385798,0.447,0.662,0.100139656687132,"GRCh38-CDON","CDON","4c"
1.38739693622061e-06,0.515633482330197,0.214,0.086,0.100311573282623,"GRCh38-ADTRP","ADTRP","4c"
1.3877412557793e-06,0.617427249219813,0.932,0.921,0.100336468275355,"GRCh38-ZFP91","ZFP91","4c"
1.39522679444786e-06,0.259345132335076,0.243,0.098,0.100877687692169,"GRCm39-Chchd2","Chchd2","4c"
1.41046935656108e-06,0.752755779195669,0.65,0.554,0.101979755418079,"GRCh38-ZDHHC5","ZDHHC5","4c"
1.41586448263195e-06,-0.359439842581005,0.068,0.288,0.102369833823255,"GRCh38-ENSG00000267073","ENSG00000267073","4c"
1.4226512565398e-06,1.1748197371455,0.359,0.194,0.10286053115034,"GRCh38-ENSG00000287172","ENSG00000287172","4c"
1.42915162059884e-06,0.719523594931877,0.612,0.47,0.103330520472537,"GRCh38-GAN","GAN","4c"
1.43198379737314e-06,-0.392953766241116,0.825,0.937,0.103535292517673,"GRCh38-DYNLT1","DYNLT1","4c"
1.44109902691459e-06,0.626803343216254,0.728,0.593,0.104194341843979,"GRCh38-ALDH18A1","ALDH18A1","4c"
1.44291696608252e-06,0.330908972951773,0.262,0.115,0.104325782481698,"GRCh38-NOSTRIN","NOSTRIN","4c"
1.4515620467692e-06,-0.442828659559147,0.66,0.873,0.104950839105507,"GRCh38-SIVA1","SIVA1","4c"
1.45761866621393e-06,0.287047021986608,0.252,0.104,0.1053887448046,"GRCm39-Gm8797","Gm8797","4c"
1.4640022711215e-06,1.11950694500163,0.942,0.933,0.105850292206626,"GRCh38-CLIC4","CLIC4","4c"
1.46513593022728e-06,1.19222927298262,0.573,0.367,0.105932258027293,"GRCh38-NEBL","NEBL","4c"
1.46550713720445e-06,-0.466209531278242,0.689,0.88,0.105959097034156,"GRCh38-MRPL37","MRPL37","4c"
1.46624010006095e-06,1.03044079302673,0.942,0.974,0.106012091714607,"GRCh38-FN1","FN1","4c"
1.46763780868796e-06,0.982695895986553,0.961,0.935,0.106113148843757,"GRCh38-LARP1","LARP1","4c"
1.46815979406757e-06,0.683614863079808,0.466,0.293,0.106150889430673,"GRCh38-TNK2","TNK2","4c"
1.46828032073646e-06,0.463623400941204,0.359,0.187,0.106159603749887,"GRCh38-CHAF1B","CHAF1B","4c"
1.48103286505589e-06,0.262757710899056,0.243,0.099,0.107081638209271,"GRCm39-Smox","Smox","4c"
1.48174889684043e-06,0.79909531785948,0.951,0.938,0.107133408739357,"GRCh38-SETD5","SETD5","4c"
1.48533737083779e-06,0.648855073445034,0.68,0.538,0.107392862586314,"GRCh38-AP1AR","AP1AR","4c"
1.48670058853033e-06,1.25248774636103,0.612,0.482,0.10749142595192,"GRCh38-GPR39","GPR39","4c"
1.50433180997953e-06,0.75292663546272,0.728,0.611,0.10876619852514,"GRCh38-VPS45","VPS45","4c"
1.50690177684227e-06,0.765705679249635,0.903,0.899,0.10895201226925,"GRCh38-CLINT1","CLINT1","4c"
1.51164511928462e-06,-0.433749383693921,0.913,0.975,0.109294965414517,"GRCh38-SKP1","SKP1","4c"
1.51375934484932e-06,0.734096514833277,0.243,0.105,0.109447828151296,"GRCh38-TULP2","TULP2","4c"
1.51473642283098e-06,0.469386243319614,0.214,0.085,0.109518472843526,"GRCh38-ENSG00000258216","ENSG00000258216","4c"
1.52175691821223e-06,-0.335484137296801,0.718,0.906,0.110026068700581,"GRCh38-PSMG2","PSMG2","4c"
1.53095458941849e-06,-0.358825151906728,0.495,0.758,0.110691078724135,"GRCh38-DRAM2","DRAM2","4c"
1.53441577423569e-06,0.938724745569118,0.825,0.804,0.110941329308789,"GRCh38-DIS3L2","DIS3L2","4c"
1.53472195169273e-06,-0.364512919422999,0.728,0.871,0.110963466551288,"GRCh38-CFAP36","CFAP36","4c"
1.55170030008862e-06,0.836433650300636,0.786,0.714,0.112191035097008,"GRCh38-CRK","CRK","4c"
1.55271595123243e-06,-0.946491701692186,0.078,0.294,0.112264468706008,"GRCh38-KRT81","KRT81","4c"
1.56537714657074e-06,0.645945816094239,0.437,0.262,0.113179898451357,"GRCh38-FMNL3","FMNL3","4c"
1.57580226071082e-06,0.736527956026592,0.612,0.434,0.113933655053914,"GRCh38-EDRF1","EDRF1","4c"
1.58185972568593e-06,0.318810395965904,0.184,0.066,0.114371621886544,"GRCm39-Atp1b3","Atp1b3","4c"
1.58751073191245e-06,0.824383387445595,0.816,0.698,0.114780200938734,"GRCh38-WDFY1","WDFY1","4c"
1.59436673921081e-06,0.586382164988345,0.66,0.506,0.11527590397842,"GRCh38-SERINC2","SERINC2","4c"
1.5969291070174e-06,0.758556503833954,0.524,0.355,0.115461168295572,"GRCh38-HERC3","HERC3","4c"
1.59924814830375e-06,0.861594230850565,0.738,0.654,0.115628839618658,"GRCh38-UBAC2","UBAC2","4c"
1.60400952202303e-06,0.645944349730285,0.408,0.234,0.115973096461309,"GRCh38-ASMTL-AS1","ASMTL-AS1","4c"
1.62371426131507e-06,0.846728323369432,0.699,0.58,0.117397788521602,"GRCh38-CHST3","CHST3","4c"
1.62609010603678e-06,0.394664283314537,0.146,0.047,0.117569566846671,"GRCh38-BMPR1B","BMPR1B","4c"
1.62613239356173e-06,0.790275106174901,0.466,0.299,0.1175726243193,"GRCh38-CORO2B","CORO2B","4c"
1.62671477360599e-06,0.884763306534567,0.68,0.516,0.117614731561261,"GRCh38-NECTIN3-AS1","NECTIN3-AS1","4c"
1.64820792534628e-06,0.383466996085384,0.282,0.133,0.119168729418387,"GRCh38-ZNF701","ZNF701","4c"
1.64969790375174e-06,-0.301693587145204,0.524,0.717,0.119276457837059,"GRCh38-AMZ2","AMZ2","4c"
1.65129657369789e-06,1.03392648856123,0.689,0.548,0.119392044871505,"GRCh38-PER2","PER2","4c"
1.65450532215821e-06,1.37750673425763,0.437,0.272,0.119624043802683,"GRCh38-LINC02873","LINC02873","4c"
1.66222093658078e-06,0.674423755544371,0.466,0.287,0.120181898156664,"GRCh38-ENSG00000286546","ENSG00000286546","4c"
1.66814881761608e-06,-0.369848148368091,0.194,0.462,0.120610495811278,"GRCh38-YPEL2","YPEL2","4c"
1.66908206519381e-06,-0.47715096770134,0.524,0.74,0.120677971477643,"GRCh38-SMIM19","SMIM19","4c"
1.67171457347207e-06,0.920871501747644,0.903,0.879,0.120868307091178,"GRCh38-LUZP1","LUZP1","4c"
1.67405964144122e-06,1.11504510205118,0.825,0.741,0.121037860195483,"GRCh38-ARHGAP32","ARHGAP32","4c"
1.67748286354984e-06,1.23026816391471,0.796,0.753,0.121285366000381,"GRCh38-ENSG00000260289","ENSG00000260289","4c"
1.67875166174434e-06,0.939706989733385,0.951,0.92,0.12137710264744,"GRCh38-CAMK2D","CAMK2D","4c"
1.68466005108225e-06,0.836489744632214,0.932,0.911,0.121804291013349,"GRCh38-TCERG1","TCERG1","4c"
1.69231659395317e-06,-0.389798605664442,0.495,0.713,0.122357874376002,"GRCh38-RING1","RING1","4c"
1.69343942166138e-06,0.801982135480551,0.971,0.924,0.122439057064961,"GRCh38-TNRC6A","TNRC6A","4c"
1.69416046208873e-06,0.471427181289024,0.612,0.376,0.122491189729939,"GRCh38-FUT11","FUT11","4c"
1.70499461107644e-06,0.298599703449489,0.291,0.131,0.123274520370049,"GRCm39-Rpl7","Rpl7","4c"
1.71079660812208e-06,0.744184128367733,0.65,0.524,0.123694016360443,"GRCh38-MINK1","MINK1","4c"
1.71288639922241e-06,0.69424245637335,0.709,0.615,0.123845112436579,"GRCh38-MAPK9","MAPK9","4c"
1.73315928868883e-06,0.416239906555804,0.456,0.273,0.12531088289078,"GRCh38-POLD1","POLD1","4c"
1.73775502592484e-06,0.868032215658963,0.903,0.811,0.125643163884418,"GRCh38-CACUL1","CACUL1","4c"
1.74318313283043e-06,1.58450223581654,0.728,0.67,0.126035626869906,"GRCh38-ARHGAP26","ARHGAP26","4c"
1.75014999290058e-06,0.67872071809757,0.874,0.793,0.126539344786698,"GRCh38-RARS2","RARS2","4c"
1.75322779915657e-06,-0.326904442417116,0.796,0.916,0.126761876334618,"GRCh38-CNIH1","CNIH1","4c"
1.75387834119467e-06,0.591681304448632,0.456,0.281,0.126808911825057,"GRCh38-BAALC-AS1","BAALC-AS1","4c"
1.76081856453419e-06,0.399622337964852,0.136,0.042,0.127310703852951,"GRCh38-OTUD7A","OTUD7A","4c"
1.76094280300594e-06,0.532229713264739,0.505,0.331,0.127319686542936,"GRCh38-ASB7","ASB7","4c"
1.76473187437505e-06,-0.539030943606395,0.786,0.943,0.127593643981065,"GRCh38-SEC61G","SEC61G","4c"
1.76555810183144e-06,0.719944489836588,0.631,0.462,0.127653381878617,"GRCh38-SH2B3","SH2B3","4c"
1.77352584302001e-06,0.910163484477322,0.728,0.642,0.128229465502033,"GRCh38-ZMPSTE24","ZMPSTE24","4c"
1.77357137039637e-06,-0.445304258729532,0.447,0.662,0.128232757222399,"GRCh38-PRR7","PRR7","4c"
1.77756703153195e-06,0.686278704133267,0.786,0.655,0.128521651513823,"GRCh38-MBTPS2","MBTPS2","4c"
1.77869958827803e-06,0.298333383008971,0.35,0.175,0.128603537631678,"GRCh38-CPB2-AS1","CPB2-AS1","4c"
1.78176760750188e-06,0.570680586941151,0.796,0.632,0.128825361557601,"GRCh38-TRAPPC11","TRAPPC11","4c"
1.78341206000303e-06,0.766816506694517,0.835,0.736,0.128944258762339,"GRCh38-WDR41","WDR41","4c"
1.7841538673107e-06,0.685077066997442,0.951,0.958,0.128997892914298,"GRCh38-TUBA1C","TUBA1C","4c"
1.78889460982031e-06,0.356351983706327,0.379,0.202,0.129340658079228,"GRCh38-PIDD1","PIDD1","4c"
1.79700168569235e-06,-0.447870327921728,0.398,0.624,0.129926815878928,"GRCh38-HINT2","HINT2","4c"
1.7981074378323e-06,0.349777506256618,0.466,0.275,0.130006763970151,"GRCh38-ENSG00000290737","ENSG00000290737","4c"
1.81394557068902e-06,-0.432296068795417,0.408,0.637,0.131151892651957,"GRCh38-SORBS3","SORBS3","4c"
1.81601514442779e-06,-0.452814705076081,0.35,0.567,0.131301526972418,"GRCh38-ASAP3","ASAP3","4c"
1.82159967315083e-06,1.0284004800557,0.641,0.457,0.131705299568151,"GRCh38-FBXO33","FBXO33","4c"
1.82636533167262e-06,0.417956305885006,0.388,0.212,0.132049866210593,"GRCh38-FAAP24","FAAP24","4c"
1.82700686514184e-06,0.58723251236436,0.757,0.614,0.132096250363485,"GRCh38-NUP85","NUP85","4c"
1.83380130587883e-06,0.930435409914248,0.854,0.782,0.132587502017651,"GRCh38-ATP11C","ATP11C","4c"
1.83530631451077e-06,0.838788007230609,0.883,0.855,0.132696317151758,"GRCh38-AATF","AATF","4c"
1.83728187514092e-06,-0.342307239079086,0.631,0.847,0.132839154136439,"GRCh38-CCS","CCS","4c"
1.842919567782e-06,0.554233511852015,0.748,0.651,0.133246770589774,"GRCh38-DDHD2","DDHD2","4c"
1.86175448359851e-06,-0.438349163637607,0.621,0.851,0.13460857267314,"GRCh38-IMP3","IMP3","4c"
1.86292616668996e-06,1.1847489121391,0.806,0.71,0.134693287704017,"GRCh38-SLC39A11","SLC39A11","4c"
1.8653960660469e-06,-0.39956795227851,0.282,0.514,0.134871866367323,"GRCh38-ARRDC1","ARRDC1","4c"
1.88203616860107e-06,0.795543953507709,0.369,0.213,0.136074979062194,"GRCh38-GFOD1","GFOD1","4c"
1.88383134806647e-06,0.760176566724912,0.621,0.474,0.136204774127902,"GRCh38-TNFRSF10A","TNFRSF10A","4c"
1.88497955700956e-06,0.50184209889468,0.204,0.077,0.136287791930905,"GRCh38-TMPRSS11E","TMPRSS11E","4c"
1.89019510275651e-06,0.602533632280619,0.816,0.655,0.136664886319501,"GRCh38-FARP2","FARP2","4c"
1.90555660261998e-06,-0.656846888698361,0.126,0.339,0.13777555348263,"GRCh38-GMFG","GMFG","4c"
1.92315917527895e-06,0.816559453419536,0.777,0.815,0.139048254691019,"GRCh38-CSNK1G3","CSNK1G3","4c"
1.92972736822238e-06,0.867003444432972,0.583,0.436,0.139523148177215,"GRCh38-CRACR2A","CRACR2A","4c"
1.93465711867202e-06,0.508773068861657,0.65,0.441,0.139879578994224,"GRCh38-ZNF586","ZNF586","4c"
1.94932201535215e-06,1.07874158442854,0.524,0.363,0.140939880353991,"GRCh38-B4GALNT3","B4GALNT3","4c"
1.95019311385639e-06,0.283002617149889,0.175,0.063,0.141002862518045,"GRCh38-HSH2D","HSH2D","4c"
1.95490750774446e-06,0.503986605599701,0.437,0.262,0.14134372262494,"GRCh38-TLNRD1","TLNRD1","4c"
1.96404068843372e-06,-0.3727515320171,0.544,0.716,0.142004069855135,"GRCh38-ARL16","ARL16","4c"
1.98083958553961e-06,0.616869232096515,0.748,0.577,0.143218663713685,"GRCh38-UEVLD","UEVLD","4c"
1.98254720908765e-06,-0.425272775329401,0.476,0.729,0.143342128311456,"GRCh38-LDOC1","LDOC1","4c"
1.99247300631782e-06,-0.420247258951087,0.583,0.796,0.144059783302791,"GRCh38-CIBAR1","CIBAR1","4c"
1.99609832568614e-06,-0.404762483774802,0.621,0.817,0.144321901143759,"GRCh38-CCPG1","CCPG1","4c"
1.99796641997945e-06,0.709729387437726,0.845,0.756,0.144456968097354,"GRCh38-EFTUD2","EFTUD2","4c"
2.01264360940598e-06,-0.495386494935571,0.369,0.615,0.145518158247271,"GRCh38-TMEM156","TMEM156","4c"
2.02052793780861e-06,0.847063520694754,0.932,0.91,0.146088210959438,"GRCh38-AKAP11","AKAP11","4c"
2.02091826642408e-06,0.686323790916661,0.786,0.681,0.146116432498994,"GRCh38-DPP8","DPP8","4c"
2.03331447907961e-06,1.28999885840285,0.786,0.668,0.147012703466414,"GRCh38-TANGO6","TANGO6","4c"
2.03495287859139e-06,0.680134823246719,0.65,0.492,0.147131163027915,"GRCh38-SLC25A16","SLC25A16","4c"
2.04469389112352e-06,0.596317755860607,0.883,0.862,0.147835457716013,"GRCh38-IKBIP","IKBIP","4c"
2.05606719828704e-06,1.04737119196896,0.835,0.813,0.14865777057055,"GRCh38-PPP2R3A","PPP2R3A","4c"
2.05614663011629e-06,0.252344455993861,0.282,0.124,0.148663513650668,"GRCm39-Laptm5","Laptm5","4c"
2.07044682707562e-06,0.74443259659877,0.971,0.945,0.149697446491221,"GRCh38-PAFAH1B1","PAFAH1B1","4c"
2.07542302617578e-06,0.35899948244463,0.388,0.207,0.150057235638561,"GRCh38-TMEM144","TMEM144","4c"
2.08505443143549e-06,0.700990499273342,0.68,0.551,0.150753605501649,"GRCh38-PI4KB","PI4KB","4c"
2.08666193724833e-06,0.352550022487956,0.359,0.182,0.150869831386929,"GRCh38-TMEM143","TMEM143","4c"
2.08722265180169e-06,0.717249281225779,0.641,0.522,0.150910372170566,"GRCh38-STK40","STK40","4c"
2.08760565449622e-06,-0.423454372276208,0.379,0.615,0.150938064031386,"GRCh38-CLN8-AS1","CLN8-AS1","4c"
2.09557104468286e-06,0.279783866820993,0.146,0.048,0.15151397767266,"GRCh38-ENSG00000233848","ENSG00000233848","4c"
2.09638227506561e-06,0.631608803527043,0.262,0.116,0.151572631251794,"GRCh38-AGMO","AGMO","4c"
2.1048173050898e-06,0.802173060642124,0.874,0.862,0.152182500792603,"GRCh38-DNM1L","DNM1L","4c"
2.11184622964344e-06,0.608641451884209,0.631,0.463,0.15269070609568,"GRCh38-AXIN1","AXIN1","4c"
2.11395288676595e-06,-0.511817582180895,0.495,0.682,0.152843021618952,"GRCh38-BCL3","BCL3","4c"
2.11442902479715e-06,0.468911866994731,0.359,0.189,0.152877447350883,"GRCh38-KIF3C","KIF3C","4c"
2.12566094143539e-06,0.774543853950388,0.68,0.557,0.153689537387662,"GRCh38-FNIP2","FNIP2","4c"
2.14209568090924e-06,0.346877738088482,0.291,0.141,0.1548778019211,"GRCh38-ENSG00000289001","ENSG00000289001","4c"
2.14566104972021e-06,-0.371602875158802,0.223,0.469,0.155135585216871,"GRCh38-GEMIN7","GEMIN7","4c"
2.14607218474935e-06,0.484689787030258,0.447,0.266,0.155165311101748,"GRCh38-SLC22A4","SLC22A4","4c"
2.14961488372243e-06,0.964835489738547,0.757,0.637,0.155421455322899,"GRCh38-NFATC3","NFATC3","4c"
2.15207656317867e-06,0.815558520263957,0.893,0.812,0.155599439670944,"GRCh38-MYCBP2","MYCBP2","4c"
2.15369985399924e-06,-0.31510041280908,0.854,0.943,0.155716806843853,"GRCh38-TXNL1","TXNL1","4c"
2.166733570214e-06,-0.422400494408452,0.34,0.567,0.156659170593613,"GRCh38-FBXL15","FBXL15","4c"
2.16836232878378e-06,0.77711812703214,0.602,0.472,0.156776933095725,"GRCh38-INTS2","INTS2","4c"
2.17368831686963e-06,-0.497392348394619,0.641,0.868,0.157162012686308,"GRCh38-C4orf3","C4orf3","4c"
2.17601253324344e-06,-0.310391930307549,0.922,0.961,0.157330058178567,"GRCh38-RBFOX2","RBFOX2","4c"
2.17691925122171e-06,-0.323041597599718,0.049,0.25,0.157395615701832,"GRCh38-ENSG00000289515","ENSG00000289515","4c"
2.19932002037619e-06,0.275390689970554,0.126,0.038,0.15901523611324,"GRCh38-UNC5D","UNC5D","4c"
2.21405580305009e-06,0.294825909920132,0.214,0.087,0.160080662672127,"GRCh38-QRICH2","QRICH2","4c"
2.21479676876813e-06,0.331809976942152,0.194,0.074,0.160134235975473,"GRCh38-LINC02955","LINC02955","4c"
2.21727544253112e-06,-0.420602100236287,0.864,0.903,0.160313449045885,"GRCh38-GABPB1-AS1","GABPB1-AS1","4c"
2.24592372210222e-06,0.644167280679174,0.631,0.465,0.162384776955435,"GRCh38-LIMK1","LIMK1","4c"
2.25156308261301e-06,0.769707043570462,0.806,0.696,0.162792513999086,"GRCh38-SAMD4B","SAMD4B","4c"
2.25860387858975e-06,0.637606120786035,0.806,0.746,0.163301577629796,"GRCh38-API5","API5","4c"
2.26839642117293e-06,0.994090732303757,0.864,0.81,0.164009598043645,"GRCh38-ODC1","ODC1","4c"
2.27869844329999e-06,0.668298585255193,0.718,0.592,0.164754454847476,"GRCh38-EPG5","EPG5","4c"
2.28581810823304e-06,0.675600903002584,0.835,0.826,0.165269220861465,"GRCh38-MAT2A","MAT2A","4c"
2.29291630462099e-06,0.732087671557171,0.767,0.655,0.165782434656707,"GRCh38-SBNO2","SBNO2","4c"
2.29940330454736e-06,-0.349206602118025,0.233,0.477,0.166251457725383,"GRCh38-NPRL2","NPRL2","4c"
2.30577653632863e-06,-0.362435841470087,0.583,0.805,0.166712255129632,"GRCh38-SYNGR2","SYNGR2","4c"
2.31932140250692e-06,0.335862377108046,0.359,0.19,0.167691576044056,"GRCh38-BFSP1","BFSP1","4c"
2.32570064053667e-06,-0.309117262864925,0.417,0.669,0.168152807712082,"GRCh38-GGT7","GGT7","4c"
2.33015674487803e-06,0.457577194308158,0.34,0.179,0.168474992968172,"GRCh38-UNC13B","UNC13B","4c"
2.33030247344638e-06,0.511450410655683,0.524,0.342,0.16848552943512,"GRCh38-RNF139","RNF139","4c"
2.33059113281604e-06,0.929737973565904,0.641,0.506,0.168506400084865,"GRCh38-FLYWCH1","FLYWCH1","4c"
2.33939270158418e-06,0.423033904239378,0.262,0.12,0.16914277110994,"GRCh38-AADAC","AADAC","4c"
2.37522715254024e-06,0.46710305412635,0.398,0.223,0.171733673582965,"GRCh38-PTPRG-AS1","PTPRG-AS1","4c"
2.38768385496487e-06,0.48079433724812,0.408,0.235,0.17263431808167,"GRCh38-SUSD1","SUSD1","4c"
2.3994312505924e-06,0.815024404785468,0.796,0.707,0.173483678280331,"GRCh38-CCDC91","CCDC91","4c"
2.40083410874613e-06,0.439324830799169,0.214,0.086,0.173585107730563,"GRCh38-ENSG00000291006","ENSG00000291006","4c"
2.40321840614635e-06,0.721474759730879,0.68,0.551,0.173757497201194,"GRCh38-MAP3K3","MAP3K3","4c"
2.41818744045878e-06,0.572176346111646,0.709,0.594,0.174839788320051,"GRCh38-CNST","CNST","4c"
2.45548784834448e-06,0.596409621166883,0.893,0.872,0.177536682411002,"GRCh38-FAM13A","FAM13A","4c"
2.46516054090841e-06,0.89006986570906,0.864,0.827,0.17823603742876,"GRCh38-SHPRH","SHPRH","4c"
2.48774467469444e-06,0.560146466036461,0.816,0.767,0.179868915469758,"GRCh38-IREB2","IREB2","4c"
2.50654304711634e-06,0.252959987106094,0.184,0.07,0.181228075392606,"GRCh38-ENSG00000267436","ENSG00000267436","4c"
2.50894377341788e-06,1.10297982735668,0.893,0.926,0.181401652705659,"GRCh38-WNK1","WNK1","4c"
2.52224091097826e-06,-0.398347707535597,0.563,0.751,0.18236306234555,"GRCh38-POLR1H","POLR1H","4c"
2.52406016322958e-06,0.713393504075231,0.728,0.65,0.182494597921825,"GRCh38-EXOC5","EXOC5","4c"
2.52496384747242e-06,0.273028333130618,0.214,0.088,0.182559936099951,"GRCh38-ITPKA","ITPKA","4c"
2.54164364287612e-06,-0.367107007227159,0.748,0.902,0.183765918667229,"GRCh38-MLF2","MLF2","4c"
2.55998575251154e-06,0.336415950497155,0.301,0.149,0.185092089878089,"GRCh38-CCDC144A","CCDC144A","4c"
2.56139050397305e-06,0.638991864016506,0.709,0.614,0.18519365621826,"GRCh38-ZNF236","ZNF236","4c"
2.57561791294952e-06,0.312132980003994,0.243,0.106,0.186222326342076,"GRCh38-ENSG00000228061","ENSG00000228061","4c"
2.58436500821397e-06,1.65232648053752,0.427,0.265,0.186854758823887,"GRCh38-NR4A1","NR4A1","4c"
2.58463395938005e-06,0.959867279597956,0.767,0.691,0.186874204531097,"GRCh38-PIK3CB","PIK3CB","4c"
2.58584939702289e-06,0.493004931272373,0.544,0.344,0.186962083103549,"GRCh38-MTX3","MTX3","4c"
2.58759494501039e-06,1.24424738320009,0.709,0.637,0.187088289714141,"GRCh38-JAZF1","JAZF1","4c"
2.59513424325857e-06,0.479001726247148,0.515,0.334,0.187633396056081,"GRCh38-TDRD7","TDRD7","4c"
2.59594335399211e-06,0.496736062718261,0.631,0.466,0.187691896380338,"GRCh38-ATP6V1B2","ATP6V1B2","4c"
2.59663484822438e-06,0.575585519345024,0.437,0.261,0.187741892796319,"GRCh38-TMEM106A","TMEM106A","4c"
2.59801890565425e-06,0.465517264240019,0.175,0.065,0.187841962916614,"GRCh38-MYH11","MYH11","4c"
2.60919564392631e-06,1.35184805943541,0.66,0.517,0.18865006344716,"GRCh38-NCKAP5","NCKAP5","4c"
2.63620258116902e-06,0.775493643867866,0.379,0.217,0.190602719023683,"GRCh38-DPYD-AS1","DPYD-AS1","4c"
2.63949596522219e-06,-0.390243326637846,0.32,0.548,0.190840837277495,"GRCh38-GGT5","GGT5","4c"
2.64029944469754e-06,0.611958902753903,0.563,0.409,0.190898930450522,"GRCh38-SETD1B","SETD1B","4c"
2.64688879730066e-06,0.802128316917671,0.893,0.918,0.191375353822432,"GRCh38-ROCK2","ROCK2","4c"
2.64776994205937e-06,0.484189085396396,0.398,0.226,0.191439062350777,"GRCh38-NDOR1","NDOR1","4c"
2.65337495385805e-06,-0.468424477783503,0.252,0.491,0.191844315913844,"GRCh38-MAGEH1","MAGEH1","4c"
2.65603363601523e-06,0.869588272975835,0.757,0.644,0.192036543951173,"GRCh38-COL8A1","COL8A1","4c"
2.66296855200322e-06,0.777448601067535,0.583,0.44,0.192537952246937,"GRCh38-TBC1D2","TBC1D2","4c"
2.67498517574903e-06,0.267039524125076,0.291,0.136,0.193406778177006,"GRCh38-ZNF417","ZNF417","4c"
2.68449789600265e-06,0.477738110144187,0.534,0.357,0.194094566876784,"GRCh38-FAM149B1","FAM149B1","4c"
2.68831661329224e-06,0.450920096639069,0.573,0.38,0.194370667774255,"GRCh38-MIS18A","MIS18A","4c"
2.69368392249029e-06,0.795911808785269,0.864,0.791,0.194758734963893,"GRCh38-MCCC2","MCCC2","4c"
2.69554289429153e-06,0.358714945787308,0.117,0.033,0.194893142343066,"GRCh38-RASD1","RASD1","4c"
2.69574314050142e-06,0.865823816981873,0.913,0.883,0.194907620544534,"GRCh38-CEP170","CEP170","4c"
2.69616379594272e-06,0.756769332467059,0.748,0.623,0.19493803477425,"GRCh38-ENSG00000290921","ENSG00000290921","4c"
2.69742826241539e-06,0.485828143865586,0.107,0.029,0.195029458229158,"GRCh38-LINC02930","LINC02930","4c"
2.69745329513059e-06,0.897594716489956,0.864,0.827,0.195031268144532,"GRCh38-ZFX","ZFX","4c"
2.71037766859629e-06,0.343682650586269,0.146,0.048,0.195965726194849,"GRCh38-MPC1-DT","MPC1-DT","4c"
2.71111796027992e-06,0.739055214763193,0.709,0.617,0.196019250764159,"GRCh38-IFI44","IFI44","4c"
2.71635871934578e-06,0.39711509566823,0.214,0.085,0.196398168126139,"GRCh38-ENSG00000223829","ENSG00000223829","4c"
2.71686770004172e-06,0.867902843197362,0.903,0.843,0.196434968448417,"GRCh38-ENSG00000290548","ENSG00000290548","4c"
2.71769606422435e-06,0.752085387199589,0.932,0.963,0.196494860835549,"GRCh38-HSPA5","HSPA5","4c"
2.72274485592995e-06,0.327997777601984,0.369,0.182,0.196859898573448,"GRCh38-LAYN","LAYN","4c"
2.72896011308879e-06,0.594309681951873,0.806,0.715,0.197309274096546,"GRCh38-MTMR6","MTMR6","4c"
2.73201169258323e-06,0.76063179696932,0.67,0.543,0.197529909397153,"GRCh38-ELP1","ELP1","4c"
2.73434941426336e-06,0.601060182769537,0.515,0.33,0.19769893135007,"GRCh38-ENSG00000291201","ENSG00000291201","4c"
2.73797978428366e-06,0.73614433611268,0.796,0.721,0.197961414363277,"GRCh38-STX6","STX6","4c"
2.7443212061073e-06,0.632656427323486,0.573,0.412,0.19841991184397,"GRCh38-NUP43","NUP43","4c"
2.74834421712468e-06,0.939440223970991,0.951,0.944,0.198710783586548,"GRCh38-GPBP1","GPBP1","4c"
2.75387091860667e-06,0.60697230603296,0.66,0.515,0.1991103751571,"GRCh38-ATG2B","ATG2B","4c"
2.75813477072773e-06,0.332316173149083,0.369,0.202,0.199418660193156,"GRCh38-ZNF74","ZNF74","4c"
2.77816405799731e-06,-0.39960412067433,0.078,0.287,0.200866817721321,"GRCh38-CNFN","CNFN","4c"
2.79829529081676e-06,0.5753829286692,0.505,0.34,0.202322346116633,"GRCh38-ETV3","ETV3","4c"
2.8037246667228e-06,0.831317636142336,0.874,0.855,0.202714900853392,"GRCh38-ETF1","ETF1","4c"
2.80403371967247e-06,0.5054298728369,0.291,0.139,0.202737245999759,"GRCh38-ENSG00000287979","ENSG00000287979","4c"
2.84250569602839e-06,0.647858284970921,0.65,0.519,0.205518846834244,"GRCh38-LRRC40","LRRC40","4c"
2.84645638293665e-06,0.570760775796921,0.864,0.841,0.205804489399086,"GRCh38-EPC1","EPC1","4c"
2.84778176058361e-06,0.91922372806656,0.845,0.858,0.205900316853716,"GRCh38-RAB6A","RAB6A","4c"
2.86154019681118e-06,0.678605239091569,0.903,0.839,0.206895079309842,"GRCh38-GFPT1","GFPT1","4c"
2.87247265509952e-06,-0.407090736063714,0.66,0.846,0.207685517909005,"GRCh38-SSNA1","SSNA1","4c"
2.87757067004758e-06,0.594988347213119,0.67,0.536,0.20805411458578,"GRCh38-ARRDC3","ARRDC3","4c"
2.88459262354445e-06,0.368541973377647,0.388,0.216,0.208561815867511,"GRCh38-THAP9","THAP9","4c"
2.88584951078119e-06,0.642129568754135,0.757,0.612,0.208652691328502,"GRCh38-PPP2R3C","PPP2R3C","4c"
2.89492136533613e-06,-0.309060673035191,0.66,0.923,0.209308604556533,"GRCh38-JUNB","JUNB","4c"
2.92829730180804e-06,0.627117834023591,0.67,0.564,0.211721751515325,"GRCh38-POLD3","POLD3","4c"
2.93714398668171e-06,-0.466578542231334,0.184,0.409,0.212361384525061,"GRCh38-GPRC5C","GPRC5C","4c"
2.94657996799381e-06,0.836982050233342,0.845,0.813,0.213043624845889,"GRCh38-NAA35","NAA35","4c"
2.94776269372965e-06,1.2089130018269,0.816,0.771,0.213129138282041,"GRCh38-AGPAT4","AGPAT4","4c"
2.97492964913144e-06,0.615754826810479,0.757,0.613,0.215093363491501,"GRCh38-ENSG00000291203","ENSG00000291203","4c"
2.99282017926736e-06,0.780739339000192,0.932,0.906,0.216386884601389,"GRCh38-PARP4","PARP4","4c"
3.00200271859514e-06,0.824499698495733,0.796,0.774,0.217050800559866,"GRCh38-PDZD8","PDZD8","4c"
3.00776221758597e-06,1.41460621147602,0.592,0.446,0.217467223855901,"GRCh38-NEDD9","NEDD9","4c"
3.00989586541906e-06,0.832110311684608,0.845,0.825,0.217621490861529,"GRCh38-WRN","WRN","4c"
3.01822800521634e-06,0.758740177299481,0.845,0.793,0.218223921233152,"GRCh38-GLYR1","GLYR1","4c"
3.02481157461663e-06,0.692765520079383,0.65,0.488,0.218699926467932,"GRCh38-EIPR1","EIPR1","4c"
3.04894967538946e-06,0.936957050185132,0.922,0.856,0.220445159430009,"GRCh38-XRRA1","XRRA1","4c"
3.0512345249266e-06,-0.407855345755327,0.311,0.555,0.220610358621243,"GRCh38-FAM229B","FAM229B","4c"
3.05452133020893e-06,0.936541026862788,0.748,0.738,0.220848001216766,"GRCh38-UBQLN1","UBQLN1","4c"
3.06941509969671e-06,-0.292844667417567,0.146,0.372,0.221924850538272,"GRCh38-CPT1C","CPT1C","4c"
3.09337974150517e-06,0.904418437729716,0.845,0.744,0.223657542070307,"GRCh38-UBE2G1","UBE2G1","4c"
3.11671265164431e-06,-0.413918865877334,0.408,0.648,0.225344558139187,"GRCh38-ACY1","ACY1","4c"
3.1227115939985e-06,0.483721886503651,0.757,0.547,0.22577829366928,"GRCh38-ERF","ERF","4c"
3.1264084451962e-06,0.762907849181513,0.883,0.837,0.226045583404576,"GRCh38-SUZ12","SUZ12","4c"
3.13072485644953e-06,0.685475599865785,0.748,0.63,0.226357668571014,"GRCh38-NHLRC2","NHLRC2","4c"
3.13211245355061e-06,1.10029641767455,0.738,0.662,0.226457994616616,"GRCh38-PDIA5","PDIA5","4c"
3.13455699520439e-06,0.878930514139181,0.854,0.809,0.226634739867268,"GRCh38-SPPL3","SPPL3","4c"
3.13596656710599e-06,-0.449597878248036,0.505,0.702,0.226736654734897,"GRCh38-TMEM134","TMEM134","4c"
3.14146057620872e-06,0.805458990278912,0.903,0.859,0.227133882581043,"GRCh38-RANBP2","RANBP2","4c"
3.15347326958083e-06,0.866649269057231,0.777,0.708,0.228002424337233,"GRCh38-RALGAPB","RALGAPB","4c"
3.15414859621241e-06,0.996274201928923,0.32,0.166,0.22805125180335,"GRCh38-BMP2","BMP2","4c"
3.15476083682527e-06,0.664666630987989,0.903,0.875,0.22809551802414,"GRCh38-HNRNPUL1","HNRNPUL1","4c"
3.15989812550236e-06,0.540108116458084,0.456,0.267,0.228466954270071,"GRCh38-TESK2","TESK2","4c"
3.16136728745399e-06,0.770865262120827,0.66,0.594,0.228573177617498,"GRCh38-SLC35B4","SLC35B4","4c"
3.17282329727716e-06,-0.413415449913666,0.796,0.929,0.229401470039733,"GRCh38-SARS1","SARS1","4c"
3.17428320154396e-06,0.701368864567015,0.699,0.581,0.229507024038031,"GRCh38-FBXO38","FBXO38","4c"
3.18043665467244e-06,0.502074978860613,0.311,0.16,0.229951931006126,"GRCh38-STARD13-AS","STARD13-AS","4c"
3.18655442606001e-06,0.521365408315584,0.573,0.41,0.230394258112991,"GRCh38-DHX37","DHX37","4c"
3.20813194511234e-06,0.663223016975013,0.874,0.918,0.231954355895513,"GRCh38-EIF4H","EIF4H","4c"
3.21033142005966e-06,0.31635318072927,0.272,0.126,0.232113382333154,"GRCh38-FBXL19-AS1","FBXL19-AS1","4c"
3.21090301677427e-06,0.952481721142392,0.796,0.692,0.232154709918813,"GRCh38-NPC1","NPC1","4c"
3.21139760675509e-06,0.512224043224777,0.437,0.26,0.232190469763607,"GRCh38-ENSG00000249803","ENSG00000249803","4c"
3.23738756177813e-06,1.02422710129158,0.65,0.49,0.234069595491682,"GRCh38-LINC02241","LINC02241","4c"
3.25104947362572e-06,0.679895766397191,0.709,0.573,0.235057379042087,"GRCh38-SZT2","SZT2","4c"
3.25892371396617e-06,-0.316765464102871,0.942,0.97,0.235626702367182,"GRCh38-EIF4B","EIF4B","4c"
3.25961951516421e-06,0.797801477248236,0.67,0.548,0.235677010185403,"GRCh38-POFUT1","POFUT1","4c"
3.26851638219568e-06,0.543851867700589,0.767,0.654,0.236320271465512,"GRCh38-CCDC34","CCDC34","4c"
3.27657013662846e-06,0.808294854114903,0.796,0.683,0.236902574018511,"GRCh38-NIBAN2","NIBAN2","4c"
3.29305588206595e-06,0.56186823775665,0.544,0.377,0.238094526385132,"GRCh38-GM2A","GM2A","4c"
3.29770798601248e-06,0.324335602427794,0.311,0.151,0.238430882804674,"GRCh38-LGALS9","LGALS9","4c"
3.3076762328453e-06,-0.4062389785835,0.738,0.894,0.239151606987181,"GRCh38-TUBA1A","TUBA1A","4c"
3.31433642679903e-06,0.684909421930654,0.291,0.141,0.239633152330424,"GRCh38-CNTN5","CNTN5","4c"
3.32247605933453e-06,0.752658219620415,0.709,0.565,0.240221664042005,"GRCh38-ZNF121","ZNF121","4c"
3.32613869016635e-06,1.07124177881955,0.864,0.84,0.240486479576408,"GRCh38-SIPA1L1","SIPA1L1","4c"
3.33693562367612e-06,0.71696460277698,0.68,0.589,0.241267119463031,"GRCh38-VWDE","VWDE","4c"
3.34815583867291e-06,-0.397523128722168,0.427,0.678,0.242078363447729,"GRCh38-ANTKMT","ANTKMT","4c"
3.35683991621338e-06,1.13307523845421,0.806,0.814,0.24270623962206,"GRCh38-PMEPA1","PMEPA1","4c"
3.3592888941993e-06,-0.274978538630449,0.243,0.48,0.242883305628398,"GRCh38-CD27-AS1","CD27-AS1","4c"
3.37587617262839e-06,0.791081084416495,0.903,0.796,0.244082599033378,"GRCh38-BCAT1","BCAT1","4c"
3.39122435756592e-06,0.678716717156535,0.417,0.255,0.245192303500731,"GRCh38-NFE2L3","NFE2L3","4c"
3.40082332050753e-06,0.56936894610054,0.466,0.307,0.245886327719335,"GRCh38-LINC00106","LINC00106","4c"
3.41736344660733e-06,0.770941445065596,0.883,0.899,0.247082211916603,"GRCh38-EWSR1","EWSR1","4c"
3.42323831107923e-06,0.47080424795302,0.204,0.083,0.24750697636765,"GRCh38-PRRG2","PRRG2","4c"
3.42852862125952e-06,0.578598192230756,0.612,0.457,0.247889476374306,"GRCh38-PISD","PISD","4c"
3.4294041529179e-06,-0.492948586835875,0.806,0.939,0.24795277906427,"GRCh38-LAMTOR1","LAMTOR1","4c"
3.43183590149998e-06,0.839006743289304,0.456,0.278,0.248128599350252,"GRCh38-GLYATL2","GLYATL2","4c"
3.44147055690816e-06,1.12818222110334,0.709,0.614,0.248825204205574,"GRCh38-FAM135A","FAM135A","4c"
3.45153196676977e-06,0.546241178309028,0.544,0.382,0.249552664261388,"GRCh38-ZRANB1","ZRANB1","4c"
3.45491363455216e-06,0.264701096740544,0.136,0.044,0.249797165605391,"GRCh38-SLC1A2","SLC1A2","4c"
3.46112623514943e-06,0.941375513884006,0.505,0.355,0.250246349053774,"GRCh38-SMAD7","SMAD7","4c"
3.47298021998842e-06,0.267179802703716,0.214,0.086,0.251103415865603,"GRCm39-mt-Nd4","mt-Nd4","4c"
3.47894903506021e-06,-0.381502111709243,0.66,0.86,0.251534973132923,"GRCh38-TSR3","TSR3","4c"
3.48476421200974e-06,0.579663425371577,0.388,0.227,0.251955422056728,"GRCh38-ENSG00000250075","ENSG00000250075","4c"
3.51383624431346e-06,-0.395213248317653,0.816,0.919,0.254057388136351,"GRCh38-MRPS31","MRPS31","4c"
3.51574487589367e-06,0.895719788671005,0.883,0.95,0.254195386016864,"GRCh38-RAB7A","RAB7A","4c"
3.52119769325793e-06,0.63477583352811,0.65,0.469,0.254589635617935,"GRCh38-TMEM161B-DT","TMEM161B-DT","4c"
3.5312026733224e-06,0.570738097362064,0.553,0.38,0.255313015686556,"GRCh38-TAF5L","TAF5L","4c"
3.56827523039077e-06,1.02397214092565,0.932,0.92,0.257993435707714,"GRCh38-VMP1","VMP1","4c"
3.5929970146916e-06,0.362046498437923,0.146,0.049,0.259780870156232,"GRCh38-LINC01478","LINC01478","4c"
3.59515897565173e-06,0.919213592486027,0.961,0.944,0.259937184257571,"GRCh38-ASH1L","ASH1L","4c"
3.62120730846468e-06,1.06130140323115,0.223,0.096,0.261820530816613,"GRCh38-SOX2-OT","SOX2-OT","4c"
3.64301232193161e-06,0.785066458680333,0.66,0.522,0.2633970769003,"GRCh38-IFI6","IFI6","4c"
3.64670984085752e-06,0.846419380498027,0.718,0.581,0.26366441491368,"GRCh38-CAMSAP1","CAMSAP1","4c"
3.67724389787951e-06,0.677735139027002,0.573,0.43,0.265872088304484,"GRCh38-SNRK","SNRK","4c"
3.69312657361824e-06,0.270184298239941,0.233,0.098,0.267020437525746,"GRCh38-MYEOV","MYEOV","4c"
3.69910883893526e-06,-0.296876471766835,0.893,0.967,0.267452967272697,"GRCh38-EIF3M","EIF3M","4c"
3.70197337622449e-06,0.896188870657524,0.718,0.599,0.267660079047783,"GRCh38-EEF2K","EEF2K","4c"
3.74964372187567e-06,0.754553580457916,0.961,0.95,0.271106740379055,"GRCh38-HNRNPR","HNRNPR","4c"
3.76003645139908e-06,0.786086483213287,0.922,0.873,0.271858155509056,"GRCh38-ERRFI1","ERRFI1","4c"
3.76207866830403e-06,-0.416473822141341,0.165,0.387,0.272005811875718,"GRCh38-ENSG00000286033","ENSG00000286033","4c"
3.7712334252194e-06,0.792746451821932,0.777,0.698,0.272667719110213,"GRCh38-BTRC","BTRC","4c"
3.7769136222978e-06,0.732570950225349,0.796,0.8,0.273078408719375,"GRCh38-POLR2J3","POLR2J3","4c"
3.80211710200361e-06,0.769334797554204,0.932,0.899,0.274900670709065,"GRCh38-PSMD1","PSMD1","4c"
3.8183333346208e-06,-0.383187330849751,0.184,0.405,0.276073136759753,"GRCh38-UNG","UNG","4c"
3.82150973641376e-06,0.326710802897877,0.194,0.076,0.276302796962188,"GRCh38-DMXL1-DT","DMXL1-DT","4c"
3.84122722941217e-06,0.394608054433549,0.631,0.438,0.277728411140959,"GRCh38-RIPK4","RIPK4","4c"
3.87218402233365e-06,0.530731891713775,0.437,0.26,0.279966649182768,"GRCh38-ENSG00000290796","ENSG00000290796","4c"
3.888068240242e-06,0.945470446742275,0.66,0.537,0.281115109905977,"GRCh38-TNFRSF10D","TNFRSF10D","4c"
3.89393280847278e-06,0.604278078015483,0.689,0.547,0.281539129918199,"GRCh38-PDPR","PDPR","4c"
3.89931383637387e-06,0.426196751285967,0.359,0.192,0.281928188997503,"GRCh38-ENSG00000259986","ENSG00000259986","4c"
3.91662579105682e-06,1.08945798530014,0.874,0.869,0.28317987794499,"GRCh38-TRPS1","TRPS1","4c"
3.92064379135381e-06,0.596298250231856,0.573,0.4,0.283470387402463,"GRCh38-GPAM","GPAM","4c"
3.93481295899388e-06,0.432025903789539,0.214,0.087,0.284494846561176,"GRCh38-LINC00665","LINC00665","4c"
3.94367293140122e-06,0.325703476004222,0.214,0.088,0.285135440286171,"GRCh38-LINC02762","LINC02762","4c"
3.94888543810614e-06,0.700795008661978,0.699,0.615,0.28551231494595,"GRCh38-CNOT6L","CNOT6L","4c"
3.99090352180773e-06,-0.339415230118862,0.388,0.676,0.288550306433743,"GRCh38-MAP4K3-DT","MAP4K3-DT","4c"
4.00022090239642e-06,0.58004567637043,0.748,0.595,0.289223971685066,"GRCh38-DMTF1","DMTF1","4c"
4.02774064564564e-06,0.473341251549814,0.466,0.296,0.291213704161471,"GRCh38-MEX3C","MEX3C","4c"
4.02859638804143e-06,0.814006803003215,0.65,0.504,0.291275576048172,"GRCh38-ZNF143","ZNF143","4c"
4.05425083742517e-06,0.667167372856481,0.835,0.805,0.293130444047515,"GRCh38-OXR1","OXR1","4c"
4.05616559645862e-06,0.553903438628637,0.68,0.536,0.293268884955151,"GRCh38-ANAPC4","ANAPC4","4c"
4.07577559445199e-06,0.863435907764518,0.854,0.807,0.294686727030068,"GRCh38-POGZ","POGZ","4c"
4.07997151011724e-06,0.525306963492842,0.544,0.371,0.294990100124496,"GRCh38-TOR1B","TOR1B","4c"
4.09712050396354e-06,0.600811293169298,0.709,0.575,0.296230006677572,"GRCh38-INTS8","INTS8","4c"
4.10575186828389e-06,1.14928502535624,0.437,0.276,0.296854071580662,"GRCh38-ENSG00000251199","ENSG00000251199","4c"
4.12295117480222e-06,-0.297208614718798,0.699,0.861,0.29809761584055,"GRCh38-MGAT4B","MGAT4B","4c"
4.12901588477795e-06,-0.283744085071824,0.485,0.74,0.298536106501215,"GRCh38-FAM3A","FAM3A","4c"
4.13036390805002e-06,0.920694665788945,0.951,0.952,0.298633571279832,"GRCh38-NF1","NF1","4c"
4.13199305308176e-06,-0.330082120777441,0.602,0.833,0.298751361723918,"GRCh38-MRPS7","MRPS7","4c"
4.13375646011469e-06,-0.31644755194405,0.417,0.633,0.298878859579212,"GRCh38-DMAC2L","DMAC2L","4c"
4.1372582719612e-06,1.25538150013887,0.893,0.9,0.299132047579338,"GRCh38-MCL1","MCL1","4c"
4.1427861399778e-06,0.776778276570058,0.641,0.5,0.299531723492675,"GRCh38-CKMT2-AS1","CKMT2-AS1","4c"
4.1739669127616e-06,0.824986560784591,0.796,0.692,0.301786155726489,"GRCh38-BLTP2","BLTP2","4c"
4.1802621708505e-06,0.759555028552081,0.854,0.903,0.302241315476833,"GRCh38-SLK","SLK","4c"
4.19442198208344e-06,-0.375717811501046,0.01,0.187,0.303265098148597,"GRCh38-BPIFA2","BPIFA2","4c"
4.19811176574532e-06,0.518181612915092,0.524,0.35,0.303531876886918,"GRCh38-NAA30","NAA30","4c"
4.21215611871273e-06,0.497444449438496,0.214,0.091,0.304547311695168,"GRCh38-EID3","EID3","4c"
4.24490613694347e-06,0.571591315456495,0.767,0.63,0.306915203513287,"GRCh38-RAP2B","RAP2B","4c"
4.26593128909963e-06,0.463455462648996,0.466,0.301,0.308435364064481,"GRCh38-CASP2","CASP2","4c"
4.27342392389188e-06,0.933783908310122,0.835,0.79,0.30897709654523,"GRCh38-UIMC1","UIMC1","4c"
4.28401089718324e-06,0.533293446076433,0.573,0.408,0.309742555888142,"GRCh38-E2F6","E2F6","4c"
4.29556829600144e-06,0.721737995484295,0.621,0.495,0.310578178937496,"GRCh38-B3GNTL1","B3GNTL1","4c"
4.29945495744924e-06,0.372376676524309,0.398,0.226,0.310859192333495,"GRCh38-ZNF136","ZNF136","4c"
4.30771410479881e-06,0.509703865262995,0.272,0.131,0.311456345205163,"GRCh38-CCDC200","CCDC200","4c"
4.31626002434294e-06,-0.276903904665522,0.01,0.186,0.312074232280043,"GRCh38-CISH","CISH","4c"
4.32392130443598e-06,1.1002939199643,0.689,0.549,0.31262815815333,"GRCh38-ABHD5","ABHD5","4c"
4.32413716346812e-06,0.459213072384829,0.408,0.229,0.312643765193072,"GRCh38-CDKN2D","CDKN2D","4c"
4.36121366457246e-06,0.38559284686138,0.252,0.114,0.315324470375918,"GRCh38-TRPA1","TRPA1","4c"
4.38710533909445e-06,-0.34091926637838,0.058,0.256,0.317196490227207,"GRCh38-ACAP1","ACAP1","4c"
4.39717648301941e-06,1.02463042404018,0.864,0.845,0.317924654075269,"GRCh38-STARD13","STARD13","4c"
4.45875139673497e-06,-0.50551645101059,0.223,0.449,0.322376643486732,"GRCh38-PPFIBP2","PPFIBP2","4c"
4.46532058683303e-06,0.433138431129172,0.359,0.193,0.322851609069202,"GRCh38-TMEM201","TMEM201","4c"
4.50723038992563e-06,0.70317667582118,0.709,0.593,0.325881771652403,"GRCh38-ELP3","ELP3","4c"
4.51483970242586e-06,0.347453423999292,0.35,0.182,0.326431940164794,"GRCh38-PLS1","PLS1","4c"
4.53095602139519e-06,-0.393365207327552,0.388,0.621,0.327597182258915,"GRCh38-PYM1","PYM1","4c"
4.53962554053182e-06,0.570974248166516,0.932,0.912,0.328224005831532,"GRCh38-HNRNPH3","HNRNPH3","4c"
4.54763595324648e-06,0.623852786327271,0.524,0.342,0.328803174691627,"GRCh38-ST7","ST7","4c"
4.56799626797335e-06,0.753993732794564,0.35,0.196,0.330275266167009,"GRCh38-MAP3K9","MAP3K9","4c"
4.57068273024747e-06,0.628470198179694,0.874,0.823,0.330469502762352,"GRCh38-USPL1","USPL1","4c"
4.57822649260966e-06,1.03868479136002,0.825,0.816,0.331014931868664,"GRCh38-NLN","NLN","4c"
4.60423124730521e-06,0.702473684480828,0.835,0.791,0.332895127642661,"GRCh38-ORC2","ORC2","4c"
4.61390977815922e-06,-0.332475689113966,0.748,0.915,0.333594904780468,"GRCh38-NUCB1","NUCB1","4c"
4.62233424820433e-06,0.645883830190838,0.883,0.898,0.334204010813669,"GRCh38-RAD23B","RAD23B","4c"
4.64414324783288e-06,0.464996421684331,0.476,0.299,0.335780845104813,"GRCh38-SYTL4","SYTL4","4c"
4.64841439864857e-06,-0.363730320103576,0.767,0.948,0.336089657851089,"GRCh38-TRMT112","TRMT112","4c"
4.66434411735969e-06,0.779696514764044,0.922,0.935,0.33724140837334,"GRCh38-LRPPRC","LRPPRC","4c"
4.66525477454335e-06,0.502997113697533,0.573,0.393,0.337307250709034,"GRCh38-RAVER1","RAVER1","4c"
4.66760876110537e-06,0.374703757841677,0.437,0.26,0.33747744864544,"GRCh38-C2orf49-DT","C2orf49-DT","4c"
4.67050216956971e-06,0.280429219306121,0.282,0.132,0.337686647864229,"GRCh38-ZNF552","ZNF552","4c"
4.673052517709e-06,-0.462622255275952,0.515,0.744,0.337871043135396,"GRCh38-FKBP11","FKBP11","4c"
4.67976343062075e-06,0.659817729560618,0.68,0.528,0.338356255560742,"GRCh38-IPO8","IPO8","4c"
4.7252561804906e-06,0.893159257119561,0.922,0.861,0.341645472361832,"GRCh38-TASOR2","TASOR2","4c"
4.76186853696831e-06,1.54205533184913,0.495,0.342,0.344292618959883,"GRCh38-HOMER1","HOMER1","4c"
4.76957601451688e-06,0.309714549885595,0.243,0.107,0.344849885001599,"GRCh38-KDM4D","KDM4D","4c"
4.7802253067648e-06,-0.414576075603632,0.136,0.344,0.345619850129708,"GRCh38-ERICH2","ERICH2","4c"
4.80330354404557e-06,0.48166412099694,0.612,0.441,0.347288452841582,"GRCh38-B3GLCT","B3GLCT","4c"
4.83163299400139e-06,0.744466816564437,0.767,0.684,0.349336728732288,"GRCh38-THUMPD2","THUMPD2","4c"
4.85324331619002e-06,1.11021402137066,0.553,0.393,0.350899198247171,"GRCh38-GRK3","GRK3","4c"
4.88275343677797e-06,-0.310387948663916,0.437,0.656,0.353032838985921,"GRCh38-CBY1","CBY1","4c"
4.88699915585042e-06,0.55391638125405,0.35,0.195,0.353339812966297,"GRCh38-SYN3","SYN3","4c"
4.88965759189347e-06,0.5966226838094,0.67,0.548,0.353532023209082,"GRCh38-SLC30A6","SLC30A6","4c"
4.91058796791206e-06,0.403910299496623,0.408,0.237,0.355045331255978,"GRCh38-TAF1C","TAF1C","4c"
4.93296447848074e-06,0.776631396028342,0.515,0.358,0.356663197723114,"GRCh38-DUSP5","DUSP5","4c"
4.93758894923505e-06,0.519274989479651,0.544,0.36,0.356997556207593,"GRCh38-KDM1B","KDM1B","4c"
4.93808152596974e-06,0.887210233616678,0.806,0.751,0.357033170490664,"GRCh38-ARMH3","ARMH3","4c"
4.95319872292106e-06,0.667730136523398,0.67,0.527,0.358126174064639,"GRCh38-RPA1","RPA1","4c"
4.96806446714264e-06,0.559442151073156,0.612,0.46,0.359200997103347,"GRCh38-TM4SF19","TM4SF19","4c"
4.97955636577187e-06,0.904323512816517,0.592,0.447,0.360031884358038,"GRCh38-AP5Z1","AP5Z1","4c"
5.0467877835047e-06,-0.462884215457706,0.243,0.462,0.364892850322957,"GRCh38-IFITM10","IFITM10","4c"
5.04713973374154e-06,0.427619109113342,0.466,0.285,0.364918297028981,"GRCh38-RAP2A","RAP2A","4c"
5.05005911969755e-06,0.719759042840295,0.602,0.459,0.365129374472372,"GRCh38-FBXO31","FBXO31","4c"
5.1137361588706e-06,1.26157793739278,0.398,0.24,0.369733351758662,"GRCh38-ENSG00000234261","ENSG00000234261","4c"
5.13439782317683e-06,0.910264255772852,0.893,0.865,0.371227231411331,"GRCh38-CLASP1","CLASP1","4c"
5.16779933171789e-06,0.560985373062121,0.553,0.356,0.373642227281867,"GRCh38-CASC8","CASC8","4c"
5.19476597110238e-06,0.612998830122842,0.515,0.338,0.375591969242644,"GRCh38-PELI1","PELI1","4c"
5.21587415194031e-06,0.760247771487215,0.825,0.738,0.377118132933588,"GRCh38-NSMAF","NSMAF","4c"
5.22191723925543e-06,0.90240362125501,0.699,0.552,0.377555060232646,"GRCh38-EFCAB2","EFCAB2","4c"
5.25946189886465e-06,0.882434153511672,0.806,0.831,0.380269614211712,"GRCh38-BRD2","BRD2","4c"
5.26521606738351e-06,-0.3460949812871,0.155,0.373,0.380685652103963,"GRCh38-TLE6","TLE6","4c"
5.27350339506994e-06,0.543477723130628,0.301,0.154,0.381284842470347,"GRCh38-ENSG00000285108","ENSG00000285108","4c"
5.29931849664919e-06,0.764206655627586,0.767,0.67,0.38315132594473,"GRCh38-MANBA","MANBA","4c"
5.31648465222158e-06,0.763828098536119,0.796,0.734,0.384392473324924,"GRCh38-CDC42SE2","CDC42SE2","4c"
5.33305187121086e-06,0.700982519137983,0.67,0.549,0.385590316392288,"GRCh38-DNAJC24","DNAJC24","4c"
5.33433859997669e-06,-0.27686015877659,0.66,0.88,0.385683349455515,"GRCh38-TMED4","TMED4","4c"
5.33857598781468e-06,0.723812474228785,0.796,0.718,0.385989721070977,"GRCh38-PLEKHB2","PLEKHB2","4c"
5.35614142011885e-06,0.857167986058069,0.825,0.8,0.387259736957433,"GRCh38-GPATCH2L","GPATCH2L","4c"
5.35798226868381e-06,1.0877529709089,0.883,0.855,0.387392833990377,"GRCh38-ENSG00000251574","ENSG00000251574","4c"
5.36090793061448e-06,0.643539125852068,0.602,0.481,0.387604365199288,"GRCh38-GXYLT1","GXYLT1","4c"
5.3656368013798e-06,0.58073914224318,0.816,0.752,0.387946272013362,"GRCh38-CMC2","CMC2","4c"
5.36755034018597e-06,-0.412350954475906,0.796,0.949,0.388084624696126,"GRCh38-DUT","DUT","4c"
5.37163694288935e-06,-0.398438921885997,0.427,0.645,0.388380094244786,"GRCh38-PDRG1","PDRG1","4c"
5.38206222586596e-06,0.717929144736157,0.777,0.716,0.38913386305456,"GRCh38-SLC44A1","SLC44A1","4c"
5.39268729527604e-06,-0.447148740275813,0.835,0.95,0.389902076823048,"GRCh38-SMARCE1","SMARCE1","4c"
5.40540276155196e-06,-0.386382789267774,0.602,0.822,0.39082143046573,"GRCh38-GET3","GET3","4c"
5.40640651289316e-06,-0.592287791049482,0.34,0.526,0.390894003695201,"GRCh38-CENPV","CENPV","4c"
5.40642291140765e-06,0.886171264300892,0.883,0.914,0.390895189340596,"GRCh38-PKN2","PKN2","4c"
5.45122270034823e-06,-0.512036653475896,0.612,0.8,0.394134303680578,"GRCh38-C17orf49","C17orf49","4c"
5.45214940328513e-06,-0.303345476041208,0.097,0.312,0.394201306156321,"GRCh38-MRPL53","MRPL53","4c"
5.46499488178656e-06,-0.382709988118413,0.175,0.39,0.395130059942932,"GRCh38-PIK3CD-AS2","PIK3CD-AS2","4c"
5.49106567569872e-06,0.976728601730835,0.874,0.837,0.397015030484369,"GRCh38-GCLM","GCLM","4c"
5.5033430404784e-06,0.895196148684798,0.864,0.891,0.39790270851267,"GRCh38-SCARB2","SCARB2","4c"
5.51690042611263e-06,-0.299900522480399,0.748,0.915,0.398882934608795,"GRCh38-PIGT","PIGT","4c"
5.522043726139e-06,0.556251289043649,0.816,0.745,0.399254805487302,"GRCh38-RNF10","RNF10","4c"
5.54560456497264e-06,0.410427650374506,0.505,0.322,0.400958301256652,"GRCh38-ATP13A1","ATP13A1","4c"
5.55747693432458e-06,1.15427741618979,0.874,0.849,0.401816697305536,"GRCh38-GLUD1","GLUD1","4c"
5.56008514207375e-06,0.641012014047683,0.485,0.306,0.402005275942216,"GRCh38-ZNF506","ZNF506","4c"
5.56713157184981e-06,0.595760571284134,0.495,0.335,0.402514746907885,"GRCh38-TRANK1","TRANK1","4c"
5.57415099067918e-06,0.511688286048555,0.136,0.044,0.403022264928086,"GRCh38-RIMS2","RIMS2","4c"
5.58018512848901e-06,0.612125837029608,0.583,0.441,0.403458545160012,"GRCh38-MADD","MADD","4c"
5.58415700696724e-06,0.770790087542321,0.971,0.979,0.403745719917745,"GRCh38-HNRNPU","HNRNPU","4c"
5.58737417392183e-06,0.277710723609243,0.233,0.099,0.403978327522896,"GRCh38-PRECSIT","PRECSIT","4c"
5.58750533764858e-06,0.853800425454724,0.767,0.709,0.403987810922668,"GRCh38-ZZEF1","ZZEF1","4c"
5.59028728752898e-06,-0.406068959134034,0.35,0.58,0.40418895146292,"GRCh38-MORN2","MORN2","4c"
5.60353159958292e-06,0.713399949800142,0.883,0.782,0.405146541713045,"GRCh38-RBM26","RBM26","4c"
5.66484269756392e-06,0.70334543153516,0.757,0.672,0.409579456719267,"GRCh38-MED17","MED17","4c"
5.66735544317515e-06,0.95200513583621,0.893,0.885,0.40976113325245,"GRCh38-CYRIB","CYRIB","4c"
5.71216174631138e-06,0.909218881133345,0.728,0.626,0.413000718581806,"GRCh38-WWP2","WWP2","4c"
5.7271290048666e-06,1.19301088860227,0.777,0.704,0.414082881309865,"GRCh38-FCHSD2","FCHSD2","4c"
5.73384151669343e-06,0.60443423980808,0.709,0.55,0.414568209339969,"GRCh38-ELK4","ELK4","4c"
5.74201587369131e-06,0.670205573060737,0.631,0.503,0.415159231699629,"GRCh38-GLE1","GLE1","4c"
5.76352134799495e-06,0.720223223505938,0.621,0.522,0.416714120502731,"GRCh38-NRAS","NRAS","4c"
5.77444206465962e-06,0.610607560432774,0.767,0.63,0.41750371015902,"GRCh38-PACRGL","PACRGL","4c"
5.77579029532943e-06,0.636064100596308,0.728,0.609,0.417601189932908,"GRCh38-STAM","STAM","4c"
5.78542141604027e-06,0.562446319768046,0.689,0.545,0.418297539222544,"GRCh38-LENG8","LENG8","4c"
5.78714414815836e-06,0.516871128982256,0.777,0.586,0.418422096200146,"GRCh38-TMEM161B","TMEM161B","4c"
5.79226569743076e-06,0.346328433929715,0.194,0.078,0.418792394455639,"GRCh38-ENSG00000283913","ENSG00000283913","4c"
5.8301832569409e-06,0.918105141873607,0.699,0.566,0.421533909843341,"GRCh38-ENSG00000229618","ENSG00000229618","4c"
5.83143595278056e-06,-0.379916070961725,0.311,0.533,0.42162448225794,"GRCh38-MDP1","MDP1","4c"
5.85134017776691e-06,0.622812539405448,0.282,0.136,0.423063597532903,"GRCh38-LINC01088","LINC01088","4c"
5.85434469251886e-06,-0.458529774057483,0.738,0.932,0.423280829958499,"GRCh38-PRMT1","PRMT1","4c"
5.8950794292227e-06,0.766339652520716,0.796,0.715,0.42622603289166,"GRCh38-ETV1","ETV1","4c"
5.90765418525226e-06,-0.349717771007632,0.136,0.352,0.427135212902109,"GRCh38-URB1-AS1","URB1-AS1","4c"
5.91372267953377e-06,0.798944838288171,0.835,0.812,0.42757397717565,"GRCh38-DNM2","DNM2","4c"
5.96195206164183e-06,0.546865002010465,0.602,0.466,0.431061057960827,"GRCh38-ATP6V0A2","ATP6V0A2","4c"
5.97805942934436e-06,-0.32126851044041,0.32,0.565,0.432225652860456,"GRCh38-ZMAT5","ZMAT5","4c"
6.00758036968928e-06,0.517037102772171,0.592,0.413,0.434360075889274,"GRCh38-SNAPC4","SNAPC4","4c"
6.01732114971562e-06,0.385235068663316,0.214,0.092,0.435064353766738,"GRCh38-BBOX1","BBOX1","4c"
6.02116311275973e-06,0.669714938343472,0.515,0.357,0.435342135378754,"GRCh38-ADGRL2","ADGRL2","4c"
6.02787227335797e-06,0.47963364010076,0.476,0.309,0.435827221108328,"GRCh38-GPR180","GPR180","4c"
6.03946891228037e-06,0.73056053420337,0.68,0.567,0.436665681295696,"GRCh38-IPMK","IPMK","4c"
6.04586089784092e-06,0.721902203632575,0.864,0.789,0.437127834635695,"GRCh38-FOXK1","FOXK1","4c"
6.08427477554597e-06,1.35728672565122,0.456,0.288,0.439905234821524,"GRCh38-EREG","EREG","4c"
6.12257438921375e-06,1.73177755987004,0.864,0.906,0.442674373488933,"GRCh38-HSPH1","HSPH1","4c"
6.16366483807621e-06,-0.355499982718603,0.612,0.811,0.445645295122586,"GRCh38-PPIC","PPIC","4c"
6.17551578220404e-06,0.556880943440463,0.806,0.679,0.446502142084916,"GRCh38-ENSG00000291136","ENSG00000291136","4c"
6.24886500394405e-06,0.46733852501848,0.602,0.425,0.451805437515163,"GRCh38-GAS2L1","GAS2L1","4c"
6.27563842109379e-06,-0.432796266980236,0.408,0.609,0.453741209121923,"GRCh38-FDX2","FDX2","4c"
6.27991742242621e-06,-0.402573793325242,0.379,0.629,0.45405058947626,"GRCh38-TRIAP1","TRIAP1","4c"
6.30503794667264e-06,-0.460745915388293,0.408,0.621,0.455866853620325,"GRCh38-FAH","FAH","4c"
6.33439936294382e-06,-0.376464641817529,0.845,0.942,0.457989742739564,"GRCh38-SNRPG","SNRPG","4c"
6.34201960573688e-06,0.72336634286931,0.874,0.897,0.458540701533988,"GRCh38-TRPC4AP","TRPC4AP","4c"
6.3503090359755e-06,0.359997442970287,0.437,0.267,0.4591400439191,"GRCh38-KBTBD6","KBTBD6","4c"
6.3606123602992e-06,-0.404074722359864,0.359,0.559,0.459884994874353,"GRCh38-UNC5B","UNC5B","4c"
6.36561832864951e-06,0.306586820820584,0.388,0.21,0.460246936398017,"GRCh38-ZC3HAV1L","ZC3HAV1L","4c"
6.37105890010155e-06,0.845364006375357,0.825,0.834,0.460640300595142,"GRCh38-CDC42BPB","CDC42BPB","4c"
6.38739380586886e-06,0.351703969421207,0.175,0.065,0.46182134695193,"GRCm39-Il1rap","Il1rap","4c"
6.40168873602207e-06,0.787632330477373,0.641,0.494,0.462854898991868,"GRCh38-CAMK2G","CAMK2G","4c"
6.40308490473888e-06,0.423795384590046,0.388,0.223,0.462955844782431,"GRCh38-TRIM39","TRIM39","4c"
6.41544576918835e-06,0.553033313423595,0.631,0.475,0.463849560003856,"GRCh38-AP3M1","AP3M1","4c"
6.41679500972985e-06,-0.328149859988991,0.175,0.397,0.463947112793488,"GRCh38-RNASE4","RNASE4","4c"
6.42854696377244e-06,0.474536795551136,0.476,0.319,0.464796802574675,"GRCh38-ZNF627","ZNF627","4c"
6.43047721700066e-06,0.474657037789201,0.583,0.384,0.464936363743581,"GRCh38-PLEKHF2","PLEKHF2","4c"
6.49845601563487e-06,0.380267546562746,0.369,0.212,0.469851366842433,"GRCh38-ENSG00000280383","ENSG00000280383","4c"
6.57010047688037e-06,0.483920878450173,0.437,0.265,0.475031404679405,"GRCh38-ZSCAN12","ZSCAN12","4c"
6.57582031153151e-06,0.905946490844384,0.883,0.882,0.475444960164351,"GRCh38-PBRM1","PBRM1","4c"
6.6106432149926e-06,0.82341143389363,0.718,0.652,0.477962725730395,"GRCh38-LINC00630","LINC00630","4c"
6.63011920640825e-06,0.33752457003898,0.282,0.14,0.479370878861729,"GRCh38-ZNF441","ZNF441","4c"
6.63264560201284e-06,-0.346120773405538,0.495,0.728,0.479553542316732,"GRCh38-PTPMT1","PTPMT1","4c"
6.64325466803524e-06,0.761471462356872,0.175,0.065,0.480320599008284,"GRCh38-SCHLAP1","SCHLAP1","4c"
6.71978756192852e-06,-0.412301160704787,0.922,0.978,0.485854080302556,"GRCh38-NDUFS6","NDUFS6","4c"
6.72459205007417e-06,0.286954667397965,0.32,0.159,0.486201454404463,"GRCh38-NEMP2-DT","NEMP2-DT","4c"
6.73359869085217e-06,0.680970254450937,0.864,0.828,0.486852652545993,"GRCh38-ZC3H14","ZC3H14","4c"
6.74219520942713e-06,1.62094886090143,0.272,0.136,0.487474198032001,"GRCh38-ENSG00000260658","ENSG00000260658","4c"
6.75574431775253e-06,1.01332570988646,0.932,0.881,0.488453825662143,"GRCh38-MAPKAP1","MAPKAP1","4c"
6.80234893644101e-06,0.601063784377455,0.631,0.483,0.491823432802558,"GRCh38-DCLRE1C","DCLRE1C","4c"
6.81433425827123e-06,0.607671690197472,0.845,0.85,0.492689995541526,"GRCh38-TOMM70","TOMM70","4c"
6.81969193012658e-06,0.472646859668697,0.65,0.504,0.493077365932012,"GRCh38-RAB8B","RAB8B","4c"
6.96447887459123e-06,0.306193275608934,0.34,0.18,0.503545751590695,"GRCh38-NOP9","NOP9","4c"
6.96819324962936e-06,0.336652069362725,0.184,0.072,0.503814308334702,"GRCh38-RHOH","RHOH","4c"
7.13713773116291e-06,1.15642608851891,0.641,0.503,0.51602933223854,"GRCh38-LINC02882","LINC02882","4c"
7.20537988627683e-06,0.704253643397938,0.66,0.563,0.520963376537587,"GRCh38-CROT","CROT","4c"
7.22514301429477e-06,-0.337096396933935,0.437,0.661,0.52239229021954,"GRCh38-EXD3","EXD3","4c"
7.24163280405306e-06,-0.427524595104591,0.864,0.953,0.523584534998645,"GRCh38-IK","IK","4c"
7.25518196098178e-06,0.737509944852978,0.777,0.717,0.524564166142905,"GRCh38-ATP6V1H","ATP6V1H","4c"
7.33424243158509e-06,0.781828921507674,0.728,0.665,0.530280396288465,"GRCh38-MTMR12","MTMR12","4c"
7.33741451509139e-06,0.858819952904883,0.757,0.734,0.530509744270138,"GRCh38-PRDM2","PRDM2","4c"
7.35266225618226e-06,0.719983155349166,0.961,0.948,0.53161218644649,"GRCh38-ILF3","ILF3","4c"
7.35958950609288e-06,0.541009792771049,0.495,0.326,0.532113040469527,"GRCh38-SMC5-DT","SMC5-DT","4c"
7.39270791965968e-06,0.704876506418282,0.786,0.728,0.534507568007234,"GRCh38-NFATC2IP","NFATC2IP","4c"
7.44296154682055e-06,0.303641899406255,0.117,0.036,0.538141005758219,"GRCh38-ENSG00000288737","ENSG00000288737","4c"
7.46420422993131e-06,1.16887504715633,0.33,0.182,0.539676894232494,"GRCh38-PODXL","PODXL","4c"
7.4658026866556e-06,0.295185176629821,0.194,0.078,0.539792465850573,"GRCh38-ANKRD65","ANKRD65","4c"
7.47526542794612e-06,-0.294827154751203,0.68,0.83,0.540476640971361,"GRCh38-ANPEP","ANPEP","4c"
7.5319621592846e-06,0.697681199982356,0.748,0.648,0.544575928040595,"GRCh38-MFN1","MFN1","4c"
7.55547762905255e-06,0.762948375554944,0.748,0.689,0.546276143535757,"GRCh38-R3HCC1L","R3HCC1L","4c"
7.57999011683329e-06,0.612751865002106,0.641,0.482,0.54804844542728,"GRCh38-SEC23B","SEC23B","4c"
7.5852198898533e-06,0.394808690005102,0.553,0.366,0.548426568476173,"GRCh38-ZNF282","ZNF282","4c"
7.58874856961712e-06,0.579265152955563,0.252,0.118,0.548681699080457,"GRCh38-MIR17HG","MIR17HG","4c"
7.6911795580509e-06,0.523657042205178,0.573,0.423,0.556087664406196,"GRCh38-WDR11","WDR11","4c"
7.72442714101261e-06,0.682194725616899,0.932,0.976,0.558491531149494,"GRCh38-ITGB1","ITGB1","4c"
7.74640785318642e-06,0.410020021818803,0.311,0.158,0.560080780601084,"GRCh38-CLCF1","CLCF1","4c"
7.75887856572426e-06,-0.361872086687672,0.282,0.512,0.560982438058995,"GRCh38-THAP7","THAP7","4c"
7.76950702152996e-06,-0.340356902211457,0.175,0.401,0.561750896670659,"GRCh38-DCTN6-DT","DCTN6-DT","4c"
7.84538196584719e-06,1.10195021363622,0.544,0.39,0.567236806894684,"GRCh38-WHRN","WHRN","4c"
7.85832690854923e-06,0.398517311627988,0.476,0.291,0.568172752141927,"GRCh38-ENSG00000290856","ENSG00000290856","4c"
7.90370132075071e-06,0.325409986507964,0.709,0.555,0.571453412892918,"GRCh38-NUDT1","NUDT1","4c"
7.90716739523644e-06,0.308605529554369,0.32,0.161,0.571704017010385,"GRCh38-ZNF841","ZNF841","4c"
7.95625741640122e-06,-0.345989463273456,0.786,0.935,0.575253323720641,"GRCh38-RBX1","RBX1","4c"
8.01120548766321e-06,0.646099246485704,0.563,0.402,0.579226179169025,"GRCh38-SH3TC1","SH3TC1","4c"
8.02718074042274e-06,1.16028646161241,0.359,0.197,0.580381221894045,"GRCh38-ZBTB7C","ZBTB7C","4c"
8.03527922422961e-06,0.466643061835211,0.534,0.362,0.580966758470249,"GRCh38-PTPN23","PTPN23","4c"
8.04445137576932e-06,0.847870207501011,0.835,0.777,0.581629923370873,"GRCh38-PIBF1","PIBF1","4c"
8.06744504244092e-06,-0.40776466715365,0.233,0.463,0.583292411458563,"GRCh38-KLHDC1","KLHDC1","4c"
8.07741956826571e-06,0.649733970404031,0.592,0.452,0.584013589624747,"GRCh38-GABPB2","GABPB2","4c"
8.09852765891994e-06,0.470758769007849,0.505,0.342,0.585539746795229,"GRCh38-SHMT1","SHMT1","4c"
8.13575446236766e-06,-0.354512975428821,0.369,0.591,0.588231319138107,"GRCh38-MRPL50","MRPL50","4c"
8.13641645454366e-06,0.797463479599524,0.136,0.046,0.588279182496416,"GRCh38-TRIM72","TRIM72","4c"
8.13730691304521e-06,1.02158805070141,0.816,0.736,0.588343564426995,"GRCh38-CAMKMT","CAMKMT","4c"
8.19775481120376e-06,0.679124882440043,0.883,0.91,0.592714068359654,"GRCh38-PARP14","PARP14","4c"
8.2154347788526e-06,0.495852383381294,0.485,0.334,0.593992365380601,"GRCh38-SPHK2","SPHK2","4c"
8.23340717022386e-06,0.264007020881554,0.311,0.153,0.595291805221525,"GRCh38-BAIAP2L2","BAIAP2L2","4c"
8.23740932169143e-06,0.682627747499407,0.816,0.802,0.595581168776934,"GRCh38-PARN","PARN","4c"
8.26815854568886e-06,1.3280146517884,0.806,0.758,0.597804399170396,"GRCh38-ZNF804A","ZNF804A","4c"
8.26861489630093e-06,-0.343067857173817,0.485,0.729,0.59783739423235,"GRCh38-CINP","CINP","4c"
8.28333881712781e-06,0.426097854034169,0.485,0.31,0.598901963155975,"GRCh38-SEPTIN8","SEPTIN8","4c"
8.28442131964855e-06,0.889763146524765,0.942,0.953,0.598980230253229,"GRCh38-KPNB1","KPNB1","4c"
8.35808147248015e-06,1.10596293914908,0.66,0.532,0.60430600662326,"GRCh38-MIR3667HG","MIR3667HG","4c"
8.36638491721606e-06,-0.354517157252062,0.592,0.789,0.604906362284556,"GRCh38-KXD1","KXD1","4c"
8.40307279400271e-06,0.743547973458563,0.864,0.834,0.607558969151984,"GRCh38-IBTK","IBTK","4c"
8.52520427679549e-06,0.505123732349816,0.408,0.243,0.616389319620868,"GRCh38-RMI2","RMI2","4c"
8.56116433772704e-06,0.469823752220796,0.621,0.47,0.61898930394634,"GRCh38-ERCC5","ERCC5","4c"
8.56292953454804e-06,1.1133469092461,0.786,0.711,0.619116931206892,"GRCh38-PCCA","PCCA","4c"
8.57789420223233e-06,0.437310753816836,0.699,0.543,0.620198906609802,"GRCh38-SLC35B3","SLC35B3","4c"
8.62828503996174e-06,0.336082692677305,0.291,0.143,0.623842264959314,"GRCh38-DENND3","DENND3","4c"
8.63210758099952e-06,-0.38548680165723,0.563,0.762,0.624118642321427,"GRCh38-NUDT22","NUDT22","4c"
8.68033612603761e-06,0.265288641108187,0.223,0.094,0.627605662584772,"GRCm39-Calm2","Calm2","4c"
8.68756790192747e-06,1.37477526333482,0.796,0.718,0.62812853444516,"GRCh38-NCAM1","NCAM1","4c"
8.6947908977022e-06,0.638389121902737,0.612,0.462,0.628650771485665,"GRCh38-KANSL2","KANSL2","4c"
8.70649028031297e-06,0.441157945262858,0.359,0.191,0.629496660247189,"GRCh38-MME","MME","4c"
8.73408310842456e-06,0.562421448074139,0.563,0.388,0.631491676905313,"GRCh38-SLC41A1","SLC41A1","4c"
8.73546369784436e-06,0.68776541543708,0.854,0.859,0.631591496281543,"GRCh38-CBLB","CBLB","4c"
8.7392545515055e-06,0.997805873882486,0.709,0.602,0.631865582582951,"GRCh38-ZNF75D","ZNF75D","4c"
8.7707755271485e-06,0.601813166493007,0.757,0.662,0.634144612163891,"GRCh38-YY1AP1","YY1AP1","4c"
8.79277069425366e-06,-0.388930139595233,0.369,0.567,0.635734906735928,"GRCh38-HEIH","HEIH","4c"
8.81649524093196e-06,0.542779986552841,0.835,0.727,0.637450238909862,"GRCh38-NUP54","NUP54","4c"
8.82592220862567e-06,0.412751546704002,0.447,0.281,0.638131827528053,"GRCh38-TTLL4","TTLL4","4c"
8.86497819105058e-06,-0.409196689301282,0.146,0.366,0.640955653169339,"GRCh38-PRTG","PRTG","4c"
8.89080795516719e-06,0.592926723872084,0.845,0.806,0.642823196774498,"GRCh38-NT5C3A","NT5C3A","4c"
8.90739746357989e-06,1.16872093975295,0.65,0.514,0.644022651411754,"GRCh38-ITPRIP","ITPRIP","4c"
8.9448080635048e-06,-0.333047968454555,0.301,0.529,0.646727512607524,"GRCh38-MIF4GD","MIF4GD","4c"
8.94965057780093e-06,0.442307639524089,0.272,0.132,0.647077636076163,"GRCh38-LINC01362","LINC01362","4c"
8.9769709671433e-06,1.12759912426059,0.233,0.104,0.649052954866395,"GRCh38-EPHA6","EPHA6","4c"
9.04687032891615e-06,1.04137282490372,0.777,0.738,0.654106818521295,"GRCh38-RNF217","RNF217","4c"
9.10231552409684e-06,0.689740012464999,0.68,0.577,0.65811561702325,"GRCh38-DDX31","DDX31","4c"
9.10948993674148e-06,0.264409053015806,0.243,0.109,0.658634341406282,"GRCh38-ENSG00000291107","ENSG00000291107","4c"
9.11338142985278e-06,1.1108124248896,0.806,0.782,0.658915704141216,"GRCh38-TRAF3","TRAF3","4c"
9.17138897745746e-06,0.866147928083862,0.816,0.794,0.663109765848129,"GRCh38-HIBCH","HIBCH","4c"
9.21866895447643e-06,0.340897964539885,0.447,0.267,0.666528202746555,"GRCh38-MIRLET7IHG","MIRLET7IHG","4c"
9.2331047674985e-06,0.435768186883146,0.301,0.15,0.667571940899677,"GRCh38-ENSG00000250519","ENSG00000250519","4c"
9.27015907544839e-06,-0.429731140804462,0.427,0.621,0.670251041473069,"GRCh38-STAP2","STAP2","4c"
9.27593350324217e-06,0.55951648422828,0.65,0.499,0.670668544151415,"GRCh38-ZDHHC6","ZDHHC6","4c"
9.34751669402504e-06,0.771463956854764,0.476,0.329,0.675844152011399,"GRCh38-IPO9-AS1","IPO9-AS1","4c"
9.41016581199828e-06,0.765700643092526,0.913,0.905,0.680373808539099,"GRCh38-SMC5","SMC5","4c"
9.41072503359938e-06,0.663010468104907,0.845,0.815,0.680414241379302,"GRCh38-TNKS2","TNKS2","4c"
9.41417415823962e-06,-0.252331445055415,0.563,0.779,0.680663619989041,"GRCh38-RBFA","RBFA","4c"
9.45013228636124e-06,0.533637541458624,0.631,0.521,0.683263464568491,"GRCh38-RBSN","RBSN","4c"
9.46661298080069e-06,0.481660532527637,0.515,0.335,0.684455051737851,"GRCh38-SNX30","SNX30","4c"
9.47049840404496e-06,0.863644179808022,0.835,0.86,0.684735975609258,"GRCh38-LARP4","LARP4","4c"
9.49385497623966e-06,0.259630234458176,0.175,0.066,0.68642470249208,"GRCh38-LYPD6","LYPD6","4c"
9.50911906442013e-06,0.824681843080888,0.621,0.493,0.687528326595705,"GRCh38-KHDC1","KHDC1","4c"
9.53912929846507e-06,0.73133392270601,0.903,0.917,0.689698126537621,"GRCh38-ELF1","ELF1","4c"
9.54167898057017e-06,0.8352741512341,0.883,0.837,0.689882473653184,"GRCh38-DCAF7","DCAF7","4c"
9.54530751152355e-06,0.692014355481233,0.709,0.616,0.690144823698176,"GRCh38-WDR20","WDR20","4c"
9.5509690569377e-06,-0.688334889546823,0.165,0.369,0.690554164754709,"GRCh38-GRIN2A","GRIN2A","4c"
9.57055573834566e-06,-0.322943123934487,0.621,0.818,0.691970320993868,"GRCh38-SNAP29","SNAP29","4c"
9.5863824483009e-06,-0.338816397889636,0.835,0.913,0.693114623777051,"GRCh38-H1-10","H1-10","4c"
9.66147853389448e-06,0.485987900122742,0.689,0.543,0.698544220957639,"GRCh38-CNOT8","CNOT8","4c"
9.69519017724477e-06,0.44948200789501,0.34,0.179,0.700981640195151,"GRCh38-RAET1E","RAET1E","4c"
9.74156870776963e-06,0.448680138599179,0.66,0.488,0.70433490070916,"GRCh38-GGH","GGH","4c"
9.74683427826884e-06,-0.261150456962564,0.311,0.585,0.704715611987393,"GRCh38-GLUL","GLUL","4c"
9.76396919194903e-06,0.465793222080269,0.563,0.386,0.705954500516299,"GRCh38-TRDMT1","TRDMT1","4c"
9.7689982807844e-06,0.885601224231815,0.942,0.947,0.706318113697273,"GRCh38-SENP6","SENP6","4c"
9.77092564355365e-06,0.585875282894832,0.913,0.843,0.706457465880216,"GRCh38-WDR33","WDR33","4c"
9.78049936011324e-06,0.640031569921574,0.816,0.759,0.707149664734907,"GRCh38-AQR","AQR","4c"
9.80511975470369e-06,0.72475719786912,0.612,0.457,0.708929768504586,"GRCh38-INTS9","INTS9","4c"
9.86526029737496e-06,0.990353176947793,0.534,0.402,0.713278050020804,"GRCh38-STX18-AS1","STX18-AS1","4c"
9.88110297260655e-06,-0.351758168307401,0.175,0.39,0.714423507125399,"GRCh38-SPACA9","SPACA9","4c"
9.96347664459163e-06,0.621247252111733,0.67,0.566,0.720379288357264,"GRCh38-DHDDS","DHDDS","4c"
9.9818234640943e-06,0.352539896109299,0.553,0.364,0.721705800100946,"GRCh38-ZNF789","ZNF789","4c"
9.99533716981629e-06,0.544652983350734,0.66,0.534,0.722682868052057,"GRCh38-MAPKAPK5","MAPKAPK5","4c"
1.00357823699238e-05,0.599787282653113,0.728,0.598,0.725607136910228,"GRCh38-TPP2","TPP2","4c"
1.00548414779771e-05,-0.432192068031059,0.058,0.247,0.726985148540703,"GRCh38-TRIM58","TRIM58","4c"
1.00842431792994e-05,1.06245149857218,0.981,0.98,0.729110950349709,"GRCh38-CD44","CD44","4c"
1.01220696978101e-05,0.823773083451725,0.66,0.593,0.731845883291065,"GRCh38-FANCC","FANCC","4c"
1.01485484430153e-05,1.1439070167065,0.835,0.827,0.733760349526889,"GRCh38-IGF1R","IGF1R","4c"
1.01498851165349e-05,1.13035351782689,0.505,0.345,0.733856993695707,"GRCh38-TJP2","TJP2","4c"
1.0188966009147e-05,-0.475670569604008,0.311,0.147,0.736682620393344,"GRCh38-PI3","PI3","4c"
1.02109457998998e-05,-0.508782869068719,0.311,0.52,0.738271803224353,"GRCh38-LLGL2","LLGL2","4c"
1.02196211873648e-05,-0.381314537572963,0.466,0.692,0.738899051088853,"GRCh38-ING4","ING4","4c"
1.02871210547299e-05,0.725197761381087,0.854,0.841,0.743779426499084,"GRCh38-SFSWAP","SFSWAP","4c"
1.03377294908345e-05,0.267708273686163,0.175,0.066,0.747438517646316,"GRCh38-MAP3K7CL","MAP3K7CL","4c"
1.04012338450065e-05,0.488526712817927,0.437,0.271,0.752030009461657,"GRCh38-CPOX","CPOX","4c"
1.04021836720639e-05,-0.423961830177053,0.718,0.874,0.752098683857567,"GRCh38-CDK2AP1","CDK2AP1","4c"
1.04725600266524e-05,0.64405783035997,0.922,0.926,0.757187035047021,"GRCh38-SMC3","SMC3","4c"
1.05491593553012e-05,0.805192612538616,0.718,0.652,0.76272531970699,"GRCh38-ORC5","ORC5","4c"
1.05577023484028e-05,0.715218737558039,0.641,0.508,0.763342995194217,"GRCh38-TTC7B","TTC7B","4c"
1.06252347175858e-05,0.331897597106057,0.155,0.055,0.768225720550886,"GRCh38-STOX2","STOX2","4c"
1.06587137694575e-05,0.660872611618479,0.65,0.492,0.770646322959317,"GRCh38-RFFL","RFFL","4c"
1.0670111823008e-05,0.873600702856926,0.602,0.461,0.771470425027121,"GRCh38-KDM7A","KDM7A","4c"
1.06996310837235e-05,0.416586262727399,0.427,0.261,0.773604726615375,"GRCh38-CRY2","CRY2","4c"
1.07522655233143e-05,0.3707098051603,0.398,0.237,0.777410301866668,"GRCh38-ENSG00000291068","ENSG00000291068","4c"
1.09283257495765e-05,0.874813927265779,0.728,0.707,0.790139808345878,"GRCh38-CCDC144BP","CCDC144BP","4c"
1.09424122289408e-05,0.504919165388556,0.816,0.75,0.791158288976881,"GRCh38-TGS1","TGS1","4c"
1.09627651901135e-05,0.776203459013029,0.864,0.833,0.792629848775583,"GRCh38-MICU1","MICU1","4c"
1.10241875881448e-05,0.349897955856497,0.301,0.154,0.797070810998043,"GRCh38-LINC00601","LINC00601","4c"
1.10987619231175e-05,0.494631358532174,0.417,0.255,0.802462684565243,"GRCh38-GPD1L","GPD1L","4c"
1.1107164112927e-05,0.566281041749962,0.563,0.415,0.80307017969285,"GRCh38-CLN6","CLN6","4c"
1.11097678129291e-05,-0.412748479733231,0.272,0.491,0.803258432410401,"GRCh38-UNC119","UNC119","4c"
1.11841936978195e-05,0.458495558708452,0.592,0.439,0.808639572739744,"GRCh38-FEM1B","FEM1B","4c"
1.12042336163971e-05,0.480259977923134,0.816,0.653,0.810088498932744,"GRCh38-C5orf15","C5orf15","4c"
1.12099291011776e-05,0.579979010035827,0.563,0.408,0.810500293873345,"GRCh38-POLG","POLG","4c"
1.12755716136847e-05,-0.382636813734179,0.951,0.97,0.81524637881263,"GRCh38-PA2G4","PA2G4","4c"
1.12871586116616e-05,0.506092795169159,0.602,0.437,0.816084141940355,"GRCh38-GOLPH3L","GOLPH3L","4c"
1.1295648815363e-05,-0.301700861928646,0.049,0.229,0.816698000648375,"GRCh38-FOXD3-AS1","FOXD3-AS1","4c"
1.13064984021506e-05,0.470044619349495,0.223,0.099,0.81748244747229,"GRCh38-COP1-DT","COP1-DT","4c"
1.13282430227482e-05,1.02513351760538,0.825,0.831,0.819054627030739,"GRCh38-UVRAG","UVRAG","4c"
1.13320107010682e-05,-0.558709619759831,0.097,0.294,0.819327037708636,"GRCh38-CATSPERB","CATSPERB","4c"
1.13907612167451e-05,1.95603170026317,0.359,0.216,0.823574817493108,"GRCh38-FBXL7","FBXL7","4c"
1.14065550833356e-05,0.284406739779547,0.214,0.092,0.824716745635328,"GRCm39-Hnrnpa2b1","Hnrnpa2b1","4c"
1.14141444306093e-05,0.378112114912763,0.437,0.262,0.825265470621916,"GRCh38-SYVN1","SYVN1","4c"
1.14405697124425e-05,0.827657988186564,0.874,0.856,0.827176071349014,"GRCh38-SPATS2","SPATS2","4c"
1.14614150597342e-05,0.60189872560118,0.65,0.542,0.828683231648905,"GRCh38-DCAF16","DCAF16","4c"
1.15361208124355e-05,0.649609690531939,0.66,0.513,0.834084606980708,"GRCh38-TCP11L1","TCP11L1","4c"
1.16150108216763e-05,0.361825456137267,0.427,0.258,0.839788512428838,"GRCh38-LRRC45","LRRC45","4c"
1.1621011520577e-05,0.573619654679003,0.641,0.499,0.840222374960755,"GRCh38-ZNF335","ZNF335","4c"
1.16531805838904e-05,0.333294760097485,0.223,0.097,0.842548262576443,"GRCh38-GIPC2","GIPC2","4c"
1.16890934859522e-05,0.508174768356149,0.602,0.47,0.845144837221316,"GRCh38-RBBP5","RBBP5","4c"
1.16942437840716e-05,0.758846001476323,0.728,0.64,0.845517214075947,"GRCh38-ARMC8","ARMC8","4c"
1.17077231627012e-05,0.766724426467097,0.699,0.616,0.846491800109621,"GRCh38-LATS1","LATS1","4c"
1.17105170139655e-05,0.57604150356214,0.583,0.434,0.846693801143736,"GRCh38-MTMR4","MTMR4","4c"
1.17243031193504e-05,0.689705879817328,0.893,0.935,0.84769056413527,"GRCh38-RBBP7","RBBP7","4c"
1.1750001270322e-05,-0.293005615920488,0.553,0.746,0.849548591846824,"GRCh38-IFI35","IFI35","4c"
1.17608335059588e-05,1.09195548626914,0.777,0.711,0.85033178414783,"GRCh38-LYN","LYN","4c"
1.17820745544671e-05,0.637633531846926,0.252,0.122,0.851867554437081,"GRCh38-WNT9A","WNT9A","4c"
1.17979920536147e-05,1.02216197391328,0.932,0.934,0.853018421460449,"GRCh38-IPO7","IPO7","4c"
1.18264198804078e-05,0.460462841007037,0.544,0.381,0.855073810193242,"GRCh38-CIC","CIC","4c"
1.18288858516997e-05,-0.279013396622106,0.806,0.952,0.855252104849589,"GRCh38-CTSZ","CTSZ","4c"
1.18985673679481e-05,0.971936732354773,0.845,0.88,0.860290217837383,"GRCh38-CLPTM1L","CLPTM1L","4c"
1.18991715072696e-05,-0.345107815352345,0.515,0.744,0.86033389831861,"GRCh38-C2orf74","C2orf74","4c"
1.19647112511306e-05,0.772357629301739,0.825,0.756,0.865072552879245,"GRCh38-PRKAR1A","PRKAR1A","4c"
1.20192359565277e-05,0.807372903535314,0.913,0.943,0.869014798128866,"GRCh38-SMARCC1","SMARCC1","4c"
1.21403785173485e-05,0.755036962554055,0.767,0.717,0.877773647561334,"GRCh38-KHDC4","KHDC4","4c"
1.21429156356996e-05,0.85846582020259,0.602,0.49,0.877957086292353,"GRCh38-ENSG00000248138","ENSG00000248138","4c"
1.21618698864437e-05,0.577158170980096,0.922,0.862,0.879327516529649,"GRCh38-EML4","EML4","4c"
1.21933278550949e-05,0.738308779177444,0.631,0.497,0.881601990579069,"GRCh38-PIGU","PIGU","4c"
1.22413310638847e-05,0.437663635245568,0.456,0.3,0.885072718580994,"GRCh38-HSDL1","HSDL1","4c"
1.2244274765952e-05,1.00639475257854,0.932,0.971,0.885285554127861,"GRCh38-FLNA","FLNA","4c"
1.22579428517459e-05,0.665103560283375,0.728,0.638,0.88627378406693,"GRCh38-EGLN1","EGLN1","4c"
1.22633629430492e-05,0.82396760558398,0.816,0.82,0.886665667508347,"GRCh38-CPNE8","CPNE8","4c"
1.22662432021028e-05,0.337741142946828,0.33,0.178,0.886873915998433,"GRCh38-IKZF4","IKZF4","4c"
1.2273486163469e-05,-0.473307961595258,0.621,0.784,0.887397596591132,"GRCh38-RNASEH2C","RNASEH2C","4c"
1.22746562467984e-05,0.669722600330814,0.874,0.826,0.887482195956019,"GRCh38-AFAP1","AFAP1","4c"
1.24013650689672e-05,0.574802706825057,0.165,0.064,0.89664349721647,"GRCh38-HMGA2-AS1","HMGA2-AS1","4c"
1.24028648648065e-05,0.680865357336257,0.631,0.537,0.896751935455241,"GRCh38-SENP1","SENP1","4c"
1.24671267128714e-05,0.537034050077319,0.612,0.449,0.90139819559403,"GRCh38-LINC02100","LINC02100","4c"
1.24720258910072e-05,0.604269113771049,0.631,0.508,0.901752415971603,"GRCh38-PRR12","PRR12","4c"
1.25424575320136e-05,0.836540511652725,0.291,0.149,0.906844764479647,"GRCh38-EGR3","EGR3","4c"
1.26051108310831e-05,-0.374493231322241,1,0.995,0.911374723308973,"GRCh38-PTMA","PTMA","4c"
1.26412480678941e-05,0.430230599462484,0.272,0.133,0.913987517804878,"GRCh38-ENSG00000275119","ENSG00000275119","4c"
1.27090997839142e-05,0.604292636678113,0.592,0.446,0.918893332576566,"GRCh38-INO80C","INO80C","4c"
1.27347361619837e-05,0.810979367016788,0.825,0.797,0.920746893983747,"GRCh38-VPS53","VPS53","4c"
1.28018795815555e-05,-0.294559648912174,0.068,0.256,0.925601497505625,"GRCh38-LHFPL3","LHFPL3","4c"
1.2807073182846e-05,-0.385144728608237,0.66,0.815,0.925977005266129,"GRCh38-BOD1","BOD1","4c"
1.28323415556396e-05,1.13223237391612,0.767,0.74,0.927803959155854,"GRCh38-TMEM181","TMEM181","4c"
1.29046673083366e-05,0.256974080964589,0.146,0.052,0.933033255727352,"GRCh38-CCDC28A-AS1","CCDC28A-AS1","4c"
1.29122275155563e-05,1.12604085751412,0.748,0.668,0.933579873829753,"GRCh38-SH3RF1","SH3RF1","4c"
1.29165786792002e-05,0.481784940513646,0.155,0.058,0.933894471663531,"GRCh38-NDST3","NDST3","4c"
1.29561612651356e-05,0.997578958292755,0.845,0.79,0.936756371791833,"GRCh38-MTHFD1L","MTHFD1L","4c"
1.30169156575519e-05,0.786750820136264,0.631,0.535,0.941149035872317,"GRCh38-SS18L1","SS18L1","4c"
1.30727257908613e-05,0.631579667811327,0.816,0.737,0.945184220130856,"GRCh38-DCP1A","DCP1A","4c"
1.31114335219843e-05,1.21759394114906,0.777,0.715,0.94798286650651,"GRCh38-ADAMTS12","ADAMTS12","4c"
1.31203688776272e-05,0.656186400838693,0.757,0.68,0.948628910590202,"GRCh38-PRPF18","PRPF18","4c"
1.31333325425508e-05,0.737519369019157,0.903,0.872,0.94956620949151,"GRCh38-PTPN11","PTPN11","4c"
1.31456252421577e-05,0.884783807716354,0.942,0.943,0.950454996258485,"GRCh38-USP34","USP34","4c"
1.32588375580306e-05,0.580718031379972,0.602,0.496,0.95864047312073,"GRCh38-AGK","AGK","4c"
1.33105106932509e-05,0.811398809446394,0.883,0.858,0.962376544143427,"GRCh38-ARHGAP35","ARHGAP35","4c"
1.33435267632366e-05,-0.313809810036658,0.883,0.974,0.964763672035532,"GRCh38-ATP5F1B","ATP5F1B","4c"
1.33461133815838e-05,0.746194608901905,0.699,0.574,0.964950689715269,"GRCh38-APLF","APLF","4c"
1.33827597833772e-05,0.731929805198245,0.777,0.669,0.967600297857741,"GRCh38-DNAJC11","DNAJC11","4c"
1.33915196600844e-05,0.620445820915366,0.835,0.791,0.968233654463423,"GRCh38-H1-4","H1-4","4c"
1.33965807142846e-05,0.417377345134668,0.35,0.197,0.968599578804208,"GRCh38-CEP170B","CEP170B","4c"
1.3400730818865e-05,1.03060994379445,0.864,0.854,0.96889963966558,"GRCh38-FTO","FTO","4c"
1.34267753060755e-05,0.766540013532239,0.825,0.825,0.970782708179871,"GRCh38-GANAB","GANAB","4c"
1.34416732591889e-05,0.830245832023607,0.922,0.937,0.971859859985874,"GRCh38-TAF15","TAF15","4c"
1.34954325296291e-05,0.649573255293228,0.602,0.453,0.975746762757245,"GRCh38-PLEKHA8","PLEKHA8","4c"
1.35158246881097e-05,1.05870554584664,0.369,0.216,0.97722115659971,"GRCh38-PRRX1","PRRX1","4c"
1.35790628429467e-05,0.498207206626496,0.67,0.546,0.981793401670733,"GRCh38-GTF3C5","GTF3C5","4c"
1.35853336656568e-05,0.517970912912013,0.825,0.806,0.982246794694321,"GRCh38-FNDC3A","FNDC3A","4c"
1.35854609513036e-05,-1.45712688024636,0.078,0.255,0.98225599770115,"GRCh38-TRDN","TRDN","4c"
1.35877445573587e-05,0.491411528061485,0.738,0.58,0.982421106986147,"GRCh38-SAV1","SAV1","4c"
1.36554671118669e-05,0.765235632755458,0.553,0.398,0.987317583122198,"GRCh38-EEIG1","EEIG1","4c"
1.37593822815059e-05,0.293425441123723,0.282,0.139,0.994830857717437,"GRCh38-ING2-DT","ING2-DT","4c"
1.37665432738133e-05,0.410266595828035,0.476,0.307,0.995348611783246,"GRCh38-MTMR10","MTMR10","4c"
1.38069435648603e-05,-0.350863708466763,0.33,0.556,0.998269633626526,"GRCh38-HNRNPA1L3","HNRNPA1L3","4c"
0.000728500107165032,1.95319206263163,0.515,0.395,1,"GRCh38-NRG1","NRG1","4c"
9.30199529724655e-05,-1.64463532332681,0.398,0.515,1,"GRCh38-FMO3","FMO3","4c"
0.0013146874696034,1.64137328255813,0.796,0.78,1,"GRCh38-KCNQ5","KCNQ5","4c"
0.0907361185302176,1.62472360146177,0.709,0.685,1,"GRCh38-LRRC23","LRRC23","4c"
0.000121972674115042,1.54468317083394,0.155,0.064,1,"GRCh38-LINC03051","LINC03051","4c"
0.0010641267578785,1.536378917433,0.66,0.612,1,"GRCh38-HSPA1A","HSPA1A","4c"
0.736666219218051,1.51750812827633,0.563,0.649,1,"GRCh38-DGKB","DGKB","4c"
0.000258699227197191,-1.46128629014686,0.194,0.329,1,"GRCh38-ENSG00000288714","ENSG00000288714","4c"
0.000624834272784769,1.45925258364511,0.709,0.681,1,"GRCh38-NHS","NHS","4c"
0.000965295212533683,1.45892256868438,0.854,0.912,1,"GRCh38-TALAM1","TALAM1","4c"
0.00802081672287959,-1.4477767341616,0.427,0.517,1,"GRCh38-S100A8","S100A8","4c"
0.000408481604805107,1.42041071745398,0.845,0.882,1,"GRCh38-LRMDA","LRMDA","4c"
0.00740240506739472,1.39082505226347,0.136,0.071,1,"GRCh38-HSPA6","HSPA6","4c"
3.34159552083779e-05,1.38731896386744,0.311,0.176,1,"GRCh38-ENSG00000232855","ENSG00000232855","4c"
0.000341203480492021,1.38565352708532,0.874,0.831,1,"GRCh38-COL1A1","COL1A1","4c"
9.4956421072464e-05,1.37641765613578,0.893,0.873,1,"GRCh38-NFKB1","NFKB1","4c"
2.32079576035328e-05,1.36228347322248,0.757,0.758,1,"GRCh38-IFRD1","IFRD1","4c"
0.000311088999913201,1.34761539244549,0.243,0.132,1,"GRCh38-ENSG00000285822","ENSG00000285822","4c"
0.000940833847999759,1.34188144463213,0.437,0.318,1,"GRCh38-ENSG00000243276","ENSG00000243276","4c"
0.00111861831306644,1.32976296790356,0.117,0.05,1,"GRCh38-PRMT5-DT","PRMT5-DT","4c"
0.00151536335612372,1.32766245918979,0.621,0.578,1,"GRCh38-NFATC2","NFATC2","4c"
5.04297638065682e-05,1.32172810172349,0.621,0.543,1,"GRCh38-GFPT2","GFPT2","4c"
0.000229020880707506,1.31356378085909,0.68,0.644,1,"GRCh38-TTC28","TTC28","4c"
0.272533538450966,1.30781142332735,0.748,0.796,1,"GRCh38-ADAMTS6","ADAMTS6","4c"
0.000869506166151472,1.30521844481001,0.388,0.278,1,"GRCh38-TENT5C","TENT5C","4c"
0.000738241846234798,1.30215356028324,0.777,0.803,1,"GRCh38-SIPA1L3","SIPA1L3","4c"
8.47450980310094e-05,1.29736688807824,0.709,0.63,1,"GRCh38-NEDD4L","NEDD4L","4c"
0.137657590306114,1.28241074225302,0.631,0.654,1,"GRCh38-CEMIP2","CEMIP2","4c"
0.00240799467253758,1.27081650912777,0.68,0.665,1,"GRCh38-SMOC1","SMOC1","4c"
4.45939830903424e-05,1.26857348505264,0.893,0.868,1,"GRCh38-EZR","EZR","4c"
0.000710265910496087,1.26176560596622,0.748,0.726,1,"GRCh38-ENSG00000227681","ENSG00000227681","4c"
1.5745721649378e-05,1.25594004507434,0.845,0.786,1,"GRCh38-EFNA5","EFNA5","4c"
0.460490756414351,-1.2509490456777,0.146,0.172,1,"GRCh38-IFIT2","IFIT2","4c"
2.63729657830036e-05,1.24963979166449,0.796,0.818,1,"GRCh38-FER","FER","4c"
0.00124453797982905,1.24818309188505,0.66,0.718,1,"GRCh38-SETBP1","SETBP1","4c"
8.62212446114009e-05,1.24813167668357,0.845,0.836,1,"GRCh38-COMMD10","COMMD10","4c"
0.00124556109356874,1.23863470124597,0.495,0.4,1,"GRCh38-ENSG00000285751","ENSG00000285751","4c"
0.000850280757875814,1.23334007480551,0.806,0.831,1,"GRCh38-ENSG00000266602","ENSG00000266602","4c"
2.9673845796381e-05,1.22856122714294,0.738,0.67,1,"GRCh38-INTS6","INTS6","4c"
2.43194614154251e-05,1.22810381275399,0.563,0.441,1,"GRCh38-DUSP10","DUSP10","4c"
0.000283262786897782,1.22674061259901,0.942,0.92,1,"GRCh38-PTPRG","PTPRG","4c"
0.776492277121376,1.2224089510939,0.437,0.501,1,"GRCh38-ENSG00000283380","ENSG00000283380","4c"
2.33926643031075e-05,1.21999974246006,0.951,0.932,1,"GRCh38-SBF2","SBF2","4c"
1.67473753899881e-05,1.20387747383526,0.748,0.585,1,"GRCh38-KCNQ1OT1","KCNQ1OT1","4c"
2.55114409205022e-05,1.20318089405566,0.214,0.095,1,"GRCh38-COX7B2","COX7B2","4c"
0.00010698720567279,1.19933006327734,0.301,0.177,1,"GRCh38-LINC02566","LINC02566","4c"
0.0163466099812379,1.19461335747959,0.466,0.357,1,"GRCh38-ADGRB3","ADGRB3","4c"
0.0052622174838988,1.18954507219484,0.184,0.105,1,"GRCh38-ENSG00000259560","ENSG00000259560","4c"
7.94765763135829e-05,1.18519995779935,0.932,0.924,1,"GRCh38-GPHN","GPHN","4c"
4.48901321824642e-05,1.17574297798093,0.728,0.674,1,"GRCh38-SIPA1L2","SIPA1L2","4c"
0.0014673603380906,1.17472265738581,0.65,0.641,1,"GRCh38-FOSL1","FOSL1","4c"
1.54224269842339e-05,1.17310150865081,0.845,0.856,1,"GRCh38-NPTN","NPTN","4c"
0.000348388979929707,1.17277030666567,0.398,0.275,1,"GRCh38-LINC02725","LINC02725","4c"
0.14322318566746,1.16919504669141,0.408,0.371,1,"GRCh38-TEX14","TEX14","4c"
2.38022044802616e-05,1.1666574111389,0.864,0.836,1,"GRCh38-ZFHX3","ZFHX3","4c"
0.00386118694650391,1.16537572579921,0.738,0.701,1,"GRCh38-LAMA3","LAMA3","4c"
0.00120778226967087,1.16461936291214,0.825,0.828,1,"GRCh38-TENM3","TENM3","4c"
0.0030444185137725,1.1645833913452,0.408,0.304,1,"GRCh38-ENSG00000249631","ENSG00000249631","4c"
0.00350998949510636,1.16180441711556,0.476,0.379,1,"GRCh38-LINGO2","LINGO2","4c"
0.00178864508167362,1.15031278426079,0.427,0.321,1,"GRCh38-NRXN1","NRXN1","4c"
6.69967403282793e-05,1.14985870378312,0.68,0.572,1,"GRCh38-KLF12","KLF12","4c"
0.00165035693206363,1.14489649933566,0.65,0.679,1,"GRCh38-PHEX","PHEX","4c"
4.53367271444606e-05,1.13685593416798,0.398,0.238,1,"GRCh38-ENSG00000286147","ENSG00000286147","4c"
2.24717744857372e-05,1.13641848288676,0.495,0.337,1,"GRCh38-ENSG00000291174","ENSG00000291174","4c"
0.00770095104594067,1.13578282704872,0.883,0.923,1,"GRCh38-GMDS","GMDS","4c"
0.0532679119962219,1.13550879755029,0.243,0.182,1,"GRCh38-NALF1","NALF1","4c"
1.70116430816385e-05,1.13531301773154,0.942,0.919,1,"GRCh38-ADK","ADK","4c"
1.5725936771026e-05,1.13420688296245,0.942,0.926,1,"GRCh38-EXOC4","EXOC4","4c"
7.87063411623501e-05,1.13385380702955,0.874,0.897,1,"GRCh38-VWA8","VWA8","4c"
9.34764656869623e-05,1.13270507086736,0.757,0.63,1,"GRCh38-UTP20","UTP20","4c"
3.10505722502271e-05,1.1285897643046,0.786,0.687,1,"GRCh38-CHORDC1","CHORDC1","4c"
0.00793159877052604,1.12544862109678,0.796,0.825,1,"GRCh38-MECOM","MECOM","4c"
0.000909677166163939,1.11659711783411,0.107,0.043,1,"GRCh38-LINC02267","LINC02267","4c"
3.73377966282254e-05,1.10583584425817,0.573,0.433,1,"GRCh38-ABLIM3","ABLIM3","4c"
3.84909746613202e-05,1.10539824604638,0.932,0.947,1,"GRCh38-CDC42BPA","CDC42BPA","4c"
0.000770670753020476,1.10085725674581,0.806,0.84,1,"GRCh38-RABGAP1L","RABGAP1L","4c"
9.97357955041817e-05,1.09893920897276,0.709,0.631,1,"GRCh38-MORC4","MORC4","4c"
0.00038804745010758,1.09843992014933,0.883,0.923,1,"GRCh38-SPIDR","SPIDR","4c"
0.466766209570808,1.09735754915585,0.233,0.215,1,"GRCh38-ENSG00000287144","ENSG00000287144","4c"
0.0927470517402671,1.09497250694274,0.922,0.944,1,"GRCh38-TSHZ2","TSHZ2","4c"
0.00499289595098225,1.09448035596576,0.291,0.2,1,"GRCh38-GPRC5A","GPRC5A","4c"
0.00367702540380972,1.08969942434192,0.777,0.864,1,"GRCh38-TCF4","TCF4","4c"
1.63675634122519e-05,1.0850568623175,0.748,0.699,1,"GRCh38-UBE2E2","UBE2E2","4c"
0.00693237880249692,1.08269472630771,0.796,0.807,1,"GRCh38-ENSG00000227088","ENSG00000227088","4c"
2.72419557424756e-05,1.07883022175417,0.437,0.284,1,"GRCh38-ID2","ID2","4c"
4.73126086012102e-05,1.07853123673227,0.893,0.875,1,"GRCh38-BICD1","BICD1","4c"
0.00124758097437332,1.07454486591013,0.854,0.898,1,"GRCh38-PACS1","PACS1","4c"
0.155495827601649,1.07364335570054,0.544,0.537,1,"GRCh38-MYLIP","MYLIP","4c"
2.9169541912158e-05,1.07224484948539,0.786,0.763,1,"GRCh38-CTBP2","CTBP2","4c"
0.688248863207079,1.07160621794989,0.301,0.327,1,"GRCh38-LINC03002","LINC03002","4c"
0.000140748279161635,1.07027243820321,0.68,0.622,1,"GRCh38-DTNB","DTNB","4c"
0.0746968960161529,1.0697217599953,0.427,0.354,1,"GRCh38-PTPRC","PTPRC","4c"
0.00019460495770377,1.06314999454505,0.922,0.907,1,"GRCh38-CCNL1","CCNL1","4c"
0.000124769201356458,1.06183995207616,0.728,0.674,1,"GRCh38-RCC1","RCC1","4c"
0.0184783297544306,1.06181466644852,0.748,0.754,1,"GRCh38-SEMA3A","SEMA3A","4c"
0.000211839845290095,1.06143166550218,0.748,0.618,1,"GRCh38-POLG2","POLG2","4c"
0.000416207725803774,1.05658121552871,0.718,0.655,1,"GRCh38-DPH6","DPH6","4c"
0.00222332895135263,1.05409142165279,0.757,0.754,1,"GRCh38-LDLR","LDLR","4c"
9.46872837907237e-05,1.05382678793085,0.524,0.366,1,"GRCh38-CD36","CD36","4c"
0.264911479804598,1.05006871353719,0.738,0.849,1,"GRCh38-SRGAP1","SRGAP1","4c"
3.50669296041647e-05,1.04971058092313,0.583,0.499,1,"GRCh38-ABCA1","ABCA1","4c"
2.66686099887178e-05,1.04960336936793,0.437,0.305,1,"GRCh38-CDH3","CDH3","4c"
0.000237674120206143,1.04942528899064,0.66,0.561,1,"GRCh38-MAPK10","MAPK10","4c"
0.000287736900410329,1.04834579313468,0.854,0.91,1,"GRCh38-ITFG1","ITFG1","4c"
0.0382709337432834,1.04833968625208,0.427,0.376,1,"GRCh38-FOXP2","FOXP2","4c"
0.000252591208869777,1.04753628496581,0.583,0.511,1,"GRCh38-DNMBP","DNMBP","4c"
0.000314809862897023,1.04323515522108,0.913,0.869,1,"GRCh38-LINC02055","LINC02055","4c"
0.0417827019862406,-1.0423159007178,0.184,0.115,1,"GRCh38-CCL20","CCL20","4c"
0.00184816290042381,1.04175864916249,0.883,0.901,1,"GRCh38-BCAS3","BCAS3","4c"
5.3912458928292e-05,1.04110263382432,0.146,0.056,1,"GRCh38-RGCC","RGCC","4c"
0.50403806966879,1.0383596795066,0.223,0.2,1,"GRCh38-ENSG00000262202","ENSG00000262202","4c"
0.0183016054391257,1.02983538514653,0.718,0.727,1,"GRCh38-WWOX","WWOX","4c"
0.0109676431256534,1.02948796781841,0.67,0.709,1,"GRCh38-DNAJB1","DNAJB1","4c"
1.40708742580477e-05,1.02745006724632,0.398,0.244,1,"GRCh38-SLC2A14","SLC2A14","4c"
0.000592094313987019,1.02308233126966,0.913,0.918,1,"GRCh38-EHBP1","EHBP1","4c"
0.000555118802307007,1.02049951122319,0.903,0.903,1,"GRCh38-SCMH1","SCMH1","4c"
0.00202839738623627,1.01989598602764,0.553,0.556,1,"GRCh38-NRIP1","NRIP1","4c"
0.00162893244026771,1.01342150457333,0.883,0.897,1,"GRCh38-ANO5","ANO5","4c"
0.0257196640414944,1.01213594019846,0.825,0.884,1,"GRCh38-CLMP","CLMP","4c"
1.68959017016327e-05,1.01152593890942,0.806,0.793,1,"GRCh38-DNAAF9","DNAAF9","4c"
0.00150471419956036,1.01097914368656,0.942,0.96,1,"GRCh38-LPP","LPP","4c"
1.62841191923269e-05,1.00836010930628,0.728,0.748,1,"GRCh38-ANKS1A","ANKS1A","4c"
0.000841105595579405,1.00748458300425,0.631,0.545,1,"GRCh38-NFKBIZ","NFKBIZ","4c"
4.87291792358545e-05,1.00673547639201,0.864,0.848,1,"GRCh38-ATG7","ATG7","4c"
1.54158059969317e-05,1.00293921869282,0.777,0.72,1,"GRCh38-ROS1","ROS1","4c"
0.004298304262721,1.0028158035455,0.835,0.877,1,"GRCh38-EXOC6B","EXOC6B","4c"
0.00219537321551346,0.998465690571827,0.689,0.794,1,"GRCh38-CNTNAP4","CNTNAP4","4c"
0.00119389302798484,0.996659582757579,0.796,0.847,1,"GRCh38-METTL15","METTL15","4c"
0.00455611320074335,0.995511295199104,0.515,0.429,1,"GRCh38-ENSG00000243797","ENSG00000243797","4c"
0.000622629769343863,0.995197511145249,0.631,0.576,1,"GRCh38-CHST11","CHST11","4c"
0.00788477326965606,0.993331635713537,0.845,0.838,1,"GRCh38-INVS","INVS","4c"
5.1411937584751e-05,0.991013743172068,0.903,0.9,1,"GRCh38-ENSG00000225087","ENSG00000225087","4c"
0.000480853012909993,0.990204033791064,0.689,0.607,1,"GRCh38-AHCYL2","AHCYL2","4c"
0.0513551312294312,0.98629365451433,0.447,0.403,1,"GRCh38-TTLL11","TTLL11","4c"
2.17429981701559e-05,0.981693236864878,0.806,0.74,1,"GRCh38-ABLIM1","ABLIM1","4c"
0.00554332263145009,0.981539474577981,0.427,0.315,1,"GRCh38-SPOCK3","SPOCK3","4c"
0.000517552510363983,0.976796538859943,0.806,0.812,1,"GRCh38-TMCC1","TMCC1","4c"
6.24941544808495e-05,0.976187729851642,0.32,0.181,1,"GRCh38-ENSG00000223786","ENSG00000223786","4c"
0.0751287935082974,0.974852551387251,0.971,0.964,1,"GRCh38-NEAT1","NEAT1","4c"
0.68070496784275,0.97462387041885,0.738,0.823,1,"GRCh38-ADGRL3","ADGRL3","4c"
6.13372147892325e-05,0.973201348797746,0.767,0.737,1,"GRCh38-ALPK1","ALPK1","4c"
1.7099482041525e-05,0.971392549959418,0.942,0.94,1,"GRCh38-XIST","XIST","4c"
0.000554667811124617,0.967670323465555,0.913,0.927,1,"GRCh38-TBC1D5","TBC1D5","4c"
0.000215194546940307,0.967501370868439,0.922,0.922,1,"GRCh38-PSD3","PSD3","4c"
0.00122967837390916,0.966124810227017,0.67,0.608,1,"GRCh38-NOP2","NOP2","4c"
9.95427809415839e-05,0.964554068863227,0.825,0.788,1,"GRCh38-ENSG00000250954","ENSG00000250954","4c"
3.76725672049395e-05,0.963796295950798,0.903,0.91,1,"GRCh38-LRBA","LRBA","4c"
2.03943337498535e-05,0.963381836816363,0.67,0.628,1,"GRCh38-SLC23A2","SLC23A2","4c"
5.60837878489663e-05,0.961358175394036,0.913,0.878,1,"GRCh38-KLF6","KLF6","4c"
0.0060661172939633,0.959729415017574,0.136,0.071,1,"GRCh38-ENSG00000258740","ENSG00000258740","4c"
3.2226875391545e-05,0.958381149407287,0.835,0.833,1,"GRCh38-FOXO3","FOXO3","4c"
0.000215394091951543,0.957483538896937,0.786,0.769,1,"GRCh38-CDK19","CDK19","4c"
7.13352457800761e-05,0.957139921059443,0.903,0.919,1,"GRCh38-NSMCE2","NSMCE2","4c"
3.04215261145683e-05,0.956107953274736,0.175,0.071,1,"GRCh38-GRM5","GRM5","4c"
0.000157800750329566,0.954750742364997,0.748,0.726,1,"GRCh38-PTPN4","PTPN4","4c"
0.00291247657127571,0.954547471987537,0.864,0.884,1,"GRCh38-VCAN","VCAN","4c"
2.48373178615738e-05,0.952706293843746,0.903,0.91,1,"GRCh38-TCP1","TCP1","4c"
4.40782390851095e-05,0.952618469171094,0.728,0.628,1,"GRCh38-LINC01446","LINC01446","4c"
0.000156836927719828,0.95232286835557,0.757,0.714,1,"GRCh38-ENSG00000289349","ENSG00000289349","4c"
0.00039640028423895,0.951775381584851,0.447,0.334,1,"GRCh38-PTCHD4","PTCHD4","4c"
0.00011910428430616,0.951322052794669,0.913,0.919,1,"GRCh38-UTRN","UTRN","4c"
0.0083645541776125,0.950165369389629,0.757,0.755,1,"GRCh38-BTBD9","BTBD9","4c"
3.41622495489895e-05,0.94651381419437,0.408,0.263,1,"GRCh38-AMPD3","AMPD3","4c"
5.21233209876937e-05,0.945834688794541,0.835,0.795,1,"GRCh38-KDM4C","KDM4C","4c"
1.89627564851808e-05,0.945528117467365,0.66,0.541,1,"GRCh38-DOCK9","DOCK9","4c"
0.00978549003577982,0.945379578107078,0.825,0.836,1,"GRCh38-SLC2A3","SLC2A3","4c"
8.62369278211716e-05,0.944500544318363,0.689,0.632,1,"GRCh38-NARS2","NARS2","4c"
0.311099310495375,0.943877427459137,0.456,0.455,1,"GRCh38-AFMID","AFMID","4c"
0.047571932424563,-0.942678851517792,0.194,0.275,1,"GRCh38-SERPINB4","SERPINB4","4c"
4.38539875738888e-05,0.941388443536675,0.864,0.855,1,"GRCh38-WWTR1","WWTR1","4c"
6.54957959809558e-05,0.936917956879586,0.311,0.176,1,"GRCh38-H2BC15","H2BC15","4c"
0.00496416774460614,0.935558437128829,0.854,0.921,1,"GRCh38-PALM2AKAP2","PALM2AKAP2","4c"
5.36269425144628e-05,0.934603242457204,0.913,0.945,1,"GRCh38-WDR70","WDR70","4c"
0.000837927452734079,0.933000790367881,0.748,0.722,1,"GRCh38-XAF1","XAF1","4c"
0.0030853645935278,0.932915071096164,0.816,0.849,1,"GRCh38-VAV3","VAV3","4c"
2.63420692811781e-05,0.932834103287657,0.806,0.771,1,"GRCh38-UBE4B","UBE4B","4c"
0.0050933416940015,0.932751071058601,0.845,0.881,1,"GRCh38-TBC1D22A","TBC1D22A","4c"
0.00300050322038373,0.928887997333584,0.699,0.673,1,"GRCh38-ENSG00000284837","ENSG00000284837","4c"
0.000103961248363645,0.928489833375548,0.67,0.586,1,"GRCh38-SASH1","SASH1","4c"
1.52690831020436e-05,0.926562839123618,0.718,0.59,1,"GRCh38-CDH2","CDH2","4c"
3.41981508995704e-05,0.926465243449396,0.748,0.653,1,"GRCh38-CTPS2","CTPS2","4c"
0.00333645940722416,0.926290377809063,0.738,0.695,1,"GRCh38-SUMF1","SUMF1","4c"
2.36416757986897e-05,0.924857438381967,0.903,0.924,1,"GRCh38-ANKRD28","ANKRD28","4c"
0.000219586384722341,0.924541215386787,0.913,0.941,1,"GRCh38-TGFBR2","TGFBR2","4c"
0.00134174423468413,0.924070937275282,0.126,0.055,1,"GRCh38-SH3TC2","SH3TC2","4c"
4.58624475660678e-05,0.923679890363603,0.903,0.925,1,"GRCh38-ZMYND8","ZMYND8","4c"
0.00625425410552416,0.922965474801656,0.767,0.797,1,"GRCh38-PYDC2-AS1","PYDC2-AS1","4c"
0.0354261299343962,0.9214254939207,0.437,0.402,1,"GRCh38-SLCO3A1","SLCO3A1","4c"
0.000985132526417218,0.920975303147705,0.612,0.573,1,"GRCh38-PUDP","PUDP","4c"
8.57777245867974e-05,0.920387241787856,0.845,0.822,1,"GRCh38-ACER3","ACER3","4c"
0.00434449164947627,0.91934884479807,0.379,0.297,1,"GRCh38-CRISPLD2","CRISPLD2","4c"
0.0407797323021786,0.914637744888628,0.718,0.77,1,"GRCh38-FAM241A","FAM241A","4c"
2.52556437891936e-05,0.913119230957221,0.796,0.751,1,"GRCh38-TTLL5","TTLL5","4c"
0.00147809657195423,0.912228873965157,0.806,0.873,1,"GRCh38-PHKB","PHKB","4c"
1.42413873864492e-05,0.91208807254757,0.786,0.734,1,"GRCh38-CTDSPL","CTDSPL","4c"
4.13206293371099e-05,0.910178960247991,0.864,0.851,1,"GRCh38-ABL1","ABL1","4c"
0.273883286120335,0.909799170794657,0.379,0.379,1,"GRCh38-ERO1B","ERO1B","4c"
4.18664389722254e-05,0.909110836224642,0.155,0.062,1,"GRCh38-LINC02742","LINC02742","4c"
2.15051993332671e-05,0.909045546145572,0.864,0.822,1,"GRCh38-SHLD2","SHLD2","4c"
0.0299754090402725,0.908856572765282,0.204,0.135,1,"GRCh38-DANT2","DANT2","4c"
0.000409007883467203,0.908563311732481,0.621,0.505,1,"GRCh38-DGKI","DGKI","4c"
3.29353369805769e-05,0.908283443011276,0.913,0.945,1,"GRCh38-MSN","MSN","4c"
0.000356851449765168,0.908265885370122,0.981,0.972,1,"GRCh38-MAP4","MAP4","4c"
1.6418279641809e-05,0.907947840233251,0.777,0.751,1,"GRCh38-RFX3","RFX3","4c"
0.897887805522733,0.906674190117272,0.553,0.668,1,"GRCh38-BAIAP2","BAIAP2","4c"
0.00157492748448987,0.906490262633952,0.854,0.808,1,"GRCh38-PPP1R10","PPP1R10","4c"
0.231715516769531,0.906429419626577,0.476,0.462,1,"GRCh38-FRMD5","FRMD5","4c"
3.90585383498674e-05,0.905947180404753,0.602,0.466,1,"GRCh38-PRKD1","PRKD1","4c"
2.29174087197037e-05,0.904982064172001,0.913,0.933,1,"GRCh38-HIPK2","HIPK2","4c"
2.25583825396077e-05,0.903202160605432,0.68,0.552,1,"GRCh38-TECPR2","TECPR2","4c"
0.00150193938148268,0.901524726814934,0.786,0.769,1,"GRCh38-ATP9B","ATP9B","4c"
0.00189004716979935,0.901501649399389,0.806,0.785,1,"GRCh38-TBL1X","TBL1X","4c"
5.78415360177294e-05,0.90108910488458,0.641,0.537,1,"GRCh38-SIRT1","SIRT1","4c"
0.00308627157355027,0.900207476997781,0.369,0.278,1,"GRCh38-ENSG00000285679","ENSG00000285679","4c"
0.0011266465197039,0.900114846761595,0.262,0.153,1,"GRCh38-TEX41","TEX41","4c"
0.0010898798758663,0.899475600002914,0.854,0.85,1,"GRCh38-CSTPP1","CSTPP1","4c"
0.297576106280295,0.899021001278935,0.175,0.146,1,"GRCh38-LINC01320","LINC01320","4c"
0.000887034958060413,0.896425494844112,0.699,0.726,1,"GRCh38-DENND1B","DENND1B","4c"
0.00364176857990858,0.895396436435922,0.864,0.865,1,"GRCh38-DYNC2H1","DYNC2H1","4c"
0.000758372676270348,0.894434751381695,0.796,0.85,1,"GRCh38-DIP2C","DIP2C","4c"
0.277658644946831,0.892192679099253,0.583,0.568,1,"GRCh38-RCAN3","RCAN3","4c"
0.00375154965708307,0.892035269378643,0.631,0.631,1,"GRCh38-LINC00342","LINC00342","4c"
0.000583259105657864,0.889262188979196,0.369,0.253,1,"GRCh38-ENSG00000258561","ENSG00000258561","4c"
0.035511140980476,0.888860093278526,0.65,0.667,1,"GRCh38-IFI44L","IFI44L","4c"
0.000700526769791254,0.888356301012161,0.68,0.654,1,"GRCh38-LDLRAD3","LDLRAD3","4c"
2.33287663986312e-05,0.886821632406706,0.864,0.845,1,"GRCh38-RASA3","RASA3","4c"
0.0020962099853191,0.886087741733272,0.709,0.663,1,"GRCh38-MIR23AHG","MIR23AHG","4c"
1.48038239730501e-05,0.885432001555028,0.932,0.919,1,"GRCh38-ROCK1","ROCK1","4c"
5.36793387553878e-05,0.884727800575872,0.854,0.887,1,"GRCh38-LAMC1","LAMC1","4c"
0.00027039333905063,0.88470622047524,0.883,0.896,1,"GRCh38-EHMT1","EHMT1","4c"
0.0665634061840798,0.883657683245068,0.592,0.604,1,"GRCh38-ATF3","ATF3","4c"
0.000366148246671472,0.883504014193623,0.816,0.769,1,"GRCh38-TIMM23B","TIMM23B","4c"
3.62973989496403e-05,0.883139415582391,0.922,0.956,1,"GRCh38-CTNNA1","CTNNA1","4c"
6.05827304104917e-05,0.882756664803557,0.835,0.856,1,"GRCh38-TXNDC5","TXNDC5","4c"
2.82023278247727e-05,0.882705286219988,0.252,0.129,1,"GRCh38-PCSK5","PCSK5","4c"
6.46912866833314e-05,0.882647463768526,0.709,0.667,1,"GRCh38-CD276","CD276","4c"
0.00461384852928715,0.882336875839822,0.466,0.373,1,"GRCh38-CBR3","CBR3","4c"
0.015702958405069,0.882209538679225,1,0.99,1,"GRCh38-MALAT1","MALAT1","4c"
0.00182709631612847,0.881623571746889,0.107,0.046,1,"GRCh38-ENSG00000289341","ENSG00000289341","4c"
9.2638505080164e-05,0.881168977172588,0.932,0.93,1,"GRCh38-EIF4G1","EIF4G1","4c"
0.00835832443978158,0.880604768926001,0.757,0.781,1,"GRCh38-TRAPPC9","TRAPPC9","4c"
0.000176963085109094,0.88012838701836,0.883,0.857,1,"GRCh38-FBXL17","FBXL17","4c"
0.00878498508269239,0.879943512864071,0.786,0.806,1,"GRCh38-ASAP2","ASAP2","4c"
0.000242816141719743,0.8792478245428,0.583,0.505,1,"GRCh38-CFAP44","CFAP44","4c"
0.00277952766788348,0.878860894479756,0.748,0.731,1,"GRCh38-LINC02428","LINC02428","4c"
0.00261316358622271,0.87880970767525,0.786,0.81,1,"GRCh38-ATG10","ATG10","4c"
0.0415152229729081,0.878353896653361,0.883,0.913,1,"GRCh38-ENSG00000253642","ENSG00000253642","4c"
0.000475321946039301,0.877646023323488,0.34,0.213,1,"GRCh38-LINC00534","LINC00534","4c"
0.000483470349333409,0.87743388545093,0.437,0.323,1,"GRCh38-HSPB8","HSPB8","4c"
0.111006872850386,0.876785495997234,0.388,0.36,1,"GRCh38-APCDD1L","APCDD1L","4c"
0.000420464835427061,0.876092608957395,0.738,0.71,1,"GRCh38-PFKFB3","PFKFB3","4c"
0.0309919903126151,0.875822800520134,0.825,0.821,1,"GRCh38-TVP23C","TVP23C","4c"
0.00011455347177295,0.87502057898454,0.893,0.97,1,"GRCh38-APLP2","APLP2","4c"
0.000309949178967555,0.874992354940554,0.835,0.821,1,"GRCh38-FAM120B","FAM120B","4c"
0.00181613049106303,0.874031166811846,0.204,0.114,1,"GRCh38-ENSG00000236283","ENSG00000236283","4c"
8.29900580826003e-05,0.872899384594074,0.951,0.951,1,"GRCh38-DDX21","DDX21","4c"
0.00441446614566917,0.871351254669364,0.583,0.513,1,"GRCh38-ENSG00000251314","ENSG00000251314","4c"
0.00110290324706841,0.871324019415107,0.932,0.943,1,"GRCh38-RERE","RERE","4c"
2.76932906593499e-05,0.871239271317165,0.524,0.335,1,"GRCh38-PMAIP1","PMAIP1","4c"
0.591665740570773,-0.870724778171983,0.447,0.421,1,"GRCh38-S100A9","S100A9","4c"
0.000194070463273288,0.869858450256021,0.922,0.922,1,"GRCh38-ZNF385D","ZNF385D","4c"
0.0204078398972813,0.867969371646995,0.544,0.553,1,"GRCh38-IDI1","IDI1","4c"
0.0736543127845876,0.867799692132977,0.689,0.747,1,"GRCh38-RYR2","RYR2","4c"
0.0121613521181106,0.867392521191609,0.728,0.759,1,"GRCh38-UGGT2","UGGT2","4c"
0.000220417231502393,0.866144029035243,0.398,0.286,1,"GRCh38-PTK2B","PTK2B","4c"
0.000393826827887577,0.866055751617317,0.806,0.784,1,"GRCh38-CEP164","CEP164","4c"
0.000228173029087288,0.865920901874453,0.883,0.906,1,"GRCh38-FHAD1","FHAD1","4c"
0.000156406489726194,0.865444952600205,0.311,0.174,1,"GRCh38-SGCZ","SGCZ","4c"
0.000185435561192286,0.864513217094985,0.641,0.557,1,"GRCh38-SLC9A7","SLC9A7","4c"
0.000157088323192015,0.864135229743913,0.456,0.321,1,"GRCh38-MACROD2","MACROD2","4c"
0.013914975333612,0.861767331650673,0.796,0.789,1,"GRCh38-ENSG00000248515","ENSG00000248515","4c"
3.89287253461561e-05,0.861357816830823,0.68,0.6,1,"GRCh38-SNIP1","SNIP1","4c"
0.000106130340984857,0.861270213980696,0.913,0.901,1,"GRCh38-BAZ1A","BAZ1A","4c"
7.12159210491072e-05,0.860543110859985,0.806,0.748,1,"GRCh38-TFCP2","TFCP2","4c"
0.00151417795360495,0.860518105935302,0.146,0.069,1,"GRCh38-LINC01821","LINC01821","4c"
2.16803808943991e-05,0.859860532642716,0.738,0.701,1,"GRCh38-ORC3","ORC3","4c"
0.0345046192675188,0.859098390996929,0.893,0.928,1,"GRCh38-MAP1B","MAP1B","4c"
2.85255124552166e-05,0.85895583275228,0.777,0.723,1,"GRCh38-PYGB","PYGB","4c"
0.00291949908085456,0.856930735998654,0.854,0.895,1,"GRCh38-RASAL2","RASAL2","4c"
3.51241717634416e-05,0.856881868740498,0.621,0.479,1,"GRCh38-SLC41A2","SLC41A2","4c"
1.83539779402932e-05,0.855688395503666,0.816,0.85,1,"GRCh38-SNX14","SNX14","4c"
0.00114821007372935,0.855396825413133,0.825,0.836,1,"GRCh38-SETX","SETX","4c"
0.156668843552713,0.855120875971254,0.728,0.809,1,"GRCh38-EBF1","EBF1","4c"
0.000129956065837904,0.854068459053664,0.942,0.944,1,"GRCh38-LAMB1","LAMB1","4c"
0.00279044431805423,0.854062986242119,0.631,0.61,1,"GRCh38-SLC22A15","SLC22A15","4c"
0.00319166549450319,0.853564630673673,0.718,0.669,1,"GRCh38-PUS7","PUS7","4c"
2.49303684233676e-05,0.853453042307795,0.883,0.867,1,"GRCh38-R3HDM1","R3HDM1","4c"
2.55029866720553e-05,0.849973846315471,0.301,0.165,1,"GRCh38-CDH18","CDH18","4c"
0.00276662297544024,0.847594007200325,0.845,0.859,1,"GRCh38-ZEB1","ZEB1","4c"
9.51786272227421e-05,0.847034154347988,0.854,0.794,1,"GRCh38-LRCH3","LRCH3","4c"
0.00053954219639927,0.846697779158803,0.854,0.847,1,"GRCh38-CBFA2T2","CBFA2T2","4c"
0.0626429856188317,0.846474268643007,0.466,0.428,1,"GRCh38-LINC02438","LINC02438","4c"
0.227132284943307,0.846087754574209,0.495,0.491,1,"GRCh38-WWC1","WWC1","4c"
0.00927392446870513,0.845970766241949,0.612,0.625,1,"GRCh38-MCAM","MCAM","4c"
3.16267665190127e-05,0.84579062021529,0.874,0.838,1,"GRCh38-ATR","ATR","4c"
3.48462209533823e-05,0.84573460055126,0.689,0.604,1,"GRCh38-CEP162","CEP162","4c"
2.95699144387911e-05,0.845664776958163,0.893,0.91,1,"GRCh38-ZNF644","ZNF644","4c"
2.46025407336184e-05,0.845499863278659,0.35,0.201,1,"GRCh38-SLC25A21","SLC25A21","4c"
0.000388389806416604,0.84509111934221,0.777,0.786,1,"GRCh38-KIAA0232","KIAA0232","4c"
0.00243499460386938,0.844849234642621,0.835,0.742,1,"GRCh38-SLIT2","SLIT2","4c"
0.000145943948098329,0.844530516718799,0.699,0.592,1,"GRCh38-WDR7","WDR7","4c"
0.00336931082698013,0.844474749015759,0.505,0.429,1,"GRCh38-SNHG4","SNHG4","4c"
3.35272672666484e-05,0.84332938274268,0.66,0.53,1,"GRCh38-DCLK2","DCLK2","4c"
0.003343366287153,0.842879661173197,0.641,0.619,1,"GRCh38-C11orf80","C11orf80","4c"
0.0458496607847119,0.842106845941762,0.883,0.878,1,"GRCh38-MAML2","MAML2","4c"
0.000249601850097946,0.841975661295954,0.903,0.901,1,"GRCh38-FAM120A","FAM120A","4c"
0.00469798458977071,0.84181655304313,0.728,0.718,1,"GRCh38-REL","REL","4c"
2.49800747171634e-05,0.841589168087614,0.951,0.901,1,"GRCh38-ECPAS","ECPAS","4c"
0.0692499894805067,0.84152049999081,0.816,0.861,1,"GRCh38-MIR4713HG","MIR4713HG","4c"
1.95752595896072e-05,0.841456676020949,0.806,0.757,1,"GRCh38-SMAD1","SMAD1","4c"
1.83388341296804e-05,0.841098190770122,0.631,0.498,1,"GRCh38-HSPG2","HSPG2","4c"
9.14929406380971e-05,0.840673573513999,0.757,0.726,1,"GRCh38-MALT1","MALT1","4c"
4.05849204660316e-05,0.840617072393123,0.951,0.946,1,"GRCh38-SVIL","SVIL","4c"
0.0234650380014222,0.840357561652081,0.359,0.281,1,"GRCh38-MOB3B","MOB3B","4c"
5.11574438539397e-05,0.839976351844347,0.641,0.549,1,"GRCh38-RIPK1","RIPK1","4c"
0.000117326622778716,0.839403897822474,0.981,0.947,1,"GRCh38-BPTF","BPTF","4c"
0.0112653775967171,0.83938015839997,0.767,0.791,1,"GRCh38-SCAPER","SCAPER","4c"
9.75235279997009e-05,0.837889625595706,0.786,0.783,1,"GRCh38-ZFP36L2","ZFP36L2","4c"
1.93588310462345e-05,0.837539208548311,0.68,0.629,1,"GRCh38-RXRA","RXRA","4c"
0.0108853602487837,0.836360187712292,0.301,0.227,1,"GRCh38-ENSG00000239498","ENSG00000239498","4c"
1.61119008970789e-05,0.836146708295929,0.757,0.688,1,"GRCh38-TGFBR3","TGFBR3","4c"
5.19187623184371e-05,0.836051314983323,0.476,0.314,1,"GRCh38-SPRY4-AS1","SPRY4-AS1","4c"
0.000149176440876189,0.834850951540733,0.67,0.611,1,"GRCh38-LPCAT3","LPCAT3","4c"
0.601352847533435,0.834593786946293,0.165,0.161,1,"GRCh38-IQCN","IQCN","4c"
0.0388748748622978,0.834280392946325,0.621,0.606,1,"GRCh38-NR6A1","NR6A1","4c"
4.68005822450907e-05,0.834018184346798,0.68,0.565,1,"GRCh38-ATP6V0A1","ATP6V0A1","4c"
0.0129879371918302,0.833988721821475,0.544,0.538,1,"GRCh38-TAF4B","TAF4B","4c"
0.00366796277087697,0.831555967466454,0.417,0.298,1,"GRCh38-MGAT4C","MGAT4C","4c"
0.000397524036048737,0.831281390646188,0.68,0.62,1,"GRCh38-TIAM2","TIAM2","4c"
4.1242559097116e-05,0.830678010896559,0.67,0.571,1,"GRCh38-DZIP3","DZIP3","4c"
0.000489132610128949,0.830052737469402,0.388,0.261,1,"GRCh38-MAP7","MAP7","4c"
0.000216823423812655,0.82980235030394,0.68,0.647,1,"GRCh38-BLCAP","BLCAP","4c"
0.00105827848401105,0.829225855160813,0.893,0.874,1,"GRCh38-GSE1","GSE1","4c"
0.000130730074731797,0.828280931742085,0.913,0.887,1,"GRCh38-SUCLG2","SUCLG2","4c"
0.000983667419172931,0.827691943015948,0.796,0.784,1,"GRCh38-SKIL","SKIL","4c"
0.00361830976414152,0.827628514558379,0.621,0.607,1,"GRCh38-ADARB1","ADARB1","4c"
2.46304974069782e-05,0.827148247033952,0.748,0.699,1,"GRCh38-SENP7","SENP7","4c"
0.000458563410728443,0.826063639580369,0.68,0.664,1,"GRCh38-PSEN1","PSEN1","4c"
0.00379710607463158,0.825787747237915,0.825,0.859,1,"GRCh38-USP32","USP32","4c"
0.000162820021870408,0.825335526039702,0.932,0.93,1,"GRCh38-ANKIB1","ANKIB1","4c"
0.000340134387553479,0.823526916037378,0.874,0.856,1,"GRCh38-PCDH7","PCDH7","4c"
0.000223134243033618,-0.823016366567464,0.175,0.329,1,"GRCh38-GAGE12F","GAGE12F","4c"
0.000754681245705863,0.822433974553714,0.709,0.699,1,"GRCh38-SLX4IP","SLX4IP","4c"
0.00027807146047539,0.821290860117908,0.602,0.548,1,"GRCh38-ERN1","ERN1","4c"
0.280843213310804,-0.821065012720394,0.146,0.185,1,"GRCh38-CXCL10","CXCL10","4c"
0.000105397377912697,0.820386451265422,0.913,0.965,1,"GRCh38-TOP1","TOP1","4c"
0.000136296318193186,0.819642014568741,0.922,0.866,1,"GRCh38-AGO3","AGO3","4c"
0.00710970028746958,0.818730879237181,0.592,0.591,1,"GRCh38-C1orf21","C1orf21","4c"
0.000497106361468151,0.818519661709702,0.262,0.151,1,"GRCh38-LINC00598","LINC00598","4c"
0.0109794365918728,0.818186782678949,0.485,0.396,1,"GRCh38-TOB1","TOB1","4c"
0.000961736204534158,0.81798523363978,0.748,0.686,1,"GRCh38-LAMB3","LAMB3","4c"
2.67786338937082e-05,0.81781025477602,0.262,0.131,1,"GRCh38-HAS2","HAS2","4c"
3.55625682999453e-05,0.817006780556133,0.883,0.867,1,"GRCh38-CREBBP","CREBBP","4c"
5.27954804460945e-05,0.816778699572946,0.757,0.762,1,"GRCh38-CHD7","CHD7","4c"
0.0436651752471944,0.816594346293493,0.583,0.591,1,"GRCh38-SLC25A33","SLC25A33","4c"
0.000143903967831957,0.816076495537163,0.602,0.555,1,"GRCh38-SCAI","SCAI","4c"
0.000174938074340294,0.815867049902418,0.476,0.343,1,"GRCh38-TLR4","TLR4","4c"
0.00414492423734473,0.815311160627259,0.806,0.816,1,"GRCh38-NUBPL","NUBPL","4c"
0.0001844931988095,0.814171044915426,0.796,0.758,1,"GRCh38-UBE2Q2","UBE2Q2","4c"
6.51086199097695e-05,0.814123547272766,0.738,0.755,1,"GRCh38-AMD1","AMD1","4c"
0.0204727664667744,0.814079017464868,0.505,0.45,1,"GRCh38-FAM53C","FAM53C","4c"
0.00687208511176612,0.813223613237961,0.456,0.367,1,"GRCh38-PDE7B","PDE7B","4c"
0.389484561473819,0.813019060539837,0.689,0.731,1,"GRCh38-NARF","NARF","4c"
0.00912820377358567,0.81234268147278,0.825,0.88,1,"GRCh38-FAM172A","FAM172A","4c"
0.00467814086509784,0.81225239543653,0.777,0.826,1,"GRCh38-TRPM7","TRPM7","4c"
2.27142284320053e-05,0.812129349105528,0.767,0.762,1,"GRCh38-MAP2K4","MAP2K4","4c"
0.00025895165809134,0.811872134585383,0.777,0.751,1,"GRCh38-USP36","USP36","4c"
0.725624074727206,0.811607706335043,0.466,0.537,1,"GRCh38-ENSG00000226965","ENSG00000226965","4c"
0.0132897736178865,0.811104229305678,0.369,0.289,1,"GRCh38-ENSG00000289340","ENSG00000289340","4c"
0.00824935096402874,0.810925326868103,0.942,0.912,1,"GRCh38-LINC00511","LINC00511","4c"
0.000155367442622831,0.810843320179258,0.883,0.865,1,"GRCh38-PPP6R2","PPP6R2","4c"
0.00915642007383168,0.808829786556098,0.534,0.453,1,"GRCh38-ALPK2","ALPK2","4c"
0.033868873607661,0.808371051678736,0.602,0.588,1,"GRCh38-CBX4","CBX4","4c"
0.00129724067684469,0.808138377527068,0.806,0.868,1,"GRCh38-CHD6","CHD6","4c"
0.255042297525279,0.807767499749305,0.398,0.365,1,"GRCh38-NRCAM","NRCAM","4c"
0.00407021432635149,0.807546575849145,0.835,0.822,1,"GRCh38-TXLNG","TXLNG","4c"
1.41497336953497e-05,0.806819944761549,0.825,0.843,1,"GRCh38-SUPT6H","SUPT6H","4c"
0.00511521795531109,0.806576421934408,0.893,0.945,1,"GRCh38-ACBD6","ACBD6","4c"
0.0111611818655867,0.806089019077858,0.583,0.525,1,"GRCh38-ABR","ABR","4c"
6.51172562787583e-05,0.804107241327863,0.641,0.549,1,"GRCh38-SNX19","SNX19","4c"
0.000867783867298935,0.803683854001595,0.699,0.664,1,"GRCh38-ENSG00000262879","ENSG00000262879","4c"
2.01002626206443e-05,0.803037031485688,0.35,0.202,1,"GRCh38-ENSG00000258077","ENSG00000258077","4c"
1.80875470607514e-05,0.802821617387199,0.971,0.945,1,"GRCh38-VCP","VCP","4c"
5.8884381783683e-05,0.802194573549977,0.447,0.293,1,"GRCh38-LINC02328","LINC02328","4c"
0.374680157317287,0.801013504765304,0.67,0.848,1,"GRCh38-FOSB","FOSB","4c"
1.71164518906415e-05,0.800937139560144,0.68,0.589,1,"GRCh38-NECTIN3","NECTIN3","4c"
0.000478297394062854,0.800645228656572,0.757,0.731,1,"GRCh38-NETO2","NETO2","4c"
0.000581130402431482,0.800626735161226,0.563,0.532,1,"GRCh38-ENSG00000236212","ENSG00000236212","4c"
2.69537074129512e-05,0.800390516526025,0.893,0.912,1,"GRCh38-WTAP","WTAP","4c"
0.000570878836846474,0.797949606313869,0.379,0.254,1,"GRCh38-FSIP2","FSIP2","4c"
0.00849579738312586,0.797271993166977,0.757,0.735,1,"GRCh38-CTIF","CTIF","4c"
2.76356519274504e-05,0.795316650468308,0.65,0.587,1,"GRCh38-RCL1","RCL1","4c"
0.000101571212828254,0.794024683255083,0.893,0.946,1,"GRCh38-ACTN4","ACTN4","4c"
1.88072399365273e-05,0.79377901755915,0.466,0.307,1,"GRCh38-IGF2BP3","IGF2BP3","4c"
0.0080027316889421,0.793255299840394,0.816,0.886,1,"GRCh38-PPFIA1","PPFIA1","4c"
0.12412087072309,0.79297791131921,0.854,0.866,1,"GRCh38-DIAPH2","DIAPH2","4c"
0.00193445850868966,0.792784356606972,0.524,0.446,1,"GRCh38-NFKBIB","NFKBIB","4c"
2.30388388236683e-05,0.792771094746406,0.854,0.804,1,"GRCh38-RUFY3","RUFY3","4c"
1.56641419322688e-05,0.792606134584503,0.786,0.753,1,"GRCh38-TRIM24","TRIM24","4c"
0.0233335841779355,0.792384379210334,0.748,0.748,1,"GRCh38-MAPRE2","MAPRE2","4c"
0.000347521477927813,0.791938876321703,0.631,0.55,1,"GRCh38-TWSG1","TWSG1","4c"
0.000148704068141303,0.791310983397938,0.913,0.901,1,"GRCh38-SMARCA4","SMARCA4","4c"
0.00128126679459136,0.79112186547901,0.874,0.882,1,"GRCh38-STRN3","STRN3","4c"
9.91146812247055e-05,0.79105763400263,0.903,0.892,1,"GRCh38-CTNND1","CTNND1","4c"
0.000108765314969141,0.790372483240564,0.67,0.625,1,"GRCh38-ENOX2","ENOX2","4c"
0.00209544548937155,0.789771020959637,0.854,0.865,1,"GRCh38-PMM2","PMM2","4c"
0.0228004217426485,0.789504612869063,0.505,0.49,1,"GRCh38-FAM117B","FAM117B","4c"
0.00176120424422235,0.788919200281951,0.146,0.07,1,"GRCh38-PRX","PRX","4c"
1.62256072862222e-05,0.788477851651554,0.922,0.925,1,"GRCh38-PUM1","PUM1","4c"
0.262619628508146,0.788267810139635,0.68,0.723,1,"GRCh38-BCAR3","BCAR3","4c"
0.185662696008194,0.787603586321203,0.748,0.84,1,"GRCh38-EIF4A3","EIF4A3","4c"
0.00757164556486243,0.787384458954173,0.583,0.586,1,"GRCh38-GAB1","GAB1","4c"
0.100262505186791,0.786868523460404,0.951,0.944,1,"GRCh38-AKAP13","AKAP13","4c"
0.120098051422752,0.786044503849891,0.748,0.824,1,"GRCh38-PARD3B","PARD3B","4c"
3.769661675785e-05,0.785925868847668,0.718,0.585,1,"GRCh38-GYS1","GYS1","4c"
0.250904076725177,0.785429350859006,0.544,0.665,1,"GRCh38-OPHN1","OPHN1","4c"
5.33163874120331e-05,0.784464097379447,0.689,0.594,1,"GRCh38-CENATAC","CENATAC","4c"
4.80970754307746e-05,0.783222897871151,0.913,0.941,1,"GRCh38-SRSF4","SRSF4","4c"
0.00138946395367947,0.78315905826691,0.777,0.742,1,"GRCh38-IQCB1","IQCB1","4c"
0.000447574426831545,0.782418475496527,0.932,0.956,1,"GRCh38-ANKRD11","ANKRD11","4c"
0.531011877498145,0.782295197260943,0.437,0.441,1,"GRCh38-MIR99AHG","MIR99AHG","4c"
2.98835895074074e-05,0.782071233790387,0.825,0.741,1,"GRCh38-TMEM33","TMEM33","4c"
2.41807778491309e-05,0.781740798913721,0.854,0.783,1,"GRCh38-LRRC58","LRRC58","4c"
0.000431873772558521,0.781387634862581,0.893,0.898,1,"GRCh38-XRN1","XRN1","4c"
0.000112067254571119,0.78078738485709,0.825,0.727,1,"GRCh38-ATAD2B","ATAD2B","4c"
0.976541410660948,0.780333832578608,0.864,0.941,1,"GRCh38-ANXA1","ANXA1","4c"
0.0205302542362211,0.779515561430123,0.961,0.956,1,"GRCh38-RNF213","RNF213","4c"
0.00015271535823954,0.779488831819249,0.718,0.645,1,"GRCh38-RNF220","RNF220","4c"
0.00037410057270593,0.779299278840114,0.243,0.135,1,"GRCh38-GCH1","GCH1","4c"
0.642133591060125,0.778997958227534,0.33,0.396,1,"GRCh38-ENOX1","ENOX1","4c"
0.000143024038156827,0.778640823507606,0.311,0.182,1,"GRCh38-CHN2","CHN2","4c"
0.00513280844450285,0.778516819458266,0.922,0.918,1,"GRCh38-TTC17","TTC17","4c"
0.113017337285407,0.778479488484151,0.777,0.807,1,"GRCh38-SECISBP2","SECISBP2","4c"
9.19205184561157e-05,0.777938823440516,0.223,0.108,1,"GRCh38-TRIML2","TRIML2","4c"
0.102943198794453,0.777259492346715,0.864,0.888,1,"GRCh38-HDAC8","HDAC8","4c"
0.000504579695976064,0.776801856715414,0.641,0.568,1,"GRCh38-LPXN","LPXN","4c"
0.00482904296082025,0.775838482183645,0.602,0.641,1,"GRCh38-PARP9","PARP9","4c"
0.00147390465336542,0.775476559514652,0.922,0.952,1,"GRCh38-SUCLA2","SUCLA2","4c"
0.000166333950452871,0.774856323450863,0.816,0.768,1,"GRCh38-SPPL2A","SPPL2A","4c"
3.8529796372123e-05,0.77418158509711,0.864,0.87,1,"GRCh38-SRPRA","SRPRA","4c"
8.27909316872403e-05,0.774143538915666,0.544,0.41,1,"GRCh38-SCHIP1","SCHIP1","4c"
0.000327440209396677,0.773981547630896,0.767,0.746,1,"GRCh38-LINC00470","LINC00470","4c"
1.61006872432046e-05,0.77390523490717,0.65,0.532,1,"GRCh38-CAPRIN2","CAPRIN2","4c"
0.902247897128054,-0.773412756553852,0.291,0.297,1,"GRCh38-CCL5","CCL5","4c"
0.000116056324114937,0.773206118278555,0.893,0.862,1,"GRCh38-NUDT3","NUDT3","4c"
0.0116574044965216,0.773129835176311,0.65,0.649,1,"GRCh38-IER5","IER5","4c"
1.91270543524414e-05,0.77258773050412,0.786,0.72,1,"GRCh38-SLC20A2","SLC20A2","4c"
0.0149800637978182,0.772575804121666,0.718,0.669,1,"GRCh38-GLA","GLA","4c"
0.000932935355288794,0.772482696943947,0.932,0.955,1,"GRCh38-LRRFIP1","LRRFIP1","4c"
0.00442319757605753,0.772405563025236,0.786,0.796,1,"GRCh38-GNL3L","GNL3L","4c"
0.016196232531659,0.772168122737092,0.184,0.114,1,"GRCh38-LINC01705","LINC01705","4c"
5.14241823124247e-05,0.771854207244934,0.767,0.739,1,"GRCh38-MAP4K5","MAP4K5","4c"
0.000176061941004016,0.771828108045607,0.553,0.427,1,"GRCh38-EHD1","EHD1","4c"
0.0120590340585473,0.771744085265335,0.806,0.848,1,"GRCh38-CRADD","CRADD","4c"
0.000463572601792854,0.771116045938812,0.709,0.681,1,"GRCh38-SQLE","SQLE","4c"
2.23668913598931e-05,0.771108633754009,0.806,0.75,1,"GRCh38-ARHGAP10","ARHGAP10","4c"
0.00707110379950245,0.77107159526566,0.777,0.764,1,"GRCh38-ENSG00000277693","ENSG00000277693","4c"
0.00879034923334806,0.771033009042845,0.767,0.792,1,"GRCh38-DKK3","DKK3","4c"
0.000120913320989373,0.770611091573051,0.767,0.743,1,"GRCh38-IKBKB","IKBKB","4c"
1.89246661415844e-05,0.770380064932799,0.699,0.584,1,"GRCh38-PAG1","PAG1","4c"
0.000572926841353908,0.76900093576691,0.602,0.534,1,"GRCh38-CHKA","CHKA","4c"
0.00697157596747428,0.768367497463364,0.709,0.681,1,"GRCh38-NLRC5","NLRC5","4c"
0.00437631273759452,0.767855063527493,0.437,0.346,1,"GRCh38-BTG2","BTG2","4c"
0.00593937707070952,0.767088592129325,0.864,0.865,1,"GRCh38-CD55","CD55","4c"
0.00134127493737152,0.766861418919423,0.553,0.463,1,"GRCh38-CHSY3","CHSY3","4c"
0.321840065561106,0.766699322204938,0.748,0.738,1,"GRCh38-PATJ","PATJ","4c"
3.59361911715704e-05,0.766294549539876,0.612,0.529,1,"GRCh38-MPDU1","MPDU1","4c"
6.65136212947186e-05,0.766098398956501,0.748,0.683,1,"GRCh38-RPS6KB1","RPS6KB1","4c"
0.000642941397508351,0.765937812653673,0.835,0.82,1,"GRCh38-LINC01967","LINC01967","4c"
5.25590958528837e-05,0.765658555119499,0.612,0.506,1,"GRCh38-ADORA2B","ADORA2B","4c"
0.000262859417096691,0.764979925201664,0.971,0.946,1,"GRCh38-BIRC6","BIRC6","4c"
0.140083910892534,0.764970987716409,0.689,0.712,1,"GRCh38-BCL2L1","BCL2L1","4c"
0.00969825006643818,0.76463868775594,0.32,0.244,1,"GRCh38-C5AR1","C5AR1","4c"
0.000112163343885388,0.76406641166112,0.495,0.38,1,"GRCh38-IL15","IL15","4c"
3.99436948776976e-05,0.761256724674354,0.728,0.701,1,"GRCh38-THAP12","THAP12","4c"
0.019556249581773,0.760625757659536,0.845,0.885,1,"GRCh38-PUM3","PUM3","4c"
0.0037928463606123,0.760200520782938,0.874,0.874,1,"GRCh38-DNAH14","DNAH14","4c"
0.259965694358268,-0.759995352825118,0.262,0.304,1,"GRCh38-SERPINB3","SERPINB3","4c"
0.220998827686451,0.759380919581566,0.408,0.394,1,"GRCh38-USP2-AS1","USP2-AS1","4c"
0.000835117512794314,0.758146292499161,0.971,0.97,1,"GRCh38-RTN4","RTN4","4c"
6.28989786804817e-05,0.75795461566151,0.728,0.659,1,"GRCh38-SYMPK","SYMPK","4c"
0.0162322638067738,0.75736313583708,0.893,0.938,1,"GRCh38-MEF2A","MEF2A","4c"
0.000102346608128187,0.757127731269123,0.903,0.891,1,"GRCh38-SRPK1","SRPK1","4c"
1.39286458391536e-05,0.756386865208996,0.68,0.557,1,"GRCh38-ZNF562","ZNF562","4c"
0.00160485970103159,0.756350878891007,0.718,0.711,1,"GRCh38-ITGB5","ITGB5","4c"
2.8141693770198e-05,0.756334325854992,0.874,0.843,1,"GRCh38-MIB1","MIB1","4c"
0.0093735659092185,0.756274365607948,0.68,0.667,1,"GRCh38-UCK2","UCK2","4c"
0.0108795283575873,0.756236428004601,0.932,0.923,1,"GRCh38-RBM6","RBM6","4c"
0.00516533137606332,0.755581705253679,0.466,0.403,1,"GRCh38-PLK3","PLK3","4c"
0.00260599060334741,0.755446855413368,0.835,0.805,1,"GRCh38-RAP1GDS1","RAP1GDS1","4c"
4.59419389813356e-05,0.755394624853268,0.932,0.933,1,"GRCh38-GNGT1","GNGT1","4c"
0.000571279914334293,-0.754654490565977,0.029,0.15,1,"GRCh38-LINC01541","LINC01541","4c"
0.000231294159787654,0.754629770374855,0.864,0.862,1,"GRCh38-SLC25A24","SLC25A24","4c"
0.0445136642526287,0.754397449695684,0.602,0.592,1,"GRCh38-SEL1L3","SEL1L3","4c"
0.00526837534606228,0.753635639005961,0.796,0.87,1,"GRCh38-SLC30A9","SLC30A9","4c"
0.00111060633383073,0.753264151611782,0.65,0.581,1,"GRCh38-PPARG","PPARG","4c"
1.90745061620215e-05,-0.753125456506135,0.417,0.61,1,"GRCh38-DIO2","DIO2","4c"
0.000334906890926576,0.752744917823105,0.699,0.589,1,"GRCh38-SREBF1","SREBF1","4c"
0.144088872872906,0.752391595681994,0.447,0.41,1,"GRCh38-MMP16","MMP16","4c"
0.00476039068082087,0.752070527524923,0.767,0.77,1,"GRCh38-ZFYVE9","ZFYVE9","4c"
0.00178691313663761,0.751532031006073,0.718,0.755,1,"GRCh38-TJP1","TJP1","4c"
2.16141321022257e-05,0.7511839422013,0.786,0.687,1,"GRCh38-IDE","IDE","4c"
0.0026092800170647,0.750949333207839,0.786,0.785,1,"GRCh38-ENSG00000285280","ENSG00000285280","4c"
0.000304258337872001,0.750377814565635,0.748,0.684,1,"GRCh38-PIGL","PIGL","4c"
0.0154767502165818,0.750257208979114,0.883,0.876,1,"GRCh38-PHF21A","PHF21A","4c"
0.0125210687811391,0.749767597692035,0.738,0.746,1,"GRCh38-KCNMB2-AS1","KCNMB2-AS1","4c"
0.830102297966282,0.749494221024208,0.757,0.836,1,"GRCh38-MAGI1","MAGI1","4c"
1.97725264321698e-05,0.748541245413912,0.583,0.428,1,"GRCh38-CHIC1","CHIC1","4c"
0.0021366478340758,0.748258107778512,0.466,0.381,1,"GRCh38-GPR176","GPR176","4c"
0.000875947240494394,0.748219804595926,0.65,0.573,1,"GRCh38-PPP1R13B","PPP1R13B","4c"
3.74115046602718e-05,0.747498073862538,0.534,0.389,1,"GRCh38-CDKL5","CDKL5","4c"
0.00281045226734572,0.747029795683562,0.466,0.343,1,"GRCh38-CDH6","CDH6","4c"
0.0147529526865389,0.74581574608131,0.835,0.883,1,"GRCh38-WWC2","WWC2","4c"
6.56689970535937e-05,0.744897734572031,0.796,0.725,1,"GRCh38-SSBP3","SSBP3","4c"
0.00224606481296604,0.744839745186901,0.359,0.259,1,"GRCh38-CASC20","CASC20","4c"
0.0133828584969634,0.744029384503782,0.757,0.791,1,"GRCh38-LINC01748","LINC01748","4c"
0.00102283480134102,0.743399633479249,0.961,0.922,1,"GRCh38-GPATCH8","GPATCH8","4c"
0.00210801681072113,0.74329727901392,0.718,0.664,1,"GRCh38-CRTC3","CRTC3","4c"
6.38090695911525e-05,0.743207956595234,0.816,0.792,1,"GRCh38-EFR3A","EFR3A","4c"
0.0194375412911138,0.743131910015047,0.369,0.283,1,"GRCh38-ERRFI1-DT","ERRFI1-DT","4c"
0.000558893253987288,0.742693257429807,0.883,0.922,1,"GRCh38-ZNF148","ZNF148","4c"
8.94305963016339e-05,0.741473748229115,0.544,0.398,1,"GRCh38-PHF8","PHF8","4c"
0.000270026220143857,0.740866172170113,0.738,0.651,1,"GRCh38-PAM","PAM","4c"
0.052060394754118,0.740856183182064,0.874,0.909,1,"GRCh38-TIMP3","TIMP3","4c"
0.000138294892498785,0.740576824500142,0.796,0.816,1,"GRCh38-MBD2","MBD2","4c"
0.00048969234254134,0.740087368498384,0.913,0.936,1,"GRCh38-SRPK2","SRPK2","4c"
0.000138258581060129,0.739310688197132,0.767,0.761,1,"GRCh38-PI4KA","PI4KA","4c"
0.000809151474901797,-0.739138987332662,0.204,0.098,1,"GRCh38-CSF3","CSF3","4c"
0.000416341566783396,0.738893315895761,0.816,0.75,1,"GRCh38-APPBP2","APPBP2","4c"
5.43715123784684e-05,0.738325073165379,0.806,0.782,1,"GRCh38-NCOA2","NCOA2","4c"
0.01964744929459,0.738303775627199,0.553,0.529,1,"GRCh38-NIPAL2","NIPAL2","4c"
0.000293552765241155,0.738172637196269,0.913,0.891,1,"GRCh38-UBE2E3","UBE2E3","4c"
4.4512526990329e-05,0.737968425770118,0.971,0.974,1,"GRCh38-PRRC2C","PRRC2C","4c"
0.00312175729715918,0.737416276830143,0.786,0.806,1,"GRCh38-SREBF2","SREBF2","4c"
0.0237885805341921,0.737298472472868,0.65,0.604,1,"GRCh38-TMEM241","TMEM241","4c"
0.00145615996797331,0.736384638218936,0.728,0.737,1,"GRCh38-CD82","CD82","4c"
0.000387716887762704,0.7361330806091,0.204,0.1,1,"GRCh38-ENSG00000228714","ENSG00000228714","4c"
1.65704340307261e-05,0.735700676523781,0.612,0.486,1,"GRCh38-PRRG1","PRRG1","4c"
0.000600090610782986,0.735238803299057,0.748,0.688,1,"GRCh38-TBC1D32","TBC1D32","4c"
0.000408526809607065,0.735176298158047,0.767,0.717,1,"GRCh38-CLEC16A","CLEC16A","4c"
0.000343191248902549,0.734905038731969,0.777,0.786,1,"GRCh38-GNAQ","GNAQ","4c"
0.000433154299990536,0.734693097148694,0.515,0.373,1,"GRCh38-GALNT14","GALNT14","4c"
2.82067245758589e-05,0.734395011189516,0.777,0.708,1,"GRCh38-SCML1","SCML1","4c"
0.00316212017756444,0.73317666294349,0.757,0.712,1,"GRCh38-NEK6","NEK6","4c"
0.0548577297521247,0.732830389730027,0.777,0.802,1,"GRCh38-H1-0","H1-0","4c"
0.000112854690933203,0.731659086727757,0.942,0.889,1,"GRCh38-ATXN2","ATXN2","4c"
2.64088383322722e-05,0.731211355419673,0.631,0.524,1,"GRCh38-EMC1","EMC1","4c"
4.33034427101142e-05,0.730959748109826,0.883,0.828,1,"GRCh38-ZNF721","ZNF721","4c"
0.000100391056291255,0.730528053453577,0.816,0.818,1,"GRCh38-BCAP29","BCAP29","4c"
8.91960111363159e-05,0.730372461064486,0.621,0.515,1,"GRCh38-ZNF124","ZNF124","4c"
0.0292754239709431,0.73033601168475,0.408,0.351,1,"GRCh38-PLD1","PLD1","4c"
2.4689417078539e-05,0.729913428951955,0.786,0.737,1,"GRCh38-REV1","REV1","4c"
3.62189019791858e-05,0.729901311246541,0.922,0.945,1,"GRCh38-RAB10","RAB10","4c"
0.00884358247180491,0.72989181408592,0.66,0.61,1,"GRCh38-ENSG00000286385","ENSG00000286385","4c"
0.0018176973833181,0.729423995171882,0.922,0.963,1,"GRCh38-UBE2D3","UBE2D3","4c"
0.00571975448033419,0.729361517121987,0.913,0.913,1,"GRCh38-HERC4","HERC4","4c"
2.3464044357045e-05,0.729264841377426,0.524,0.386,1,"GRCh38-GNG12-AS1","GNG12-AS1","4c"
4.41970578127656e-05,0.729090049826082,0.825,0.817,1,"GRCh38-GAPVD1","GAPVD1","4c"
0.0187963755044681,0.728653324485541,0.67,0.63,1,"GRCh38-RAD9A","RAD9A","4c"
9.76941552676031e-05,0.728345365131697,0.883,0.885,1,"GRCh38-SEPTIN11","SEPTIN11","4c"
9.53323139552268e-05,0.728301848319934,0.68,0.577,1,"GRCh38-STRADA","STRADA","4c"
2.38522975501311e-05,0.727883763956783,0.806,0.779,1,"GRCh38-BTBD7","BTBD7","4c"
2.56201325200073e-05,0.727849119588519,0.864,0.852,1,"GRCh38-UBR2","UBR2","4c"
0.00479747709303366,0.727172672093429,0.146,0.077,1,"GRCh38-ENSG00000287124","ENSG00000287124","4c"
0.00266009671598762,0.726858573183321,0.893,0.89,1,"GRCh38-CUL5","CUL5","4c"
0.000391272846136235,0.726802024999954,0.728,0.683,1,"GRCh38-PRAG1","PRAG1","4c"
0.00138288010988967,0.72662081387039,0.825,0.916,1,"GRCh38-NORAD","NORAD","4c"
0.000192063895072895,0.726168087401341,0.602,0.503,1,"GRCh38-BICD2","BICD2","4c"
6.78044625954602e-05,0.726134566453436,0.942,0.946,1,"GRCh38-SYNCRIP","SYNCRIP","4c"
0.00324437186005088,0.725779623639514,0.252,0.156,1,"GRCh38-STPG2","STPG2","4c"
0.0010520469486787,0.725307669697275,0.592,0.518,1,"GRCh38-PCSK6","PCSK6","4c"
0.000101171984450325,0.725217789496183,0.922,0.945,1,"GRCh38-BRD9","BRD9","4c"
0.00185624593081984,0.725036102144913,0.738,0.699,1,"GRCh38-TET3","TET3","4c"
0.000640320161473274,0.724897593526785,0.272,0.169,1,"GRCh38-PPARGC1B","PPARGC1B","4c"
9.41856096593941e-05,0.724653139342685,0.777,0.725,1,"GRCh38-KDM5C","KDM5C","4c"
2.25305318224355e-05,0.724265042403273,0.786,0.761,1,"GRCh38-CSTF3","CSTF3","4c"
8.35924060134257e-05,0.724037066785183,0.767,0.692,1,"GRCh38-AKAP10","AKAP10","4c"
0.0221706148334349,0.723988492743783,0.534,0.509,1,"GRCh38-PALS2","PALS2","4c"
0.0139481720507166,0.72331380401207,0.845,0.846,1,"GRCh38-PRKAR2A","PRKAR2A","4c"
2.99099820288381e-05,0.723273213906564,0.903,0.921,1,"GRCh38-SMCHD1","SMCHD1","4c"
0.111578905137353,0.722573996369507,0.35,0.312,1,"GRCh38-CCN2","CCN2","4c"
2.60699668427718e-05,0.722295126889788,0.796,0.699,1,"GRCh38-ALG8","ALG8","4c"
0.000324613658180833,0.721817259019249,0.67,0.585,1,"GRCh38-MBOAT2","MBOAT2","4c"
0.00052670827547073,0.720600456732462,0.602,0.528,1,"GRCh38-SOCS6","SOCS6","4c"
8.08977596071296e-05,0.72023800906783,0.718,0.575,1,"GRCh38-BRWD3","BRWD3","4c"
0.00309323483713458,0.71934230779569,0.67,0.532,1,"GRCh38-LRP1B","LRP1B","4c"
0.000301155432237501,0.719335361422429,0.864,0.844,1,"GRCh38-ABI2","ABI2","4c"
2.78806434183606e-05,0.718441056477657,0.534,0.394,1,"GRCh38-BDKRB2","BDKRB2","4c"
0.00202439714389134,0.718009564014177,0.67,0.65,1,"GRCh38-CNTLN","CNTLN","4c"
1.48893828422317e-05,0.71798284356323,0.903,0.882,1,"GRCh38-MAD1L1","MAD1L1","4c"
0.00100584940310839,0.717914449177987,0.728,0.699,1,"GRCh38-VPS8","VPS8","4c"
0.0050404102390706,0.717869766289688,0.592,0.554,1,"GRCh38-PC","PC","4c"
0.00909945699288306,0.71759457910095,0.427,0.336,1,"GRCh38-NR4A2","NR4A2","4c"
0.00032983435774133,0.717548878932041,0.854,0.878,1,"GRCh38-ZZZ3","ZZZ3","4c"
0.000730661918855651,0.717097764305591,0.534,0.434,1,"GRCh38-TPK1","TPK1","4c"
0.000351094654686149,0.716299128656277,0.796,0.835,1,"GRCh38-ZMIZ1","ZMIZ1","4c"
2.26356637544047e-05,0.716241374589421,0.816,0.759,1,"GRCh38-CABIN1","CABIN1","4c"
0.952801562604599,0.716044901608239,0.612,0.728,1,"GRCh38-TIPARP","TIPARP","4c"
1.60182511178984e-05,0.715680220805762,0.893,0.889,1,"GRCh38-CCAR1","CCAR1","4c"
0.0012470444171496,0.715530487505562,0.796,0.812,1,"GRCh38-NOL10","NOL10","4c"
0.0010021486159071,0.715520459411876,0.68,0.601,1,"GRCh38-MYO1D","MYO1D","4c"
0.000294496549861814,0.715425129148907,0.951,0.95,1,"GRCh38-UBE2K","UBE2K","4c"
0.000740864199307027,0.715062019773623,0.631,0.592,1,"GRCh38-POLR1A","POLR1A","4c"
0.00059064092645662,0.714872293182004,0.767,0.797,1,"GRCh38-KATNAL1","KATNAL1","4c"
0.000243669195871018,0.714056803763343,0.748,0.721,1,"GRCh38-VPS35L","VPS35L","4c"
0.013752793387299,0.713782230790521,0.893,0.933,1,"GRCh38-PTPRA","PTPRA","4c"
0.0209271749237041,0.712918053855725,0.631,0.583,1,"GRCh38-PHLDA1","PHLDA1","4c"
0.00363080503570705,0.712720833250659,0.874,0.934,1,"GRCh38-YME1L1","YME1L1","4c"
0.125093533302202,0.712676119711137,0.767,0.885,1,"GRCh38-BABAM2","BABAM2","4c"
9.5250463714817e-05,0.7122798911118,0.864,0.82,1,"GRCh38-PDLIM5","PDLIM5","4c"
0.00436373610473705,0.71225603678388,0.408,0.304,1,"GRCh38-HULC","HULC","4c"
9.02457026300917e-05,0.712177365173136,0.641,0.51,1,"GRCh38-PHKA2","PHKA2","4c"
0.00247788989275579,0.710876584967797,0.612,0.568,1,"GRCh38-VARS1","VARS1","4c"
0.817868194246952,0.710830479435324,0.68,0.749,1,"GRCh38-MLF1","MLF1","4c"
6.75627075493432e-05,0.709615922459464,0.932,0.94,1,"GRCh38-RICTOR","RICTOR","4c"
0.000293549835262813,0.709550008460868,0.67,0.61,1,"GRCh38-PEX3","PEX3","4c"
0.00672368356788858,0.709494758270038,0.767,0.73,1,"GRCh38-SLC38A9","SLC38A9","4c"
0.00411715275113386,0.709396838853738,0.903,0.917,1,"GRCh38-CUX1","CUX1","4c"
7.49819761775672e-05,0.709387645389253,0.573,0.477,1,"GRCh38-EVA1A","EVA1A","4c"
0.000762419334141084,0.70918679287196,0.155,0.072,1,"GRCh38-PLIN5","PLIN5","4c"
5.56368727303577e-05,0.708825251917867,0.641,0.503,1,"GRCh38-SLC39A14","SLC39A14","4c"
0.00722653600152953,0.708617439234614,0.728,0.774,1,"GRCh38-MRC2","MRC2","4c"
0.00103325600059886,0.70846923012837,0.437,0.334,1,"GRCh38-IL7R","IL7R","4c"
3.05783722208498e-05,0.708345991607648,0.699,0.59,1,"GRCh38-XPO5","XPO5","4c"
0.00015718431994911,0.708180710149746,0.845,0.862,1,"GRCh38-GRB2","GRB2","4c"
3.23275776503944e-05,0.70807636534258,0.738,0.643,1,"GRCh38-WIPF2","WIPF2","4c"
0.015360818051843,0.707369603238051,0.32,0.238,1,"GRCh38-LIFR-AS1","LIFR-AS1","4c"
0.000582063097079634,0.706829874212833,0.738,0.685,1,"GRCh38-H1-3","H1-3","4c"
2.67330044628452e-05,0.706776773038523,0.592,0.423,1,"GRCh38-ENSG00000250049","ENSG00000250049","4c"
0.0724888523727011,0.706596540938674,0.806,0.867,1,"GRCh38-ALOX12-AS1","ALOX12-AS1","4c"
8.630387687802e-05,0.706043787100399,0.767,0.719,1,"GRCh38-CLASRP","CLASRP","4c"
0.0171929877368847,0.705952995057565,0.573,0.556,1,"GRCh38-PRKX","PRKX","4c"
0.00110184020358053,0.705685614938028,0.922,0.905,1,"GRCh38-LONP2","LONP2","4c"
0.351037571897363,0.705591654490869,0.854,0.907,1,"GRCh38-SERPINE1","SERPINE1","4c"
3.00003269596326e-05,0.704856047426159,0.777,0.725,1,"GRCh38-PPP2CB","PPP2CB","4c"
5.45874666909184e-05,0.70399603661824,0.728,0.621,1,"GRCh38-AZIN1","AZIN1","4c"
0.000868623179837829,0.703772801592063,0.786,0.74,1,"GRCh38-PIK3CA","PIK3CA","4c"
0.00283297398560025,0.703699276163857,0.757,0.733,1,"GRCh38-EPSTI1","EPSTI1","4c"
0.000268258628277635,0.703680195243376,0.699,0.691,1,"GRCh38-PDGFA","PDGFA","4c"
0.00227159657082608,0.703316076677711,0.748,0.738,1,"GRCh38-DGLUCY","DGLUCY","4c"
0.00017628848208166,0.70311163323064,0.893,0.871,1,"GRCh38-TLK1","TLK1","4c"
0.000126534406457665,0.702814125087629,0.738,0.65,1,"GRCh38-SLC39A9","SLC39A9","4c"
0.000746087462754482,0.702535565027705,0.883,0.878,1,"GRCh38-ARFGEF1","ARFGEF1","4c"
0.0537698861747109,0.702515375154615,0.291,0.228,1,"GRCh38-STAT4","STAT4","4c"
0.0326209047895521,0.702427367727973,0.757,0.788,1,"GRCh38-RSU1","RSU1","4c"
0.0608285614442825,0.701903280968602,0.777,0.848,1,"GRCh38-ETS1","ETS1","4c"
0.427698140014623,0.701754603992242,0.913,0.943,1,"GRCh38-EDIL3","EDIL3","4c"
1.62434621771407e-05,0.701443001913865,0.796,0.762,1,"GRCh38-UBE4A","UBE4A","4c"
0.0129129757086321,0.701106881731344,0.573,0.565,1,"GRCh38-EPB41L5","EPB41L5","4c"
0.0379695050722335,0.700609382312521,0.767,0.788,1,"GRCh38-ZHX3","ZHX3","4c"
0.00170560936125292,0.70046977393377,0.971,0.946,1,"GRCh38-REV3L","REV3L","4c"
0.000664791792484346,0.700369927121846,0.728,0.65,1,"GRCh38-PTPN9","PTPN9","4c"
0.181580318884345,0.699842821826489,0.883,0.911,1,"GRCh38-MAML3","MAML3","4c"
6.24953516423257e-05,0.699713056768775,0.709,0.648,1,"GRCh38-STK38","STK38","4c"
0.001245363271686,0.699495691105163,0.524,0.394,1,"GRCh38-ENSG00000254186","ENSG00000254186","4c"
0.203009517482015,0.699190682437621,0.388,0.363,1,"GRCh38-MAP3K8","MAP3K8","4c"
0.00841415336377055,0.69865806721091,0.806,0.814,1,"GRCh38-KPNA6","KPNA6","4c"
3.98192685409235e-05,0.698632234245741,0.68,0.599,1,"GRCh38-TP53BP2","TP53BP2","4c"
0.0346500587229999,0.6980347065508,0.583,0.545,1,"GRCh38-RIPK2","RIPK2","4c"
0.0923325209005362,0.697861166295819,0.689,0.662,1,"GRCh38-ADCY9","ADCY9","4c"
1.95337463311968e-05,0.696328100393731,0.786,0.787,1,"GRCh38-TXLNA","TXLNA","4c"
0.100861097623885,0.695819755206757,0.621,0.543,1,"GRCh38-SPATA13","SPATA13","4c"
0.0184918897397493,0.69471270020496,0.893,0.904,1,"GRCh38-ARHGAP18","ARHGAP18","4c"
0.191086473029685,0.694449480979479,0.893,0.935,1,"GRCh38-PARD3","PARD3","4c"
0.00885997692792458,0.694297359300305,0.243,0.166,1,"GRCh38-CHODL","CHODL","4c"
5.95976059622822e-05,0.694229451354843,0.612,0.498,1,"GRCh38-ENSG00000291228","ENSG00000291228","4c"
0.000128666331082284,0.694156119133674,0.806,0.764,1,"GRCh38-SRFBP1","SRFBP1","4c"
2.41205948223699e-05,0.693420163225675,0.34,0.189,1,"GRCh38-TLE4","TLE4","4c"
3.08095572468929e-05,0.693349785995872,0.777,0.696,1,"GRCh38-HSD17B4","HSD17B4","4c"
0.00220958191906576,0.692966543074252,0.864,0.871,1,"GRCh38-MAN1A2","MAN1A2","4c"
0.17308927889825,0.692699058249741,0.738,0.817,1,"GRCh38-PTPRE","PTPRE","4c"
0.00199564394402597,0.692303218659052,0.544,0.446,1,"GRCh38-NEK11","NEK11","4c"
0.00437024447092349,0.691600999437186,0.786,0.808,1,"GRCh38-NFX1","NFX1","4c"
0.000447215514342943,0.691382610452503,0.825,0.834,1,"GRCh38-ENSG00000290928","ENSG00000290928","4c"
2.09020651770178e-05,0.691116503810376,0.592,0.472,1,"GRCh38-CANT1","CANT1","4c"
3.06277689131186e-05,0.691019989083361,0.437,0.299,1,"GRCh38-QSOX2","QSOX2","4c"
0.0101879188816183,0.690538130650482,0.485,0.388,1,"GRCh38-H2AC6","H2AC6","4c"
0.00128682177025819,0.690269048083818,0.204,0.109,1,"GRCh38-ENSG00000286861","ENSG00000286861","4c"
8.82538908675153e-05,0.689869083649676,0.417,0.282,1,"GRCh38-STX1A","STX1A","4c"
1.79069351779437e-05,0.689546535159243,0.709,0.634,1,"GRCh38-SERTAD2","SERTAD2","4c"
0.0275995799061514,0.689508653931806,0.553,0.513,1,"GRCh38-ENSG00000236449","ENSG00000236449","4c"
5.26489278039733e-05,0.689413154100304,0.563,0.418,1,"GRCh38-SPINDOC","SPINDOC","4c"
0.116257360136865,0.689354518086161,0.883,0.94,1,"GRCh38-SSBP2","SSBP2","4c"
0.00272943966235203,0.689034978838194,0.874,0.888,1,"GRCh38-PSMD12","PSMD12","4c"
0.0112309730619016,0.688808346132754,0.631,0.625,1,"GRCh38-TRAPPC8","TRAPPC8","4c"
0.0220051784235577,0.688295085773289,0.806,0.803,1,"GRCh38-NXN","NXN","4c"
0.000176647563006146,0.688229922106819,0.951,0.982,1,"GRCh38-HIF1A","HIF1A","4c"
0.00160922594029752,0.68818172319144,0.932,0.936,1,"GRCh38-MAP3K20","MAP3K20","4c"
0.000131841698149263,0.687975054775093,0.825,0.762,1,"GRCh38-OGT","OGT","4c"
0.000108811243473461,0.687882466289876,0.612,0.491,1,"GRCh38-GEMIN5","GEMIN5","4c"
0.000715298942012793,0.687875313627582,0.592,0.505,1,"GRCh38-AGAP3","AGAP3","4c"
3.22477256340842e-05,0.687827525950109,0.631,0.515,1,"GRCh38-NXPE3","NXPE3","4c"
0.000272703598811167,0.687197712170215,0.883,0.905,1,"GRCh38-RIOK3","RIOK3","4c"
0.734094440409984,0.687088744411482,0.641,0.709,1,"GRCh38-APCDD1L-DT","APCDD1L-DT","4c"
0.0512070355380583,0.686944465957669,0.515,0.475,1,"GRCh38-CUBN","CUBN","4c"
3.09690278610848e-05,0.686723667981122,0.777,0.705,1,"GRCh38-PDHX","PDHX","4c"
2.93309116559695e-05,0.68656314005174,0.854,0.757,1,"GRCh38-VPS54","VPS54","4c"
0.0555886983270849,0.686415462063287,0.553,0.537,1,"GRCh38-PBX1","PBX1","4c"
0.000260168072039432,0.685846003225252,0.301,0.183,1,"GRCh38-ARMCX4","ARMCX4","4c"
4.24927325146338e-05,0.685312293794434,0.728,0.634,1,"GRCh38-DHX57","DHX57","4c"
0.00152685652557469,0.684884830370015,0.65,0.577,1,"GRCh38-BCLAF3","BCLAF3","4c"
0.0230777295700246,0.684879568028805,0.641,0.639,1,"GRCh38-NELFB","NELFB","4c"
0.0387560306275195,0.684242282852661,0.874,0.925,1,"GRCh38-CDCP1","CDCP1","4c"
0.000160119807549685,0.684202631217169,0.903,0.878,1,"GRCh38-RBBP6","RBBP6","4c"
0.000522850022724526,0.684006776879867,0.66,0.643,1,"GRCh38-ASCC2","ASCC2","4c"
0.115541273042104,0.683993747655086,0.427,0.382,1,"GRCh38-PAQR5","PAQR5","4c"
0.0168628452340621,0.68315453507551,0.68,0.653,1,"GRCh38-TSEN2","TSEN2","4c"
0.94402949894751,0.682732280857402,0.796,0.846,1,"GRCh38-DOCK5","DOCK5","4c"
0.000285720827649904,0.682694595256796,0.786,0.758,1,"GRCh38-MACO1","MACO1","4c"
1.43541047064006e-05,0.682679200414787,0.34,0.183,1,"GRCh38-ADGRG6","ADGRG6","4c"
0.000174137978485894,0.682500331830267,0.786,0.786,1,"GRCh38-LRP11","LRP11","4c"
0.0127467915490741,0.681566386254599,0.777,0.771,1,"GRCh38-DNAJC1","DNAJC1","4c"
9.75067216840666e-05,0.681343137746121,0.816,0.785,1,"GRCh38-ARIH2","ARIH2","4c"
0.00495887181210098,0.68132509557678,0.816,0.826,1,"GRCh38-STK4","STK4","4c"
4.80192461909541e-05,-0.680601178076638,0.117,0.296,1,"GRCh38-IGFL2-AS1","IGFL2-AS1","4c"
0.000329941343422464,0.680304693407942,0.825,0.786,1,"GRCh38-GNL2","GNL2","4c"
0.000806521081643744,0.68026513042884,0.796,0.767,1,"GRCh38-COLGALT1","COLGALT1","4c"
0.00184422304463081,0.680064848804458,0.67,0.592,1,"GRCh38-CXADR","CXADR","4c"
0.00176858340675989,0.680054520638392,0.379,0.262,1,"GRCh38-ZNF433-AS1","ZNF433-AS1","4c"
0.0100758683658404,0.679455236353825,0.786,0.801,1,"GRCh38-AP3S1","AP3S1","4c"
0.000200778680727282,0.679200981172059,0.767,0.737,1,"GRCh38-DCAF5","DCAF5","4c"
9.88131383531836e-05,0.679117632694654,0.845,0.875,1,"GRCh38-HSPA4","HSPA4","4c"
4.3788758879229e-05,0.678884188967961,0.806,0.759,1,"GRCh38-PRRC2A","PRRC2A","4c"
4.4728371960693e-05,0.678756761707284,0.864,0.856,1,"GRCh38-PPP2R5C","PPP2R5C","4c"
9.62256428239881e-05,0.678610803149242,0.466,0.324,1,"GRCh38-PLCL2","PLCL2","4c"
2.38217768046193e-05,0.678516417380011,0.835,0.839,1,"GRCh38-PAXBP1","PAXBP1","4c"
0.000167955425354525,0.677950943738189,0.718,0.632,1,"GRCh38-AMMECR1","AMMECR1","4c"
0.00355932574654469,0.677633906626725,0.573,0.837,1,"GRCh38-KCNMA1","KCNMA1","4c"
8.72238693051357e-05,0.677327109157229,0.767,0.67,1,"GRCh38-METTL8","METTL8","4c"
0.00186383326241314,0.677109737581935,0.252,0.149,1,"GRCh38-DSTNP2","DSTNP2","4c"
0.000664328513714522,-0.676782590754935,0.641,0.755,1,"GRCh38-CP","CP","4c"
0.000138297300573485,0.676526617495519,0.68,0.512,1,"GRCh38-ENSG00000234147","ENSG00000234147","4c"
0.000461748377838699,0.676384903287437,0.67,0.635,1,"GRCh38-BCKDHB","BCKDHB","4c"
0.000635059198648222,0.676233397697127,0.786,0.756,1,"GRCh38-TNRC6C","TNRC6C","4c"
0.022601944937508,0.67608179532584,0.825,0.853,1,"GRCh38-ZNF609","ZNF609","4c"
8.18728184238821e-05,0.676034407834995,0.786,0.741,1,"GRCh38-PIAS2","PIAS2","4c"
8.58845920160518e-05,0.675701924246633,0.893,0.875,1,"GRCh38-LSM14A","LSM14A","4c"
0.00517272839818293,0.675638802440022,0.874,0.938,1,"GRCh38-BOD1L1","BOD1L1","4c"
0.00122678327707877,0.675404251406985,0.816,0.775,1,"GRCh38-RPS6KA3","RPS6KA3","4c"
0.000333084806611129,0.675248912813381,0.748,0.657,1,"GRCh38-CEP89","CEP89","4c"
0.00114605093457113,0.675227403855459,0.388,0.281,1,"GRCh38-CAMK4","CAMK4","4c"
1.56917888450874e-05,0.674963287262287,0.806,0.773,1,"GRCh38-TUT7","TUT7","4c"
0.0206829247415617,0.674908868288563,0.825,0.881,1,"GRCh38-TGFB1","TGFB1","4c"
0.463993026031594,0.674894953659143,0.583,0.646,1,"GRCh38-NEU1","NEU1","4c"
0.0203220976741889,0.674357058409267,0.786,0.803,1,"GRCh38-ADGRE5","ADGRE5","4c"
0.13402774435697,0.67419310431775,0.864,0.945,1,"GRCh38-SMYD3","SMYD3","4c"
2.10493139568546e-05,0.674131991952801,0.748,0.646,1,"GRCh38-KDM4A","KDM4A","4c"
1.94887258592465e-05,0.673790481080895,0.699,0.602,1,"GRCh38-KIAA0753","KIAA0753","4c"
0.000137014976219815,0.673540993680649,0.534,0.394,1,"GRCh38-STS","STS","4c"
3.95216045018617e-05,0.673345528608216,0.854,0.835,1,"GRCh38-RIN2","RIN2","4c"
0.000935880494851835,0.673248392320403,0.505,0.371,1,"GRCh38-RRAGC-DT","RRAGC-DT","4c"
0.180810529500931,0.672853084618152,0.932,0.941,1,"GRCh38-RBMS3","RBMS3","4c"
5.94970088876918e-05,0.67278822874655,0.709,0.631,1,"GRCh38-CDR2","CDR2","4c"
0.002661265179519,0.672000812953082,0.854,0.858,1,"GRCh38-HERC2","HERC2","4c"
0.000159546631269593,0.671829769135097,0.767,0.693,1,"GRCh38-ZMYM1","ZMYM1","4c"
0.206109503847389,0.671667447228711,0.767,0.801,1,"GRCh38-LINC02994","LINC02994","4c"
3.19636652811995e-05,0.670940458154306,0.728,0.7,1,"GRCh38-CCM2","CCM2","4c"
0.000186133143825892,0.670825520776561,0.544,0.45,1,"GRCh38-CPS1","CPS1","4c"
0.000153424511948619,0.669911413653536,0.544,0.434,1,"GRCh38-TTI1","TTI1","4c"
6.20449404368914e-05,0.669380300368621,0.903,0.924,1,"GRCh38-BRD4","BRD4","4c"
0.000387908710394914,0.669145983247772,0.563,0.454,1,"GRCh38-EFNB1","EFNB1","4c"
0.00063632049806952,0.668966273686914,0.65,0.605,1,"GRCh38-EFHC1","EFHC1","4c"
0.00253662477562082,0.668444926775073,0.621,0.552,1,"GRCh38-LETM1","LETM1","4c"
0.114791368945748,0.668155003388546,0.631,0.645,1,"GRCh38-SERGEF","SERGEF","4c"
6.89878596154228e-05,0.667614994969022,0.544,0.406,1,"GRCh38-XNDC1N","XNDC1N","4c"
3.45072682328536e-05,0.667559227909478,0.874,0.798,1,"GRCh38-CEP95","CEP95","4c"
0.000230290674092276,0.667371643385126,0.777,0.703,1,"GRCh38-ENSG00000290833","ENSG00000290833","4c"
0.00762897315303524,0.667117279691721,0.825,0.887,1,"GRCh38-UBA2","UBA2","4c"
0.00154784971469957,0.666970131013712,0.233,0.13,1,"GRCh38-UNC5C","UNC5C","4c"
0.00122146595150048,0.666572548107301,0.825,0.868,1,"GRCh38-SFXN1","SFXN1","4c"
2.11064189359682e-05,0.666281143958904,0.592,0.442,1,"GRCh38-MYO5A","MYO5A","4c"
0.000571385939990467,0.666117220217262,0.816,0.767,1,"GRCh38-DENND4A","DENND4A","4c"
0.000592557951859496,0.665991769344405,0.854,0.87,1,"GRCh38-PDCD6IP","PDCD6IP","4c"
0.000127931004298488,0.665450620821448,0.777,0.734,1,"GRCh38-SYNRG","SYNRG","4c"
0.0150669369311621,0.665215072963141,0.398,0.332,1,"GRCh38-MFHAS1","MFHAS1","4c"
0.00021098882056838,0.6651919499195,0.447,0.309,1,"GRCh38-ENSG00000286850","ENSG00000286850","4c"
1.53295669402744e-05,0.664840651665731,0.175,0.069,1,"GRCh38-THBS2","THBS2","4c"
0.000204141877439505,0.664767542737198,0.66,0.573,1,"GRCh38-EHD4","EHD4","4c"
0.417639733012749,0.664058445906581,0.806,0.83,1,"GRCh38-THBS1","THBS1","4c"
7.64003450318835e-05,0.663782147406915,0.913,0.945,1,"GRCh38-ZNF638","ZNF638","4c"
5.85335644067324e-05,0.663577808983866,0.767,0.757,1,"GRCh38-FAM210A","FAM210A","4c"
0.00157089647586297,0.663536574197594,0.563,0.461,1,"GRCh38-SAMD9L","SAMD9L","4c"
1.5995138711952e-05,0.663455693272009,0.573,0.452,1,"GRCh38-SOCS7","SOCS7","4c"
0.542220392923861,0.663451964152874,0.437,0.476,1,"GRCh38-ENSG00000290854","ENSG00000290854","4c"
0.000874194234238169,0.663237616502761,0.718,0.702,1,"GRCh38-ZNF75A","ZNF75A","4c"
0.0184313886366533,0.663171966405829,0.524,0.451,1,"GRCh38-MYLK","MYLK","4c"
0.00396425427994337,0.662698865811362,0.165,0.087,1,"GRCh38-KCTD16","KCTD16","4c"
0.0306865289387405,0.662206917321442,0.835,0.878,1,"GRCh38-LINC01876","LINC01876","4c"
1.39023989796986e-05,0.661889693140408,0.718,0.609,1,"GRCh38-RNF138","RNF138","4c"
0.000254003202312292,0.661759704007911,0.631,0.541,1,"GRCh38-ANKRD36B","ANKRD36B","4c"
0.0030318157797169,0.661375008432703,0.544,0.489,1,"GRCh38-GCLC","GCLC","4c"
0.000318554029677072,0.661185185878227,0.825,0.802,1,"GRCh38-SHOC2","SHOC2","4c"
1.90753218728289e-05,0.661154305467053,0.689,0.624,1,"GRCh38-UTP4","UTP4","4c"
0.0006313888019581,0.661043754881963,0.786,0.734,1,"GRCh38-RIC1","RIC1","4c"
0.0170020927853344,0.660941180841962,0.835,0.886,1,"GRCh38-ATM","ATM","4c"
0.000947244424720689,0.660819667355715,0.748,0.672,1,"GRCh38-MEIS2","MEIS2","4c"
9.01372739104944e-05,0.660616267417424,0.544,0.413,1,"GRCh38-POU6F2","POU6F2","4c"
2.68043650106808e-05,0.660038794542047,0.699,0.61,1,"GRCh38-EPS15L1","EPS15L1","4c"
0.00215962297834696,0.660038794542047,0.932,0.948,1,"GRCh38-PHF14","PHF14","4c"
1.4961537829713e-05,0.659901334574715,0.845,0.774,1,"GRCh38-OSBP","OSBP","4c"
4.15548954148726e-05,0.659798272869055,0.777,0.664,1,"GRCh38-LRP6","LRP6","4c"
0.000193401749346709,0.659714763062521,0.709,0.623,1,"GRCh38-N4BP2","N4BP2","4c"
4.59368237222837e-05,0.659661882817825,0.476,0.336,1,"GRCh38-ENSG00000286863","ENSG00000286863","4c"
1.5788588821416e-05,0.659017413768636,0.718,0.659,1,"GRCh38-STARD7","STARD7","4c"
7.48183866963556e-05,0.658786090835134,0.728,0.604,1,"GRCh38-TBC1D1","TBC1D1","4c"
3.92384078125894e-05,0.658540963365596,0.66,0.513,1,"GRCh38-INPP4A","INPP4A","4c"
0.000606571746961398,0.657606069909083,0.893,0.857,1,"GRCh38-NCOA6","NCOA6","4c"
0.00411604682314953,0.657390955372094,0.864,0.892,1,"GRCh38-SLAIN2","SLAIN2","4c"
0.000120001603125137,0.657319897147567,0.563,0.466,1,"GRCh38-UNKL","UNKL","4c"
0.000267412281342888,0.657307157009833,0.806,0.772,1,"GRCh38-CHD8","CHD8","4c"
0.000155035516692191,0.657065729175826,0.777,0.728,1,"GRCh38-ARID4A","ARID4A","4c"
0.00519233859525793,0.656451744141463,0.767,0.78,1,"GRCh38-VPS13A","VPS13A","4c"
0.00123115165313485,0.656445672386369,0.893,0.875,1,"GRCh38-HOOK3","HOOK3","4c"
2.33049829947888e-05,0.65620096954808,0.777,0.743,1,"GRCh38-EIF4E","EIF4E","4c"
0.137295731825582,0.656090703085846,0.262,0.226,1,"GRCh38-NEGR1","NEGR1","4c"
0.000294339036896748,0.655986357495688,0.825,0.793,1,"GRCh38-ZMYM2","ZMYM2","4c"
3.99407898991664e-05,0.655946471276816,0.68,0.521,1,"GRCh38-PHLPP2","PHLPP2","4c"
0.0621321059931001,0.655879519296614,0.602,0.585,1,"GRCh38-MTFR1","MTFR1","4c"
0.014818638682467,0.655674383196651,0.825,0.866,1,"GRCh38-KC6","KC6","4c"
0.0114157736151036,0.655195448166355,0.864,0.878,1,"GRCh38-CPED1","CPED1","4c"
0.000170091561342045,0.654951245817311,0.903,0.847,1,"GRCh38-USP3","USP3","4c"
4.05877128527974e-05,0.65493648544972,0.583,0.472,1,"GRCh38-GGA3","GGA3","4c"
0.0868808739732775,0.654754268958165,0.825,0.869,1,"GRCh38-SSH2","SSH2","4c"
0.22653922570919,0.654754024651122,0.437,0.418,1,"GRCh38-PLEKHG2","PLEKHG2","4c"
0.00139968892731085,0.654463186855813,0.874,0.933,1,"GRCh38-PLS3","PLS3","4c"
2.21181460630069e-05,0.65415018445268,0.612,0.494,1,"GRCh38-MEAK7","MEAK7","4c"
0.00372499223561304,0.654039495770548,0.505,0.401,1,"GRCh38-BACH2","BACH2","4c"
0.00216910599995795,0.653978807064616,0.864,0.897,1,"GRCh38-KDM5A","KDM5A","4c"
0.000107744100994636,0.653664211399328,0.864,0.857,1,"GRCh38-PSMD2","PSMD2","4c"
0.00239836519425244,0.653553568481204,0.583,0.498,1,"GRCh38-IRAK2","IRAK2","4c"
5.00915177281651e-05,0.653471973228063,0.583,0.467,1,"GRCh38-ADAT2","ADAT2","4c"
2.9224327868206e-05,0.653314425988675,0.893,0.791,1,"GRCh38-PSMD11","PSMD11","4c"
0.000383118037685153,0.653191876930991,0.903,0.894,1,"GRCh38-SOS1","SOS1","4c"
0.0157940206015419,0.653183985368107,0.699,0.712,1,"GRCh38-ZXDC","ZXDC","4c"
0.307499601836453,0.652414206834506,0.932,0.951,1,"GRCh38-ACSL4","ACSL4","4c"
1.51042888730053e-05,0.652336131756126,0.738,0.619,1,"GRCh38-ANKRD10","ANKRD10","4c"
0.000966567364970882,0.652321392314492,0.786,0.784,1,"GRCh38-GTF2H1","GTF2H1","4c"
0.0134205366066205,0.652140148606442,0.883,0.894,1,"GRCh38-RYK","RYK","4c"
0.00212268010119155,0.651939904132012,0.951,0.894,1,"GRCh38-AHR","AHR","4c"
0.00716027583531522,0.651922119787435,0.65,0.615,1,"GRCh38-LINC01376","LINC01376","4c"
0.00250961804766754,0.651460257130598,0.796,0.862,1,"GRCh38-DPM1","DPM1","4c"
0.00512029350038569,0.651211740469401,0.65,0.605,1,"GRCh38-KLHDC4","KLHDC4","4c"
6.58752244789835e-05,0.651209168057017,0.612,0.473,1,"GRCh38-RHBDD1","RHBDD1","4c"
0.132995046912216,0.651061611257483,0.447,0.426,1,"GRCh38-CABLES1","CABLES1","4c"
0.000429079173845122,0.651059892565256,0.903,0.919,1,"GRCh38-ANKRD12","ANKRD12","4c"
0.000124621452550527,0.651008084536746,0.913,0.949,1,"GRCh38-KIF2A","KIF2A","4c"
0.0106936855405227,0.650833927079521,0.777,0.823,1,"GRCh38-C3","C3","4c"
0.242102813900631,0.650800269716135,0.66,0.687,1,"GRCh38-OAT","OAT","4c"
0.000665436091459637,0.650770850296818,0.689,0.625,1,"GRCh38-POLR3A","POLR3A","4c"
0.124355984688348,0.650750849719768,0.573,0.568,1,"GRCh38-ENSG00000286540","ENSG00000286540","4c"
0.00887284366207287,0.650408907538896,0.922,0.909,1,"GRCh38-RNF216","RNF216","4c"
0.020457276889797,0.650258279076353,0.728,0.747,1,"GRCh38-OSMR-DT","OSMR-DT","4c"
0.000292685305179096,0.64972036495007,0.825,0.866,1,"GRCh38-IARS2","IARS2","4c"
0.0289773102412042,0.649684936284218,0.874,0.907,1,"GRCh38-UBE2E1","UBE2E1","4c"
0.00123184783863864,0.649581689398958,0.699,0.712,1,"GRCh38-VAPB","VAPB","4c"
0.553128331003974,0.649106757357626,0.165,0.153,1,"GRCh38-COL5A3","COL5A3","4c"
3.8216065937558e-05,0.648829373044868,0.786,0.772,1,"GRCh38-LRRC59","LRRC59","4c"
0.351130913849391,0.648499740482046,0.602,0.652,1,"GRCh38-MTCL1","MTCL1","4c"
0.00164781504374274,0.647870467631583,0.874,0.854,1,"GRCh38-STX16","STX16","4c"
0.000173724027262448,0.647752878379737,0.388,0.262,1,"GRCh38-HSPA12A","HSPA12A","4c"
0.0186186069088799,-0.647196730521012,0.369,0.447,1,"GRCh38-CXCL11","CXCL11","4c"
0.00104681128204831,0.646982833795007,0.932,0.945,1,"GRCh38-DDX3X","DDX3X","4c"
0.00014776872802987,0.646879224390351,0.806,0.774,1,"GRCh38-WDR82","WDR82","4c"
5.34921091034279e-05,0.646714694203193,0.427,0.284,1,"GRCh38-HTRA3","HTRA3","4c"
0.000341033914268276,0.646451124568516,0.155,0.068,1,"GRCh38-ATRNL1","ATRNL1","4c"
0.0232573242373771,0.646227872646755,0.874,0.891,1,"GRCh38-RSRP1","RSRP1","4c"
0.000108065948993824,0.645591954285795,0.816,0.787,1,"GRCh38-ARFIP1","ARFIP1","4c"
0.0101008537842802,0.645574251147629,0.379,0.288,1,"GRCh38-ANKRD37","ANKRD37","4c"
1.40931414185851e-05,0.645232351794389,0.777,0.749,1,"GRCh38-EFCAB14","EFCAB14","4c"
0.0123090640779552,0.645091464228515,0.913,0.947,1,"GRCh38-AP2B1","AP2B1","4c"
0.000186440337354823,0.644839206593322,0.903,0.882,1,"GRCh38-COA1","COA1","4c"
0.000633605222133597,0.644821670419213,0.786,0.788,1,"GRCh38-TBK1","TBK1","4c"
0.00306227525367666,0.644578622721424,0.65,0.571,1,"GRCh38-UBE3D","UBE3D","4c"
7.97951061188359e-05,0.644233195025726,0.903,0.891,1,"GRCh38-PTPN1","PTPN1","4c"
0.00822691837443576,0.64413426377988,0.913,0.944,1,"GRCh38-HSPA9","HSPA9","4c"
0.00894261228124346,0.6440089825704,0.602,0.577,1,"GRCh38-TMEM117","TMEM117","4c"
0.00487764612422954,0.64394769691202,0.262,0.178,1,"GRCh38-NPAS3","NPAS3","4c"
0.00704448866996753,0.643859810269907,0.922,0.921,1,"GRCh38-SNX9","SNX9","4c"
0.0807030560753361,0.643733619675851,0.417,0.373,1,"GRCh38-DCLK1","DCLK1","4c"
0.00535710346761989,0.643166954340701,0.709,0.684,1,"GRCh38-NAALADL2","NAALADL2","4c"
0.00034224508158131,0.642927543100522,0.961,0.959,1,"GRCh38-ZFR","ZFR","4c"
0.090055624841493,0.642807030925737,0.563,0.693,1,"GRCh38-FBN1","FBN1","4c"
0.00156011271872636,0.64270801084032,0.951,0.937,1,"GRCh38-PAN3","PAN3","4c"
5.90013476219569e-05,0.642629672965551,0.825,0.76,1,"GRCh38-KIF21A","KIF21A","4c"
0.0874715927456119,0.642464363399663,0.99,0.971,1,"GRCh38-MTDH","MTDH","4c"
9.57620874983059e-05,0.642344075072657,0.456,0.308,1,"GRCh38-CDKL1","CDKL1","4c"
3.47489295759456e-05,0.64184102341999,0.748,0.647,1,"GRCh38-ZCCHC14","ZCCHC14","4c"
0.000389067606443163,0.641723594225362,0.728,0.609,1,"GRCh38-PCGF3-AS1","PCGF3-AS1","4c"
0.000443904927641686,0.64143591890533,0.825,0.831,1,"GRCh38-SPCS3","SPCS3","4c"
0.00450583028341307,0.641433361818131,0.641,0.608,1,"GRCh38-ICAM1","ICAM1","4c"
0.000167407192066169,0.641154093779919,0.311,0.188,1,"GRCh38-NETO1","NETO1","4c"
0.000219432400451648,0.64108862615494,0.456,0.32,1,"GRCh38-KCTD5","KCTD5","4c"
3.82791267615901e-05,0.641086787118897,0.612,0.536,1,"GRCh38-ESYT1","ESYT1","4c"
1.53058353915859e-05,0.640675693179519,0.777,0.733,1,"GRCh38-BRD1","BRD1","4c"
0.0571052382853749,0.640070877757669,0.252,0.185,1,"GRCh38-APOD","APOD","4c"
0.000141935368322941,0.640044812019494,0.864,0.865,1,"GRCh38-KATNBL1","KATNBL1","4c"
0.000636927090334341,0.639834645081738,0.544,0.448,1,"GRCh38-CXCL2","CXCL2","4c"
3.69031958213316e-05,0.639743923375695,0.689,0.601,1,"GRCh38-ASCC1","ASCC1","4c"
2.49539682056673e-05,0.639401666144893,0.573,0.447,1,"GRCh38-ADAT1","ADAT1","4c"
0.00610020944936305,0.639196453892114,0.728,0.745,1,"GRCh38-PARP8","PARP8","4c"
6.91326713807962e-05,0.639081562950459,0.893,0.911,1,"GRCh38-MACROH2A1","MACROH2A1","4c"
0.532808576310635,0.638930505827314,0.689,0.729,1,"GRCh38-MAP2K5","MAP2K5","4c"
0.000642323629799811,0.638739459384193,0.592,0.521,1,"GRCh38-GTF3C4","GTF3C4","4c"
0.000617602148796064,0.638411523386586,0.621,0.529,1,"GRCh38-LINC02327","LINC02327","4c"
0.00014524483691057,0.638388329009389,0.816,0.773,1,"GRCh38-UBE2G2","UBE2G2","4c"
0.000240285006518737,0.638216496834988,0.699,0.653,1,"GRCh38-HGS","HGS","4c"
0.00125389289739529,0.638152868990184,0.903,0.936,1,"GRCh38-EIF5","EIF5","4c"
0.0262927767860114,0.638025790828791,0.65,0.641,1,"GRCh38-UST","UST","4c"
0.00463967043246765,0.637943876663032,0.583,0.534,1,"GRCh38-AKR1E2","AKR1E2","4c"
0.00110842564427804,0.637942217569998,0.563,0.447,1,"GRCh38-SFI1","SFI1","4c"
0.000502756832736915,0.637754651807231,0.854,0.873,1,"GRCh38-YES1","YES1","4c"
0.001089606499378,0.637546931439451,0.689,0.629,1,"GRCh38-ALKBH5","ALKBH5","4c"
8.82246584474613e-05,0.636923264560671,0.883,0.916,1,"GRCh38-TNRC6B","TNRC6B","4c"
0.00550367331355076,0.636777718506589,0.874,0.898,1,"GRCh38-CWC27","CWC27","4c"
0.329952826668791,0.636586400688998,0.553,0.577,1,"GRCh38-ENSG00000271774","ENSG00000271774","4c"
7.99120489207934e-05,0.636366158977392,0.699,0.622,1,"GRCh38-FKBP14","FKBP14","4c"
3.86422003444473e-05,0.636333413700794,0.524,0.376,1,"GRCh38-RRP7BP","RRP7BP","4c"
0.0024111414025544,0.636092468386671,0.913,0.919,1,"GRCh38-ACAP2","ACAP2","4c"
1.49200725551948e-05,0.635996012993854,0.748,0.655,1,"GRCh38-TMEM248","TMEM248","4c"
0.00022017268552797,0.635838747646189,0.718,0.6,1,"GRCh38-NCS1","NCS1","4c"
0.000678426596634855,0.635653933173187,0.621,0.56,1,"GRCh38-ENSG00000291207","ENSG00000291207","4c"
0.00592389397691748,0.635576318153976,0.767,0.725,1,"GRCh38-MFSD14CP","MFSD14CP","4c"
0.00465627869554546,0.635517645637531,0.816,0.818,1,"GRCh38-TAOK3","TAOK3","4c"
9.20057806325298e-05,0.635287229498353,0.767,0.706,1,"GRCh38-SLC12A2-DT","SLC12A2-DT","4c"
0.0657298426807852,0.635051531287439,0.641,0.659,1,"GRCh38-TOB2","TOB2","4c"
6.01988754544945e-05,0.634852743275777,0.583,0.453,1,"GRCh38-MTMR14","MTMR14","4c"
0.309303055760818,0.63482691222591,0.864,0.91,1,"GRCh38-ARHGAP24","ARHGAP24","4c"
0.698960570418397,0.634619847618522,0.893,0.939,1,"GRCh38-COL5A1","COL5A1","4c"
0.00135998244101121,0.634135429831458,0.767,0.742,1,"GRCh38-ATP9A","ATP9A","4c"
4.62433332348984e-05,0.633758661101788,0.767,0.744,1,"GRCh38-SNX7","SNX7","4c"
0.0158670340402339,0.633251744299982,0.893,0.938,1,"GRCh38-ZCCHC7","ZCCHC7","4c"
5.74856105467101e-05,0.633184475668962,0.252,0.123,1,"GRCh38-PDE4B","PDE4B","4c"
0.0134431147714734,0.633096345262413,0.544,0.457,1,"GRCh38-SLITRK6","SLITRK6","4c"
0.00758374047647842,0.632912828347528,0.689,0.685,1,"GRCh38-PIR","PIR","4c"
2.42853082172605e-05,-0.632897694925943,0.427,0.644,1,"GRCh38-SPANXB1","SPANXB1","4c"
0.000168528026666341,0.632882450318476,0.718,0.625,1,"GRCh38-ZNF544","ZNF544","4c"
0.00651334244884698,0.632590449905107,0.398,0.281,1,"GRCh38-IRF7","IRF7","4c"
0.38688931387899,0.632274926345703,0.515,0.474,1,"GRCh38-MDGA2","MDGA2","4c"
0.34298036648511,0.632272808947632,0.874,0.946,1,"GRCh38-EIF4G3","EIF4G3","4c"
6.01164528143384e-05,0.632124486390609,0.748,0.71,1,"GRCh38-TRIM37","TRIM37","4c"
0.00235896473280215,0.631705092382842,0.602,0.531,1,"GRCh38-PDE6D","PDE6D","4c"
0.0607928292481661,0.63158698142149,0.854,0.895,1,"GRCh38-MYO9A","MYO9A","4c"
0.000790704300028172,0.631341164709039,0.592,0.477,1,"GRCh38-SCLY","SCLY","4c"
0.000286397418987915,0.631280317074372,0.476,0.347,1,"GRCh38-AASS","AASS","4c"
2.97049669355303e-05,0.631074430788018,0.767,0.715,1,"GRCh38-CREB1","CREB1","4c"
0.000124685814143181,0.630545548078216,0.942,0.921,1,"GRCh38-SREK1","SREK1","4c"
0.00827830482829817,0.630475373919301,0.573,0.505,1,"GRCh38-BANP","BANP","4c"
0.00030700633768699,-0.630380288553671,0.612,0.753,1,"GRCh38-PPCDC","PPCDC","4c"
5.95021659636391e-05,0.630181227770734,0.757,0.652,1,"GRCh38-PEX14","PEX14","4c"
0.00267787080641319,0.629804539772656,0.126,0.059,1,"GRCh38-ENSG00000231918","ENSG00000231918","4c"
0.000292338968032609,0.629741729933321,0.175,0.083,1,"GRCh38-GNAL","GNAL","4c"
2.15615583337621e-05,0.629731383033565,0.408,0.239,1,"GRCh38-TRIM69","TRIM69","4c"
0.0314017323047564,0.629390432623609,0.456,0.388,1,"GRCh38-FOXC2","FOXC2","4c"
0.000322653857665717,0.629345028699802,0.757,0.676,1,"GRCh38-KLF7","KLF7","4c"
0.249352460460848,0.629336173872509,0.282,0.255,1,"GRCh38-RAB26","RAB26","4c"
0.000382112266689325,0.628988673779365,0.786,0.771,1,"GRCh38-ZFYVE16","ZFYVE16","4c"
0.0074633830962781,0.628942272754063,0.961,0.973,1,"GRCh38-YWHAQ","YWHAQ","4c"
0.000620197532229558,0.628711342398469,0.825,0.819,1,"GRCh38-TRMT11","TRMT11","4c"
0.000323499792013057,0.628630373898907,0.515,0.403,1,"GRCh38-ETV5","ETV5","4c"
0.30554072883241,0.6285179008279,0.689,0.749,1,"GRCh38-TTC39C","TTC39C","4c"
0.000561579990344625,0.628455520759103,0.631,0.611,1,"GRCh38-FBXO22","FBXO22","4c"
0.0487269406654015,0.6283012072036,0.816,0.813,1,"GRCh38-SLC38A4-AS1","SLC38A4-AS1","4c"
0.111076470861326,0.627597298173581,0.971,0.956,1,"GRCh38-LINC02476","LINC02476","4c"
4.44980296699877e-05,0.627421901449873,0.718,0.61,1,"GRCh38-DTX3L","DTX3L","4c"
0.000492511806595476,0.6271150012578,0.709,0.68,1,"GRCh38-SLC38A6","SLC38A6","4c"
0.00119259728479405,0.626390092974572,0.874,0.899,1,"GRCh38-SRSF2","SRSF2","4c"
0.44713175445365,0.626343200248091,0.728,0.875,1,"GRCh38-PPP1R15A","PPP1R15A","4c"
0.000487303116221927,0.626225868650968,0.777,0.794,1,"GRCh38-PTK7","PTK7","4c"
0.00554631045379298,-0.625974988554332,0.359,0.236,1,"GRCh38-OASL","OASL","4c"
0.779431124281392,0.625849136421845,0.728,0.818,1,"GRCh38-GMDS-DT","GMDS-DT","4c"
0.001855051478522,0.625384991577445,0.709,0.721,1,"GRCh38-AGPAT3","AGPAT3","4c"
2.64318135657794e-05,0.625064522487116,0.65,0.508,1,"GRCh38-TMEM184B","TMEM184B","4c"
0.0307164997898856,0.624996706169,0.689,0.68,1,"GRCh38-CNOT10","CNOT10","4c"
0.000239568467804256,0.62498181325759,0.689,0.641,1,"GRCh38-ITPR3","ITPR3","4c"
0.000474352120531711,0.624694056933493,0.786,0.753,1,"GRCh38-SLC25A12","SLC25A12","4c"
0.000195258723822443,0.624618263954839,0.621,0.511,1,"GRCh38-CARD8","CARD8","4c"
0.00194983863521941,0.624539118372176,0.825,0.85,1,"GRCh38-KIAA0319L","KIAA0319L","4c"
0.00150209778343687,0.624454670731924,0.874,0.911,1,"GRCh38-REEP3","REEP3","4c"
0.0162373453768842,0.623777086599159,0.825,0.843,1,"GRCh38-NMD3","NMD3","4c"
0.0145103894187492,0.623413331769533,0.816,0.828,1,"GRCh38-SNTB2","SNTB2","4c"
0.000249554523460412,-0.622823263123155,0.709,0.865,1,"GRCh38-AKR1C3","AKR1C3","4c"
0.000107689275103575,0.622508263566981,0.816,0.789,1,"GRCh38-ARHGAP12","ARHGAP12","4c"
0.0162488902701798,0.622294892122301,0.932,0.96,1,"GRCh38-ACTN1","ACTN1","4c"
0.000130273466415369,0.622161705149667,0.845,0.801,1,"GRCh38-GON4L","GON4L","4c"
0.000742384568778463,0.621771109210147,0.835,0.827,1,"GRCh38-TASOR","TASOR","4c"
0.00606628181241173,0.621733452087341,0.485,0.415,1,"GRCh38-TLN2","TLN2","4c"
0.000218228672337188,0.621626944250024,0.796,0.79,1,"GRCh38-PLOD3","PLOD3","4c"
0.00102473967807398,0.621260350773913,0.786,0.7,1,"GRCh38-CROCCP2","CROCCP2","4c"
0.00320539889989476,0.620879107731846,0.476,0.401,1,"GRCh38-ZNF10","ZNF10","4c"
0.000140151391114877,0.620773944928258,0.816,0.799,1,"GRCh38-PON2","PON2","4c"
0.000100613512162529,0.620376536869377,0.845,0.811,1,"GRCh38-DCTN4","DCTN4","4c"
0.000106571579573132,0.619444055855885,0.777,0.663,1,"GRCh38-MLXIP","MLXIP","4c"
7.08486156438258e-05,0.619328781913469,0.689,0.579,1,"GRCh38-ZNF410","ZNF410","4c"
0.000519949802577943,0.619101136836227,0.748,0.662,1,"GRCh38-FBXL4","FBXL4","4c"
0.000339608506312639,0.619055055238119,0.262,0.154,1,"GRCh38-CCNE1","CCNE1","4c"
0.00290100684461067,0.618669282523963,0.485,0.384,1,"GRCh38-CTNNBIP1","CTNNBIP1","4c"
0.00908155725497948,0.61855059080305,0.903,0.912,1,"GRCh38-WDR43","WDR43","4c"
0.0089466471407437,0.617914283088141,0.903,0.907,1,"GRCh38-TUT4","TUT4","4c"
0.00280457213696361,0.61788496773043,0.816,0.829,1,"GRCh38-SYPL1","SYPL1","4c"
0.0310758918796027,0.617561872689708,0.485,0.45,1,"GRCh38-SYT12","SYT12","4c"
0.00372938478562171,0.617410603166872,0.728,0.672,1,"GRCh38-ZC3H7B","ZC3H7B","4c"
0.000331585332420026,0.617201974829364,0.806,0.784,1,"GRCh38-RECQL","RECQL","4c"
0.00937838003524545,0.617171260357359,0.893,0.889,1,"GRCh38-EVI5","EVI5","4c"
0.000255450406575697,0.617167543036555,0.65,0.56,1,"GRCh38-LMF2","LMF2","4c"
0.0833415472334167,0.616693229285404,0.223,0.169,1,"GRCh38-ABCA9","ABCA9","4c"
1.56474337039125e-05,0.616152085316564,0.816,0.76,1,"GRCh38-PTS","PTS","4c"
0.00161746192851673,0.615838646280513,0.922,0.924,1,"GRCh38-USP14","USP14","4c"
0.000839570076902175,0.615674923161464,0.68,0.677,1,"GRCh38-GOLM1","GOLM1","4c"
0.00059543525195922,0.61501376264601,0.786,0.767,1,"GRCh38-RCOR3","RCOR3","4c"
0.000174385262585848,0.614997516235509,0.825,0.76,1,"GRCh38-KIF3B","KIF3B","4c"
0.0205219390506312,0.614384314162492,0.971,0.942,1,"GRCh38-NCOR1","NCOR1","4c"
0.000130414014494132,0.614306844924003,0.893,0.841,1,"GRCh38-RBM27","RBM27","4c"
0.278907675139037,0.614137113256726,0.689,0.688,1,"GRCh38-SLC9A9","SLC9A9","4c"
0.000252874064199905,0.61387821367835,0.854,0.891,1,"GRCh38-CSNK2A1","CSNK2A1","4c"
0.267137264520105,0.613311868884615,0.903,0.94,1,"GRCh38-SULF2","SULF2","4c"
0.000324700267643006,0.613004245036773,0.718,0.617,1,"GRCh38-GPR158","GPR158","4c"
0.00289383863246161,0.612942126278344,0.66,0.632,1,"GRCh38-WDR27","WDR27","4c"
4.76759005410418e-05,0.612517076457147,0.748,0.645,1,"GRCh38-CEP250","CEP250","4c"
2.26403480357855e-05,0.612297988730891,0.65,0.534,1,"GRCh38-INTU","INTU","4c"
0.00252857521913718,0.611983805132729,0.641,0.579,1,"GRCh38-VAC14","VAC14","4c"
0.000274986559226935,0.611664759692944,0.66,0.551,1,"GRCh38-GNA11","GNA11","4c"
0.000118294367093523,0.611638665183739,0.67,0.606,1,"GRCh38-ZDHHC3","ZDHHC3","4c"
0.000207844567683324,0.611378575715215,0.806,0.769,1,"GRCh38-ZNF800","ZNF800","4c"
2.7778949163007e-05,0.611296080770197,0.748,0.642,1,"GRCh38-TBC1D9B","TBC1D9B","4c"
0.000814572883016334,0.611136525888167,0.903,0.868,1,"GRCh38-ARFGEF2","ARFGEF2","4c"
0.00578865120742501,0.610504197118552,0.786,0.779,1,"GRCh38-CYP20A1","CYP20A1","4c"
5.3856932440383e-05,0.610340204196362,0.641,0.556,1,"GRCh38-SMG5","SMG5","4c"
1.63055799164308e-05,0.610309733517691,0.641,0.537,1,"GRCh38-NSUN3","NSUN3","4c"
5.8324323870485e-05,0.61030166242911,0.641,0.53,1,"GRCh38-TBC1D12","TBC1D12","4c"
0.00015049950944296,0.610205191680526,0.262,0.137,1,"GRCh38-LINC02141","LINC02141","4c"
0.74938374756698,0.609911422768417,0.825,0.905,1,"GRCh38-P3H2","P3H2","4c"
0.0115398027591698,0.609910844508237,0.612,0.551,1,"GRCh38-RGS17","RGS17","4c"
0.000382551442382574,0.609510279128006,0.806,0.787,1,"GRCh38-ZNFX1","ZNFX1","4c"
0.0109862391153839,0.609463955809928,0.631,0.596,1,"GRCh38-PRMT7","PRMT7","4c"
3.72054689359434e-05,0.609373829674276,0.68,0.585,1,"GRCh38-FANCL","FANCL","4c"
0.0504195957319541,0.609110484649629,0.718,0.778,1,"GRCh38-SMARCA2","SMARCA2","4c"
0.0251645159204685,0.609009219399611,0.602,0.59,1,"GRCh38-ENSG00000258028","ENSG00000258028","4c"
0.000808410081789062,0.608826826874533,0.262,0.157,1,"GRCh38-PTPRD","PTPRD","4c"
0.000246565743257589,0.608620668535695,0.757,0.753,1,"GRCh38-SAFB2","SAFB2","4c"
0.258824523680262,0.60860700885133,0.932,0.943,1,"GRCh38-EPIC1","EPIC1","4c"
0.000109137602487096,0.608448106341929,0.718,0.688,1,"GRCh38-SLC35F5","SLC35F5","4c"
0.00286543723904044,0.608357809912419,0.854,0.849,1,"GRCh38-CDC25B","CDC25B","4c"
0.0125391928382067,0.608351162845729,0.786,0.762,1,"GRCh38-CCDC57","CCDC57","4c"
0.00123528677559999,0.608340271289429,0.66,0.607,1,"GRCh38-PTAR1","PTAR1","4c"
0.00641772157749268,0.608300055268831,0.718,0.795,1,"GRCh38-CBR4","CBR4","4c"
6.21913112095901e-05,0.608282516962038,0.845,0.852,1,"GRCh38-USP48","USP48","4c"
0.00140578643122115,0.608279503093193,0.777,0.752,1,"GRCh38-TET2","TET2","4c"
0.000946251020579056,0.608240183095912,0.767,0.817,1,"GRCh38-ZNF217","ZNF217","4c"
0.00845066668007126,0.608208154464644,0.883,0.891,1,"GRCh38-NEDD4","NEDD4","4c"
8.25849674451414e-05,0.607925686206738,0.699,0.612,1,"GRCh38-TOR1AIP1","TOR1AIP1","4c"
2.87175160684042e-05,0.607806831168199,0.883,0.836,1,"GRCh38-FIP1L1","FIP1L1","4c"
9.60660881473548e-05,0.607529895422024,0.767,0.697,1,"GRCh38-XPOT","XPOT","4c"
0.000233533693063347,0.607250014270019,0.835,0.926,1,"GRCh38-PERP","PERP","4c"
0.000233253780614442,0.606830291029658,0.592,0.473,1,"GRCh38-CLEC2D","CLEC2D","4c"
3.11037249136444e-05,0.606743339019122,0.417,0.267,1,"GRCh38-ZBTB2","ZBTB2","4c"
7.48920691727027e-05,-0.606472188530718,0.136,0.328,1,"GRCh38-FMO1","FMO1","4c"
0.000327896451182299,0.606359036747814,0.767,0.761,1,"GRCh38-HBS1L","HBS1L","4c"
0.120751307522286,0.606327854908902,0.184,0.142,1,"GRCh38-STPG4","STPG4","4c"
0.000263222212491507,0.606290775510685,0.447,0.318,1,"GRCh38-LINC02466","LINC02466","4c"
1.739918996726e-05,0.60619802379026,0.631,0.523,1,"GRCh38-GSR","GSR","4c"
6.81182249106175e-05,0.605617046202185,0.515,0.368,1,"GRCh38-CAD","CAD","4c"
0.00464045979570977,0.605547259934025,0.65,0.602,1,"GRCh38-DZIP1","DZIP1","4c"
0.98992709208567,0.605342773456435,0.592,0.673,1,"GRCh38-CDH11","CDH11","4c"
0.000400834011622871,0.604963629102093,0.66,0.601,1,"GRCh38-JADE1","JADE1","4c"
0.000882044566226428,0.604768236346537,0.447,0.318,1,"GRCh38-ENSG00000286533","ENSG00000286533","4c"
0.040724946498959,0.604226914421269,0.456,0.432,1,"GRCh38-SLC35F2","SLC35F2","4c"
0.173154786137283,0.604023119559543,0.495,0.517,1,"GRCh38-ARHGEF4","ARHGEF4","4c"
0.00122199900497704,0.603828142645998,0.825,0.814,1,"GRCh38-EPN2","EPN2","4c"
0.00018702674469598,0.603821753229571,0.854,0.817,1,"GRCh38-HECTD4","HECTD4","4c"
6.62193730550748e-05,0.603784642003018,0.835,0.784,1,"GRCh38-VRK2","VRK2","4c"
0.113444500878773,0.603643614897004,0.456,0.441,1,"GRCh38-MAFF","MAFF","4c"
0.000947615186310108,0.603427037526016,0.854,0.854,1,"GRCh38-PHC2","PHC2","4c"
0.0403752257078063,0.603282171870045,0.272,0.206,1,"GRCh38-PPP1R3C","PPP1R3C","4c"
0.00341853706873,0.603268924392824,0.932,0.98,1,"GRCh38-CANX","CANX","4c"
0.00147400292179739,0.60326373996353,0.874,0.887,1,"GRCh38-KDM1A","KDM1A","4c"
0.0112499894710986,0.603067295731138,0.786,0.797,1,"GRCh38-SPG11","SPG11","4c"
7.7678562176363e-05,0.602615941399347,0.709,0.666,1,"GRCh38-SPTY2D1","SPTY2D1","4c"
0.000639942996496959,0.601865361730341,0.767,0.728,1,"GRCh38-ODR4","ODR4","4c"
0.000462464103626641,0.60175211181608,0.796,0.736,1,"GRCh38-SCRN1","SCRN1","4c"
1.56151109639e-05,0.601575306125956,0.845,0.789,1,"GRCh38-ELAVL1","ELAVL1","4c"
0.0130320132409081,0.601066660023826,0.718,0.695,1,"GRCh38-FLOT2","FLOT2","4c"
0.347405707794101,0.600684226976822,0.641,0.714,1,"GRCh38-TPRG1","TPRG1","4c"
0.00918630385034522,0.600649658393135,0.515,0.444,1,"GRCh38-SUSD5","SUSD5","4c"
0.00487049225507625,0.600585887728627,0.883,0.897,1,"GRCh38-RABEP1","RABEP1","4c"
4.54806757599358e-05,0.60046841291445,0.786,0.733,1,"GRCh38-DNAJB11","DNAJB11","4c"
0.0557503776484373,0.600277697245529,0.893,0.913,1,"GRCh38-SH3KBP1","SH3KBP1","4c"
0.00155984287309527,0.599996792394182,0.427,0.313,1,"GRCh38-SPRY3","SPRY3","4c"
0.0228146576083134,0.599650747131433,0.932,0.946,1,"GRCh38-NOP58","NOP58","4c"
2.7845319210155e-05,0.599205908704554,0.767,0.66,1,"GRCh38-FGD5-AS1","FGD5-AS1","4c"
0.000751113207600525,0.599063395672793,0.786,0.77,1,"GRCh38-TRIM28","TRIM28","4c"
0.336407977355086,0.599000684474206,0.728,0.845,1,"GRCh38-SUPT3H","SUPT3H","4c"
0.718853470884672,0.598859931130746,0.689,0.755,1,"GRCh38-BASP1","BASP1","4c"
0.00767402099753455,0.598734788150755,0.583,0.554,1,"GRCh38-STRBP","STRBP","4c"
0.0127047703056238,0.59847958651822,0.738,0.697,1,"GRCh38-KITLG","KITLG","4c"
0.000370227180534039,0.598364145626865,0.291,0.175,1,"GRCh38-LINC02798","LINC02798","4c"
0.000161495252328733,0.598205292957276,0.806,0.76,1,"GRCh38-TUG1","TUG1","4c"
0.0447854789968844,0.598148335165924,0.544,0.576,1,"GRCh38-TAMM41","TAMM41","4c"
3.73676053969797e-05,0.598067551602953,0.699,0.625,1,"GRCh38-NCBP1","NCBP1","4c"
0.00119308652137927,0.597974767068974,0.466,0.376,1,"GRCh38-FAM106A","FAM106A","4c"
0.0178514312655004,0.597794635625051,0.767,0.742,1,"GRCh38-RRP1B","RRP1B","4c"
0.000365130447652538,0.597408569708261,0.204,0.103,1,"GRCh38-RNF165","RNF165","4c"
0.000116738796725068,0.59728768786401,0.932,0.934,1,"GRCh38-SEC63","SEC63","4c"
0.47157560785552,0.596724549524695,0.835,0.898,1,"GRCh38-SERPINE2","SERPINE2","4c"
0.194369772254844,0.596186304981268,0.883,0.943,1,"GRCh38-ENSG00000258081","ENSG00000258081","4c"
0.00253665091302677,0.596095084766834,0.932,0.939,1,"GRCh38-UBE2D2","UBE2D2","4c"
0.0100835011259256,0.59609261582399,0.699,0.686,1,"GRCh38-MIGA1","MIGA1","4c"
2.36580578296494e-05,0.595497802339717,0.398,0.254,1,"GRCh38-PRDM11","PRDM11","4c"
8.83641694037114e-05,0.595455410488397,0.932,0.938,1,"GRCh38-PTEN","PTEN","4c"
0.000225273227916101,0.595334637571561,0.806,0.77,1,"GRCh38-RAD17","RAD17","4c"
0.000758097503396034,0.595302421290534,0.592,0.474,1,"GRCh38-PRPS2","PRPS2","4c"
0.0226521696490497,0.595202384009339,0.738,0.725,1,"GRCh38-KIAA1671","KIAA1671","4c"
0.000180755258776589,0.594599219017847,0.922,0.919,1,"GRCh38-PAPOLA","PAPOLA","4c"
0.307135462987234,0.594029506040594,0.466,0.456,1,"GRCh38-NALCN","NALCN","4c"
0.000132011653450584,0.593999016267947,0.602,0.448,1,"GRCh38-PRDM10","PRDM10","4c"
0.000319827907897098,0.59399021769963,0.583,0.493,1,"GRCh38-ZNF507","ZNF507","4c"
0.000689562587270554,0.593849413663733,0.66,0.569,1,"GRCh38-OPA3","OPA3","4c"
0.000247435261829007,0.593662233135884,0.709,0.608,1,"GRCh38-AMFR","AMFR","4c"
0.00562784911005341,0.593160277818286,0.563,0.513,1,"GRCh38-SLC49A4","SLC49A4","4c"
0.000334317215512373,0.593052171547809,0.835,0.834,1,"GRCh38-GOPC","GOPC","4c"
8.1690658716282e-05,0.592949563070104,0.68,0.544,1,"GRCh38-MAPKBP1","MAPKBP1","4c"
0.00183126500079582,0.592859476611597,0.65,0.585,1,"GRCh38-ZFP64","ZFP64","4c"
2.88687706086517e-05,0.592569079188463,0.689,0.598,1,"GRCh38-CPSF3","CPSF3","4c"
0.0147139408852264,0.592534928447446,0.34,0.253,1,"GRCh38-PLCE1","PLCE1","4c"
0.0163138113464284,0.592311294555768,0.621,0.636,1,"GRCh38-RBM10","RBM10","4c"
0.478312387589904,0.592255233460749,0.612,0.633,1,"GRCh38-ENSG00000286523","ENSG00000286523","4c"
0.000256063076708353,0.59196047249914,0.583,0.491,1,"GRCh38-YTHDF1","YTHDF1","4c"
0.00061131480867305,0.591852764458774,0.456,0.311,1,"GRCh38-ABI3BP","ABI3BP","4c"
0.000186362160883554,0.591365204868957,0.728,0.666,1,"GRCh38-NOL11","NOL11","4c"
0.0462495588369709,0.591019202755885,0.748,0.783,1,"GRCh38-KIAA2026","KIAA2026","4c"
0.000112168928243028,0.591016035026043,0.612,0.533,1,"GRCh38-VRK3","VRK3","4c"
0.0532733769292494,0.590923215428277,0.417,0.356,1,"GRCh38-LINC00910","LINC00910","4c"
0.0275159911907999,0.590894798960828,0.757,0.74,1,"GRCh38-TAF1","TAF1","4c"
0.0182574620692736,0.590675357977504,0.417,0.366,1,"GRCh38-ZNF654","ZNF654","4c"
1.70508633705091e-05,0.590298395825633,0.689,0.594,1,"GRCh38-EDEM3","EDEM3","4c"
0.0273513300443498,0.589201076786195,0.951,0.97,1,"GRCh38-CSNK1A1","CSNK1A1","4c"
0.110151920358202,0.589103974835595,0.816,0.838,1,"GRCh38-DENND1A","DENND1A","4c"
0.000386467231076953,0.588984834966045,0.942,0.896,1,"GRCh38-IARS1","IARS1","4c"
0.0023886710189132,0.588790565525778,0.854,0.824,1,"GRCh38-AP2A2","AP2A2","4c"
0.103753890059652,0.588379039504003,0.825,0.846,1,"GRCh38-TBC1D16","TBC1D16","4c"
0.105713080892232,0.588351527823415,0.864,0.912,1,"GRCh38-CAPN2","CAPN2","4c"
1.45477211870625e-05,0.588289668996256,0.107,0.032,1,"GRCh38-ENSG00000284797","ENSG00000284797","4c"
0.000131494440590522,0.588060010663314,0.68,0.586,1,"GRCh38-FBH1","FBH1","4c"
0.000690901597755797,0.587624927222847,0.893,0.918,1,"GRCh38-YTHDC1","YTHDC1","4c"
0.0223811385976582,0.587616598961834,0.786,0.834,1,"GRCh38-HIBADH","HIBADH","4c"
0.000420335417531797,0.587554001504774,0.65,0.567,1,"GRCh38-MGAT5","MGAT5","4c"
1.72815973022351e-05,0.587538768539894,0.835,0.815,1,"GRCh38-DNAJC2","DNAJC2","4c"
0.0768170135063034,0.587405977932969,0.35,0.294,1,"GRCh38-ANKRD33B","ANKRD33B","4c"
0.13271552628966,0.586570409131161,0.524,0.49,1,"GRCh38-ST3GAL6","ST3GAL6","4c"
0.00150659455744056,0.586524757670511,0.903,0.911,1,"GRCh38-HECTD1","HECTD1","4c"
0.00178564780362391,0.586448381391174,0.922,0.942,1,"GRCh38-NRDC","NRDC","4c"
0.0653272611230657,0.586286426051127,0.825,0.859,1,"GRCh38-MRPS27","MRPS27","4c"
0.00161165325275649,0.586242393256263,0.893,0.913,1,"GRCh38-CHD2","CHD2","4c"
0.000342810022746123,0.58610603089725,0.786,0.8,1,"GRCh38-PNRC2","PNRC2","4c"
0.000944402877756401,0.585899505814756,0.961,0.976,1,"GRCh38-DDX5","DDX5","4c"
0.318500533835526,0.585681261305124,0.709,0.759,1,"GRCh38-NME7","NME7","4c"
0.00842608881191004,0.585418437048687,0.301,0.206,1,"GRCh38-NKAIN2","NKAIN2","4c"
0.000830664468368285,0.58538840734438,0.359,0.248,1,"GRCh38-ARHGAP39","ARHGAP39","4c"
3.02764581073546e-05,0.585156556069256,0.718,0.584,1,"GRCh38-ATE1","ATE1","4c"
0.00136579039617403,0.584905462225518,0.602,0.507,1,"GRCh38-MED25","MED25","4c"
0.0800995153145133,0.584878095176473,0.699,0.715,1,"GRCh38-IFT80","IFT80","4c"
0.13407180435049,0.58477970199444,0.854,0.926,1,"GRCh38-MIR548XHG","MIR548XHG","4c"
0.00270722583195491,0.584618374115528,0.301,0.187,1,"GRCh38-LSAMP","LSAMP","4c"
4.35773434709361e-05,0.584436537898154,0.233,0.111,1,"GRCh38-AGBL4","AGBL4","4c"
0.000624927503934485,0.58423287556041,0.864,0.884,1,"GRCh38-CNOT2","CNOT2","4c"
2.19244016731252e-05,0.584038941517652,0.68,0.514,1,"GRCh38-ZNF621","ZNF621","4c"
3.12580552558148e-05,0.584014345154976,0.709,0.549,1,"GRCh38-WDR5","WDR5","4c"
0.000263050468535308,0.583866747319573,0.495,0.347,1,"GRCh38-TIAM1","TIAM1","4c"
0.000237711399246667,0.583865879141684,0.34,0.205,1,"GRCh38-ARL4C","ARL4C","4c"
0.00211195691438577,0.583800188530104,0.845,0.777,1,"GRCh38-SCARB1","SCARB1","4c"
0.00209574456173658,-0.583781742691878,0.262,0.147,1,"GRCh38-IL1B","IL1B","4c"
0.0424583317399808,0.58342137389819,0.592,0.58,1,"GRCh38-WARS2","WARS2","4c"
0.000497790706419907,0.583378756140756,0.631,0.536,1,"GRCh38-SNX27","SNX27","4c"
0.000518402338532845,0.583007401062713,0.583,0.471,1,"GRCh38-MEF2D","MEF2D","4c"
1.43326973572128e-05,0.582965439064906,0.65,0.508,1,"GRCh38-MINDY3","MINDY3","4c"
0.00322504134218143,0.582597680556712,0.767,0.733,1,"GRCh38-DMXL1","DMXL1","4c"
0.190519676484203,0.582542485486884,0.874,0.939,1,"GRCh38-RHOBTB3","RHOBTB3","4c"
7.47370556611634e-05,0.582168968253981,0.864,0.821,1,"GRCh38-CASP8","CASP8","4c"
0.000369079092545579,0.582037498564358,0.903,0.924,1,"GRCh38-GTF2I","GTF2I","4c"
0.000569743856673998,0.581988257935118,0.893,0.859,1,"GRCh38-PIAS1","PIAS1","4c"
4.25300115493847e-05,0.581573638521759,0.874,0.897,1,"GRCh38-CDC16","CDC16","4c"
0.0604614110646726,0.581374028729385,0.757,0.802,1,"GRCh38-EFEMP1","EFEMP1","4c"
0.0056460494384538,0.581054316024254,0.67,0.659,1,"GRCh38-ARL13B","ARL13B","4c"
0.000120841004856819,0.581012305933201,0.757,0.671,1,"GRCh38-VPS37A","VPS37A","4c"
1.553504013255e-05,0.580983043092489,0.534,0.352,1,"GRCh38-ENSG00000271254","ENSG00000271254","4c"
0.000275911515506113,0.580794313221464,0.738,0.691,1,"GRCh38-FKTN","FKTN","4c"
0.00012384655298785,0.580723580070751,0.748,0.631,1,"GRCh38-MARK4","MARK4","4c"
4.97128632981194e-05,0.580448130042641,0.874,0.867,1,"GRCh38-CPSF6","CPSF6","4c"
0.00513384060095349,0.580428538448972,0.796,0.77,1,"GRCh38-DGKD","DGKD","4c"
0.000776746512206544,0.580296878242725,0.165,0.079,1,"GRCh38-NUP210L","NUP210L","4c"
0.00700443558727372,0.580221450199438,0.641,0.578,1,"GRCh38-COL18A1","COL18A1","4c"
3.25285366038617e-05,0.580065898709373,0.583,0.448,1,"GRCh38-CMTR2","CMTR2","4c"
2.88533738757749e-05,0.58003449424243,0.689,0.548,1,"GRCh38-NOD1","NOD1","4c"
0.0283094108857471,0.579824919494667,0.748,0.737,1,"GRCh38-TTBK2","TTBK2","4c"
0.0414645343687039,0.579694684352098,0.777,0.829,1,"GRCh38-NCOA1","NCOA1","4c"
0.00650907156981099,0.579596053133589,0.806,0.858,1,"GRCh38-PHACTR2","PHACTR2","4c"
0.638453041598148,0.579468134220838,0.379,0.378,1,"GRCh38-ENSG00000285693","ENSG00000285693","4c"
8.23421706350963e-05,0.579387286822543,0.864,0.848,1,"GRCh38-PPP4R2","PPP4R2","4c"
0.000145111905517798,0.579375742335477,0.34,0.214,1,"GRCh38-ENSG00000286856","ENSG00000286856","4c"
0.000299607112975397,0.579071824555352,0.903,0.859,1,"GRCh38-ARHGAP5","ARHGAP5","4c"
0.00160766241295951,0.578938363113819,0.913,0.93,1,"GRCh38-SLTM","SLTM","4c"
0.00406001656402606,0.578839562137252,0.136,0.067,1,"GRCh38-ENSG00000287003","ENSG00000287003","4c"
0.0189271907676145,0.578817843787158,0.777,0.798,1,"GRCh38-ITSN2","ITSN2","4c"
7.78579279958986e-05,0.578619372955107,0.854,0.766,1,"GRCh38-CCNK","CCNK","4c"
0.113769953769521,0.578536886825285,0.66,0.711,1,"GRCh38-CLIP2","CLIP2","4c"
0.0294180396478655,0.578471200096504,0.67,0.672,1,"GRCh38-FBXO38-DT","FBXO38-DT","4c"
0.00602313084497551,0.578420393528971,0.874,0.82,1,"GRCh38-YLPM1","YLPM1","4c"
0.0452452174937076,0.578316696239319,0.515,0.46,1,"GRCh38-SPACA6","SPACA6","4c"
0.00598551553681113,0.578069136709519,0.893,0.931,1,"GRCh38-ATXN10","ATXN10","4c"
0.0029212190939034,0.577996085755161,0.981,0.971,1,"GRCh38-SRRM2","SRRM2","4c"
0.0117914853374472,0.577871080361165,0.602,0.566,1,"GRCh38-FNBP1L","FNBP1L","4c"
0.000289801719118703,0.577867592422309,0.417,0.288,1,"GRCh38-EPHB2","EPHB2","4c"
0.000294375921362629,0.577566839195665,0.476,0.357,1,"GRCh38-GK5","GK5","4c"
0.00115795424864405,0.577530208716373,0.728,0.682,1,"GRCh38-CUL2","CUL2","4c"
0.00691834606975249,0.577445866972844,0.825,0.808,1,"GRCh38-AP3D1","AP3D1","4c"
0.00527594861753414,0.577378450935517,0.66,0.615,1,"GRCh38-IDH1","IDH1","4c"
0.00071532292501202,0.577298839572158,0.777,0.777,1,"GRCh38-RBL2","RBL2","4c"
8.33140102963813e-05,0.577093518724147,0.204,0.099,1,"GRCh38-SLCO1B3","SLCO1B3","4c"
0.217923077538773,0.576946529392333,0.864,0.919,1,"GRCh38-SIL1","SIL1","4c"
0.0246224018018514,0.576513960189502,0.534,0.522,1,"GRCh38-ENSG00000286619","ENSG00000286619","4c"
0.0437359618778352,0.576255634995237,0.913,0.95,1,"GRCh38-JPT1","JPT1","4c"
1.71913385066411e-05,-0.576247549600412,0.087,0.274,1,"GRCh38-MYOZ2","MYOZ2","4c"
1.41802380777133e-05,0.576043388020356,0.757,0.656,1,"GRCh38-PALS1","PALS1","4c"
1.90952968945376e-05,0.575311854255427,0.903,0.926,1,"GRCh38-COPA","COPA","4c"
0.000752026911458056,0.575241352924094,0.563,0.494,1,"GRCh38-H6PD","H6PD","4c"
0.000395265152563917,0.57486928233694,0.66,0.556,1,"GRCh38-TMEM67","TMEM67","4c"
0.365317225223741,0.574798910300896,0.456,0.478,1,"GRCh38-TRIB1","TRIB1","4c"
0.0028225325693119,0.574546080926924,0.515,0.42,1,"GRCh38-ATG4C","ATG4C","4c"
0.0669408537829438,0.574418472150763,0.825,0.794,1,"GRCh38-GTF2IRD1","GTF2IRD1","4c"
0.00475783539505566,0.574122661372658,0.903,0.931,1,"GRCh38-KMT2A","KMT2A","4c"
0.000485861901638578,0.573918510180111,0.718,0.662,1,"GRCh38-ATL3","ATL3","4c"
1.59412743235749e-05,0.573851998031249,0.835,0.731,1,"GRCh38-KHSRP","KHSRP","4c"
0.00023251726902136,0.573777893404874,0.845,0.84,1,"GRCh38-FCHO2","FCHO2","4c"
0.000134922423283848,0.573619654679003,0.748,0.689,1,"GRCh38-BMP2K","BMP2K","4c"
0.0132701435536985,0.573619654679002,0.427,0.354,1,"GRCh38-PECAM1","PECAM1","4c"
0.000651531630333801,0.573598155930144,0.777,0.818,1,"GRCh38-M6PR","M6PR","4c"
0.000260507454822376,0.573325515716501,0.466,0.317,1,"GRCh38-EDNRA","EDNRA","4c"
0.0712635681442348,0.573252323030706,0.262,0.202,1,"GRCh38-DKK1","DKK1","4c"
0.57563688265998,-0.573070084918772,0.233,0.26,1,"GRCh38-HLA-DRA","HLA-DRA","4c"
0.000897007082726587,0.573005670406878,0.854,0.763,1,"GRCh38-ERCC6L2","ERCC6L2","4c"
0.000282426585940699,0.572955841112308,0.553,0.455,1,"GRCh38-IQCK","IQCK","4c"
0.0377489680856331,0.572949248180542,0.738,0.74,1,"GRCh38-WDR59","WDR59","4c"
0.00125868558785847,0.572726908442166,0.883,0.93,1,"GRCh38-GSPT1","GSPT1","4c"
3.47728073127397e-05,0.572582723649492,0.602,0.444,1,"GRCh38-ZNF81","ZNF81","4c"
0.000699159792635703,0.572351982078401,0.34,0.217,1,"GRCh38-PLCB1","PLCB1","4c"
2.80623726667769e-05,0.572330565164243,0.961,0.978,1,"GRCh38-NUCKS1","NUCKS1","4c"
0.00021906123173176,0.572219597626049,0.932,0.934,1,"GRCh38-ZNF207","ZNF207","4c"
0.00195468825325867,0.572101955805916,0.476,0.399,1,"GRCh38-FIG4","FIG4","4c"
0.000437337306805311,0.572043171459142,0.592,0.502,1,"GRCh38-RETREG3","RETREG3","4c"
0.00178717394915499,0.571606404225458,0.65,0.576,1,"GRCh38-CREM","CREM","4c"
0.000706261809415044,0.571502223085207,0.767,0.726,1,"GRCh38-VPS41","VPS41","4c"
0.000330759115622332,0.571229317561569,0.573,0.471,1,"GRCh38-DPY19L3","DPY19L3","4c"
0.000203801404557041,0.570961712335075,0.728,0.612,1,"GRCh38-C2orf27A","C2orf27A","4c"
8.32971010441991e-05,0.570904099929033,0.786,0.785,1,"GRCh38-ARL8B","ARL8B","4c"
2.65565158321342e-05,0.570423782218846,0.864,0.819,1,"GRCh38-SRSF1","SRSF1","4c"
0.028900669578035,0.570384911079702,0.641,0.654,1,"GRCh38-LDAH","LDAH","4c"
0.00155285028699631,0.570222299044391,0.612,0.518,1,"GRCh38-DYNLL2","DYNLL2","4c"
0.263179218083957,0.569833609204174,0.903,0.954,1,"GRCh38-BBX","BBX","4c"
0.0128544898844757,0.569816776074384,0.757,0.737,1,"GRCh38-NR1D2","NR1D2","4c"
0.00326487960800173,0.569737750421625,0.641,0.637,1,"GRCh38-ST7L","ST7L","4c"
0.0633836505223411,0.569725482218421,0.612,0.608,1,"GRCh38-RPH3AL","RPH3AL","4c"
0.034551578745559,0.56968996665873,0.767,0.806,1,"GRCh38-GALK2","GALK2","4c"
1.4804461618538e-05,0.569659485770021,0.767,0.663,1,"GRCh38-ACAD9","ACAD9","4c"
0.00030256858509137,0.569577852149064,0.689,0.632,1,"GRCh38-PDLIM7","PDLIM7","4c"
1.78653520596215e-05,0.569384188047757,0.515,0.364,1,"GRCh38-ZFYVE26","ZFYVE26","4c"
8.31356571914884e-05,0.568859630635801,0.757,0.727,1,"GRCh38-SEC22A","SEC22A","4c"
0.173852062542711,0.568834131089197,0.456,0.419,1,"GRCh38-HDX","HDX","4c"
0.00303991111720953,0.568794103778894,0.398,0.293,1,"GRCh38-FSIP2-AS1","FSIP2-AS1","4c"
3.16312897958353e-05,0.568518782986137,0.33,0.191,1,"GRCh38-SGIP1","SGIP1","4c"
0.0025498860276251,0.568417886149355,0.583,0.492,1,"GRCh38-ENSG00000291067","ENSG00000291067","4c"
3.10266477162092e-05,0.568144524612852,0.583,0.422,1,"GRCh38-GNE","GNE","4c"
0.000478789956988437,0.568138406450788,0.563,0.474,1,"GRCh38-GUSBP2","GUSBP2","4c"
0.132984174503571,0.568069892702245,0.544,0.508,1,"GRCh38-HCP5","HCP5","4c"
0.000375236809216228,0.56800245240728,0.68,0.607,1,"GRCh38-MSL1","MSL1","4c"
0.00455786616564342,0.567537733210148,0.903,0.896,1,"GRCh38-CTTN","CTTN","4c"
0.000115106210009538,0.566813798536972,0.786,0.723,1,"GRCh38-MORC3","MORC3","4c"
3.73195710848552e-05,0.566794237704917,0.456,0.313,1,"GRCh38-AGAP6","AGAP6","4c"
0.440551289295103,0.566772241202385,0.67,0.776,1,"GRCh38-ARHGEF28","ARHGEF28","4c"
0.0545788828393246,0.56669003155757,0.621,0.641,1,"GRCh38-PITPNM2","PITPNM2","4c"
0.00392806834213895,0.566579161421949,0.612,0.574,1,"GRCh38-CRTC1","CRTC1","4c"
0.000546031342471242,0.566564639689916,0.68,0.627,1,"GRCh38-MAU2","MAU2","4c"
1.77364272298219e-05,0.566495570652044,0.777,0.708,1,"GRCh38-RLIM","RLIM","4c"
0.0025515056431944,0.566156075631017,0.825,0.851,1,"GRCh38-ADSS2","ADSS2","4c"
0.00328491699583759,0.566147838991353,0.68,0.622,1,"GRCh38-IPO5","IPO5","4c"
0.000351343959081402,0.566084151758081,0.689,0.62,1,"GRCh38-WASF1","WASF1","4c"
4.97599645107715e-05,0.565957859788898,0.359,0.222,1,"GRCh38-SCD5","SCD5","4c"
0.00344980573745079,0.565364488117377,0.68,0.625,1,"GRCh38-CCDC186","CCDC186","4c"
0.811272080781958,0.565086384414926,0.165,0.183,1,"GRCh38-ARHGAP6","ARHGAP6","4c"
0.000489015722110888,0.564495776311997,0.874,0.863,1,"GRCh38-ZBTB38","ZBTB38","4c"
0.0394441936963624,0.564317047007521,0.573,0.549,1,"GRCh38-MOCOS","MOCOS","4c"
2.22984813330596e-05,0.564175475419559,0.699,0.57,1,"GRCh38-SIAH1","SIAH1","4c"
0.000447571053333707,0.564109189541475,0.835,0.8,1,"GRCh38-USP1","USP1","4c"
0.0186903902036686,0.563981572630913,0.835,0.9,1,"GRCh38-UBE3A","UBE3A","4c"
7.90986671491773e-05,0.563647889197123,0.718,0.632,1,"GRCh38-DR1","DR1","4c"
0.0416230851273694,0.56361863447278,0.709,0.694,1,"GRCh38-ST3GAL2","ST3GAL2","4c"
0.00198606201912171,0.563502297268282,0.718,0.648,1,"GRCh38-SLC9A8","SLC9A8","4c"
0.1969476814214,0.56338168451219,0.689,0.855,1,"GRCh38-IRF1","IRF1","4c"
0.000326431084202461,0.563306806783763,0.913,0.911,1,"GRCh38-TGOLN2","TGOLN2","4c"
0.0102720762472708,0.563304137415633,0.893,0.915,1,"GRCh38-TMOD3","TMOD3","4c"
0.00310172112377326,0.563263200464189,0.883,0.933,1,"GRCh38-SDHA","SDHA","4c"
0.567384648156673,0.563193612080779,0.816,0.884,1,"GRCh38-FHIT","FHIT","4c"
0.0350485447697264,0.562937054804072,0.864,0.912,1,"GRCh38-TP63","TP63","4c"
0.00127280364195333,0.562881458444254,0.864,0.858,1,"GRCh38-USO1","USO1","4c"
0.00260996202160832,0.562785111797285,0.592,0.539,1,"GRCh38-RELL1","RELL1","4c"
0.0522196027844514,0.562709306210661,0.301,0.25,1,"GRCh38-ENSG00000273702","ENSG00000273702","4c"
0.000746343561041438,0.562638254901538,0.913,0.923,1,"GRCh38-DDX46","DDX46","4c"
0.000150402277726915,0.56248472360106,0.66,0.579,1,"GRCh38-AAGAB","AAGAB","4c"
0.00950437158506411,0.562390591257342,0.34,0.246,1,"GRCh38-LBH","LBH","4c"
0.813656852684437,0.562050524878571,0.689,0.758,1,"GRCh38-MIPOL1","MIPOL1","4c"
2.16508556865323e-05,0.56200380050784,0.893,0.913,1,"GRCh38-GIGYF2","GIGYF2","4c"
2.79825532007452e-05,0.561703640453212,0.641,0.541,1,"GRCh38-ELAC2","ELAC2","4c"
0.128460757972223,0.561618405486483,0.505,0.492,1,"GRCh38-EVA1C","EVA1C","4c"
0.00319945771976131,0.561276167371086,0.757,0.708,1,"GRCh38-ERAP2","ERAP2","4c"
0.00254092433745439,0.561271262251358,0.631,0.588,1,"GRCh38-FOXRED1","FOXRED1","4c"
0.00209748538849835,0.561142733185067,0.641,0.561,1,"GRCh38-CEPT1","CEPT1","4c"
0.00276753459129576,0.561111789470936,0.641,0.594,1,"GRCh38-SENP2","SENP2","4c"
0.0805621754746866,0.561054702328636,0.534,0.5,1,"GRCh38-AMIGO2","AMIGO2","4c"
0.000848129858792516,0.561007439767693,0.777,0.77,1,"GRCh38-PRKD3","PRKD3","4c"
0.00300348104600855,0.560907706921538,0.718,0.662,1,"GRCh38-UBALD2","UBALD2","4c"
0.0195313005198555,0.560712362938773,0.398,0.349,1,"GRCh38-ATG2A","ATG2A","4c"
0.000199799626547217,0.560669508071418,0.816,0.749,1,"GRCh38-STK17B","STK17B","4c"
0.00213061237090821,0.560249838401752,0.777,0.785,1,"GRCh38-RUFY2","RUFY2","4c"
0.000102270923802639,0.560128033543404,0.524,0.432,1,"GRCh38-TMED8","TMED8","4c"
0.00174367676905635,0.559665048094081,0.515,0.443,1,"GRCh38-TSHZ1","TSHZ1","4c"
0.831830759948625,0.559537387500655,0.845,0.882,1,"GRCh38-SH3PXD2B","SH3PXD2B","4c"
0.000199849399739277,0.55942884975465,0.806,0.755,1,"GRCh38-CDK11B","CDK11B","4c"
0.00114066235978202,0.559321549485298,0.641,0.555,1,"GRCh38-JAK2","JAK2","4c"
2.9914671906678e-05,0.558971199642277,0.592,0.429,1,"GRCh38-PAPOLG","PAPOLG","4c"
0.524755685050375,0.558665471021105,0.621,0.676,1,"GRCh38-DLC1","DLC1","4c"
0.0165347869087511,0.558651073252699,0.718,0.704,1,"GRCh38-RNF11","RNF11","4c"
0.0518906100931409,0.558363891859636,0.913,0.9,1,"GRCh38-DYM","DYM","4c"
0.00146664639702615,0.558217267610082,0.864,0.876,1,"GRCh38-ADD1","ADD1","4c"
4.16486443819971e-05,-0.557920725014906,0.019,0.172,1,"GRCh38-S100P","S100P","4c"
6.64606954842705e-05,0.557860193321324,0.524,0.385,1,"GRCh38-NBPF26","NBPF26","4c"
0.000180767574882308,0.557698153669379,0.67,0.595,1,"GRCh38-FBXW8","FBXW8","4c"
8.79674777920453e-05,0.557626638378668,0.563,0.434,1,"GRCh38-TTC26","TTC26","4c"
1.50269796358737e-05,0.557544891820931,0.243,0.116,1,"GRCh38-LIPG","LIPG","4c"
2.5216840194294e-05,0.557234395308254,0.65,0.513,1,"GRCh38-UPF1","UPF1","4c"
0.00012957690157437,0.557232498840674,0.757,0.687,1,"GRCh38-PKNOX1","PKNOX1","4c"
0.00123284435911234,0.556700073043477,0.728,0.682,1,"GRCh38-MAP7D1","MAP7D1","4c"
0.000529322798533763,0.556668810960296,0.728,0.713,1,"GRCh38-TMX1","TMX1","4c"
0.107553559220837,0.556628314690638,0.563,0.535,1,"GRCh38-CDKL3","CDKL3","4c"
0.0252673190387649,0.556529110633072,0.699,0.656,1,"GRCh38-TACC1","TACC1","4c"
2.78168357524368e-05,0.556470031745467,0.447,0.284,1,"GRCh38-SHPK","SHPK","4c"
5.91830167561097e-05,0.556242776435535,0.893,0.879,1,"GRCh38-HNRNPL","HNRNPL","4c"
0.00259418770628142,0.556204360151109,0.757,0.725,1,"GRCh38-TOGARAM1","TOGARAM1","4c"
0.0015445327168697,0.55604345709621,0.165,0.083,1,"GRCh38-LINC02133","LINC02133","4c"
0.0205118013599668,0.556014174116066,0.136,0.077,1,"GRCh38-TRIM55","TRIM55","4c"
1.42103657314291e-05,0.555699348251723,0.718,0.561,1,"GRCh38-ZNF195","ZNF195","4c"
0.00128240352167044,0.555594649464761,0.515,0.413,1,"GRCh38-MARCHF8","MARCHF8","4c"
0.010874219734112,0.555556638509742,0.718,0.712,1,"GRCh38-USP40","USP40","4c"
0.000481699252076165,0.555539443562821,0.66,0.606,1,"GRCh38-DHX33","DHX33","4c"
0.0551932895782186,0.555538770856066,0.767,0.789,1,"GRCh38-PITPNA","PITPNA","4c"
4.06045045766303e-05,0.55550815091514,0.107,0.034,1,"GRCh38-LMNB1-DT","LMNB1-DT","4c"
0.000187679387765023,0.554890855012332,0.398,0.276,1,"GRCh38-OLMALINC","OLMALINC","4c"
0.00737483742596153,0.554880947897682,0.786,0.692,1,"GRCh38-PPP3CC","PPP3CC","4c"
0.0103973745277948,0.554764564788423,0.573,0.549,1,"GRCh38-ALS2","ALS2","4c"
0.00216825105261296,0.554326382943289,0.495,0.409,1,"GRCh38-ENSG00000233403","ENSG00000233403","4c"
0.738550027611019,0.554230177401476,0.602,0.645,1,"GRCh38-DSEL","DSEL","4c"
0.0396327406885888,0.554131432950038,0.621,0.585,1,"GRCh38-ANKRD27","ANKRD27","4c"
0.00121931166483003,0.554056169007555,0.893,0.935,1,"GRCh38-TMEM165","TMEM165","4c"
0.00812885027990535,0.553943524465002,0.748,0.777,1,"GRCh38-SLC25A26","SLC25A26","4c"
0.000143410820624341,0.553814124864096,0.748,0.659,1,"GRCh38-PRPF40B","PRPF40B","4c"
0.000466817451265897,0.553781612497933,0.689,0.621,1,"GRCh38-DDX19A","DDX19A","4c"
0.00372399341913496,0.553611004406442,0.718,0.682,1,"GRCh38-TBC1D23","TBC1D23","4c"
0.000247115858617209,0.553561361495834,0.65,0.555,1,"GRCh38-MFSD1","MFSD1","4c"
0.0181870826696882,0.553523777679816,0.767,0.779,1,"GRCh38-SLC1A3","SLC1A3","4c"
0.502064014253349,0.553463458435873,0.214,0.275,1,"GRCh38-PRKCG","PRKCG","4c"
0.00131023015655912,0.553006433618131,0.437,0.313,1,"GRCh38-RAP2C-AS1","RAP2C-AS1","4c"
0.000294086578216929,0.552735482708915,0.602,0.475,1,"GRCh38-ZNF276","ZNF276","4c"
0.0212497854058861,-0.55240700664558,0.107,0.192,1,"GRCh38-HPGD","HPGD","4c"
0.000513687127414484,0.552300231549711,0.845,0.836,1,"GRCh38-PHF20L1","PHF20L1","4c"
0.00149027050555487,0.552276852785561,0.796,0.777,1,"GRCh38-DCUN1D4","DCUN1D4","4c"
7.60495379594689e-05,0.551907005922028,0.146,0.057,1,"GRCh38-LINC02307","LINC02307","4c"
0.00119340829722855,0.551806644331439,0.903,0.911,1,"GRCh38-EIF2AK2","EIF2AK2","4c"
0.00654755686663649,0.551273583355687,0.883,0.87,1,"GRCh38-ZNF106","ZNF106","4c"
0.000345508777872465,0.551199504386483,0.515,0.391,1,"GRCh38-ENTPD5","ENTPD5","4c"
0.00197912465728419,0.551060630997368,0.689,0.65,1,"GRCh38-DRAM1","DRAM1","4c"
0.00235471518964669,0.55102436425682,0.66,0.587,1,"GRCh38-ACOT7","ACOT7","4c"
0.0141060424030935,0.550646211528422,0.816,0.829,1,"GRCh38-RAP1A","RAP1A","4c"
0.0124839419946589,0.550509082503046,0.757,0.747,1,"GRCh38-RHOT1","RHOT1","4c"
0.000122356937033961,0.550375250724733,0.456,0.305,1,"GRCh38-POLR3G","POLR3G","4c"
2.49334506857348e-05,0.55025258136373,0.757,0.704,1,"GRCh38-DENND4C","DENND4C","4c"
0.00889387888208093,0.550216645602432,0.748,0.789,1,"GRCh38-CDK7","CDK7","4c"
0.00784926070263122,0.550120483883191,0.816,0.835,1,"GRCh38-NUTM2B-AS1","NUTM2B-AS1","4c"
0.000927927264399205,0.550084140218214,0.621,0.533,1,"GRCh38-FBRS","FBRS","4c"
0.0129832308415697,0.550001938556846,0.903,0.899,1,"GRCh38-NPEPPS","NPEPPS","4c"
0.0309217206810956,0.549861828014848,0.563,0.489,1,"GRCh38-KDM6B","KDM6B","4c"
0.144246863598294,0.549770068723304,0.893,0.917,1,"GRCh38-KYNU","KYNU","4c"
0.0232182575946492,0.549494359491837,0.621,0.588,1,"GRCh38-CARS2","CARS2","4c"
0.000473916760145444,0.549085491605082,0.67,0.582,1,"GRCh38-C1GALT1","C1GALT1","4c"
0.00017187424179697,0.549072775062116,0.505,0.392,1,"GRCh38-DPH5-DT","DPH5-DT","4c"
0.00123266604060174,0.548979653696188,0.816,0.79,1,"GRCh38-B4GALT5","B4GALT5","4c"
0.00174895966353499,0.548968849363572,0.709,0.656,1,"GRCh38-KIAA1522","KIAA1522","4c"
0.000106106835765426,0.548965441562184,0.699,0.577,1,"GRCh38-USP46","USP46","4c"
9.44387044343799e-05,0.548918239811324,0.621,0.489,1,"GRCh38-RANBP3","RANBP3","4c"
0.00212602440074897,0.54881319979183,0.835,0.853,1,"GRCh38-ATG5","ATG5","4c"
0.51149010105499,0.548547534266615,0.864,0.951,1,"GRCh38-BZW2","BZW2","4c"
0.000158803054527787,0.548331578245936,0.621,0.505,1,"GRCh38-NAF1","NAF1","4c"
0.000684836765961293,0.547846552995991,0.816,0.795,1,"GRCh38-RPN1","RPN1","4c"
0.0436367082707791,0.547553980000301,0.709,0.672,1,"GRCh38-PARL","PARL","4c"
2.57519207910502e-05,0.547311146364704,0.437,0.28,1,"GRCh38-ARSB","ARSB","4c"
1.58811945025371e-05,0.546923598407773,0.214,0.095,1,"GRCh38-FOXG1-AS1","FOXG1-AS1","4c"
0.000377090184888571,0.54664550540168,0.456,0.33,1,"GRCh38-MEPCE","MEPCE","4c"
0.000697729276462463,0.546378861356253,0.738,0.716,1,"GRCh38-CTTNBP2NL","CTTNBP2NL","4c"
0.000279887293128429,0.546204385497802,0.485,0.353,1,"GRCh38-RUBCN","RUBCN","4c"
9.05712849379931e-05,0.545946668479527,0.602,0.497,1,"GRCh38-PTGR3","PTGR3","4c"
0.000601923066697361,0.545941961012582,0.544,0.429,1,"GRCh38-CA5B","CA5B","4c"
0.0586013601322743,0.545489734341444,0.524,0.488,1,"GRCh38-DNASE1","DNASE1","4c"
0.000885293044763043,0.545392801611201,0.718,0.624,1,"GRCh38-ERCC3","ERCC3","4c"
3.60819734295105e-05,0.545177469727651,0.592,0.43,1,"GRCh38-MZF1","MZF1","4c"
0.000776338824176302,0.545122464997692,0.612,0.506,1,"GRCh38-PDPK1","PDPK1","4c"
0.611799975601349,0.545078762637195,0.233,0.235,1,"GRCh38-KLF4","KLF4","4c"
0.0450913931579616,0.544764792006817,0.65,0.672,1,"GRCh38-LYRM4","LYRM4","4c"
0.0285503269254483,0.544723775764848,0.816,0.838,1,"GRCh38-TTC19","TTC19","4c"
0.0399530700197774,0.544541183359134,0.709,0.67,1,"GRCh38-IMPA2","IMPA2","4c"
0.00108447621201374,0.544533726758099,0.786,0.803,1,"GRCh38-NT5C2","NT5C2","4c"
0.05762975877726,0.544522708770929,0.058,0.125,1,"GRCh38-ADAMTS14","ADAMTS14","4c"
0.000296501976718423,0.544506512969841,0.485,0.366,1,"GRCh38-PRH1","PRH1","4c"
0.000691472571996059,0.544438335018178,0.515,0.4,1,"GRCh38-DAGLB","DAGLB","4c"
0.00109251219658975,0.543788378090351,0.66,0.561,1,"GRCh38-SLC7A6","SLC7A6","4c"
4.57922401922491e-05,0.54376114628902,0.68,0.56,1,"GRCh38-PPP2R5A","PPP2R5A","4c"
0.000301563963257251,0.543728467349786,0.612,0.514,1,"GRCh38-USF3","USF3","4c"
0.000174649725906713,-0.543379630410427,0.903,0.987,1,"GRCh38-TAGLN2","TAGLN2","4c"
0.0562388403299583,0.543303379521113,0.408,0.366,1,"GRCh38-AK9","AK9","4c"
0.00173376491728602,0.543216662475402,0.845,0.833,1,"GRCh38-P4HA1","P4HA1","4c"
0.00315939177989094,0.543206533634946,0.544,0.444,1,"GRCh38-IFT140","IFT140","4c"
1.97068063125321e-05,0.543150231050386,0.427,0.284,1,"GRCh38-APPAT","APPAT","4c"
0.0029584766597216,0.543091747945854,0.65,0.564,1,"GRCh38-MOB1B","MOB1B","4c"
0.00438299003627395,0.54289313904674,0.718,0.733,1,"GRCh38-BCL9L","BCL9L","4c"
0.0118016558289041,0.542793951306339,0.65,0.58,1,"GRCh38-POP1","POP1","4c"
0.81932445841705,0.542749009143704,0.757,0.805,1,"GRCh38-RALGAPA2","RALGAPA2","4c"
0.440158955858606,0.542551706804379,0.32,0.31,1,"GRCh38-BCL2","BCL2","4c"
0.0064548708709034,0.542485263378433,0.67,0.609,1,"GRCh38-BTD","BTD","4c"
0.000170325807235496,0.541940239410173,0.534,0.409,1,"GRCh38-PNPLA6","PNPLA6","4c"
0.00205299763383717,0.541614599284476,0.612,0.535,1,"GRCh38-INPP5B","INPP5B","4c"
2.8248993625313e-05,0.541541631681432,0.806,0.758,1,"GRCh38-ICE2","ICE2","4c"
0.0158077547906023,0.541521506221705,0.602,0.587,1,"GRCh38-LRRC28","LRRC28","4c"
0.000135437265332061,0.541514072551909,0.427,0.283,1,"GRCh38-CCDC171","CCDC171","4c"
0.000367491196554858,0.541397320480749,0.825,0.775,1,"GRCh38-HMGXB3","HMGXB3","4c"
0.00610908323101515,0.541055402767795,0.689,0.638,1,"GRCh38-ZNF438","ZNF438","4c"
1.6893034890548e-05,0.540963693192008,0.67,0.553,1,"GRCh38-ARNT","ARNT","4c"
0.00799586130011667,0.540730907333669,0.816,0.817,1,"GRCh38-PDGFRA","PDGFRA","4c"
0.0160807703471945,0.540478326665671,0.816,0.806,1,"GRCh38-CHIC2","CHIC2","4c"
0.167385133663469,0.540304798188272,0.738,0.73,1,"GRCh38-ARL17A","ARL17A","4c"
0.583297182481885,0.54026648982394,0.65,0.68,1,"GRCh38-EYS","EYS","4c"
0.000422127213404606,0.540238712803915,0.864,0.892,1,"GRCh38-MIER1","MIER1","4c"
0.0543072011402121,0.54020189857352,0.68,0.682,1,"GRCh38-GABRE","GABRE","4c"
0.00114598070595584,0.539881886502218,0.709,0.652,1,"GRCh38-HEATR5B","HEATR5B","4c"
0.00773626839038172,0.539817572696979,0.854,0.914,1,"GRCh38-OSBPL9","OSBPL9","4c"
0.000261933106404443,0.539720356550938,0.524,0.408,1,"GRCh38-WDTC1","WDTC1","4c"
4.47910291238145e-05,0.539542787847305,0.544,0.39,1,"GRCh38-RNF2","RNF2","4c"
0.0410645695198809,0.539286405536143,0.777,0.786,1,"GRCh38-FKBP5","FKBP5","4c"
0.000369273689566762,0.539194676075937,0.612,0.488,1,"GRCh38-IQCG","IQCG","4c"
0.0764648498560018,0.539142666612817,0.816,0.851,1,"GRCh38-TBCK","TBCK","4c"
0.000303133451482959,-0.538930909987881,0.204,0.366,1,"GRCh38-IGFBP5","IGFBP5","4c"
0.00650437100331852,0.538647950964922,0.34,0.243,1,"GRCh38-TAFA2","TAFA2","4c"
0.287310834062683,0.538409704676751,0.408,0.393,1,"GRCh38-COL21A1","COL21A1","4c"
0.000435426518626665,0.538265272864333,0.33,0.204,1,"GRCh38-MAMLD1","MAMLD1","4c"
5.36656341541617e-05,0.538250892936288,0.738,0.574,1,"GRCh38-SART1","SART1","4c"
0.00461744169475083,0.538065218220702,0.796,0.767,1,"GRCh38-CTNNBL1","CTNNBL1","4c"
0.0541378096036754,0.537949214748727,0.922,0.963,1,"GRCh38-RAB2A","RAB2A","4c"
9.71569475200281e-05,0.537922189371801,0.563,0.418,1,"GRCh38-ACVR2A","ACVR2A","4c"
0.000273692978575081,0.537738986925217,0.709,0.622,1,"GRCh38-ZMYM6","ZMYM6","4c"
0.00133139706471524,0.537454325795266,0.641,0.626,1,"GRCh38-DDR1","DDR1","4c"
6.47849846419708e-05,0.537437318372357,0.553,0.428,1,"GRCh38-TMEM62","TMEM62","4c"
0.00150368325860989,0.537282812109587,0.864,0.823,1,"GRCh38-RAB18","RAB18","4c"
3.29303678178505e-05,0.536935662500432,0.66,0.565,1,"GRCh38-HELQ","HELQ","4c"
0.0161784354788276,0.536725242793347,0.146,0.083,1,"GRCh38-ATP10B","ATP10B","4c"
0.000160075180312871,0.536570771698305,0.699,0.599,1,"GRCh38-SACM1L","SACM1L","4c"
0.107414366066639,0.536555879493012,0.612,0.613,1,"GRCh38-PRR3","PRR3","4c"
0.00228467205436028,0.536433430926801,0.66,0.585,1,"GRCh38-LEMD2","LEMD2","4c"
0.000830069520049803,0.536204373246858,0.631,0.573,1,"GRCh38-CCNT1","CCNT1","4c"
0.00105241114064231,0.5361249319855,0.631,0.535,1,"GRCh38-SGTB","SGTB","4c"
0.832870151409218,0.535846312047078,0.33,0.374,1,"GRCh38-THRB","THRB","4c"
0.000101159726837064,0.535567837117709,0.699,0.603,1,"GRCh38-MIR181A2HG","MIR181A2HG","4c"
0.000103335269990918,0.53547484910624,0.621,0.484,1,"GRCh38-CERK","CERK","4c"
0.000567101714242073,0.535121436636228,0.922,0.939,1,"GRCh38-RAP1B","RAP1B","4c"
0.00611526423175142,0.535023092371323,0.786,0.763,1,"GRCh38-YTHDC2","YTHDC2","4c"
2.86216413918398e-05,0.535010580977816,0.65,0.529,1,"GRCh38-TMEM138","TMEM138","4c"
5.05107234498007e-05,0.534987483305628,0.786,0.723,1,"GRCh38-TEX10","TEX10","4c"
0.0127938708937142,0.534852517802094,0.641,0.628,1,"GRCh38-COG4","COG4","4c"
0.000103034937508674,-0.534659571896222,0.039,0.187,1,"GRCh38-FMO2","FMO2","4c"
0.0104020683991236,0.534381070137545,0.738,0.664,1,"GRCh38-NOL9","NOL9","4c"
0.354044077324613,0.534360950044222,0.845,0.837,1,"GRCh38-MCPH1","MCPH1","4c"
0.00664196462722783,0.534220837032289,0.786,0.829,1,"GRCh38-TMF1","TMF1","4c"
0.0220738712652803,0.534080516352474,0.495,0.442,1,"GRCh38-CNNM2","CNNM2","4c"
0.00333924715693275,0.533825499208157,0.66,0.595,1,"GRCh38-PPARD","PPARD","4c"
0.000431626369880467,0.533812173708508,0.68,0.574,1,"GRCh38-PHTF1","PHTF1","4c"
2.00362320188817e-05,0.533783315104142,0.65,0.477,1,"GRCh38-GANC","GANC","4c"
0.0561026249415684,0.53358499287675,0.825,0.793,1,"GRCh38-LYST","LYST","4c"
0.0567829142309622,0.533438374334027,0.777,0.786,1,"GRCh38-MYO6","MYO6","4c"
0.000812425281924642,0.533297917949748,0.709,0.653,1,"GRCh38-RDH11","RDH11","4c"
9.32298323754608e-05,0.533286653811744,0.757,0.667,1,"GRCh38-DNAAF5","DNAAF5","4c"
0.178976291828755,0.533264161044753,0.864,0.859,1,"GRCh38-COMMD1","COMMD1","4c"
0.00131225595314426,0.533142742311527,0.311,0.2,1,"GRCh38-LRRIQ1","LRRIQ1","4c"
0.00143100404842468,0.532462411926356,0.427,0.318,1,"GRCh38-LPAL2","LPAL2","4c"
3.12342706314923e-05,0.532427609527699,0.252,0.121,1,"GRCh38-WAKMAR2","WAKMAR2","4c"
0.00436369311759625,0.532373919652744,0.204,0.12,1,"GRCh38-ADRB2","ADRB2","4c"
0.00136985139581105,0.532087833359187,0.66,0.609,1,"GRCh38-MYBBP1A","MYBBP1A","4c"
0.0136720260784358,0.532048168568153,0.816,0.818,1,"GRCh38-EPS15","EPS15","4c"
0.00580567133088434,0.532026651662783,0.631,0.604,1,"GRCh38-MGRN1","MGRN1","4c"
2.15981504869939e-05,0.531955174115953,0.66,0.507,1,"GRCh38-INIP","INIP","4c"
0.194330445063956,0.531753763433508,0.786,0.765,1,"GRCh38-SH3D19","SH3D19","4c"
0.000102578035082541,0.531679140110215,0.379,0.235,1,"GRCh38-AGTPBP1","AGTPBP1","4c"
0.014609836871599,0.531678014035964,0.981,0.961,1,"GRCh38-LIMS1","LIMS1","4c"
1.76762019496261e-05,0.53125709181528,0.553,0.415,1,"GRCh38-DHX35","DHX35","4c"
4.80282223240488e-05,0.531093877674998,0.369,0.22,1,"GRCh38-ENSG00000287976","ENSG00000287976","4c"
0.000390552484396905,0.530923761997347,0.718,0.655,1,"GRCh38-RNF34","RNF34","4c"
0.0578670650452617,0.530895621605119,0.796,0.84,1,"GRCh38-CYFIP1","CYFIP1","4c"
0.000289228173121236,0.530836353856474,0.825,0.78,1,"GRCh38-SOS2","SOS2","4c"
7.90294391219163e-05,0.530820368783957,0.456,0.321,1,"GRCh38-ZNF41","ZNF41","4c"
0.0692637958080687,0.530814510944585,0.466,0.417,1,"GRCh38-HSPBAP1","HSPBAP1","4c"
0.0921452645509088,0.530716450646571,0.757,0.82,1,"GRCh38-MRPS25","MRPS25","4c"
0.00540314766497905,0.530714994723348,0.883,0.856,1,"GRCh38-SSH1","SSH1","4c"
7.40004740560359e-05,0.530659961077102,0.544,0.403,1,"GRCh38-USP49","USP49","4c"
0.492155752588625,0.530560741467498,0.641,0.741,1,"GRCh38-PLK2","PLK2","4c"
0.0325734146091059,0.530450465392546,0.621,0.602,1,"GRCh38-ASL","ASL","4c"
0.572977314653651,0.530411268029959,0.796,0.872,1,"GRCh38-DOCK10","DOCK10","4c"
0.0115138378015954,0.530220996556646,0.864,0.896,1,"GRCh38-STIP1","STIP1","4c"
0.000552179692175189,0.530167515758937,0.728,0.682,1,"GRCh38-PNPLA8","PNPLA8","4c"
0.00216656679750337,0.530025123898435,0.67,0.638,1,"GRCh38-BBS9","BBS9","4c"
0.000300122209640041,0.529927751834947,0.757,0.684,1,"GRCh38-DSTYK","DSTYK","4c"
0.00707345205974162,0.529857162617032,0.816,0.843,1,"GRCh38-CMPK1","CMPK1","4c"
0.0226134593105649,0.529833658345961,0.738,0.69,1,"GRCh38-ANKRD13D","ANKRD13D","4c"
0.000900575046476942,0.529516710407363,0.951,0.962,1,"GRCh38-TPR","TPR","4c"
0.000421334726775103,0.529455252807422,0.689,0.622,1,"GRCh38-MED21","MED21","4c"
0.0155216928554351,0.529353820620213,0.612,0.572,1,"GRCh38-ZNF281","ZNF281","4c"
0.002157697993299,0.529020163020254,0.816,0.827,1,"GRCh38-PCNX4","PCNX4","4c"
0.0101002589435965,0.529005576800345,0.631,0.622,1,"GRCh38-RSBN1","RSBN1","4c"
7.10863593786662e-05,0.528803953168263,0.369,0.221,1,"GRCh38-TLE1","TLE1","4c"
0.105039959479448,0.528754024785421,0.903,0.958,1,"GRCh38-DNAJA1","DNAJA1","4c"
0.000334932678735189,0.528712226097712,0.874,0.881,1,"GRCh38-USP33","USP33","4c"
5.85393126061725e-05,0.528696928952871,0.515,0.368,1,"GRCh38-TRIM22","TRIM22","4c"
0.0557569070423227,0.528669220969703,0.621,0.627,1,"GRCh38-DTNBP1","DTNBP1","4c"
0.000296203297525512,0.528598233915112,0.689,0.616,1,"GRCh38-LRIF1","LRIF1","4c"
0.0118480152850407,0.52857439441341,0.709,0.686,1,"GRCh38-MOSMO","MOSMO","4c"
0.000136006021743505,0.52842090373412,0.146,0.059,1,"GRCh38-EPB41L3","EPB41L3","4c"
7.49414966079041e-05,0.528399768505735,0.369,0.226,1,"GRCh38-MB21D2","MB21D2","4c"
0.000126376136807255,0.528160121256889,0.553,0.429,1,"GRCh38-PPRC1","PPRC1","4c"
0.00137677768754646,0.527990393163518,0.777,0.657,1,"GRCh38-MTHFD1","MTHFD1","4c"
0.000232328030348688,0.527933402511982,0.456,0.322,1,"GRCh38-RFX3-DT","RFX3-DT","4c"
2.57770056191047e-05,0.527337387832257,0.272,0.139,1,"GRCh38-ENSG00000256947","ENSG00000256947","4c"
0.0256654181495349,0.527276505649348,0.728,0.755,1,"GRCh38-SIN3B","SIN3B","4c"
0.0717828605232619,0.527098490383011,0.816,0.888,1,"GRCh38-ENOSF1","ENOSF1","4c"
0.00931041173909416,0.526720230985791,0.602,0.538,1,"GRCh38-PI4K2A","PI4K2A","4c"
0.00279542737289648,0.526418296137253,0.893,0.947,1,"GRCh38-U2SURP","U2SURP","4c"
7.80215732875377e-05,0.526358623620788,0.563,0.444,1,"GRCh38-TRAPPC6B","TRAPPC6B","4c"
0.00170828685724799,0.526201410166599,0.67,0.593,1,"GRCh38-KRT75","KRT75","4c"
0.337081661831448,0.526112488383054,0.437,0.467,1,"GRCh38-ENSG00000257869","ENSG00000257869","4c"
0.000122627282679173,0.52605565237885,0.476,0.34,1,"GRCh38-RPS6KA4","RPS6KA4","4c"
0.000288393954629995,0.526011773171949,0.563,0.438,1,"GRCh38-SDHAP4","SDHAP4","4c"
0.207128274912368,0.525572958671565,0.524,0.545,1,"GRCh38-ABHD17C","ABHD17C","4c"
0.000859953907896733,0.524911126265831,0.874,0.934,1,"GRCh38-GBE1","GBE1","4c"
0.0172453155282488,0.524782293711631,0.466,0.386,1,"GRCh38-TMEM158","TMEM158","4c"
0.000133043063765939,0.52477808884228,0.845,0.791,1,"GRCh38-YWHAH","YWHAH","4c"
0.00104337799312479,0.524302975637984,0.913,0.916,1,"GRCh38-NSD3","NSD3","4c"
0.00618890064972082,0.524210867279476,0.971,0.972,1,"GRCh38-HNRNPD","HNRNPD","4c"
4.62154115927943e-05,0.524186980871889,0.612,0.461,1,"GRCh38-GNG2","GNG2","4c"
0.0711646529305517,0.524112496737888,0.961,0.967,1,"GRCh38-EIF3A","EIF3A","4c"
0.00111196602342342,0.52407494042624,0.534,0.431,1,"GRCh38-TMC7","TMC7","4c"
0.0516110503017989,0.523639805602321,0.272,0.207,1,"GRCh38-CLASP1-AS1","CLASP1-AS1","4c"
0.215819812273844,0.523629530527202,0.786,0.847,1,"GRCh38-KMT5B","KMT5B","4c"
0.000472063986752609,0.522798268535318,0.563,0.492,1,"GRCh38-MAFG","MAFG","4c"
0.000274599198286082,0.522762213628282,0.398,0.263,1,"GRCh38-EPM2A","EPM2A","4c"
2.47471126585015e-05,0.522695169758528,0.379,0.227,1,"GRCh38-GRAMD4","GRAMD4","4c"
0.0987553039979481,0.522637303090625,0.379,0.323,1,"GRCh38-SOCS1","SOCS1","4c"
2.61312606968166e-05,0.522466046654677,0.107,0.033,1,"GRCh38-ENSG00000291166","ENSG00000291166","4c"
0.0284632085745344,0.522290244527429,0.67,0.678,1,"GRCh38-AP3S2","AP3S2","4c"
0.00792762557392879,0.522217190204073,0.718,0.68,1,"GRCh38-RSPRY1","RSPRY1","4c"
0.000142905689018789,-0.522113283549901,0.388,0.586,1,"GRCh38-HES4","HES4","4c"
0.0233246068020657,0.522092629203005,0.689,0.674,1,"GRCh38-HDAC7","HDAC7","4c"
0.841104659990049,0.521967701568019,0.515,0.574,1,"GRCh38-LINC00882","LINC00882","4c"
0.00117482759307126,0.521727821637357,0.621,0.554,1,"GRCh38-GTF3C2","GTF3C2","4c"
1.81234736356961e-05,0.521675105730829,0.68,0.587,1,"GRCh38-GTPBP10","GTPBP10","4c"
0.0210973518544921,0.521660427310359,0.515,0.458,1,"GRCh38-NCKAP5L","NCKAP5L","4c"
0.0101287081502432,0.521603821680796,0.718,0.695,1,"GRCh38-ABHD12","ABHD12","4c"
1.92302343111302e-05,-0.521564154427523,0.573,0.782,1,"GRCh38-PYCR1","PYCR1","4c"
0.00109739783779737,0.52148685035888,0.786,0.784,1,"GRCh38-ATAD1","ATAD1","4c"
0.00051957449993448,0.521361462859838,0.942,0.935,1,"GRCh38-AKAP9","AKAP9","4c"
0.53970064339919,-0.521127626224762,0.194,0.211,1,"GRCh38-CCSER1","CCSER1","4c"
0.00871219139733048,0.520998161604152,0.757,0.746,1,"GRCh38-CRCP","CRCP","4c"
0.0269271595472644,0.520719766901416,0.427,0.338,1,"GRCh38-ZDHHC14","ZDHHC14","4c"
0.00308597275702011,0.5206531805193,0.951,0.96,1,"GRCh38-GOLGA4","GOLGA4","4c"
0.000132309666251276,0.520627976945889,0.573,0.434,1,"GRCh38-FAM107B","FAM107B","4c"
5.30704161543066e-05,0.5205259291354,0.612,0.504,1,"GRCh38-MFSD8","MFSD8","4c"
0.000144855868334373,0.520492194127762,0.825,0.753,1,"GRCh38-SRSF6","SRSF6","4c"
6.56107466035092e-05,0.520408127584941,0.311,0.177,1,"GRCh38-ENSG00000291143","ENSG00000291143","4c"
0.000269343180297234,-0.520391876342864,0.447,0.596,1,"GRCh38-TRIB3","TRIB3","4c"
0.338215932725709,0.520118458867797,0.301,0.264,1,"GRCh38-NTNG1","NTNG1","4c"
0.00422996635124781,0.520048852211189,0.709,0.679,1,"GRCh38-ZNRF1","ZNRF1","4c"
0.000157641625642225,0.5200227947879,0.262,0.141,1,"GRCh38-MAD2L1-DT","MAD2L1-DT","4c"
9.35729093882721e-05,0.519845760035894,0.738,0.61,1,"GRCh38-DUSP6","DUSP6","4c"
0.00103131919872237,0.519670128244328,0.767,0.729,1,"GRCh38-PRPF3","PRPF3","4c"
0.00036527877145087,0.519190718451581,0.767,0.704,1,"GRCh38-BCL2L13","BCL2L13","4c"
0.000210815271553307,0.519012091377794,0.65,0.563,1,"GRCh38-KIF1C","KIF1C","4c"
0.000420370950995307,0.518897549549211,0.214,0.111,1,"GRCh38-ENSG00000287044","ENSG00000287044","4c"
0.0477096927608547,0.518867769822587,0.505,0.462,1,"GRCh38-FGF2","FGF2","4c"
0.00462871174407892,0.518611689545472,0.65,0.604,1,"GRCh38-TDRD3","TDRD3","4c"
0.0242072182154722,0.518300485670117,0.796,0.856,1,"GRCh38-RCN2","RCN2","4c"
0.000196809784291684,0.518186540467026,0.592,0.482,1,"GRCh38-PPIL2","PPIL2","4c"
0.000119380206315745,0.517869161726679,0.476,0.342,1,"GRCh38-SLC19A1","SLC19A1","4c"
0.0323768057814112,0.517723399352298,0.359,0.276,1,"GRCh38-SYNM","SYNM","4c"
0.0208469768179787,0.517299456323856,0.796,0.785,1,"GRCh38-TMX2","TMX2","4c"
0.000166523683166639,0.517112558462312,0.233,0.119,1,"GRCh38-AGA-DT","AGA-DT","4c"
0.062856669925409,0.517079801330905,0.408,0.358,1,"GRCh38-SLC43A2","SLC43A2","4c"
0.000875203426604647,0.516711174312354,0.699,0.652,1,"GRCh38-MIPEP","MIPEP","4c"
0.00383879985645167,0.516479640506708,0.816,0.776,1,"GRCh38-KRAS","KRAS","4c"
0.000116359735737486,0.516475747575394,0.748,0.648,1,"GRCh38-RAD1","RAD1","4c"
0.0266559477734357,0.516162937274126,0.874,0.85,1,"GRCh38-GMPS","GMPS","4c"
0.00117748323566808,0.515927968583242,0.515,0.415,1,"GRCh38-DHX34","DHX34","4c"
4.40547761759771e-05,0.515535203608495,0.689,0.529,1,"GRCh38-ASH2L","ASH2L","4c"
1.39006465243557e-05,0.515319403803488,0.252,0.117,1,"GRCh38-CYB5R2","CYB5R2","4c"
0.0126633826551224,0.515174736433682,0.602,0.58,1,"GRCh38-TRIT1","TRIT1","4c"
0.000529975673766511,0.514928772765402,0.728,0.623,1,"GRCh38-TMEM168","TMEM168","4c"
0.285907470938147,0.514803138043832,0.913,0.939,1,"GRCh38-ARID5B","ARID5B","4c"
0.080554266968645,0.514683712275599,0.612,0.599,1,"GRCh38-CARNMT1","CARNMT1","4c"
0.00503203112489108,0.514457319178829,0.738,0.698,1,"GRCh38-PPP1R21","PPP1R21","4c"
0.960179965057019,0.514165957593149,0.534,0.617,1,"GRCh38-ZNF827","ZNF827","4c"
3.27712173418613e-05,0.513996334485858,0.534,0.349,1,"GRCh38-PAXIP1","PAXIP1","4c"
0.17952108677689,0.513743454942191,0.466,0.467,1,"GRCh38-CCDC191","CCDC191","4c"
0.00120983270086002,0.513527844797918,0.612,0.522,1,"GRCh38-SOCS4","SOCS4","4c"
0.178718598848802,0.513320716288014,0.709,0.76,1,"GRCh38-IL18","IL18","4c"
0.00351572261391259,0.513212560816449,0.282,0.197,1,"GRCh38-ENSG00000253736","ENSG00000253736","4c"
0.00245558111425807,0.512994196094272,0.66,0.576,1,"GRCh38-TBCE","TBCE","4c"
1.52613649167879e-05,0.512897580194943,0.65,0.478,1,"GRCh38-PRPSAP2","PRPSAP2","4c"
0.000469188425137524,0.512894054021237,0.466,0.335,1,"GRCh38-MLKL","MLKL","4c"
0.00213230984412018,0.512842210732426,0.34,0.238,1,"GRCh38-RTN4IP1","RTN4IP1","4c"
0.00288649829523704,0.512686692042995,0.816,0.761,1,"GRCh38-MAVS","MAVS","4c"
0.00256917109032219,0.511814370205531,0.65,0.611,1,"GRCh38-BTN2A1","BTN2A1","4c"
0.000403193677295586,0.511770631630109,0.495,0.376,1,"GRCh38-BMS1P1","BMS1P1","4c"
4.67727658612422e-05,0.511731268045957,0.515,0.341,1,"GRCh38-FERMT1","FERMT1","4c"
1.4202166001665e-05,0.511692262560545,0.796,0.697,1,"GRCh38-AKIRIN2","AKIRIN2","4c"
0.367744963258617,0.511659553591823,0.398,0.408,1,"GRCh38-SATB1-AS1","SATB1-AS1","4c"
0.183683466371013,0.511519421739293,0.534,0.527,1,"GRCh38-MRNIP","MRNIP","4c"
3.48774875758685e-05,0.511471919360983,0.67,0.519,1,"GRCh38-CTC-338M12.4","CTC-338M12","4c"
0.000444680535651041,0.511389152895612,0.466,0.318,1,"GRCh38-SERPINA1","SERPINA1","4c"
0.00173959026930425,0.511362021321206,0.816,0.796,1,"GRCh38-SMAD4","SMAD4","4c"
0.00063395137868361,0.510906275423696,0.835,0.834,1,"GRCh38-CCNH","CCNH","4c"
0.846065523449981,0.510729331108873,0.544,0.603,1,"GRCh38-RANBP17","RANBP17","4c"
0.00301554591363046,0.510668066418276,0.922,0.907,1,"GRCh38-USP8","USP8","4c"
0.000697396045295502,0.510490329068464,0.738,0.7,1,"GRCh38-PRPSAP1","PRPSAP1","4c"
0.021827016191219,0.510427045625671,0.806,0.803,1,"GRCh38-PRKCI","PRKCI","4c"
0.402199587719792,0.510325242412139,0.388,0.423,1,"GRCh38-FRY","FRY","4c"
0.00192164260310419,0.510097897616509,0.689,0.6,1,"GRCh38-COL16A1","COL16A1","4c"
0.0023381910770385,0.509450015870209,0.796,0.744,1,"GRCh38-ATF7","ATF7","4c"
4.12923165581027e-05,0.509270776769451,0.592,0.43,1,"GRCh38-LIG3","LIG3","4c"
0.0504387034305713,0.50924349900485,0.825,0.781,1,"GRCh38-SNX4","SNX4","4c"
0.0716712228878791,0.509054099286998,0.136,0.089,1,"GRCh38-ENSG00000288692","ENSG00000288692","4c"
0.000318918186611154,0.508994748520422,0.67,0.576,1,"GRCh38-METAP1","METAP1","4c"
3.48108955942417e-05,0.508915204359587,0.874,0.866,1,"GRCh38-TIAL1","TIAL1","4c"
0.207448799295325,0.508260597381976,0.709,0.751,1,"GRCh38-MRPL1","MRPL1","4c"
0.0431202373341491,0.508201476778092,0.883,0.917,1,"GRCh38-HNRNPF","HNRNPF","4c"
0.0333598506132981,0.508150962324647,0.592,0.549,1,"GRCh38-MAP3K14","MAP3K14","4c"
0.00360918003071362,0.508098673981816,0.583,0.521,1,"GRCh38-SDC3","SDC3","4c"
0.0156752975322505,0.508074054441481,0.563,0.51,1,"GRCh38-ARAP3","ARAP3","4c"
0.000392734152209218,0.508030414751371,0.67,0.555,1,"GRCh38-FAM199X","FAM199X","4c"
0.00179250364147621,0.507602481944489,0.573,0.509,1,"GRCh38-EHBP1L1","EHBP1L1","4c"
0.00775162325004413,0.507245841187184,0.534,0.47,1,"GRCh38-NFKB2","NFKB2","4c"
0.000860030935422686,0.507214348658996,0.718,0.691,1,"GRCh38-KLHL20","KLHL20","4c"
0.32724234007008,0.507100834731339,0.738,0.823,1,"GRCh38-MTHFD2L","MTHFD2L","4c"
1.72584248788489e-05,-0.507093148937947,0.515,0.745,1,"GRCh38-METRNL","METRNL","4c"
0.00130161303330012,0.507023947609834,0.398,0.269,1,"GRCh38-ARHGAP28","ARHGAP28","4c"
0.00236089173306195,0.506716577303524,0.864,0.851,1,"GRCh38-ECHDC1","ECHDC1","4c"
0.0156071109901481,0.506519653056377,0.748,0.699,1,"GRCh38-ELOA","ELOA","4c"
5.3757466655382e-05,0.506489603722069,0.757,0.673,1,"GRCh38-ILKAP","ILKAP","4c"
0.0102319071852308,0.506253261452305,0.534,0.47,1,"GRCh38-AP5M1","AP5M1","4c"
0.0168305849964114,0.506046950937729,0.204,0.131,1,"GRCh38-JPH1","JPH1","4c"
2.41327533249121e-05,0.506035961098719,0.67,0.535,1,"GRCh38-BRAP","BRAP","4c"
0.01127249326078,0.505668547819008,0.301,0.212,1,"GRCh38-ADGRL4","ADGRL4","4c"
6.38092982769772e-05,0.505277265399061,0.602,0.446,1,"GRCh38-WBP1L","WBP1L","4c"
7.56510514687692e-05,0.505173830131838,0.835,0.785,1,"GRCh38-LIFR","LIFR","4c"
0.0284526875699464,0.504552580199575,0.748,0.719,1,"GRCh38-PRKAR1B","PRKAR1B","4c"
0.000178984723528552,0.504452810641399,0.748,0.654,1,"GRCh38-TRIM38","TRIM38","4c"
0.243850156455669,0.504408317607082,0.845,0.866,1,"GRCh38-SPIRE1","SPIRE1","4c"
0.00209934346463155,0.504245035348567,0.437,0.335,1,"GRCh38-GPR135","GPR135","4c"
0.065836273502544,0.504162004760177,0.777,0.77,1,"GRCh38-TANC1","TANC1","4c"
0.000344158741868389,0.504103608565558,0.544,0.434,1,"GRCh38-RAD52","RAD52","4c"
0.00228821546685461,0.504101551551006,0.573,0.483,1,"GRCh38-ENSG00000290931","ENSG00000290931","4c"
0.000750766615913657,0.504077428599233,0.68,0.59,1,"GRCh38-BICRAL","BICRAL","4c"
0.00015510961843163,0.504016679481976,0.854,0.845,1,"GRCh38-KRIT1","KRIT1","4c"
0.317249499165055,0.503754415220386,0.806,0.853,1,"GRCh38-POLK","POLK","4c"
0.396596205369802,0.503601512036726,0.291,0.273,1,"GRCh38-SUGCT","SUGCT","4c"
0.00421911385358386,0.503568883509236,0.738,0.706,1,"GRCh38-ZNF518A","ZNF518A","4c"
0.00131267652698096,0.503163704878344,0.767,0.72,1,"GRCh38-PUS7L","PUS7L","4c"
2.48426780217045e-05,0.502829536862521,0.485,0.339,1,"GRCh38-VPS37C","VPS37C","4c"
0.0282361734917939,0.502391912485007,0.738,0.711,1,"GRCh38-NAA60","NAA60","4c"
0.00040078259000929,0.502294903203965,0.592,0.505,1,"GRCh38-CYP2R1","CYP2R1","4c"
0.727914994525171,0.502158074725624,0.874,0.932,1,"GRCh38-MIR4435-2HG","MIR4435-2HG","4c"
0.000307029622199985,0.501889608157849,0.738,0.638,1,"GRCh38-WDR73","WDR73","4c"
0.00491029026363109,0.501871260299118,0.563,0.485,1,"GRCh38-C1RL-AS1","C1RL-AS1","4c"
0.0313626827935946,0.501816609132653,0.854,0.876,1,"GRCh38-FUCA2","FUCA2","4c"
0.000187193653560222,0.501748196779028,0.65,0.527,1,"GRCh38-PPP6R1","PPP6R1","4c"
0.138866065503259,-0.50163036439468,0.282,0.331,1,"GRCh38-KIF26B","KIF26B","4c"
0.00459627448818486,0.501526543113521,0.777,0.792,1,"GRCh38-KCTD20","KCTD20","4c"
0.594217239441413,0.501441195770733,0.66,0.767,1,"GRCh38-ARHGEF10","ARHGEF10","4c"
0.000655795247454288,0.501426534987867,0.709,0.634,1,"GRCh38-C5orf22","C5orf22","4c"
0.467815092448185,0.501133306962665,0.583,0.622,1,"GRCh38-TRIM5","TRIM5","4c"
0.00123933808475111,0.501068422226913,0.612,0.553,1,"GRCh38-ENOPH1","ENOPH1","4c"
0.00149522720996457,0.501024980483945,0.796,0.77,1,"GRCh38-TPBG","TPBG","4c"
0.00350076571856776,0.500933195180623,0.476,0.38,1,"GRCh38-CCDC40","CCDC40","4c"
0.0583078982817764,0.500874282015623,0.971,0.957,1,"GRCh38-NR3C1","NR3C1","4c"
0.00285796253002356,0.500710158996594,0.816,0.821,1,"GRCh38-UBA1","UBA1","4c"
0.0375416954687892,0.500397991744168,0.835,0.885,1,"GRCh38-CCDC50","CCDC50","4c"
0.00127304281779227,0.500377646646919,0.583,0.478,1,"GRCh38-RHBDD3","RHBDD3","4c"
0.0336289019926565,0.500268415677586,0.816,0.872,1,"GRCh38-RABGAP1","RABGAP1","4c"
0.0111527596483892,0.500097217827918,0.68,0.659,1,"GRCh38-PPAT","PPAT","4c"
0.00315970605432148,0.500074893054994,0.65,0.55,1,"GRCh38-ANKS3","ANKS3","4c"
0.00224384540632497,0.499690833165375,0.825,0.862,1,"GRCh38-PPHLN1","PPHLN1","4c"
0.0131207966376643,0.499601423206234,0.437,0.347,1,"GRCh38-DOCK6","DOCK6","4c"
7.42903457733329e-05,0.499208575283704,0.583,0.449,1,"GRCh38-NPEPPSP1","NPEPPSP1","4c"
0.00225612517632385,0.499105878069448,0.806,0.82,1,"GRCh38-TFAM","TFAM","4c"
0.0187429061112887,0.498918017540529,0.903,0.952,1,"GRCh38-RBM25","RBM25","4c"
0.00131181598453112,0.498664471458933,0.33,0.213,1,"GRCh38-AMN1","AMN1","4c"
0.00476005959721709,-0.498530131076832,0.204,0.322,1,"GRCh38-LSP1","LSP1","4c"
0.163822736264477,0.498456930046919,0.417,0.394,1,"GRCh38-GRM7","GRM7","4c"
0.000968501331663442,0.498455029925103,0.592,0.497,1,"GRCh38-TENT4B","TENT4B","4c"
0.00222395439166254,0.498437386056318,0.699,0.664,1,"GRCh38-LINC02616","LINC02616","4c"
0.000215288719442985,0.498247418176357,0.34,0.212,1,"GRCh38-TRPM4","TRPM4","4c"
0.0101744161993733,0.498221918582207,0.641,0.616,1,"GRCh38-UNK","UNK","4c"
0.195715296750556,0.498131081972701,0.816,0.942,1,"GRCh38-JUN","JUN","4c"
0.000902457473951652,0.498130652476741,0.388,0.269,1,"GRCh38-EMB","EMB","4c"
0.0012211826186381,0.497973936084675,0.621,0.577,1,"GRCh38-MAEA","MAEA","4c"
0.0335783228856779,0.497925238752006,0.641,0.66,1,"GRCh38-MTMR1","MTMR1","4c"
0.884966419745094,0.497775896695496,0.592,0.675,1,"GRCh38-WARS2-AS1","WARS2-AS1","4c"
0.220917442397793,0.49771554172484,0.485,0.425,1,"GRCh38-SEMA5A","SEMA5A","4c"
0.000129628726420509,-0.497636833808852,0.107,0.273,1,"GRCh38-KCNK2","KCNK2","4c"
0.00957632179260373,0.497532810902599,0.893,0.882,1,"GRCh38-UBN1","UBN1","4c"
0.9837707622926,0.497529564543421,0.505,0.599,1,"GRCh38-CHCHD6","CHCHD6","4c"
0.00230053057758509,-0.496983710697347,0.117,0.05,1,"GRCh38-FABP4","FABP4","4c"
0.00822728685692652,0.496763630633135,0.767,0.755,1,"GRCh38-HSF1","HSF1","4c"
0.00928208725224448,0.496603600863779,0.748,0.75,1,"GRCh38-WDR36","WDR36","4c"
1.58523285050514e-05,0.496583254708,0.67,0.528,1,"GRCh38-KRI1","KRI1","4c"
9.98621965529991e-05,0.496419266225965,0.252,0.127,1,"GRCh38-MMADHC-DT","MMADHC-DT","4c"
0.000539694324212383,0.496330059724623,0.398,0.271,1,"GRCh38-HIRA","HIRA","4c"
1.71596084684994e-05,-0.496242726128346,0.67,0.887,1,"GRCh38-FBXO32","FBXO32","4c"
0.018892407739457,0.496059085874125,0.922,0.97,1,"GRCh38-P4HB","P4HB","4c"
0.000928766698883249,0.4959552010995,0.922,0.897,1,"GRCh38-POLR2B","POLR2B","4c"
5.20857852186728e-05,0.495777396242314,0.67,0.554,1,"GRCh38-BRMS1L","BRMS1L","4c"
0.0463696449275411,0.495642936818093,0.757,0.759,1,"GRCh38-MIDN","MIDN","4c"
3.6023991416042e-05,0.495509289723552,0.583,0.447,1,"GRCh38-ZNF318","ZNF318","4c"
0.170276853495673,0.495377883155212,0.854,0.904,1,"GRCh38-MNAT1","MNAT1","4c"
0.000681408212463387,0.495363693328236,1,0.986,1,"GRCh38-TUBB","TUBB","4c"
0.108270398605489,0.495354775321601,0.864,0.905,1,"GRCh38-SMS","SMS","4c"
0.0015606193863443,0.495202865604527,0.689,0.632,1,"GRCh38-MYO1E","MYO1E","4c"
0.0120041809157066,0.495094789034502,0.893,0.913,1,"GRCh38-ODF2L","ODF2L","4c"
0.149383280623662,0.494973337446755,0.621,0.604,1,"GRCh38-ABCC4","ABCC4","4c"
0.000386758967236053,0.494731577006104,0.476,0.362,1,"GRCh38-NDFIP2","NDFIP2","4c"
0.102108920833531,0.494533114852343,0.806,0.868,1,"GRCh38-ATF6","ATF6","4c"
0.000770411059649446,0.494501024679022,0.748,0.716,1,"GRCh38-CAV2","CAV2","4c"
0.103368522918882,0.494427892007668,0.922,0.935,1,"GRCh38-AOPEP","AOPEP","4c"
0.00020137762888354,0.493934865960207,0.699,0.601,1,"GRCh38-GOT1","GOT1","4c"
0.00179906012863122,0.493802511744733,0.553,0.444,1,"GRCh38-ARSK","ARSK","4c"
0.00611020542581955,0.493616997067332,0.583,0.53,1,"GRCh38-KDM2B","KDM2B","4c"
0.0349352718068665,0.493520917979591,0.612,0.601,1,"GRCh38-GATD1","GATD1","4c"
0.0087995344350016,-0.493485078371111,0.544,0.665,1,"GRCh38-DNAH5","DNAH5","4c"
0.0791042589175624,0.493425985754155,0.602,0.556,1,"GRCh38-CNTNAP2","CNTNAP2","4c"
7.84545779868339e-05,0.492852292811047,0.243,0.124,1,"GRCh38-ENSG00000285646","ENSG00000285646","4c"
0.00769778803384026,-0.492738026851519,0.214,0.351,1,"GRCh38-NRN1","NRN1","4c"
0.00222429499278238,0.492280268168139,0.641,0.554,1,"GRCh38-PTCD2","PTCD2","4c"
0.0198781083173628,0.492102461297024,0.583,0.541,1,"GRCh38-TBC1D14","TBC1D14","4c"
0.000648163146254056,0.49201907050161,0.252,0.143,1,"GRCh38-NRG2","NRG2","4c"
0.131904841652939,0.491980540237322,0.757,0.821,1,"GRCh38-LYPLA1","LYPLA1","4c"
0.00815632697297035,0.491808319862083,0.767,0.679,1,"GRCh38-DHX32","DHX32","4c"
8.60571731289374e-05,0.491689174380528,0.563,0.41,1,"GRCh38-SLC8B1","SLC8B1","4c"
0.0269185066112087,0.491439526240962,0.417,0.365,1,"GRCh38-VPS9D1","VPS9D1","4c"
0.0143969045806099,0.491400184253201,0.806,0.787,1,"GRCh38-UTP6","UTP6","4c"
0.000812054782306456,0.491358164926841,0.524,0.419,1,"GRCh38-SMYD4","SMYD4","4c"
0.443006993705341,0.49135577582886,0.592,0.624,1,"GRCh38-OSBPL5","OSBPL5","4c"
0.561930828188603,0.491338084192965,0.233,0.276,1,"GRCh38-BICC1","BICC1","4c"
0.0276044615731847,0.490982781641088,0.505,0.476,1,"GRCh38-LCA5","LCA5","4c"
0.000440047355538903,0.490955458702066,0.563,0.442,1,"GRCh38-PGS1","PGS1","4c"
0.00402129860113479,0.490943242127633,0.515,0.408,1,"GRCh38-RPS6KA5","RPS6KA5","4c"
0.00765630345683745,0.490844502507984,0.777,0.818,1,"GRCh38-SMARCAD1","SMARCAD1","4c"
0.00891705023736227,0.490626417009815,0.825,0.826,1,"GRCh38-NEK1","NEK1","4c"
6.11076918360837e-05,0.4905675544858,0.728,0.612,1,"GRCh38-RAB12","RAB12","4c"
0.00131604378784887,0.490376859456102,0.806,0.801,1,"GRCh38-TMX3","TMX3","4c"
0.0262238538721193,-0.490326544166034,0.155,0.238,1,"GRCh38-TSPAN8","TSPAN8","4c"
0.00026965217696076,0.490293441062509,0.602,0.498,1,"GRCh38-SEC23IP","SEC23IP","4c"
0.083682792673882,0.490215947391157,0.845,0.9,1,"GRCh38-MBD5","MBD5","4c"
0.000101820419656526,0.490018596402374,0.447,0.319,1,"GRCh38-ATRIP","ATRIP","4c"
0.00272956245989347,0.489941048182418,0.961,0.976,1,"GRCh38-HNRNPDL","HNRNPDL","4c"
0.030420928350181,0.489849686647876,0.631,0.586,1,"GRCh38-DIPK1A","DIPK1A","4c"
0.0236986728368391,0.489792540895437,0.68,0.69,1,"GRCh38-ZHX1","ZHX1","4c"
0.237614901224884,0.489753712036377,0.981,0.957,1,"GRCh38-ATRX","ATRX","4c"
7.09140098079056e-05,0.489642206444499,0.835,0.743,1,"GRCh38-UBXN7","UBXN7","4c"
0.000278005827959609,-0.489593346256008,0.466,0.606,1,"GRCh38-ZSCAN31","ZSCAN31","4c"
0.000940663666227284,0.489584023794857,0.437,0.328,1,"GRCh38-COX18","COX18","4c"
0.0797401064649521,0.489433391562857,0.796,0.867,1,"GRCh38-FAF2","FAF2","4c"
0.000365986391061518,0.48942238150966,0.602,0.484,1,"GRCh38-NRDE2","NRDE2","4c"
0.000112022625915842,0.489365048173663,0.621,0.473,1,"GRCh38-ENSG00000291117","ENSG00000291117","4c"
3.0356987509052e-05,0.489221553164884,0.388,0.243,1,"GRCh38-ZBTB5","ZBTB5","4c"
0.551447314594542,0.48919267818533,0.689,0.739,1,"GRCh38-RELB","RELB","4c"
0.000342994675157974,0.488839556597892,0.748,0.726,1,"GRCh38-SAR1B","SAR1B","4c"
1.39319531257641e-05,0.488780873292199,0.563,0.4,1,"GRCh38-RBAK","RBAK","4c"
0.019081034998461,0.488678337707834,0.631,0.603,1,"GRCh38-ZCCHC10","ZCCHC10","4c"
0.00187523100960325,0.488226112404471,0.544,0.417,1,"GRCh38-ZNF398","ZNF398","4c"
0.00028870293797552,0.488173236878074,0.602,0.493,1,"GRCh38-ARFGAP1","ARFGAP1","4c"
0.109961027490321,0.487940933702954,0.65,0.671,1,"GRCh38-ENSG00000227486","ENSG00000227486","4c"
2.19829437144199e-05,0.487689620401832,0.699,0.57,1,"GRCh38-VPS39","VPS39","4c"
0.903751260420384,0.487529754767795,0.68,0.682,1,"GRCh38-IGF2BP2","IGF2BP2","4c"
0.00100795964860289,0.487416827091934,0.845,0.736,1,"GRCh38-CPSF2","CPSF2","4c"
0.00154755621486809,0.487385429995688,0.262,0.157,1,"GRCh38-SYNE3","SYNE3","4c"
0.00885761643590811,0.48706756039061,0.272,0.189,1,"GRCh38-LINC02456","LINC02456","4c"
0.204084644783795,0.487001922249457,0.583,0.617,1,"GRCh38-EVC","EVC","4c"
0.000949786045524753,0.486983651759189,0.553,0.465,1,"GRCh38-NBPF9","NBPF9","4c"
0.000312836010350702,0.486963914146122,0.796,0.739,1,"GRCh38-PANK2","PANK2","4c"
0.000225854574601192,0.486539116114186,0.544,0.434,1,"GRCh38-DCAF12","DCAF12","4c"
0.0642231818809268,0.486478872429575,0.806,0.852,1,"GRCh38-DCAF6","DCAF6","4c"
0.0155820621661999,0.486366005778901,0.35,0.276,1,"GRCh38-BPGM","BPGM","4c"
6.90586805250994e-05,0.48581376528313,0.553,0.418,1,"GRCh38-MGAT2","MGAT2","4c"
0.59188625396087,0.485757369797797,0.825,0.89,1,"GRCh38-PHF20","PHF20","4c"
0.262024669854402,0.485677764466981,0.942,0.983,1,"GRCh38-LMNA","LMNA","4c"
0.02341869758697,0.485288466922931,0.505,0.458,1,"GRCh38-PIP5K1C","PIP5K1C","4c"
0.0233953098378159,0.48527353220053,0.767,0.797,1,"GRCh38-ITGB3BP","ITGB3BP","4c"
0.0209852535346367,0.485141978579914,0.728,0.71,1,"GRCh38-TPST2","TPST2","4c"
0.00399042742212844,0.485086770494557,0.524,0.439,1,"GRCh38-INPP5F","INPP5F","4c"
7.93682175656139e-05,0.485079303414206,0.311,0.18,1,"GRCh38-ENDOD1","ENDOD1","4c"
0.0974564786962515,0.484989351556249,0.748,0.789,1,"GRCh38-KLF3","KLF3","4c"
0.000972332284771841,0.484746682731805,0.718,0.635,1,"GRCh38-STAG3L4","STAG3L4","4c"
0.00281467822351602,0.484616142711283,0.738,0.683,1,"GRCh38-LONP1","LONP1","4c"
0.000168239900377884,0.484547460723183,0.388,0.259,1,"GRCh38-METTL7A","METTL7A","4c"
1.65302744635551e-05,0.484408713012733,0.612,0.452,1,"GRCh38-ZW10","ZW10","4c"
0.000969821399244502,0.484189513788571,0.641,0.542,1,"GRCh38-DVL3","DVL3","4c"
0.00120837212044128,0.484153213931005,0.583,0.499,1,"GRCh38-ACAP3","ACAP3","4c"
2.01683309366011e-05,0.483903746499335,0.515,0.349,1,"GRCh38-SETD1A","SETD1A","4c"
0.00178710070928692,0.483651792920994,0.515,0.385,1,"GRCh38-ATP8B2","ATP8B2","4c"
0.0207609373254017,0.48323273112548,0.922,0.958,1,"GRCh38-HNRNPM","HNRNPM","4c"
0.306310185526405,0.483177561225022,0.786,0.801,1,"GRCh38-LRRC41","LRRC41","4c"
1.81807069155968e-05,0.483139304329008,0.65,0.503,1,"GRCh38-SAAL1","SAAL1","4c"
0.000104292791968455,0.483075513919695,0.466,0.305,1,"GRCh38-AP4S1","AP4S1","4c"
0.986186286495003,-0.482971116150528,0.447,0.424,1,"GRCh38-HILPDA","HILPDA","4c"
0.00970876890477132,0.482892149921778,0.583,0.534,1,"GRCh38-PINX1","PINX1","4c"
0.00222033456662688,0.482804350704656,0.709,0.661,1,"GRCh38-EXOC7","EXOC7","4c"
0.00737858437858524,0.482651240248673,0.825,0.827,1,"GRCh38-ZMYND11","ZMYND11","4c"
0.0110518146053366,0.482558526231599,0.806,0.843,1,"GRCh38-BMS1","BMS1","4c"
0.00115330860179928,0.482461254674122,0.301,0.19,1,"GRCh38-KAZN-AS1","KAZN-AS1","4c"
0.00131105596646245,0.482356764278882,0.718,0.614,1,"GRCh38-DISP1","DISP1","4c"
0.000111717061369376,0.482305559274801,0.262,0.143,1,"GRCh38-FBXO48","FBXO48","4c"
0.335322785032736,0.48226161212182,0.136,0.176,1,"GRCh38-SH3RF3","SH3RF3","4c"
0.0199907498979532,0.481970007210013,0.68,0.731,1,"GRCh38-PPP5C","PPP5C","4c"
0.378667372558794,0.481908165555535,0.544,0.67,1,"GRCh38-IER5L","IER5L","4c"
0.00595675079391882,0.481714697575355,0.971,0.984,1,"GRCh38-YWHAZ","YWHAZ","4c"
0.00363040135870226,0.481671727695335,0.796,0.757,1,"GRCh38-MAGT1","MAGT1","4c"
0.191077475903364,-0.48148029871065,0.427,0.504,1,"GRCh38-GDF15","GDF15","4c"
0.00488504729537993,0.481182302771323,0.621,0.524,1,"GRCh38-ALG14","ALG14","4c"
0.0166008351850819,0.481169769121395,0.922,0.956,1,"GRCh38-GOLGB1","GOLGB1","4c"
0.0114481476774665,0.480888047718357,0.767,0.763,1,"GRCh38-INTS10","INTS10","4c"
0.000158631937635419,0.480873715665681,0.641,0.529,1,"GRCh38-COG7","COG7","4c"
0.10328531329859,0.48068121205208,0.825,0.863,1,"GRCh38-ESF1","ESF1","4c"
0.0975978953419805,0.480636517871737,0.728,0.756,1,"GRCh38-WIPF1","WIPF1","4c"
0.00215625785825844,0.480512700119522,0.806,0.794,1,"GRCh38-ARPP19","ARPP19","4c"
0.000257229631941653,0.480490450590262,0.767,0.685,1,"GRCh38-ACTL6A","ACTL6A","4c"
0.000800264137971485,0.480416033468491,0.825,0.804,1,"GRCh38-HMGB3","HMGB3","4c"
0.000126292828666244,0.480114636099761,0.65,0.544,1,"GRCh38-GUF1","GUF1","4c"
0.264778178719293,0.479763110241125,0.194,0.154,1,"GRCh38-MTCP1","MTCP1","4c"
0.00932374408432464,0.479534304477283,0.796,0.756,1,"GRCh38-TRIM25","TRIM25","4c"
0.00359295534478989,0.479525000549565,0.777,0.763,1,"GRCh38-STXBP3","STXBP3","4c"
0.003265717968202,0.479288834912557,0.67,0.609,1,"GRCh38-GNPNAT1","GNPNAT1","4c"
2.34683720885974e-05,0.479274704212279,0.311,0.169,1,"GRCh38-FSIP1","FSIP1","4c"
0.00424018820053752,0.478963966938652,0.718,0.721,1,"GRCh38-TIMM23","TIMM23","4c"
0.00941756450497155,0.478765050321258,0.495,0.458,1,"GRCh38-JMJD6","JMJD6","4c"
0.00223970941481135,0.478716126913367,0.476,0.386,1,"GRCh38-ERV3-1","ERV3-1","4c"
0.000495393073015772,0.478690182790995,0.67,0.613,1,"GRCh38-OGFOD1","OGFOD1","4c"
0.000252765101093987,0.478462421638663,0.214,0.105,1,"GRCh38-RNF150","RNF150","4c"
0.000194954676807724,0.478216591389431,0.699,0.601,1,"GRCh38-FAM104A","FAM104A","4c"
0.0315756026314096,0.477783845376669,0.728,0.742,1,"GRCh38-NCAM2","NCAM2","4c"
0.0389190366107974,0.477728824497614,0.359,0.265,1,"GRCh38-ENSG00000253557","ENSG00000253557","4c"
8.2161906580952e-05,0.477548250585106,0.417,0.278,1,"GRCh38-CTTN-DT","CTTN-DT","4c"
0.0184495845216837,0.477460303167118,0.786,0.794,1,"GRCh38-DEGS1","DEGS1","4c"
2.56544436465894e-05,0.477374901826605,0.408,0.251,1,"GRCh38-CATSPERE","CATSPERE","4c"
0.000234595632150504,0.477372814587308,0.786,0.686,1,"GRCh38-TTF1","TTF1","4c"
2.70288193804527e-05,0.477288413004998,0.592,0.452,1,"GRCh38-BCL2L12","BCL2L12","4c"
0.00877682061854115,0.477025208082232,0.942,0.967,1,"GRCh38-ASPH","ASPH","4c"
0.00472042591007638,0.477019774565793,0.757,0.769,1,"GRCh38-RIPK2-DT","RIPK2-DT","4c"
2.10225000172537e-05,0.476974671774718,0.495,0.332,1,"GRCh38-TBC1D10A","TBC1D10A","4c"
0.000671893699438577,0.476910203793593,0.583,0.475,1,"GRCh38-SUGP1","SUGP1","4c"
0.104439713910355,0.476810754810224,0.738,0.78,1,"GRCh38-HARS1","HARS1","4c"
0.00285616114719069,0.476719324438124,0.388,0.291,1,"GRCh38-FKRP","FKRP","4c"
0.00196190627202343,0.476626920481048,0.757,0.719,1,"GRCh38-CLPTM1","CLPTM1","4c"
0.0172288472881141,0.476472633964667,0.893,0.887,1,"GRCh38-CEP290","CEP290","4c"
0.000839384817981556,0.476243029177227,0.951,0.937,1,"GRCh38-LUC7L2","LUC7L2","4c"
0.00338567534919107,0.476160497320389,0.728,0.656,1,"GRCh38-AKAP8","AKAP8","4c"
0.0181126681254362,0.476003686166483,0.641,0.588,1,"GRCh38-SMARCAL1","SMARCAL1","4c"
0.000182016236290674,0.475944452832618,0.505,0.388,1,"GRCh38-PRKAB2","PRKAB2","4c"
0.00221028497859892,0.475732268474546,0.34,0.243,1,"GRCh38-SPOPL-DT","SPOPL-DT","4c"
0.00350402575638798,0.475684576108027,0.573,0.482,1,"GRCh38-GTF2H2","GTF2H2","4c"
0.00452681877109628,0.475563126667576,0.602,0.525,1,"GRCh38-CWF19L1","CWF19L1","4c"
0.0645966978840918,0.475377923569327,0.738,0.773,1,"GRCh38-METTL16","METTL16","4c"
0.000549911013670825,0.475336280089808,0.67,0.563,1,"GRCh38-BCOR","BCOR","4c"
0.104143712671896,0.475183596303951,0.621,0.594,1,"GRCh38-KCTD1","KCTD1","4c"
0.475813990757771,0.474814474915285,0.408,0.409,1,"GRCh38-FAM133A","FAM133A","4c"
0.000368942646786102,0.474590036569422,0.874,0.878,1,"GRCh38-ACIN1","ACIN1","4c"
0.000371901887441109,0.474555705053756,0.65,0.571,1,"GRCh38-H2AC20","H2AC20","4c"
0.0452591384626173,0.473943930159143,0.699,0.735,1,"GRCh38-C6orf89","C6orf89","4c"
0.00928172272376758,0.473905810924686,0.786,0.771,1,"GRCh38-LTN1","LTN1","4c"
0.000717866076187826,0.4738388541135,0.33,0.203,1,"GRCh38-LINC01829","LINC01829","4c"
0.00100325577713041,0.473703874409807,0.699,0.657,1,"GRCh38-QSOX1","QSOX1","4c"
0.00021393017423979,0.473627070580836,0.621,0.527,1,"GRCh38-RRN3","RRN3","4c"
0.000132467828573085,0.473620222244001,0.709,0.516,1,"GRCh38-EMP2","EMP2","4c"
0.205032989789509,0.473594009709265,0.524,0.506,1,"GRCh38-INSIG1","INSIG1","4c"
0.000537590609047486,0.473510943628135,0.553,0.411,1,"GRCh38-POLR3E","POLR3E","4c"
0.0011003382955809,0.472991746738198,0.932,0.937,1,"GRCh38-RSRC2","RSRC2","4c"
0.0010894509613126,0.472941478561241,0.35,0.226,1,"GRCh38-OTUD1","OTUD1","4c"
0.328444157404906,0.4729272939298,0.718,0.745,1,"GRCh38-BCCIP","BCCIP","4c"
2.47096942634954e-05,0.472548565501778,0.447,0.291,1,"GRCh38-EDNRB","EDNRB","4c"
0.000672698311045141,0.472514381710937,0.777,0.715,1,"GRCh38-UBE2W","UBE2W","4c"
0.368752689900017,0.472395652687506,0.66,0.776,1,"GRCh38-CLIP4","CLIP4","4c"
0.0240880106806517,0.472203069091945,0.66,0.667,1,"GRCh38-MAPK8IP3","MAPK8IP3","4c"
4.8240845201586e-05,0.472160165338659,0.641,0.49,1,"GRCh38-TADA2A","TADA2A","4c"
0.000130251680710276,-0.472138312616929,0.136,0.321,1,"GRCh38-CAP2","CAP2","4c"
0.362377599992068,0.471923202816408,0.388,0.383,1,"GRCh38-MX2","MX2","4c"
7.77966082057705e-05,0.471627309506474,0.534,0.378,1,"GRCh38-MARVELD1","MARVELD1","4c"
0.372864924714585,0.471331773107219,0.66,0.707,1,"GRCh38-LRRK1","LRRK1","4c"
0.0014993457946225,0.471325481165525,0.107,0.045,1,"GRCh38-SMIM47","SMIM47","4c"
0.000379549557038881,0.471259213973439,0.35,0.219,1,"GRCh38-LINC02934","LINC02934","4c"
0.0245526879482248,0.471062629152851,0.806,0.85,1,"GRCh38-LUC7L","LUC7L","4c"
4.9467588163261e-05,0.471030506862529,0.66,0.529,1,"GRCh38-MSTO1","MSTO1","4c"
0.00419947457911492,0.471028891623932,0.825,0.816,1,"GRCh38-CCDC6","CCDC6","4c"
0.00796038471273794,0.470934590390873,0.369,0.27,1,"GRCh38-ENSG00000288321","ENSG00000288321","4c"
0.00286218721147841,0.470630319313932,0.786,0.707,1,"GRCh38-MBD3","MBD3","4c"
0.000407502678477708,0.47057427480426,0.65,0.546,1,"GRCh38-HPS4","HPS4","4c"
0.0166832369272517,0.470239492515718,0.806,0.756,1,"GRCh38-RAB30-DT","RAB30-DT","4c"
0.0223849446771464,0.470195588707294,0.505,0.476,1,"GRCh38-GOLGA8A","GOLGA8A","4c"
7.20534376593292e-05,0.47006137466843,0.563,0.413,1,"GRCh38-HDAC6","HDAC6","4c"
0.0017847896017248,0.470057999039072,0.631,0.554,1,"GRCh38-GIGYF1","GIGYF1","4c"
0.0183320778741487,0.469876439433921,0.621,0.619,1,"GRCh38-UMPS","UMPS","4c"
0.00211068440616734,0.469710849434998,0.301,0.201,1,"GRCh38-PRDM8","PRDM8","4c"
0.038970230421551,0.469702996641198,0.67,0.631,1,"GRCh38-STAT5B","STAT5B","4c"
2.31849794796113e-05,-0.469530980345106,0.495,0.641,1,"GRCh38-F2RL2","F2RL2","4c"
0.0301092278741872,0.469438653160548,0.854,0.886,1,"GRCh38-KDM5B","KDM5B","4c"
0.00164127135383816,0.469165112164907,0.456,0.323,1,"GRCh38-ZNF821","ZNF821","4c"
0.000171246026484903,0.469012012036925,0.602,0.483,1,"GRCh38-PIP4K2B","PIP4K2B","4c"
4.61952742414845e-05,0.468976868420661,0.621,0.452,1,"GRCh38-BMT2","BMT2","4c"
0.0220404037064606,0.468636149999229,0.408,0.344,1,"GRCh38-CORO7","CORO7","4c"
3.50592309185019e-05,-0.46862051651009,0.476,0.709,1,"GRCh38-CITED2","CITED2","4c"
4.31822378316252e-05,0.468394100465769,0.447,0.286,1,"GRCh38-ZNF432","ZNF432","4c"
0.0102975868810041,0.467888077218319,0.631,0.547,1,"GRCh38-POLR3H","POLR3H","4c"
0.0299422916465126,0.467847421117922,0.65,0.63,1,"GRCh38-MFSD11","MFSD11","4c"
0.00231849334815514,0.467315099472358,0.67,0.607,1,"GRCh38-CASP8AP2","CASP8AP2","4c"
0.000741675930786676,0.467306045223155,0.65,0.533,1,"GRCh38-FAM98B","FAM98B","4c"
0.000318540352943056,0.467299376560979,0.359,0.234,1,"GRCh38-PUS10","PUS10","4c"
0.00436209576663739,0.467237844450782,0.408,0.317,1,"GRCh38-GPR161","GPR161","4c"
0.0001285566168741,0.467035685993171,0.398,0.264,1,"GRCh38-URB2","URB2","4c"
0.000995915960207368,0.467013323921399,0.184,0.093,1,"GRCh38-NR2F2-AS1","NR2F2-AS1","4c"
0.0246131979848601,0.466923179006633,0.806,0.788,1,"GRCh38-ZNF652","ZNF652","4c"
0.00300132988575273,0.466811406713052,0.874,0.862,1,"GRCh38-IWS1","IWS1","4c"
0.00133109218391416,0.466773083527704,0.699,0.644,1,"GRCh38-TCTN3","TCTN3","4c"
0.0723968043046736,0.466477248291595,0.641,0.634,1,"GRCh38-SAMD9","SAMD9","4c"
0.00132135684677628,0.466440947177458,0.563,0.464,1,"GRCh38-PEX7","PEX7","4c"
0.00585922905303861,0.466317788460111,0.718,0.623,1,"GRCh38-ENSG00000290993","ENSG00000290993","4c"
0.00985654728128611,0.46624970713914,0.515,0.447,1,"GRCh38-SGPP1","SGPP1","4c"
0.00347257681512282,0.466205606741617,0.485,0.394,1,"GRCh38-PROSER1","PROSER1","4c"
6.40192448160843e-05,0.466025024990802,0.796,0.742,1,"GRCh38-MFSD14A","MFSD14A","4c"
0.00138090800891991,0.465844295993076,0.718,0.604,1,"GRCh38-RHOBTB1","RHOBTB1","4c"
2.81210049754083e-05,0.465811485000384,0.757,0.592,1,"GRCh38-ARL4A","ARL4A","4c"
0.0775666048670488,0.465714443276978,0.592,0.573,1,"GRCh38-ZCCHC2","ZCCHC2","4c"
0.0178360991071813,0.465611194786397,0.66,0.645,1,"GRCh38-SLC5A3","SLC5A3","4c"
0.361040261827099,0.465378710377445,0.699,0.74,1,"GRCh38-STX5","STX5","4c"
4.29132608812433e-05,0.465366764026979,0.583,0.424,1,"GRCh38-RRM2B","RRM2B","4c"
0.0904461197573372,0.465200465615959,0.874,0.914,1,"GRCh38-SRSF7","SRSF7","4c"
0.00765006074763538,0.465052762645651,0.699,0.653,1,"GRCh38-ARHGEF2","ARHGEF2","4c"
0.102720949907714,0.465039962500685,0.243,0.19,1,"GRCh38-ADAMTS16","ADAMTS16","4c"
0.0469871894096142,0.464934085315082,0.777,0.792,1,"GRCh38-OGDH","OGDH","4c"
0.000121121540088856,0.464829783783252,0.728,0.63,1,"GRCh38-PRPF4","PRPF4","4c"
0.000210384830433512,0.464787484741586,0.456,0.313,1,"GRCh38-B4GALNT1","B4GALNT1","4c"
0.00343517645227571,0.464738261962588,0.816,0.829,1,"GRCh38-PRKRIP1","PRKRIP1","4c"
0.3673940771829,0.464654314368587,0.214,0.187,1,"GRCh38-MYH10","MYH10","4c"
0.000212730351927373,0.464631766537558,0.583,0.46,1,"GRCh38-ACAT2","ACAT2","4c"
0.000872367229622014,0.464616153293507,0.718,0.645,1,"GRCh38-CYLD","CYLD","4c"
0.0300086328942848,0.464174383619506,0.146,0.091,1,"GRCh38-LINC01204","LINC01204","4c"
0.015253010011737,0.464162582798513,0.718,0.693,1,"GRCh38-PAPSS1","PAPSS1","4c"
0.0302242052785601,0.46399705970039,0.748,0.78,1,"GRCh38-MAPK1IP1L","MAPK1IP1L","4c"
0.00101367269484942,0.463922799697006,0.757,0.698,1,"GRCh38-PSMD5","PSMD5","4c"
0.000275490386744499,0.463818295736193,0.621,0.511,1,"GRCh38-DNAJA3","DNAJA3","4c"
0.671525774063754,0.463700058893705,0.709,0.792,1,"GRCh38-ARHGEF3","ARHGEF3","4c"
0.057677867722735,0.463605277162911,0.592,0.6,1,"GRCh38-ACSF3","ACSF3","4c"
1.58371608715599e-05,0.463530202967347,0.505,0.341,1,"GRCh38-STPG1","STPG1","4c"
0.00355449223868429,0.463511987344918,0.767,0.735,1,"GRCh38-WDR72","WDR72","4c"
0.00618697455832773,0.463384165847291,0.796,0.839,1,"GRCh38-PRMT2","PRMT2","4c"
0.000402100588383267,0.463070567574702,0.534,0.396,1,"GRCh38-TRAF5","TRAF5","4c"
0.00166347478327176,0.462947101727346,0.544,0.459,1,"GRCh38-TRAF2","TRAF2","4c"
0.00077603029558651,0.462615311693643,0.466,0.374,1,"GRCh38-TRAF6","TRAF6","4c"
0.00246237309736432,0.462602379782648,0.738,0.724,1,"GRCh38-ELP2","ELP2","4c"
0.00941759094527699,0.462463627549821,0.66,0.589,1,"GRCh38-POGLUT1","POGLUT1","4c"
0.000935001028389284,0.462259423309984,0.515,0.407,1,"GRCh38-GPR89A","GPR89A","4c"
0.00891096067762123,0.462116678970107,0.748,0.705,1,"GRCh38-ENSG00000287211","ENSG00000287211","4c"
0.12305564892072,0.462040741157467,0.718,0.723,1,"GRCh38-LINC01278","LINC01278","4c"
0.00466688840122234,0.462029327537299,0.854,0.866,1,"GRCh38-NDFIP1","NDFIP1","4c"
0.71106522671659,0.46186844793542,0.495,0.548,1,"GRCh38-ENSG00000267787","ENSG00000267787","4c"
0.000534319759275149,0.461714213719792,0.66,0.54,1,"GRCh38-RMND5B","RMND5B","4c"
0.00135524442798456,0.461539984486466,0.563,0.47,1,"GRCh38-ZFYVE27","ZFYVE27","4c"
0.625661706764626,0.461425544631371,0.252,0.255,1,"GRCh38-TRHDE","TRHDE","4c"
0.00446300557992049,0.461288687595649,0.466,0.376,1,"GRCh38-SENP3","SENP3","4c"
0.0551400456915706,0.461113580868411,0.903,0.946,1,"GRCh38-LAMP1","LAMP1","4c"
0.0385124812316998,0.460899872277671,0.515,0.474,1,"GRCh38-PNP","PNP","4c"
0.0705725097906075,0.460871243395462,0.786,0.883,1,"GRCh38-TSPAN3","TSPAN3","4c"
0.000385996013939848,0.460072165438032,0.398,0.266,1,"GRCh38-CSRNP1","CSRNP1","4c"
0.00251867844822344,0.46006357463277,0.563,0.474,1,"GRCh38-TVP23B","TVP23B","4c"
1.43780338675767e-05,0.459918733164144,0.748,0.633,1,"GRCh38-RCC1L","RCC1L","4c"
0.00314442119741042,0.459763825080588,0.34,0.234,1,"GRCh38-LRRC69","LRRC69","4c"
0.00012968718001191,0.459625779625807,0.631,0.52,1,"GRCh38-ATG9A","ATG9A","4c"
0.00180085388220947,0.45946900044608,0.495,0.397,1,"GRCh38-VDR","VDR","4c"
0.000261135629638176,0.459373300776173,0.184,0.086,1,"GRCh38-ENSG00000256448","ENSG00000256448","4c"
0.000181476587782989,0.459330374296311,0.117,0.043,1,"GRCh38-FAM20A","FAM20A","4c"
0.0522980460679425,0.459318348122159,0.641,0.643,1,"GRCh38-USP45","USP45","4c"
0.000282040925657464,0.459239192387922,0.563,0.417,1,"GRCh38-TFIP11","TFIP11","4c"
0.000170503863647502,0.459201504299994,0.825,0.721,1,"GRCh38-HPS3","HPS3","4c"
0.307685126990741,0.458981832455699,0.825,0.916,1,"GRCh38-PHLDB2","PHLDB2","4c"
0.0323357054231519,0.458738681127687,0.689,0.687,1,"GRCh38-TRNT1","TRNT1","4c"
0.0371856730824552,0.458583704874903,0.786,0.759,1,"GRCh38-ERCC8","ERCC8","4c"
0.000365552440199873,0.458559794947232,0.796,0.714,1,"GRCh38-ESCO1","ESCO1","4c"
0.0612539877290328,0.458514944189827,0.767,0.788,1,"GRCh38-HLCS","HLCS","4c"
0.00752273492857496,0.458507871821489,0.592,0.538,1,"GRCh38-MTRR","MTRR","4c"
0.255269376967905,0.458488826648886,0.495,0.46,1,"GRCh38-TEAD4","TEAD4","4c"
0.00484796415490342,0.458469042304227,0.68,0.626,1,"GRCh38-MED23","MED23","4c"
0.555235459274596,0.458192543066545,0.777,0.791,1,"GRCh38-TRIM16","TRIM16","4c"
0.12167958288396,0.458124193655593,0.262,0.217,1,"GRCh38-ENSG00000236453","ENSG00000236453","4c"
0.000574777639438974,0.45797599219816,0.748,0.626,1,"GRCh38-NUDCD1","NUDCD1","4c"
0.000628912227641722,0.457890239890906,0.126,0.054,1,"GRCh38-ENSG00000289254","ENSG00000289254","4c"
0.00815921652402943,0.457873753946829,0.476,0.404,1,"GRCh38-WDR25","WDR25","4c"
0.0262814245562969,0.457768516078599,0.65,0.619,1,"GRCh38-ADCY3","ADCY3","4c"
0.00303367351572509,0.457690350049307,0.379,0.276,1,"GRCh38-LINC01297","LINC01297","4c"
0.000520574284369702,0.457649824389232,0.825,0.872,1,"GRCh38-PPP1CC","PPP1CC","4c"
0.59626024089935,0.45756322604243,0.786,0.892,1,"GRCh38-SHISA5","SHISA5","4c"
0.0363922922734752,0.457298573829861,0.67,0.664,1,"GRCh38-KPNA3","KPNA3","4c"
0.00016462600819102,0.457214320845382,0.175,0.077,1,"GRCh38-SLC47A2","SLC47A2","4c"
0.00014445523920414,0.457181921217669,0.553,0.394,1,"GRCh38-L3MBTL3","L3MBTL3","4c"
0.00521581065162509,0.456937957523624,0.553,0.486,1,"GRCh38-BCL6","BCL6","4c"
0.0278359063909367,0.456655829542428,0.476,0.436,1,"GRCh38-PALB2","PALB2","4c"
0.000190147840011063,-0.456520881762136,0.505,0.668,1,"GRCh38-AK1","AK1","4c"
0.002815277561291,0.45645306737616,0.806,0.809,1,"GRCh38-RSBN1L","RSBN1L","4c"
0.0735409921329373,0.456375751499412,0.903,0.936,1,"GRCh38-CFDP1","CFDP1","4c"
0.000390433156704216,0.456350135688215,0.495,0.357,1,"GRCh38-ZNF35","ZNF35","4c"
0.00755447216797627,0.456210812004866,0.592,0.503,1,"GRCh38-CAPS2","CAPS2","4c"
0.00662102850692556,-0.456102139186697,0.845,0.899,1,"GRCh38-IGFBP7","IGFBP7","4c"
0.00285746002641061,0.455978764573638,0.437,0.326,1,"GRCh38-GPR157","GPR157","4c"
0.0106497018943724,0.455872807503695,0.447,0.359,1,"GRCh38-MIR22HG","MIR22HG","4c"
0.00524576334561529,0.455842913993872,0.495,0.425,1,"GRCh38-MPP3","MPP3","4c"
0.103362722188276,0.455630509980838,0.728,0.767,1,"GRCh38-GOLGA8B","GOLGA8B","4c"
0.0162171388726441,0.45551436074017,0.874,0.86,1,"GRCh38-RBM5","RBM5","4c"
2.90952559016535e-05,0.45549745390973,0.65,0.521,1,"GRCh38-ANKMY2","ANKMY2","4c"
0.00143432619426405,0.455481878136732,0.67,0.603,1,"GRCh38-F3","F3","4c"
0.498404380240908,0.455332890660662,0.621,0.713,1,"GRCh38-CHM","CHM","4c"
0.000533818977430317,0.454990705217049,0.495,0.375,1,"GRCh38-ABRAXAS2","ABRAXAS2","4c"
0.0405530053040174,0.454915348818491,0.612,0.588,1,"GRCh38-RPGRIP1L","RPGRIP1L","4c"
0.0013602544500395,0.454870573379085,0.66,0.595,1,"GRCh38-ATF6B","ATF6B","4c"
0.0510569715677187,0.454837431890201,0.524,0.515,1,"GRCh38-DMXL2","DMXL2","4c"
0.406830518039564,0.454562533947206,0.864,0.927,1,"GRCh38-ZMYM4","ZMYM4","4c"
0.949012630026386,0.454529124774175,0.573,0.655,1,"GRCh38-EOLA2-DT","EOLA2-DT","4c"
0.00408509488126547,0.454433707605108,0.786,0.752,1,"GRCh38-ZNF146","ZNF146","4c"
0.00504487958636906,0.454357443017717,0.553,0.466,1,"GRCh38-TAF13","TAF13","4c"
0.0989936386208853,0.454347763066826,0.621,0.621,1,"GRCh38-NUTM2A-AS1","NUTM2A-AS1","4c"
0.00069516902924859,0.454140123869438,0.388,0.269,1,"GRCh38-AHI1-DT","AHI1-DT","4c"
0.000424347693230502,-0.454098719366992,0.573,0.712,1,"GRCh38-CCDC107","CCDC107","4c"
0.000553946143243644,0.45331657789731,0.505,0.395,1,"GRCh38-RNF31","RNF31","4c"
0.103237778084178,0.453173981580831,0.612,0.603,1,"GRCh38-SATB2","SATB2","4c"
0.00343399486561881,0.453138070134342,0.709,0.654,1,"GRCh38-FBXO28","FBXO28","4c"
0.392876584544942,0.45313557228767,0.806,0.875,1,"GRCh38-RBM41","RBM41","4c"
0.00530088207956078,0.452859023303817,0.854,0.844,1,"GRCh38-UGP2","UGP2","4c"
3.95044993617848e-05,0.452811182837547,0.136,0.05,1,"GRCh38-SNX32","SNX32","4c"
0.0051295767828828,0.452486672594192,0.602,0.505,1,"GRCh38-EFL1","EFL1","4c"
0.031089472569873,-0.45234788182546,0.136,0.217,1,"GRCh38-LINC02343","LINC02343","4c"
0.157239490655229,0.45234668954499,0.738,0.841,1,"GRCh38-CSNK2A2","CSNK2A2","4c"
4.16715393245929e-05,0.452245365424811,0.66,0.521,1,"GRCh38-PLCG1","PLCG1","4c"
0.45269215663154,0.452225098188446,0.699,0.794,1,"GRCh38-FAM230C","FAM230C","4c"
0.000164277746421997,0.452221321278576,0.33,0.2,1,"GRCh38-LINC00862","LINC00862","4c"
0.0104937147969677,0.452196092211777,0.466,0.359,1,"GRCh38-TSPYL2","TSPYL2","4c"
8.76449072002411e-05,0.452187561903134,0.485,0.35,1,"GRCh38-OBI1","OBI1","4c"
0.189830685504902,0.452119629276672,0.738,0.794,1,"GRCh38-NOLC1","NOLC1","4c"
0.000601007820617547,0.45201879263089,0.699,0.604,1,"GRCh38-SEC22C","SEC22C","4c"
0.0129549714861559,0.451910483547552,0.583,0.501,1,"GRCh38-C12orf4","C12orf4","4c"
0.0125414679478354,0.451903816703554,0.563,0.535,1,"GRCh38-ZNF561-AS1","ZNF561-AS1","4c"
0.0014076874260172,0.451869773725156,0.495,0.399,1,"GRCh38-ZNF598","ZNF598","4c"
0.000207184474697016,0.451437145457437,0.641,0.544,1,"GRCh38-IQCE","IQCE","4c"
2.86517715372114e-05,0.451391691780056,0.282,0.142,1,"GRCh38-PLAC1","PLAC1","4c"
1.85661492669274e-05,0.45133251170223,0.573,0.408,1,"GRCh38-XYLT2","XYLT2","4c"
0.00313337961806121,0.451293799290645,0.631,0.59,1,"GRCh38-ZNF512","ZNF512","4c"
0.00150993502872562,0.45128411175495,0.485,0.364,1,"GRCh38-CCDC169","CCDC169","4c"
0.0144650746132798,0.451096102435442,0.369,0.302,1,"GRCh38-ENSG00000286145","ENSG00000286145","4c"
0.00862742948392824,0.450903492218641,0.66,0.611,1,"GRCh38-TOM1","TOM1","4c"
0.00213034165435366,0.450260866478458,0.282,0.174,1,"GRCh38-EPHB6","EPHB6","4c"
0.00118287900274349,0.450174617218511,0.417,0.304,1,"GRCh38-IRS1","IRS1","4c"
1.9173799742028e-05,0.4501348586577,0.602,0.425,1,"GRCh38-ZNF280C","ZNF280C","4c"
8.21044280441989e-05,0.450124082183907,0.146,0.057,1,"GRCh38-LINC02237","LINC02237","4c"
0.079618074831273,0.450092549968923,0.883,0.928,1,"GRCh38-RDX","RDX","4c"
0.106178667770779,0.450042801761655,0.466,0.434,1,"GRCh38-PTPRU","PTPRU","4c"
0.000870748884781002,0.450024185191071,0.495,0.362,1,"GRCh38-WDR81","WDR81","4c"
0.206872025307653,0.449850783839965,0.796,0.892,1,"GRCh38-DAP3","DAP3","4c"
2.74377680529108e-05,0.449832210923194,0.33,0.179,1,"GRCh38-LRRK2","LRRK2","4c"
0.181981693674857,0.449773389079504,0.913,0.962,1,"GRCh38-CHD4","CHD4","4c"
0.0154811666997577,0.449608445022783,0.34,0.274,1,"GRCh38-ZNF546","ZNF546","4c"
0.113270673881383,0.449501727333078,0.311,0.255,1,"GRCh38-PDE7B-AS1","PDE7B-AS1","4c"
0.00539814980208246,0.449457634941658,0.932,0.966,1,"GRCh38-LAMP2","LAMP2","4c"
0.00692994953045202,0.44943118921837,0.67,0.61,1,"GRCh38-DCAKD","DCAKD","4c"
0.342219467656577,0.449350182648042,0.107,0.083,1,"GRCh38-SHANK2","SHANK2","4c"
0.000104299145608379,0.449344984181741,0.573,0.467,1,"GRCh38-RNF141","RNF141","4c"
0.218818282121801,-0.449222761871261,0.485,0.518,1,"GRCh38-IL13RA2","IL13RA2","4c"
0.0449485679235901,0.448923424073957,0.777,0.763,1,"GRCh38-TXNDC12","TXNDC12","4c"
0.00114271283485325,-0.448897043551635,0.165,0.308,1,"GRCh38-KRT86","KRT86","4c"
0.00202554784527968,0.448782275969018,0.631,0.516,1,"GRCh38-ZNF611","ZNF611","4c"
0.0207899901767,0.448694426471028,0.388,0.315,1,"GRCh38-MIATNB","MIATNB","4c"
0.0152811506287283,0.448476959074248,0.485,0.419,1,"GRCh38-ITPK1","ITPK1","4c"
3.60982846103479e-05,0.448317789984448,0.311,0.175,1,"GRCh38-TRIM35","TRIM35","4c"
0.00275320538611229,-0.448159460661591,0.379,0.483,1,"GRCh38-BHLHE41","BHLHE41","4c"
1.76115275118332e-05,0.447880606511399,0.223,0.104,1,"GRCh38-CD226","CD226","4c"
0.00101658607455572,0.447734852173336,0.728,0.671,1,"GRCh38-UBA5","UBA5","4c"
0.794411366073706,0.447603324725791,0.903,0.924,1,"GRCh38-CPLANE1","CPLANE1","4c"
0.15967252757982,0.447477496448265,0.544,0.566,1,"GRCh38-ZNF251","ZNF251","4c"
0.00532018900612185,0.447432934358835,0.252,0.16,1,"GRCh38-ENSG00000236451","ENSG00000236451","4c"
0.000698355603562253,0.447299336164563,0.621,0.553,1,"GRCh38-ELMOD2","ELMOD2","4c"
0.363974836057609,0.447147570977765,0.641,0.677,1,"GRCh38-IFNAR2","IFNAR2","4c"
5.49776598564273e-05,0.446970837598569,0.505,0.361,1,"GRCh38-WIZ","WIZ","4c"
0.00755392620174716,0.446967995290301,0.631,0.582,1,"GRCh38-AUH","AUH","4c"
0.00569153353095789,0.446813067285308,0.66,0.604,1,"GRCh38-TMEM63A","TMEM63A","4c"
0.422403288039149,0.446441550028254,0.913,0.962,1,"GRCh38-THRAP3","THRAP3","4c"
0.00570392574881336,0.446426061608408,0.495,0.421,1,"GRCh38-FBXO46","FBXO46","4c"
0.00787054424705467,0.446338664086629,0.67,0.624,1,"GRCh38-GOLT1B","GOLT1B","4c"
0.25188702582977,0.446325820331828,0.835,0.836,1,"GRCh38-TM9SF4","TM9SF4","4c"
0.0185864476036226,0.445972083415043,0.369,0.29,1,"GRCh38-ZNF584","ZNF584","4c"
4.96227991616639e-05,0.445619309885286,0.534,0.375,1,"GRCh38-RNFT1","RNFT1","4c"
0.207223051113481,0.445507242966264,0.33,0.292,1,"GRCh38-HNMT","HNMT","4c"
0.0349002807201763,0.445426328487544,0.806,0.824,1,"GRCh38-TPT1-AS1","TPT1-AS1","4c"
0.853972849317964,0.445336150334508,0.544,0.63,1,"GRCh38-ENSG00000259972","ENSG00000259972","4c"
5.18009115300911e-05,0.445029154784031,0.243,0.118,1,"GRCh38-SCN2A","SCN2A","4c"
0.0408486296206816,0.445005697175259,0.689,0.662,1,"GRCh38-GIT2","GIT2","4c"
0.00355420755713364,0.444358284830759,0.67,0.589,1,"GRCh38-SVIL-AS1","SVIL-AS1","4c"
0.0421690483905012,0.444311452595253,0.612,0.581,1,"GRCh38-ARMCX5-GPRASP2","ARMCX5-GPRASP2","4c"
3.44946920312134e-05,0.444266980651023,0.204,0.089,1,"GRCh38-CCDC144NL-AS1","CCDC144NL-AS1","4c"
0.00355633856562436,0.443993997718093,0.641,0.564,1,"GRCh38-TRMU","TRMU","4c"
0.147052894369249,0.443977795520654,0.214,0.165,1,"GRCh38-ENSG00000259001","ENSG00000259001","4c"
0.273810689607486,0.443963992751753,0.388,0.358,1,"GRCh38-ENSG00000237773","ENSG00000237773","4c"
0.184953667482235,0.443892274607686,0.379,0.326,1,"GRCh38-EYA2","EYA2","4c"
0.0425898122738183,0.443883650322438,0.592,0.565,1,"GRCh38-DNAJC16","DNAJC16","4c"
0.00514713839575763,0.443868306276949,0.553,0.485,1,"GRCh38-NAT9","NAT9","4c"
0.0107507259011508,0.443541354132751,0.65,0.473,1,"GRCh38-IL1RAPL1","IL1RAPL1","4c"
0.0052548035374855,0.443426573570329,0.777,0.779,1,"GRCh38-SMARCB1","SMARCB1","4c"
2.96515126054586e-05,0.443398188485974,0.34,0.194,1,"GRCh38-P4HA3","P4HA3","4c"
0.000279691437607324,0.443331521301886,0.204,0.102,1,"GRCh38-CCDC90B-AS1","CCDC90B-AS1","4c"
0.09019272718782,0.44317512659305,0.854,0.834,1,"GRCh38-TMEM267","TMEM267","4c"
0.036613948550167,0.443163015471039,0.854,0.817,1,"GRCh38-NFIX","NFIX","4c"
0.106835481728921,0.442811344574379,0.65,0.627,1,"GRCh38-PVR","PVR","4c"
0.486430988686011,0.442758738672775,0.709,0.745,1,"GRCh38-TRPC1","TRPC1","4c"
0.095095906836747,0.442544379217713,0.738,0.75,1,"GRCh38-CCDC66","CCDC66","4c"
0.0284308893718102,0.442497252723697,0.806,0.768,1,"GRCh38-SLFN5","SLFN5","4c"
0.0523921783459593,0.442070135467126,0.942,0.963,1,"GRCh38-LCP1","LCP1","4c"
0.00146099191360289,0.441872060417834,0.718,0.666,1,"GRCh38-FBXW4","FBXW4","4c"
0.701447945840703,0.44178371235225,0.903,0.932,1,"GRCh38-FTX","FTX","4c"
0.61380317620397,0.441763824929722,0.893,0.905,1,"GRCh38-TNS3","TNS3","4c"
0.000306636660335647,0.441719499921215,0.408,0.28,1,"GRCh38-PRDX6-AS1","PRDX6-AS1","4c"
0.0184374805708147,0.44171000035059,0.757,0.751,1,"GRCh38-POLE3","POLE3","4c"
0.655514632612121,0.441410789411106,0.757,0.864,1,"GRCh38-FADS3","FADS3","4c"
0.0168037435159438,0.441397225158698,0.476,0.414,1,"GRCh38-ABCB10","ABCB10","4c"
0.000376490302505991,0.441393902770836,0.534,0.401,1,"GRCh38-ANKRD42-DT","ANKRD42-DT","4c"
0.0181112275424959,0.44084510026852,0.641,0.559,1,"GRCh38-POLR1B","POLR1B","4c"
0.00648928867364502,0.440647389026214,0.427,0.327,1,"GRCh38-ZCWPW2","ZCWPW2","4c"
0.000627275637520703,0.440582237536575,0.33,0.213,1,"GRCh38-ZNF45","ZNF45","4c"
0.000445014727015156,0.440560227787369,0.718,0.608,1,"GRCh38-COPG1","COPG1","4c"
0.00477269711891427,0.440554880123961,0.738,0.698,1,"GRCh38-SH3GL1","SH3GL1","4c"
0.0562272234454252,0.440521330968219,0.476,0.415,1,"GRCh38-TMEM51","TMEM51","4c"
0.000389709513234267,0.440358000528422,0.505,0.376,1,"GRCh38-COQ7","COQ7","4c"
0.0118811602176351,0.440282413331125,0.447,0.377,1,"GRCh38-LATS2","LATS2","4c"
0.132575566277321,0.440105392369157,0.796,0.833,1,"GRCh38-DCAF10","DCAF10","4c"
0.000663466251026362,0.440079598191921,0.67,0.534,1,"GRCh38-ACAD10","ACAD10","4c"
0.000107084929702218,0.43984893306378,0.495,0.359,1,"GRCh38-ABCA2","ABCA2","4c"
0.176536996076157,0.439631050120038,0.291,0.256,1,"GRCh38-SPSB2","SPSB2","4c"
0.949465239619758,-0.43962266435625,0.175,0.174,1,"GRCh38-CHI3L1","CHI3L1","4c"
0.149686533707607,0.43961339443424,0.631,0.599,1,"GRCh38-LINC01885","LINC01885","4c"
0.0508561232009268,0.439445148999951,0.796,0.816,1,"GRCh38-NOC2L","NOC2L","4c"
0.393508656156621,0.439380711585016,0.816,0.836,1,"GRCh38-ERGIC1","ERGIC1","4c"
0.000424825415728095,0.439232421634636,0.505,0.399,1,"GRCh38-ZNF76","ZNF76","4c"
0.0181419981619976,0.438715935831214,0.398,0.3,1,"GRCh38-ZNF16","ZNF16","4c"
0.000892977836604741,0.438471536963919,0.573,0.47,1,"GRCh38-MOV10","MOV10","4c"
0.00162320292591107,0.438430662500245,0.796,0.741,1,"GRCh38-UBA3","UBA3","4c"
0.00656933098158792,0.438401718209465,0.816,0.809,1,"GRCh38-CFLAR","CFLAR","4c"
0.027658903559014,0.438300177665901,0.748,0.697,1,"GRCh38-NDUFAF6","NDUFAF6","4c"
0.00177382156289617,0.438165312641571,0.447,0.343,1,"GRCh38-DVL1","DVL1","4c"
0.0139541462342471,0.437812077786677,0.738,0.763,1,"GRCh38-EFHD2","EFHD2","4c"
0.466474612231714,0.437773241615559,0.757,0.896,1,"GRCh38-FGF13","FGF13","4c"
0.00639926051875703,0.437397194513956,0.961,0.97,1,"GRCh38-HDLBP","HDLBP","4c"
0.000161079356533953,0.437351646689742,0.854,0.792,1,"GRCh38-PTCD3","PTCD3","4c"
1.91634692331175e-05,-0.437188631985531,0.553,0.73,1,"GRCh38-DGCR6L","DGCR6L","4c"
0.0379034296949954,0.437041842781885,0.825,0.876,1,"GRCh38-SRP54","SRP54","4c"
2.0421047350056e-05,0.436910317977751,0.427,0.262,1,"GRCh38-OAS1","OAS1","4c"
0.0126814220179901,0.436637068749889,0.505,0.425,1,"GRCh38-ACTR3B","ACTR3B","4c"
7.11733279346688e-05,0.436598277504419,0.641,0.516,1,"GRCh38-CNOT11","CNOT11","4c"
0.0453658740899736,-0.436410581675819,0.058,0.119,1,"GRCh38-ENSG00000287352","ENSG00000287352","4c"
0.00681903761933594,0.436406967547509,0.728,0.674,1,"GRCh38-UBE2F","UBE2F","4c"
0.0158773774488817,0.436349936138377,0.485,0.421,1,"GRCh38-SLC25A51","SLC25A51","4c"
0.145900064484408,0.436236663195335,0.825,0.887,1,"GRCh38-CD47","CD47","4c"
0.000635705834046463,0.436167747001805,0.515,0.375,1,"GRCh38-FBRSL1","FBRSL1","4c"
7.41861798869691e-05,0.436126743428725,0.515,0.355,1,"GRCh38-NAIP","NAIP","4c"
0.000877037017523209,0.436060740124769,0.709,0.633,1,"GRCh38-SART3","SART3","4c"
0.00148063382875405,0.436059979276879,0.233,0.134,1,"GRCh38-PKIA-AS1","PKIA-AS1","4c"
0.409305496386222,0.435819025663691,0.67,0.734,1,"GRCh38-RNF216P1","RNF216P1","4c"
8.03394621491426e-05,-0.435322923908166,0.33,0.519,1,"GRCh38-PCK2","PCK2","4c"
0.00817142711843102,0.435180707345429,0.621,0.555,1,"GRCh38-HERPUD2","HERPUD2","4c"
0.0241048373874078,0.435157673629204,0.728,0.748,1,"GRCh38-MTA3","MTA3","4c"
9.10809898223137e-05,0.435049428247738,0.845,0.768,1,"GRCh38-NCBP3","NCBP3","4c"
0.00110307018392997,0.434964480296588,0.602,0.501,1,"GRCh38-NDUFAF5","NDUFAF5","4c"
0.00047559707062915,-0.434927529581364,0.262,0.429,1,"GRCh38-LINC02694","LINC02694","4c"
0.000303730825311349,0.434920261275227,0.602,0.475,1,"GRCh38-TMEM107","TMEM107","4c"
0.00509054565542497,0.434918950890123,0.757,0.713,1,"GRCh38-RNPC3","RNPC3","4c"
1.65146932856287e-05,0.434897904947606,0.583,0.413,1,"GRCh38-KCTD13","KCTD13","4c"
0.00556264707046861,0.43481343672338,0.233,0.149,1,"GRCh38-PATL2","PATL2","4c"
0.175121947739243,0.43476181771965,0.476,0.446,1,"GRCh38-SFR1","SFR1","4c"
0.00191962550509654,0.434324403800796,0.621,0.538,1,"GRCh38-RMDN3","RMDN3","4c"
0.131967505657104,0.434319322609437,0.544,0.53,1,"GRCh38-EML2","EML2","4c"
0.127526092149209,0.434299902878594,0.709,0.676,1,"GRCh38-XKR6","XKR6","4c"
0.0728858578012013,0.434267065089252,0.689,0.653,1,"GRCh38-CEP126","CEP126","4c"
0.0257093271346492,0.434170270924621,0.631,0.583,1,"GRCh38-GFM2","GFM2","4c"
2.94609307550879e-05,0.434071817669541,0.417,0.255,1,"GRCh38-ZNF473","ZNF473","4c"
0.0065750219197491,0.433977498303825,0.816,0.806,1,"GRCh38-SP140L","SP140L","4c"
2.71968257699514e-05,-0.433868685305425,0.495,0.661,1,"GRCh38-MRPS14","MRPS14","4c"
0.0148573461902086,0.433810040470818,0.359,0.257,1,"GRCh38-H2BC5","H2BC5","4c"
0.0395775410347345,0.433797471571777,0.583,0.528,1,"GRCh38-FAM120C","FAM120C","4c"
0.0168055820588463,0.433655166137784,0.757,0.724,1,"GRCh38-NPHP3","NPHP3","4c"
0.150182001916328,0.43358034628425,0.961,0.98,1,"GRCh38-CAST","CAST","4c"
0.0209158447392595,0.433529819580561,0.913,0.918,1,"GRCh38-TMEM123","TMEM123","4c"
0.00208185201479024,0.433479652618761,0.689,0.596,1,"GRCh38-ATG4B","ATG4B","4c"
0.165351264541753,0.433471046288362,0.767,0.863,1,"GRCh38-PTPN2","PTPN2","4c"
0.00188332882055344,0.433363288330068,0.806,0.765,1,"GRCh38-CYB5B","CYB5B","4c"
0.997075365681453,0.433314824763729,0.408,0.448,1,"GRCh38-ARHGAP31","ARHGAP31","4c"
5.91896661537812e-05,-0.433293213565338,0.01,0.153,1,"GRCh38-ENSG00000249036","ENSG00000249036","4c"
0.0840980910976585,0.433242535465395,0.806,0.831,1,"GRCh38-CHRM3","CHRM3","4c"
0.526151828552496,0.433063306463578,0.631,0.785,1,"GRCh38-EGR1","EGR1","4c"
0.000985548584360212,0.433046524401736,0.515,0.384,1,"GRCh38-CDCA7L","CDCA7L","4c"
0.61369463099627,0.432999210199594,0.398,0.401,1,"GRCh38-SMOX","SMOX","4c"
0.00482247665077962,0.432684745513595,0.621,0.545,1,"GRCh38-EXOSC2","EXOSC2","4c"
0.578955030252695,0.432572770272309,0.932,0.928,1,"GRCh38-JPX","JPX","4c"
0.373557740944349,0.432569952098684,0.602,0.756,1,"GRCh38-RGS6","RGS6","4c"
0.000704068315471332,0.432540075147781,0.612,0.502,1,"GRCh38-AKAP1","AKAP1","4c"
0.00482693029742629,0.43241385891712,0.738,0.725,1,"GRCh38-NGLY1","NGLY1","4c"
0.111553472455273,-0.432302487441421,0.573,0.608,1,"GRCh38-PHGDH","PHGDH","4c"
0.000254387789158365,-0.432107803596877,0.689,0.818,1,"GRCh38-H2AJ","H2AJ","4c"
0.00390390479585316,0.432037349102415,0.67,0.57,1,"GRCh38-BTG3","BTG3","4c"
0.000789085765277761,0.432003978684709,0.184,0.093,1,"GRCh38-ENSG00000225885","ENSG00000225885","4c"
0.0100160733037341,0.431978162977617,0.621,0.539,1,"GRCh38-LYRM7","LYRM7","4c"
0.0187229217587258,0.431799360439157,0.214,0.145,1,"GRCh38-STARD5","STARD5","4c"
1.41088398499234e-05,0.431583717367631,0.524,0.368,1,"GRCh38-GMEB2","GMEB2","4c"
0.274312812411664,0.431523795778721,0.806,0.836,1,"GRCh38-NOP14","NOP14","4c"
0.0003286220649749,0.431361686189696,0.592,0.46,1,"GRCh38-RCHY1","RCHY1","4c"
0.00834521421630277,0.431307672724082,0.738,0.71,1,"GRCh38-BSDC1","BSDC1","4c"
0.0158356735545085,0.431144042547235,0.825,0.885,1,"GRCh38-MBTPS1","MBTPS1","4c"
0.000881472670853747,0.431124589516147,0.447,0.332,1,"GRCh38-IGHMBP2","IGHMBP2","4c"
0.204316854698079,0.430881620679218,0.427,0.412,1,"GRCh38-ZNF254","ZNF254","4c"
0.046232857871111,0.430859909405283,0.699,0.712,1,"GRCh38-SCD","SCD","4c"
0.00731221743021279,0.430823951180451,0.35,0.26,1,"GRCh38-VGLL3","VGLL3","4c"
0.00156917782167257,0.430734953569031,0.447,0.324,1,"GRCh38-EDARADD","EDARADD","4c"
0.28034897227006,0.430652636376209,0.417,0.417,1,"GRCh38-CLSTN3","CLSTN3","4c"
0.000580404501878937,0.430596236566719,0.573,0.433,1,"GRCh38-TBC1D22B","TBC1D22B","4c"
0.000466503005495984,0.430585629977253,0.515,0.366,1,"GRCh38-ENSG00000227496","ENSG00000227496","4c"
0.0155183813741173,0.430550959597183,0.893,0.872,1,"GRCh38-SSR1","SSR1","4c"
0.00609445091046823,0.430484954124225,0.583,0.514,1,"GRCh38-ACSL1","ACSL1","4c"
0.00879707565698522,0.430452421019412,0.718,0.709,1,"GRCh38-TMEM43","TMEM43","4c"
0.0464607425932003,0.430262392650201,0.524,0.486,1,"GRCh38-IL6R","IL6R","4c"
0.0392557979812108,0.43019709231278,0.65,0.617,1,"GRCh38-CDK5RAP1","CDK5RAP1","4c"
2.2765639080623e-05,0.430049646035148,0.495,0.334,1,"GRCh38-COPS7B","COPS7B","4c"
0.00122872128781939,0.430004346726672,0.388,0.273,1,"GRCh38-ENSG00000243176","ENSG00000243176","4c"
0.000342718592419514,0.429889071765885,0.553,0.413,1,"GRCh38-NEK4","NEK4","4c"
0.00617036631576266,0.429703941719675,0.718,0.667,1,"GRCh38-PRPF39","PRPF39","4c"
0.000898843054985177,0.429658067187956,0.583,0.462,1,"GRCh38-TAF8","TAF8","4c"
0.187017674114579,0.429601545217259,0.728,0.8,1,"GRCh38-HSD17B12","HSD17B12","4c"
0.00117757796045706,0.429573204088435,0.718,0.639,1,"GRCh38-TRAF3IP1","TRAF3IP1","4c"
0.0761317829727506,0.429503148740812,0.67,0.662,1,"GRCh38-DAPK3","DAPK3","4c"
0.000202629056621114,0.429078298787292,0.476,0.343,1,"GRCh38-DUSP22","DUSP22","4c"
1.79883684208071e-05,0.429073886672498,0.262,0.128,1,"GRCh38-ENSG00000290122","ENSG00000290122","4c"
4.24270303931541e-05,0.429028812326853,0.35,0.209,1,"GRCh38-B3GALNT1","B3GALNT1","4c"
0.000816350524031509,0.429025677757785,0.621,0.526,1,"GRCh38-TOX2","TOX2","4c"
0.0382542206233368,0.429021118238969,0.524,0.472,1,"GRCh38-FNTB","FNTB","4c"
0.0582050016868734,0.428935179517848,0.272,0.208,1,"GRCh38-OSBP2","OSBP2","4c"
0.118111924963282,0.428709386441563,0.117,0.079,1,"GRCh38-ENSG00000258344","ENSG00000258344","4c"
0.134038975401424,0.428604069191563,0.835,0.873,1,"GRCh38-HMGXB4","HMGXB4","4c"
0.553454546965717,0.428303456361196,0.466,0.493,1,"GRCh38-ENSG00000226149","ENSG00000226149","4c"
0.00153605694621731,0.428254440875328,0.67,0.582,1,"GRCh38-DHX16","DHX16","4c"
0.00040447445470968,0.428175834755192,0.485,0.362,1,"GRCh38-ZDHHC8","ZDHHC8","4c"
0.00042885839549843,-0.428051382892511,0.107,0.258,1,"GRCh38-MGC27382","MGC27382","4c"
0.0181276472970001,0.428012771074679,0.311,0.224,1,"GRCh38-PTPN3","PTPN3","4c"
0.354991827084601,0.42800707968934,0.291,0.261,1,"GRCh38-SPANXA2-OT1","SPANXA2-OT1","4c"
0.000206135754582044,0.428005335207909,0.641,0.487,1,"GRCh38-LANCL2","LANCL2","4c"
0.0226574782593486,0.42799687277759,0.748,0.762,1,"GRCh38-GNL1","GNL1","4c"
0.00486143567411083,0.427941166033828,0.524,0.429,1,"GRCh38-TMEM94","TMEM94","4c"
0.8203388734417,0.427908086238113,0.641,0.735,1,"GRCh38-PTPRM","PTPRM","4c"
0.0947225129945565,0.427744119663499,0.748,0.765,1,"GRCh38-POLR1F","POLR1F","4c"
0.0883154885129787,0.427514447944973,0.602,0.587,1,"GRCh38-MRPL45P2","MRPL45P2","4c"
0.185784153538058,0.427467655398499,0.456,0.426,1,"GRCh38-ENSG00000232006","ENSG00000232006","4c"
0.0351922731550827,0.427266870199104,0.602,0.584,1,"GRCh38-MGA","MGA","4c"
0.0388826924830586,0.426797479816663,0.65,0.601,1,"GRCh38-FAR2","FAR2","4c"
7.53751570267355e-05,0.42672547686863,0.32,0.181,1,"GRCh38-LINC01503","LINC01503","4c"
0.0129229556680073,0.426418900422928,0.942,0.965,1,"GRCh38-SON","SON","4c"
0.000313443224119858,0.426303386792406,0.369,0.235,1,"GRCh38-SCML2","SCML2","4c"
0.111150383706014,0.426273766458064,0.243,0.186,1,"GRCh38-NOTCH3","NOTCH3","4c"
0.0059270657257222,0.426264482619772,0.709,0.681,1,"GRCh38-PCYT1A","PCYT1A","4c"
0.00952953185438454,0.426192585321908,0.534,0.479,1,"GRCh38-TTLL12","TTLL12","4c"
0.00250893698894785,0.426171129533006,0.592,0.522,1,"GRCh38-ZNF708","ZNF708","4c"
0.000316689941698752,0.42582926017639,0.631,0.514,1,"GRCh38-MTA1","MTA1","4c"
0.00381012184709075,0.425756377055102,0.262,0.164,1,"GRCh38-DNAH11","DNAH11","4c"
0.00131131838887466,0.425621810850271,0.718,0.626,1,"GRCh38-GMCL1","GMCL1","4c"
0.000152535102334826,-0.425581075904221,0.65,0.842,1,"GRCh38-EIF1B","EIF1B","4c"
0.0401591869409547,0.425572627621319,0.612,0.59,1,"GRCh38-MTRF1","MTRF1","4c"
0.00161489365016184,0.425350339444732,0.689,0.565,1,"GRCh38-KLHL8","KLHL8","4c"
0.000104551420700876,0.424953360738265,0.757,0.682,1,"GRCh38-HAT1","HAT1","4c"
0.143486004356145,0.424761401805416,0.146,0.105,1,"GRCh38-CRLF2","CRLF2","4c"
3.09461870972584e-05,0.424692591244341,0.447,0.285,1,"GRCh38-CLDN12","CLDN12","4c"
0.0298164895096614,0.424664427083813,0.728,0.718,1,"GRCh38-NUFIP1","NUFIP1","4c"
2.66942256638097e-05,0.424644310162912,0.485,0.35,1,"GRCh38-METTL13","METTL13","4c"
0.000666354869484799,0.424611431498226,0.34,0.219,1,"GRCh38-KCTD12","KCTD12","4c"
6.36053112486061e-05,-0.424396304520248,0.136,0.318,1,"GRCh38-MYPN","MYPN","4c"
0.0027192692374359,0.424387561518047,0.184,0.101,1,"GRCh38-ENSG00000287190","ENSG00000287190","4c"
0.410366919850241,0.424242030640776,0.641,0.691,1,"GRCh38-DDHD1","DDHD1","4c"
0.00976784267412478,0.424187536881081,0.311,0.225,1,"GRCh38-FBXO10","FBXO10","4c"
0.00262009100867461,0.424170834225113,0.272,0.168,1,"GRCh38-PDCD1LG2","PDCD1LG2","4c"
0.00475350082470624,0.424009037255113,0.621,0.548,1,"GRCh38-SPAST","SPAST","4c"
2.90730161420891e-05,0.423788050633788,0.612,0.451,1,"GRCh38-MAP3K11","MAP3K11","4c"
0.00161718686653488,0.423550220911212,0.68,0.563,1,"GRCh38-DNAJC25","DNAJC25","4c"
0.000875379655283022,0.42349140885439,0.621,0.509,1,"GRCh38-MINDY2","MINDY2","4c"
0.237162660468514,0.4234505142542,0.65,0.679,1,"GRCh38-MRRF","MRRF","4c"
0.987119070819942,0.42341483674881,0.699,0.858,1,"GRCh38-STX8","STX8","4c"
0.015793781745129,0.423046825268364,0.641,0.618,1,"GRCh38-HMG20A","HMG20A","4c"
0.411632816923216,0.422632888741999,0.932,0.955,1,"GRCh38-ZFPM2-AS1","ZFPM2-AS1","4c"
9.10803015996782e-05,0.422631604459879,0.738,0.698,1,"GRCh38-STAT2","STAT2","4c"
0.0419743015187098,0.422510536110287,0.864,0.869,1,"GRCh38-DCUN1D5","DCUN1D5","4c"
0.0129434471704412,0.422088276220608,0.612,0.565,1,"GRCh38-RARA","RARA","4c"
0.00010934226561473,0.42206388416998,0.194,0.09,1,"GRCh38-MIR9-1HG","MIR9-1HG","4c"
0.060321396995343,0.422019548678162,0.563,0.527,1,"GRCh38-SEH1L","SEH1L","4c"
0.00862977100275275,0.421661787492703,0.612,0.573,1,"GRCh38-AACS","AACS","4c"
0.0908437328203257,0.421473336303998,0.767,0.798,1,"GRCh38-ZNF33A","ZNF33A","4c"
0.166261546327405,0.421436839603482,0.913,0.935,1,"GRCh38-GPI","GPI","4c"
0.00185673307986963,0.421429210407004,0.456,0.337,1,"GRCh38-MNT","MNT","4c"
0.00293661589539433,0.421379555230481,0.757,0.769,1,"GRCh38-DCAF13","DCAF13","4c"
6.75916780814822e-05,0.421207035148093,0.524,0.367,1,"GRCh38-CA5BP1","CA5BP1","4c"
0.00215761939535413,0.421201384077386,0.165,0.081,1,"GRCh38-ENSG00000287047","ENSG00000287047","4c"
0.0677514882928602,0.421186492402722,0.505,0.473,1,"GRCh38-TRAM2","TRAM2","4c"
0.0200513570511656,0.421085331162215,0.573,0.506,1,"GRCh38-TSC1","TSC1","4c"
0.000126216772003993,0.42107728372589,0.437,0.285,1,"GRCh38-TTC13","TTC13","4c"
0.00573017897286227,0.420987036086524,0.777,0.702,1,"GRCh38-ZNF277","ZNF277","4c"
0.000700648227670142,0.420897400449097,0.515,0.395,1,"GRCh38-SCAF1","SCAF1","4c"
0.0360182476321062,0.420769466103724,0.689,0.684,1,"GRCh38-MLLT6","MLLT6","4c"
0.336546183930804,0.420689184057514,0.515,0.561,1,"GRCh38-PKHD1","PKHD1","4c"
0.230064889803329,0.420555305815801,0.825,0.905,1,"GRCh38-MESD","MESD","4c"
2.27858561584175e-05,-0.420536948348406,0.417,0.597,1,"GRCh38-BPHL","BPHL","4c"
0.000321094665638934,0.420474099454616,0.427,0.289,1,"GRCh38-DZANK1","DZANK1","4c"
0.000606076168198037,0.42033030105987,0.34,0.223,1,"GRCh38-RBBP9","RBBP9","4c"
0.0548607575372554,0.420194162068313,0.544,0.504,1,"GRCh38-PLXNA3","PLXNA3","4c"
0.112043139543521,0.420171099758174,0.524,0.522,1,"GRCh38-TUBGCP4","TUBGCP4","4c"
2.97651087286005e-05,-0.420114439080662,0.864,0.966,1,"GRCh38-PSMA6","PSMA6","4c"
8.89160653136446e-05,0.41998957102679,0.379,0.239,1,"GRCh38-ENSG00000291194","ENSG00000291194","4c"
0.00699826032634701,0.419973717556613,0.544,0.45,1,"GRCh38-LINC00491","LINC00491","4c"
5.10248527127725e-05,0.419930245070708,0.369,0.221,1,"GRCh38-VIM-AS1","VIM-AS1","4c"
0.00217015172331924,0.419744146901182,0.845,0.848,1,"GRCh38-WASHC4","WASHC4","4c"
0.309550963505368,0.419622447982681,0.583,0.623,1,"GRCh38-ZFAND2A","ZFAND2A","4c"
0.000141213932534116,0.419530084840367,0.592,0.444,1,"GRCh38-KCTD10","KCTD10","4c"
0.00113699883097072,0.419417178166484,0.447,0.332,1,"GRCh38-ZNF362","ZNF362","4c"
0.00809701221498736,0.419206124419216,0.796,0.736,1,"GRCh38-HIVEP1","HIVEP1","4c"
0.00232146981524055,0.419042617570126,0.136,0.065,1,"GRCh38-PKD1L1","PKD1L1","4c"
0.103454682752289,0.41896815423708,0.68,0.715,1,"GRCh38-NAPG","NAPG","4c"
0.51906649460017,0.418843664254995,0.913,0.94,1,"GRCh38-SP100","SP100","4c"
0.00042750535076784,0.418709854325452,0.291,0.162,1,"GRCh38-IGFBP3","IGFBP3","4c"
0.108421310589502,0.418660548547043,0.612,0.58,1,"GRCh38-AKT2","AKT2","4c"
2.55471475846989e-05,0.418602849426495,0.32,0.172,1,"GRCh38-ENSG00000285664","ENSG00000285664","4c"
0.227654432506232,0.418132214452976,0.777,0.831,1,"GRCh38-PLOD1","PLOD1","4c"
0.000801295826861435,0.418080237014103,0.583,0.482,1,"GRCh38-KPNA5","KPNA5","4c"
0.228337744659163,0.418037245913089,0.689,0.7,1,"GRCh38-USP11","USP11","4c"
0.0314567463643853,0.418017918707329,0.282,0.22,1,"GRCh38-DLG3","DLG3","4c"
0.0811162156451885,0.417990962773791,0.301,0.245,1,"GRCh38-PPIEL","PPIEL","4c"
0.000822073218707014,0.417936453424995,0.34,0.229,1,"GRCh38-PDIK1L","PDIK1L","4c"
5.96817818357417e-05,0.417847462995718,0.515,0.367,1,"GRCh38-ZNF384","ZNF384","4c"
0.00581517001091253,0.41784449674261,0.757,0.683,1,"GRCh38-MARF1","MARF1","4c"
0.00222120234548868,0.41782939914167,0.689,0.618,1,"GRCh38-PRRC1","PRRC1","4c"
3.12157530682276e-05,0.417391692447604,0.777,0.683,1,"GRCh38-FEZ1","FEZ1","4c"
0.0218294855965504,0.417183230517014,0.524,0.457,1,"GRCh38-XYLB","XYLB","4c"
2.84272813381025e-05,-0.417046319252956,0.728,0.901,1,"GRCh38-FKBP3","FKBP3","4c"
0.0572450682862112,0.416976143354259,0.728,0.765,1,"GRCh38-VTA1","VTA1","4c"
4.91955170729868e-05,-0.416901052081672,0.447,0.646,1,"GRCh38-NTAN1","NTAN1","4c"
0.0574543352758931,0.416825874843949,0.728,0.755,1,"GRCh38-CDK11A","CDK11A","4c"
0.0136467562223617,0.416557426741943,0.68,0.653,1,"GRCh38-ITFG2","ITFG2","4c"
0.0674464404670122,0.416260294979302,0.777,0.811,1,"GRCh38-MAGEA3-DT","MAGEA3-DT","4c"
0.00369858417951017,0.416216097310303,0.854,0.896,1,"GRCh38-PDIA4","PDIA4","4c"
0.254350218458896,0.41607022014887,0.35,0.322,1,"GRCh38-ENSG00000230972","ENSG00000230972","4c"
0.00647545190268125,0.415899947781852,0.563,0.478,1,"GRCh38-BRF1","BRF1","4c"
0.00608688817700422,0.415838324488599,0.515,0.431,1,"GRCh38-GPR89B","GPR89B","4c"
0.198734509973292,-0.41571908212391,0.155,0.203,1,"GRCh38-PDZK1IP1","PDZK1IP1","4c"
0.00552450321628122,0.415606016600976,0.301,0.208,1,"GRCh38-LINC02516","LINC02516","4c"
0.0104828672347827,0.415464053269361,0.893,0.877,1,"GRCh38-DNAJB14","DNAJB14","4c"
0.0895801221338951,0.415235168307901,0.835,0.812,1,"GRCh38-SPIN1","SPIN1","4c"
0.157588541332734,0.415112573222974,0.495,0.477,1,"GRCh38-ENSG00000291054","ENSG00000291054","4c"
0.0293312461622658,0.415095995511436,0.563,0.507,1,"GRCh38-RCAN1","RCAN1","4c"
0.000767981554396457,0.415063467315888,0.301,0.18,1,"GRCh38-ENSG00000286625","ENSG00000286625","4c"
0.00879949555248631,0.415040008195413,0.553,0.467,1,"GRCh38-ZNF565","ZNF565","4c"
0.00408486596735043,0.415012028780709,0.573,0.494,1,"GRCh38-PRDM4","PRDM4","4c"
0.160874676519818,0.414965131839422,0.806,0.844,1,"GRCh38-RESF1","RESF1","4c"
0.00514822591490428,0.41494597088873,0.117,0.056,1,"GRCh38-PMEL","PMEL","4c"
0.000227809500153147,0.414940496378131,0.495,0.365,1,"GRCh38-FBXO45","FBXO45","4c"
0.00476317930469144,0.41474988641495,0.505,0.435,1,"GRCh38-GPATCH1","GPATCH1","4c"
4.45530822741212e-05,0.414545726800524,0.282,0.151,1,"GRCh38-ENSG00000257176","ENSG00000257176","4c"
3.1127940062542e-05,0.414435778128889,0.447,0.274,1,"GRCh38-ENSG00000254459","ENSG00000254459","4c"
0.00341750631425604,0.41433020715546,0.534,0.454,1,"GRCh38-TYW5","TYW5","4c"
0.3201328020581,0.413865886540771,0.864,0.949,1,"GRCh38-COL6A1","COL6A1","4c"
0.302601200683816,0.413749280662315,0.272,0.24,1,"GRCh38-DISC1FP1","DISC1FP1","4c"
0.274165228300191,0.413613174448075,0.495,0.496,1,"GRCh38-PPP1R8","PPP1R8","4c"
0.150079844845292,0.413478589733939,0.825,0.886,1,"GRCh38-FRMD4A","FRMD4A","4c"
0.0239790228669228,0.413213364061551,0.553,0.513,1,"GRCh38-ERMARD","ERMARD","4c"
0.00310369632021673,0.413204564841175,0.738,0.656,1,"GRCh38-STX7","STX7","4c"
3.20564765658366e-05,-0.412795891597545,0.66,0.857,1,"GRCh38-UQCC2","UQCC2","4c"
0.00154027671012279,0.412487816526423,0.718,0.615,1,"GRCh38-PPP1R13L","PPP1R13L","4c"
0.0382209058035749,-0.412424156090332,0.476,0.559,1,"GRCh38-HLA-DPA1","HLA-DPA1","4c"
0.139865668151877,0.412194533647353,0.709,0.699,1,"GRCh38-ZNF33B","ZNF33B","4c"
5.42649100263101e-05,0.412194083590994,0.476,0.313,1,"GRCh38-ZNF142","ZNF142","4c"
0.00475006942367373,0.412171097084095,0.709,0.66,1,"GRCh38-ARMC1","ARMC1","4c"
0.00282191853792859,0.412141202946137,0.214,0.124,1,"GRCh38-ARHGAP42","ARHGAP42","4c"
0.000766823949139967,-0.412101556870615,0.282,0.426,1,"GRCh38-NUDT14","NUDT14","4c"
6.85598855902937e-05,0.411625981263225,0.495,0.338,1,"GRCh38-PACC1","PACC1","4c"
2.76812838311033e-05,0.411616266017782,0.379,0.224,1,"GRCh38-BRPF1","BRPF1","4c"
0.119873727567383,0.411369366182375,0.845,0.848,1,"GRCh38-CCDC12","CCDC12","4c"
1.82680978022517e-05,-0.411135062460796,0.398,0.613,1,"GRCh38-CHCHD4","CHCHD4","4c"
3.44254521582683e-05,-0.411045868593645,0.233,0.416,1,"GRCh38-PUS3","PUS3","4c"
0.100878995317956,0.411026841274255,0.718,0.708,1,"GRCh38-RNF6","RNF6","4c"
0.0095240638277587,0.410867887823004,0.573,0.481,1,"GRCh38-GMEB1","GMEB1","4c"
0.00076664969248688,0.410823788657987,0.612,0.486,1,"GRCh38-GPR137","GPR137","4c"
0.00129958379559339,0.410766986079709,0.534,0.417,1,"GRCh38-AJUBA","AJUBA","4c"
0.00344173899919044,0.410718247585641,0.825,0.821,1,"GRCh38-PCMTD1","PCMTD1","4c"
2.8674303085983e-05,0.41068704194449,0.272,0.137,1,"GRCh38-CMYA5","CMYA5","4c"
0.0850187811396061,0.410439897583605,0.864,0.908,1,"GRCh38-TANK","TANK","4c"
0.00407105987552349,0.410415306856744,0.874,0.867,1,"GRCh38-SUPT20H","SUPT20H","4c"
7.8820002077509e-05,0.410337524585037,0.485,0.346,1,"GRCh38-MTO1","MTO1","4c"
0.305234176663346,0.410232452297682,0.485,0.484,1,"GRCh38-LRP5","LRP5","4c"
0.0338698031813546,0.409944765339181,0.641,0.584,1,"GRCh38-ZNF83","ZNF83","4c"
0.0242863965192628,0.409624885535354,0.796,0.834,1,"GRCh38-SERINC1","SERINC1","4c"
0.000256228382650059,0.409466858366075,0.447,0.302,1,"GRCh38-RMI1","RMI1","4c"
0.0511856682236139,0.409390258900694,0.786,0.785,1,"GRCh38-KIFAP3","KIFAP3","4c"
0.129876247430428,0.409108696025886,0.485,0.448,1,"GRCh38-RASSF6","RASSF6","4c"
8.45161640611633e-05,-0.408985692340488,0.301,0.488,1,"GRCh38-C6orf226","C6orf226","4c"
6.77344981623444e-05,0.408917519982618,0.583,0.44,1,"GRCh38-USP5","USP5","4c"
0.48814846551248,0.408746659829739,0.738,0.828,1,"GRCh38-RHOB","RHOB","4c"
1.67892477077166e-05,-0.408674217609086,0.641,0.814,1,"GRCh38-TAX1BP3","TAX1BP3","4c"
0.948161525351981,0.408602607897823,0.699,0.82,1,"GRCh38-DLGAP4","DLGAP4","4c"
0.00629117631110138,0.408526443862441,0.184,0.108,1,"GRCh38-ENSG00000214955","ENSG00000214955","4c"
0.0073487396774088,0.408349784035816,0.427,0.329,1,"GRCh38-SYTL2","SYTL2","4c"
0.00129049656486614,0.408236861638617,0.447,0.307,1,"GRCh38-LINC02240","LINC02240","4c"
0.00303351160688062,0.40792596236139,0.544,0.437,1,"GRCh38-TEAD3","TEAD3","4c"
0.00174815309527795,0.407805455311568,0.854,0.896,1,"GRCh38-TFG","TFG","4c"
0.0088684348088561,-0.407569619626205,0.165,0.272,1,"GRCh38-AQP3","AQP3","4c"
0.275797273377727,0.407456182142036,0.417,0.418,1,"GRCh38-SNX24","SNX24","4c"
0.00213120529796855,0.4073349407446,0.437,0.328,1,"GRCh38-ENGASE","ENGASE","4c"
0.328604580115971,0.407057755617801,0.903,0.94,1,"GRCh38-RSF1","RSF1","4c"
0.000223829959645421,0.406997194954091,0.466,0.318,1,"GRCh38-SDCBP2-AS1","SDCBP2-AS1","4c"
0.0912655121782295,-0.406812887711359,0.641,0.593,1,"GRCh38-CD74","CD74","4c"
0.000327407942501517,0.406777396003262,0.796,0.755,1,"GRCh38-BAZ2A","BAZ2A","4c"
0.105731228581167,0.406773399980498,0.903,0.917,1,"GRCh38-SLC4A7","SLC4A7","4c"
0.011592026230448,0.406693943848875,0.65,0.623,1,"GRCh38-SLC35E1","SLC35E1","4c"
1.73310986377251e-05,-0.406596217017856,0.194,0.399,1,"GRCh38-CGREF1","CGREF1","4c"
2.84852815040321e-05,-0.406485009839004,0.058,0.233,1,"GRCh38-RUNX1T1","RUNX1T1","4c"
0.232687836921176,0.406478917629935,0.427,0.391,1,"GRCh38-OLFML2A","OLFML2A","4c"
0.840383007486837,0.406151730003035,0.913,0.941,1,"GRCh38-LINC00958","LINC00958","4c"
0.00789506036064953,0.406125479491453,0.893,0.881,1,"GRCh38-BRWD1","BRWD1","4c"
0.000610156394761312,0.406111577413978,0.417,0.293,1,"GRCh38-TELO2","TELO2","4c"
0.0234989966014906,0.406025948791974,0.427,0.369,1,"GRCh38-SRF","SRF","4c"
0.00121171510514198,0.405965217556798,0.417,0.302,1,"GRCh38-PTCD1","PTCD1","4c"
0.110237166467836,0.405817304488989,0.728,0.727,1,"GRCh38-KIFC3","KIFC3","4c"
0.000204476675371357,0.405603840196578,0.796,0.69,1,"GRCh38-BCAR1","BCAR1","4c"
7.78982774832312e-05,0.405380913918549,0.369,0.218,1,"GRCh38-FAM174B","FAM174B","4c"
0.0594888731534577,0.405172943495055,0.786,0.849,1,"GRCh38-LPGAT1","LPGAT1","4c"
0.0194387311866502,0.404976257005171,0.845,0.877,1,"GRCh38-SNX5","SNX5","4c"
0.052840702657587,0.404883609855572,0.155,0.102,1,"GRCh38-LINC02505","LINC02505","4c"
3.55489152516486e-05,-0.404809702931469,0.583,0.791,1,"GRCh38-RPL26L1","RPL26L1","4c"
0.956593568031483,0.404675802787078,0.447,0.507,1,"GRCh38-ZFP36","ZFP36","4c"
0.632750888158102,0.404480111524376,0.709,0.734,1,"GRCh38-PCED1B","PCED1B","4c"
0.00134387974696941,0.404361531135858,0.68,0.639,1,"GRCh38-TMEM45A","TMEM45A","4c"
0.0127998170071323,0.404337802424404,0.748,0.763,1,"GRCh38-IFNAR1","IFNAR1","4c"
0.000485027653085672,0.404232439749722,0.689,0.583,1,"GRCh38-U2AF2","U2AF2","4c"
0.0178307008492249,0.404176582743602,0.689,0.66,1,"GRCh38-FBXO42","FBXO42","4c"
0.0033462746326067,0.404172467881612,0.427,0.315,1,"GRCh38-MISFA","MISFA","4c"
0.047449165095194,0.404093162424154,0.495,0.425,1,"GRCh38-CPA4","CPA4","4c"
0.0309110803154526,0.40400428912722,0.544,0.499,1,"GRCh38-ZGPAT","ZGPAT","4c"
0.0136496564206936,0.403972997067913,0.874,0.902,1,"GRCh38-SEPTIN10","SEPTIN10","4c"
0.049702719919513,0.403969689395407,0.728,0.771,1,"GRCh38-PGD","PGD","4c"
0.00787084587542302,-0.403898398321169,0.612,0.781,1,"GRCh38-CENPX","CENPX","4c"
4.56000634526663e-05,0.40363719462861,0.243,0.122,1,"GRCh38-DENND6A-AS1","DENND6A-AS1","4c"
0.000398335594919688,0.403623481965712,0.738,0.63,1,"GRCh38-DLST","DLST","4c"
0.000341794281600359,0.403360574101405,0.524,0.379,1,"GRCh38-RFT1","RFT1","4c"
0.266770104915289,0.403203409218533,0.515,0.513,1,"GRCh38-ENSG00000282885","ENSG00000282885","4c"
0.143034916820226,0.403127822603824,0.534,0.529,1,"GRCh38-BEND6","BEND6","4c"
0.124676835573373,0.402974893478313,0.738,0.72,1,"GRCh38-TSR1","TSR1","4c"
0.000917239301405764,0.402826054995781,0.864,0.861,1,"GRCh38-FAM133B","FAM133B","4c"
0.0167760384904149,-0.402753227261739,0.049,0.123,1,"GRCh38-LINC01811","LINC01811","4c"
0.00423063602766358,0.402456982950498,0.806,0.743,1,"GRCh38-PEG10","PEG10","4c"
0.0932911865286397,0.402453740124399,0.806,0.766,1,"GRCh38-VIRMA","VIRMA","4c"
0.000438371512771474,0.402289670313287,0.136,0.057,1,"GRCh38-LINC01098","LINC01098","4c"
0.000738002743035074,0.402198221446173,0.68,0.601,1,"GRCh38-IMPA1","IMPA1","4c"
0.013688243048393,0.40215213191499,0.262,0.18,1,"GRCh38-ENSG00000286980","ENSG00000286980","4c"
0.0136684069491437,0.402125018398872,0.845,0.834,1,"GRCh38-RO60","RO60","4c"
0.000789515368782676,0.40204182526809,0.32,0.193,1,"GRCh38-SLCO4A1","SLCO4A1","4c"
0.14414520799797,0.401865605026321,0.903,0.938,1,"GRCh38-SMARCA5","SMARCA5","4c"
4.87869436159359e-05,0.401622742057661,0.301,0.167,1,"GRCh38-ENSG00000266049","ENSG00000266049","4c"
0.0328687928488552,0.401357722250153,0.728,0.726,1,"GRCh38-ANKRD13C","ANKRD13C","4c"
0.0436003675566839,0.401284410477584,0.767,0.782,1,"GRCh38-FMR1","FMR1","4c"
0.0163307345226775,0.401246937069542,0.922,0.949,1,"GRCh38-LUC7L3","LUC7L3","4c"
0.000782408095317081,0.401162836468694,0.359,0.24,1,"GRCh38-C19orf44","C19orf44","4c"
0.0748933498387774,-0.401158884844503,0.233,0.307,1,"GRCh38-LINC01917","LINC01917","4c"
0.00259173558169227,0.400861805396889,0.417,0.311,1,"GRCh38-ZNF333","ZNF333","4c"
0.00101356081942251,0.400512363836286,0.641,0.521,1,"GRCh38-GNA15","GNA15","4c"
0.000227516540747813,0.400029645565314,0.757,0.676,1,"GRCh38-HNRNPLL","HNRNPLL","4c"
0.0021343719279081,-0.400020230767689,0.757,0.897,1,"GRCh38-PPP1CA","PPP1CA","4c"
6.04380221702897e-05,0.400011682532074,0.437,0.278,1,"GRCh38-RAB43","RAB43","4c"
0.299756060409299,0.399710023151561,0.544,0.54,1,"GRCh38-CCDC7","CCDC7","4c"
0.170290847167547,0.399576031175071,0.777,0.772,1,"GRCh38-WDR35","WDR35","4c"
0.000845522128541842,0.399391550263341,0.427,0.306,1,"GRCh38-RHOBTB2","RHOBTB2","4c"
0.731413489675043,0.399347556991691,0.981,0.99,1,"GRCh38-HSP90AA1","HSP90AA1","4c"
0.0571959823235083,0.399167801299994,0.699,0.695,1,"GRCh38-CXorf38","CXorf38","4c"
0.0318801006338394,0.39889440424529,0.709,0.729,1,"GRCh38-THEM4","THEM4","4c"
0.0645543647539022,0.398504875908903,0.893,0.839,1,"GRCh38-CPD","CPD","4c"
2.52457980318185e-05,0.398479336815154,0.534,0.361,1,"GRCh38-SMIM13","SMIM13","4c"
0.00595270990377839,0.398244587534886,0.748,0.73,1,"GRCh38-CS","CS","4c"
0.000166561774899782,0.398188375197877,0.165,0.071,1,"GRCh38-KALRN","KALRN","4c"
0.0047355931250986,0.398129973995178,0.515,0.426,1,"GRCh38-LSM14B","LSM14B","4c"
0.00201250725899052,-0.39808180317648,0.146,0.27,1,"GRCh38-NRXN3","NRXN3","4c"
0.639238055740934,0.398072166358996,0.417,0.424,1,"GRCh38-BDH1","BDH1","4c"
0.378961038028071,0.398019336699506,0.777,0.817,1,"GRCh38-OSBPL1A","OSBPL1A","4c"
5.528979807313e-05,-0.398008817325128,0.641,0.821,1,"GRCh38-SDHC","SDHC","4c"
0.000904733146998214,0.397884145123463,0.524,0.408,1,"GRCh38-USP20","USP20","4c"
0.115555370551944,0.397814107056278,0.825,0.859,1,"GRCh38-PSMD13","PSMD13","4c"
0.0841075039655923,0.397756600120934,0.718,0.71,1,"GRCh38-AKIRIN1","AKIRIN1","4c"
0.798847939067623,0.397729112903134,0.544,0.642,1,"GRCh38-BACE1","BACE1","4c"
0.00228136698127748,0.397673511981296,0.544,0.445,1,"GRCh38-RPIA","RPIA","4c"
0.125357361883785,0.397551320558928,0.757,0.807,1,"GRCh38-VEZF1","VEZF1","4c"
0.109599267896597,0.397531224712967,0.466,0.45,1,"GRCh38-RFX1","RFX1","4c"
0.0228895305949691,0.397240502879816,0.689,0.642,1,"GRCh38-TMEM109","TMEM109","4c"
0.00253220894279863,0.397205626281287,0.272,0.171,1,"GRCh38-ENSG00000287600","ENSG00000287600","4c"
0.000204461566678326,-0.397062857335755,0.631,0.799,1,"GRCh38-MPC2","MPC2","4c"
0.0544471891280411,0.39700415329187,0.408,0.38,1,"GRCh38-GRK4","GRK4","4c"
0.0073457546822426,0.396973617195965,0.466,0.352,1,"GRCh38-SGK3","SGK3","4c"
0.326912269039563,0.396923025681386,0.816,0.906,1,"GRCh38-RTN3","RTN3","4c"
0.00350414148124696,0.396888521102238,0.544,0.45,1,"GRCh38-HIF1AN","HIF1AN","4c"
0.0251916644214789,0.396650050914217,0.388,0.322,1,"GRCh38-L3MBTL1","L3MBTL1","4c"
0.000890392763120389,0.396632505805051,0.476,0.364,1,"GRCh38-ALG6","ALG6","4c"
0.000115524575122828,-0.396620693870068,0.544,0.661,1,"GRCh38-TNFRSF19","TNFRSF19","4c"
0.000320977147603209,0.396593846867181,0.252,0.14,1,"GRCh38-HCG25","HCG25","4c"
0.000656955218269915,0.396552194578016,0.146,0.065,1,"GRCh38-TNF","TNF","4c"
0.359420774628279,0.396532616795334,0.32,0.304,1,"GRCh38-MVB12B","MVB12B","4c"
0.00209249167734738,0.396497447472807,0.709,0.67,1,"GRCh38-ATP6V1C1","ATP6V1C1","4c"
0.0378614995578885,0.396460912143329,0.835,0.819,1,"GRCh38-THOC1","THOC1","4c"
0.237608784839342,0.396351686300949,0.689,0.717,1,"GRCh38-C2CD2","C2CD2","4c"
0.00101750437853765,0.396334106075247,0.553,0.432,1,"GRCh38-NOMO1","NOMO1","4c"
0.000104501743953281,-0.396212574985054,0.437,0.626,1,"GRCh38-NTHL1","NTHL1","4c"
0.00318088854112901,0.396133371166318,0.602,0.525,1,"GRCh38-EXOG","EXOG","4c"
9.84876470106664e-05,0.396130195929104,0.311,0.181,1,"GRCh38-LRP2BP","LRP2BP","4c"
0.0301044692675554,0.396098305437459,0.65,0.654,1,"GRCh38-OSGEP","OSGEP","4c"
5.70143479079512e-05,0.396088773745398,0.359,0.207,1,"GRCh38-F11R","F11R","4c"
2.32878766561916e-05,-0.395949745915648,0.456,0.658,1,"GRCh38-IFT22","IFT22","4c"
8.23916594056618e-05,0.395920946729889,0.146,0.056,1,"GRCh38-FILIP1","FILIP1","4c"
0.00064202787812443,0.395855575453514,0.66,0.547,1,"GRCh38-SP1","SP1","4c"
0.0153654142495885,0.395777025217036,0.65,0.606,1,"GRCh38-SMYD2","SMYD2","4c"
0.0188792043069028,0.395764563874643,0.495,0.432,1,"GRCh38-DCPS","DCPS","4c"
0.00193622408526273,0.395629951662364,0.456,0.35,1,"GRCh38-RPS6KA1","RPS6KA1","4c"
0.00175656612422318,0.395532790979654,0.845,0.826,1,"GRCh38-TAF1B","TAF1B","4c"
0.0602529232199557,0.395408785286318,0.592,0.545,1,"GRCh38-PTDSS2","PTDSS2","4c"
9.83962701713905e-05,0.395370936792296,0.243,0.123,1,"GRCh38-ALDH1A2","ALDH1A2","4c"
0.000197577025700372,-0.395010880000281,0.35,0.543,1,"GRCh38-HLA-DMA","HLA-DMA","4c"
0.000400866468166957,0.394946417826103,0.243,0.13,1,"GRCh38-XKR9","XKR9","4c"
0.0450513229062709,0.394930544349661,0.505,0.491,1,"GRCh38-PHF2","PHF2","4c"
0.00436096271513193,0.394773210955205,0.184,0.108,1,"GRCh38-ENSG00000289410","ENSG00000289410","4c"
0.0922985983441322,0.394531292172468,0.777,0.808,1,"GRCh38-CSNK1G2","CSNK1G2","4c"
0.585080802938194,0.394514861289658,0.68,0.707,1,"GRCh38-PHLDA2","PHLDA2","4c"
0.0612620402431911,0.394354724407347,0.66,0.639,1,"GRCh38-PITHD1","PITHD1","4c"
0.0796100816606586,0.394213295746675,0.709,0.692,1,"GRCh38-SLC16A7","SLC16A7","4c"
0.000171827734930129,0.394191785156234,0.515,0.362,1,"GRCh38-CHPF2","CHPF2","4c"
0.0300179482542211,0.394006567785034,0.806,0.798,1,"GRCh38-TNIP1","TNIP1","4c"
0.125104143486869,0.393882986902789,0.689,0.68,1,"GRCh38-NCOA5","NCOA5","4c"
0.0202293772589796,0.393622550750744,0.757,0.731,1,"GRCh38-KIZ","KIZ","4c"
0.00151426713955329,0.393417639369845,0.602,0.522,1,"GRCh38-ACOX3","ACOX3","4c"
0.0394879965354214,0.393313721326601,0.612,0.567,1,"GRCh38-SNHG17","SNHG17","4c"
6.18670592092993e-05,-0.393101359911387,0.068,0.238,1,"GRCh38-CCN5","CCN5","4c"
0.00606056598037092,0.392962631893576,0.709,0.637,1,"GRCh38-INTS13","INTS13","4c"
0.0289846806965468,0.392918632676809,0.262,0.36,1,"GRCh38-AKAP12","AKAP12","4c"
0.000142014203712176,0.392850025182416,0.437,0.287,1,"GRCh38-ZNF761","ZNF761","4c"
0.00242154099129855,0.392818023557075,0.515,0.409,1,"GRCh38-EIF3C","EIF3C","4c"
0.00300315643737293,0.392565526842934,0.66,0.544,1,"GRCh38-SANBR","SANBR","4c"
0.0471404393372954,0.392563143889918,0.379,0.321,1,"GRCh38-SCGB2B2","SCGB2B2","4c"
0.696467381430882,0.392512996085078,0.34,0.363,1,"GRCh38-CFAP210","CFAP210","4c"
0.00496287512673628,0.392435677187147,0.641,0.546,1,"GRCh38-HCFC2","HCFC2","4c"
0.0124575403233853,0.392420220362867,0.728,0.714,1,"GRCh38-GOLGA5","GOLGA5","4c"
0.182005404656451,0.39241671950137,0.136,0.098,1,"GRCh38-MROH8","MROH8","4c"
0.16764932735287,0.392365029830603,0.33,0.29,1,"GRCh38-PRR5L","PRR5L","4c"
8.41620689463313e-05,-0.392281206690423,0.534,0.669,1,"GRCh38-RITA1","RITA1","4c"
0.029178764018429,0.392114392767667,0.699,0.728,1,"GRCh38-SLC39A6","SLC39A6","4c"
0.000284181571369553,0.392086892995784,0.748,0.662,1,"GRCh38-RNASEH1","RNASEH1","4c"
0.000120452106013688,-0.391689317808796,0.204,0.377,1,"GRCh38-CDC42EP2","CDC42EP2","4c"
2.49629339634077e-05,-0.391565254249967,0.67,0.856,1,"GRCh38-PDCD2","PDCD2","4c"
0.0257420564486906,0.391541194317636,0.515,0.455,1,"GRCh38-ABCC5","ABCC5","4c"
2.89869870795662e-05,0.391518315019313,0.544,0.384,1,"GRCh38-MANEA","MANEA","4c"
0.126540154492867,0.391493621261184,0.592,0.62,1,"GRCh38-PSME3","PSME3","4c"
0.00144713328992228,0.391479120044023,0.32,0.206,1,"GRCh38-LINC02693","LINC02693","4c"
0.0182723924510765,0.391308892738003,0.563,0.529,1,"GRCh38-SLC7A6OS","SLC7A6OS","4c"
0.0207527878263664,0.391178169820677,0.845,0.846,1,"GRCh38-CNIH4","CNIH4","4c"
0.0133656211870238,0.391141215612002,0.777,0.775,1,"GRCh38-GOT2","GOT2","4c"
0.0208615042002854,0.391067044908941,0.816,0.838,1,"GRCh38-NCK1","NCK1","4c"
0.155662540706649,0.391030915343243,0.262,0.209,1,"GRCh38-TFPI2","TFPI2","4c"
0.00144831210942253,0.390876873171571,0.67,0.616,1,"GRCh38-EZH1","EZH1","4c"
0.110770869695026,0.390779232285049,0.126,0.087,1,"GRCh38-ADCY10","ADCY10","4c"
0.000531005145362439,0.390649881728396,0.748,0.711,1,"GRCh38-PPIH","PPIH","4c"
0.00154772428627669,0.390609791503761,0.447,0.336,1,"GRCh38-CCDC117","CCDC117","4c"
0.0231075160588415,0.390558176378441,0.524,0.438,1,"GRCh38-MYO1C","MYO1C","4c"
0.0127547946224051,0.390526755873841,0.553,0.518,1,"GRCh38-FAN1","FAN1","4c"
1.52893251355188e-05,0.390523671403181,0.524,0.355,1,"GRCh38-ABHD10","ABHD10","4c"
0.0107256588498273,-0.390513817051095,0.466,0.539,1,"GRCh38-HMGB1P1","HMGB1P1","4c"
0.0191530608858598,0.390392837899197,0.505,0.447,1,"GRCh38-MTF1","MTF1","4c"
0.0192463472384785,0.390332631434841,0.485,0.4,1,"GRCh38-ARMC2","ARMC2","4c"
0.00641910863488299,0.390153272662636,0.272,0.18,1,"GRCh38-HHAT","HHAT","4c"
1.75636396913205e-05,0.390039685361902,0.398,0.231,1,"GRCh38-SFXN2","SFXN2","4c"
0.0236476291615079,0.390032809550133,0.35,0.261,1,"GRCh38-RNF217-AS1","RNF217-AS1","4c"
0.00084692733126488,0.389980437421007,0.359,0.222,1,"GRCh38-EVI2B","EVI2B","4c"
0.0428568363128802,0.389963108826294,0.553,0.534,1,"GRCh38-MKNK1","MKNK1","4c"
0.00469093956594247,0.389955366329974,0.524,0.429,1,"GRCh38-HEATR3","HEATR3","4c"
7.95133427594003e-05,-0.389840743004041,0.34,0.554,1,"GRCh38-NXT1","NXT1","4c"
0.000259653820221535,-0.389817513597254,0.165,0.331,1,"GRCh38-OLFML3","OLFML3","4c"
0.339377666090217,0.389611203767,0.932,0.95,1,"GRCh38-SKIC3","SKIC3","4c"
0.0138265360806634,0.389411066445259,0.709,0.672,1,"GRCh38-GLMN","GLMN","4c"
0.0190793936975161,0.389396785020856,0.456,0.395,1,"GRCh38-NBPF10","NBPF10","4c"
0.000234886345930889,0.389195083541575,0.66,0.556,1,"GRCh38-STK11","STK11","4c"
0.0406563507423873,0.389118752489951,0.68,0.652,1,"GRCh38-TAP1","TAP1","4c"
0.00128836798256746,0.388966863175539,0.689,0.598,1,"GRCh38-TSN","TSN","4c"
0.0654316443857436,0.388744425326117,0.553,0.695,1,"GRCh38-CSKMT","CSKMT","4c"
0.0279569682630506,0.388649418588133,0.592,0.561,1,"GRCh38-PELP1","PELP1","4c"
0.0639807680161941,0.388451234573878,0.602,0.571,1,"GRCh38-SPPL2B","SPPL2B","4c"
0.00142059698458503,0.388418274693967,0.126,0.055,1,"GRCh38-ENSG00000267262","ENSG00000267262","4c"
0.000175754291097169,-0.388404788397114,0.932,0.979,1,"GRCh38-PRDX1","PRDX1","4c"
0.00229885662988453,0.38822304518979,0.612,0.517,1,"GRCh38-SLC35E2B","SLC35E2B","4c"
0.990947137173013,0.388174762223223,0.68,0.787,1,"GRCh38-PTRH2","PTRH2","4c"
0.0145938764463513,0.388150214064611,0.738,0.67,1,"GRCh38-KMT2B","KMT2B","4c"
0.00248332998901777,0.388109700537513,0.476,0.364,1,"GRCh38-ZNF557","ZNF557","4c"
0.0479246529911635,0.387739509714225,0.388,0.327,1,"GRCh38-GSDMC","GSDMC","4c"
0.0331675688668923,0.387530075427225,0.67,0.642,1,"GRCh38-ZNF337","ZNF337","4c"
9.02502888867815e-05,0.387402907550157,0.515,0.356,1,"GRCh38-CCHCR1","CCHCR1","4c"
0.0720993371654667,0.387266604386772,0.67,0.682,1,"GRCh38-SCYL1","SCYL1","4c"
0.00600338440610149,0.387188332914063,0.447,0.354,1,"GRCh38-TCEANC2","TCEANC2","4c"
0.470268367201458,0.3871390319456,0.728,0.814,1,"GRCh38-ROBO1","ROBO1","4c"
7.16310574425157e-05,-0.387135541106601,0.806,0.921,1,"GRCh38-COPS6","COPS6","4c"
0.197173073546351,0.387101843286587,0.922,0.945,1,"GRCh38-COPB1","COPB1","4c"
0.00365382507329876,0.387041205148947,0.583,0.487,1,"GRCh38-RAB3IP","RAB3IP","4c"
0.251503745491207,0.386935486766647,0.204,0.166,1,"GRCh38-RXFP1","RXFP1","4c"
1.85000622315672e-05,-0.3868884027828,0.427,0.631,1,"GRCh38-SMIM29","SMIM29","4c"
0.000427894527397201,0.386632569473754,0.388,0.249,1,"GRCh38-MIGA2","MIGA2","4c"
0.0246857906034496,0.386599490208604,0.786,0.864,1,"GRCh38-RNF149","RNF149","4c"
0.00446918659069395,-0.386366280080664,0.126,0.244,1,"GRCh38-ENSG00000226022","ENSG00000226022","4c"
0.00363329188470441,0.386304594194292,0.379,0.289,1,"GRCh38-CNEP1R1","CNEP1R1","4c"
0.243891812793943,0.386277396701324,0.252,0.218,1,"GRCh38-AFF2","AFF2","4c"
0.000151033437003512,-0.386213823056768,0.476,0.645,1,"GRCh38-FKBP7","FKBP7","4c"
9.79255244815688e-05,0.386175456247633,0.408,0.263,1,"GRCh38-NPIPB5","NPIPB5","4c"
0.0131210814144904,0.385908981002718,0.689,0.657,1,"GRCh38-ATP6V1A","ATP6V1A","4c"
0.00154838826620048,0.385861135587764,0.466,0.346,1,"GRCh38-MED9","MED9","4c"
0.0201442452392537,0.385733406943069,0.854,0.921,1,"GRCh38-ANAPC5","ANAPC5","4c"
0.00540983403564249,0.385590478368759,0.476,0.373,1,"GRCh38-C1orf109","C1orf109","4c"
1.74164602366641e-05,-0.385474445147275,0.223,0.434,1,"GRCh38-RAC3","RAC3","4c"
0.0343608766552003,0.385434224927307,0.456,0.397,1,"GRCh38-CUL9","CUL9","4c"
0.0438216061675417,0.385374099570978,0.417,0.334,1,"GRCh38-ENSG00000222017","ENSG00000222017","4c"
0.18246167966887,0.385356033131564,0.835,0.898,1,"GRCh38-ECE1","ECE1","4c"
0.000731389918043112,0.384862010268742,0.408,0.282,1,"GRCh38-ATP2B1-AS1","ATP2B1-AS1","4c"
0.000660813697480251,-0.384696215177029,0.602,0.749,1,"GRCh38-SLC25A11","SLC25A11","4c"
0.0597991491424671,0.384639224023637,0.777,0.79,1,"GRCh38-ACO2","ACO2","4c"
0.104182102964953,0.384585830288986,0.913,0.958,1,"GRCh38-HNRNPAB","HNRNPAB","4c"
0.00506919035556332,0.384486076885746,0.34,0.248,1,"GRCh38-SLC29A1","SLC29A1","4c"
0.0128249574386508,0.384484534202459,0.175,0.106,1,"GRCh38-CA3","CA3","4c"
0.0203085494043848,0.384113156411996,0.951,0.967,1,"GRCh38-IL6ST","IL6ST","4c"
0.00281925358543996,0.384110733961226,0.757,0.741,1,"GRCh38-CUL4B","CUL4B","4c"
1.85870329485305e-05,0.384105390818867,0.33,0.181,1,"GRCh38-LTB4R","LTB4R","4c"
2.00428184927186e-05,0.384091936156717,0.408,0.252,1,"GRCh38-TBCCD1","TBCCD1","4c"
9.96368346063846e-05,-0.384080107346738,0.796,0.93,1,"GRCh38-DDOST","DDOST","4c"
0.254112765653707,0.383684028129258,0.825,0.903,1,"GRCh38-PLSCR1","PLSCR1","4c"
0.000122161767845142,0.383589576620385,0.621,0.473,1,"GRCh38-RABL3","RABL3","4c"
0.0394552389657632,0.383583608857246,0.757,0.723,1,"GRCh38-FARSB","FARSB","4c"
0.100023083030388,0.383311234815541,0.874,0.918,1,"GRCh38-ABCF1","ABCF1","4c"
0.000447364198043456,-0.383250790006198,0.282,0.434,1,"GRCh38-ABHD14A","ABHD14A","4c"
0.351364293404041,0.383089852266242,0.757,0.847,1,"GRCh38-SLC44A5","SLC44A5","4c"
0.233732094542592,0.382973970862166,0.718,0.755,1,"GRCh38-NPRL3","NPRL3","4c"
0.0332035277211234,0.38290955594264,0.592,0.532,1,"GRCh38-EIF4ENIF1","EIF4ENIF1","4c"
0.247819833038305,0.382907280647833,0.748,0.792,1,"GRCh38-APMAP","APMAP","4c"
0.00170816015003724,0.382812639210855,0.495,0.385,1,"GRCh38-RAB23","RAB23","4c"
0.77557447113078,0.382766914538072,0.583,0.65,1,"GRCh38-CPT1A","CPT1A","4c"
0.00470236354861563,0.382689119682165,0.728,0.675,1,"GRCh38-MARCHF5","MARCHF5","4c"
6.11776190694614e-05,0.382607829978274,0.146,0.055,1,"GRCh38-ENSG00000258312","ENSG00000258312","4c"
0.00265917392982541,0.382519119034411,0.194,0.106,1,"GRCh38-CCNE2","CCNE2","4c"
0.000151966470559878,0.382514017824109,0.408,0.263,1,"GRCh38-FRG1-DT","FRG1-DT","4c"
0.117372306781914,0.38247726162325,0.913,0.941,1,"GRCh38-PNN","PNN","4c"
9.55530968672587e-05,-0.382458298177304,0.583,0.742,1,"GRCh38-CYB561","CYB561","4c"
0.0090349138052709,-0.382407870480983,0.903,0.971,1,"GRCh38-RBM3","RBM3","4c"
4.62781499372378e-05,0.382312067660521,0.631,0.454,1,"GRCh38-NIF3L1","NIF3L1","4c"
0.00072240633709637,0.38219537796986,0.476,0.367,1,"GRCh38-OCRL","OCRL","4c"
0.142560822377868,0.381815553175978,0.184,0.136,1,"GRCh38-ENSG00000250137","ENSG00000250137","4c"
0.172782303872165,0.381759700790578,0.592,0.613,1,"GRCh38-RAB40C","RAB40C","4c"
0.598724168784589,0.381589788421367,0.33,0.348,1,"GRCh38-ADAM32","ADAM32","4c"
0.00178456099904807,0.381551715869508,0.194,0.104,1,"GRCh38-LNC-LBCS","LNC-LBCS","4c"
0.0767407013004321,0.38151131361578,0.874,0.875,1,"GRCh38-XIAP","XIAP","4c"
0.00018071162844149,0.381466199205811,0.417,0.279,1,"GRCh38-PDE12","PDE12","4c"
0.101439236930907,0.381371512908415,0.282,0.238,1,"GRCh38-ENSG00000214719","ENSG00000214719","4c"
0.000150582365478975,0.381336526371183,0.175,0.078,1,"GRCh38-ENSG00000283480","ENSG00000283480","4c"
0.0482874662360461,0.381334144826819,0.835,0.837,1,"GRCh38-IST1","IST1","4c"
3.8919285083819e-05,0.381112582174002,0.476,0.308,1,"GRCh38-FBXL3","FBXL3","4c"
0.983020021776852,0.380974576736607,0.223,0.237,1,"GRCh38-THBS1-IT1","THBS1-IT1","4c"
0.0371033943735277,0.380943290316635,0.845,0.843,1,"GRCh38-AKAP8L","AKAP8L","4c"
0.000239458778175825,0.380837474729482,0.65,0.552,1,"GRCh38-ZNF787","ZNF787","4c"
0.0842225148573395,0.380239124272934,0.524,0.474,1,"GRCh38-ENSG00000290560","ENSG00000290560","4c"
0.00395653008778224,0.380201990153004,0.447,0.33,1,"GRCh38-ZNF623","ZNF623","4c"
0.00296417636136184,0.380055871653369,0.748,0.647,1,"GRCh38-NFRKB","NFRKB","4c"
0.0228957604505124,0.380022698851262,0.728,0.699,1,"GRCh38-LMBRD1","LMBRD1","4c"
0.00244919240766791,0.379942434921703,0.485,0.38,1,"GRCh38-ATP13A2","ATP13A2","4c"
8.31658179182662e-05,-0.37983158101693,0.777,0.905,1,"GRCh38-PPA2","PPA2","4c"
0.294365028294782,0.37980019988398,0.893,0.916,1,"GRCh38-VPS13C","VPS13C","4c"
0.0691624070610937,0.37977880788167,0.214,0.154,1,"GRCh38-SLC7A11-AS1","SLC7A11-AS1","4c"
0.000663595086771946,0.37971403053069,0.272,0.158,1,"GRCh38-LINC00607","LINC00607","4c"
0.120867670428024,0.37965905794502,0.33,0.291,1,"GRCh38-ZNF790","ZNF790","4c"
5.27628204115543e-05,-0.379389018569974,0.592,0.744,1,"GRCh38-MRPL35","MRPL35","4c"
0.0815709451395257,0.379340465725863,0.699,0.734,1,"GRCh38-TMEM132A","TMEM132A","4c"
0.001141264687432,0.379306664299812,0.262,0.154,1,"GRCh38-RASSF5","RASSF5","4c"
0.00472961515545182,0.379154141112238,0.369,0.273,1,"GRCh38-NPIPB4","NPIPB4","4c"
0.101735367119988,0.379087633588269,0.913,0.949,1,"GRCh38-COL6A3","COL6A3","4c"
0.000231698305495448,-0.379048278263665,0.35,0.514,1,"GRCh38-NUDT16L1","NUDT16L1","4c"
0.00096092919908676,0.378869220593708,0.223,0.125,1,"GRCh38-FZD8","FZD8","4c"
0.00177012909819686,0.378833733997849,0.34,0.235,1,"GRCh38-SMIM15-AS1","SMIM15-AS1","4c"
0.00221178274962154,0.378727457748784,0.563,0.462,1,"GRCh38-BAG4","BAG4","4c"
0.014655228977527,0.378723516900947,0.544,0.49,1,"GRCh38-REXO1","REXO1","4c"
0.00248681202997483,0.378557776661323,0.291,0.444,1,"GRCh38-PDE10A","PDE10A","4c"
0.00105063714568326,0.378557310847953,0.427,0.312,1,"GRCh38-ENSG00000290453","ENSG00000290453","4c"
0.10958643746048,0.378447794611199,0.621,0.622,1,"GRCh38-DELE1","DELE1","4c"
0.0939995265677884,0.378428652672505,0.262,0.208,1,"GRCh38-PILRA","PILRA","4c"
6.4753948903418e-05,-0.378346451538063,0.388,0.559,1,"GRCh38-SPIN2B","SPIN2B","4c"
0.00572087479790827,0.378278959972264,0.777,0.729,1,"GRCh38-TERF1","TERF1","4c"
0.0257279103158718,0.378256291249701,0.534,0.461,1,"GRCh38-RMND5A","RMND5A","4c"
1.62100513456739e-05,-0.378061847225615,0.476,0.701,1,"GRCh38-ZDHHC24","ZDHHC24","4c"
3.21281776447582e-05,0.377862515219233,0.359,0.196,1,"GRCh38-SLC7A2","SLC7A2","4c"
0.768043091410501,0.377815848143428,0.505,0.548,1,"GRCh38-PPM1L","PPM1L","4c"
0.00257162606124336,0.377786299105559,0.709,0.631,1,"GRCh38-ENSG00000226824","ENSG00000226824","4c"
0.0318486959474797,0.377752136561283,0.767,0.828,1,"GRCh38-MTX2","MTX2","4c"
1.89878145468773e-05,0.377425180160755,0.301,0.156,1,"GRCh38-ENSG00000247121","ENSG00000247121","4c"
0.000201839357012699,0.377327004670245,0.495,0.359,1,"GRCh38-CPSF1","CPSF1","4c"
0.0378254979564215,0.377280093178865,0.903,0.916,1,"GRCh38-RNPS1","RNPS1","4c"
0.0413897992087072,0.377040819951834,0.786,0.78,1,"GRCh38-GTF2E2","GTF2E2","4c"
0.368908599756175,0.376859158945481,0.748,0.787,1,"GRCh38-ELOVL6","ELOVL6","4c"
0.136283957854376,0.376622356243315,0.767,0.751,1,"GRCh38-APTX","APTX","4c"
0.00853781115025652,0.376597071811671,0.252,0.165,1,"GRCh38-FER1L6","FER1L6","4c"
0.917090992018606,0.376443176132727,0.592,0.711,1,"GRCh38-AAMDC","AAMDC","4c"
0.0658548460652122,0.376365884723415,0.796,0.84,1,"GRCh38-CCNC","CCNC","4c"
0.00421896097932095,0.376145018435118,0.65,0.591,1,"GRCh38-CILK1","CILK1","4c"
0.000112316855395323,0.3760646626128,0.272,0.148,1,"GRCh38-MYOSLID","MYOSLID","4c"
0.0141576079214037,0.376041487533431,0.631,0.585,1,"GRCh38-MTSS2","MTSS2","4c"
0.0542563874320315,0.376023630277587,0.621,0.544,1,"GRCh38-KREMEN1","KREMEN1","4c"
0.247396138899096,0.375915584738661,0.233,0.204,1,"GRCh38-HDAC2-AS2","HDAC2-AS2","4c"
0.000451522162319544,0.375818114997679,0.447,0.312,1,"GRCh38-ATP6V1E2","ATP6V1E2","4c"
7.58694808204108e-05,-0.375731483560259,0.893,0.967,1,"GRCh38-CCT4","CCT4","4c"
4.03079143998919e-05,0.375726574008466,0.553,0.391,1,"GRCh38-CHMP7","CHMP7","4c"
0.270522381261247,0.375660546570734,0.612,0.635,1,"GRCh38-MICU2","MICU2","4c"
0.00100975607615215,0.375590851393019,0.544,0.44,1,"GRCh38-GIT1","GIT1","4c"
0.00153665151140415,0.375353499160623,0.427,0.33,1,"GRCh38-ZNF316","ZNF316","4c"
0.000780300838336615,-0.375318376138003,0.379,0.552,1,"GRCh38-LINC01687","LINC01687","4c"
0.00393452188098736,0.375309297776451,0.641,0.562,1,"GRCh38-DCTN5","DCTN5","4c"
0.881688575568324,0.375172046730682,0.903,0.944,1,"GRCh38-MYOF","MYOF","4c"
0.445852846681765,0.375005832135898,0.641,0.684,1,"GRCh38-PLEKHA4","PLEKHA4","4c"
0.0165231444768136,0.374885137655957,0.65,0.594,1,"GRCh38-NUP62","NUP62","4c"
4.03548273903426e-05,0.374848025402555,0.709,0.563,1,"GRCh38-MCM3","MCM3","4c"
0.091585255487174,0.374817267704498,0.583,0.567,1,"GRCh38-CHRAC1","CHRAC1","4c"
0.00349328419474322,0.374592110508807,0.612,0.52,1,"GRCh38-PLEK2","PLEK2","4c"
0.000340050563286686,-0.374564950344816,0.126,0.292,1,"GRCh38-ITGA11","ITGA11","4c"
0.000415255235172647,0.374488452640837,0.495,0.371,1,"GRCh38-ZBTB17","ZBTB17","4c"
0.00337125296516955,-0.374335785258558,0.398,0.549,1,"GRCh38-ANGPT1","ANGPT1","4c"
0.034273718288382,0.37425067745443,0.835,0.882,1,"GRCh38-CEP57","CEP57","4c"
0.329686371964255,0.374232861886008,0.728,0.723,1,"GRCh38-SETD7","SETD7","4c"
0.000154033552547614,0.374167801062342,0.311,0.181,1,"GRCh38-ENSG00000240553","ENSG00000240553","4c"
0.984466474978741,0.373997862274744,0.883,0.955,1,"GRCh38-RALY","RALY","4c"
0.119236743840622,0.37395745358007,0.592,0.568,1,"GRCh38-PCGF6","PCGF6","4c"
0.00194912792060761,0.373851133222713,0.272,0.175,1,"GRCh38-ZNF823","ZNF823","4c"
0.000415967896427073,0.373683921063502,0.204,0.103,1,"GRCh38-COL13A1","COL13A1","4c"
0.0168764255919035,0.373524717500815,0.65,0.589,1,"GRCh38-TSTD2","TSTD2","4c"
0.00235820381731402,-0.373471261550494,0.485,0.643,1,"GRCh38-DCTPP1","DCTPP1","4c"
0.0393003444928653,0.373441863453545,0.32,0.248,1,"GRCh38-ZNF34","ZNF34","4c"
0.244570545588331,0.373248562038548,0.233,0.194,1,"GRCh38-CLDN16","CLDN16","4c"
0.153253893295305,0.373042769155013,0.369,0.328,1,"GRCh38-RDH13","RDH13","4c"
0.0241400378446475,0.37303795212691,0.767,0.768,1,"GRCh38-PGM1","PGM1","4c"
1.56532430304736e-05,0.372892230438748,0.388,0.23,1,"GRCh38-MEX3A","MEX3A","4c"
0.00752488233635752,0.372817950743827,0.155,0.084,1,"GRCh38-PCNX4-DT","PCNX4-DT","4c"
0.233779055613381,0.372805820423642,0.757,0.829,1,"GRCh38-RNF115","RNF115","4c"
0.0128569818769746,0.372783557720319,0.184,0.11,1,"GRCh38-ESR1","ESR1","4c"
0.0226363300378052,0.372738897980196,0.786,0.781,1,"GRCh38-CDC42EP3","CDC42EP3","4c"
0.0198047574401715,0.372553671903179,0.903,0.914,1,"GRCh38-CAPZA2","CAPZA2","4c"
0.227640037753552,0.372531614200984,0.777,0.84,1,"GRCh38-ANXA7","ANXA7","4c"
0.00170613022556457,0.372352465583162,0.951,0.933,1,"GRCh38-DAP","DAP","4c"
0.000715762412434635,0.372327127994328,0.524,0.407,1,"GRCh38-AMMECR1L","AMMECR1L","4c"
6.01814513709062e-05,0.372251872945185,0.456,0.297,1,"GRCh38-ABCB9","ABCB9","4c"
0.0323747803628261,0.3722351890559,0.233,0.159,1,"GRCh38-CDH8","CDH8","4c"
4.66175173502343e-05,-0.372081091032669,0.845,0.905,1,"GRCh38-SRP19","SRP19","4c"
1.73708134043693e-05,-0.371982556078083,0.447,0.675,1,"GRCh38-ZFPL1","ZFPL1","4c"
0.0375138427377475,0.371980219373551,0.67,0.629,1,"GRCh38-BCL10","BCL10","4c"
0.00257173890792152,0.371979478626229,0.495,0.379,1,"GRCh38-ALDH16A1","ALDH16A1","4c"
0.00450699942010864,0.371428822962234,0.388,0.279,1,"GRCh38-IFNLR1","IFNLR1","4c"
0.0596973395465664,0.371236763485972,0.748,0.72,1,"GRCh38-PPP6C","PPP6C","4c"
0.00349435841253107,0.371202042536515,0.592,0.503,1,"GRCh38-PEX26","PEX26","4c"
0.0649587992189659,0.37116817090833,0.845,0.877,1,"GRCh38-OFD1","OFD1","4c"
0.447448628711736,0.371101058546507,0.786,0.886,1,"GRCh38-ZFAND5","ZFAND5","4c"
0.000628897171057119,0.371095033423906,0.466,0.332,1,"GRCh38-B4GALT4","B4GALT4","4c"
0.385581636663767,0.371093658889736,0.718,0.734,1,"GRCh38-SETDB1","SETDB1","4c"
0.995384865233123,0.371083261505552,0.243,0.255,1,"GRCh38-FAAH2","FAAH2","4c"
0.736285679197389,0.371018234166906,0.835,0.911,1,"GRCh38-SCFD1","SCFD1","4c"
0.0156828971929978,0.370999717897564,0.34,0.247,1,"GRCh38-IQCH","IQCH","4c"
0.00301139330063347,0.370966810059931,0.388,0.28,1,"GRCh38-L2HGDH","L2HGDH","4c"
0.0387912764274195,0.370964346464489,0.845,0.824,1,"GRCh38-TRIOBP","TRIOBP","4c"
0.085080376571234,0.370812144906487,0.612,0.556,1,"GRCh38-ENSG00000290927","ENSG00000290927","4c"
0.230723488331512,0.370796811699596,0.786,0.794,1,"GRCh38-TMEM263","TMEM263","4c"
0.00790718661036054,0.370761252437612,0.485,0.415,1,"GRCh38-VIPAS39","VIPAS39","4c"
0.00338109869916935,0.370721809080311,0.563,0.474,1,"GRCh38-FHOD1","FHOD1","4c"
0.312919502377164,0.37052021909944,0.893,0.923,1,"GRCh38-MSC-AS1","MSC-AS1","4c"
0.000342002139379304,0.370409133956651,0.33,0.202,1,"GRCh38-FAM156A","FAM156A","4c"
0.00546838905115258,0.370352625901739,0.34,0.223,1,"GRCh38-LINC02015","LINC02015","4c"
3.95480152462521e-05,-0.370332297150926,0.515,0.757,1,"GRCh38-ADI1","ADI1","4c"
0.000724734232567691,0.370219091171486,0.592,0.485,1,"GRCh38-CLCN7","CLCN7","4c"
0.881182128616347,0.369978184350015,0.748,0.814,1,"GRCh38-LINC02577","LINC02577","4c"
0.125443757759051,0.369793837676687,0.369,0.309,1,"GRCh38-BTBD19","BTBD19","4c"
0.000682473656215343,0.369669115863224,0.466,0.328,1,"GRCh38-PEX5","PEX5","4c"
0.0344346400037324,0.36949236233789,0.427,0.375,1,"GRCh38-MINPP1","MINPP1","4c"
0.588403897133575,0.369478646051395,0.883,0.916,1,"GRCh38-LINC02154","LINC02154","4c"
0.00024207847880476,-0.36932096279774,0.718,0.852,1,"GRCh38-NTPCR","NTPCR","4c"
0.0209292423247241,0.369313629679226,0.68,0.712,1,"GRCh38-DERL1","DERL1","4c"
0.00195165312134177,0.369278324777747,0.68,0.616,1,"GRCh38-RNF40","RNF40","4c"
0.074575139192522,0.369243193120019,0.621,0.605,1,"GRCh38-RAD51C","RAD51C","4c"
0.000745672150107337,0.36909484533112,0.32,0.196,1,"GRCh38-MREG","MREG","4c"
0.00783656590114211,0.368926258086341,0.806,0.796,1,"GRCh38-BNIP2","BNIP2","4c"
0.0389403252233867,0.368786959060861,0.505,0.464,1,"GRCh38-LTO1","LTO1","4c"
0.14334390762774,0.368764021439003,0.466,0.464,1,"GRCh38-ZNF710","ZNF710","4c"
0.00914165058792119,0.36876190924102,0.825,0.779,1,"GRCh38-AP2A1","AP2A1","4c"
0.589543103838208,0.368588787871261,0.252,0.246,1,"GRCh38-ZCWPW1","ZCWPW1","4c"
0.0359270478880698,0.368568432951617,0.583,0.51,1,"GRCh38-CHST12","CHST12","4c"
0.687810336633966,0.368547657455726,0.864,0.901,1,"GRCh38-ME1","ME1","4c"
0.0019364493267872,-0.368526193939125,0.155,0.293,1,"GRCh38-ALDOC","ALDOC","4c"
0.0116230849215307,0.368508999671385,0.67,0.601,1,"GRCh38-POLR3C","POLR3C","4c"
0.00221556169868052,0.368423961186937,0.718,0.702,1,"GRCh38-PIP4P2","PIP4P2","4c"
0.024698422525828,0.36840893392323,0.835,0.862,1,"GRCh38-DDX50","DDX50","4c"
6.97631646530023e-05,-0.368386502888433,0.816,0.939,1,"GRCh38-ARPC1B","ARPC1B","4c"
7.09858806997672e-05,-0.368317643603114,0.835,0.907,1,"GRCh38-FHL2","FHL2","4c"
0.010472296552806,0.368261626515506,0.417,0.326,1,"GRCh38-SSH3","SSH3","4c"
0.00806710514384819,0.368013124670397,0.35,0.258,1,"GRCh38-KLHL21","KLHL21","4c"
0.0264895190333976,0.367873913458681,0.738,0.726,1,"GRCh38-TRIM4","TRIM4","4c"
0.02013813363725,0.367830607309442,0.32,0.238,1,"GRCh38-COPS8-DT","COPS8-DT","4c"
0.0525824364304816,0.36782602933936,0.767,0.765,1,"GRCh38-VPS26A","VPS26A","4c"
3.74564454185234e-05,-0.36765752981402,0.641,0.828,1,"GRCh38-TRPC4","TRPC4","4c"
0.00619518688950017,0.367567091692541,0.65,0.583,1,"GRCh38-CRNKL1","CRNKL1","4c"
0.0437872372469725,0.367492745075139,0.777,0.781,1,"GRCh38-CALM3","CALM3","4c"
2.57037114481039e-05,0.367458998240866,0.612,0.443,1,"GRCh38-GABPA","GABPA","4c"
0.00886238172508281,0.367309493738809,0.718,0.682,1,"GRCh38-HDAC3","HDAC3","4c"
0.44214919494924,0.367230816514045,0.883,0.938,1,"GRCh38-NFIC","NFIC","4c"
0.00228588353459309,-0.367204026053226,0.175,0.32,1,"GRCh38-LINC01615","LINC01615","4c"
8.11051559282285e-05,0.367191591759374,0.573,0.418,1,"GRCh38-RMC1","RMC1","4c"
5.67451095706094e-05,0.36717716036758,0.184,0.081,1,"GRCh38-MN1","MN1","4c"
9.84991658542617e-05,-0.366851093689625,0.816,0.933,1,"GRCh38-MTHFD2","MTHFD2","4c"
0.000191794303858533,0.366793283699963,0.136,0.054,1,"GRCh38-BCL11A","BCL11A","4c"
3.44060843410236e-05,0.366759777587054,0.369,0.21,1,"GRCh38-AGFG2","AGFG2","4c"
0.00780551498236083,0.366682165627516,0.68,0.598,1,"GRCh38-TTC8","TTC8","4c"
0.000231620640317809,0.366653257992505,0.369,0.234,1,"GRCh38-ZNF526","ZNF526","4c"
0.559673993299327,0.366489095929044,0.369,0.444,1,"GRCh38-POLN","POLN","4c"
0.00100789295372464,0.366257375498496,0.573,0.454,1,"GRCh38-TBL2","TBL2","4c"
0.00456226889256788,0.366050237506272,0.388,0.277,1,"GRCh38-SPINK5","SPINK5","4c"
0.0805267649321998,0.366030466178415,0.699,0.74,1,"GRCh38-TTC14","TTC14","4c"
0.0096891001205691,0.366018117165652,0.505,0.431,1,"GRCh38-GUCD1","GUCD1","4c"
0.0224854126435472,0.365927958626906,0.68,0.641,1,"GRCh38-DCUN1D1","DCUN1D1","4c"
0.00467279415374451,0.365907766587855,0.583,0.531,1,"GRCh38-ZBTB24","ZBTB24","4c"
0.0255557344679744,0.365806435554874,0.66,0.646,1,"GRCh38-BAG6","BAG6","4c"
5.29692826685775e-05,0.365780709129798,0.291,0.156,1,"GRCh38-ENSG00000253636","ENSG00000253636","4c"
0.101033472700564,0.36577989980526,0.214,0.164,1,"GRCh38-IGFL4","IGFL4","4c"
0.0541398601694062,0.365775910998103,0.369,0.311,1,"GRCh38-SOX13","SOX13","4c"
0.0375674004273496,0.365624372584753,0.951,0.946,1,"GRCh38-SF1","SF1","4c"
0.00026044049776233,-0.365579114771879,0.019,0.147,1,"GRCh38-LINC01602","LINC01602","4c"
0.000273610963790393,-0.365575853171468,0.32,0.512,1,"GRCh38-ZFYVE28","ZFYVE28","4c"
0.0094392351113741,0.365371642995455,0.806,0.777,1,"GRCh38-SCAMP3","SCAMP3","4c"
0.108090014294569,0.365350763579858,0.553,0.533,1,"GRCh38-WWC3","WWC3","4c"
0.000200918032930152,0.365317016445999,0.223,0.113,1,"GRCh38-CDC20-DT","CDC20-DT","4c"
0.249108420687478,0.365313024839231,0.806,0.833,1,"GRCh38-ANKRD26","ANKRD26","4c"
0.332805208007396,0.365222362524968,0.903,0.907,1,"GRCh38-RBPJ","RBPJ","4c"
0.0155645754242861,0.365205929051564,0.447,0.369,1,"GRCh38-SWT1","SWT1","4c"
0.77320197816006,0.365116184520766,0.806,0.852,1,"GRCh38-SDAD1","SDAD1","4c"
0.221932682591881,0.365005316714837,0.456,0.441,1,"GRCh38-TGIF2","TGIF2","4c"
0.860312492968914,0.364974098042892,0.456,0.517,1,"GRCh38-SLC35E4","SLC35E4","4c"
0.0411345899647266,0.364784342366629,0.699,0.685,1,"GRCh38-RAB11FIP2","RAB11FIP2","4c"
0.0208073504435763,0.364485160209522,0.553,0.478,1,"GRCh38-LRRC49","LRRC49","4c"
5.45597083330548e-05,-0.364348790231508,0.136,0.336,1,"GRCh38-TC2N","TC2N","4c"
0.160394295539537,0.364293240002902,0.485,0.455,1,"GRCh38-CROCCP3","CROCCP3","4c"
0.0116635749501156,0.364232074894415,0.689,0.661,1,"GRCh38-GARS1-DT","GARS1-DT","4c"
0.674140334348453,0.364061565723058,0.718,0.808,1,"GRCh38-LINC02315","LINC02315","4c"
0.0499491309934983,0.363763208372881,0.612,0.604,1,"GRCh38-FLII","FLII","4c"
0.131527998623168,0.363728798152964,0.398,0.362,1,"GRCh38-CEP63","CEP63","4c"
0.000641646664426515,0.363605055092752,0.602,0.504,1,"GRCh38-NRM","NRM","4c"
0.00038351597813502,0.363552991919143,0.32,0.196,1,"GRCh38-LINC03076","LINC03076","4c"
0.00346209536396362,0.363435885867333,0.573,0.521,1,"GRCh38-ZNG1B","ZNG1B","4c"
0.00481876838951019,0.3633159102401,0.456,0.354,1,"GRCh38-GSKIP","GSKIP","4c"
0.0909876277159213,0.363280819563707,0.252,0.195,1,"GRCh38-SUSD4","SUSD4","4c"
2.38977843114894e-05,-0.363277371508092,0.204,0.401,1,"GRCh38-ENSG00000251670","ENSG00000251670","4c"
0.332100121450274,0.363149546389174,0.816,0.872,1,"GRCh38-SSRP1","SSRP1","4c"
0.0053037401289431,0.363133920521766,0.262,0.162,1,"GRCh38-CACNA2D1","CACNA2D1","4c"
0.000342151830332301,0.362844663266,0.447,0.322,1,"GRCh38-FHIP1B","FHIP1B","4c"
0.00569247109084022,0.362661693724964,0.417,0.32,1,"GRCh38-NAA40","NAA40","4c"
0.0280100139689704,0.362639993990251,0.233,0.159,1,"GRCh38-BCO2","BCO2","4c"
0.106383280419745,0.362602550439409,0.738,0.891,1,"GRCh38-MYC","MYC","4c"
0.0677255851193216,0.362564425322352,0.359,0.28,1,"GRCh38-ENSG00000250041","ENSG00000250041","4c"
0.0010117409786105,0.362561267566969,0.379,0.262,1,"GRCh38-FITM2","FITM2","4c"
0.00380863273580103,0.362558438692244,0.66,0.607,1,"GRCh38-NUP37","NUP37","4c"
0.00363822498197981,0.362456018843321,0.485,0.382,1,"GRCh38-LINC00944","LINC00944","4c"
0.102574502713357,0.362378165458607,0.728,0.789,1,"GRCh38-MOB4","MOB4","4c"
0.000579656765168718,0.362196034115294,0.456,0.326,1,"GRCh38-EDC4","EDC4","4c"
0.107386958815368,0.36217046226775,0.573,0.564,1,"GRCh38-IL17RA","IL17RA","4c"
2.72992702265335e-05,-0.361880912372852,0.068,0.252,1,"GRCh38-L1CAM","L1CAM","4c"
0.0381580609698404,0.361737523993205,0.456,0.407,1,"GRCh38-PIGB","PIGB","4c"
0.577683452361545,0.361646154728302,0.825,0.909,1,"GRCh38-CAPZA1","CAPZA1","4c"
0.0016911354856416,0.361579779340469,0.641,0.54,1,"GRCh38-GSK3A","GSK3A","4c"
0.510580215789058,0.361570726915646,0.583,0.629,1,"GRCh38-MSMO1","MSMO1","4c"
0.000915641329193577,0.361522097342099,0.447,0.327,1,"GRCh38-STARD4","STARD4","4c"
0.002797518240475,0.361409315037606,0.709,0.628,1,"GRCh38-ANKRD13A","ANKRD13A","4c"
0.00288307073961572,0.361326569628614,0.447,0.339,1,"GRCh38-PPM1F","PPM1F","4c"
0.147441010583868,0.361186944942837,0.466,0.427,1,"GRCh38-PKN2-AS1","PKN2-AS1","4c"
0.172189929931444,0.361145133448803,0.874,0.869,1,"GRCh38-CFH","CFH","4c"
0.771463704574936,0.361106265401322,0.592,0.69,1,"GRCh38-PCOLCE2","PCOLCE2","4c"
0.0275302955725109,0.360981800868288,0.456,0.376,1,"GRCh38-ZNF490","ZNF490","4c"
0.58606734236329,0.36076373678933,0.728,0.816,1,"GRCh38-PLEKHM2","PLEKHM2","4c"
0.00622964626487489,0.360625931344804,0.524,0.415,1,"GRCh38-CDKN1A","CDKN1A","4c"
0.100131763262239,0.360591314724978,0.893,0.933,1,"GRCh38-RAB1A","RAB1A","4c"
7.48752860062133e-05,0.360423291406148,0.592,0.44,1,"GRCh38-ACTR8","ACTR8","4c"
0.0575294261962406,0.360291772859218,0.883,0.915,1,"GRCh38-CALM1","CALM1","4c"
0.266445206985181,0.360265653195829,0.67,0.714,1,"GRCh38-LYAR","LYAR","4c"
0.0162470614555864,0.360260888077689,0.466,0.383,1,"GRCh38-MRS2","MRS2","4c"
0.108720753183033,0.360180836179379,0.447,0.433,1,"GRCh38-ZDHHC21","ZDHHC21","4c"
0.000222146559299615,0.359931121679575,0.272,0.15,1,"GRCh38-ENSG00000270871","ENSG00000270871","4c"
0.00196704234529779,0.359795794351482,0.107,0.241,1,"GRCh38-LINC00922","LINC00922","4c"
0.248008051548758,0.359712963198474,0.456,0.457,1,"GRCh38-C17orf67","C17orf67","4c"
0.0329241818233415,0.359461998211168,0.631,0.589,1,"GRCh38-TTC7A","TTC7A","4c"
0.000294763240230978,0.359169198574645,0.621,0.51,1,"GRCh38-POLDIP3","POLDIP3","4c"
0.000155192473808776,-0.359062181345996,0.786,0.878,1,"GRCh38-COX16","COX16","4c"
0.000142510373019256,-0.358943579301052,0.524,0.685,1,"GRCh38-PELO","PELO","4c"
0.0386855596057569,0.358930539427284,0.806,0.804,1,"GRCh38-NOL8","NOL8","4c"
1.50305176220803e-05,-0.35887623875416,0.796,0.901,1,"GRCh38-EIF4E2","EIF4E2","4c"
0.122356539855245,0.358741286999861,0.621,0.647,1,"GRCh38-MCCC1","MCCC1","4c"
0.0327112181352756,0.358697656449772,0.553,0.495,1,"GRCh38-AIFM2","AIFM2","4c"
0.00121681506863981,0.358393389034374,0.583,0.496,1,"GRCh38-CDKN1B","CDKN1B","4c"
0.212969458227768,0.358366574738832,0.447,0.425,1,"GRCh38-NBR2","NBR2","4c"
0.139913041721678,0.358353946744729,0.709,0.722,1,"GRCh38-ABCB7","ABCB7","4c"
0.941856263227618,0.35829605456586,0.718,0.812,1,"GRCh38-SPOP","SPOP","4c"
0.000120210409442359,0.358285500865644,0.194,0.088,1,"GRCh38-LINC02458","LINC02458","4c"
7.87509497718961e-05,-0.358232700248578,0.078,0.244,1,"GRCh38-SYT17","SYT17","4c"
2.65546915362454e-05,-0.358175264691475,0.456,0.668,1,"GRCh38-CCNQ","CCNQ","4c"
0.000631199033470991,0.357942899334495,0.165,0.076,1,"GRCh38-PTP4A1","PTP4A1","4c"
0.0944152433704174,0.357756765066457,0.786,0.826,1,"GRCh38-LAP3","LAP3","4c"
0.0324396998168357,0.357744975459954,0.621,0.584,1,"GRCh38-SF3A2","SF3A2","4c"
0.00285560590796551,0.357486223814237,0.427,0.318,1,"GRCh38-WDR77","WDR77","4c"
2.58556072800483e-05,-0.357195562741134,0.515,0.722,1,"GRCh38-MRPS17","MRPS17","4c"
0.348428791733489,0.356941976465708,0.67,0.771,1,"GRCh38-SAMD4A","SAMD4A","4c"
1.87384575426806e-05,-0.35675481963974,0,0.152,1,"GRCh38-ENSG00000287796","ENSG00000287796","4c"
0.000150977891608502,-0.356746691994225,0.65,0.82,1,"GRCh38-CHPF","CHPF","4c"
0.0565936444460141,0.356715380867707,0.223,0.166,1,"GRCh38-TTC23L","TTC23L","4c"
0.00324163204534131,0.356624861891886,0.204,0.119,1,"GRCh38-IL31RA","IL31RA","4c"
0.32239605688551,0.356618847838906,0.68,0.709,1,"GRCh38-RNF8","RNF8","4c"
0.0143692790843238,0.356590418109648,0.359,0.269,1,"GRCh38-ULK2","ULK2","4c"
0.000254083579350935,-0.356586337308539,0.806,0.951,1,"GRCh38-ARL6IP5","ARL6IP5","4c"
0.0498376145286333,0.356540358426411,0.175,0.118,1,"GRCh38-OVCH1","OVCH1","4c"
0.371626401468361,-0.356436828962923,0.709,0.82,1,"GRCh38-FAM162A","FAM162A","4c"
0.000170037411198041,0.356247874376252,0.204,0.097,1,"GRCh38-ENSG00000247853","ENSG00000247853","4c"
0.000252631283224004,0.356245256007606,0.408,0.27,1,"GRCh38-ZNF460","ZNF460","4c"
0.00145184021968219,0.356206671587665,0.388,0.255,1,"GRCh38-ENSG00000243944","ENSG00000243944","4c"
0.00249403539743302,0.356080397585762,0.534,0.75,1,"GRCh38-GADD45B","GADD45B","4c"
8.14697569160967e-05,-0.355907718544453,0.757,0.906,1,"GRCh38-CHMP3","CHMP3","4c"
0.18688946305446,0.355873727389538,0.883,0.91,1,"GRCh38-YARS1","YARS1","4c"
0.00218873490662615,0.355461923136688,0.689,0.622,1,"GRCh38-MAGOHB","MAGOHB","4c"
0.148998322847993,0.355459668534067,0.291,0.254,1,"GRCh38-CLTCL1","CLTCL1","4c"
0.0265180473940649,0.355106052289793,0.214,0.145,1,"GRCh38-LINC02109","LINC02109","4c"
0.0872541206019515,0.355065874620677,0.534,0.514,1,"GRCh38-APOL1","APOL1","4c"
5.0626393360163e-05,-0.355008691756914,0.447,0.641,1,"GRCh38-KANK2","KANK2","4c"
0.00905462549600945,0.354919657079931,0.903,0.901,1,"GRCh38-RNMT","RNMT","4c"
0.0330212953854026,0.35489870780229,0.301,0.233,1,"GRCh38-TAF1A","TAF1A","4c"
0.626890828342966,0.354848821349616,0.495,0.513,1,"GRCh38-LINC01179","LINC01179","4c"
4.11821842752067e-05,-0.354838156931079,0.505,0.737,1,"GRCh38-MRPL2","MRPL2","4c"
0.0235442752246116,0.354824647302566,0.485,0.41,1,"GRCh38-RUNDC1","RUNDC1","4c"
9.5019520842581e-05,0.354795181260457,0.311,0.178,1,"GRCh38-ENSG00000248664","ENSG00000248664","4c"
0.0509957967199466,0.354655440314072,0.437,0.372,1,"GRCh38-ZNF235","ZNF235","4c"
0.403952159990255,0.354549598983942,0.903,0.938,1,"GRCh38-PAK2","PAK2","4c"
5.84645546259381e-05,0.354336357085619,0.583,0.41,1,"GRCh38-DNAJB4","DNAJB4","4c"
9.4397960080999e-05,-0.354132050644778,0.757,0.896,1,"GRCh38-HDAC1","HDAC1","4c"
0.18503541192916,0.354040419234047,0.631,0.571,1,"GRCh38-UBA6-DT","UBA6-DT","4c"
0.000150489145438862,0.353981873242665,0.126,0.048,1,"GRCh38-RND1","RND1","4c"
0.015350118126941,0.353931513000374,0.437,0.362,1,"GRCh38-NFKBIE","NFKBIE","4c"
0.00911648857008487,0.353814264740824,0.505,0.4,1,"GRCh38-UTP15","UTP15","4c"
0.735929040355584,0.353724542328406,0.136,0.16,1,"GRCh38-CARMN","CARMN","4c"
0.633097833394041,0.353662129317476,0.738,0.837,1,"GRCh38-AHSA1","AHSA1","4c"
0.399387107178736,0.353615337692927,0.689,0.722,1,"GRCh38-FAM234A","FAM234A","4c"
0.131293447253274,0.353606235537069,0.767,0.771,1,"GRCh38-DCAF8","DCAF8","4c"
0.298895472745929,0.353576790371495,0.194,0.162,1,"GRCh38-COL24A1","COL24A1","4c"
0.486727435248386,0.353285041101848,0.67,0.689,1,"GRCh38-PMS2P4","PMS2P4","4c"
0.0073183016072974,0.353213300068896,0.631,0.546,1,"GRCh38-PKP3","PKP3","4c"
0.0132617700294291,0.353202739619224,0.476,0.414,1,"GRCh38-DDX20","DDX20","4c"
0.000966425156918589,0.353121144524892,0.592,0.493,1,"GRCh38-CNOT3","CNOT3","4c"
0.494294362053934,0.352818928921478,0.398,0.391,1,"GRCh38-SYNGAP1","SYNGAP1","4c"
0.118610048066961,0.352775239372047,0.699,0.683,1,"GRCh38-SCO1","SCO1","4c"
0.18702360796168,0.352464328032245,0.67,0.703,1,"GRCh38-SELENOO","SELENOO","4c"
1.53639376242924e-05,-0.352452665923315,0.612,0.791,1,"GRCh38-INTS11","INTS11","4c"
0.19988964690483,0.352402341031243,0.573,0.548,1,"GRCh38-WSB2","WSB2","4c"
5.99637619050107e-05,0.352354669204085,0.243,0.123,1,"GRCh38-NUDT16-DT","NUDT16-DT","4c"
0.147407036943536,0.352343677229125,0.515,0.495,1,"GRCh38-DAAM1","DAAM1","4c"
0.0226959078047063,0.352335502245701,0.66,0.619,1,"GRCh38-EXOSC6","EXOSC6","4c"
3.59721449053173e-05,0.352327497889487,0.35,0.194,1,"GRCh38-IFIT1","IFIT1","4c"
0.000242703551932688,0.35216797199759,0.155,0.067,1,"GRCh38-ENSG00000228566","ENSG00000228566","4c"
0.00462665823043298,-0.351932007561446,0.728,0.826,1,"GRCh38-NIHCOLE","NIHCOLE","4c"
0.969798562561172,0.351737461462684,0.835,0.967,1,"GRCh38-IFI27","IFI27","4c"
0.903356636347439,0.351735104835557,0.689,0.852,1,"GRCh38-MRPL18","MRPL18","4c"
0.00184977823395753,0.351641202137914,0.417,0.297,1,"GRCh38-SPART-AS1","SPART-AS1","4c"
0.305661690053611,0.351601730559961,0.32,0.298,1,"GRCh38-TXNDC16","TXNDC16","4c"
0.015285523315669,0.351594046344673,0.612,0.556,1,"GRCh38-MLLT11","MLLT11","4c"
0.00295875514019832,0.351561848916567,0.806,0.789,1,"GRCh38-UBXN2A","UBXN2A","4c"
0.00013306732065017,-0.351536348602414,0.864,0.925,1,"GRCh38-NREP","NREP","4c"
0.00355857068086615,0.351470582426524,0.126,0.06,1,"GRCh38-KLF2-DT","KLF2-DT","4c"
0.00796870702301929,0.351381890450951,0.456,0.353,1,"GRCh38-RADX","RADX","4c"
0.0938549630983485,0.351146126102005,0.485,0.434,1,"GRCh38-DNAL1","DNAL1","4c"
0.988153135631861,0.351131643146006,0.184,0.191,1,"GRCh38-SYNPO2","SYNPO2","4c"
0.000341895034327247,-0.351077638452128,0.728,0.873,1,"GRCh38-CCDC124","CCDC124","4c"
2.28819763156326e-05,-0.350995070086729,0.476,0.658,1,"GRCh38-SPSB3","SPSB3","4c"
0.147875164768156,0.35088275977503,0.641,0.615,1,"GRCh38-HACL1","HACL1","4c"
0.000294918245742065,-0.350842648035466,0.272,0.431,1,"GRCh38-RASSF7","RASSF7","4c"
0.153095279853055,0.350737553010761,0.495,0.475,1,"GRCh38-FAM118A","FAM118A","4c"
0.0101003468681094,0.350645478005469,0.67,0.606,1,"GRCh38-FDX1","FDX1","4c"
0.0515866947148005,0.350631143868597,0.398,0.345,1,"GRCh38-SBF2-AS1","SBF2-AS1","4c"
0.0358546929172471,0.350565426816186,0.34,0.273,1,"GRCh38-FBXO36","FBXO36","4c"
3.12849673085857e-05,-0.3505243592034,0.563,0.759,1,"GRCh38-RILPL2","RILPL2","4c"
0.0823788203309263,0.350459365831716,0.476,0.446,1,"GRCh38-FAM76A","FAM76A","4c"
0.212354593033413,0.350358692203375,0.592,0.573,1,"GRCh38-WDR19","WDR19","4c"
0.0091814783525282,0.350285964731083,0.583,0.494,1,"GRCh38-GRK6","GRK6","4c"
0.000174624539210139,0.350245323831687,0.524,0.372,1,"GRCh38-ARMH4","ARMH4","4c"
0.00150615477300141,0.350182730071337,0.369,0.251,1,"GRCh38-LEKR1","LEKR1","4c"
0.457098215709102,0.349846965491288,0.583,0.628,1,"GRCh38-KLHL42","KLHL42","4c"
0.0177835606091862,0.349821561763164,0.631,0.586,1,"GRCh38-AP1M1","AP1M1","4c"
0.000328877743057802,0.349807013982244,0.223,0.113,1,"GRCh38-ENSG00000214803","ENSG00000214803","4c"
0.00202066880564968,0.349798680853429,0.456,0.344,1,"GRCh38-PGAM5","PGAM5","4c"
0.0436830054623822,0.34970834380995,0.612,0.573,1,"GRCh38-EPHB4","EPHB4","4c"
0.0549122333118475,0.349671900993195,0.524,0.473,1,"GRCh38-LINC00963","LINC00963","4c"
0.00820382792892333,0.349648894661457,0.447,0.332,1,"GRCh38-KYAT1","KYAT1","4c"
0.982705675910841,0.349468977807066,0.777,0.886,1,"GRCh38-EI24","EI24","4c"
0.0349092819071563,0.349383045014819,0.709,0.668,1,"GRCh38-ZNF655","ZNF655","4c"
0.0337684407216787,0.349339094727462,0.291,0.224,1,"GRCh38-ADCK1","ADCK1","4c"
8.1377284351689e-05,0.349162208359674,0.689,0.518,1,"GRCh38-RALB","RALB","4c"
0.00284742250069988,0.349161624612187,0.456,0.338,1,"GRCh38-FAM118B","FAM118B","4c"
0.648748406220186,0.349081365267959,0.835,0.87,1,"GRCh38-UBL3","UBL3","4c"
0.132767841842366,0.349004382882861,0.466,0.428,1,"GRCh38-NBPF14","NBPF14","4c"
0.000744792353888257,0.348895659900852,0.612,0.48,1,"GRCh38-STRN4","STRN4","4c"
0.00608691729393228,0.348879671918064,0.359,0.27,1,"GRCh38-NBPF3","NBPF3","4c"
0.00116947277299986,-0.348780975312859,0.932,0.989,1,"GRCh38-TPI1","TPI1","4c"
9.90350788294411e-05,0.348774436760382,0.35,0.208,1,"GRCh38-ZNF300","ZNF300","4c"
0.0284236523274226,0.348669262741775,0.738,0.681,1,"GRCh38-BLZF1","BLZF1","4c"
0.00392115568892829,0.348643666547375,0.534,0.435,1,"GRCh38-HMCES","HMCES","4c"
0.00183175741075354,0.34858453065113,0.33,0.218,1,"GRCh38-PLEKHO2","PLEKHO2","4c"
0.000937574809318627,0.348517238315654,0.194,0.103,1,"GRCh38-LINC02709","LINC02709","4c"
0.47368479625781,0.348372491252194,0.583,0.63,1,"GRCh38-PARVA","PARVA","4c"
0.212814544260672,0.348348910374878,0.175,0.142,1,"GRCh38-ENSG00000287070","ENSG00000287070","4c"
0.0334038124142326,0.348328607479023,0.515,0.431,1,"GRCh38-DNHD1","DNHD1","4c"
0.107971674763226,0.348093532251815,0.34,0.287,1,"GRCh38-ZNF786","ZNF786","4c"
0.89983004489842,0.347959519508644,0.65,0.719,1,"GRCh38-MTG2","MTG2","4c"
0.0146596045064455,0.347866571337308,0.573,0.503,1,"GRCh38-TMEM39B","TMEM39B","4c"
0.000417205054747452,-0.34778015266453,0.398,0.549,1,"GRCh38-SLC10A3","SLC10A3","4c"
0.000321614848265894,0.347719978593911,0.563,0.428,1,"GRCh38-CBLL1","CBLL1","4c"
0.138251153945715,0.347413207875247,0.796,0.842,1,"GRCh38-SP110","SP110","4c"
0.000747261658900559,-0.347334830112057,0.99,0.99,1,"GRCh38-CFL1","CFL1","4c"
0.00206469294259805,0.347268387358004,0.816,0.725,1,"GRCh38-DCTN1","DCTN1","4c"
0.00113752704653867,0.347258331139609,0.573,0.458,1,"GRCh38-TJAP1","TJAP1","4c"
0.0852016491023451,0.347011135245339,0.583,0.581,1,"GRCh38-ARFGAP2","ARFGAP2","4c"
0.247729896757703,0.346887230643336,0.505,0.598,1,"GRCh38-LIX1-AS1","LIX1-AS1","4c"
0.220497926070971,0.346816481271023,0.689,0.679,1,"GRCh38-OTUD5","OTUD5","4c"
0.000125353857273772,0.34671379685734,0.427,0.276,1,"GRCh38-ZNF529","ZNF529","4c"
0.115363913704229,0.346650940942509,0.485,0.465,1,"GRCh38-TTPAL","TTPAL","4c"
0.0127808385801186,0.346514887008921,0.379,0.279,1,"GRCh38-ABHD6","ABHD6","4c"
0.00882943623086361,0.346496890964492,0.223,0.14,1,"GRCh38-EIF1B-AS1","EIF1B-AS1","4c"
0.00399429736301733,0.346464781352255,0.563,0.451,1,"GRCh38-ENSG00000291259","ENSG00000291259","4c"
0.00245271908483338,-0.346422636251279,0.437,0.623,1,"GRCh38-MTUS1","MTUS1","4c"
0.0655424439312264,0.346162551619235,0.534,0.512,1,"GRCh38-KIAA1549","KIAA1549","4c"
0.222901709924099,0.345991445272244,0.466,0.438,1,"GRCh38-TTLL7","TTLL7","4c"
0.886483689951387,0.345894708742305,0.359,0.389,1,"GRCh38-HECW2","HECW2","4c"
0.0100096398581347,0.345754077854096,0.612,0.548,1,"GRCh38-FBXO3","FBXO3","4c"
0.116229615821179,0.345575549137461,0.602,0.606,1,"GRCh38-TBC1D2B","TBC1D2B","4c"
0.0114790644145101,0.345373974154856,0.369,0.294,1,"GRCh38-PPP1R9B","PPP1R9B","4c"
0.000240309171128711,-0.345290251826126,0.437,0.585,1,"GRCh38-RNPEPL1","RNPEPL1","4c"
0.00649900900092897,0.345132711880812,0.33,0.233,1,"GRCh38-ZNF675","ZNF675","4c"
0.0726391650067555,0.345021123033864,0.612,0.555,1,"GRCh38-TMEM184C","TMEM184C","4c"
3.26125025539984e-05,-0.344947084949659,0.136,0.327,1,"GRCh38-RILP","RILP","4c"
0.00435232860817587,-0.34449669013212,0.825,0.94,1,"GRCh38-SNRPD1","SNRPD1","4c"
0.0122437876095846,0.344481868674494,0.301,0.224,1,"GRCh38-HYMAI","HYMAI","4c"
0.113283259563436,0.344386942827838,0.379,0.318,1,"GRCh38-POT1-AS1","POT1-AS1","4c"
0.000198057060009548,0.344140570802611,0.65,0.539,1,"GRCh38-EIF2B1","EIF2B1","4c"
0.0328949126427919,0.344107194013037,0.835,0.86,1,"GRCh38-EXOC1","EXOC1","4c"
0.00405102798541289,0.344092639785912,0.35,0.237,1,"GRCh38-SYT11","SYT11","4c"
0.151396333042161,0.343984010001133,0.437,0.401,1,"GRCh38-MAN2C1","MAN2C1","4c"
0.325197413646447,0.343891849668183,0.699,0.743,1,"GRCh38-MOK","MOK","4c"
2.39359303543548e-05,0.343881122871751,0.32,0.173,1,"GRCh38-ENSG00000250723","ENSG00000250723","4c"
0.127988051995599,0.343717273068724,0.699,0.676,1,"GRCh38-TBC1D8","TBC1D8","4c"
0.000783253244751611,0.343685544777587,0.204,0.105,1,"GRCh38-AOX1","AOX1","4c"
0.0170733605532795,0.343633562713298,0.592,0.535,1,"GRCh38-FTSJ3","FTSJ3","4c"
0.386015043341085,0.343502046562471,0.854,0.877,1,"GRCh38-SYNJ2","SYNJ2","4c"
6.87237268906262e-05,0.342942731138782,0.34,0.193,1,"GRCh38-PPP1R3B","PPP1R3B","4c"
0.0497608778948317,0.342868139214076,0.66,0.64,1,"GRCh38-SMG1P5","SMG1P5","4c"
0.0116694092185502,0.342703519399185,0.301,0.206,1,"GRCh38-ZNF587","ZNF587","4c"
0.000268126482110034,-0.342655047578556,0.767,0.929,1,"GRCh38-PHB1","PHB1","4c"
0.0204652895327947,0.342408532313779,0.738,0.645,1,"GRCh38-CRNDE","CRNDE","4c"
0.00300868259234284,0.342407334316932,0.417,0.312,1,"GRCh38-PCDHGC3","PCDHGC3","4c"
0.00014132419900316,-0.342403274519104,0.738,0.824,1,"GRCh38-MRPL16","MRPL16","4c"
0.0013476405367617,-0.342345381864684,0.728,0.862,1,"GRCh38-RNF187","RNF187","4c"
0.0184578550689121,0.342238776094411,0.563,0.486,1,"GRCh38-COQ2","COQ2","4c"
0.0381466482498064,0.342207369054055,0.689,0.686,1,"GRCh38-SEC22B","SEC22B","4c"
0.000527589803450689,-0.34217345389146,0.136,0.291,1,"GRCh38-MAP2","MAP2","4c"
0.00195896411127481,0.342128894935536,0.272,0.172,1,"GRCh38-MZF1-AS1","MZF1-AS1","4c"
0.102028759124119,0.342070699183159,0.767,0.782,1,"GRCh38-TMEM259","TMEM259","4c"
0.00878102812923525,0.342040858433445,0.699,0.629,1,"GRCh38-COQ10B","COQ10B","4c"
0.00784202940012773,0.341878731419644,0.583,0.48,1,"GRCh38-TRAPPC13","TRAPPC13","4c"
0.00333350556522226,-0.341870780298436,0.816,0.924,1,"GRCh38-MT1E","MT1E","4c"
0.000640771227082099,0.341800726629868,0.417,0.286,1,"GRCh38-SBF1","SBF1","4c"
0.0109606084853834,0.34176849447712,0.34,0.258,1,"GRCh38-SLC18B1","SLC18B1","4c"
0.000347854951556731,0.341646579369177,0.573,0.443,1,"GRCh38-HUS1","HUS1","4c"
0.0123485354192031,0.341601900573094,0.728,0.624,1,"GRCh38-CLCC1","CLCC1","4c"
0.0149006323807084,-0.341588855389754,0.272,0.378,1,"GRCh38-CACNB2","CACNB2","4c"
6.21190793639469e-05,0.341569297844162,0.592,0.415,1,"GRCh38-ENSG00000248783","ENSG00000248783","4c"
0.0037479564902387,0.341438192877101,0.495,0.392,1,"GRCh38-APOL2","APOL2","4c"
0.0125406534180014,0.341396187334986,0.563,0.518,1,"GRCh38-PARP6","PARP6","4c"
0.297327603877379,0.341394840924601,0.369,0.332,1,"GRCh38-ITGA1","ITGA1","4c"
0.000295585787823248,-0.341303908359032,0.816,0.912,1,"GRCh38-DGUOK","DGUOK","4c"
0.00436682694205524,0.341298524057145,0.34,0.226,1,"GRCh38-TNFSF10","TNFSF10","4c"
0.0550839283005256,0.341280581625377,0.825,0.894,1,"GRCh38-MCFD2","MCFD2","4c"
0.00155863216695767,-0.341272776695356,0.515,0.656,1,"GRCh38-GFUS","GFUS","4c"
4.20675358466366e-05,0.341210744354493,0.165,0.067,1,"GRCh38-SYT13","SYT13","4c"
0.618686639529219,0.341161788931824,0.621,0.719,1,"GRCh38-NUDT4","NUDT4","4c"
0.0269578517097772,0.34114514930996,0.612,0.546,1,"GRCh38-VPS26C","VPS26C","4c"
0.000158083030121736,0.341140356702275,0.447,0.288,1,"GRCh38-TPMT","TPMT","4c"
0.460799706105216,0.341084904347864,0.553,0.539,1,"GRCh38-KIAA1958","KIAA1958","4c"
0.00794836804888817,0.341082698836956,0.573,0.471,1,"GRCh38-ENSG00000290823","ENSG00000290823","4c"
0.0342984015130909,0.341023026233471,0.379,0.293,1,"GRCh38-LINC00472","LINC00472","4c"
0.770314530428774,0.34092116658261,0.398,0.451,1,"GRCh38-SPATA6","SPATA6","4c"
2.42352191011641e-05,0.340914604717059,0.252,0.124,1,"GRCh38-ZNF79","ZNF79","4c"
2.52379621243949e-05,-0.340893986215812,0.087,0.266,1,"GRCh38-ENSG00000289189","ENSG00000289189","4c"
0.00252352176580515,0.340615892979566,0.417,0.286,1,"GRCh38-RAPGEF4","RAPGEF4","4c"
0.022951114513619,0.340588275898041,0.369,0.29,1,"GRCh38-KHDC1-AS1","KHDC1-AS1","4c"
0.00118906648303326,0.340560308290699,0.388,0.261,1,"GRCh38-RNF44","RNF44","4c"
0.0121071268376782,0.340553442940252,0.903,0.921,1,"GRCh38-DDX18","DDX18","4c"
4.64539315810062e-05,-0.340545273016188,0.505,0.701,1,"GRCh38-RAB11B","RAB11B","4c"
0.0134396005218102,0.340454036327122,0.417,0.345,1,"GRCh38-SNX16","SNX16","4c"
0.0258066113728717,-0.340414022532515,0.194,0.284,1,"GRCh38-ACP5","ACP5","4c"
0.108413510206447,0.340371441724012,0.427,0.384,1,"GRCh38-ALKBH1","ALKBH1","4c"
0.161647597002109,0.340362180428895,0.845,0.876,1,"GRCh38-CSNK1D","CSNK1D","4c"
0.00118117139853501,-0.340331791556041,0.398,0.536,1,"GRCh38-MED11","MED11","4c"
0.014505057771149,0.340294643058222,0.437,0.346,1,"GRCh38-PGLS-DT","PGLS-DT","4c"
0.066225471851733,0.340269739450648,0.553,0.511,1,"GRCh38-LRFN4","LRFN4","4c"
0.000257348741197222,-0.340055545496626,0.097,0.256,1,"GRCh38-ENSG00000259579","ENSG00000259579","4c"
0.0473993224622241,0.339975422034924,0.466,0.397,1,"GRCh38-PUS1","PUS1","4c"
3.63687074615602e-05,0.339947308476552,0.369,0.218,1,"GRCh38-TLR3","TLR3","4c"
0.0403383030730511,0.339917458211188,0.466,0.426,1,"GRCh38-SRC","SRC","4c"
0.723910122307114,0.339835128698909,0.786,0.858,1,"GRCh38-HPCAL1","HPCAL1","4c"
0.00121353717272232,0.339713222323631,0.417,0.29,1,"GRCh38-CDADC1","CDADC1","4c"
0.010728137385667,0.339645445033368,0.369,0.273,1,"GRCh38-CCT6P3","CCT6P3","4c"
0.00198848482955921,0.339604142316746,0.544,0.412,1,"GRCh38-RABEP2","RABEP2","4c"
1.8730688549766e-05,-0.33950289464103,0.029,0.198,1,"GRCh38-NPM2","NPM2","4c"
0.00109370066225646,-0.33931490035036,0.621,0.739,1,"GRCh38-GAA","GAA","4c"
0.0394364868102898,0.339285093336411,0.495,0.471,1,"GRCh38-INPPL1","INPPL1","4c"
5.13426390584049e-05,-0.33925884762229,0.699,0.837,1,"GRCh38-DNPEP","DNPEP","4c"
0.0567696130063807,0.339076701736903,0.476,0.411,1,"GRCh38-E4F1","E4F1","4c"
0.0712946721613906,0.338828589152408,0.66,0.63,1,"GRCh38-TOMM34","TOMM34","4c"
0.434857618056712,0.338758911160383,0.311,0.291,1,"GRCh38-AKR1B10","AKR1B10","4c"
0.0919700850604579,0.338754748685564,0.146,0.103,1,"GRCh38-FLVCR2","FLVCR2","4c"
0.0915278031434922,0.33857248329288,0.369,0.325,1,"GRCh38-TNS2-AS1","TNS2-AS1","4c"
0.0736328286412885,0.338504820796578,0.34,0.289,1,"GRCh38-ENSG00000240291","ENSG00000240291","4c"
0.0038909340670765,0.338501935934426,0.379,0.27,1,"GRCh38-ZBTB47-AS1","ZBTB47-AS1","4c"
0.0165059776066413,0.3384332520507,0.262,0.18,1,"GRCh38-PTPN6","PTPN6","4c"
3.31381220809837e-05,-0.338331324323696,0.689,0.87,1,"GRCh38-HDDC2","HDDC2","4c"
0.000453126300780961,-0.338110894201885,0.466,0.662,1,"GRCh38-PINK1","PINK1","4c"
0.0196041436751236,0.337853855528062,0.447,0.369,1,"GRCh38-IQSEC1","IQSEC1","4c"
0.461185723802879,0.337815190584462,0.427,0.543,1,"GRCh38-FIBIN","FIBIN","4c"
0.00161268571804982,-0.337658079926658,0.631,0.785,1,"GRCh38-ID3","ID3","4c"
0.00383556205553561,0.33764541279736,0.476,0.376,1,"GRCh38-ENSG00000288891","ENSG00000288891","4c"
0.0612110637127503,0.337645275951049,0.689,0.683,1,"GRCh38-HCG18","HCG18","4c"
0.00106089070251862,0.337567339718795,0.583,0.473,1,"GRCh38-TMEM214","TMEM214","4c"
0.146452062568386,0.337531060713579,0.583,0.591,1,"GRCh38-ATPSCKMT","ATPSCKMT","4c"
0.627397484340919,0.337416578289775,0.602,0.653,1,"GRCh38-ZFP90","ZFP90","4c"
0.00011877044006189,0.337276700843769,0.408,0.26,1,"GRCh38-ZNF699","ZNF699","4c"
0.0961962434879851,0.337246925206187,0.204,0.154,1,"GRCh38-BAMBI","BAMBI","4c"
0.000175986823499039,0.337099477229545,0.544,0.397,1,"GRCh38-PTPN21","PTPN21","4c"
0.0115698172779525,0.336961611360715,0.476,0.389,1,"GRCh38-MCOLN1","MCOLN1","4c"
0.0619224111471056,0.336878958468486,0.563,0.527,1,"GRCh38-TMEM243","TMEM243","4c"
0.02975530271071,-0.336856199742466,0.33,0.428,1,"GRCh38-SCN9A","SCN9A","4c"
0.0367085377930986,0.336730441268598,0.466,0.412,1,"GRCh38-SMG9","SMG9","4c"
0.0650960270146432,0.336690157439514,0.641,0.62,1,"GRCh38-ISG20L2","ISG20L2","4c"
0.385096773793381,0.336688407173624,0.68,0.725,1,"GRCh38-WDR3","WDR3","4c"
0.0126806049488505,0.336665020845889,0.117,0.061,1,"GRCh38-TOMM20L-DT","TOMM20L-DT","4c"
0.649718703826444,0.336596135437715,0.786,0.878,1,"GRCh38-TFDP2","TFDP2","4c"
0.0021165417568548,0.336498682607218,0.252,0.154,1,"GRCh38-CLDN14-AS1","CLDN14-AS1","4c"
0.34503854779734,0.336383161893954,0.136,0.109,1,"GRCh38-ENSG00000288098","ENSG00000288098","4c"
0.0805486701416172,0.336359676133421,0.553,0.52,1,"GRCh38-GARRE1","GARRE1","4c"
0.00109294223092809,0.336286971142901,0.33,0.218,1,"GRCh38-IPO13","IPO13","4c"
0.0149751655424571,0.336238885601315,0.204,0.129,1,"GRCh38-ENSG00000288004","ENSG00000288004","4c"
0.00765291229780157,0.33611445555205,0.903,0.899,1,"GRCh38-SLC3A2","SLC3A2","4c"
0.00748457332729936,0.336074717568471,0.524,0.423,1,"GRCh38-CSAD","CSAD","4c"
0.00172516926741207,0.336035059197801,0.34,0.234,1,"GRCh38-PRUNE1","PRUNE1","4c"
0.00437219485277791,0.335986332886342,0.612,0.514,1,"GRCh38-TMEM127","TMEM127","4c"
0.0493520747496793,0.335955544002491,0.932,0.974,1,"GRCh38-KHDRBS1","KHDRBS1","4c"
0.000716254793433479,-0.335954474168142,0.699,0.81,1,"GRCh38-RGL1","RGL1","4c"
0.0647038991408954,0.335835456049494,0.748,0.748,1,"GRCh38-RTCB","RTCB","4c"
0.0083954112861317,0.335507080564413,0.68,0.613,1,"GRCh38-DNAJC17","DNAJC17","4c"
0.0370067642685829,0.33547748355788,0.709,0.729,1,"GRCh38-FBXO21","FBXO21","4c"
0.412746046314129,0.335226533514176,0.699,0.786,1,"GRCh38-ZNF37A","ZNF37A","4c"
0.0369423707347294,0.335206331128075,0.67,0.669,1,"GRCh38-FASTKD2","FASTKD2","4c"
0.0274190709311607,0.335196791210753,0.66,0.707,1,"GRCh38-GGPS1","GGPS1","4c"
0.460033768938808,0.33516977095685,0.806,0.9,1,"GRCh38-PCMT1","PCMT1","4c"
0.00145326289367181,0.335120531695925,0.233,0.134,1,"GRCh38-LINC01583","LINC01583","4c"
2.52777660880863e-05,0.335100570312128,0.388,0.227,1,"GRCh38-ZNF778","ZNF778","4c"
0.0298001785097616,0.33506720690152,0.553,0.49,1,"GRCh38-LONRF1","LONRF1","4c"
0.0391794781517769,0.335053960920622,0.65,0.631,1,"GRCh38-SNAPC3","SNAPC3","4c"
0.22371560618953,0.334989534353231,0.427,0.398,1,"GRCh38-TNS1","TNS1","4c"
0.0182879118238705,0.334889071936674,0.903,0.948,1,"GRCh38-H2AZ1","H2AZ1","4c"
0.00837816164976146,0.33487143103992,0.709,0.647,1,"GRCh38-GNS","GNS","4c"
0.0940739023691985,0.334842719013323,0.35,0.301,1,"GRCh38-SMAD6","SMAD6","4c"
0.000101022908343045,-0.334813105737921,0.67,0.819,1,"GRCh38-CLTB","CLTB","4c"
0.0474926178511605,0.334802551180919,0.417,0.369,1,"GRCh38-LINC01588","LINC01588","4c"
0.000755367490695294,0.334766147314153,0.515,0.384,1,"GRCh38-SEC14L2","SEC14L2","4c"
0.00286239124510302,0.334672664669291,0.447,0.333,1,"GRCh38-MCM3AP-AS1","MCM3AP-AS1","4c"
0.000451837300427726,-0.334442089324133,0.437,0.592,1,"GRCh38-ABRAXAS1","ABRAXAS1","4c"
0.000461439760977546,-0.334291762780526,0.34,0.536,1,"GRCh38-CXXC5","CXXC5","4c"
0.00507773146705673,0.334205399978329,0.485,0.393,1,"GRCh38-SLC35A5","SLC35A5","4c"
0.065833433245009,0.334188524674457,0.456,0.41,1,"GRCh38-TMTC4","TMTC4","4c"
2.59869798639841e-05,-0.333871673873253,0.282,0.507,1,"GRCh38-SEMA6B","SEMA6B","4c"
0.873550056172791,0.333851060042643,0.66,0.764,1,"GRCh38-ZYG11B","ZYG11B","4c"
0.000316236222673066,0.333797372598089,0.524,0.371,1,"GRCh38-EIF5A2","EIF5A2","4c"
0.64540749644723,0.333730626451833,0.65,0.77,1,"GRCh38-UQCC1","UQCC1","4c"
0.018009873894617,0.333696488566721,0.592,0.551,1,"GRCh38-C14orf132","C14orf132","4c"
0.000186543051712811,0.333674940673996,0.359,0.218,1,"GRCh38-SHROOM3","SHROOM3","4c"
0.041395163629698,0.333584779923485,0.515,0.473,1,"GRCh38-HDAC5","HDAC5","4c"
2.83203831902524e-05,-0.333427303781635,0.466,0.712,1,"GRCh38-SCNM1","SCNM1","4c"
0.130746603246234,0.333364720491773,0.835,0.905,1,"GRCh38-CYP51A1","CYP51A1","4c"
0.00198266749828973,-0.33330758033831,0.165,0.296,1,"GRCh38-PLCD4","PLCD4","4c"
0.0607715866555327,0.333285587419026,0.165,0.116,1,"GRCh38-ZFX-AS1","ZFX-AS1","4c"
0.00399310956467847,0.333279438637388,0.67,0.557,1,"GRCh38-MAT2B","MAT2B","4c"
0.0832078415030242,0.333251678363432,0.864,0.907,1,"GRCh38-ENSA","ENSA","4c"
0.00598458730305557,0.333235566168566,0.136,0.068,1,"GRCh38-FDXACB1","FDXACB1","4c"
0.00333391803039459,0.333125007405411,0.33,0.222,1,"GRCh38-SLC25A19","SLC25A19","4c"
0.00324954478292598,0.333116541368501,0.204,0.116,1,"GRCh38-PIK3CD","PIK3CD","4c"
0.364171914913192,0.333012972829686,0.573,0.652,1,"GRCh38-STEAP3","STEAP3","4c"
0.00015482856195988,-0.332904746790715,0.427,0.62,1,"GRCh38-SVBP","SVBP","4c"
0.544009620274328,0.332840343757768,0.427,0.44,1,"GRCh38-PARD6B","PARD6B","4c"
0.0106836294371025,0.332676398316074,0.272,0.194,1,"GRCh38-ANGPT2","ANGPT2","4c"
0.0413015886682168,0.332672532585597,0.544,0.532,1,"GRCh38-IFT172","IFT172","4c"
0.0209086431077699,0.332642279904812,0.728,0.697,1,"GRCh38-MICA","MICA","4c"
0.00132519405800359,0.332523481243317,0.398,0.266,1,"GRCh38-ZNF461","ZNF461","4c"
0.0110756686868988,0.33251719045392,0.32,0.235,1,"GRCh38-ZSCAN29","ZSCAN29","4c"
0.38364193328159,0.332458829235715,0.738,0.81,1,"GRCh38-PRKACB","PRKACB","4c"
0.467227190233246,0.332307680630613,0.524,0.531,1,"GRCh38-PPP1R1C","PPP1R1C","4c"
0.0924196321474346,0.332298216862728,0.66,0.703,1,"GRCh38-PNKP","PNKP","4c"
0.00627417957289007,0.332294140792783,0.65,0.573,1,"GRCh38-CASD1","CASD1","4c"
0.000493273583987261,0.332278996479766,0.155,0.071,1,"GRCh38-ENSG00000231970","ENSG00000231970","4c"
0.00454588937315208,0.332242372915629,0.553,0.458,1,"GRCh38-IPP","IPP","4c"
0.00882018446200549,0.332146517095204,0.796,0.923,1,"GRCh38-IER2","IER2","4c"
0.0039576994205912,0.332117022470096,0.398,0.293,1,"GRCh38-HIP1R","HIP1R","4c"
2.07786605728801e-05,-0.331993398541901,0.476,0.701,1,"GRCh38-C1GALT1C1","C1GALT1C1","4c"
0.236250098103978,0.331789038025854,0.65,0.639,1,"GRCh38-APOOL","APOOL","4c"
2.03277597319536e-05,-0.331665924305006,0.175,0.381,1,"GRCh38-HHLA3","HHLA3","4c"
0.000120008730562353,-0.331216886755784,0.379,0.57,1,"GRCh38-EID2","EID2","4c"
0.601811487985232,0.331168344581653,0.699,0.788,1,"GRCh38-EVL","EVL","4c"
0.162986475008283,0.331118505708208,0.65,0.647,1,"GRCh38-TMEM91","TMEM91","4c"
0.317449228977007,0.331021518934366,0.689,0.724,1,"GRCh38-ME2","ME2","4c"
0.0196970178232619,0.330830152412854,0.573,0.515,1,"GRCh38-SIRT7","SIRT7","4c"
0.00117920549348373,-0.3307400835822,0.505,0.637,1,"GRCh38-TP53TG1","TP53TG1","4c"
0.00336310192048253,0.330509764639553,0.476,0.374,1,"GRCh38-TRIM11","TRIM11","4c"
0.171861818162639,0.330484855624283,0.592,0.583,1,"GRCh38-MTM1","MTM1","4c"
0.851685784714009,0.330451292668918,0.417,0.44,1,"GRCh38-CFAP69","CFAP69","4c"
0.121719975934605,0.330187999852269,0.864,0.89,1,"GRCh38-SREK1IP1","SREK1IP1","4c"
0.327143532247481,0.3301236709953,0.563,0.602,1,"GRCh38-CGGBP1","CGGBP1","4c"
0.0110872180684232,0.330116019572684,0.427,0.325,1,"GRCh38-C9orf40","C9orf40","4c"
0.0125787425064749,-0.329836825476924,0.175,0.287,1,"GRCh38-IGFBP2","IGFBP2","4c"
1.54606868842358e-05,-0.329824106046458,0.408,0.602,1,"GRCh38-ISCA2","ISCA2","4c"
0.00292855041009202,0.329811140698855,0.592,0.465,1,"GRCh38-DIS3L","DIS3L","4c"
0.0308868192216676,0.329637385094631,0.117,0.067,1,"GRCh38-LINC00877","LINC00877","4c"
0.113729941136997,0.329594941340345,0.223,0.178,1,"GRCh38-CCDC30","CCDC30","4c"
0.718362263155489,0.329559193329765,0.874,0.943,1,"GRCh38-R3HDM2","R3HDM2","4c"
0.0042733024890408,0.329529931564156,0.447,0.334,1,"GRCh38-HELB","HELB","4c"
0.132767891305375,0.329422015547671,0.709,0.72,1,"GRCh38-NSFL1C","NSFL1C","4c"
9.39912120526968e-05,0.329417407515181,0.311,0.175,1,"GRCh38-CIPC","CIPC","4c"
2.76480215300008e-05,-0.329407482711674,0.301,0.528,1,"GRCh38-GARNL3","GARNL3","4c"
0.0150343730930849,0.329278945482877,0.534,0.472,1,"GRCh38-KLHL28","KLHL28","4c"
0.745359418455872,0.329149211318622,0.184,0.211,1,"GRCh38-TCIM","TCIM","4c"
0.025868897386236,0.329136560394829,0.592,0.534,1,"GRCh38-ANKAR","ANKAR","4c"
0.213006937335633,0.329127930290874,0.767,0.774,1,"GRCh38-NBN","NBN","4c"
0.0106967467624082,0.329025523784577,0.631,0.509,1,"GRCh38-LUCAT1","LUCAT1","4c"
0.0644362628627482,0.32892642859744,0.709,0.69,1,"GRCh38-ING5","ING5","4c"
0.00152054642328115,0.328824055528575,0.291,0.177,1,"GRCh38-ABCG1","ABCG1","4c"
3.07195318299841e-05,0.32877332200768,0.214,0.095,1,"GRCm39-Ccr1","Ccr1","4c"
0.277979193466886,0.328725647024789,0.311,0.277,1,"GRCh38-EXPH5","EXPH5","4c"
0.0528341386866204,0.328685993442385,0.311,0.245,1,"GRCh38-ANK2","ANK2","4c"
0.0853502049759926,0.328646419841845,0.34,0.281,1,"GRCh38-ARID5A","ARID5A","4c"
0.0220980634970457,0.328605021497989,0.709,0.715,1,"GRCh38-OIP5-AS1","OIP5-AS1","4c"
8.54554730648713e-05,-0.328462023935227,0.689,0.885,1,"GRCh38-POLR2F","POLR2F","4c"
0.666886751007399,0.328292284876555,0.835,0.886,1,"GRCh38-PLA2R1","PLA2R1","4c"
0.0217004232662959,0.328266084899244,0.32,0.237,1,"GRCh38-BAHD1","BAHD1","4c"
0.551478198153639,0.328245792415686,0.233,0.223,1,"GRCh38-THBS3-AS1","THBS3-AS1","4c"
0.0346826456063781,0.328229836963188,0.165,0.104,1,"GRCh38-MIR4300HG","MIR4300HG","4c"
0.0032177322961952,0.327940056132467,0.35,0.246,1,"GRCh38-LETM2","LETM2","4c"
0.0972582532898077,0.327782006636634,0.408,0.346,1,"GRCh38-SLC17A9","SLC17A9","4c"
0.00158336642516012,0.327596011348169,0.476,0.366,1,"GRCh38-TBC1D10B","TBC1D10B","4c"
0.477345192877286,0.327518186986751,0.476,0.528,1,"GRCh38-BLOC1S5","BLOC1S5","4c"
0.714031804199256,0.327489238899382,0.864,0.902,1,"GRCh38-GGNBP2","GGNBP2","4c"
0.0303812757116496,-0.327321250364162,0.252,0.353,1,"GRCh38-GBP4","GBP4","4c"
0.362541091929875,0.327308901240853,0.34,0.312,1,"GRCh38-EVI5L","EVI5L","4c"
0.171777868225518,0.327273462368352,0.874,0.895,1,"GRCh38-PRKCSH","PRKCSH","4c"
0.0728335235322087,0.327243424810315,0.515,0.452,1,"GRCh38-DUS2","DUS2","4c"
0.366962904702162,0.327141614818242,0.379,0.351,1,"GRCh38-GPD2","GPD2","4c"
0.0614979051562403,0.326704914208486,0.757,0.723,1,"GRCh38-ZBTB1","ZBTB1","4c"
0.0776688351266585,0.326497206555995,0.631,0.615,1,"GRCh38-CCNYL2","CCNYL2","4c"
0.405831466320498,0.326408853205406,0.544,0.57,1,"GRCh38-RRP1","RRP1","4c"
0.000372068091705963,0.326310408250506,0.301,0.18,1,"GRCh38-ENSG00000286328","ENSG00000286328","4c"
0.0402468187057582,0.326283935203197,0.214,0.149,1,"GRCh38-ENSG00000286739","ENSG00000286739","4c"
0.00177969446702754,0.326204016355354,0.573,0.447,1,"GRCh38-FN3KRP","FN3KRP","4c"
0.00124762325817978,-0.326143176863081,0.01,0.108,1,"GRCh38-FAM9A","FAM9A","4c"
0.0424672852563622,0.326046672739152,0.427,0.361,1,"GRCh38-PARP16","PARP16","4c"
0.26922239911185,0.325763196822447,0.864,0.921,1,"GRCh38-PCNX2","PCNX2","4c"
0.00726645539638398,0.325680648029307,0.146,0.079,1,"GRCh38-LINC02580","LINC02580","4c"
0.00960915076732969,-0.325535428568581,0.68,0.82,1,"GRCh38-PAFAH1B3","PAFAH1B3","4c"
0.000513929159095904,0.32543146612863,0.388,0.259,1,"GRCh38-TMEM64","TMEM64","4c"
0.0440478091771295,0.325360953420685,0.573,0.542,1,"GRCh38-SCAMP4","SCAMP4","4c"
0.000107593196484255,0.325350413501194,0.204,0.094,1,"GRCh38-TRMT9B","TRMT9B","4c"
0.730115399801859,0.325325698359054,0.612,0.677,1,"GRCh38-RAB11FIP3","RAB11FIP3","4c"
0.000107863239318977,-0.325280763473295,0.194,0.379,1,"GRCh38-ENSG00000289614","ENSG00000289614","4c"
0.00294449811984951,0.325200160707019,0.291,0.192,1,"GRCh38-LINC01191","LINC01191","4c"
0.000258742678929524,-0.325197863883997,0.68,0.83,1,"GRCh38-ZMAT2","ZMAT2","4c"
0.0247637837826327,0.325144400220869,0.583,0.521,1,"GRCh38-ELOA-AS1","ELOA-AS1","4c"
0.256173214447553,0.325038953367399,0.738,0.748,1,"GRCh38-CWC25","CWC25","4c"
0.00197177579276713,-0.325037917343088,0.728,0.854,1,"GRCh38-PUF60","PUF60","4c"
0.614010179406441,0.324898184427779,0.515,0.54,1,"GRCh38-DDX43","DDX43","4c"
0.000123231090900023,-0.324783971793421,0.631,0.835,1,"GRCh38-SUGT1","SUGT1","4c"
0.59072766383526,0.324616261852157,0.641,0.685,1,"GRCh38-BMP1","BMP1","4c"
0.0700736338474477,0.32460733968311,0.515,0.687,1,"GRCh38-MED29","MED29","4c"
0.929859240909279,0.324592627320854,0.66,0.734,1,"GRCh38-CYSTM1","CYSTM1","4c"
0.803634249015239,0.32450422818713,0.117,0.115,1,"GRCh38-ENSG00000261058","ENSG00000261058","4c"
0.61301599246123,0.32423825111853,0.641,0.675,1,"GRCh38-CUEDC1","CUEDC1","4c"
0.0175903716436639,0.324194309155156,0.689,0.675,1,"GRCh38-CCZ1B","CCZ1B","4c"
0.038894859952115,0.323932381969174,0.845,0.819,1,"GRCh38-SAP30BP","SAP30BP","4c"
0.0176932508430874,0.323713126624947,0.602,0.561,1,"GRCh38-GPATCH11","GPATCH11","4c"
7.03836815469292e-05,0.323672357364966,0.194,0.084,1,"GRCh38-PTX3","PTX3","4c"
0.0145829181256642,0.323630784026434,0.612,0.527,1,"GRCh38-XPNPEP1","XPNPEP1","4c"
3.74177172172102e-05,0.323576209008718,0.398,0.234,1,"GRCh38-KPNB1-DT","KPNB1-DT","4c"
0.00581002835928296,0.323483215820421,0.641,0.569,1,"GRCh38-CNDP2","CNDP2","4c"
0.00385291963584008,-0.323393210805194,0.087,0.194,1,"GRCh38-GDA","GDA","4c"
0.215697273854639,0.323195608950493,0.874,0.909,1,"GRCh38-GOLM2","GOLM2","4c"
4.71928732836005e-05,-0.323028388923477,0.68,0.855,1,"GRCh38-ENSG00000227400","ENSG00000227400","4c"
0.00151723396143187,0.322983376414298,0.272,0.167,1,"GRCh38-ENSG00000273204","ENSG00000273204","4c"
0.000139647930452604,0.322881371990003,0.408,0.259,1,"GRCh38-CA13","CA13","4c"
0.348618153271352,0.322874851936668,0.699,0.755,1,"GRCh38-ASMTL","ASMTL","4c"
0.217099286962149,0.322853646120745,0.544,0.551,1,"GRCh38-BOP1","BOP1","4c"
0.000325447754279487,0.32282521636762,0.146,0.063,1,"GRCh38-LINC01010","LINC01010","4c"
0.141245996246355,0.32280112913338,0.602,0.624,1,"GRCh38-UCHL3","UCHL3","4c"
0.00125187656880186,-0.322690831913987,0.32,0.474,1,"GRCh38-MFSD3","MFSD3","4c"
0.000202574194215143,0.322507672259687,0.553,0.41,1,"GRCh38-NRBP2","NRBP2","4c"
0.000920907029025543,0.322453759686525,0.447,0.318,1,"GRCh38-COQ3","COQ3","4c"
0.620912864048857,0.322336820811417,0.369,0.381,1,"GRCh38-MUTYH","MUTYH","4c"
0.000429612784151772,0.3222649753496,0.379,0.251,1,"GRCh38-ZNG1C","ZNG1C","4c"
0.000271098337572789,0.32225122773175,0.282,0.162,1,"GRCh38-ZNF175","ZNF175","4c"
0.0359312300311889,0.322232019658457,0.437,0.352,1,"GRCh38-KCNT2","KCNT2","4c"
0.00451805373376682,-0.322216308375752,0.563,0.702,1,"GRCh38-CDK2AP2","CDK2AP2","4c"
1.44852320460049e-05,-0.322151600056806,0.874,0.973,1,"GRCh38-HLA-C","HLA-C","4c"
0.0178871903454391,0.322129240233262,0.495,0.419,1,"GRCh38-ATXN7L3","ATXN7L3","4c"
0.0016960316335443,-0.322016953473065,0.777,0.933,1,"GRCh38-NME1","NME1","4c"
0.0192975775312645,0.321941262704031,0.592,0.545,1,"GRCh38-CDC42SE1","CDC42SE1","4c"
1.87485053670228e-05,0.321831091986649,0.233,0.107,1,"GRCh38-GPAT4-AS1","GPAT4-AS1","4c"
2.68434380381525e-05,-0.321812333360786,0.214,0.413,1,"GRCh38-NUDT7","NUDT7","4c"
0.432186180496843,0.321787288989716,0.777,0.845,1,"GRCh38-PDXK","PDXK","4c"
0.0435587743923339,0.321782641642405,0.66,0.65,1,"GRCh38-GGA1","GGA1","4c"
0.0135414147643599,-0.321743291245665,0.107,0.2,1,"GRCh38-LINC00840","LINC00840","4c"
2.27749739845298e-05,0.321638507966221,0.35,0.191,1,"GRCh38-MPZL3","MPZL3","4c"
4.59574581642362e-05,-0.321592547433949,0.816,0.965,1,"GRCh38-PPA1","PPA1","4c"
0.000163261090718089,0.321543729958224,0.33,0.193,1,"GRCh38-HSDL2-AS1","HSDL2-AS1","4c"
1.50306618997767e-05,0.321542919916615,0.32,0.167,1,"GRCh38-IBA57","IBA57","4c"
0.000274460189194564,0.321528765578753,0.262,0.148,1,"GRCh38-SPATA2","SPATA2","4c"
0.00290455442712425,0.321455060717117,0.369,0.265,1,"GRCh38-SLC24A1","SLC24A1","4c"
0.000352617628965813,0.321448510097524,0.146,0.061,1,"GRCh38-DYNLRB2-AS1","DYNLRB2-AS1","4c"
0.00490038252148555,0.321446875349877,0.408,0.299,1,"GRCh38-ZSCAN23","ZSCAN23","4c"
0.00909232581359432,0.32135026383366,0.456,0.368,1,"GRCh38-PIGM","PIGM","4c"
0.482478782349467,0.321241745567835,0.699,0.783,1,"GRCh38-MRPL30","MRPL30","4c"
0.168608403871778,0.321135942477558,0.631,0.641,1,"GRCh38-RIOK1","RIOK1","4c"
0.00579113905396569,0.321027248752957,0.524,0.445,1,"GRCh38-ZKSCAN8","ZKSCAN8","4c"
0.0143209991124033,0.320793341822578,0.524,0.459,1,"GRCh38-METTL3","METTL3","4c"
0.00219035620462748,-0.320602913577722,0.214,0.344,1,"GRCh38-TLCD4","TLCD4","4c"
0.0401008976600753,0.320557469033858,0.592,0.525,1,"GRCh38-MYCBP","MYCBP","4c"
0.205646261843843,0.32023619509503,0.612,0.611,1,"GRCh38-CPPED1","CPPED1","4c"
0.0441877120715713,0.320110745206204,0.621,0.574,1,"GRCh38-MSH2","MSH2","4c"
0.00219883897437356,0.320080449571243,0.417,0.628,1,"GRCh38-PDZD2","PDZD2","4c"
0.0469951730781604,0.319651784731854,0.709,0.665,1,"GRCh38-EXOSC3","EXOSC3","4c"
0.000283450496435893,-0.319590618242618,0.233,0.402,1,"GRCh38-ASTN2","ASTN2","4c"
0.0185897662429087,0.319580299005734,0.485,0.392,1,"GRCh38-SLC35G2","SLC35G2","4c"
0.00613048553274647,0.319566627275826,0.612,0.509,1,"GRCh38-DYRK2","DYRK2","4c"
0.000226839833703166,0.319552601824012,0.262,0.14,1,"GRCh38-SHC4","SHC4","4c"
0.00263740908192583,0.319543575962729,0.282,0.177,1,"GRCh38-PAFAH2","PAFAH2","4c"
0.0404196644609835,0.319498134708588,0.777,0.805,1,"GRCh38-SF3A3","SF3A3","4c"
0.0054982575930854,0.319475149437534,0.35,0.248,1,"GRCh38-CCT6B","CCT6B","4c"
0.21911029703682,0.319432913601414,0.34,0.311,1,"GRCh38-PM20D2","PM20D2","4c"
0.480847897639314,0.319417613821864,0.913,0.944,1,"GRCh38-UBE2R2","UBE2R2","4c"
0.0028125446306523,0.319334008882441,0.699,0.623,1,"GRCh38-MGAT1","MGAT1","4c"
0.000503798970734656,-0.3193250127034,0.485,0.686,1,"GRCh38-SEC11C","SEC11C","4c"
0.000102811203509815,0.319303222363574,0.67,0.553,1,"GRCh38-SLC39A8","SLC39A8","4c"
4.09864619557633e-05,0.319273755638055,0.67,0.511,1,"GRCh38-UBE2T","UBE2T","4c"
0.000116604916907615,-0.319212267702497,0.194,0.381,1,"GRCh38-HAUS7","HAUS7","4c"
0.490726535531543,0.31920439719971,0.602,0.652,1,"GRCh38-TRNAU1AP","TRNAU1AP","4c"
0.0155157880975957,0.319159262438149,0.262,0.182,1,"GRCh38-ZSWIM5","ZSWIM5","4c"
0.0344631382473632,0.318934606851088,0.903,0.955,1,"GRCh38-ACTR2","ACTR2","4c"
0.0136179446345279,0.318769630021577,0.223,0.147,1,"GRCh38-ENSG00000250842","ENSG00000250842","4c"
0.00109895830566825,-0.318685257977574,0.709,0.835,1,"GRCh38-HPF1","HPF1","4c"
0.000393665166128538,-0.318618939976782,0.631,0.808,1,"GRCh38-MEA1","MEA1","4c"
0.0548356858930092,0.318583676521615,0.806,0.785,1,"GRCh38-CREBZF","CREBZF","4c"
0.00294328527763955,0.318504111577082,0.32,0.217,1,"GRCh38-ENSG00000291159","ENSG00000291159","4c"
8.13987419335558e-05,0.318305985911821,0.311,0.172,1,"GRCh38-FCHO1","FCHO1","4c"
0.00162258369916606,0.318280739569635,0.515,0.383,1,"GRCh38-ENSG00000288018","ENSG00000288018","4c"
0.640243241665483,0.318259802839345,0.447,0.475,1,"GRCh38-BMERB1","BMERB1","4c"
0.000162634953809138,-0.318189920729577,0.165,0.336,1,"GRCh38-DPP3-DT","DPP3-DT","4c"
2.87905232381183e-05,-0.318187515532031,0.544,0.735,1,"GRCh38-STK19","STK19","4c"
0.00354685658190824,0.318162084331585,0.65,0.535,1,"GRCh38-NISCH","NISCH","4c"
0.255856381595764,0.318102659750435,0.301,0.278,1,"GRCh38-ENSG00000240963","ENSG00000240963","4c"
0.00026032071337305,-0.317926984355055,0.505,0.674,1,"GRCh38-C15orf40","C15orf40","4c"
0.000130936778583124,-0.317896298898335,0.34,0.53,1,"GRCh38-COMMD5","COMMD5","4c"
9.9721204654604e-05,-0.317833099076716,0.311,0.527,1,"GRCh38-ACD","ACD","4c"
0.113392127583996,0.317828767714934,0.34,0.289,1,"GRCh38-LINC01151","LINC01151","4c"
5.87472900185246e-05,0.317621054442482,0.408,0.249,1,"GRCh38-CEP76","CEP76","4c"
0.403713116867846,0.317578376052,0.534,0.6,1,"GRCh38-ETFDH","ETFDH","4c"
0.00136738826796412,-0.31750209993411,0.417,0.557,1,"GRCh38-ITM2C","ITM2C","4c"
0.0137088223146198,0.317465421260132,0.466,0.385,1,"GRCh38-MTHFSD","MTHFSD","4c"
0.149215706950903,0.317458084555008,0.544,0.539,1,"GRCh38-STEEP1","STEEP1","4c"
5.95302732774206e-05,-0.317233650690326,0.388,0.603,1,"GRCh38-RANGRF","RANGRF","4c"
0.000466106645279635,0.317215246471557,0.272,0.159,1,"GRCh38-KCTD21-AS1","KCTD21-AS1","4c"
0.000369682204397239,-0.317183563581629,0.66,0.825,1,"GRCh38-AIMP2","AIMP2","4c"
0.000599033224081095,0.317145311124356,0.447,0.32,1,"GRCh38-FASTKD3","FASTKD3","4c"
0.0553509228967739,0.317141079969676,0.65,0.63,1,"GRCh38-KIAA2013","KIAA2013","4c"
0.000146625826295136,0.317085977762646,0.398,0.255,1,"GRCh38-ASB16-AS1","ASB16-AS1","4c"
0.819734983198395,0.31700160992418,0.806,0.88,1,"GRCh38-BAZ2B","BAZ2B","4c"
0.0358071621161463,0.31695665565239,0.369,0.3,1,"GRCh38-POMZP3","POMZP3","4c"
0.000221170549416071,0.316900446389691,0.67,0.567,1,"GRCh38-ALYREF","ALYREF","4c"
0.0258566043359673,0.316658171331128,0.621,0.551,1,"GRCh38-TRMT6","TRMT6","4c"
0.000709077777840543,0.316553870987263,0.252,0.14,1,"GRCh38-DUSP5-DT","DUSP5-DT","4c"
0.000148349339955473,-0.316533164473928,0.311,0.515,1,"GRCh38-GATD3","GATD3","4c"
0.0120133803021798,0.316531780137104,0.388,0.314,1,"GRCh38-ENSG00000290835","ENSG00000290835","4c"
0.00994846686335268,0.316481068757166,0.767,0.674,1,"GRCh38-BTBD2","BTBD2","4c"
0.0416480269898833,0.316402575440523,0.437,0.375,1,"GRCh38-SPATA33","SPATA33","4c"
3.48219739124984e-05,0.316399443555424,0.184,0.079,1,"GRCh38-ENSG00000286138","ENSG00000286138","4c"
0.0148408581124484,0.316290474780435,0.175,0.107,1,"GRCh38-ENSG00000259336","ENSG00000259336","4c"
0.000159914571338236,-0.31628213947154,0.621,0.77,1,"GRCh38-RNASET2","RNASET2","4c"
0.000182115397233185,0.316260146024798,0.34,0.202,1,"GRCh38-LINC02422","LINC02422","4c"
0.000202485645095465,-0.316190891257414,0.388,0.585,1,"GRCh38-WDR18","WDR18","4c"
0.486367244665784,0.316183124102139,0.641,0.682,1,"GRCh38-SRP68","SRP68","4c"
0.377675871423201,0.315981577456003,0.748,0.868,1,"GRCh38-TLL1","TLL1","4c"
0.019320969909615,0.315970143536811,0.631,0.583,1,"GRCh38-USP39","USP39","4c"
0.831118468145311,0.315802391249951,0.573,0.68,1,"GRCh38-TTC9C","TTC9C","4c"
0.00307658402263148,0.315793182862274,0.388,0.273,1,"GRCh38-RGP1","RGP1","4c"
0.0135204280084543,0.315793005233598,0.32,0.23,1,"GRCh38-ENSG00000286458","ENSG00000286458","4c"
0.00599324646092492,0.315772400455637,0.252,0.166,1,"GRCh38-FRRS1","FRRS1","4c"
0.000105562708271925,0.315633155349453,0.262,0.137,1,"GRCh38-ENSG00000286753","ENSG00000286753","4c"
0.267252825206632,0.315520817560619,0.738,0.733,1,"GRCh38-LAMA5","LAMA5","4c"
0.030223407993548,0.315321700410636,0.291,0.212,1,"GRCh38-NPL","NPL","4c"
0.00314628098010638,0.315268656129574,0.447,0.341,1,"GRCh38-ZBTB48","ZBTB48","4c"
4.6682757570024e-05,-0.315255348394353,0.466,0.701,1,"GRCh38-BLOC1S4","BLOC1S4","4c"
0.0571340569638622,0.315182011285716,0.427,0.367,1,"GRCh38-MAP3K10","MAP3K10","4c"
0.0194636790691052,0.315139543333544,0.398,0.332,1,"GRCh38-KRBA2","KRBA2","4c"
0.000201248371508661,0.315135133153082,0.311,0.18,1,"GRCh38-PLCXD1","PLCXD1","4c"
0.000112997546353043,0.315058848182464,0.311,0.179,1,"GRCh38-CHRM3-AS2","CHRM3-AS2","4c"
0.473757714996801,0.314952518286545,0.709,0.824,1,"GRCh38-SKAP2","SKAP2","4c"
0.240007151739494,0.314943855916468,0.825,0.868,1,"GRCh38-AFG3L2","AFG3L2","4c"
0.00948306650742219,0.314869471538969,0.301,0.211,1,"GRCh38-UBXN11","UBXN11","4c"
0.00468595891639894,0.314803139724098,0.573,0.479,1,"GRCh38-SLC15A4","SLC15A4","4c"
0.0165163867545891,0.314780895909853,0.67,0.58,1,"GRCh38-SNX8","SNX8","4c"
1.84191266320241e-05,0.314717385036268,0.379,0.217,1,"GRCh38-ENSG00000291113","ENSG00000291113","4c"
0.00830903682278661,0.314507667978237,0.233,0.381,1,"GRCh38-PRKG1","PRKG1","4c"
0.0417521012315016,-0.314465197829594,0.592,0.691,1,"GRCh38-PBDC1","PBDC1","4c"
2.28342642874259e-05,-0.314370077634732,0.146,0.341,1,"GRCh38-ACADS","ACADS","4c"
0.0695472314136587,0.314224898619096,0.602,0.554,1,"GRCh38-RPGR","RPGR","4c"
0.00114485129397918,0.314221924406079,0.592,0.463,1,"GRCh38-PYROXD1","PYROXD1","4c"
0.00128297808907001,0.314212320835978,0.466,0.346,1,"GRCh38-ZC3H12A","ZC3H12A","4c"
8.84018265432896e-05,-0.314199917874417,0.456,0.65,1,"GRCh38-DEXI","DEXI","4c"
0.000165251476385891,0.314183176050418,0.32,0.186,1,"GRCh38-PGAP3","PGAP3","4c"
0.00124394075130501,0.314157627489824,0.388,0.259,1,"GRCh38-TBC1D13","TBC1D13","4c"
9.03502248217549e-05,0.314145650695085,0.485,0.33,1,"GRCh38-HIRIP3","HIRIP3","4c"
0.493070717210771,0.314133454800628,0.65,0.743,1,"GRCh38-PWWP2A","PWWP2A","4c"
0.625235196716078,0.314034798461658,0.592,0.669,1,"GRCh38-PARVB","PARVB","4c"
0.67221737893842,0.31400857232595,0.748,0.819,1,"GRCh38-TPD52","TPD52","4c"
4.63596680588244e-05,0.313869813740799,0.301,0.162,1,"GRCh38-LINC01409","LINC01409","4c"
0.239811405206842,0.313869413557491,0.65,0.681,1,"GRCh38-C1orf52","C1orf52","4c"
0.522310111052974,0.313502732227503,0.796,0.864,1,"GRCh38-PKD2","PKD2","4c"
0.0067851164103732,0.313465920487418,0.184,0.106,1,"GRCh38-DNAH17","DNAH17","4c"
0.00475680903626236,0.313455850099253,0.767,0.739,1,"GRCh38-P3H1","P3H1","4c"
7.15372722495347e-05,-0.313426255812702,0.602,0.782,1,"GRCh38-FAM32A","FAM32A","4c"
0.000282434945465776,0.31339276186764,0.534,0.383,1,"GRCh38-LRR1","LRR1","4c"
0.00016375254942913,0.313180715151986,0.398,0.252,1,"GRCh38-BCL2L2","BCL2L2","4c"
0.127821543930485,0.313042519638852,0.641,0.594,1,"GRCh38-CDK10","CDK10","4c"
0.36706470971804,0.312979443950453,0.641,0.693,1,"GRCh38-LAS1L","LAS1L","4c"
0.064212901950982,0.312974129584235,0.728,0.765,1,"GRCh38-PIK3C3","PIK3C3","4c"
0.00383340473099341,-0.312959265915208,0.369,0.501,1,"GRCh38-SLC2A6","SLC2A6","4c"
0.555368004192525,0.31282465452704,0.194,0.23,1,"GRCh38-WNT2B","WNT2B","4c"
0.200669186278388,-0.312530483353717,0.243,0.295,1,"GRCh38-ENSG00000286639","ENSG00000286639","4c"
0.00399360378525027,0.31233821994896,0.379,0.273,1,"GRCh38-LINC02984","LINC02984","4c"
0.122177056791048,0.312307512353429,0.796,0.887,1,"GRCh38-NDUFS1","NDUFS1","4c"
0.274653420414012,0.312274817857408,0.437,0.41,1,"GRCh38-MAP3K21","MAP3K21","4c"
0.140519617720464,0.312272765854151,0.738,0.731,1,"GRCh38-RBMS2","RBMS2","4c"
0.250567664254892,0.312186206438846,0.495,0.5,1,"GRCh38-GABBR1","GABBR1","4c"
0.0301570530820917,0.312172095504272,0.68,0.61,1,"GRCh38-PIGS","PIGS","4c"
0.20975641994964,0.312042377458381,0.466,0.486,1,"GRCh38-PRIMPOL","PRIMPOL","4c"
0.0121213783655634,0.312029808496416,0.243,0.157,1,"GRCh38-BCL2L1-AS1","BCL2L1-AS1","4c"
7.76777070705458e-05,0.311915908251814,0.447,0.287,1,"GRCh38-ENSG00000229131","ENSG00000229131","4c"
0.640866820400404,0.311862030252314,0.806,0.896,1,"GRCh38-SDCCAG8","SDCCAG8","4c"
0.000173840738641461,-0.311740585640697,0.602,0.753,1,"GRCh38-TRUB2","TRUB2","4c"
0.0113021978961398,0.311740252548582,0.563,0.468,1,"GRCh38-MIEF1","MIEF1","4c"
0.476022268716935,0.311725975675523,0.796,0.835,1,"GRCh38-GUSBP1","GUSBP1","4c"
0.0385573460671193,0.311532690118631,0.515,0.464,1,"GRCh38-LPIN3","LPIN3","4c"
0.0106274813798799,0.31149713745484,0.282,0.194,1,"GRCh38-FAM161B","FAM161B","4c"
0.00122368388398475,0.311468711849479,0.32,0.205,1,"GRCh38-NEK8","NEK8","4c"
0.0047448907406811,0.311449237609097,0.602,0.491,1,"GRCh38-METTL17","METTL17","4c"
7.18092680797226e-05,-0.311247611834315,0.262,0.457,1,"GRCh38-CCDC106","CCDC106","4c"
0.0679584311873482,0.311246809215486,0.767,0.729,1,"GRCh38-RAB8A","RAB8A","4c"
0.0105392182487546,0.311196344529978,0.563,0.461,1,"GRCh38-PLEKHM1","PLEKHM1","4c"
0.00683260700625963,-0.311186153391023,0.942,0.976,1,"GRCh38-RAN","RAN","4c"
0.22895841634358,0.311141367656039,0.65,0.655,1,"GRCh38-TARBP1","TARBP1","4c"
1.8341139556323e-05,-0.31106484831467,0.456,0.684,1,"GRCh38-THG1L","THG1L","4c"
0.000268479875235496,0.311047947707702,0.311,0.179,1,"GRCh38-ENSG00000290008","ENSG00000290008","4c"
0.0278559002410427,0.311036020616065,0.437,0.359,1,"GRCh38-ZNF484","ZNF484","4c"
0.00037660635013009,0.310972234205535,0.476,0.323,1,"GRCh38-PRKCD","PRKCD","4c"
9.34083173231847e-05,-0.310892285094557,0.282,0.47,1,"GRCh38-FAHD2B","FAHD2B","4c"
0.00253747938146026,0.310876186269758,0.544,0.45,1,"GRCh38-DPAGT1","DPAGT1","4c"
7.19570080492048e-05,-0.310858820091535,0.757,0.895,1,"GRCh38-C9orf78","C9orf78","4c"
3.3807523412729e-05,-0.310776952018447,0.767,0.881,1,"GRCh38-TOX4","TOX4","4c"
0.0542081861216857,0.310725723902012,0.66,0.586,1,"GRCh38-ZNF346","ZNF346","4c"
6.1206596556427e-05,-0.310564137753331,0.136,0.317,1,"GRCh38-PLEKHF1","PLEKHF1","4c"
0.000682187856507723,0.310514772589198,0.447,0.313,1,"GRCh38-RANBP6","RANBP6","4c"
6.30635207403619e-05,-0.310480862088285,0.602,0.78,1,"GRCh38-MRPL58","MRPL58","4c"
0.000708799171572926,0.310372067081837,0.359,0.228,1,"GRCh38-ZFP62","ZFP62","4c"
0.0166187010279069,0.310241739648249,0.466,0.372,1,"GRCh38-BLTP3A","BLTP3A","4c"
0.00112762571139047,0.30998097866218,0.272,0.165,1,"GRCh38-GVQW3","GVQW3","4c"
4.05900726713168e-05,0.309966872317371,0.146,0.055,1,"GRCh38-LINC00616","LINC00616","4c"
0.0034716103685663,-0.30986520688058,0.126,0.253,1,"GRCh38-HBE1","HBE1","4c"
0.910360665793065,0.309798824709688,0.456,0.521,1,"GRCh38-CC2D2A","CC2D2A","4c"
0.277967562887293,0.309743354903232,0.369,0.374,1,"GRCh38-TGFBRAP1","TGFBRAP1","4c"
0.641432571822815,0.30964647654481,0.845,0.907,1,"GRCh38-MLEC","MLEC","4c"
1.87693562578968e-05,0.309596358485717,0.194,0.083,1,"GRCh38-LAT2","LAT2","4c"
0.000147070855398224,0.309460546717988,0.408,0.259,1,"GRCh38-C10orf88","C10orf88","4c"
0.172898231811413,0.309437145488498,0.903,0.916,1,"GRCh38-ZNHIT6","ZNHIT6","4c"
0.011295869800605,-0.309430831278216,0.068,0.156,1,"GRCh38-CARD18","CARD18","4c"
1.82769406638983e-05,-0.309327295864891,0.786,0.924,1,"GRCh38-ZNF706","ZNF706","4c"
0.00707526482189552,0.309325990189089,0.553,0.469,1,"GRCh38-MAPRE3","MAPRE3","4c"
0.168682051345915,0.309250791743183,0.505,0.475,1,"GRCh38-GATB","GATB","4c"
0.00159138100489843,0.309089399255124,0.495,0.371,1,"GRCh38-ZNF354B","ZNF354B","4c"
5.63176809052852e-05,-0.309042513704676,0.495,0.705,1,"GRCh38-PAXX","PAXX","4c"
0.0244276812744228,0.309008787396506,0.291,0.214,1,"GRCh38-SEC61A2","SEC61A2","4c"
0.00264680601922048,0.308865593603127,0.204,0.118,1,"GRCh38-ENSG00000255158","ENSG00000255158","4c"
0.000514628296528676,-0.308776379008767,0.029,0.152,1,"GRCh38-ENSG00000290075","ENSG00000290075","4c"
0.00158412827531802,0.308769909273446,0.505,0.385,1,"GRCh38-METTL22","METTL22","4c"
3.64031685163536e-05,0.30874253640221,0.417,0.244,1,"GRCh38-ENSG00000285658","ENSG00000285658","4c"
0.0330292667113571,0.308718949557403,0.301,0.228,1,"GRCh38-ZNF518B","ZNF518B","4c"
0.0056018134409354,0.308422548845556,0.301,0.199,1,"GRCh38-ENSG00000265943","ENSG00000265943","4c"
0.000924975342995042,0.308399685975364,0.223,0.122,1,"GRCh38-DGAT2","DGAT2","4c"
0.728951055917952,0.308068777100503,0.252,0.275,1,"GRCh38-DPH6-DT","DPH6-DT","4c"
0.0253367371511222,-0.308021497631699,0.282,0.403,1,"GRCh38-DIRC3","DIRC3","4c"
0.00189162903026088,0.308018362330597,0.369,0.259,1,"GRCh38-GTF2E1","GTF2E1","4c"
0.00452749167370319,0.307847187413393,0.631,0.521,1,"GRCh38-TSTD3","TSTD3","4c"
0.0598031208064304,0.307720115579696,0.515,0.452,1,"GRCh38-ATP7A","ATP7A","4c"
0.42607098785015,0.307719197895557,0.728,0.795,1,"GRCh38-MTG1","MTG1","4c"
0.172372935295267,0.307702719572131,0.99,0.983,1,"GRCh38-HSP90B1","HSP90B1","4c"
4.09186205857604e-05,0.307652344722916,0.476,0.309,1,"GRCh38-NAB2","NAB2","4c"
0.127872267416017,0.307640290669336,0.583,0.579,1,"GRCh38-ZNF639","ZNF639","4c"
0.00448258149792911,-0.307468162572257,0.65,0.753,1,"GRCh38-COQ4","COQ4","4c"
0.339978957275359,0.307416896779502,0.786,0.816,1,"GRCh38-LARP1B","LARP1B","4c"
0.0315974825388712,0.307392670201586,0.165,0.102,1,"GRCh38-DSEL-AS1","DSEL-AS1","4c"
7.94196351941276e-05,-0.307384828528528,0.612,0.793,1,"GRCh38-ENSG00000284707","ENSG00000284707","4c"
0.115960520971663,0.307300333448869,0.602,0.566,1,"GRCh38-INSIG2","INSIG2","4c"
0.000429621557572297,0.307257119861489,0.476,0.333,1,"GRCh38-GGA2","GGA2","4c"
0.00173708037213646,0.307221148646665,0.301,0.192,1,"GRCh38-AGAP4","AGAP4","4c"
0.000249471987307179,-0.307114188714022,0.456,0.63,1,"GRCh38-COMTD1","COMTD1","4c"
0.241105258583878,0.307099496144624,0.903,0.946,1,"GRCh38-WASF2","WASF2","4c"
0.000185312648836232,0.307071987312093,0.214,0.106,1,"GRCh38-ST3GAL1-DT","ST3GAL1-DT","4c"
0.000366494598235366,-0.306968348643341,0.32,0.49,1,"GRCh38-SDHAF1","SDHAF1","4c"
4.01909565711656e-05,-0.306905995213724,0.854,0.937,1,"GRCh38-CCT7","CCT7","4c"
0.0151191230737077,0.306882254165511,0.107,0.055,1,"GRCh38-APC2","APC2","4c"
0.0120479861272689,0.306622942256788,0.388,0.304,1,"GRCh38-PLA2G15","PLA2G15","4c"
0.637284275073725,0.306493149487215,0.718,0.764,1,"GRCh38-SLC35C2","SLC35C2","4c"
0.00118452029759436,-0.306331139600069,0.35,0.528,1,"GRCh38-PDLIM3","PDLIM3","4c"
0.628633426994724,0.306329710646897,0.845,0.868,1,"GRCh38-MECP2","MECP2","4c"
0.00161942666091053,-0.306217475943801,0.602,0.703,1,"GRCh38-EIF2B4","EIF2B4","4c"
0.00974317714886132,0.305921414580082,0.476,0.396,1,"GRCh38-CRYZ","CRYZ","4c"
0.908238612602939,0.305886295460754,0.767,0.817,1,"GRCh38-FERMT2","FERMT2","4c"
0.10214399528423,0.305825091732455,0.214,0.165,1,"GRCh38-OSER1-DT","OSER1-DT","4c"
0.0270154254864893,0.305806997252797,0.447,0.362,1,"GRCh38-METTL25","METTL25","4c"
0.712389490648337,0.305799097415562,0.718,0.753,1,"GRCh38-MRPS28","MRPS28","4c"
0.00459902429166248,0.305768783291196,0.447,0.341,1,"GRCh38-ABCF3","ABCF3","4c"
0.0213323632450582,0.305574482924388,0.544,0.474,1,"GRCh38-ZNF496","ZNF496","4c"
0.0484337600644504,0.305562957453618,0.505,0.441,1,"GRCh38-TRIM65","TRIM65","4c"
0.000333366583347002,-0.305512945050973,0.883,0.972,1,"GRCh38-EIF5A","EIF5A","4c"
0.958395112054377,0.305500785678402,0.689,0.786,1,"GRCh38-DIMT1","DIMT1","4c"
0.0277796683653313,0.305452140318143,0.534,0.473,1,"GRCh38-CASP7","CASP7","4c"
0.00783002751101452,0.305443966092527,0.65,0.601,1,"GRCh38-PPIF","PPIF","4c"
0.000229101809223217,-0.305418419889272,0.631,0.804,1,"GRCh38-C8orf33","C8orf33","4c"
5.35330489741286e-05,-0.305411784347327,0.262,0.464,1,"GRCh38-SH3YL1","SH3YL1","4c"
0.0518278470345228,0.30535094870916,0.466,0.415,1,"GRCh38-CPSF4","CPSF4","4c"
0.000511777458597709,-0.305215744358392,0.573,0.688,1,"GRCh38-CTDSP1","CTDSP1","4c"
0.0108290565717454,0.305158398207339,0.408,0.322,1,"GRCh38-TXNL4B","TXNL4B","4c"
0.634968071775135,0.305157637387737,0.534,0.609,1,"GRCh38-PXDC1","PXDC1","4c"
0.949333889959198,0.3050567508282,0.505,0.573,1,"GRCh38-MROH1","MROH1","4c"
0.00112529700754425,0.305030202292323,0.495,0.367,1,"GRCh38-IKBKE","IKBKE","4c"
0.000137950278540042,-0.304998510915862,0.214,0.394,1,"GRCh38-HDDC3","HDDC3","4c"
0.16143503860294,0.304964366167319,0.748,0.815,1,"GRCh38-ERP44","ERP44","4c"
0.0137665244278155,0.304905406457671,0.408,0.322,1,"GRCh38-MIER2","MIER2","4c"
0.0104833659211934,0.304879740013545,0.437,0.35,1,"GRCh38-DENND4B","DENND4B","4c"
0.000516486327356759,-0.304760960839106,0.495,0.662,1,"GRCh38-HOTAIRM1","HOTAIRM1","4c"
7.21033729425213e-05,0.304641599380803,0.214,0.101,1,"GRCh38-ENSG00000249476","ENSG00000249476","4c"
0.0160796105686204,0.304613839244365,0.388,0.313,1,"GRCh38-RAP2C","RAP2C","4c"
0.00108320462757341,-0.304610231154547,0.816,0.935,1,"GRCh38-PSMD4","PSMD4","4c"
0.225954335630908,0.304553100554814,0.233,0.191,1,"GRCh38-IRS2","IRS2","4c"
0.025384307098176,0.304543860063799,0.534,0.453,1,"GRCh38-NKRF","NKRF","4c"
0.0124086341350506,-0.304440844820139,0.136,0.235,1,"GRCh38-VCAM1","VCAM1","4c"
0.0546245342471707,0.304323683470412,0.32,0.258,1,"GRCh38-ENSG00000249236","ENSG00000249236","4c"
0.00182984402204854,0.304264759556561,0.466,0.351,1,"GRCh38-JRKL","JRKL","4c"
4.16118981875422e-05,-0.304210600827386,0.136,0.333,1,"GRCh38-PET117","PET117","4c"
5.16070014656358e-05,0.30408701764262,0.233,0.111,1,"GRCh38-ENSG00000225313","ENSG00000225313","4c"
0.633528717374746,0.304075464437983,0.932,0.932,1,"GRCh38-CLIP1","CLIP1","4c"
0.658859446005294,0.304072719934848,0.408,0.45,1,"GRCh38-PGAP2","PGAP2","4c"
0.0668582396856073,0.303929123872727,0.398,0.361,1,"GRCh38-MUL1","MUL1","4c"
0.00619364515783481,0.303923280654923,0.136,0.069,1,"GRCh38-CACNB4","CACNB4","4c"
0.0805969471985327,0.303899933127484,0.748,0.728,1,"GRCh38-ABHD18","ABHD18","4c"
0.0311709088252853,0.303872180897681,0.816,0.763,1,"GRCh38-MIA2","MIA2","4c"
0.000247079813264274,-0.303793436691004,0.437,0.625,1,"GRCh38-RFNG","RFNG","4c"
0.0135040443351208,0.303684906768917,0.583,0.516,1,"GRCh38-LPCAT2","LPCAT2","4c"
0.00349883057784626,0.303592774398474,0.485,0.386,1,"GRCh38-LRRC57","LRRC57","4c"
0.38822961432039,0.303519894645059,0.35,0.34,1,"GRCh38-SPTLC3","SPTLC3","4c"
0.0525431766404338,0.303322375493409,0.417,0.367,1,"GRCh38-VPS13B-DT","VPS13B-DT","4c"
7.76536585253342e-05,0.303302017949329,0.136,0.052,1,"GRCh38-PYCARD-AS1","PYCARD-AS1","4c"
0.0175689757044409,0.303288479922673,0.369,0.295,1,"GRCh38-ATG4A","ATG4A","4c"
0.0276588654079842,-0.303121456461418,0.146,0.082,1,"GRCh38-PAGE2B","PAGE2B","4c"
0.0802420836667563,0.302889476359612,0.757,0.733,1,"GRCh38-TSNAX","TSNAX","4c"
1.44212920301958e-05,0.302855467300399,0.282,0.142,1,"GRCh38-ENSG00000262265","ENSG00000262265","4c"
0.0246845577425837,-0.30281802297213,0.078,0.156,1,"GRCh38-ENSG00000272865","ENSG00000272865","4c"
3.49003706323556e-05,0.302773435327952,0.117,0.038,1,"GRCh38-SAMD5","SAMD5","4c"
0.00849404454291886,0.302534062691659,0.893,0.98,1,"GRCh38-SQSTM1","SQSTM1","4c"
0.0012045345674116,0.30250068441256,0.476,0.347,1,"GRCh38-SNHG20","SNHG20","4c"
0.0376205026287648,0.302276921181581,0.447,0.396,1,"GRCh38-MAD2L1BP","MAD2L1BP","4c"
0.144507599036358,0.302196494553641,0.456,0.441,1,"GRCh38-SPEN-AS1","SPEN-AS1","4c"
0.00195052765169129,0.302187863465338,0.262,0.166,1,"GRCh38-ENSG00000287962","ENSG00000287962","4c"
0.0798136593349921,0.302096969148923,0.359,0.3,1,"GRCh38-ENSG00000289956","ENSG00000289956","4c"
0.193150245772029,0.302044173571773,0.718,0.754,1,"GRCh38-JKAMP","JKAMP","4c"
0.00678403303532523,0.301945029891656,0.369,0.256,1,"GRCh38-ANKFN1","ANKFN1","4c"
0.00784223352527289,0.30191207711916,0.612,0.524,1,"GRCh38-WHAMM","WHAMM","4c"
0.947027197072784,0.301737679951438,0.583,0.639,1,"GRCh38-PLAGL1","PLAGL1","4c"
0.118955033054922,0.301702378290361,0.806,0.905,1,"GRCh38-ACBD3","ACBD3","4c"
0.121142097804474,0.30150503467186,0.612,0.601,1,"GRCh38-CHP1","CHP1","4c"
0.846111108271513,0.301477954599043,0.544,0.589,1,"GRCh38-KCNK1","KCNK1","4c"
3.14644532362405e-05,0.30146436351743,0.233,0.112,1,"GRCh38-ENSG00000236986","ENSG00000236986","4c"
0.169706292267598,0.301425091085284,0.738,0.753,1,"GRCh38-COTL1","COTL1","4c"
0.00194332498779527,-0.301380794960983,0.146,0.281,1,"GRCh38-GAMT","GAMT","4c"
0.36223098961613,0.301347599955164,0.35,0.333,1,"GRCh38-CMTM8","CMTM8","4c"
0.176704113664968,0.301312429127961,0.165,0.123,1,"GRCh38-ENSG00000285424","ENSG00000285424","4c"
0.0113351224728047,0.301210449381758,0.126,0.067,1,"GRCh38-ENSG00000272243","ENSG00000272243","4c"
0.000329311542546552,0.301171897920057,0.107,0.039,1,"GRCh38-VSIG1","VSIG1","4c"
0.0370750140365021,0.301020786724912,0.553,0.514,1,"GRCh38-TOR1A","TOR1A","4c"
0.000115602508161788,0.30100116956421,0.32,0.183,1,"GRCh38-DUSP7","DUSP7","4c"
0.123117470005541,0.300661731476966,0.379,0.333,1,"GRCh38-AKAP6","AKAP6","4c"
0.683237696278097,0.300543426683274,0.388,0.416,1,"GRCh38-MIR503HG","MIR503HG","4c"
0.00185102652375812,0.300482653555329,0.35,0.235,1,"GRCh38-MCPH1-AS1","MCPH1-AS1","4c"
0.000329253345190444,-0.300319768551354,0.146,0.3,1,"GRCh38-NFATC4","NFATC4","4c"
0.000449089805518236,0.300273476113527,0.107,0.04,1,"GRCh38-ACSS3","ACSS3","4c"
6.77221375215708e-05,0.300180228087942,0.301,0.164,1,"GRCh38-ENSG00000225450","ENSG00000225450","4c"
0.244779305388196,0.30015019428152,0.427,0.403,1,"GRCh38-TTN-AS1","TTN-AS1","4c"
0.000107241590174808,-0.300141765102366,0.184,0.367,1,"GRCh38-OMA1","OMA1","4c"
0.000400589762704932,-0.300099005020554,0.369,0.536,1,"GRCh38-RAD51-AS1","RAD51-AS1","4c"
0.0517285170814723,0.299902354878004,0.689,0.633,1,"GRCh38-MARS1","MARS1","4c"
0.000129483497204918,-0.299896455358673,0.544,0.711,1,"GRCh38-XPA","XPA","4c"
0.672706588344116,0.29983138077497,0.592,0.626,1,"GRCh38-PCMTD2","PCMTD2","4c"
0.000981310242580535,0.299820129409852,0.65,0.522,1,"GRCh38-ZMIZ2","ZMIZ2","4c"
0.0262031393048442,0.299657199435945,0.282,0.201,1,"GRCh38-YWHAEP7","YWHAEP7","4c"
0.147645647864871,0.299524763116865,0.466,0.433,1,"GRCh38-ENSG00000290476","ENSG00000290476","4c"
0.0329974207870385,0.299517985207087,0.835,0.805,1,"GRCh38-WDR45B","WDR45B","4c"
1.83909813821196e-05,0.299491006783794,0.262,0.127,1,"GRCh38-ZNF117","ZNF117","4c"
0.017207855246161,0.299479458745906,0.66,0.619,1,"GRCh38-TULP3","TULP3","4c"
0.87768936463202,0.299352614075328,0.544,0.637,1,"GRCh38-LRIG1","LRIG1","4c"
0.000935310871758533,0.299100016954289,0.243,0.136,1,"GRCh38-C9orf24","C9orf24","4c"
0.0425505781690913,0.299094429022432,0.612,0.571,1,"GRCh38-CRELD2","CRELD2","4c"
0.585549511942376,0.299088436417611,0.592,0.647,1,"GRCh38-CREBRF","CREBRF","4c"
4.64913045379124e-05,0.298959207670603,0.194,0.088,1,"GRCh38-ENSG00000248490","ENSG00000248490","4c"
0.554692969311947,0.298860126480355,0.903,0.953,1,"GRCh38-GNG12","GNG12","4c"
0.246415510632918,0.298842223874044,0.641,0.664,1,"GRCh38-EBP","EBP","4c"
0.507736434508785,0.298822243118133,0.505,0.52,1,"GRCh38-RALGDS","RALGDS","4c"
0.000265772401763587,-0.298521288889378,0.612,0.784,1,"GRCh38-HPS1","HPS1","4c"
0.000347054553569722,0.298455846701946,0.34,0.212,1,"GRCh38-FASTKD5","FASTKD5","4c"
0.00281554773654029,0.298330682584465,0.165,0.085,1,"GRCh38-ST8SIA1","ST8SIA1","4c"
0.0167005611502223,0.298228561149544,0.243,0.163,1,"GRCh38-PRKCA-AS1","PRKCA-AS1","4c"
0.84415999260537,0.298200835214108,0.786,0.831,1,"GRCh38-RNF24","RNF24","4c"
5.82428206411417e-05,-0.298140252028832,0.854,0.962,1,"GRCh38-SNX3","SNX3","4c"
0.00253744773382815,0.298019155035942,0.117,0.052,1,"GRCh38-RASGRP3","RASGRP3","4c"
0.127972782651219,0.297797707556385,0.573,0.547,1,"GRCh38-GNPDA2","GNPDA2","4c"
0.00011795213610919,-0.297780260952518,0.233,0.425,1,"GRCh38-ALDH3B1","ALDH3B1","4c"
0.00518014989395352,0.29777963171168,0.515,0.413,1,"GRCh38-HARS2","HARS2","4c"
0.791567996376555,0.29776994297488,0.456,0.484,1,"GRCh38-PLAG1","PLAG1","4c"
0.00071901371485136,0.297755067465221,0.583,0.436,1,"GRCh38-INTS14","INTS14","4c"
0.0347851791472468,-0.297711117932507,0.767,0.886,1,"GRCh38-DDIT4","DDIT4","4c"
0.0155920694483978,0.297382483768546,0.252,0.17,1,"GRCh38-ZBED3-AS1","ZBED3-AS1","4c"
0.000979293055606174,0.297316647689697,0.282,0.164,1,"GRCh38-KRT15","KRT15","4c"
0.000808639916573144,0.297309449227439,0.126,0.053,1,"GRCh38-LCP2","LCP2","4c"
0.0503511575874675,0.29722031942949,0.233,0.171,1,"GRCh38-ENSG00000249771","ENSG00000249771","4c"
0.723832794268341,0.297208058079759,0.893,0.932,1,"GRCh38-STXBP5","STXBP5","4c"
0.330233475002125,0.297197427108699,0.515,0.516,1,"GRCh38-AP3M2","AP3M2","4c"
0.0215671356020137,-0.297103166776549,0.097,0.182,1,"GRCh38-BDNF","BDNF","4c"
0.0915828313637021,0.297065143708878,0.66,0.65,1,"GRCh38-CYTH2","CYTH2","4c"
0.0273450867035793,0.297059254230016,0.757,0.742,1,"GRCh38-CLPX","CLPX","4c"
0.0281497902561912,-0.296996125679424,0.563,0.672,1,"GRCh38-PEX2","PEX2","4c"
6.04535587684299e-05,0.296973134428347,0.291,0.156,1,"GRCh38-LINC02820","LINC02820","4c"
0.146245269373451,0.296937580586651,0.447,0.403,1,"GRCh38-TEX9","TEX9","4c"
0.0322815583942499,0.296848657636012,0.971,0.959,1,"GRCh38-SCAF11","SCAF11","4c"
0.000206819205465899,-0.296793847548403,0.816,0.914,1,"GRCh38-SNF8","SNF8","4c"
0.313644294642319,0.296631117960663,0.515,0.517,1,"GRCh38-CHML","CHML","4c"
0.827512478216528,0.296605424820608,0.786,0.853,1,"GRCh38-SPECC1","SPECC1","4c"
0.000417208833525011,-0.296565052124652,0.359,0.538,1,"GRCh38-SLC27A5","SLC27A5","4c"
0.812656024052784,0.296501119178463,0.757,0.836,1,"GRCh38-ALDH3A2","ALDH3A2","4c"
0.0911454609821142,0.296433079330178,0.32,0.27,1,"GRCh38-DUSP18","DUSP18","4c"
0.00618259860731765,0.296301506069621,0.456,0.357,1,"GRCh38-SETD4","SETD4","4c"
0.0272556898242787,-0.296288174113262,0.379,0.49,1,"GRCh38-SPRY1","SPRY1","4c"
0.0343098696314639,0.296174902381569,0.544,0.474,1,"GRCh38-VPS33A","VPS33A","4c"
0.0966746218800781,0.296069111778054,0.68,0.655,1,"GRCh38-TRIM23","TRIM23","4c"
0.0201871281003901,0.296067145160192,0.641,0.571,1,"GRCh38-TCHP","TCHP","4c"
0.00488436538059087,0.296026114110516,0.35,0.248,1,"GRCh38-ZNF451-AS1","ZNF451-AS1","4c"
0.00304735568690333,0.295978339762306,0.194,0.106,1,"GRCh38-ENSG00000286724","ENSG00000286724","4c"
0.00511359451608484,0.295887520363862,0.631,0.556,1,"GRCh38-SLC25A28","SLC25A28","4c"
0.00222603788536201,0.295824817556238,0.272,0.169,1,"GRCh38-ANKHD1-DT","ANKHD1-DT","4c"
0.000107508849848821,0.29577656333113,0.272,0.142,1,"GRCh38-ENSG00000258891","ENSG00000258891","4c"
0.0883709393424769,0.295689388791637,0.214,0.162,1,"GRCh38-EXO5-DT","EXO5-DT","4c"
0.120522786400453,0.295560011430345,0.718,0.751,1,"GRCh38-DUS1L","DUS1L","4c"
2.19789101776872e-05,0.295473276286981,0.223,0.1,1,"GRCh38-ENSG00000290791","ENSG00000290791","4c"
0.0805904324157475,0.295302244408665,0.602,0.564,1,"GRCh38-WDR6","WDR6","4c"
0.00817771201404208,0.295286852292468,0.427,0.325,1,"GRCh38-TTI2","TTI2","4c"
0.000324688029294581,0.295285826027156,0.34,0.211,1,"GRCh38-GBA1","GBA1","4c"
0.137028860457411,0.295227187580049,0.641,0.629,1,"GRCh38-BRAT1","BRAT1","4c"
0.00370397304094071,0.295156018529213,0.786,0.756,1,"GRCh38-HRAS","HRAS","4c"
0.33685296459524,0.295105502505489,0.35,0.452,1,"GRCh38-SNAI1","SNAI1","4c"
0.244692937958661,0.29508968667637,0.32,0.3,1,"GRCh38-SPATA2L","SPATA2L","4c"
0.0110507347839155,0.295055550551605,0.291,0.211,1,"GRCh38-FCSK","FCSK","4c"
0.000109825968911648,-0.294998442605386,0.845,0.957,1,"GRCh38-MRFAP1","MRFAP1","4c"
0.000126183206319096,-0.294987103591251,0.757,0.868,1,"GRCh38-CCDC122","CCDC122","4c"
0.00614095912957235,-0.294966889608636,0.456,0.609,1,"GRCh38-FAM104B","FAM104B","4c"
0.0705318519431249,0.294937691164901,0.68,0.664,1,"GRCh38-FKBP15","FKBP15","4c"
0.000752439641449465,-0.29491443365894,0.612,0.775,1,"GRCh38-MRFAP1L1","MRFAP1L1","4c"
0.794860171360504,0.294841163373271,0.806,0.886,1,"GRCh38-ERI3","ERI3","4c"
0.000164396658051074,-0.294699084904399,0.175,0.35,1,"GRCh38-MILIP","MILIP","4c"
0.387311229547727,0.294637270821842,0.845,0.886,1,"GRCh38-ARCN1","ARCN1","4c"
0.0132365352825676,0.294614291933425,0.282,0.202,1,"GRCh38-MON1A","MON1A","4c"
0.0022379716144217,0.294566682163901,0.146,0.071,1,"GRCh38-LINC01220","LINC01220","4c"
0.00325912539909156,0.294445693704779,0.291,0.193,1,"GRCh38-GTF2I-AS1","GTF2I-AS1","4c"
0.000144879808546978,-0.294331251663171,0.893,0.981,1,"GRCh38-YWHAB","YWHAB","4c"
7.98542368437901e-05,0.294228068689112,0.184,0.078,1,"GRCh38-PPP2R2B","PPP2R2B","4c"
0.00154510312082652,0.294154791008788,0.495,0.365,1,"GRCh38-SBDSP1","SBDSP1","4c"
0.0157975340178016,0.294136853303515,0.621,0.547,1,"GRCh38-RUSF1","RUSF1","4c"
0.708756212393891,0.294015815034797,0.359,0.379,1,"GRCh38-CTNS","CTNS","4c"
0.938447797191562,0.29390345985212,0.922,0.971,1,"GRCh38-RCN1","RCN1","4c"
0.00623157406015217,0.293829257945708,0.32,0.229,1,"GRCh38-ENSG00000278932","ENSG00000278932","4c"
0.0438613936291938,0.293826082375165,0.34,0.27,1,"GRCh38-RBKS","RBKS","4c"
0.0138077558504463,0.293586931858629,0.33,0.251,1,"GRCh38-POGLUT2","POGLUT2","4c"
0.245425223530409,0.293576568428235,0.505,0.485,1,"GRCh38-DGKA","DGKA","4c"
0.000321495402972074,-0.293567990831582,0.515,0.676,1,"GRCh38-RP9","RP9","4c"
0.295662737890647,0.293494121560133,0.573,0.589,1,"GRCh38-MFSD6","MFSD6","4c"
0.0150469655925899,0.293427223678063,0.524,0.43,1,"GRCh38-TMEM128","TMEM128","4c"
0.425300896831019,0.293419780564188,0.883,0.923,1,"GRCh38-ARF4","ARF4","4c"
0.00712368920817496,0.293399038142861,0.563,0.506,1,"GRCh38-DUSP11","DUSP11","4c"
0.00385355392582401,0.293338199064468,0.34,0.229,1,"GRCh38-AGAP9","AGAP9","4c"
1.73336849842731e-05,0.293281456947727,0.126,0.042,1,"GRCh38-SNAP25-AS1","SNAP25-AS1","4c"
0.0742057257460712,0.293088416374321,0.66,0.67,1,"GRCh38-GSDME","GSDME","4c"
0.0248327311423729,0.292972417264113,0.476,0.398,1,"GRCh38-UBXN2B","UBXN2B","4c"
0.0034676890132591,0.292810547117233,0.33,0.223,1,"GRCh38-CALML4","CALML4","4c"
0.0479908654289942,0.292559104028995,0.447,0.384,1,"GRCh38-BAP1","BAP1","4c"
0.000823820042333091,0.292553391836475,0.34,0.212,1,"GRCh38-PDC-AS1","PDC-AS1","4c"
0.34169934835452,0.292495922869413,0.757,0.812,1,"GRCh38-TBC1D15","TBC1D15","4c"
0.00741865886820727,-0.292405169057121,0.515,0.633,1,"GRCh38-PXMP2","PXMP2","4c"
0.958797260755452,0.292300517970058,0.563,0.618,1,"GRCh38-LGMN","LGMN","4c"
0.342890822042341,0.292235467494923,0.748,0.793,1,"GRCh38-RUFY1","RUFY1","4c"
0.000960237739113051,-0.292225644898011,0.67,0.835,1,"GRCh38-ASAH1","ASAH1","4c"
0.143379550680099,0.292206719530354,0.379,0.338,1,"GRCh38-PAQR7","PAQR7","4c"
0.733874668735403,0.29220420618785,0.485,0.539,1,"GRCh38-TMTC2","TMTC2","4c"
3.4029992451302e-05,-0.292175191582467,0.641,0.853,1,"GRCh38-HTATIP2","HTATIP2","4c"
0.0135056341684627,0.292169387959099,0.388,0.313,1,"GRCh38-PSKH1","PSKH1","4c"
0.00610538188388726,0.292165309778751,0.485,0.358,1,"GRCh38-TBXAS1","TBXAS1","4c"
0.132666664496335,0.29215718729622,0.612,0.523,1,"GRCh38-LINC02997","LINC02997","4c"
0.000102577053875963,0.291995100358911,0.34,0.193,1,"GRCh38-GALC","GALC","4c"
0.0164800602105238,0.291973870100881,0.612,0.523,1,"GRCh38-RAB5B","RAB5B","4c"
0.51874636857184,0.291812832664682,0.738,0.784,1,"GRCh38-RUVBL2","RUVBL2","4c"
0.00177415849880259,-0.291782509072254,0.767,0.905,1,"GRCh38-BNIP3L","BNIP3L","4c"
0.212784121048594,0.29170131625824,0.398,0.36,1,"GRCh38-PLEKHG5","PLEKHG5","4c"
0.000264495993118246,-0.291518761284756,0.883,0.957,1,"GRCh38-NOL7","NOL7","4c"
0.0799632598735238,0.291507242508262,0.456,0.394,1,"GRCh38-RBM48","RBM48","4c"
0.00697710493812946,0.291501302747495,0.165,0.092,1,"GRCh38-TSBP1-AS1","TSBP1-AS1","4c"
0.0350352192135428,0.291411129251461,0.447,0.365,1,"GRCh38-ENSG00000286162","ENSG00000286162","4c"
0.0109778610251791,0.29136098111366,0.388,0.307,1,"GRCh38-ZSWIM9","ZSWIM9","4c"
3.34611456082786e-05,-0.291255930191864,0.835,0.945,1,"GRCh38-MICOS10","MICOS10","4c"
0.387270943899466,0.291088551138353,0.835,0.881,1,"GRCh38-AHCYL1","AHCYL1","4c"
0.0529575367455272,0.290873922217464,0.204,0.145,1,"GRCh38-PTOV1-AS1","PTOV1-AS1","4c"
0.640813239059965,0.290820139480002,0.204,0.229,1,"GRCh38-ZBTB16","ZBTB16","4c"
0.0170499512472268,0.290793026628706,0.641,0.585,1,"GRCh38-TTC4","TTC4","4c"
0.76755747181201,0.29051068412642,0.806,0.867,1,"GRCh38-GOSR1","GOSR1","4c"
0.440718372837919,0.290267654898987,0.942,0.97,1,"GRCh38-RBM39","RBM39","4c"
0.000129756357213076,-0.290221220473522,0.34,0.537,1,"GRCh38-LINC02434","LINC02434","4c"
0.546478217145189,0.290133998745312,0.796,0.845,1,"GRCh38-ERGIC2","ERGIC2","4c"
0.0228608131524175,0.290076877578057,0.631,0.565,1,"GRCh38-SUPV3L1","SUPV3L1","4c"
0.0194766172993641,0.289937628451981,0.398,0.305,1,"GRCh38-EML1","EML1","4c"
5.55868157827961e-05,0.289922707282786,0.301,0.163,1,"GRCh38-ZBTB49","ZBTB49","4c"
0.174786612301653,0.289889601921815,0.806,0.803,1,"GRCh38-SCAMP1","SCAMP1","4c"
0.142133483435806,0.289679895688691,0.66,0.668,1,"GRCh38-CTDSP2","CTDSP2","4c"
0.0010007140280397,0.289577872690731,0.408,0.27,1,"GRCh38-POLRMT","POLRMT","4c"
0.239628175646796,0.289535312528893,0.534,0.519,1,"GRCh38-TDP2","TDP2","4c"
0.00865217647158769,0.289531926003151,0.34,0.246,1,"GRCh38-NOL6","NOL6","4c"
0.0797834397214893,0.289264880681881,0.825,0.821,1,"GRCh38-UCHL5","UCHL5","4c"
2.28537562920761e-05,-0.289150655688026,0.971,0.974,1,"GRCh38-MORF4L1","MORF4L1","4c"
0.0697635932315052,0.288920484555144,0.466,0.4,1,"GRCh38-MTPAP","MTPAP","4c"
0.290123839646303,0.288818083246592,0.534,0.52,1,"GRCh38-IFI27L1","IFI27L1","4c"
0.000233387435371966,-0.288772092520101,0.301,0.496,1,"GRCh38-INAFM1","INAFM1","4c"
0.00140595143813813,0.288623722116089,0.845,0.801,1,"GRCh38-SAR1A","SAR1A","4c"
0.000844667740027924,-0.288607385574222,0.563,0.741,1,"GRCh38-DRG2","DRG2","4c"
0.147826281252813,0.288574713897065,0.456,0.404,1,"GRCh38-CCDC97","CCDC97","4c"
0.00058646548232424,-0.288420352332579,0.282,0.442,1,"GRCh38-SOX12","SOX12","4c"
0.0662662548925001,0.288366394043406,0.427,0.38,1,"GRCh38-HMGN5","HMGN5","4c"
0.00315280840752134,0.288180481064747,0.476,0.354,1,"GRCh38-ENSG00000288827","ENSG00000288827","4c"
7.13901424974075e-05,-0.288107322160518,0.417,0.611,1,"GRCh38-TSPAN31","TSPAN31","4c"
0.0274913176621862,-0.287994169331301,0.039,0.104,1,"GRCh38-HS6ST3","HS6ST3","4c"
0.00223838021455178,-0.287810396704797,0.078,0.199,1,"GRCh38-ABLIM2","ABLIM2","4c"
0.0415641335977772,0.287756502353884,0.621,0.575,1,"GRCh38-YARS2","YARS2","4c"
0.015103824388816,0.287707014897925,0.223,0.15,1,"GRCh38-AKAP13-AS1","AKAP13-AS1","4c"
0.000808434753834227,-0.287706989728421,0.233,0.4,1,"GRCh38-FAM131B-AS2","FAM131B-AS2","4c"
0.172627833558745,0.287561189901903,0.35,0.318,1,"GRCh38-PIGO","PIGO","4c"
0.00116405014021103,0.287555879806501,0.291,0.174,1,"GRCh38-LHX1","LHX1","4c"
0.228892585321941,0.287504589444193,0.32,0.291,1,"GRCh38-ACADSB","ACADSB","4c"
0.117771583796998,0.287455374006654,0.699,0.692,1,"GRCh38-RNF126","RNF126","4c"
0.769523878180162,0.287372953959007,0.961,0.961,1,"GRCh38-OLA1","OLA1","4c"
8.09102379503439e-05,-0.287314617800779,0.262,0.446,1,"GRCh38-MIR4458HG","MIR4458HG","4c"
0.651435119789199,0.287233938757276,0.602,0.664,1,"GRCh38-DENND5B","DENND5B","4c"
0.503304321921139,0.287185038012996,0.806,0.877,1,"GRCh38-RAB14","RAB14","4c"
0.000129372985720061,-0.287092671509529,0.485,0.674,1,"GRCh38-PROS1","PROS1","4c"
0.012436476509835,0.28704669601884,0.495,0.377,1,"GRCh38-DHTKD1","DHTKD1","4c"
0.002211351094495,0.28704449430865,0.388,0.273,1,"GRCh38-RBM34","RBM34","4c"
0.000404509624793921,-0.286988906762481,0.67,0.813,1,"GRCh38-MRPS10","MRPS10","4c"
0.00164984570018451,0.286982830348945,0.534,0.402,1,"GRCh38-INPP5K","INPP5K","4c"
0.0873960630205327,0.286936889818212,0.583,0.549,1,"GRCh38-MINDY4","MINDY4","4c"
0.0255926623944055,0.28685141437709,0.689,0.64,1,"GRCh38-DNAJB12","DNAJB12","4c"
0.228516746656247,0.286771993633933,0.932,0.968,1,"GRCh38-PDIA6","PDIA6","4c"
0.111475871637939,0.286594230172796,0.66,0.644,1,"GRCh38-ZBTB4","ZBTB4","4c"
0.0835445348680971,0.286398817663628,0.34,0.278,1,"GRCh38-PLA2G6","PLA2G6","4c"
0.000257920269223927,-0.286393290701493,0.825,0.946,1,"GRCh38-PTTG1IP","PTTG1IP","4c"
0.351595460948615,0.28629524008925,0.854,0.896,1,"GRCh38-CSNK1E","CSNK1E","4c"
0.00233713117887463,0.286279875673422,0.427,0.298,1,"GRCh38-ZNF212","ZNF212","4c"
1.42621285485105e-05,-0.286261512758612,0.65,0.848,1,"GRCh38-AUP1","AUP1","4c"
3.56319938496062e-05,-0.286257311017737,0.019,0.173,1,"GRCh38-TSPAN32","TSPAN32","4c"
0.000816279423383224,-0.286141853849824,0.359,0.554,1,"GRCh38-GFER","GFER","4c"
0.377359407058429,0.286103280678847,0.883,0.926,1,"GRCh38-TAPBP","TAPBP","4c"
2.94868718851403e-05,0.286053483322113,0.563,0.358,1,"GRCh38-ZNF559","ZNF559","4c"
1.75269020786127e-05,0.286038192535716,0.126,0.042,1,"GRCh38-ENSG00000250994","ENSG00000250994","4c"
0.978914054742391,0.285912674917822,0.835,0.914,1,"GRCh38-DKC1","DKC1","4c"
0.0223373442626932,0.285845147985179,0.408,0.318,1,"GRCh38-ELMO2","ELMO2","4c"
0.00013398783528793,-0.285747204298791,0.282,0.468,1,"GRCh38-ENSG00000290032","ENSG00000290032","4c"
0.0138345594330651,0.285733017481736,0.398,0.321,1,"GRCh38-ENSG00000290876","ENSG00000290876","4c"
0.478693274899698,0.28570340744127,0.748,0.794,1,"GRCh38-HGSNAT","HGSNAT","4c"
0.000125814234737812,0.285686171714461,0.33,0.193,1,"GRCh38-LINC01089","LINC01089","4c"
0.150347256590909,0.28563188347736,0.699,0.657,1,"GRCh38-KIF3A","KIF3A","4c"
0.0788772198162017,0.285588289946339,0.534,0.507,1,"GRCh38-MPHOSPH6","MPHOSPH6","4c"
0.2221130522576,0.285534580762726,0.388,0.368,1,"GRCh38-CLN8","CLN8","4c"
0.000301685233533388,0.285331734939826,0.33,0.197,1,"GRCh38-AADAT","AADAT","4c"
0.679733009830748,0.285218111189804,0.466,0.491,1,"GRCh38-SLC27A1","SLC27A1","4c"
0.00230650004138692,0.28516990167091,0.311,0.201,1,"GRCh38-MYLK-AS1","MYLK-AS1","4c"
0.00131738396189531,0.285119884151192,0.417,0.293,1,"GRCh38-PLAGL2","PLAGL2","4c"
0.000841774303195172,-0.285109777830002,0.748,0.842,1,"GRCh38-ARL3","ARL3","4c"
0.0343546007633347,0.28510517344599,0.524,0.488,1,"GRCh38-KAT5","KAT5","4c"
0.0118430741044015,0.285061491506876,0.427,0.318,1,"GRCh38-GABRG2","GABRG2","4c"
0.187901191011336,0.284974864197726,0.864,0.878,1,"GRCh38-SMAD5","SMAD5","4c"
0.00133072541077481,0.284800167362082,0.456,0.325,1,"GRCh38-KHNYN","KHNYN","4c"
0.000501552528374791,-0.284702403717568,0.806,0.911,1,"GRCh38-MRPS5","MRPS5","4c"
0.808791470053296,0.284701570213822,0.544,0.611,1,"GRCh38-OAF","OAF","4c"
0.0649491272266064,0.284313439629206,0.573,0.518,1,"GRCh38-COQ8B","COQ8B","4c"
0.000935930978332023,0.284135900751493,0.262,0.153,1,"GRCh38-RCBTB1","RCBTB1","4c"
0.128389932240774,0.284113037484018,0.524,0.492,1,"GRCh38-CNP","CNP","4c"
0.024529409631097,0.284025863349716,0.583,0.528,1,"GRCh38-TIMM21","TIMM21","4c"
0.0630826060032868,0.283975681125352,0.728,0.74,1,"GRCh38-SLC4A1AP","SLC4A1AP","4c"
0.28998516967403,0.283963518902466,0.534,0.554,1,"GRCh38-ELL","ELL","4c"
0.638775896948661,0.283919178972454,0.699,0.74,1,"GRCh38-UBE2J2","UBE2J2","4c"
0.00237522741522029,-0.283806634790819,0.505,0.677,1,"GRCh38-FAHD1","FAHD1","4c"
0.000633437265855043,0.283779321367608,0.233,0.125,1,"GRCh38-CYB5D1","CYB5D1","4c"
0.802144716429353,0.283740488730265,0.777,0.827,1,"GRCh38-SEC14L1","SEC14L1","4c"
1.94276442559639e-05,-0.283696340189428,0.738,0.913,1,"GRCh38-SBDS","SBDS","4c"
0.00386855795573676,0.283680921624819,0.107,0.048,1,"GRCh38-HSPA2","HSPA2","4c"
0.000403762348239477,-0.283636368875182,0.447,0.624,1,"GRCh38-SCCPDH","SCCPDH","4c"
0.000510367756103876,-0.283603186789467,0.553,0.707,1,"GRCh38-RPP38","RPP38","4c"
0.000327647804513097,-0.283510878066871,0.476,0.661,1,"GRCh38-TMEM101","TMEM101","4c"
0.000456976786166541,-0.283501052537038,0.806,0.896,1,"GRCh38-PPP2R1A","PPP2R1A","4c"
0.000111470519732968,-0.283473463041729,0.039,0.186,1,"GRCh38-SOCAR","SOCAR","4c"
0.262979605796312,0.283439280514843,0.485,0.469,1,"GRCh38-SYNPO","SYNPO","4c"
0.00379582671274568,-0.283398177386298,0.515,0.671,1,"GRCh38-NABP2","NABP2","4c"
0.013353240299472,0.283349691222632,0.165,0.095,1,"GRCh38-C11orf96","C11orf96","4c"
0.000212394034105864,0.283315208511896,0.184,0.085,1,"GRCh38-GAS7","GAS7","4c"
0.0272895369169109,0.28321157216028,0.243,0.174,1,"GRCh38-ENSG00000230325","ENSG00000230325","4c"
0.000781567297278012,-0.283161429201555,0.592,0.765,1,"GRCh38-ZNF511","ZNF511","4c"
0.283770648028427,0.283153750887915,0.456,0.429,1,"GRCh38-NUDT19","NUDT19","4c"
0.0429984949880091,0.283006317131656,0.816,0.87,1,"GRCh38-VEGFA","VEGFA","4c"
0.000394262877847927,-0.28296550870648,0.223,0.4,1,"GRCh38-CHRNB1","CHRNB1","4c"
0.00434891902168132,-0.2829536367843,0.602,0.715,1,"GRCh38-MMAB","MMAB","4c"
0.0432058560239307,0.282804779312408,0.398,0.334,1,"GRCh38-EHHADH","EHHADH","4c"
0.000201224359322611,0.282723258178615,0.233,0.12,1,"GRCh38-RPL34-DT","RPL34-DT","4c"
0.0277935744351303,0.282702709358714,0.272,0.2,1,"GRCh38-FAM151B","FAM151B","4c"
0.158262641639428,0.282674480793965,0.951,0.97,1,"GRCh38-TPM3","TPM3","4c"
0.000527596869609708,-0.282629446954718,0.34,0.535,1,"GRCh38-NSMCE3","NSMCE3","4c"
0.252463491032234,-0.282620090132594,0.874,0.765,1,"GRCh38-PTN","PTN","4c"
0.00715167381875144,0.282541616752212,0.583,0.489,1,"GRCh38-TRIP4","TRIP4","4c"
0.0455103509803956,0.282521330427332,0.437,0.378,1,"GRCh38-TAF6L","TAF6L","4c"
0.000628002623925063,0.282421509959794,0.301,0.184,1,"GRCh38-USP3-AS1","USP3-AS1","4c"
2.88578121112881e-05,-0.282341927043936,0.417,0.674,1,"GRCh38-TACO1","TACO1","4c"
0.0310989630170435,0.282310669763754,0.243,0.176,1,"GRCh38-ENSG00000291121","ENSG00000291121","4c"
0.807453602107573,0.282252747606905,0.641,0.76,1,"GRCh38-UPP1","UPP1","4c"
0.010230760394209,0.282138561318168,0.388,0.29,1,"GRCh38-RBM45","RBM45","4c"
0.680253367288473,0.282010299292081,0.942,0.952,1,"GRCh38-EEA1","EEA1","4c"
0.000116718023325499,-0.281965957597005,0.573,0.803,1,"GRCh38-TEX264","TEX264","4c"
0.0650908098135656,0.281881548687924,0.621,0.568,1,"GRCh38-RHOT2","RHOT2","4c"
0.310856235302793,0.28181541313877,0.631,0.618,1,"GRCh38-KLHL22","KLHL22","4c"
0.00106994995599791,0.281785704352253,0.359,0.235,1,"GRCh38-LINC00240","LINC00240","4c"
0.446935200222995,0.281739081882661,0.699,0.724,1,"GRCh38-XPNPEP3","XPNPEP3","4c"
0.000431890059260657,0.281673567071536,0.738,0.665,1,"GRCh38-DTYMK","DTYMK","4c"
0.0655866484179832,0.281628360428425,0.427,0.383,1,"GRCh38-ENSG00000267002","ENSG00000267002","4c"
0.983511937177722,0.281550345609439,0.767,0.855,1,"GRCh38-KDSR","KDSR","4c"
0.00298623904999293,-0.281524692560456,0.184,0.313,1,"GRCh38-ENSG00000289007","ENSG00000289007","4c"
0.108869273348614,0.281514065083174,0.67,0.698,1,"GRCh38-POLR1C","POLR1C","4c"
0.00707961554911503,0.281458957467984,0.553,0.448,1,"GRCh38-RNF14","RNF14","4c"
0.000823981762334132,0.281390328412843,0.456,0.316,1,"GRCh38-ZNF227","ZNF227","4c"
7.96278601850499e-05,-0.281312318445305,0.058,0.221,1,"GRCh38-CBS","CBS","4c"
0.0708729734560918,0.281249751026574,0.447,0.378,1,"GRCh38-ZNF846","ZNF846","4c"
0.000432108125752805,-0.281243377175194,0.602,0.785,1,"GRCh38-EBPL","EBPL","4c"
0.845741729479712,0.2810284422969,0.767,0.817,1,"GRCh38-GRAMD1A","GRAMD1A","4c"
0.000702555214594705,-0.28095463718037,0.311,0.491,1,"GRCh38-GLDN","GLDN","4c"
7.91897174857968e-05,0.280864942211324,0.117,0.041,1,"GRCh38-ENSG00000290729","ENSG00000290729","4c"
0.00476580721481386,0.280744439412389,0.223,0.132,1,"GRCh38-LINC01277","LINC01277","4c"
0.00566962961268242,0.280733416789786,0.427,0.32,1,"GRCh38-STMN3","STMN3","4c"
0.000100135129335247,-0.280730582869423,0.456,0.662,1,"GRCh38-SIGIRR","SIGIRR","4c"
0.000363208128537879,-0.280729049307299,0.864,0.949,1,"GRCh38-CNPY2","CNPY2","4c"
0.000625325431721336,-0.280718298183899,0.32,0.498,1,"GRCh38-ZNF862","ZNF862","4c"
0.232003219397591,0.280710453263178,0.272,0.235,1,"GRCh38-GATA2","GATA2","4c"
0.000477183618945946,0.280710453263178,0.184,0.09,1,"GRCh38-EHBP1-AS1","EHBP1-AS1","4c"
0.00293378234159233,-0.28068262848783,0.68,0.774,1,"GRCh38-GBP1","GBP1","4c"
0.00311267449050317,-0.280435140012862,0.631,0.775,1,"GRCh38-NGRN","NGRN","4c"
3.6753971376288e-05,0.280380413599601,0.175,0.071,1,"GRCm39-Gm47283","Gm47283","4c"
0.00164385255904351,0.280366334824268,0.592,0.476,1,"GRCh38-INO80E","INO80E","4c"
0.010782030993097,0.280309553505285,0.408,0.312,1,"GRCh38-UBQLN4","UBQLN4","4c"
0.000288588520307024,0.28024708565332,0.252,0.137,1,"GRCh38-ACOT11","ACOT11","4c"
0.0001923390109356,-0.280047702787638,0.058,0.209,1,"GRCh38-ENSG00000230234","ENSG00000230234","4c"
0.000843894638486816,-0.280036334077185,0.311,0.472,1,"GRCh38-FOXP4-AS1","FOXP4-AS1","4c"
0.405206465430556,0.279996929011786,0.379,0.377,1,"GRCh38-ATP1A1-AS1","ATP1A1-AS1","4c"
0.00582871021052481,0.279944311410272,0.262,0.172,1,"GRCh38-ENSG00000280878","ENSG00000280878","4c"
0.0039377459623156,0.279900424443645,0.223,0.133,1,"GRCh38-ZNF569","ZNF569","4c"
0.138085501294567,0.279824494101403,0.854,0.885,1,"GRCh38-CCNL2","CCNL2","4c"
0.126480183730323,0.279695749103062,0.485,0.46,1,"GRCh38-EFCAB7","EFCAB7","4c"
0.000194148055906288,-0.279610827248848,0.214,0.406,1,"GRCh38-SPATC1L","SPATC1L","4c"
1.86174392450506e-05,-0.279520678334945,0.893,0.949,1,"GRCh38-CHCHD3","CHCHD3","4c"
0.000176410279423786,-0.279440152414015,0.301,0.489,1,"GRCh38-NECAB3","NECAB3","4c"
0.214598277170494,0.279432963403723,0.68,0.704,1,"GRCh38-RABGGTB","RABGGTB","4c"
0.0337950224113243,0.279388196373819,0.68,0.621,1,"GRCh38-DIS3","DIS3","4c"
0.0304214219501087,-0.279359647014902,0.194,0.278,1,"GRCh38-PNPLA4","PNPLA4","4c"
0.218775354756398,-0.279319503375543,0.379,0.433,1,"GRCh38-FIRRE","FIRRE","4c"
0.000238073437562272,-0.279314795008311,0.437,0.641,1,"GRCh38-PSMD10","PSMD10","4c"
0.000236951339162105,0.279206949726453,0.476,0.316,1,"GRCh38-SDE2","SDE2","4c"
0.233585452216824,0.279198332000958,0.165,0.135,1,"GRCh38-IL34","IL34","4c"
0.110650895245961,0.279195124379471,0.981,0.99,1,"GRCh38-PKM","PKM","4c"
0.0977600151452205,0.279156442509197,0.417,0.367,1,"GRCh38-ATAT1","ATAT1","4c"
0.230971536340278,0.279129675150132,0.641,0.754,1,"GRCh38-RILPL1","RILPL1","4c"
0.0111087245396991,0.279073726783235,0.476,0.375,1,"GRCh38-STYX","STYX","4c"
0.118549377537653,0.278987205885253,0.417,0.369,1,"GRCh38-ALG1","ALG1","4c"
0.00783189857199624,-0.278985042085228,0.311,0.427,1,"GRCh38-TRAPPC2B","TRAPPC2B","4c"
0.000742112412179603,-0.27894879920203,0.087,0.228,1,"GRCh38-ENSG00000273132","ENSG00000273132","4c"
0.0768860449648046,0.278928557953576,0.427,0.373,1,"GRCh38-ZFYVE1","ZFYVE1","4c"
0.0296026312008878,0.278867178600347,0.476,0.391,1,"GRCh38-MAP1S","MAP1S","4c"
0.414287904959924,0.278828234943843,0.388,0.376,1,"GRCh38-SRPX2","SRPX2","4c"
0.00724105705133511,-0.278791128689689,0.709,0.803,1,"GRCh38-CSF1","CSF1","4c"
0.00014935549947439,-0.278710783591471,0.097,0.263,1,"GRCh38-TCEA3","TCEA3","4c"
0.000261148713186003,-0.278675508720248,0.155,0.324,1,"GRCh38-ENSG00000271737","ENSG00000271737","4c"
0.637972310401817,0.278643658831693,0.155,0.142,1,"GRCh38-NALCN-AS1","NALCN-AS1","4c"
0.798903433113546,0.278631887101547,0.534,0.566,1,"GRCh38-STAC","STAC","4c"
1.56627765123941e-05,-0.278602054432913,0.883,0.965,1,"GRCh38-UBE2V1","UBE2V1","4c"
0.94694549814981,0.278523263473131,0.922,0.947,1,"GRCh38-NRP1","NRP1","4c"
0.00104370698433819,0.278504149835757,0.32,0.209,1,"GRCh38-NPIPA1","NPIPA1","4c"
0.144951293186947,0.278440366763427,0.893,0.914,1,"GRCh38-DHX29","DHX29","4c"
0.283556321436632,0.27843178986617,0.883,0.929,1,"GRCh38-DHX36","DHX36","4c"
1.63930808490605e-05,0.278429632213362,0.126,0.042,1,"GRCh38-ENSG00000273388","ENSG00000273388","4c"
0.14048973831108,0.27835951025372,0.359,0.315,1,"GRCh38-TRMO","TRMO","4c"
0.0509301099720513,0.27835951025372,0.437,0.375,1,"GRCh38-NIPBL-DT","NIPBL-DT","4c"
0.00697997253766378,0.278317987619134,0.592,0.504,1,"GRCh38-PGM2","PGM2","4c"
0.371307044281569,0.278294633780785,0.709,0.716,1,"GRCh38-NR2C1","NR2C1","4c"
0.000171454311527735,0.278213662911551,0.291,0.159,1,"GRCh38-CCDC62","CCDC62","4c"
0.000725315398053096,-0.278126752408343,0.447,0.617,1,"GRCh38-MOSPD1","MOSPD1","4c"
0.239227590859778,0.277985225310471,0.476,0.468,1,"GRCh38-RHBDF2","RHBDF2","4c"
0.360750421021723,0.277926731400579,0.214,0.192,1,"GRCh38-SOHLH2","SOHLH2","4c"
0.139259444201388,0.277869546688564,0.184,0.141,1,"GRCh38-ENSG00000272009","ENSG00000272009","4c"
0.000446204800551707,0.277716636600219,0.184,0.088,1,"GRCh38-EDA","EDA","4c"
0.0666498856793608,0.27756939928443,0.476,0.403,1,"GRCh38-ZNF160","ZNF160","4c"
0.000158176669361435,0.277442395141989,0.126,0.048,1,"GRCh38-EPHA1-AS1","EPHA1-AS1","4c"
0.251208913390519,0.277397251528626,0.874,0.887,1,"GRCh38-ARHGDIA","ARHGDIA","4c"
0.0233982783877253,0.277342784806932,0.427,0.338,1,"GRCh38-TMEM185B","TMEM185B","4c"
3.396465523251e-05,-0.27730391498829,0.476,0.698,1,"GRCh38-TMED1","TMED1","4c"
0.0356651969301824,0.277215787454101,0.602,0.548,1,"GRCh38-PDE4DIP","PDE4DIP","4c"
0.313070040871448,0.27720638369327,0.757,0.822,1,"GRCh38-KARS1","KARS1","4c"
0.00111097179582952,0.277193194609531,0.282,0.173,1,"GRCh38-CCNJ","CCNJ","4c"
0.0226659742391299,0.277078790581124,0.184,0.118,1,"GRCh38-INSIG1-DT","INSIG1-DT","4c"
0.295623721790774,0.277041425094511,0.845,0.879,1,"GRCh38-RABL6","RABL6","4c"
0.137551480216255,0.276769109778114,0.379,0.35,1,"GRCh38-ZNF839","ZNF839","4c"
0.0328449321059726,0.276740523162154,0.291,0.211,1,"GRCh38-RGS16","RGS16","4c"
0.51132008863196,0.276688571824348,0.553,0.582,1,"GRCh38-SLC9B2","SLC9B2","4c"
0.746230871102017,0.276561598416608,0.65,0.728,1,"GRCh38-LPIN2","LPIN2","4c"
0.0053657817852091,-0.276521197994079,0.883,0.968,1,"GRCh38-SNRPB","SNRPB","4c"
0.812074627915328,-0.276463749242116,0.466,0.454,1,"GRCh38-PSAT1","PSAT1","4c"
0.0972720203668506,0.2764439932653,0.262,0.199,1,"GRCh38-KHDRBS3","KHDRBS3","4c"
9.50616581894653e-05,0.276417901954163,0.155,0.064,1,"GRCh38-ENSG00000272092","ENSG00000272092","4c"
0.0146845112535416,0.27639063309766,0.427,0.34,1,"GRCh38-ENSG00000291003","ENSG00000291003","4c"
0.84198756412602,0.276372213397913,0.272,0.28,1,"GRCh38-FAM24B","FAM24B","4c"
0.269379569834616,0.276352206446457,0.767,0.816,1,"GRCh38-POR","POR","4c"
0.0477308059895148,0.276263122257212,0.447,0.385,1,"GRCh38-CUL7","CUL7","4c"
3.90560084870312e-05,-0.276195966318999,0.262,0.48,1,"GRCh38-CRELD1","CRELD1","4c"
2.68112534403616e-05,0.276194074629989,0.204,0.088,1,"GRCh38-ADGRV1","ADGRV1","4c"
0.00338759119044387,0.276194074629989,0.165,0.086,1,"GRCh38-ZNF556","ZNF556","4c"
0.00335421050220403,0.276124863208027,0.563,0.438,1,"GRCh38-COG1","COG1","4c"
0.000309614735908382,-0.276072795935113,0.631,0.783,1,"GRCh38-MED19","MED19","4c"
0.0602041501523076,0.275471439217156,0.621,0.755,1,"GRCh38-GTF2B","GTF2B","4c"
0.887780200083526,0.275359169571785,0.447,0.487,1,"GRCh38-LOXL1","LOXL1","4c"
0.145960427437511,-0.275323219414193,0.068,0.11,1,"GRCh38-RARRES2","RARRES2","4c"
2.93758888754791e-05,-0.275302204650627,0.019,0.176,1,"GRCh38-SPANXA1","SPANXA1","4c"
0.60137568406353,0.275141886868969,0.223,0.223,1,"GRCh38-ELOVL7","ELOVL7","4c"
0.0224311301239006,0.27507328118984,0.369,0.288,1,"GRCh38-ZNF594","ZNF594","4c"
0.00136229458521127,0.274989451355548,0.553,0.418,1,"GRCh38-TLCD3A","TLCD3A","4c"
0.280934511357243,0.274800306453783,0.612,0.647,1,"GRCh38-FPGS","FPGS","4c"
0.355293034976637,0.274747877825817,0.35,0.331,1,"GRCh38-ENSG00000291297","ENSG00000291297","4c"
0.00206272969732734,-0.274729621928789,0.854,0.975,1,"GRCh38-PPP1R14B","PPP1R14B","4c"
0.00148383564622431,0.274649821987654,0.35,0.24,1,"GRCh38-ZNF783","ZNF783","4c"
0.00015382890307986,-0.274575505970101,0.243,0.435,1,"GRCh38-FLT3LG","FLT3LG","4c"
0.472408017953649,0.274514840871514,0.155,0.137,1,"GRCh38-ZNF91","ZNF91","4c"
0.000349248334506664,0.274501442699726,0.155,0.068,1,"GRCh38-SH3BGRL2","SH3BGRL2","4c"
0.0122750988184145,0.274500473263552,0.252,0.167,1,"GRCh38-LHX1-DT","LHX1-DT","4c"
0.00322556353354901,0.274230933530905,0.311,0.203,1,"GRCh38-IKZF5","IKZF5","4c"
0.000197671919826275,0.27417549116175,0.359,0.216,1,"GRCh38-VARS2","VARS2","4c"
0.774412197232052,0.274172910956797,0.563,0.659,1,"GRCh38-IRAK1BP1","IRAK1BP1","4c"
0.0377821908866591,0.274170902721653,0.612,0.571,1,"GRCh38-SF3A1","SF3A1","4c"
0.00287086150121439,0.27416142598961,0.194,0.105,1,"GRCh38-EGR2","EGR2","4c"
0.131243203077524,0.274146410619336,0.136,0.095,1,"GRCh38-CFAP47","CFAP47","4c"
0.218933226063384,0.274143372387531,0.214,0.173,1,"GRCh38-FBXW10B","FBXW10B","4c"
0.163922920539547,0.274081302175937,0.524,0.51,1,"GRCh38-ATOSA","ATOSA","4c"
0.000210253018497727,0.274032819352397,0.272,0.148,1,"GRCh38-ENSG00000255139","ENSG00000255139","4c"
0.066854402678777,0.273981307018778,0.796,0.84,1,"GRCh38-HEXB","HEXB","4c"
0.115927634470282,0.27382859526497,0.515,0.457,1,"GRCh38-ENSG00000266869","ENSG00000266869","4c"
0.0800501773885319,0.273820152274391,0.689,0.707,1,"GRCh38-RMND1","RMND1","4c"
0.00054938284713689,-0.273820106438674,0.272,0.439,1,"GRCh38-SIM2","SIM2","4c"
0.438679247851737,0.273710740839613,0.301,0.286,1,"GRCh38-TICAM1","TICAM1","4c"
0.0650046794260496,0.273660217121976,0.524,0.464,1,"GRCh38-CSK","CSK","4c"
0.00255881737155861,-0.273583962947642,0.184,0.319,1,"GRCh38-FBXO6","FBXO6","4c"
0.196718804676453,0.273420125881319,0.922,0.954,1,"GRCh38-EIF5B","EIF5B","4c"
9.91381822092392e-05,0.273378708587455,0.447,0.278,1,"GRCh38-AKTIP","AKTIP","4c"
1.90960233377626e-05,0.27336560265001,0.175,0.07,1,"GRCh38-PDCD6-DT","PDCD6-DT","4c"
0.139486130720837,0.273274394683412,0.311,0.26,1,"GRCh38-ENSG00000249492","ENSG00000249492","4c"
0.878066804487939,0.273083853788478,0.214,0.226,1,"GRCh38-ADGRE2","ADGRE2","4c"
3.27465180001726e-05,-0.273027494403908,0.913,0.965,1,"GRCh38-FXR1","FXR1","4c"
0.00575951620798629,-0.272908173675872,0.495,0.625,1,"GRCh38-VSIG10","VSIG10","4c"
0.00022769162406742,0.272899160883993,0.214,0.102,1,"GRCh38-CHD9NB","CHD9NB","4c"
0.0191904352096768,0.27288649364704,0.32,0.243,1,"GRCh38-KCNJ14","KCNJ14","4c"
0.0178752607784278,0.272682110425303,0.427,0.331,1,"GRCh38-NBPF19","NBPF19","4c"
0.836980664143362,0.272653582131435,0.718,0.804,1,"GRCh38-TRIM27","TRIM27","4c"
0.000529879613562232,0.272640654010821,0.214,0.109,1,"GRCh38-IL12RB2","IL12RB2","4c"
0.0198968970876265,0.272526512826496,0.136,0.078,1,"GRCh38-ENSG00000288902","ENSG00000288902","4c"
0.00797711134417985,-0.272467661867316,0.126,0.231,1,"GRCh38-SSC4D","SSC4D","4c"
6.03357701234894e-05,0.27235730334433,0.35,0.2,1,"GRCh38-SLC25A20","SLC25A20","4c"
0.00147667226291429,-0.272287113073153,0.806,0.93,1,"GRCh38-PSMA5","PSMA5","4c"
0.000421346155630819,-0.272257836154539,0.718,0.876,1,"GRCh38-NOSIP","NOSIP","4c"
0.269238338811577,0.272243891275948,0.845,0.916,1,"GRCh38-WLS","WLS","4c"
0.000275653154545325,-0.272201910447597,0.738,0.871,1,"GRCh38-EPHX1","EPHX1","4c"
0.124016165326914,0.272091425041264,0.738,0.739,1,"GRCh38-MALSU1","MALSU1","4c"
0.000254019085454056,0.271852854356494,0.214,0.107,1,"GRCh38-ZNF888","ZNF888","4c"
0.00552275864271873,-0.271752838470273,0.32,0.456,1,"GRCh38-RPP40","RPP40","4c"
0.280616579661518,0.271694877888291,0.417,0.41,1,"GRCh38-NIPA1","NIPA1","4c"
0.000333915150870694,0.271607092846053,0.165,0.074,1,"GRCh38-ITGA10","ITGA10","4c"
0.0380981502201597,0.271481585142086,0.505,0.451,1,"GRCh38-NSMCE4A","NSMCE4A","4c"
0.320773287713896,0.271457760905972,0.65,0.652,1,"GRCh38-WDR48","WDR48","4c"
0.00064167968992074,0.271315565683477,0.136,0.058,1,"GRCh38-NOX4","NOX4","4c"
0.135072031899455,0.27112512274645,0.301,0.369,1,"GRCh38-SIRLNT","SIRLNT","4c"
0.170602147620466,0.271113150918632,0.301,0.257,1,"GRCh38-NQO1-DT","NQO1-DT","4c"
0.00029376189714068,-0.271105892970909,0.718,0.883,1,"GRCh38-PRDX3","PRDX3","4c"
8.11953173580302e-05,0.270987668025134,0.165,0.069,1,"GRCh38-LINC01031","LINC01031","4c"
0.47397678667505,0.270870333285597,0.214,0.266,1,"GRCh38-WNT7B","WNT7B","4c"
0.162710436691919,0.270801918260351,0.631,0.615,1,"GRCh38-GMFB","GMFB","4c"
0.00958433130375618,0.270726364690556,0.155,0.086,1,"GRCh38-SPINT2","SPINT2","4c"
0.00204652338208438,-0.27070396586221,0.903,0.953,1,"GRCh38-PABPN1","PABPN1","4c"
0.581852637290373,0.270674393416952,0.641,0.692,1,"GRCh38-PSMG1","PSMG1","4c"
0.00390574274669439,0.270650336064889,0.534,0.409,1,"GRCh38-MKRN2","MKRN2","4c"
0.0401316714798809,0.270495163787887,0.66,0.594,1,"GRCh38-ZNF322","ZNF322","4c"
0.00534634398954021,0.270305173354489,0.34,0.239,1,"GRCh38-CASP10","CASP10","4c"
4.83401755141776e-05,-0.270253749422956,0.33,0.553,1,"GRCh38-A4GALT","A4GALT","4c"
0.00019131798067501,-0.270240750008714,0.01,0.137,1,"GRCh38-TRIM15","TRIM15","4c"
1.58887722241987e-05,-0.270216800254507,0.854,0.959,1,"GRCh38-SRP72","SRP72","4c"
0.000177515881996709,-0.27017116657415,0.806,0.925,1,"GRCh38-SLC25A37","SLC25A37","4c"
0.00116381009450815,0.270128808048316,0.32,0.205,1,"GRCh38-RNF123","RNF123","4c"
0.00655764719176334,0.27009733694784,0.495,0.402,1,"GRCh38-LMAN2L","LMAN2L","4c"
0.0125336009599149,0.270058925152101,0.388,0.295,1,"GRCh38-ZNF213-AS1","ZNF213-AS1","4c"
0.19518301806323,0.269991348721819,0.359,0.315,1,"GRCh38-ACSF2","ACSF2","4c"
2.18903740542942e-05,-0.269964608687827,0.524,0.716,1,"GRCh38-WBP2","WBP2","4c"
0.0216612600673649,0.269725412569375,0.893,0.938,1,"GRCh38-EIF2AK1","EIF2AK1","4c"
0.00170453733542144,0.269538524538534,0.427,0.292,1,"GRCh38-PITPNM1","PITPNM1","4c"
0.134717416381274,0.269521005898539,0.553,0.493,1,"GRCh38-MSANTD4","MSANTD4","4c"
0.000148004167845652,0.269420660506371,0.583,0.408,1,"GRCh38-SLC35A4","SLC35A4","4c"
0.18790651568089,0.269331009698968,0.388,0.372,1,"GRCh38-PIAS4","PIAS4","4c"
0.00948615994552767,0.269300495328146,0.369,0.273,1,"GRCh38-ACP6","ACP6","4c"
0.0580981862095046,0.269271725226787,0.748,0.75,1,"GRCh38-WDR75","WDR75","4c"
0.000119522271732272,0.269259459778075,0.165,0.069,1,"GRCh38-LINC00348","LINC00348","4c"
0.439790240810374,0.269110100231825,0.738,0.809,1,"GRCh38-NELFCD","NELFCD","4c"
0.000273154160107073,0.269058225348241,0.194,0.095,1,"GRCh38-DISP2","DISP2","4c"
0.155774185765506,0.269054745502807,0.932,0.929,1,"GRCh38-RFC1","RFC1","4c"
0.113850244933831,0.269032759400703,0.243,0.196,1,"GRCh38-MAK","MAK","4c"
0.0001417302751705,0.268954502065636,0.408,0.251,1,"GRCh38-TPCN2","TPCN2","4c"
0.00101939280395454,-0.268892447116908,0.835,0.921,1,"GRCh38-C1orf43","C1orf43","4c"
0.33543670372501,0.268869543942026,0.602,0.627,1,"GRCh38-EXOC6","EXOC6","4c"
2.63852359399572e-05,-0.268825522652627,0.175,0.375,1,"GRCh38-C1orf53","C1orf53","4c"
0.179028381852561,0.268808403832095,0.621,0.622,1,"GRCh38-DDA1","DDA1","4c"
0.0787707347097712,0.268757305219905,0.621,0.586,1,"GRCh38-NAGLU","NAGLU","4c"
0.731464292636974,0.268608786554404,0.816,0.882,1,"GRCh38-TRIP11","TRIP11","4c"
0.153604671553984,0.2686082243063,0.544,0.523,1,"GRCh38-NDUFAF7","NDUFAF7","4c"
0.220903622217671,0.268544986570434,0.495,0.461,1,"GRCh38-ENSG00000291220","ENSG00000291220","4c"
0.0290063103688889,0.268521117635366,0.32,0.248,1,"GRCh38-SETDB2","SETDB2","4c"
0.000165615868080393,-0.268490285297899,0.68,0.863,1,"GRCh38-MOCS2","MOCS2","4c"
0.00204621665613405,-0.268432642543206,0.786,0.878,1,"GRCh38-TPGS2","TPGS2","4c"
0.0329484734592189,0.268430312614247,0.33,0.252,1,"GRCh38-RSKR","RSKR","4c"
0.000189959576194987,0.268339347923007,0.35,0.197,1,"GRCh38-LMO2","LMO2","4c"
6.78214404790315e-05,0.268322158380359,0.252,0.128,1,"GRCh38-ZBTB20-AS5","ZBTB20-AS5","4c"
0.0556774514242478,0.268306032506145,0.301,0.233,1,"GRCh38-ENSG00000290951","ENSG00000290951","4c"
0.491018196667196,0.268280059673388,0.447,0.482,1,"GRCh38-RPUSD4","RPUSD4","4c"
0.0342979579437953,0.268274443987244,0.146,0.089,1,"GRCh38-CYRIA","CYRIA","4c"
2.78500552729273e-05,0.268128522905521,0.243,0.116,1,"GRCh38-DCLRE1A","DCLRE1A","4c"
0.049236451040419,0.268077291719171,0.417,0.339,1,"GRCh38-ZNF283","ZNF283","4c"
0.935823076677695,0.268077291719171,0.272,0.288,1,"GRCh38-DNAJC6","DNAJC6","4c"
1.60109869385331e-05,0.268068841213706,0.262,0.122,1,"GRCm39-Hdc","Hdc","4c"
0.332035218729656,0.268052479737439,0.816,0.854,1,"GRCh38-UACA","UACA","4c"
0.878159700458185,0.268052448644997,0.204,0.225,1,"GRCh38-ENSG00000197585","ENSG00000197585","4c"
0.000205585033419087,-0.26801392318139,0.33,0.529,1,"GRCh38-MPI","MPI","4c"
0.0610151330268511,0.267990046294864,0.553,0.516,1,"GRCh38-MMUT","MMUT","4c"
0.00138172708469818,0.267901450925961,0.388,0.268,1,"GRCh38-GORASP1","GORASP1","4c"
0.000243069122521215,-0.267883972086891,0.087,0.25,1,"GRCh38-FTCDNL1","FTCDNL1","4c"
0.000148310485889089,-0.267877051865672,0.728,0.882,1,"GRCh38-MRPL27","MRPL27","4c"
0.855689042948673,0.267775971004019,0.777,0.874,1,"GRCh38-GTPBP4","GTPBP4","4c"
0.186251321525088,0.267743992516393,0.738,0.776,1,"GRCh38-SUMF2","SUMF2","4c"
0.191216422678068,0.267722024431185,0.544,0.523,1,"GRCh38-FYCO1","FYCO1","4c"
0.0981465828835884,0.267627031724614,0.583,0.568,1,"GRCh38-PLBD2","PLBD2","4c"
0.00269317079654088,-0.267520005106707,0.204,0.339,1,"GRCh38-ATOH8","ATOH8","4c"
0.000486103102950857,-0.267427420764645,0.078,0.216,1,"GRCh38-NUDT4B","NUDT4B","4c"
0.234589383927852,0.267361105995361,0.35,0.316,1,"GRCh38-FBXO16","FBXO16","4c"
0.0551735208258481,0.267250858097022,0.65,0.614,1,"GRCh38-SNHG15","SNHG15","4c"
0.0275785133291866,0.267167559666319,0.709,0.618,1,"GRCh38-PACS2","PACS2","4c"
0.252035829788741,0.267083610208622,0.427,0.41,1,"GRCh38-SNX21","SNX21","4c"
1.83653684037976e-05,-0.267081200718513,0.505,0.73,1,"GRCh38-ANKRD29","ANKRD29","4c"
0.208538712235921,0.267061256533107,0.583,0.591,1,"GRCh38-TMEM9B","TMEM9B","4c"
0.0758089137112289,0.267046203748109,0.398,0.347,1,"GRCh38-TMEM231","TMEM231","4c"
0.0461586451416793,0.267039524125076,0.515,0.432,1,"GRCh38-DMPK","DMPK","4c"
0.428920793971147,0.266966726694454,0.825,0.869,1,"GRCh38-UBE2Z","UBE2Z","4c"
0.24801685665419,0.266896637540161,0.641,0.631,1,"GRCh38-LINC01138","LINC01138","4c"
0.0134655846676274,-0.266829302265285,0.67,0.791,1,"GRCh38-NIT2","NIT2","4c"
0.00017428712265013,0.266777846815309,0.136,0.054,1,"GRCh38-MSH4","MSH4","4c"
0.458742788046185,0.266751358201555,0.67,0.705,1,"GRCh38-ZNF770","ZNF770","4c"
0.0397395570667593,0.266692128463329,0.903,0.977,1,"GRCh38-CD59","CD59","4c"
0.0508328876732351,0.266648292796849,0.359,0.289,1,"GRCh38-ENSG00000239407","ENSG00000239407","4c"
0.00612848063330669,0.26654865648546,0.456,0.356,1,"GRCh38-TSPAN17","TSPAN17","4c"
0.00305877849015218,0.266533632559347,0.612,0.491,1,"GRCh38-ABCD4","ABCD4","4c"
0.102452889695517,0.266402153978431,0.175,0.128,1,"GRCh38-NDUFV2-AS1","NDUFV2-AS1","4c"
0.736461257068289,0.26636851442498,0.757,0.811,1,"GRCh38-GTF2H3","GTF2H3","4c"
0.0866305401354247,0.266153359879862,0.883,0.895,1,"GRCh38-PDCD10","PDCD10","4c"
2.87364252827602e-05,0.266146069345737,0.214,0.095,1,"GRCh38-ESR2","ESR2","4c"
5.25291035077453e-05,-0.266130247366432,0.029,0.185,1,"GRCh38-CDC42EP5","CDC42EP5","4c"
0.093679270108961,0.266102243512131,0.874,0.914,1,"GRCh38-RARS1","RARS1","4c"
0.641907493035095,0.265948769932892,0.262,0.249,1,"GRCh38-LURAP1L-AS1","LURAP1L-AS1","4c"
0.00662087668168207,-0.265881730157385,0.67,0.847,1,"GRCh38-SDHD","SDHD","4c"
0.902181434234394,0.265803246566122,0.825,0.941,1,"GRCh38-TMED9","TMED9","4c"
0.112462847222893,0.265738353405122,0.709,0.682,1,"GRCh38-PTPA","PTPA","4c"
0.000315369265799503,-0.265698012829333,0.689,0.822,1,"GRCh38-ATXN3","ATXN3","4c"
0.00252423542758858,-0.265683731785937,0.602,0.748,1,"GRCh38-HMGA1","HMGA1","4c"
0.000302706901059314,-0.265651315658213,0.155,0.323,1,"GRCh38-BORCS6","BORCS6","4c"
2.88277595635982e-05,0.265603189525236,0.252,0.122,1,"GRCh38-ENSG00000258927","ENSG00000258927","4c"
0.000368927294996379,0.265573791466348,0.117,0.044,1,"GRCm39-Tnrc6b","Tnrc6b","4c"
4.88214253278089e-05,0.265531214668636,0.214,0.095,1,"GRCm39-Hsp90aa1","Hsp90aa1","4c"
0.099809829933472,0.265497359316671,0.427,0.356,1,"GRCh38-MTURN","MTURN","4c"
0.0145441305965036,0.265474839902004,0.553,0.466,1,"GRCh38-POLR2D","POLR2D","4c"
0.0041321467860396,0.265398453133456,0.272,0.173,1,"GRCh38-CELSR2","CELSR2","4c"
0.00267308148362503,-0.265393802107396,0.66,0.841,1,"GRCh38-SPTSSA","SPTSSA","4c"
0.686850613266443,0.265266286737821,0.854,0.899,1,"GRCh38-RPAP2","RPAP2","4c"
2.63136573671444e-05,0.265074116098041,0.272,0.134,1,"GRCh38-NEURL4","NEURL4","4c"
0.0489307706498502,0.264986625603614,0.243,0.179,1,"GRCh38-ENSG00000255476","ENSG00000255476","4c"
0.0575072737088866,0.264985425784282,0.631,0.801,1,"GRCh38-MYADM","MYADM","4c"
0.00950445774144247,0.26491644727303,0.456,0.352,1,"GRCh38-ZNF566","ZNF566","4c"
0.125269286913615,0.264844703779239,0.786,0.779,1,"GRCh38-SZRD1","SZRD1","4c"
0.0305057992872872,0.264840095049772,0.806,0.761,1,"GRCh38-TDG","TDG","4c"
4.30602776042781e-05,-0.264783833785359,0.068,0.24,1,"GRCh38-TIPARP-AS1","TIPARP-AS1","4c"
0.0571159414191784,0.264757902482567,0.621,0.555,1,"GRCh38-IL7","IL7","4c"
0.00288073326037726,-0.264748550678171,0.485,0.63,1,"GRCh38-YDJC","YDJC","4c"
0.0042102630132599,0.264662917731239,0.146,0.075,1,"GRCh38-EFHC2","EFHC2","4c"
0.0656044071539079,0.26464309842534,0.408,0.344,1,"GRCh38-ACCS","ACCS","4c"
0.00454183323669388,0.264611042175261,0.34,0.226,1,"GRCh38-ENSG00000258824","ENSG00000258824","4c"
0.654999598909121,0.264545519774556,0.291,0.27,1,"GRCh38-ROR1","ROR1","4c"
2.69998486605314e-05,0.264474223132133,0.165,0.064,1,"GRCh38-CCDC192","CCDC192","4c"
0.00137584506428769,0.264445539148064,0.369,0.245,1,"GRCh38-ENSG00000260267","ENSG00000260267","4c"
0.317946409441169,0.264439048811809,0.845,0.887,1,"GRCh38-ZFAND6","ZFAND6","4c"
0.0200327264527663,-0.264424380521219,0.573,0.684,1,"GRCh38-MARCKSL1","MARCKSL1","4c"
0.0456198876189385,0.264398721080391,0.33,0.255,1,"GRCh38-ENSG00000230615","ENSG00000230615","4c"
0.000960657097432449,-0.26439868208957,0.641,0.821,1,"GRCh38-GSDMD","GSDMD","4c"
0.417129356768645,0.264279768148026,0.835,0.901,1,"GRCh38-DENR","DENR","4c"
0.300421408645016,0.264272406647816,0.515,0.642,1,"GRCh38-GABRA3","GABRA3","4c"
0.172184239118322,0.264176814564619,0.524,0.506,1,"GRCh38-ARHGAP1","ARHGAP1","4c"
0.00606697794580138,0.264118693352417,0.67,0.546,1,"GRCh38-AKT1","AKT1","4c"
0.00191821975543846,-0.264082961142087,0.631,0.78,1,"GRCh38-MRPS22","MRPS22","4c"
6.74827783290389e-05,-0.263971313352127,0.282,0.497,1,"GRCh38-ZNF579","ZNF579","4c"
0.636380127357348,0.263965347873047,0.214,0.207,1,"GRCh38-CDKN1C","CDKN1C","4c"
0.00927051885516067,0.263936845329054,0.495,0.39,1,"GRCh38-SPRY2","SPRY2","4c"
0.0568627854575515,0.263865417109575,0.359,0.295,1,"GRCh38-ZNF777","ZNF777","4c"
0.0224427200694838,0.263841943138609,0.835,0.776,1,"GRCh38-SUDS3","SUDS3","4c"
0.0249057016656904,0.263762347315837,0.252,0.18,1,"GRCh38-ISOC1","ISOC1","4c"
0.0635729238916366,0.263731479631308,0.359,0.302,1,"GRCh38-DENND11","DENND11","4c"
2.26639888599243e-05,-0.263704969349657,0.699,0.842,1,"GRCh38-GATAD1","GATAD1","4c"
0.00109953841133772,0.263589933354388,0.262,0.157,1,"GRCh38-ZNF101","ZNF101","4c"
0.81373693998614,0.263538370744188,0.942,0.952,1,"GRCh38-THOC2","THOC2","4c"
0.000493440792457004,-0.263329386792404,0.66,0.8,1,"GRCh38-PMP22","PMP22","4c"
0.000161143896352837,-0.26328409272907,0.786,0.915,1,"GRCh38-SNRPC","SNRPC","4c"
0.0444941128441551,0.263270163605044,0.35,0.281,1,"GRCh38-DLG4","DLG4","4c"
0.064220059964392,0.263237073335612,0.534,0.468,1,"GRCh38-LINC01145","LINC01145","4c"
0.000967760004700453,-0.263129494755673,0.573,0.722,1,"GRCh38-SEPTIN6","SEPTIN6","4c"
0.00796467608860508,0.263007222892834,0.592,0.494,1,"GRCh38-C11orf24","C11orf24","4c"
0.0022346833247281,0.262871444685886,0.553,0.439,1,"GRCh38-RAMP1","RAMP1","4c"
0.000491924518756485,-0.262852222465442,0.553,0.726,1,"GRCh38-MLST8","MLST8","4c"
0.0329343257763205,0.262841276871033,0.233,0.164,1,"GRCh38-MC1R","MC1R","4c"
0.326082830511848,0.262739859305271,0.447,0.443,1,"GRCh38-SLC35A1","SLC35A1","4c"
0.154589348899868,0.262666562252527,0.67,0.662,1,"GRCh38-UBLCP1","UBLCP1","4c"
0.107303555383448,0.262640518951339,0.641,0.623,1,"GRCh38-GNPAT","GNPAT","4c"
0.178166794992983,0.262549505600918,0.563,0.56,1,"GRCh38-CAMKK2","CAMKK2","4c"
1.57386673391233e-05,-0.262522856381919,0.262,0.486,1,"GRCh38-FLJ20021","FLJ20021","4c"
0.00112406156020302,0.262516436737114,0.194,0.1,1,"GRCh38-CAPN12","CAPN12","4c"
6.99486247200656e-05,0.262466856418886,0.243,0.121,1,"GRCh38-NPSR1-AS1","NPSR1-AS1","4c"
0.0224220365299943,0.262373223677363,0.476,0.406,1,"GRCh38-CREBL2","CREBL2","4c"
0.000581957500982935,-0.262372019075862,0.806,0.956,1,"GRCh38-LAPTM4A","LAPTM4A","4c"
0.00131848016684701,-0.262312149554564,0.388,0.547,1,"GRCh38-TIMM22","TIMM22","4c"
0.0510981215130673,0.262310154988665,0.33,0.261,1,"GRCh38-RAB33B","RAB33B","4c"
0.000151698450568212,-0.262212592203574,0.417,0.628,1,"GRCh38-FAM216A","FAM216A","4c"
0.0166729684332819,-0.262201394436204,0.049,0.125,1,"GRCh38-IDO1","IDO1","4c"
0.0732564443771548,0.262175216980803,0.631,0.573,1,"GRCh38-KYAT3","KYAT3","4c"
0.29477427117401,0.262147771709074,0.854,0.854,1,"GRCh38-ATG12","ATG12","4c"
0.00119618910580728,-0.262110717877137,0.728,0.841,1,"GRCh38-PIN4","PIN4","4c"
3.58078736870164e-05,0.262103398642292,0.272,0.136,1,"GRCh38-ZNF776","ZNF776","4c"
0.0585723536767491,0.26209022152695,0.612,0.531,1,"GRCh38-CUTC","CUTC","4c"
8.20585712061526e-05,0.26191955263934,0.175,0.075,1,"GRCh38-STX17-DT","STX17-DT","4c"
0.000135277092490343,0.26188384448857,0.262,0.14,1,"GRCh38-C19orf47","C19orf47","4c"
0.0834829229800624,0.261754957630854,0.767,0.81,1,"GRCh38-DHX30","DHX30","4c"
0.00021366277537965,-0.261609254855426,0.175,0.355,1,"GRCh38-TLCD5","TLCD5","4c"
0.794148622009351,0.261553924692469,0.709,0.771,1,"GRCh38-MFSD12","MFSD12","4c"
0.135746362083441,0.261526037428383,0.311,0.252,1,"GRCh38-ENSG00000258526","ENSG00000258526","4c"
0.00334570072675201,0.261485030006201,0.388,0.272,1,"GRCh38-IPO4","IPO4","4c"
0.630733796308354,0.261477748270996,0.738,0.84,1,"GRCh38-NECTIN2","NECTIN2","4c"
0.0104974948120689,0.261116450752085,0.447,0.357,1,"GRCh38-MAN2B2","MAN2B2","4c"
0.0468147147931502,0.261015489322422,0.515,0.474,1,"GRCh38-ZBTB21","ZBTB21","4c"
0.00134275314559957,0.261009667058965,0.194,0.099,1,"GRCh38-NOTCH4","NOTCH4","4c"
9.41849023234107e-05,0.260956919197358,0.136,0.052,1,"GRCh38-PYGM","PYGM","4c"
0.136945563889932,0.260868526754237,0.563,0.579,1,"GRCh38-STX3","STX3","4c"
0.0158686236088934,-0.260723058928386,0.689,0.79,1,"GRCh38-FIBP","FIBP","4c"
0.00425811215777133,0.260708505215923,0.359,0.257,1,"GRCh38-STK36","STK36","4c"
0.0229230395340049,0.260657269797867,0.388,0.307,1,"GRCh38-KCTD7","KCTD7","4c"
0.000868233415552301,-0.260654249277158,0.068,0.195,1,"GRCh38-PANTR1","PANTR1","4c"
0.00164505292774254,0.26056366785548,0.272,0.161,1,"GRCm39-Tra2b","Tra2b","4c"
0.000384705122763731,-0.26055132420335,0.33,0.524,1,"GRCh38-ECHDC2","ECHDC2","4c"
0.3256491067753,0.260492514774435,0.65,0.654,1,"GRCh38-B4GALT2","B4GALT2","4c"
0.160941581433746,0.260288441487298,0.301,0.257,1,"GRCh38-S1PR3","S1PR3","4c"
0.804303267082564,0.260194883735521,0.699,0.726,1,"GRCh38-HMGN4","HMGN4","4c"
0.350579394774699,0.26014479808098,0.631,0.679,1,"GRCh38-IMPDH1","IMPDH1","4c"
0.112412472307135,0.260102756093919,0.709,0.688,1,"GRCh38-TERF2","TERF2","4c"
0.0565661781436684,0.260051475768292,0.417,0.355,1,"GRCh38-ARL17B","ARL17B","4c"
0.105838199528578,0.259959175775241,0.252,0.201,1,"GRCh38-ENSG00000261684","ENSG00000261684","4c"
0.00435933761065545,-0.259950854888817,0.621,0.738,1,"GRCh38-WDR54","WDR54","4c"
0.00403720489355709,-0.259747435924723,0.777,0.883,1,"GRCh38-SCPEP1","SCPEP1","4c"
0.000729535689053504,0.259711294057686,0.699,0.618,1,"GRCh38-PGP","PGP","4c"
0.00043132319540695,0.259672057999103,0.214,0.109,1,"GRCh38-DRC3","DRC3","4c"
0.0389817511475692,0.259671606601048,0.233,0.169,1,"GRCh38-C10orf90","C10orf90","4c"
0.121003163792671,0.259652121386322,0.379,0.32,1,"GRCh38-PABPC1L","PABPC1L","4c"
0.000759999618820667,0.259554435965913,0.243,0.137,1,"GRCh38-ALDH4A1","ALDH4A1","4c"
0.000385491826457638,0.259542123147027,0.32,0.193,1,"GRCh38-UNC119B","UNC119B","4c"
0.0184318325330553,0.259493967353482,0.126,0.07,1,"GRCh38-ENSG00000230623","ENSG00000230623","4c"
0.0957673685066906,0.259456757159371,0.563,0.534,1,"GRCh38-PEX13","PEX13","4c"
0.0695035261461873,0.259436253993131,0.67,0.637,1,"GRCh38-INPP1","INPP1","4c"
0.705851751265245,0.25938242845164,0.699,0.778,1,"GRCh38-STX12","STX12","4c"
0.00507554168632597,0.259286385896396,0.388,0.283,1,"GRCh38-GEMIN4","GEMIN4","4c"
0.00360685134021415,-0.259263054867156,0.019,0.108,1,"GRCh38-RAMP3","RAMP3","4c"
0.121731263270687,0.259197482792092,0.767,0.799,1,"GRCh38-ID1","ID1","4c"
0.599767508900706,0.259143455913667,0.311,0.297,1,"GRCh38-KIAA0825","KIAA0825","4c"
0.0519158164583039,0.259123280764792,0.553,0.534,1,"GRCh38-EIF4EBP2","EIF4EBP2","4c"
0.0378441661373235,0.259097747270044,0.67,0.634,1,"GRCh38-ETAA1","ETAA1","4c"
0.000339172554348056,-0.259018154820275,0.699,0.851,1,"GRCh38-MRPL47","MRPL47","4c"
0.00398071194009504,0.259005871258016,0.379,0.26,1,"GRCh38-NUDT15","NUDT15","4c"
0.00733938646247711,0.259004109986037,0.33,0.231,1,"GRCh38-HSD17B7","HSD17B7","4c"
0.154562519432606,0.258954513449899,0.291,0.25,1,"GRCh38-AZIN2","AZIN2","4c"
0.00835829711211298,-0.258941615029289,0.252,0.369,1,"GRCh38-LMF1","LMF1","4c"
0.00433097716088835,0.258935741374015,0.563,0.418,1,"GRCh38-GORAB","GORAB","4c"
0.0137259440831672,0.258818421433404,0.35,0.256,1,"GRCh38-SPHK1","SPHK1","4c"
0.952579008956451,0.258760624542779,0.728,0.82,1,"GRCh38-TRAP1","TRAP1","4c"
0.163896921220536,0.258678462590468,0.534,0.483,1,"GRCh38-BBS1","BBS1","4c"
0.823061928926967,0.258654576677624,0.32,0.33,1,"GRCh38-UBBP4","UBBP4","4c"
0.449378047406112,0.258654541197175,0.728,0.791,1,"GRCh38-IRAK1","IRAK1","4c"
0.631113748305494,0.258637041486852,0.388,0.418,1,"GRCh38-SRXN1","SRXN1","4c"
0.000696576861621246,-0.258630662941128,0.223,0.111,1,"GRCh38-ENSG00000289530","ENSG00000289530","4c"
0.000215695949213017,0.258511890936097,0.301,0.174,1,"GRCh38-KIAA0513","KIAA0513","4c"
0.234278728604491,0.258483481354039,0.835,0.933,1,"GRCh38-MTPN","MTPN","4c"
0.0003190277729657,0.258478864849796,0.272,0.152,1,"GRCh38-SNN","SNN","4c"
0.000238545349129651,-0.258448357844854,0.175,0.351,1,"GRCh38-PLXNB3-AS1","PLXNB3-AS1","4c"
8.54942764479696e-05,0.258445116345552,0.204,0.095,1,"GRCh38-SLC16A4","SLC16A4","4c"
0.908180752827969,0.258412226977432,0.845,0.913,1,"GRCh38-LTBR","LTBR","4c"
0.189803253390712,0.25839015618551,0.806,0.851,1,"GRCh38-EIF2S1","EIF2S1","4c"
0.000195039529519394,0.258385515201194,0.223,0.11,1,"GRCh38-LINC02541","LINC02541","4c"
0.011008339244852,0.258384508768892,0.117,0.06,1,"GRCh38-PPEF1","PPEF1","4c"
0.294333010567607,0.258374215751567,0.175,0.144,1,"GRCh38-LINC01250","LINC01250","4c"
0.000194681269477957,-0.258273458981331,0.631,0.811,1,"GRCh38-MRPS23","MRPS23","4c"
1.82243886279174e-05,0.258233551874238,0.175,0.071,1,"GRCh38-ENSG00000246250","ENSG00000246250","4c"
0.0831881124827884,0.258202034471317,0.786,0.813,1,"GRCh38-MOB1A","MOB1A","4c"
0.00656688917998327,-0.258158588490691,0.078,0.178,1,"GRCh38-RTP4","RTP4","4c"
0.248192671289443,0.258071005296945,0.903,0.95,1,"GRCh38-ZC3H13","ZC3H13","4c"
0.000130733876440724,-0.25803976770837,0.466,0.67,1,"GRCh38-HAUS4","HAUS4","4c"
0.124440753234444,0.257998342194983,0.466,0.393,1,"GRCh38-ICA1L","ICA1L","4c"
0.00884239419004193,0.257916180332268,0.214,0.128,1,"GRCh38-SLFN12L","SLFN12L","4c"
0.00138305560721584,-0.257866486545308,0.602,0.749,1,"GRCh38-MPV17","MPV17","4c"
0.00553137657093945,0.257844110287029,0.359,0.252,1,"GRCh38-RNF103","RNF103","4c"
0.0957720150697208,0.2577872495449,0.32,0.263,1,"GRCh38-PTER","PTER","4c"
0.00139582101386062,-0.257666080235663,0.641,0.74,1,"GRCh38-RXYLT1","RXYLT1","4c"
0.0141911229469352,-0.257642845008278,0.359,0.488,1,"GRCh38-NEK10","NEK10","4c"
0.137007302360409,0.257617530977985,0.534,0.488,1,"GRCh38-ENTREP3","ENTREP3","4c"
0.00325634515716568,0.257535445947154,0.184,0.102,1,"GRCh38-LDB2","LDB2","4c"
0.0805124912663604,0.257317568199592,0.485,0.423,1,"GRCh38-ARMC6","ARMC6","4c"
0.000252722687379016,-0.257216305312007,0.136,0.3,1,"GRCh38-CSAG3","CSAG3","4c"
0.00176465071494088,-0.257176413923707,0.621,0.774,1,"GRCh38-MRPL15","MRPL15","4c"
0.0485214868933521,0.257007168163543,0.932,0.946,1,"GRCh38-SRSF3","SRSF3","4c"
0.000409841604042482,-0.25698481567538,0.786,0.904,1,"GRCh38-SCP2","SCP2","4c"
2.08007161040936e-05,0.256926097027024,0.214,0.094,1,"GRCh38-H3C10","H3C10","4c"
0.000265572119632207,0.256866407166609,0.33,0.197,1,"GRCh38-SNX11","SNX11","4c"
0.0178986587914976,0.256840919257841,0.252,0.172,1,"GRCh38-DNAH6","DNAH6","4c"
5.10424168017765e-05,0.256821926157086,0.388,0.229,1,"GRCh38-ZNF669","ZNF669","4c"
0.178501761918711,0.256804264755799,0.631,0.619,1,"GRCh38-ABCF2","ABCF2","4c"
0.0844212139278715,0.256764129528781,0.32,0.266,1,"GRCh38-TMEM268","TMEM268","4c"
0.146412344208114,0.256751075839534,0.311,0.257,1,"GRCh38-ENSG00000225339","ENSG00000225339","4c"
0.0458077145004615,0.256660070827943,0.466,0.411,1,"GRCh38-CEP41","CEP41","4c"
0.253583127081464,0.256603734469594,0.476,0.457,1,"GRCh38-ZSWIM8","ZSWIM8","4c"
0.189450472059067,0.25650990934978,0.757,0.915,1,"GRCh38-IMMP2L","IMMP2L","4c"
0.00143076542237954,-0.256505173601197,0.243,0.402,1,"GRCh38-SLC25A23","SLC25A23","4c"
2.40492921771262e-05,0.256432722621069,0.214,0.093,1,"GRCh38-PDE2A","PDE2A","4c"
0.0120770170702068,-0.256429886725779,0.641,0.77,1,"GRCh38-ACTR6","ACTR6","4c"
0.216844763629677,0.25641010869417,0.631,0.607,1,"GRCh38-RIOK2","RIOK2","4c"
0.155332168418961,0.256311498007963,0.35,0.32,1,"GRCh38-POLM","POLM","4c"
0.00184015169014074,-0.25628684213929,0.243,0.39,1,"GRCh38-HYI","HYI","4c"
0.187820291328323,0.256270391166526,0.631,0.66,1,"GRCh38-EBLN3P","EBLN3P","4c"
0.0320630147555851,0.256267385820363,0.165,0.103,1,"GRCh38-LINC00907","LINC00907","4c"
0.359682188598545,0.256196470584718,0.466,0.448,1,"GRCh38-ENSG00000279168","ENSG00000279168","4c"
1.4952441020317e-05,0.256164918820923,0.165,0.063,1,"GRCh38-ENSG00000243305","ENSG00000243305","4c"
0.00175608272504286,0.256097237151303,0.194,0.104,1,"GRCh38-RUFY1-AS1","RUFY1-AS1","4c"
0.531449162056163,0.255841921823047,0.893,0.94,1,"GRCh38-ZBTB20","ZBTB20","4c"
2.08690921234811e-05,0.255826139063144,0.136,0.048,1,"GRCh38-ENSG00000253295","ENSG00000253295","4c"
0.0111724833207708,0.25581711125659,0.34,0.245,1,"GRCh38-PI4KAP1","PI4KAP1","4c"
0.00702190128171001,-0.255714924473718,0.524,0.636,1,"GRCh38-PPP1R35","PPP1R35","4c"
4.73559144659092e-05,0.255685545988705,0.272,0.138,1,"GRCh38-ZNF28","ZNF28","4c"
0.123948884533747,0.255658909845343,0.602,0.727,1,"GRCh38-DOCK11","DOCK11","4c"
0.0160947683004027,-0.255388602957968,0.379,0.496,1,"GRCh38-MSC","MSC","4c"
0.000692534905077372,0.255340766315324,0.233,0.125,1,"GRCh38-ENSG00000289564","ENSG00000289564","4c"
5.39564861084036e-05,0.255234986509036,0.282,0.146,1,"GRCh38-ENSG00000287733","ENSG00000287733","4c"
2.95380778753267e-05,0.255224323400004,0.214,0.094,1,"GRCh38-GEMIN7-AS1","GEMIN7-AS1","4c"
0.172009707696195,0.25517791647777,0.592,0.531,1,"GRCh38-SNX18","SNX18","4c"
0.405473788327314,0.255085927746788,0.767,0.786,1,"GRCh38-SECISBP2L","SECISBP2L","4c"
0.283297043534933,0.255074954704187,0.272,0.244,1,"GRCh38-ENSG00000290762","ENSG00000290762","4c"
0.275122882937437,0.254967770838435,0.427,0.42,1,"GRCh38-SLC35A2","SLC35A2","4c"
0.054124558731055,0.254921340870456,0.718,0.687,1,"GRCh38-LGALS8","LGALS8","4c"
0.00594293931217666,0.254775934844071,0.485,0.38,1,"GRCh38-VPS11","VPS11","4c"
0.0590511230459888,0.254428003288161,0.505,0.437,1,"GRCh38-EARS2","EARS2","4c"
0.001476122688746,0.254419416980408,0.117,0.049,1,"GRCh38-SLC10A1","SLC10A1","4c"
0.887408102968856,0.25439200612988,0.883,0.953,1,"GRCh38-CDV3","CDV3","4c"
0.00067632760925846,0.254099526996684,0.214,0.111,1,"GRCh38-LINC00310","LINC00310","4c"
0.00102882205840604,-0.254076089173524,0.951,0.969,1,"GRCh38-ANP32B","ANP32B","4c"
0.00630875433295501,-0.254074976776687,0.757,0.895,1,"GRCh38-VBP1","VBP1","4c"
0.0674183581561439,0.254037740801884,0.738,0.717,1,"GRCh38-MED4","MED4","4c"
0.000532109911584144,-0.253954051527569,0.883,0.951,1,"GRCh38-DNAJC8","DNAJC8","4c"
0.00067745923856296,-0.253918957929053,0.175,0.337,1,"GRCh38-TMEM9B-AS1","TMEM9B-AS1","4c"
0.732410214497195,0.253911032189584,0.602,0.64,1,"GRCh38-APPL1","APPL1","4c"
0.000108479058640439,-0.253781481152389,0.136,0.326,1,"GRCh38-ENSG00000291132","ENSG00000291132","4c"
0.000132032965861869,-0.253771833167353,0.078,0.243,1,"GRCh38-NT5M","NT5M","4c"
0.388570320122705,0.253768229464649,0.291,0.262,1,"GRCh38-LINC01411","LINC01411","4c"
0.117040545033163,0.2537369689824,0.35,0.292,1,"GRCh38-NEK3","NEK3","4c"
0.418237228976042,0.253677989671749,0.485,0.496,1,"GRCh38-JHY","JHY","4c"
0.91467946617791,0.253660213780386,0.194,0.199,1,"GRCh38-FAM78B","FAM78B","4c"
3.71921204296793e-05,-0.253602741755408,0.485,0.713,1,"GRCh38-KCNAB2","KCNAB2","4c"
0.00911138109952276,-0.253356455594683,0.709,0.828,1,"GRCh38-NANS","NANS","4c"
0.0394357472395561,0.253266610604454,0.689,0.63,1,"GRCh38-DDX55","DDX55","4c"
0.514949411412959,0.253244290563438,0.524,0.559,1,"GRCh38-TFB2M","TFB2M","4c"
0.111785771938368,-0.253235911164094,0.272,0.203,1,"GRCh38-HLA-DRB1","HLA-DRB1","4c"
0.0029354866393869,-0.253048296524109,0.301,0.447,1,"GRCh38-ROGDI","ROGDI","4c"
0.00147743994653526,-0.253041842799744,0.612,0.736,1,"GRCh38-NMI","NMI","4c"
5.74085231312674e-05,-0.252990605583828,0.709,0.877,1,"GRCh38-CHID1","CHID1","4c"
0.072017074853721,0.252959175605071,0.136,0.089,1,"GRCh38-CYP4A22-AS1","CYP4A22-AS1","4c"
0.0513634809329639,0.252889314149262,0.573,0.501,1,"GRCh38-TSEN15","TSEN15","4c"
0.0439330540605608,0.252761174342806,0.592,0.55,1,"GRCh38-TRAPPC2","TRAPPC2","4c"
0.0280044764550817,0.252667203820811,0.204,0.14,1,"GRCh38-DDX11-AS1","DDX11-AS1","4c"
0.00115648382997506,-0.252580692348073,0.233,0.425,1,"GRCh38-ENSG00000253108","ENSG00000253108","4c"
0.00068331140904864,-0.25238184929226,0.107,0.246,1,"GRCh38-SRRM3","SRRM3","4c"
0.00357233628043748,0.252355512865178,0.398,0.284,1,"GRCh38-TICAM2","TICAM2","4c"
0.00116705264876505,-0.252316013885534,0.68,0.811,1,"GRCh38-WDR13","WDR13","4c"
0.0706763101145788,0.252305648295577,0.553,0.491,1,"GRCh38-CENPB","CENPB","4c"
0.187496227757555,0.252148615091167,0.408,0.363,1,"GRCh38-MAILR","MAILR","4c"
0.433491418872648,0.252138272036708,0.194,0.171,1,"GRCh38-KIF13A","KIF13A","4c"
0.485058631194977,0.252101154525285,0.476,0.492,1,"GRCh38-NPEPL1","NPEPL1","4c"
0.614543912614294,0.252046977506319,0.515,0.557,1,"GRCh38-PLAUR","PLAUR","4c"
0.109606555642538,0.251947419496088,0.311,0.266,1,"GRCh38-ENSG00000291299","ENSG00000291299","4c"
0.000412232460591069,-0.251884973822351,0.748,0.885,1,"GRCh38-NDUFS2","NDUFS2","4c"
0.594791913974302,0.251714509072092,0.67,0.717,1,"GRCh38-SGCB","SGCB","4c"
0.172346482266676,0.251669791641405,0.835,0.947,1,"GRCh38-NDUFAF2","NDUFAF2","4c"
0.00329656597386277,-0.251570458365659,0.621,0.768,1,"GRCh38-TPRKB","TPRKB","4c"
0.00442605120730442,0.251530122255056,0.252,0.162,1,"GRCh38-ENSG00000286803","ENSG00000286803","4c"
0.0493404715487581,0.251503656343374,0.515,0.47,1,"GRCh38-ING3","ING3","4c"
0.0506764273058612,0.251476764708273,0.728,0.669,1,"GRCh38-ACTR1A","ACTR1A","4c"
0.0717419871805174,-0.251459780409736,0.204,0.282,1,"GRCh38-PPM1E","PPM1E","4c"
0.0353008255056147,0.251457075997023,0.612,0.561,1,"GRCh38-SLC11A2","SLC11A2","4c"
0.0332900399599259,0.251456788177822,0.107,0.06,1,"GRCh38-DNAI7","DNAI7","4c"
0.000244794101985279,-0.251434181386404,0.786,0.923,1,"GRCh38-ENY2","ENY2","4c"
0.00140668804151728,-0.251382360943885,0.301,0.454,1,"GRCh38-RWDD2B","RWDD2B","4c"
0.639063792406323,0.251376690325678,0.874,0.875,1,"GRCh38-ENSG00000249413","ENSG00000249413","4c"
0.132375026279411,0.251345808885755,0.35,0.314,1,"GRCh38-CC2D1B","CC2D1B","4c"
0.090454923453848,0.251291267055549,0.699,0.689,1,"GRCh38-GTF3C3","GTF3C3","4c"
0.000116483789556164,0.251286982832639,0.252,0.132,1,"GRCh38-ENSG00000230732","ENSG00000230732","4c"
1.71354860693072e-05,0.251195432616712,0.301,0.153,1,"GRCh38-ENSG00000285692","ENSG00000285692","4c"
0.00422598403612656,0.251142066339601,0.272,0.177,1,"GRCh38-MFSD9","MFSD9","4c"
0.0671928663690926,0.251076287359667,0.476,0.423,1,"GRCh38-TMEM175","TMEM175","4c"
0.090892520966279,0.250989119605294,0.437,0.38,1,"GRCh38-TTC38","TTC38","4c"
6.59570801026266e-05,0.250913353419529,0.184,0.079,1,"GRCh38-ENSG00000270103","ENSG00000270103","4c"
0.868097560527239,0.250867929300535,0.262,0.276,1,"GRCh38-DNAH7","DNAH7","4c"
0.000239343515659574,0.250859075613383,0.243,0.122,1,"GRCh38-SCN3A","SCN3A","4c"
0.0560170518581549,0.25081746401156,0.272,0.204,1,"GRCh38-TMEM182","TMEM182","4c"
0.080478504689619,0.250739013781625,0.505,0.463,1,"GRCh38-TUBG1","TUBG1","4c"
0.0531806495756082,0.25058168760236,0.388,0.337,1,"GRCh38-AMPD2","AMPD2","4c"
0.000123279823273569,0.250549230788679,0.223,0.107,1,"GRCh38-PBX4","PBX4","4c"
0.259653080439908,0.25047036741185,0.709,0.743,1,"GRCh38-MBD4","MBD4","4c"
0.0275112326511541,0.250388753480382,0.437,0.352,1,"GRCh38-OSGEPL1","OSGEPL1","4c"
0.516135603493228,0.250367378844258,0.534,0.572,1,"GRCh38-TBCEL","TBCEL","4c"
0.000668142213307319,0.250318993475168,0.272,0.155,1,"GRCh38-ARHGEF16","ARHGEF16","4c"
0.364755581616116,0.250232637102486,0.282,0.261,1,"GRCh38-DUSP2","DUSP2","4c"
0.284800177024546,0.250188124229742,0.874,0.848,1,"GRCh38-SUPT5H","SUPT5H","4c"
0.00197252463344766,-0.25012077808857,0.359,0.505,1,"GRCh38-WIPI1","WIPI1","4c"
0.0310911089485288,0.25001822300143,0.563,0.497,1,"GRCh38-CDC23","CDC23","4c"
