"p_val","avg_log2FC","pct.1","pct.2","p_val_adj","gene","gene_symbol","cluster"
0,4.57930589772357,0.935,0.305,0,"GRCh38-TOP2A","TOP2A","10"
0,4.41677092530245,0.904,0.395,0,"GRCh38-CENPF","CENPF","10"
0,4.23262362575585,0.909,0.144,0,"GRCh38-MKI67","MKI67","10"
0,4.11283178215594,0.824,0.142,0,"GRCh38-ASPM","ASPM","10"
0,3.99621239350708,0.925,0.398,0,"GRCh38-TPX2","TPX2","10"
0,3.93801845804016,0.922,0.376,0,"GRCh38-CCNB1","CCNB1","10"
0,3.84189493550763,0.801,0.164,0,"GRCh38-UBE2C","UBE2C","10"
0,3.59403957435506,0.893,0.392,0,"GRCh38-NUSAP1","NUSAP1","10"
0,3.57458087047593,0.823,0.25,0,"GRCh38-CENPE","CENPE","10"
0,3.50721543549079,0.902,0.664,0,"GRCh38-HMGB2","HMGB2","10"
0,3.4862854679968,0.841,0.671,0,"GRCh38-H1-3","H1-3","10"
0,3.47444666380492,0.902,0.142,0,"GRCh38-BIRC5","BIRC5","10"
0,3.46502681736774,0.93,0.491,0,"GRCh38-PTTG1","PTTG1","10"
0,3.41403903846483,0.856,0.115,0,"GRCh38-CDC20","CDC20","10"
0,3.37855407695004,0.837,0.063,0,"GRCh38-DLGAP5","DLGAP5","10"
0,3.32527101783473,0.92,0.909,0,"GRCh38-H4C3","H4C3","10"
0,3.21512677872703,0.861,0.25,0,"GRCh38-PRC1","PRC1","10"
0,3.14783474430262,0.88,0.331,0,"GRCh38-PRR11","PRR11","10"
0,3.13591334819936,0.766,0.08,0,"GRCh38-HMMR","HMMR","10"
0,3.10694146080399,0.803,0.128,0,"GRCh38-KIF4A","KIF4A","10"
0,3.08065127787091,0.865,0.202,0,"GRCh38-CDKN3","CDKN3","10"
0,3.05899704085001,0.84,0.079,0,"GRCh38-CEP55","CEP55","10"
0,3.04060581043512,0.816,0.16,0,"GRCh38-ANLN","ANLN","10"
0,2.98362959872854,0.762,0.198,0,"GRCh38-AURKA","AURKA","10"
0,2.97401978244323,0.775,0.073,0,"GRCh38-GTSE1","GTSE1","10"
0,2.97186798913853,0.76,0.074,0,"GRCh38-PLK1","PLK1","10"
0,2.956299293074,0.832,0.141,0,"GRCh38-RRM2","RRM2","10"
0,2.92288188286681,0.873,0.866,0,"GRCh38-H1-2","H1-2","10"
0,2.90405457425322,0.988,0.956,0,"GRCh38-TUBA1B","TUBA1B","10"
0,2.89535055827342,0.847,0.086,0,"GRCh38-PBK","PBK","10"
0,2.82460693010615,0.778,0.134,0,"GRCh38-KIF2C","KIF2C","10"
0,2.80657483949306,0.946,0.784,0,"GRCh38-STMN1","STMN1","10"
0,2.79973217911004,0.714,0.323,0,"GRCh38-CDK1","CDK1","10"
0,2.79898221000006,0.87,0.646,0,"GRCh38-CKS2","CKS2","10"
0,2.78399734800816,0.763,0.105,0,"GRCh38-KNL1","KNL1","10"
0,2.77479222391427,0.79,0.127,0,"GRCh38-NCAPG","NCAPG","10"
0,2.76758543564011,0.75,0.073,0,"GRCh38-DEPDC1","DEPDC1","10"
0,2.75540902734569,0.785,0.066,0,"GRCh38-CCNA2","CCNA2","10"
0,2.73747212060502,0.715,0.073,0,"GRCh38-KIF14","KIF14","10"
0,2.73167942913406,0.947,0.839,0,"GRCh38-UBE2S","UBE2S","10"
0,2.71758668681916,0.741,0.191,0,"GRCh38-NDC80","NDC80","10"
0,2.70859962845782,0.797,0.386,0,"GRCh38-KIF20B","KIF20B","10"
0,2.70600466643375,0.829,0.198,0,"GRCh38-TYMS","TYMS","10"
0,2.69714580855266,0.861,0.522,0,"GRCh38-KPNA2","KPNA2","10"
0,2.69590282375289,0.753,0.091,0,"GRCh38-NUF2","NUF2","10"
0,2.67300512666141,0.755,0.157,0,"GRCh38-DIAPH3","DIAPH3","10"
0,2.64180540898328,0.835,0.163,0,"GRCh38-TK1","TK1","10"
0,2.63739959010972,0.715,0.082,0,"GRCh38-CDCA8","CDCA8","10"
0,2.59834173889697,0.964,0.946,0,"GRCh38-H2AZ1","H2AZ1","10"
0,2.59810195689301,0.955,0.889,0,"GRCh38-TUBB4B","TUBB4B","10"
0,2.58220507897852,0.748,0.554,0,"GRCh38-H2AC20","H2AC20","10"
0,2.54379927348154,0.839,0.427,0,"GRCh38-CKS1B","CKS1B","10"
0,2.54230166957406,0.732,0.229,0,"GRCh38-SGO2","SGO2","10"
0,2.53645636318707,0.846,0.786,0,"GRCh38-H1-4","H1-4","10"
0,2.53445846164354,0.837,0.212,0,"GRCh38-CENPW","CENPW","10"
0,2.52865656943601,0.48,0.053,0,"GRCh38-H2AC14","H2AC14","10"
0,2.51912900871544,0.901,0.753,0,"GRCh38-SMC4","SMC4","10"
0,2.51579928082749,0.91,0.544,0,"GRCh38-PCLAF","PCLAF","10"
0,2.51155255709384,0.767,0.252,0,"GRCh38-KIF23","KIF23","10"
0,2.50458700457778,0.817,0.18,0,"GRCh38-CCNB2","CCNB2","10"
0,2.49112324477085,0.861,0.878,0,"GRCh38-ARL6IP1","ARL6IP1","10"
0,2.49048228356709,0.788,0.268,0,"GRCh38-TACC3","TACC3","10"
0,2.4896520640223,0.809,0.244,0,"GRCh38-KIF11","KIF11","10"
0,2.48847958542405,0.738,0.09,0,"GRCh38-TTK","TTK","10"
0,2.47969962413408,0.71,0.06,0,"GRCh38-CKAP2L","CKAP2L","10"
0,2.44700684237437,0.826,0.399,0,"GRCh38-ECT2","ECT2","10"
0,2.43996498964049,0.763,0.097,0,"GRCh38-BUB1","BUB1","10"
0,2.42926634496363,0.96,0.958,0,"GRCh38-TUBA1C","TUBA1C","10"
0,2.40412596725032,0.706,0.054,0,"GRCh38-SPC25","SPC25","10"
0,2.37906436143298,0.615,0.065,0,"GRCh38-H3C2","H3C2","10"
0,2.37238531430857,0.698,0.139,0,"GRCh38-CDCA2","CDCA2","10"
0,2.36629391354126,0.962,0.955,0,"GRCh38-HMGN2","HMGN2","10"
0,2.36077372534211,0.74,0.097,0,"GRCh38-BUB1B","BUB1B","10"
0,2.35870657674124,0.811,0.308,0,"GRCh38-MAD2L1","MAD2L1","10"
0,2.33206226386135,0.574,0.128,0,"GRCh38-H3C4","H3C4","10"
0,2.30490765690065,0.688,0.084,0,"GRCh38-AURKB","AURKB","10"
0,2.29642028974237,0.768,0.098,0,"GRCh38-MYBL2","MYBL2","10"
0,2.28162301304029,0.733,0.099,0,"GRCh38-CIT","CIT","10"
0,2.2725747804926,0.527,0.118,0,"GRCh38-H2AC12","H2AC12","10"
0,2.26378459902525,0.761,0.074,0,"GRCh38-SHCBP1","SHCBP1","10"
0,2.26157391314329,0.694,0.075,0,"GRCh38-KIF15","KIF15","10"
0,2.24969574078103,0.789,0.23,0,"GRCh38-LMNB1","LMNB1","10"
0,2.23974754951359,0.797,0.524,0,"GRCh38-H2AX","H2AX","10"
0,2.23969932503831,0.766,0.326,0,"GRCh38-CENPK","CENPK","10"
0,2.23857762998583,0.677,0.056,0,"GRCh38-KIFC1","KIFC1","10"
0,2.23020445773354,0.757,0.262,0,"GRCh38-KIF22","KIF22","10"
0,2.22861042943998,0.903,0.634,0,"GRCh38-ANP32E","ANP32E","10"
0,2.2239220094803,0.63,0.06,0,"GRCh38-ESCO2","ESCO2","10"
0,2.20567422059843,0.742,0.086,0,"GRCh38-TROAP","TROAP","10"
0,2.19588515385953,0.676,0.035,0,"GRCh38-KIF20A","KIF20A","10"
0,2.18706268483094,0.712,0.07,0,"GRCh38-SGO1","SGO1","10"
0,2.15209396747895,0.872,0.561,0,"GRCh38-RRM1","RRM1","10"
0,2.15006318200651,0.692,0.188,0,"GRCh38-DEPDC1B","DEPDC1B","10"
0,2.14838820879733,0.876,0.626,0,"GRCh38-TMPO","TMPO","10"
0,2.13363760248744,0.687,0.108,0,"GRCh38-RAD51AP1","RAD51AP1","10"
0,2.13006585479654,0.769,0.369,0,"GRCh38-BRCA2","BRCA2","10"
0,2.11935453849138,0.818,0.33,0,"GRCh38-TRIP13","TRIP13","10"
0,2.11177779265063,0.703,0.173,0,"GRCh38-MELK","MELK","10"
0,2.10702929888588,0.771,0.485,0,"GRCh38-PCNA","PCNA","10"
0,2.0776921652676,0.749,0.372,0,"GRCh38-ATAD2","ATAD2","10"
0,2.07746970539545,0.849,0.399,0,"GRCh38-CENPH","CENPH","10"
0,2.06820240979121,0.701,0.1,0,"GRCh38-ZWINT","ZWINT","10"
0,2.06552983213811,0.611,0.104,0,"GRCh38-CLSPN","CLSPN","10"
0,2.05144030201751,0.667,0.079,0,"GRCh38-CDCA5","CDCA5","10"
0,2.04944972543266,0.841,0.614,0,"GRCh38-SMC2","SMC2","10"
0,2.04850714185692,0.681,0.065,0,"GRCh38-NCAPH","NCAPH","10"
0,2.04515137831338,0.848,0.647,0,"GRCh38-DTYMK","DTYMK","10"
0,2.03899432717285,0.738,0.133,0,"GRCh38-CENPU","CENPU","10"
0,2.03668784272585,0.988,0.985,0,"GRCh38-TUBB","TUBB","10"
0,2.03068516240115,0.828,0.459,0,"GRCh38-NCAPD2","NCAPD2","10"
0,2.03064701802438,0.907,0.794,0,"GRCh38-HMGB3","HMGB3","10"
0,2.02596796705574,0.639,0.038,0,"GRCh38-CDCA3","CDCA3","10"
0,2.0134597248217,0.598,0.097,0,"GRCh38-FAM83D","FAM83D","10"
0,2.01180908008,0.513,0.126,0,"GRCh38-H2AC17","H2AC17","10"
0,2.0082592496913,0.996,0.99,0,"GRCh38-HMGB1","HMGB1","10"
0,1.99566310630977,0.758,0.278,0,"GRCh38-FANCI","FANCI","10"
0,1.99499681098354,0.703,0.168,0,"GRCh38-ARHGAP11A","ARHGAP11A","10"
0,1.98854110952346,0.788,0.273,0,"GRCh38-CENPN","CENPN","10"
0,1.98167205697588,0.897,0.72,0,"GRCh38-FABP5","FABP5","10"
0,1.97897405690578,0.68,0.348,0,"GRCh38-KIF18A","KIF18A","10"
0,1.96983203843812,0.611,0.084,0,"GRCh38-NEIL3","NEIL3","10"
0,1.96919721087237,0.528,0.041,0,"GRCh38-KIF18B","KIF18B","10"
0,1.9682831886838,0.781,0.373,0,"GRCh38-PHF19","PHF19","10"
0,1.96246638389262,0.751,0.489,0,"GRCh38-UBE2T","UBE2T","10"
0,1.95267067280655,0.753,0.459,0,"GRCh38-CKAP2","CKAP2","10"
0,1.94212871334644,0.731,0.223,0,"GRCh38-NCAPG2","NCAPG2","10"
0,1.93460604928681,0.711,0.285,0,"GRCh38-BRCA1","BRCA1","10"
0,1.93376562290092,0.699,0.246,0,"GRCh38-CENPA","CENPA","10"
0,1.93182223860145,0.951,0.956,0,"GRCh38-DEK","DEK","10"
0,1.93139211517178,0.676,0.185,0,"GRCh38-ORC6","ORC6","10"
0,1.92911575639769,0.925,0.897,0,"GRCh38-RANBP1","RANBP1","10"
0,1.9290564055126,0.62,0.322,0,"GRCh38-FBXO5","FBXO5","10"
0,1.91899410688887,0.846,0.601,0,"GRCh38-SFN","SFN","10"
0,1.9188960175799,0.591,0.16,0,"GRCh38-CCNF","CCNF","10"
0,1.91398346495142,0.868,0.716,0,"GRCh38-TUBB6","TUBB6","10"
0,1.90164852727493,0.729,0.171,0,"GRCh38-MND1","MND1","10"
0,1.90061493950492,0.707,0.141,0,"GRCh38-CENPM","CENPM","10"
0,1.8997806640861,0.588,0.045,0,"GRCh38-CDC25C","CDC25C","10"
0,1.89449308195165,0.621,0.1,0,"GRCh38-CENPI","CENPI","10"
0,1.86431725791522,0.751,0.501,0,"GRCh38-DBF4","DBF4","10"
0,1.8630295777417,0.804,0.545,0,"GRCh38-ALYREF","ALYREF","10"
0,1.85375935302766,0.761,0.377,0,"GRCh38-SPDL1","SPDL1","10"
0,1.85221635028937,0.907,0.898,0,"GRCh38-RAD21","RAD21","10"
0,1.84384816639738,0.654,0.213,0,"GRCh38-GAS2L3","GAS2L3","10"
0,1.84339893012804,0.581,0.039,0,"GRCh38-HJURP","HJURP","10"
0,1.83366617974478,0.77,0.439,0,"GRCh38-DHFR","DHFR","10"
0,1.83272500951198,0.683,0.3,0,"GRCh38-ATAD5","ATAD5","10"
0,1.82874081161287,0.488,0.071,0,"GRCh38-H2AC11","H2AC11","10"
0,1.82268965936261,0.617,0.029,0,"GRCh38-NEK2","NEK2","10"
0,1.81431060501214,0.72,0.191,0,"GRCh38-RACGAP1","RACGAP1","10"
0,1.80500753684443,0.522,0.188,0,"GRCh38-ENSG00000290886","ENSG00000290886","10"
0,1.80428284182624,0.771,0.498,0,"GRCh38-NCAPD3","NCAPD3","10"
0,1.8037305911693,0.839,0.607,0,"GRCh38-DDX39A","DDX39A","10"
0,1.79742387461619,0.655,0.225,0,"GRCh38-FEN1","FEN1","10"
0,1.79238080949579,0.73,0.108,0,"GRCh38-FOXM1","FOXM1","10"
0,1.79135244343671,0.687,0.18,0,"GRCh38-CIP2A","CIP2A","10"
0,1.7889382070762,0.884,0.837,0,"GRCh38-CKAP5","CKAP5","10"
0,1.78440552298223,0.611,0.037,0,"GRCh38-PIMREG","PIMREG","10"
0,1.7732991348418,0.672,0.332,0,"GRCh38-CENPP","CENPP","10"
0,1.76054413497869,0.69,0.338,0,"GRCh38-HELLS","HELLS","10"
0,1.74787813554713,0.62,0.173,0,"GRCh38-INCENP","INCENP","10"
0,1.73284395902471,0.796,0.572,0,"GRCh38-DNAJC9","DNAJC9","10"
0,1.72052181016498,0.872,0.791,0,"GRCh38-RPA3","RPA3","10"
0,1.71345898295789,0.614,0.085,0,"GRCh38-ASF1B","ASF1B","10"
0,1.69902906510004,0.802,0.564,0,"GRCh38-RFC3","RFC3","10"
0,1.69285974066844,0.664,0.232,0,"GRCm39-S100a8","S100a8","10"
0,1.67540202987236,0.77,0.503,0,"GRCh38-GMNN","GMNN","10"
0,1.67261967707918,0.571,0.064,0,"GRCh38-PKMYT1","PKMYT1","10"
0,1.66657712065424,0.9,0.913,0,"GRCh38-H2AZ2","H2AZ2","10"
0,1.65777592466518,0.667,0.233,0,"GRCm39-S100a9","S100a9","10"
0,1.65710465356041,0.761,0.447,0,"GRCh38-VRK1","VRK1","10"
0,1.6507033175709,0.686,0.27,0,"GRCh38-KNSTRN","KNSTRN","10"
0,1.65025705104984,0.846,0.751,0,"GRCh38-DNMT1","DNMT1","10"
0,1.64810315497612,0.576,0.176,0,"GRCh38-BRIP1","BRIP1","10"
0,1.64397280182593,0.878,0.866,0,"GRCh38-EXOSC8","EXOSC8","10"
0,1.63401569453796,0.54,0.073,0,"GRCh38-POLQ","POLQ","10"
0,1.63038940475552,0.685,0.397,0,"GRCh38-CCDC18","CCDC18","10"
0,1.62560592274453,0.776,0.461,0,"GRCh38-GGH","GGH","10"
0,1.62559511582194,0.841,0.796,0,"GRCh38-USP1","USP1","10"
0,1.62509802908067,0.267,0.066,0,"GRCh38-KRT6A","KRT6A","10"
0,1.623317716835,0.84,0.637,0,"GRCh38-CCDC34","CCDC34","10"
0,1.62036569735275,0.583,0.147,0,"GRCh38-STIL","STIL","10"
0,1.6100757424328,0.655,0.178,0,"GRCm39-Hmgb1","Hmgb1","10"
0,1.60923280486581,0.567,0.21,0,"GRCh38-C21orf58","C21orf58","10"
0,1.58913002618777,0.753,0.563,0,"GRCh38-LBR","LBR","10"
0,1.58566451047353,0.66,0.234,0,"GRCm39-Fth1","Fth1","10"
0,1.58420429743106,0.989,0.989,0,"GRCh38-HNRNPA2B1","HNRNPA2B1","10"
0,1.58227327324501,0.766,0.483,0,"GRCh38-MCM7","MCM7","10"
0,1.57897121102696,0.728,0.502,0,"GRCh38-TMEM106C","TMEM106C","10"
0,1.57568893046348,0.724,0.436,0,"GRCh38-CHEK1","CHEK1","10"
0,1.57488458299083,0.637,0.041,0,"GRCh38-SPAG5","SPAG5","10"
0,1.5731089624564,0.707,0.372,0,"GRCh38-MCM4","MCM4","10"
0,1.56966044889264,0.923,0.904,0,"GRCh38-CYCS","CYCS","10"
0,1.56619507611151,0.722,0.512,0,"GRCh38-CENPJ","CENPJ","10"
0,1.56298864280912,0.674,0.301,0,"GRCh38-GPSM2","GPSM2","10"
0,1.56143372392106,0.816,0.531,0,"GRCh38-NUDT1","NUDT1","10"
0,1.55982207523819,0.551,0.119,0,"GRCh38-MXD3","MXD3","10"
0,1.55854674876387,0.823,0.603,0,"GRCh38-MAGOHB","MAGOHB","10"
0,1.55822900738781,0.814,0.679,0,"GRCh38-SKA2","SKA2","10"
0,1.55577619997016,0.797,0.601,0,"GRCh38-PGP","PGP","10"
0,1.54753342237252,0.684,0.285,0,"GRCh38-PARPBP","PARPBP","10"
0,1.54742903813517,0.574,0.154,0,"GRCh38-GINS2","GINS2","10"
0,1.54023179275769,0.72,0.482,0,"GRCh38-EZH2","EZH2","10"
0,1.53890708136246,0.648,0.374,0,"GRCh38-CEP128","CEP128","10"
0,1.53379107642525,0.445,0.022,0,"GRCh38-H3C8","H3C8","10"
0,1.52424719054208,0.653,0.269,0,"GRCh38-E2F7","E2F7","10"
0,1.51296381242385,0.492,0.167,0,"GRCh38-HCCS-DT","HCCS-DT","10"
0,1.51270544149082,0.643,0.138,0,"GRCh38-FANCD2","FANCD2","10"
0,1.50806713350215,0.945,0.946,0,"GRCh38-SRSF3","SRSF3","10"
0,1.49665308490652,0.707,0.337,0,"GRCh38-PRIM1","PRIM1","10"
0,1.48755771493564,0.525,0.167,0,"GRCh38-ARHGAP11B","ARHGAP11B","10"
0,1.48527334035826,0.326,0.028,0,"GRCh38-PIF1","PIF1","10"
0,1.48090232138809,0.536,0.217,0,"GRCh38-H4C5","H4C5","10"
0,1.47827771116056,0.748,0.455,0,"GRCh38-CTNNAL1","CTNNAL1","10"
0,1.46644431095924,0.73,0.435,0,"GRCh38-ACAT2","ACAT2","10"
0,1.46153994199051,0.874,0.864,0,"GRCh38-LSM5","LSM5","10"
0,1.46012610109476,0.962,0.979,0,"GRCh38-NUCKS1","NUCKS1","10"
0,1.45869926574657,0.641,0.226,0,"GRCm39-Saa3","Saa3","10"
0,1.45833817484126,0.865,0.763,0,"GRCh38-LRRC59","LRRC59","10"
0,1.45618833971803,0.882,0.8,0,"GRCh38-CSE1L","CSE1L","10"
0,1.45507660273395,0.733,0.531,0,"GRCh38-DYNC2I2","DYNC2I2","10"
0,1.4471835233508,0.479,0.074,0,"GRCh38-ENSG00000227598","ENSG00000227598","10"
0,1.44458481259157,0.979,0.98,0,"GRCh38-CCT5","CCT5","10"
0,1.43519708652252,0.565,0.04,0,"GRCh38-IQGAP3","IQGAP3","10"
0,1.43508129462745,0.627,0.241,0,"GRCh38-MASTL","MASTL","10"
0,1.43356918060376,0.621,0.241,0,"GRCh38-CHAF1A","CHAF1A","10"
0,1.43091632878017,0.687,0.354,0,"GRCh38-LRR1","LRR1","10"
0,1.42900249321545,0.779,0.592,0,"GRCh38-TCOF1","TCOF1","10"
0,1.42547147335796,0.359,0.066,0,"GRCh38-FAM111B","FAM111B","10"
0,1.42485122439405,0.788,0.612,0,"GRCh38-TIMM10","TIMM10","10"
0,1.4243501324641,0.753,0.423,0,"GRCh38-BCL2L12","BCL2L12","10"
0,1.41597974002231,0.57,0.235,0,"GRCh38-FANCA","FANCA","10"
0,1.40766504974703,0.812,0.701,0,"GRCh38-PPIH","PPIH","10"
0,-1.40608794444626,0.413,0.81,0,"GRCh38-SELENOP","SELENOP","10"
0,1.40347638237392,0.601,0.045,0,"GRCh38-APOBEC3B","APOBEC3B","10"
0,1.4030844861713,0.867,0.783,0,"GRCh38-YWHAH","YWHAH","10"
0,1.39882017982075,0.562,0.172,0,"GRCh38-GINS1","GINS1","10"
0,1.39744759366868,0.197,0.014,0,"GRCh38-H1-1","H1-1","10"
0,1.39237468070645,0.642,0.276,0,"GRCh38-LIG1","LIG1","10"
0,1.39152472437796,0.588,0.043,0,"GRCh38-SKA1","SKA1","10"
0,1.39133444329389,0.462,0.144,0,"GRCh38-H2AC8","H2AC8","10"
0,1.38983487217254,0.692,0.277,0,"GRCh38-LMNB2","LMNB2","10"
0,1.38666390735232,0.549,0.114,0,"GRCh38-CDC6","CDC6","10"
0,1.38120769584507,0.695,0.443,0,"GRCh38-RFC2","RFC2","10"
0,1.3782817423042,0.69,0.311,0,"GRCh38-MZT1","MZT1","10"
0,1.37821618755608,0.591,0.212,0,"GRCm39-Srgn","Srgn","10"
0,1.37739604430922,0.956,0.979,0,"GRCh38-PTGES3","PTGES3","10"
0,1.36355982892506,0.738,0.503,0,"GRCh38-RANGAP1","RANGAP1","10"
0,1.36107095312677,0.676,0.444,0,"GRCh38-CDCA4","CDCA4","10"
0,1.36024172638581,0.573,0.072,0,"GRCh38-SPC24","SPC24","10"
0,1.35967703749874,0.757,0.607,0,"GRCh38-TTF2","TTF2","10"
0,1.35365385257804,0.747,0.548,0,"GRCh38-TMEM97","TMEM97","10"
0,1.3529678561906,0.676,0.406,0,"GRCh38-CNTRL","CNTRL","10"
0,1.34710208295056,0.551,0.155,0,"GRCh38-FANCB","FANCB","10"
0,1.34611730844423,0.514,0.097,0,"GRCh38-DTL","DTL","10"
0,1.34516252427872,0.639,0.199,0,"GRCh38-CDT1","CDT1","10"
0,1.34318201428643,0.604,0.213,0,"GRCm39-Cxcl2","Cxcl2","10"
0,1.34028410264297,0.627,0.224,0,"GRCm39-Malat1","Malat1","10"
0,1.33717919206252,0.65,0.342,0,"GRCh38-KMT5A","KMT5A","10"
0,1.33604690200339,0.581,0.212,0,"GRCm39-Actb","Actb","10"
0,1.3343759039843,0.668,0.362,0,"GRCh38-RFC4","RFC4","10"
0,1.33338744191481,0.541,0.198,0,"GRCh38-PSRC1","PSRC1","10"
0,1.32793766647942,0.571,0.203,0,"GRCm39-Il1b","Il1b","10"
0,1.32603334510594,0.612,0.31,0,"GRCh38-BARD1","BARD1","10"
0,1.32301569632645,0.549,0.046,0,"GRCh38-SKA3","SKA3","10"
0,1.32226091463146,0.707,0.35,0,"GRCh38-MIS18A","MIS18A","10"
0,1.31703532169864,0.689,0.441,0,"GRCh38-TUBG1","TUBG1","10"
0,1.30538752753133,0.482,0.094,0,"GRCh38-NRGN","NRGN","10"
0,1.30124329052305,0.555,0.204,0,"GRCm39-Ifitm1","Ifitm1","10"
0,1.30097423845688,0.826,0.699,0,"GRCh38-SAE1","SAE1","10"
0,1.29828620882361,0.549,0.071,0,"GRCh38-PLK4","PLK4","10"
0,-1.29539057773145,0.428,0.807,0,"GRCh38-SNED1","SNED1","10"
0,1.287119916627,0.384,0.032,0,"GRCh38-H3C7","H3C7","10"
0,1.28466700265341,0.529,0.085,0,"GRCh38-BLM","BLM","10"
0,1.27972426384525,0.574,0.212,0,"GRCm39-Tmsb4x","Tmsb4x","10"
0,1.27257913364875,0.546,0.198,0,"GRCm39-Wfdc17","Wfdc17","10"
0,-1.26723181575827,0.615,0.908,0,"GRCh38-MMP2","MMP2","10"
0,1.25485972429089,0.558,0.118,0,"GRCh38-RTKN2","RTKN2","10"
0,1.25375558144982,0.632,0.368,0,"GRCh38-GEN1","GEN1","10"
0,1.25206097538425,0.472,0.068,0,"GRCh38-MCM10","MCM10","10"
0,1.25166951537912,0.632,0.356,0,"GRCh38-CEP152","CEP152","10"
0,1.23519066902771,0.573,0.197,0,"GRCh38-MCM8","MCM8","10"
0,1.23206738751101,0.452,0.093,0,"GRCh38-H2BC9","H2BC9","10"
0,1.227479569992,0.529,0.183,0,"GRCm39-Retnlg","Retnlg","10"
0,1.22706316379246,0.608,0.285,0,"GRCh38-DSN1","DSN1","10"
0,1.22604084035667,0.595,0.237,0,"GRCh38-KNTC1","KNTC1","10"
0,1.22519819824879,0.572,0.237,0,"GRCh38-RPL39L","RPL39L","10"
0,1.22417712862056,0.677,0.24,0,"GRCh38-ZWILCH","ZWILCH","10"
0,1.21128825694505,0.652,0.376,0,"GRCh38-CENPQ","CENPQ","10"
0,1.20754603507791,0.365,0.067,0,"GRCh38-H2AC15","H2AC15","10"
0,1.20580438227598,0.569,0.098,0,"GRCh38-POC1A","POC1A","10"
0,1.20254007196337,0.805,0.674,0,"GRCh38-ACTL6A","ACTL6A","10"
0,1.20184914606294,0.549,0.201,0,"GRCm39-Fau","Fau","10"
0,1.20107877664817,0.565,0.168,0,"GRCh38-HAUS8","HAUS8","10"
0,1.20011409441595,0.562,0.183,0,"GRCh38-C5orf34","C5orf34","10"
0,1.19910555742503,0.523,0.191,0,"GRCm39-Actg1","Actg1","10"
0,1.19556326684215,0.537,0.195,0,"GRCm39-S100a6","S100a6","10"
0,-1.19279835261008,0.394,0.793,0,"GRCh38-LINC02615","LINC02615","10"
0,1.1871732239339,0.619,0.288,0,"GRCh38-NDC1","NDC1","10"
0,1.1834389321065,0.478,0.118,0,"GRCh38-DBF4B","DBF4B","10"
0,1.17405339567794,0.563,0.071,0,"GRCh38-OIP5","OIP5","10"
0,-1.16596947679975,0.721,0.944,0,"GRCh38-ABCC3","ABCC3","10"
0,1.15881111018018,0.689,0.434,0,"GRCh38-CENPS","CENPS","10"
0,1.15122549414967,0.533,0.192,0,"GRCm39-Ftl1","Ftl1","10"
0,1.1488872475796,0.451,0.066,0,"GRCh38-CDC45","CDC45","10"
0,1.14820848347055,0.448,0.061,0,"GRCh38-EXO1","EXO1","10"
0,1.1372780003762,0.485,0.126,0,"GRCh38-CCDC150","CCDC150","10"
0,1.13441837223367,0.598,0.305,0,"GRCh38-HIRIP3","HIRIP3","10"
0,1.12268376069342,0.41,0.071,0,"GRCh38-E2F8","E2F8","10"
0,1.12184247792247,0.52,0.188,0,"GRCm39-Cd14","Cd14","10"
0,1.12057991792373,0.406,0.041,0,"GRCh38-H3C3","H3C3","10"
0,1.11447908007829,0.584,0.281,0,"GRCh38-REEP4","REEP4","10"
0,1.11405570506488,0.515,0.115,0,"GRCh38-XRCC2","XRCC2","10"
0,1.11225295134084,0.545,0.174,0,"GRCh38-MNS1","MNS1","10"
0,1.11205958678976,0.452,0.047,0,"GRCh38-SAPCD2","SAPCD2","10"
0,1.11161200130924,0.504,0.185,0,"GRCm39-Ifitm2","Ifitm2","10"
0,1.11093385848203,0.473,0.059,0,"GRCh38-ERCC6L","ERCC6L","10"
0,1.10979361419522,0.539,0.112,0,"GRCh38-GINS4","GINS4","10"
0,1.1094604049682,0.536,0.201,0,"GRCh38-POLA2","POLA2","10"
0,1.10801515334083,0.586,0.275,0,"GRCh38-WDHD1","WDHD1","10"
0,1.10688435795866,0.543,0.189,0,"GRCm39-Ctss","Ctss","10"
0,1.10614196536019,0.515,0.193,0,"GRCm39-H3f3b","H3f3b","10"
0,1.09980316285988,0.558,0.143,0,"GRCh38-TYMSOS","TYMSOS","10"
0,1.09851793212549,0.481,0.113,0,"GRCh38-PSMC3IP","PSMC3IP","10"
0,1.09627773633476,0.685,0.457,0,"GRCh38-EMC9","EMC9","10"
0,1.09417256118696,0.621,0.349,0,"GRCh38-SASS6","SASS6","10"
0,1.09125086646138,0.658,0.386,0,"GRCh38-SPA17","SPA17","10"
0,1.09091529057365,0.651,0.359,0,"GRCh38-CDCA7L","CDCA7L","10"
0,1.08997895246758,0.495,0.204,0,"GRCh38-CDKN2D","CDKN2D","10"
0,1.08722054224223,0.507,0.148,0,"GRCh38-DNA2","DNA2","10"
0,1.0852951480962,0.538,0.222,0,"GRCh38-OAS3","OAS3","10"
0,1.08317903489392,0.516,0.163,0,"GRCh38-ZGRF1","ZGRF1","10"
0,1.08007378162901,0.479,0.045,0,"GRCh38-DDIAS","DDIAS","10"
0,1.07936557717193,0.601,0.286,0,"GRCh38-NCAPH2","NCAPH2","10"
0,-1.07245288188419,0.294,0.719,0,"GRCh38-CD24","CD24","10"
0,1.07142314380931,0.481,0.183,0,"GRCm39-Apoe","Apoe","10"
0,-1.06966771492928,0.836,0.981,0,"GRCh38-APOE","APOE","10"
0,1.06829068279255,0.524,0.195,0,"GRCm39-Tpt1","Tpt1","10"
0,1.06523140268109,0.473,0.172,0,"GRCm39-Gapdh","Gapdh","10"
0,1.05973969308291,0.509,0.102,0,"GRCh38-TEDC1","TEDC1","10"
0,1.05792421506908,0.458,0.088,0,"GRCh38-TCF19","TCF19","10"
0,1.05393891299262,0.539,0.195,0,"GRCh38-CENPL","CENPL","10"
0,1.05197125815481,0.495,0.177,0,"GRCm39-Lcn2","Lcn2","10"
0,1.04988960345711,0.549,0.21,0,"GRCh38-MCM5","MCM5","10"
0,1.046645353095,0.574,0.193,0,"GRCm39-Cmss1","Cmss1","10"
0,-1.04025341229261,0.264,0.654,0,"GRCh38-SAMD11","SAMD11","10"
0,1.03701753622807,0.567,0.238,0,"GRCh38-SLC25A10","SLC25A10","10"
0,1.03251975561642,0.222,0.048,0,"GRCh38-HHIP","HHIP","10"
0,1.03100714042755,0.447,0.07,0,"GRCh38-ARHGEF39","ARHGEF39","10"
0,1.02678326192285,0.379,0.121,0,"GRCh38-UBASH3B","UBASH3B","10"
0,1.02023740549794,0.531,0.215,0,"GRCh38-LIN9","LIN9","10"
0,1.01887209190775,0.584,0.247,0,"GRCh38-RFC5","RFC5","10"
0,1.00488683323312,0.553,0.19,0,"GRCh38-CENPO","CENPO","10"
0,1.00231960385928,0.47,0.169,0,"GRCm39-Il1r2","Il1r2","10"
0,0.994019789951069,0.567,0.186,0,"GRCh38-TIMELESS","TIMELESS","10"
0,0.993340838395612,0.569,0.29,0,"GRCh38-RNF26","RNF26","10"
0,0.988924238230536,0.47,0.172,0,"GRCm39-Fcer1g","Fcer1g","10"
0,0.985492197940439,0.427,0.069,0,"GRCh38-WDR62","WDR62","10"
0,0.979926229768601,0.447,0.166,0,"GRCm39-Ifitm3","Ifitm3","10"
0,0.974326682645126,0.492,0.13,0,"GRCh38-UHRF1","UHRF1","10"
0,0.973370799819509,0.524,0.196,0,"GRCh38-POLE2","POLE2","10"
0,0.970744184075934,0.478,0.167,0,"GRCh38-RNASEH2A","RNASEH2A","10"
0,0.970262627542574,0.461,0.117,0,"GRCh38-CCDC15","CCDC15","10"
0,0.966602559229754,0.531,0.216,0,"GRCh38-POLE","POLE","10"
0,0.959433126196128,0.487,0.177,0,"GRCm39-Rps14","Rps14","10"
0,0.957906426067904,0.494,0.169,0,"GRCh38-CHRNA5","CHRNA5","10"
0,-0.95590273877668,0.556,0.855,0,"GRCh38-SNHG18","SNHG18","10"
0,0.955798389953049,0.31,0.021,0,"GRCh38-H2AC4","H2AC4","10"
0,0.953363444818251,0.466,0.153,0,"GRCh38-WDR76","WDR76","10"
0,0.951182250736512,0.482,0.173,0,"GRCm39-Tyrobp","Tyrobp","10"
0,0.946814877900976,0.403,0.064,0,"GRCh38-TICRR","TICRR","10"
0,0.942035175129534,0.296,0.027,0,"GRCh38-H2AC13","H2AC13","10"
0,-0.94041331991898,0.679,0.935,0,"GRCh38-F10","F10","10"
0,-0.940358148682942,0.35,0.717,0,"GRCh38-FAM20C","FAM20C","10"
0,0.939569540078304,0.374,0.051,0,"GRCh38-CCNB3","CCNB3","10"
0,0.938311748067398,0.462,0.163,0,"GRCm39-Cstdc4","Cstdc4","10"
0,0.926558038098669,0.405,0.036,0,"GRCh38-ESPL1","ESPL1","10"
0,0.914899267962668,0.408,0.083,0,"GRCh38-H2BC4","H2BC4","10"
0,0.913264763761713,0.44,0.078,0,"GRCh38-MTFR2","MTFR2","10"
0,0.90855120796237,0.454,0.166,0,"GRCm39-Fxyd5","Fxyd5","10"
0,0.908403883622699,0.544,0.269,0,"GRCh38-DDX11","DDX11","10"
0,0.907385599934862,0.354,0.054,0,"GRCh38-H4C4","H4C4","10"
0,0.891279038447908,0.314,0.026,0,"GRCh38-H2BC7","H2BC7","10"
0,0.890390527472637,0.463,0.171,0,"GRCm39-Eef1a1","Eef1a1","10"
0,0.886660950868025,0.441,0.162,0,"GRCm39-B2m","B2m","10"
0,0.885646583498007,0.456,0.167,0,"GRCm39-mt-Co1","mt-Co1","10"
0,-0.883204066904647,0.244,0.611,0,"GRCh38-STAC2","STAC2","10"
0,0.882443038588181,0.268,0.013,0,"GRCh38-H2BC3","H2BC3","10"
0,0.881594586665974,0.432,0.155,0,"GRCm39-Prdx5","Prdx5","10"
0,0.878720709635367,0.547,0.233,0,"GRCh38-NUDT15","NUDT15","10"
0,-0.876640831463848,0.724,0.914,0,"GRCh38-PCOLCE","PCOLCE","10"
0,-0.871425639225968,0.284,0.673,0,"GRCh38-TLE2","TLE2","10"
0,0.870551333267243,0.527,0.238,0,"GRCh38-ARHGAP19","ARHGAP19","10"
0,0.85731799566881,0.432,0.096,0,"GRCh38-KIF24","KIF24","10"
0,0.851827359452818,0.414,0.076,0,"GRCh38-MYBL1","MYBL1","10"
0,0.84864980969668,0.435,0.158,0,"GRCm39-Cstdc5","Cstdc5","10"
0,0.846151549065143,0.447,0.164,0,"GRCm39-Lyz2","Lyz2","10"
0,0.844245772887719,0.337,0.044,0,"GRCh38-H2AC7","H2AC7","10"
0,-0.841841326904162,0.499,0.825,0,"GRCh38-CTSF","CTSF","10"
0,0.836674726490036,0.44,0.154,0,"GRCh38-MCM2","MCM2","10"
0,0.829869217886964,0.453,0.14,0,"GRCh38-C1orf112","C1orf112","10"
0,0.827193268921013,0.427,0.071,0,"GRCh38-RAD51","RAD51","10"
0,0.815064373651309,0.448,0.161,0,"GRCm39-Rps16","Rps16","10"
0,0.814318468064296,0.442,0.129,0,"GRCh38-DSCC1","DSCC1","10"
0,0.812875670389581,0.391,0.081,0,"GRCh38-RAD54L","RAD54L","10"
0,0.812466692630209,0.421,0.054,0,"GRCh38-RECQL4","RECQL4","10"
0,0.812210364466698,0.273,0.069,0,"GRCh38-NRP2","NRP2","10"
0,0.811132471475204,0.435,0.155,0,"GRCm39-Ctsb","Ctsb","10"
0,-0.809017446643259,0.593,0.901,0,"GRCh38-SEZ6L2","SEZ6L2","10"
0,0.804482246129061,0.453,0.159,0,"GRCm39-Rpl41","Rpl41","10"
0,0.800484198353376,0.486,0.203,0,"GRCh38-CDC7","CDC7","10"
0,0.792416509253556,0.339,0.071,0,"GRCh38-H3C10","H3C10","10"
0,0.790506778813202,0.501,0.186,0,"GRCh38-CDK2","CDK2","10"
0,0.783850186033854,0.424,0.147,0,"GRCm39-Stfa2l1","Stfa2l1","10"
0,0.78189967488673,0.436,0.155,0,"GRCm39-Rps9","Rps9","10"
0,0.775105219713644,0.458,0.121,0,"GRCh38-ZNF695","ZNF695","10"
0,0.774773394261535,0.353,0.081,0,"GRCh38-H4C8","H4C8","10"
0,-0.771628957665621,0.85,0.979,0,"GRCh38-TGFBI","TGFBI","10"
0,0.771485580767109,0.343,0.08,0,"GRCh38-E2F1","E2F1","10"
0,0.767631545155164,0.427,0.068,0,"GRCh38-TRAIP","TRAIP","10"
0,0.753088346501578,0.483,0.204,0,"GRCh38-SUV39H2","SUV39H2","10"
0,0.738691887548003,0.469,0.173,0,"GRCh38-DCK","DCK","10"
0,0.736701943041885,0.442,0.169,0,"GRCh38-CHAC2","CHAC2","10"
0,0.71601887774328,0.509,0.212,0,"GRCh38-SCARA3","SCARA3","10"
0,0.715709032852859,0.4,0.138,0,"GRCh38-TEX30","TEX30","10"
0,0.715494892146957,0.373,0.079,0,"GRCh38-RAD54B","RAD54B","10"
0,0.707847997912307,0.386,0.139,0,"GRCh38-FAM110A","FAM110A","10"
0,0.705933231070922,0.42,0.15,0,"GRCm39-Rps29","Rps29","10"
0,0.698033712811831,0.372,0.07,0,"GRCh38-SUV39H1","SUV39H1","10"
0,0.685901535742606,0.382,0.082,0,"GRCh38-ORC1","ORC1","10"
0,0.679542559819706,0.382,0.044,0,"GRCh38-EME1","EME1","10"
0,0.673775786368787,0.434,0.139,0,"GRCh38-FANCG","FANCG","10"
0,0.647719184834732,0.393,0.131,0,"GRCh38-FIGNL1","FIGNL1","10"
0,0.627786571893238,0.325,0.082,0,"GRCh38-BORA","BORA","10"
0,0.62373061946097,0.278,0.046,0,"GRCh38-H2BC12","H2BC12","10"
0,0.616287927822578,0.35,0.069,0,"GRCh38-AUNIP","AUNIP","10"
0,0.614765839189778,0.395,0.118,0,"GRCh38-C4orf46","C4orf46","10"
0,0.611257193935746,0.245,0.018,0,"GRCh38-H2BC10","H2BC10","10"
0,0.604476106518576,0.371,0.07,0,"GRCh38-CHTF18","CHTF18","10"
0,0.597584103911991,0.377,0.124,0,"GRCh38-TAF5","TAF5","10"
0,0.580525370063913,0.302,0.058,0,"GRCh38-TEDC2","TEDC2","10"
0,0.577788744024696,0.258,0.025,0,"GRCh38-H2AC21","H2AC21","10"
0,0.575897642024081,0.367,0.085,0,"GRCh38-C18orf54","C18orf54","10"
0,0.571864647669954,0.213,0.034,0,"GRCh38-NEURL1B","NEURL1B","10"
0,0.569785368684957,0.26,0.039,0,"GRCh38-H2BC18","H2BC18","10"
0,0.557967915267026,0.332,0.09,0,"GRCh38-IGFLR1","IGFLR1","10"
0,0.543975766143412,0.287,0.063,0,"GRCh38-H2BC11","H2BC11","10"
0,0.543150472938493,0.327,0.069,0,"GRCh38-REXO5","REXO5","10"
0,0.542267640657468,0.32,0.063,0,"GRCh38-HROB","HROB","10"
0,0.539825664992131,0.27,0.034,0,"GRCh38-ENSG00000289194","ENSG00000289194","10"
0,0.53454668927049,0.242,0.01,0,"GRCh38-H2BC17","H2BC17","10"
0,0.52188807282495,0.303,0.076,0,"GRCh38-H3C12","H3C12","10"
0,0.519551499157628,0.27,0.061,0,"GRCh38-CDC25A","CDC25A","10"
0,0.496749073936727,0.302,0.061,0,"GRCh38-ENSG00000197332","ENSG00000197332","10"
0,0.494135597419074,0.308,0.059,0,"GRCh38-TMPO-AS1","TMPO-AS1","10"
0,0.482809094095616,0.276,0.061,0,"GRCh38-ZNF367","ZNF367","10"
0,0.463242930239161,0.269,0.065,0,"GRCh38-H2BC21","H2BC21","10"
0,0.458674084923792,0.267,0.024,0,"GRCh38-RDM1","RDM1","10"
0,0.454526548988289,0.281,0.073,0,"GRCh38-ZNF726","ZNF726","10"
0,0.425258402645156,0.242,0.034,0,"GRCm39-Hmgb3","Hmgb3","10"
0,0.400248738053647,0.237,0.046,0,"GRCh38-ASRGL1","ASRGL1","10"
0,0.381450683306949,0.19,0.019,0,"GRCh38-H3C1","H3C1","10"
0,0.377594029464903,0.196,0.029,0,"GRCh38-H2BC8","H2BC8","10"
0,0.36348829014638,0.211,0.032,0,"GRCh38-FAM72B","FAM72B","10"
0,0.352905157386072,0.195,0.012,0,"GRCh38-FAM72D","FAM72D","10"
0,0.318559807696758,0.182,0.018,0,"GRCh38-ENSG00000285730","ENSG00000285730","10"
0,0.307724656036451,0.145,0.008,0,"GRCh38-H2BC13","H2BC13","10"
0,0.293209108101107,0.187,0.015,0,"GRCh38-HASPIN","HASPIN","10"
0,0.292401477813525,0.169,0.01,0,"GRCh38-ENSG00000289357","ENSG00000289357","10"
0,0.283911169542099,0.139,0.012,0,"GRCh38-H4C9","H4C9","10"
0,0.255680842992063,0.144,0.014,0,"GRCh38-GPR19","GPR19","10"
2.96439387504748e-323,1.54952755372981,0.84,0.785,2.14331605953683e-318,"GRCh38-NSD2","NSD2","10"
7.90505033345994e-321,0.835334729491752,0.505,0.234,5.71550949209821e-316,"GRCh38-WRAP53","WRAP53","10"
1.42093279743943e-320,1.45173719325366,0.865,0.857,1.02736283120465e-315,"GRCh38-LSM3","LSM3","10"
3.60371482076605e-320,-1.38461905572353,0.727,0.913,2.60555788971027e-315,"GRCh38-MGP","MGP","10"
4.81022312791038e-320,0.847613137532835,0.447,0.169,3.47788752594176e-315,"GRCm39-Rplp1","Rplp1","10"
9.18665661877214e-320,1.03974153323007,0.652,0.413,6.64213646850463e-315,"GRCh38-PARP2","PARP2","10"
1.41194080268511e-319,0.536745756419912,0.346,0.113,1.02086143915739e-314,"GRCh38-ENSG00000280206","ENSG00000280206","10"
2.65619572517171e-319,0.887786572914331,0.427,0.155,1.92048263321365e-314,"GRCm39-Mcl1","Mcl1","10"
1.76918978988e-318,0.825570227781937,0.421,0.152,1.27915960187904e-313,"GRCm39-Nfkbia","Nfkbia","10"
2.26088392062121e-318,0.796360094599194,0.43,0.159,1.63466429228755e-313,"GRCm39-Rps12","Rps12","10"
6.07836118371694e-318,0.347090293115016,0.149,0.022,4.39477670305102e-313,"GRCh38-ENSG00000286456","ENSG00000286456","10"
7.10281618168168e-318,0.718812594538137,0.319,0.096,5.13547815567949e-313,"GRCh38-ACOX2","ACOX2","10"
1.35631691601372e-317,-0.812084178460838,0.78,0.951,9.80644256616242e-313,"GRCh38-TXNIP","TXNIP","10"
1.88171027632647e-317,1.3171295402851,0.944,0.951,1.36051416398957e-312,"GRCh38-HNRNPA3","HNRNPA3","10"
2.29761177260176e-317,-0.850562946196576,0.442,0.795,1.66121926382652e-312,"GRCh38-AHRR","AHRR","10"
4.13360220219337e-317,0.770614896385296,0.432,0.159,2.98867706422985e-312,"GRCm39-Rpl23","Rpl23","10"
4.2461544076543e-316,0.865919017984782,0.43,0.159,3.07005455982222e-311,"GRCm39-Eif1","Eif1","10"
4.60967150688485e-316,0.816333726179973,0.426,0.157,3.33288469290789e-311,"GRCm39-mt-Co3","mt-Co3","10"
8.72059302284579e-315,0.755827189318939,0.421,0.154,6.30516316737797e-310,"GRCm39-Rps8","Rps8","10"
2.00815032519857e-314,0.935061772239719,0.564,0.302,1.45193284812507e-309,"GRCh38-C9orf40","C9orf40","10"
4.83296408817534e-314,1.54996829558765,0.955,0.971,3.49432969503253e-309,"GRCh38-TPM3","TPM3","10"
5.81700680877486e-314,1.66966831992359,0.711,0.52,4.2058122628804e-309,"GRCh38-FAM111A","FAM111A","10"
2.1203652629716e-313,1.44389441356388,0.925,0.914,1.53306649243373e-308,"GRCh38-CALM1","CALM1","10"
5.84456193066143e-313,0.90314330593014,0.418,0.152,4.22573516710683e-308,"GRCm39-Cebpb","Cebpb","10"
6.14134024532178e-313,1.15446155947699,0.67,0.435,4.44031182417255e-308,"GRCh38-ICMT","ICMT","10"
1.06414111644784e-312,1.8229869785502,0.947,0.95,7.69395310014117e-308,"GRCh38-JPT1","JPT1","10"
1.76471776272018e-312,1.34346601939333,0.72,0.451,1.27592623680194e-307,"GRCh38-EPB41L2","EPB41L2","10"
4.19171954086815e-312,1.16903127837346,0.427,0.162,3.03069706243849e-307,"GRCh38-DPYSL3","DPYSL3","10"
4.28858792814955e-312,1.11541149501845,0.839,0.662,3.10073484381069e-307,"GRCm39-Lars2","Lars2","10"
2.25760997944629e-311,0.783217639409822,0.491,0.223,1.63229716733926e-306,"GRCh38-CEP72","CEP72","10"
3.40901481101484e-311,0.875812188659094,0.3,0.088,2.46478588865995e-306,"GRCh38-CCNE2","CCNE2","10"
4.10636902544691e-311,0.734456859925763,0.445,0.184,2.96898693277863e-306,"GRCh38-XRCC3","XRCC3","10"
6.6920022475218e-311,0.744236304583229,0.401,0.142,4.83845146500321e-306,"GRCm39-Lgals3","Lgals3","10"
1.43611267234791e-310,1.41127047470411,0.924,0.909,1.03833818436098e-305,"GRCh38-TCP1","TCP1","10"
5.51779340211032e-310,-0.89011236683039,0.367,0.701,3.9894749855938e-305,"GRCh38-ENPP2","ENPP2","10"
6.5635473903095e-310,0.936123204114821,0.443,0.169,4.74557603414157e-305,"GRCm39-C1qa","C1qa","10"
7.95520973528758e-310,0.597376268996646,0.363,0.126,5.75177574280763e-305,"GRCh38-ZNF684","ZNF684","10"
1.10406812894564e-309,0.952963748966461,0.637,0.38,7.98263338590277e-305,"GRCh38-NUP205","NUP205","10"
2.33779103768891e-309,0.808595713615598,0.41,0.147,1.69026967606984e-304,"GRCm39-Hilpda","Hilpda","10"
5.57431137348712e-309,0.394702312077643,0.189,0.037,4.03033860925866e-304,"GRCh38-H4C16","H4C16","10"
4.69225711189984e-308,0.716105032361009,0.41,0.148,3.39259573704582e-303,"GRCm39-Rplp2","Rplp2","10"
2.77976148489146e-307,1.31138632414029,0.805,0.644,2.00982314880622e-302,"GRCh38-COX20","COX20","10"
1.30239570142966e-306,1.62656805373347,0.943,0.97,9.41658140047669e-302,"GRCh38-SNRPB","SNRPB","10"
2.33812696963455e-306,0.665251532156934,0.379,0.129,1.69051256158518e-301,"GRCm39-Chil3","Chil3","10"
6.03783832688172e-306,0.671209253451536,0.395,0.14,4.36547786710202e-301,"GRCm39-Vim","Vim","10"
8.16599266033516e-306,0.696245740240184,0.396,0.141,5.90417601327553e-301,"GRCm39-Mt1","Mt1","10"
3.01899681978458e-305,0.726754388034245,0.4,0.143,2.18279508064065e-300,"GRCm39-H3f3a","H3f3a","10"
1.10503740578504e-304,0.760448085861794,0.398,0.142,7.98964145130696e-300,"GRCm39-Clec4d","Clec4d","10"
6.1052820625075e-304,0.686753870275942,0.399,0.144,4.41424103683417e-299,"GRCm39-Rpl37","Rpl37","10"
1.46563710750589e-303,1.55984140249198,0.969,0.977,1.05968494146891e-298,"GRCh38-RAN","RAN","10"
3.24447001302834e-303,0.650728329204902,0.335,0.11,2.34581670881975e-298,"GRCh38-ENSG00000262003","ENSG00000262003","10"
6.95158568284918e-303,1.31724865725528,0.796,0.669,5.02613548041361e-298,"GRCh38-PSMG3","PSMG3","10"
8.23138895232128e-302,1.55618467146664,0.373,0.128,5.95145884030733e-297,"GRCh38-KRT5","KRT5","10"
9.53361216990187e-302,0.66527595511595,0.395,0.141,6.89299227108245e-297,"GRCm39-Rps27","Rps27","10"
1.47147577093839e-301,1.43941234956558,0.827,0.743,1.06390641190388e-296,"GRCh38-BUB3","BUB3","10"
1.54179616344404e-301,0.76828229132199,0.411,0.153,1.11474946209331e-296,"GRCm39-Rpl13","Rpl13","10"
1.16228368387854e-300,0.730962619504038,0.416,0.154,8.40354349117865e-296,"GRCm39-Rpl32","Rpl32","10"
1.6531192111253e-300,0.797625312437995,0.401,0.145,1.19523825202782e-295,"GRCm39-Ubc","Ubc","10"
5.9743846998358e-300,0.681951278108976,0.395,0.142,4.31959962567528e-295,"GRCm39-Rpl28","Rpl28","10"
9.67711456004651e-300,1.20774914706329,0.828,0.738,6.99674736920483e-295,"GRCh38-DAZAP1","DAZAP1","10"
1.14964454380863e-298,0.752910360760321,0.395,0.141,8.31215998064514e-294,"GRCm39-Ccrl2","Ccrl2","10"
3.64586446270492e-298,-0.877839371282567,0.707,0.93,2.63603292382491e-293,"GRCh38-CCDC102B","CCDC102B","10"
1.46517885876378e-297,-0.692973349872193,0.809,0.971,1.05935361846339e-292,"GRCh38-TFPI","TFPI","10"
8.06151018371905e-297,0.272322146208161,0.146,0.022,5.82863309303255e-292,"GRCh38-E2F2","E2F2","10"
1.36908844635025e-296,0.663310362365739,0.396,0.143,9.89878328480159e-292,"GRCm39-Rpl18a","Rpl18a","10"
2.56837702458875e-295,0.733036895582309,0.391,0.14,1.85698795631816e-290,"GRCm39-Alox5ap","Alox5ap","10"
4.86639775125192e-295,1.14397312603207,0.652,0.403,3.51850290211016e-290,"GRCh38-ATAD3A","ATAD3A","10"
7.29200539031405e-294,1.19452157458811,0.834,0.743,5.27226573730486e-289,"GRCh38-POLE3","POLE3","10"
1.93725401188113e-293,1.27361196387455,0.825,0.729,1.40067339567029e-288,"GRCh38-SNRPA1","SNRPA1","10"
4.66639188410551e-293,0.597391822044428,0.367,0.127,3.37389466004597e-288,"GRCm39-Rpl36","Rpl36","10"
1.30384496378132e-292,1.40352600193828,0.918,0.939,9.4270598571317e-288,"GRCh38-SNRPF","SNRPF","10"
1.62619105576266e-292,0.78313858843386,0.399,0.146,1.17576865713752e-287,"GRCm39-Junb","Junb","10"
4.03711233925458e-292,0.716417587942191,0.377,0.132,2.91891296352784e-287,"GRCm39-Plek","Plek","10"
5.81216637767628e-292,0.84890870893159,0.605,0.361,4.2023125343875e-287,"GRCh38-RHNO1","RHNO1","10"
8.79581021255653e-292,1.49291612513533,0.889,0.9,6.35954669988262e-287,"GRCh38-LSM4","LSM4","10"
2.00826293988216e-291,0.739101591807651,0.385,0.138,1.4520142707936e-286,"GRCm39-Lcp1","Lcp1","10"
4.35949431282833e-291,0.615548822516219,0.416,0.166,3.15200157806114e-286,"GRCh38-CHAF1B","CHAF1B","10"
4.81270592577284e-291,0.710213602455532,0.375,0.133,3.47968263845228e-286,"GRCm39-Ldha","Ldha","10"
8.50725036838639e-291,0.951429759134461,0.679,0.468,6.15091216135073e-286,"GRCh38-COQ2","COQ2","10"
1.18289436418905e-290,1.06017238832839,0.487,0.221,8.55256283195968e-286,"GRCh38-BMAL2","BMAL2","10"
1.66360543006718e-290,0.687667527524473,0.403,0.149,1.20281999804717e-285,"GRCm39-Rpl27a","Rpl27a","10"
2.67813849871607e-290,1.25881683742165,0.544,0.261,1.9363476973417e-285,"GRCh38-SDC1","SDC1","10"
3.66173571292467e-290,0.607941866167134,0.379,0.135,2.6475081551588e-285,"GRCm39-Rpl37a","Rpl37a","10"
4.32378726623461e-290,0.632236753532764,0.38,0.135,3.12618466923295e-285,"GRCm39-mt-Co2","mt-Co2","10"
6.38031874426925e-290,0.614840414397667,0.355,0.12,4.61309805848155e-285,"GRCm39-Wfdc21","Wfdc21","10"
9.84381687731027e-290,0.703034235475567,0.399,0.147,7.11727647863287e-285,"GRCm39-Rps20","Rps20","10"
2.75871221027033e-289,0.68211662010525,0.398,0.147,1.99460410226965e-284,"GRCm39-mt-Atp6","mt-Atp6","10"
1.52212365726863e-288,1.17079337352906,0.702,0.491,1.10052584667836e-283,"GRCh38-C3orf14","C3orf14","10"
2.48965386165688e-288,-1.20617131270922,0.316,0.651,1.80006953505516e-283,"GRCh38-BEX1","BEX1","10"
3.03607336669011e-288,0.748363114875429,0.398,0.148,2.19514176558429e-283,"GRCm39-Hp","Hp","10"
5.2171774098097e-288,-0.701027956825533,0.711,0.934,3.77212361084061e-283,"GRCh38-NABP1","NABP1","10"
6.949808989005e-288,1.09183517270739,0.545,0.283,5.02485089523039e-283,"GRCh38-POLR3G","POLR3G","10"
9.54083427205476e-288,0.549623159079351,0.335,0.109,6.89821399538103e-283,"GRCm39-Stfa2","Stfa2","10"
2.55736363438685e-287,0.505680220262686,0.223,0.055,1.84902505493438e-282,"GRCh38-TMEM18-DT","TMEM18-DT","10"
4.28321823993856e-287,0.916305663149088,0.404,0.15,3.09685245184038e-282,"GRCm39-Ier3","Ier3","10"
7.34283775464718e-287,0.795996466681568,0.509,0.251,5.30901855336501e-282,"GRCh38-POLD1","POLD1","10"
1.29701882926844e-286,1.38659001150284,0.876,0.872,9.37770553937669e-282,"GRCh38-SSRP1","SSRP1","10"
9.11006273618706e-286,0.665172087791815,0.39,0.143,6.58675755951797e-281,"GRCm39-Rpl10a","Rpl10a","10"
9.73176801465838e-286,1.46518212087904,0.918,0.945,7.0362629099583e-281,"GRCh38-SNRPG","SNRPG","10"
1.82960377141933e-285,1.1597366012663,0.77,0.648,1.32284011881161e-280,"GRCh38-POP7","POP7","10"
1.99307611608826e-285,0.597596561385342,0.378,0.136,1.44103389345414e-280,"GRCm39-Rps23","Rps23","10"
2.71345300660842e-285,0.676555078200384,0.365,0.127,1.96188079283802e-280,"GRCm39-Mxd1","Mxd1","10"
3.33386840091734e-285,-0.85096865604039,0.189,0.526,2.41045353123125e-280,"GRCh38-DEPTOR","DEPTOR","10"
6.45291522290543e-285,0.631926100544466,0.388,0.142,4.66558676446508e-280,"GRCm39-Rps19","Rps19","10"
7.44463651875221e-285,1.18064774736887,0.779,0.636,5.38262109578822e-280,"GRCh38-BOLA3","BOLA3","10"
1.27227587636428e-284,0.659651233259072,0.374,0.133,9.19880904128901e-280,"GRCm39-Cd52","Cd52","10"
1.38411223221158e-284,0.715301280621396,0.374,0.133,1.00074082613362e-279,"GRCm39-Pkm","Pkm","10"
5.90070525034389e-284,0.941850513535064,0.682,0.476,4.26632791010364e-279,"GRCh38-GRK6","GRK6","10"
1.22796431359525e-283,0.642309979756095,0.381,0.138,8.87842758015635e-279,"GRCm39-Rps13","Rps13","10"
3.10809266888562e-283,0.694515319753385,0.375,0.134,2.24721316145768e-278,"GRCm39-Cyba","Cyba","10"
3.48236792521597e-283,1.22508284024975,0.819,0.718,2.51782165728965e-278,"GRCh38-UFD1","UFD1","10"
5.18428147455611e-283,1.49240860849208,0.891,0.906,3.74833919173356e-278,"GRCh38-NASP","NASP","10"
5.96303046695651e-283,0.678346902041736,0.391,0.144,4.31139028821889e-278,"GRCm39-Rps15","Rps15","10"
6.76784482561013e-283,-0.642090620970798,0.332,0.662,4.89328716581264e-278,"GRCh38-CALCOCO1","CALCOCO1","10"
9.96484114518915e-283,0.683785617157953,0.386,0.141,7.20477944479466e-278,"GRCm39-Rps10","Rps10","10"
1.01633457570934e-282,1.77950630109154,0.411,0.158,7.3483022492937e-278,"GRCh38-KRT14","KRT14","10"
1.21389812861747e-282,1.03926097223686,0.543,0.281,8.77672624953006e-278,"GRCh38-CSRP2","CSRP2","10"
4.3108683433426e-282,0.697956717260055,0.396,0.147,3.11684402960357e-277,"GRCm39-Rpl19","Rpl19","10"
5.06947460685471e-282,0.261264455379329,0.194,0.041,3.66533153024809e-277,"GRCh38-ERFE","ERFE","10"
6.566469037462e-282,-0.865213776473651,0.321,0.701,4.74768844346578e-277,"GRCh38-AGT","AGT","10"
7.42918767069286e-282,1.56547000711189,0.945,0.959,5.37145126966435e-277,"GRCh38-HNRNPAB","HNRNPAB","10"
1.09130155211678e-281,1.43182864507735,0.891,0.889,7.89032848211477e-277,"GRCh38-PSMC3","PSMC3","10"
1.18360302478149e-281,0.567330216004195,0.349,0.12,8.5576865897751e-277,"GRCm39-Rpl38","Rpl38","10"
1.44707677846588e-281,1.21742472534112,0.601,0.36,1.0462654523664e-276,"GRCh38-BRI3BP","BRI3BP","10"
3.39082312268223e-280,0.644280821901996,0.381,0.139,2.45163293416171e-275,"GRCm39-Rps11","Rps11","10"
3.42269678438872e-280,0.670863741598383,0.439,0.191,2.47467822904874e-275,"GRCh38-FAAP24","FAAP24","10"
3.45411965059958e-280,0.687676754826305,0.389,0.144,2.49739758977651e-275,"GRCm39-Rpl8","Rpl8","10"
3.61468587339345e-280,1.2775504896113,0.906,0.914,2.61349018018093e-275,"GRCh38-ILF2","ILF2","10"
3.76662266374994e-280,1.5127166151743,0.818,0.704,2.72334351834448e-275,"GRCh38-LYAR","LYAR","10"
7.54398496478175e-280,0.706059002238116,0.401,0.151,5.4544520092365e-275,"GRCm39-Rpl13a","Rpl13a","10"
4.78021410472012e-279,-1.02805758305164,0.289,0.63,3.45619040199474e-274,"GRCh38-PLAC8","PLAC8","10"
1.3338271466224e-278,1.31395921253538,0.735,0.565,9.64383703550927e-274,"GRCh38-SNRNP25","SNRNP25","10"
2.38864484064235e-278,1.03370487857006,0.647,0.411,1.72703799268123e-273,"GRCh38-DCPS","DCPS","10"
3.62877817081286e-278,0.664707518273657,0.372,0.135,2.62367919306111e-273,"GRCm39-Ifi27l2a","Ifi27l2a","10"
1.09905873039948e-277,0.532882503715765,0.336,0.113,7.94641443253431e-273,"GRCm39-Spp1","Spp1","10"
1.19175888381965e-277,1.01925032599586,0.66,0.412,8.61665508179284e-273,"GRCh38-NET1","NET1","10"
1.40234222463281e-277,2.28468831750359,0.774,0.569,1.01392147525401e-272,"GRCh38-S100A2","S100A2","10"
1.16866594461023e-276,1.19997145391904,0.674,0.469,8.44968851272086e-272,"GRCh38-CEP135","CEP135","10"
1.83589807884647e-276,0.540404307347155,0.355,0.124,1.32739102896758e-271,"GRCm39-Rpl34","Rpl34","10"
2.04497948063405e-276,1.32169941431989,0.927,0.952,1.47856106408803e-271,"GRCh38-HNRNPR","HNRNPR","10"
2.08967558446869e-276,0.746545550224256,0.509,0.255,1.51087724108255e-271,"GRCh38-TMEM19","TMEM19","10"
2.64887533094868e-276,-1.21311450175074,0.686,0.875,1.91518984178252e-271,"GRCh38-CARD16","CARD16","10"
3.29441825008587e-276,1.49552818426206,0.906,0.918,2.38193028317709e-271,"GRCh38-CACYBP","CACYBP","10"
1.27129714074994e-275,1.58842331116912,0.831,0.775,9.19173258705024e-271,"GRCh38-CENPX","CENPX","10"
3.10873325237706e-275,0.681350440771598,0.375,0.136,2.24767631613366e-270,"GRCm39-Atp6v0c","Atp6v0c","10"
5.74454671455846e-275,1.08002415551328,0.765,0.637,4.15342216556006e-270,"GRCh38-RAD1","RAD1","10"
6.58725093278904e-275,0.51606346513036,0.342,0.116,4.76271416942513e-270,"GRCm39-Rps25","Rps25","10"
1.4713208472216e-274,1.09441616060838,0.67,0.458,1.06379439895816e-269,"GRCh38-CEP78","CEP78","10"
2.7551737712392e-274,0.896682374639143,0.608,0.352,1.99204574008137e-269,"GRCh38-EFCAB11","EFCAB11","10"
1.00186943383378e-273,0.949382905185628,0.597,0.355,7.24371638050499e-269,"GRCh38-CCP110","CCP110","10"
6.51140270582986e-273,0.726010599766101,0.367,0.132,4.70787438436911e-268,"GRCm39-Aldoa","Aldoa","10"
1.39593011254484e-271,0.601300858006036,0.366,0.132,1.00928538997217e-266,"GRCm39-Rpl17","Rpl17","10"
7.08785063048232e-271,-1.10319673102448,0.273,0.611,5.12465776285133e-266,"GRCh38-KLRC2","KLRC2","10"
9.66915029948872e-271,0.550854750984164,0.352,0.123,6.99098904953633e-266,"GRCm39-Rpl35a","Rpl35a","10"
2.24564655020985e-269,0.56430020385677,0.36,0.129,1.62364736873272e-264,"GRCm39-Rps21","Rps21","10"
2.56988725007161e-269,0.596806145370528,0.363,0.131,1.85807987954677e-264,"GRCm39-Rpl6","Rpl6","10"
1.58773814000702e-268,1.01714584378763,0.67,0.473,1.14796642998788e-263,"GRCh38-SUN2","SUN2","10"
1.69461419370552e-268,0.59377675158044,0.358,0.129,1.22523995433296e-263,"GRCm39-Rps3","Rps3","10"
1.81496402518618e-268,0.535201363929119,0.35,0.123,1.31225528949011e-263,"GRCm39-Rps26","Rps26","10"
3.4915701374728e-268,0.56616738961675,0.346,0.121,2.52447504079558e-263,"GRCm39-Ptma","Ptma","10"
4.93608641345996e-267,1.24237670967854,0.747,0.572,3.56888919865982e-262,"GRCh38-ACOT7","ACOT7","10"
9.10015793892235e-267,0.544636819819721,0.355,0.126,6.57959619299964e-262,"GRCm39-Rpl39","Rpl39","10"
2.04840363938054e-266,0.560889611896757,0.344,0.12,1.48103679934492e-261,"GRCm39-Rps15a","Rps15a","10"
2.24710789528248e-266,0.61666199347178,0.344,0.12,1.62470395044714e-261,"GRCm39-Mif","Mif","10"
4.12022572870205e-266,0.60024611617776,0.441,0.196,2.97900560636615e-261,"GRCh38-UBL7-DT","UBL7-DT","10"
8.62066452502081e-266,1.28390808772707,0.885,0.854,6.23291286488055e-261,"GRCh38-PSMD2","PSMD2","10"
1.20548937198693e-265,-0.991970063060404,0.379,0.693,8.71592925733987e-261,"GRCh38-GRIK2","GRIK2","10"
3.72642042018065e-265,-0.648038329176847,0.734,0.92,2.69427649219901e-260,"GRCh38-OOEP","OOEP","10"
4.65613917538136e-265,-0.87807544129331,0.603,0.86,3.36648174658423e-260,"GRCh38-ENSG00000259345","ENSG00000259345","10"
8.5370643437789e-265,0.64710730654179,0.37,0.136,6.17246826183902e-260,"GRCm39-Myl6","Myl6","10"
9.26766467228158e-265,1.03336421209636,0.468,0.227,6.70070691135303e-260,"GRCh38-SLC29A1","SLC29A1","10"
9.71213323956207e-265,0.518187956014526,0.327,0.11,7.02206657486817e-260,"GRCm39-Gng5","Gng5","10"
2.57537229024827e-264,-1.06492231659452,0.202,0.528,1.86204567329531e-259,"GRCh38-ENSG00000280241","ENSG00000280241","10"
3.29562617829139e-264,0.994924692721602,0.66,0.45,2.38280363942824e-259,"GRCh38-THOP1","THOP1","10"
3.98022102701226e-264,0.651884057070716,0.378,0.141,2.8777794069504e-259,"GRCm39-Rpsa","Rpsa","10"
4.4326899188114e-264,1.1092438201447,0.711,0.528,3.20492346509902e-259,"GRCh38-SKP2","SKP2","10"
5.06959623123859e-264,0.769392516423662,0.491,0.246,3.66541946711013e-259,"GRCh38-CCSAP","CCSAP","10"
5.24523703898542e-264,1.22467772137417,0.802,0.744,3.79241128392724e-259,"GRCh38-MAD2L2","MAD2L2","10"
7.00220095205619e-264,0.675440087632074,0.353,0.126,5.06273133235567e-259,"GRCm39-Pnrc1","Pnrc1","10"
7.44735805662897e-264,0.90531741711781,0.593,0.346,5.38458882210387e-259,"GRCh38-SSX2IP","SSX2IP","10"
9.46817338696186e-264,0.6099237894917,0.351,0.124,6.84567872224117e-259,"GRCm39-Pfn1","Pfn1","10"
1.04925329814585e-263,0.780286967315974,0.355,0.135,7.58631119625415e-259,"GRCh38-BAIAP2L2","BAIAP2L2","10"
1.67674049876966e-263,-0.917891521961032,0.383,0.718,1.21231691542044e-258,"GRCh38-COLEC12","COLEC12","10"
2.98523028985758e-263,0.68460633697371,0.363,0.132,2.15838120417283e-258,"GRCm39-Ifrd1","Ifrd1","10"
8.19167813239328e-263,-0.983373042786309,0.508,0.806,5.92274712328299e-258,"GRCh38-LIMCH1","LIMCH1","10"
2.09116946008381e-262,-0.698291817475014,0.511,0.823,1.5119573430298e-257,"GRCh38-CACNA2D3","CACNA2D3","10"
3.22643244595586e-262,0.277515500132608,0.213,0.053,2.332775187075e-257,"GRCh38-CORT","CORT","10"
4.34109051443359e-262,0.962447482903798,0.611,0.371,3.13869526374578e-257,"GRCh38-PPIL1","PPIL1","10"
8.00682589992292e-262,1.38437871590174,0.956,0.974,5.78909526216227e-257,"GRCh38-HNRNPD","HNRNPD","10"
1.27120761714491e-261,0.560890655616896,0.344,0.121,9.19108531348113e-257,"GRCm39-Gpx1","Gpx1","10"
1.78250746304597e-261,0.690371689734759,0.363,0.133,1.2887885459315e-256,"GRCm39-Ctsd","Ctsd","10"
5.13555303087047e-261,0.591724453220221,0.361,0.132,3.71310755237997e-256,"GRCm39-Rps27a","Rps27a","10"
1.34721262893505e-260,1.27083835679103,0.762,0.585,9.74061674972621e-256,"GRCh38-PPIF","PPIF","10"
1.76064223660791e-260,1.54253743149195,0.508,0.259,1.27297954991225e-255,"GRCh38-ARHGDIB","ARHGDIB","10"
3.29692230684953e-260,1.53862313877333,0.869,0.877,2.38374076629834e-255,"GRCh38-SMC1A","SMC1A","10"
7.79410701702961e-260,0.561801477610379,0.351,0.126,5.63529525545275e-255,"GRCm39-Rpl18","Rpl18","10"
9.01926791321315e-260,0.693482819878578,0.427,0.181,6.52111108661137e-255,"GRCh38-CDCA7","CDCA7","10"
2.10036598158013e-259,0.569272978911732,0.349,0.125,1.51860661200206e-254,"GRCm39-Rps4x","Rps4x","10"
2.35832614254845e-259,1.22642445434643,0.909,0.921,1.70511696758538e-254,"GRCh38-FBL","FBL","10"
3.55040469029757e-259,0.636994630649757,0.348,0.124,2.56701359917895e-254,"GRCm39-Litaf","Litaf","10"
7.98103374018662e-259,0.678554807758413,0.362,0.133,5.77044701482973e-254,"GRCm39-H2-D1","H2-D1","10"
1.01323769216141e-258,1.14481886754743,0.791,0.682,7.32591116186541e-254,"GRCh38-PSMG1","PSMG1","10"
1.18285303400347e-258,0.648264741223,0.354,0.128,8.5522640064519e-254,"GRCm39-Tpd52","Tpd52","10"
2.6674438914424e-258,0.635347940584438,0.365,0.135,1.92861528239068e-253,"GRCm39-Cst3","Cst3","10"
3.23638245683113e-258,-0.647380722493969,0.393,0.709,2.33996924393805e-253,"GRCh38-YPEL3","YPEL3","10"
3.26736095844763e-258,0.59930871432067,0.36,0.132,2.3623673201768e-253,"GRCm39-Rpl26","Rpl26","10"
1.25634592168273e-257,-0.855079267380838,0.572,0.818,9.0836322829505e-253,"GRCh38-MYL9","MYL9","10"
1.48712589796794e-257,0.620221334186416,0.356,0.13,1.07522176674878e-252,"GRCm39-Calm1","Calm1","10"
2.01675553414427e-257,0.874723774296073,0.59,0.354,1.45815458629699e-252,"GRCh38-LRRCC1","LRRCC1","10"
3.37714555367685e-257,1.17015921359957,0.753,0.603,2.44174377821944e-252,"GRCh38-ANAPC15","ANAPC15","10"
5.93972735926034e-257,0.538433479834686,0.337,0.118,4.29454167529241e-252,"GRCm39-Picalm","Picalm","10"
1.14218390643262e-256,0.559343903487068,0.347,0.124,8.25821808028911e-252,"GRCm39-Rpl11","Rpl11","10"
3.18717047775928e-256,0.592161516410089,0.336,0.119,2.30438799882952e-251,"GRCm39-Lrg1","Lrg1","10"
7.78900577552486e-256,0.835238236686197,0.427,0.182,5.63160695581999e-251,"GRCh38-STON2","STON2","10"
1.00441730986849e-255,1.1423149144603,0.859,0.803,7.26213803381116e-251,"GRCh38-PTBP1","PTBP1","10"
1.02026472212553e-255,0.654204238517118,0.361,0.133,7.376717993912e-251,"GRCm39-Cd44","Cd44","10"
1.04273974536467e-255,0.58333907330344,0.351,0.127,7.53921690693564e-251,"GRCm39-Ddx5","Ddx5","10"
1.88058729790761e-255,0.676569310558871,0.366,0.137,1.35970222813316e-250,"GRCm39-C1qb","C1qb","10"
3.1276324354904e-255,1.53630011115712,0.998,0.997,2.26134080350827e-250,"GRCh38-ACTB","ACTB","10"
3.76128249188469e-255,0.627553680682384,0.432,0.194,2.71948246728247e-250,"GRCh38-ZNF519","ZNF519","10"
7.39478326099268e-255,1.18801926937839,0.779,0.673,5.34657619336293e-250,"GRCh38-HAT1","HAT1","10"
1.53223185549862e-254,1.15125209126221,0.818,0.763,1.10783427616261e-249,"GRCh38-TPRKB","TPRKB","10"
1.71730925507946e-254,0.6128902059768,0.337,0.12,1.24164893760755e-249,"GRCm39-Clec4e","Clec4e","10"
2.47437720259366e-254,1.69927558706004,0.412,0.174,1.78902420501926e-249,"GRCh38-CLDN1","CLDN1","10"
5.69479176185104e-254,0.790139196737094,0.527,0.288,4.11744833965354e-249,"GRCh38-TBC1D31","TBC1D31","10"
1.06413293764387e-253,0.58222295409056,0.35,0.127,7.6938939657527e-249,"GRCm39-Rps3a1","Rps3a1","10"
3.26247792801156e-253,1.15395828575225,0.942,0.971,2.35883679151092e-248,"GRCh38-ANP32B","ANP32B","10"
5.56923274478407e-253,1.14121194606289,0.847,0.775,4.02666665913378e-248,"GRCh38-CALM3","CALM3","10"
1.32189103389169e-252,0.492805544072556,0.299,0.097,9.55753655324371e-248,"GRCm39-Trem1","Trem1","10"
2.52044959396437e-252,0.867451371932153,0.314,0.109,1.82233546542812e-247,"GRCh38-MDFI","MDFI","10"
8.82043967537763e-252,0.321470341488665,0.152,0.028,6.37735429409153e-247,"GRCh38-NPTX2","NPTX2","10"
1.37359666364304e-251,0.598183335665978,0.345,0.124,9.93137859747187e-247,"GRCm39-Gabarap","Gabarap","10"
4.42904157611753e-251,0.905287472617913,0.676,0.487,3.20228564036449e-246,"GRCh38-NRM","NRM","10"
8.36698545309728e-251,1.24256392658654,0.879,0.93,6.0494978222984e-246,"GRCh38-SMC3","SMC3","10"
1.08347541654378e-250,0.49350193880715,0.316,0.109,7.83374395669481e-246,"GRCm39-Rpl27","Rpl27","10"
1.70052340705985e-250,0.523806819371837,0.326,0.114,1.22951243377241e-245,"GRCm39-Cox4i1","Cox4i1","10"
3.05715217671268e-250,0.556177377314988,0.342,0.124,2.2103821668068e-245,"GRCm39-Rps7","Rps7","10"
3.28349044063318e-250,1.03955516393859,0.577,0.341,2.3740292583866e-245,"GRCh38-LRP8","LRP8","10"
5.71517564495472e-250,0.810314954090719,0.595,0.352,4.13218629481516e-245,"GRCh38-CBR3","CBR3","10"
7.48201960776288e-250,0.625047835260692,0.339,0.122,5.40964981680472e-245,"GRCm39-Msrb1","Msrb1","10"
8.09963234909501e-250,0.569093064512423,0.342,0.124,5.85619618104267e-245,"GRCm39-Rps5","Rps5","10"
2.95996740518186e-249,0.624946777201868,0.339,0.122,2.14011563329459e-244,"GRCm39-Plin2","Plin2","10"
3.48327100555907e-249,0.564809386293978,0.344,0.125,2.51847460243932e-244,"GRCm39-Rplp0","Rplp0","10"
5.30350712818545e-249,1.1782079590568,0.503,0.241,3.83454172382064e-244,"GRCh38-NT5E","NT5E","10"
1.15031199997446e-248,-0.706385623389183,0.417,0.704,8.31698582221531e-244,"GRCh38-GLT8D2","GLT8D2","10"
4.40574119019197e-248,0.265949046421194,0.139,0.024,3.1854389953326e-243,"GRCh38-ENSG00000291234","ENSG00000291234","10"
6.74133499999863e-248,0.526280768979806,0.336,0.12,4.87412003169901e-243,"GRCm39-Rpl24","Rpl24","10"
7.41018796536707e-248,1.61161490233285,0.843,0.748,5.3577141027197e-243,"GRCh38-HRAS","HRAS","10"
2.70295313325124e-247,0.486175402029018,0.322,0.112,1.95428917440331e-242,"GRCm39-Rps28","Rps28","10"
3.60040679550795e-247,-0.836634733994285,0.315,0.624,2.60316612128816e-242,"GRCh38-FGD4","FGD4","10"
8.17434888052983e-247,0.411307317860245,0.296,0.098,5.91021772760068e-242,"GRCm39-Rpl31","Rpl31","10"
1.22976846777743e-246,0.573564901983858,0.342,0.124,8.89147197572439e-242,"GRCm39-Btg1","Btg1","10"
2.67709656549602e-246,0.544551007807198,0.335,0.12,1.93559435878493e-241,"GRCm39-Rack1","Rack1","10"
4.84571865516896e-246,-0.737510667291775,0.343,0.657,3.50355150206026e-241,"GRCh38-SELENBP1","SELENBP1","10"
1.67025161202411e-245,1.27302818893039,0.797,0.748,1.20762532052567e-240,"GRCh38-CMC2","CMC2","10"
3.02003035224743e-245,0.675079895253833,0.342,0.125,2.18354234528194e-240,"GRCm39-Grina","Grina","10"
3.34261389641102e-245,1.11570985026205,0.36,0.142,2.41677669938309e-240,"GRCh38-STOM","STOM","10"
3.82650324557172e-245,-0.626962772305769,0.35,0.658,2.76663837661326e-240,"GRCh38-RASSF4","RASSF4","10"
4.83122452222445e-245,-0.636385256733756,0.696,0.922,3.49307195405872e-240,"GRCh38-GABPB1-AS1","GABPB1-AS1","10"
1.9804450776473e-244,0.625402288987458,0.335,0.12,1.43190140004055e-239,"GRCm39-Antxr2","Antxr2","10"
2.44632422659962e-244,-0.580564488798107,0.341,0.661,1.76874134231606e-239,"GRCh38-MEIS3","MEIS3","10"
3.33324594925352e-244,1.39589641167539,0.987,0.993,2.41000348622928e-239,"GRCh38-LDHA","LDHA","10"
4.01540456255846e-244,0.712718034675914,0.335,0.121,2.90321780682102e-239,"GRCm39-Dusp1","Dusp1","10"
4.20335846167159e-244,1.06826606955534,0.34,0.127,3.03911223495779e-239,"GRCh38-C16orf74","C16orf74","10"
5.00203077135289e-244,0.537455883532131,0.333,0.12,3.61656828830357e-239,"GRCm39-Itm2b","Itm2b","10"
5.25977565006497e-244,0.558448332641913,0.318,0.111,3.80292299050998e-239,"GRCm39-Lmnb1","Lmnb1","10"
7.41468157822534e-244,0.887367714190148,0.572,0.35,5.36096307468849e-239,"GRCh38-ACYP1","ACYP1","10"
1.69438155548064e-243,1.34896974319062,0.742,0.647,1.22507175224361e-238,"GRCh38-SAP30","SAP30","10"
5.42864769763034e-243,0.57937463784157,0.312,0.107,3.92502085834069e-238,"GRCm39-Slfn4","Slfn4","10"
1.91904861846281e-242,0.437493585555355,0.3,0.103,1.38751053212098e-237,"GRCh38-TONSL","TONSL","10"
2.17842054293987e-242,0.471262250472982,0.322,0.113,1.57504162095638e-237,"GRCm39-Rpl14","Rpl14","10"
3.21578738878627e-242,-0.627121313594356,0.535,0.843,2.32507859784025e-237,"GRCh38-SLC35F1","SLC35F1","10"
3.25997365993026e-242,-0.607639876977349,0.634,0.893,2.35702615560277e-237,"GRCh38-PLPP3","PLPP3","10"
3.27390016876304e-242,0.388867207017386,0.163,0.034,2.36709530001905e-237,"GRCh38-NES","NES","10"
4.00414051382802e-242,0.57357298464926,0.338,0.123,2.89507367430793e-237,"GRCm39-S100a11","S100a11","10"
4.61629583693211e-242,1.0451842640098,0.495,0.243,3.33767421601865e-237,"GRCh38-SERPINB5","SERPINB5","10"
8.8291042222048e-242,0.564127313279861,0.338,0.124,6.38361893473852e-237,"GRCm39-Serf2","Serf2","10"
2.35789270080884e-241,0.922732883621505,0.496,0.25,1.70480358053881e-236,"GRCh38-TUBB2A","TUBB2A","10"
2.50693703072837e-241,1.42775267272325,0.94,0.976,1.81256561195723e-236,"GRCh38-COX8A","COX8A","10"
7.40560783020732e-241,-0.578136243333197,0.752,0.962,5.3544025733965e-236,"GRCh38-C1R","C1R","10"
1.14510950522838e-240,0.470323606706538,0.299,0.101,8.27937074470223e-236,"GRCm39-Atp5e","Atp5e","10"
1.52465312005613e-240,0.543592180676844,0.332,0.121,1.10235469886298e-235,"GRCm39-Rpl23a","Rpl23a","10"
2.27032843314381e-240,0.410035389063852,0.184,0.043,1.64149286373164e-235,"GRCh38-C12orf54","C12orf54","10"
3.03079160872386e-240,0.75881506887,0.331,0.119,2.19132294893953e-235,"GRCh38-SNCG","SNCG","10"
3.41914172043132e-240,-0.887149902985212,0.316,0.651,2.47210784670625e-235,"GRCh38-CCN3","CCN3","10"
3.96101472326083e-240,0.474249146760429,0.305,0.104,2.86389286521204e-235,"GRCm39-Oaz1","Oaz1","10"
4.37840075164479e-240,-0.644283928438702,0.753,0.958,3.16567131145421e-235,"GRCh38-ZBTB20","ZBTB20","10"
5.52385760516145e-240,0.470963190656865,0.304,0.104,3.99385952568383e-235,"GRCm39-Sh3bgrl3","Sh3bgrl3","10"
7.41950770828494e-240,0.483894803568146,0.289,0.095,5.36445246324418e-235,"GRCm39-Pglyrp1","Pglyrp1","10"
1.83919307080573e-239,1.29748197198999,0.909,0.943,1.32977337405396e-234,"GRCh38-SNRPD1","SNRPD1","10"
3.02794109216272e-239,0.481233307963474,0.305,0.105,2.18926196845549e-234,"GRCm39-Sat1","Sat1","10"
3.58121422330938e-239,0.655929355840293,0.307,0.105,2.58928950773715e-234,"GRCm39-Hbb-bs","Hbb-bs","10"
1.03155219324628e-238,0.499033749426368,0.336,0.122,7.45832866760927e-234,"GRCm39-Rps24","Rps24","10"
1.08480295476951e-238,1.36754026300438,0.712,0.55,7.8433423235745e-234,"GRCh38-MCM3","MCM3","10"
1.32729193823656e-238,1.34964958444576,0.313,0.112,9.59658617183801e-234,"GRCh38-MPZL2","MPZL2","10"
1.77934981745903e-238,1.18733835810892,0.912,0.937,1.28650550501923e-233,"GRCh38-RBBP7","RBBP7","10"
2.00542927119901e-238,0.875760828700009,0.595,0.38,1.44996547166231e-233,"GRCh38-VANGL1","VANGL1","10"
2.34614337174666e-238,0.544825583589465,0.319,0.116,1.69630858064027e-233,"GRCh38-ERVMER34-1","ERVMER34-1","10"
3.76565439271773e-238,-0.62479544026217,0.49,0.774,2.72264343902277e-233,"GRCh38-PLEKHA6","PLEKHA6","10"
7.92412784938235e-238,0.475826582531629,0.321,0.114,5.72930291766043e-233,"GRCm39-Rpl12","Rpl12","10"
9.63778728978726e-238,1.17910411608537,0.284,0.094,6.96831296626198e-233,"GRCh38-INHBA","INHBA","10"
1.08908319118919e-237,-0.614660811409873,0.519,0.808,7.87428928893607e-233,"GRCh38-CCDC18-AS1","CCDC18-AS1","10"
2.43398881804357e-237,1.10902706151253,0.883,0.904,1.75982259522186e-232,"GRCh38-PSMD14","PSMD14","10"
5.1860193132259e-237,0.505543549566613,0.317,0.112,3.74959568384859e-232,"GRCm39-Rpl15","Rpl15","10"
1.51536354076243e-236,0.444041893512294,0.305,0.105,1.09563814724205e-231,"GRCm39-Lgals1","Lgals1","10"
2.23309238117335e-236,1.3747018201984,0.74,0.632,1.61457045343596e-231,"GRCh38-TMEM109","TMEM109","10"
3.66906974640881e-236,1.10560854026705,0.864,0.894,2.6528108080485e-231,"GRCh38-RHEB","RHEB","10"
3.82871924856411e-236,-0.773312967357293,0.519,0.813,2.76824059109682e-231,"GRCh38-NR3C2","NR3C2","10"
4.84325198560975e-236,0.56010700242219,0.325,0.116,3.50176805063556e-231,"GRCm39-Cdkn1a","Cdkn1a","10"
4.87401352751617e-236,-0.807490588489347,0.421,0.713,3.52400926066474e-231,"GRCh38-SORBS2","SORBS2","10"
1.18013114663429e-235,0.530846842658447,0.32,0.114,8.53258421639521e-231,"GRCm39-Hspa5","Hspa5","10"
1.32509452964649e-235,0.501546559019848,0.325,0.117,9.58069846825004e-231,"GRCm39-Rpl9","Rpl9","10"
3.28582403927581e-235,0.467362030832468,0.296,0.1,2.37571649687719e-230,"GRCm39-Cdc42","Cdc42","10"
4.71946908222434e-235,1.18145443001051,0.72,0.594,3.41227053582984e-230,"GRCh38-RAD51C","RAD51C","10"
4.99429182301944e-234,0.715109972682175,0.465,0.236,3.61097287387952e-229,"GRCh38-SLC37A4","SLC37A4","10"
7.07049418620566e-234,0.746760860180684,0.36,0.141,5.11210870651041e-229,"GRCh38-TNIP3","TNIP3","10"
9.87277595157067e-234,0.566671945832468,0.333,0.123,7.13821446850463e-229,"GRCm39-C1qc","C1qc","10"
1.17039222425189e-233,0.483281692191987,0.265,0.083,8.46216985978598e-229,"GRCm39-Ngp","Ngp","10"
1.99206087561668e-233,1.40274870875272,0.476,0.24,1.44029985428837e-228,"GRCh38-ENSG00000276850","ENSG00000276850","10"
8.25011928909308e-233,0.49112149760603,0.331,0.121,5.96500124840007e-228,"GRCm39-Rpl30","Rpl30","10"
1.41843423938922e-232,0.489431711487142,0.296,0.1,1.02555632376319e-227,"GRCm39-1600014C10Rik","1600014C10Rik","10"
1.88332991625981e-232,0.802796454353954,0.561,0.33,1.36168519605417e-227,"GRCh38-ERI1","ERI1","10"
2.60093213408841e-232,0.762025381764619,0.563,0.336,1.8805259515886e-227,"GRCh38-NUP35","NUP35","10"
5.18308961260176e-232,0.791074110576231,0.5,0.277,3.74747745170332e-227,"GRCh38-THSD4-AS1","THSD4-AS1","10"
5.35597045624858e-232,0.510872450962296,0.289,0.097,3.87247375927685e-227,"GRCm39-Acod1","Acod1","10"
5.58017784960957e-232,0.884613307020479,0.575,0.349,4.03458018882471e-227,"GRCh38-LIN54","LIN54","10"
1.5116229932177e-231,0.518923694890399,0.315,0.114,1.09293365655626e-226,"GRCm39-Rpl7","Rpl7","10"
1.85889089646301e-231,0.803615171130824,0.536,0.308,1.34401529596069e-226,"GRCh38-MTBP","MTBP","10"
2.02264185845865e-231,0.920757404810124,0.663,0.485,1.46241051650277e-226,"GRCh38-TMEM237","TMEM237","10"
1.82225007402431e-230,1.17215640255301,0.812,0.782,1.31752324852106e-225,"GRCh38-COMMD4","COMMD4","10"
3.85081054735709e-230,0.767259761936149,0.512,0.282,2.78421304195012e-225,"GRCh38-RMI1","RMI1","10"
5.24575269587779e-230,1.23621375235635,0.918,0.923,3.79278411417356e-225,"GRCh38-PAICS","PAICS","10"
6.20555678512014e-230,0.94397669301438,0.714,0.549,4.48674166677756e-225,"GRCh38-NUP50","NUP50","10"
1.32729432452803e-229,0.539243589307252,0.297,0.102,9.59660342520255e-225,"GRCm39-Marcksl1","Marcksl1","10"
2.19548188479379e-229,0.656014137811606,0.499,0.267,1.5873773123436e-224,"GRCh38-PPP2R3B","PPP2R3B","10"
2.56971677057254e-229,1.53018681189246,0.958,0.973,1.85795661945936e-224,"GRCh38-EIF5A","EIF5A","10"
2.92303871431549e-229,1.10120352636082,0.936,0.959,2.11341545122439e-224,"GRCh38-HNRNPM","HNRNPM","10"
3.16707634925263e-229,0.375073663182228,0.27,0.087,2.28985954203664e-224,"GRCm39-Txn1","Txn1","10"
4.2928367329437e-229,0.538324887031011,0.305,0.107,3.10380681465296e-224,"GRCm39-Lyn","Lyn","10"
4.88896099757965e-229,0.402009189935651,0.262,0.083,3.53481658047004e-224,"GRCm39-Ccl6","Ccl6","10"
9.91309536031387e-229,0.503764397609855,0.288,0.098,7.16736620741413e-224,"GRCm39-Lilrb4b","Lilrb4b","10"
1.00194076793812e-228,1.27507699957284,0.951,0.972,7.2442321403462e-224,"GRCh38-PA2G4","PA2G4","10"
1.50798211323248e-228,-0.60953801926747,0.674,0.906,1.09030122750934e-223,"GRCh38-PLA2R1","PLA2R1","10"
1.68791299108396e-228,0.264488230493684,0.154,0.032,1.22039485081352e-223,"GRCh38-STARD8","STARD8","10"
2.24961755593155e-228,0.556629946076213,0.325,0.12,1.62651848528963e-223,"GRCm39-Ppia","Ppia","10"
4.82518952582244e-228,0.46254509516822,0.265,0.087,3.48870853096014e-223,"GRCh38-ATP2A1-AS1","ATP2A1-AS1","10"
6.01065642259547e-228,1.46396990700317,0.453,0.232,4.34582480666498e-223,"GRCh38-APOLD1","APOLD1","10"
2.38434275168284e-227,1.16807158745665,0.872,0.813,1.72392749632172e-222,"GRCh38-SPATS2L","SPATS2L","10"
3.94145851279063e-227,1.37101799993505,0.932,0.948,2.84975333391788e-222,"GRCh38-SYNCRIP","SYNCRIP","10"
5.37722075867632e-227,0.531999846090896,0.309,0.11,3.88783815293816e-222,"GRCm39-Pim1","Pim1","10"
6.25153801221989e-227,-0.777455604477674,0.425,0.722,4.51998701359523e-222,"GRCh38-CFI","CFI","10"
1.04186001549125e-226,1.0006601248524,0.782,0.685,7.53285628400484e-222,"GRCh38-SRRT","SRRT","10"
1.34663397969069e-226,0.520753903819966,0.3,0.105,9.73643299995965e-222,"GRCm39-Lilrb4a","Lilrb4a","10"
1.42433942916513e-226,0.981275075759837,0.609,0.415,1.02982589407497e-221,"GRCh38-RFWD3","RFWD3","10"
1.43718949919932e-226,0.511250967162737,0.301,0.105,1.0391167517111e-221,"GRCm39-Tpi1","Tpi1","10"
3.15943799185302e-226,0.504791963593058,0.357,0.147,2.28433685686957e-221,"GRCh38-SLX4","SLX4","10"
4.36876290746872e-226,0.528910742410172,0.317,0.116,3.15870295735803e-221,"GRCm39-Tspo","Tspo","10"
5.10506434771803e-226,0.401731248706488,0.3,0.108,3.69106362468709e-221,"GRCh38-DCLRE1B","DCLRE1B","10"
5.65388442999236e-226,0.529493039290157,0.323,0.119,4.08787152057308e-221,"GRCm39-Psap","Psap","10"
6.36273727445234e-226,1.18067340186621,0.54,0.297,4.60038630417453e-221,"GRCh38-ALCAM","ALCAM","10"
8.09023499406043e-226,0.494408770567374,0.313,0.112,5.84940170540558e-221,"GRCm39-Rpl10","Rpl10","10"
1.04876865601376e-225,-0.6029013434781,0.634,0.879,7.58280713671066e-221,"GRCh38-STEAP1B","STEAP1B","10"
1.45634177757539e-225,1.45991130305964,0.898,0.865,1.05296423202256e-220,"GRCh38-EZR","EZR","10"
1.51678574720203e-225,0.562747128862356,0.285,0.096,1.09666643094201e-220,"GRCm39-Hba-a1","Hba-a1","10"
1.68857116004081e-225,1.1600762892005,0.762,0.659,1.22087072013271e-220,"GRCh38-TOPBP1","TOPBP1","10"
2.26291121937867e-225,1.2381103071697,0.337,0.131,1.63613006983516e-220,"GRCh38-ENSG00000253154","ENSG00000253154","10"
3.0160139132589e-225,1.10148598741352,0.765,0.665,2.18063837956445e-220,"GRCh38-NUP155","NUP155","10"
3.81187609422816e-225,0.489218133076574,0.302,0.107,2.75606265364884e-220,"GRCm39-Laptm5","Laptm5","10"
4.51914227789961e-225,1.39694193899832,0.748,0.656,3.26743024976698e-220,"GRCh38-EBP","EBP","10"
5.8758252282479e-225,0.506457437226011,0.3,0.109,4.2483391565278e-220,"GRCh38-DNMT3B","DNMT3B","10"
7.29580820520875e-225,1.05578872952203,0.745,0.636,5.27501524853003e-220,"GRCh38-CRNDE","CRNDE","10"
1.06333486682642e-224,0.605182376903323,0.311,0.111,7.68812375412838e-220,"GRCm39-Fos","Fos","10"
1.51097568866753e-224,1.21483493941219,0.828,0.795,1.09246564242039e-219,"GRCh38-OXCT1","OXCT1","10"
1.96450499394798e-224,-0.562250182468088,0.683,0.901,1.42037640072427e-219,"GRCh38-IL1R1","IL1R1","10"
5.96223466705233e-224,0.384735642444772,0.288,0.098,4.31081490897218e-219,"GRCm39-Rps17","Rps17","10"
6.31278684304236e-224,0.414535120810249,0.28,0.094,4.56427114325648e-219,"GRCm39-Cotl1","Cotl1","10"
1.18916359821083e-223,-0.603463800046087,0.483,0.767,8.59789064778395e-219,"GRCh38-SNHG14","SNHG14","10"
1.48285805829594e-223,0.475664081374035,0.304,0.108,1.07213603330913e-218,"GRCm39-Arpc3","Arpc3","10"
1.49524029770111e-223,1.41015017675835,0.915,0.904,1.08108864004386e-218,"GRCh38-SMS","SMS","10"
1.77182307826521e-223,0.552144967008077,0.3,0.106,1.28106352204731e-218,"GRCm39-Hdc","Hdc","10"
3.79834138946204e-223,0.417620611693853,0.275,0.091,2.74627679140885e-218,"GRCm39-Pla2g7","Pla2g7","10"
7.65391322608093e-223,0.423351026572834,0.267,0.087,5.53393234072103e-218,"GRCm39-Ncf4","Ncf4","10"
1.21379839611205e-222,0.433021744197827,0.282,0.096,8.77600516356932e-218,"GRCm39-Grn","Grn","10"
1.26808253392996e-222,0.48221765828776,0.289,0.099,9.16849033682039e-218,"GRCm39-Nlrp3","Nlrp3","10"
1.69106908999097e-222,0.675696324469983,0.479,0.236,1.22267677344527e-217,"GRCh38-H2BC5","H2BC5","10"
2.65039187636146e-222,1.12793783510349,0.671,0.495,1.91628633444686e-217,"GRCh38-MTFP1","MTFP1","10"
3.11357228933303e-222,0.723912507609145,0.529,0.299,2.25117503663356e-217,"GRCh38-COQ3","COQ3","10"
4.83435681980744e-222,0.966073162375013,0.322,0.126,3.49533666785717e-217,"GRCh38-TINAGL1","TINAGL1","10"
4.93571923797199e-222,1.14833279271344,0.834,0.801,3.56862372343851e-217,"GRCh38-WBP11","WBP11","10"
1.1800107958573e-221,1.67156379701893,0.782,0.734,8.53171405620742e-217,"GRCh38-SCLT1","SCLT1","10"
1.63864000912426e-221,0.679985197163512,0.52,0.287,1.18476949939702e-216,"GRCh38-NEMP1","NEMP1","10"
1.90282533091655e-221,0.551618175407001,0.304,0.109,1.37578077075929e-216,"GRCm39-Slpi","Slpi","10"
7.81964647486087e-221,1.5977339346585,0.874,0.804,5.65376079425391e-216,"GRCh38-ODC1","ODC1","10"
1.42076177221907e-220,-0.597520007244258,0.605,0.855,1.02723917654983e-215,"GRCh38-RFTN1","RFTN1","10"
1.79124751676334e-220,0.340131998121558,0.24,0.073,1.29510777957023e-215,"GRCm39-Crip1","Crip1","10"
1.89320316287295e-220,1.38134836733741,0.69,0.553,1.3688237508204e-215,"GRCh38-POLD3","POLD3","10"
2.13804004806273e-220,0.983361881527581,0.645,0.458,1.54584571555031e-215,"GRCh38-KCTD9","KCTD9","10"
2.94727714162417e-220,1.29169210057779,0.939,0.965,2.13094031893711e-215,"GRCh38-CCT6A","CCT6A","10"
3.14734236688028e-220,0.27727851288832,0.146,0.03,2.27559147810178e-215,"GRCh38-ENSG00000289423","ENSG00000289423","10"
1.30129667221548e-219,1.11896888137383,0.85,0.791,9.40863519945236e-215,"GRCh38-HNRNPUL2","HNRNPUL2","10"
2.20608245183302e-219,1.07879930975952,0.563,0.365,1.59504173432431e-214,"GRCh38-HYLS1","HYLS1","10"
5.25196833209327e-219,1.02280341753804,0.731,0.605,3.79727814347007e-214,"GRCh38-GPN3","GPN3","10"
1.43951025570991e-218,-0.4289657982374,0.836,0.978,1.04079470508338e-213,"GRCh38-PNRC1","PNRC1","10"
1.79205962031754e-218,1.16592442475236,0.672,0.517,1.29569494668199e-213,"GRCh38-RAD18","RAD18","10"
1.81956772770261e-218,0.68376950691137,0.541,0.314,1.31558385848354e-213,"GRCh38-UBR7","UBR7","10"
2.34120464722311e-218,0.81111089257699,0.523,0.295,1.69273778403525e-213,"GRCh38-PDSS1","PDSS1","10"
5.42883299397087e-218,0.879393702726004,0.676,0.482,3.92515483130082e-213,"GRCh38-YKT6","YKT6","10"
5.77180088530278e-218,1.37564526457426,0.887,0.878,4.17312747609162e-213,"GRCh38-EBNA1BP2","EBNA1BP2","10"
7.65479694776095e-218,0.516388394172185,0.302,0.108,5.53457128917012e-213,"GRCm39-Anxa2","Anxa2","10"
2.74415552128899e-217,0.412194776263268,0.288,0.1,1.98407932500237e-212,"GRCm39-Rps6","Rps6","10"
3.7930477104436e-217,0.819055786220965,0.488,0.262,2.74244935560493e-212,"GRCh38-POGLUT3","POGLUT3","10"
4.95301391479255e-217,1.34548916106964,0.899,0.896,3.58112812067331e-212,"GRCh38-STIP1","STIP1","10"
6.2328337825851e-217,0.521912942837633,0.281,0.096,4.50646348148468e-212,"GRCm39-Alcam","Alcam","10"
6.26179180871338e-217,-0.518847590916932,0.331,0.642,4.52740071353595e-212,"GRCh38-DBP","DBP","10"
7.78749984705294e-217,-0.3785691604841,0.563,0.847,5.63051813941622e-212,"GRCh38-ADGRL3","ADGRL3","10"
8.49321133945968e-217,-0.515423552832343,0.099,0.385,6.14076166265614e-212,"GRCh38-ZNF467","ZNF467","10"
1.08955132761502e-216,-0.547580992428572,0.129,0.421,7.87767400892211e-212,"GRCh38-NFE2","NFE2","10"
3.63966078713891e-216,0.976593902950182,0.712,0.558,2.63154754231718e-211,"GRCh38-ODF2","ODF2","10"
4.18250196699849e-216,1.29670995366993,0.873,0.897,3.02403257217925e-211,"GRCh38-XPO1","XPO1","10"
6.82749092073247e-216,0.580773213157067,0.311,0.117,4.93641248550799e-211,"GRCh38-TNFSF9","TNFSF9","10"
7.20459774249765e-216,0.511500765984132,0.293,0.103,5.20906825978065e-211,"GRCm39-Sparc","Sparc","10"
1.05622157827439e-215,-0.536320219091767,0.677,0.92,7.63669325523948e-211,"GRCh38-PHYKPL","PHYKPL","10"
1.22043943575841e-215,0.895596732050976,0.598,0.381,8.82402120842043e-211,"GRCh38-UTP15","UTP15","10"
1.36315914440711e-215,0.404474502772632,0.274,0.093,9.85591324589229e-211,"GRCm39-Ucp2","Ucp2","10"
2.07058373013111e-215,0.398338710221075,0.263,0.086,1.49707344855939e-210,"GRCm39-Itgam","Itgam","10"
7.18651685002653e-215,0.588659544955921,0.317,0.119,5.19599541290618e-210,"GRCm39-Hspa8","Hspa8","10"
8.74159402458537e-215,0.399034274542555,0.275,0.093,6.32034731165571e-210,"GRCm39-Clic1","Clic1","10"
2.32830551937505e-214,1.25164010181053,0.843,0.875,1.68341145661855e-209,"GRCh38-SIVA1","SIVA1","10"
2.42196680477515e-214,0.424938942792937,0.276,0.094,1.75113043918853e-209,"GRCm39-Rap1b","Rap1b","10"
2.87580499828141e-214,0.368780819206823,0.199,0.054,2.07926452985742e-209,"GRCh38-LYPD6","LYPD6","10"
3.64376430683937e-214,1.09077433821909,0.655,0.473,2.634514469131e-209,"GRCh38-DHCR24","DHCR24","10"
5.50883946026189e-214,0.372396908471051,0.265,0.088,3.98300110655855e-209,"GRCm39-Rpl3","Rpl3","10"
6.90463625164211e-214,1.15133608798706,0.794,0.789,4.99219010266228e-209,"GRCh38-CDK5RAP2","CDK5RAP2","10"
9.19965565550958e-214,0.519222291277363,0.315,0.118,6.65153503204654e-209,"GRCm39-Cd63","Cd63","10"
1.03537945758592e-213,-0.651703697298622,0.399,0.686,7.4860005542377e-209,"GRCh38-CDON","CDON","10"
1.78367169302226e-213,0.40599666551849,0.277,0.095,1.28963030748895e-208,"GRCm39-Rbm3","Rbm3","10"
2.77788383058332e-213,0.464573836597844,0.292,0.104,2.00846556718835e-208,"GRCm39-Npc2","Npc2","10"
3.6017254181095e-213,0.352755190488497,0.241,0.075,2.60411951180153e-208,"GRCm39-Anxa1","Anxa1","10"
5.10645435679125e-213,-0.583211774122615,0.578,0.854,3.69206862904721e-208,"GRCh38-CAMK2N1","CAMK2N1","10"
1.43283136906754e-212,0.431495666316801,0.282,0.098,1.03596573646322e-207,"GRCm39-Iqgap1","Iqgap1","10"
2.74732319703936e-212,-0.708721901582793,0.49,0.781,1.9863696179234e-207,"GRCh38-RGS6","RGS6","10"
5.74508470438897e-212,1.23137183023504,0.997,0.995,4.15381114296731e-207,"GRCh38-PTMA","PTMA","10"
6.66168058267972e-212,1.09280475829217,0.749,0.662,4.81652829488909e-207,"GRCh38-GLA","GLA","10"
8.60011456482487e-212,0.689734634435361,0.519,0.295,6.21805483265968e-207,"GRCh38-TDP1","TDP1","10"
8.67126596926866e-212,0.412068563412912,0.284,0.1,6.26949872110063e-207,"GRCm39-Rps18","Rps18","10"
1.43759027560796e-211,0.393551266246374,0.281,0.097,1.03940652107006e-206,"GRCm39-Cox8a","Cox8a","10"
1.6234476616754e-211,0.854267125990685,0.278,0.098,1.17378512834454e-206,"GRCh38-ATP8A2","ATP8A2","10"
1.79058074657815e-211,1.53623454972353,0.926,0.933,1.29462569139094e-206,"GRCh38-NME1","NME1","10"
1.94434577058534e-211,1.18391629977438,0.878,0.901,1.40580087904861e-206,"GRCh38-PSMD1","PSMD1","10"
2.48152153127111e-211,0.701813401309857,0.506,0.277,1.79418969753964e-206,"GRCh38-PRR34-AS1","PRR34-AS1","10"
2.70980136492182e-211,-0.517509992406675,0.435,0.731,1.95924058286578e-206,"GRCh38-SH3BP2","SH3BP2","10"
5.21623346517005e-211,0.452648420676712,0.293,0.105,3.77144111998725e-206,"GRCm39-Map1lc3b","Map1lc3b","10"
1.32753696033591e-210,0.637521314196698,0.254,0.084,9.59835773062073e-206,"GRCh38-MYEOV","MYEOV","10"
1.86337475792846e-210,0.434147515496447,0.283,0.099,1.34725721747744e-205,"GRCm39-Atox1","Atox1","10"
1.90582575817185e-210,1.54679883223558,0.869,0.851,1.37795013967341e-205,"GRCh38-ADRM1","ADRM1","10"
1.95652531062648e-210,0.391034891843417,0.262,0.087,1.41460693008916e-205,"GRCm39-Eef2","Eef2","10"
3.15748557924425e-210,0.573774160977299,0.294,0.107,2.28292522350518e-205,"GRCm39-Egr1","Egr1","10"
3.41691020473847e-210,0.394923478311398,0.265,0.088,2.47049441623001e-205,"GRCm39-Sdcbp","Sdcbp","10"
3.5084918059432e-210,1.30628039453922,0.879,0.872,2.53670974553305e-205,"GRCh38-TFDP1","TFDP1","10"
5.66085187221839e-210,1.12692190450156,0.85,0.843,4.09290912065134e-205,"GRCh38-TRA2B","TRA2B","10"
6.88855555264857e-210,0.537474181516047,0.301,0.11,4.98056343567597e-205,"GRCm39-Ly6e","Ly6e","10"
9.75291212284266e-210,0.447007528428155,0.276,0.095,7.0515505230577e-205,"GRCm39-Coro1a","Coro1a","10"
1.13516994167575e-209,1.28042726102844,0.899,0.943,8.20750571230402e-205,"GRCh38-PPM1G","PPM1G","10"
2.25409889124747e-209,0.418967486531699,0.272,0.094,1.62975858034975e-204,"GRCm39-Rhoa","Rhoa","10"
9.13454381106871e-209,0.456909784926304,0.283,0.1,6.6044578662789e-204,"GRCm39-Nfkbiz","Nfkbiz","10"
1.08218304919431e-208,0.900193815349605,0.242,0.078,7.82439988228474e-204,"GRCh38-CRABP2","CRABP2","10"
1.81799653469032e-208,1.33284250873948,0.912,0.963,1.31444785451179e-203,"GRCh38-PRKDC","PRKDC","10"
2.37986482154818e-208,0.4174507039622,0.285,0.101,1.72068986327577e-203,"GRCm39-Slfn2","Slfn2","10"
2.77791859977123e-208,1.46827248910822,0.541,0.3,2.0084907060066e-203,"GRCh38-CXCL8","CXCL8","10"
4.97300213341569e-208,0.433363041545771,0.289,0.103,3.59558000250221e-203,"GRCm39-Cstb","Cstb","10"
5.94768038783887e-208,0.362191403361726,0.23,0.07,4.30029187401526e-203,"GRCm39-Asprv1","Asprv1","10"
8.4933899105864e-208,0.387261592938973,0.262,0.088,6.14089077315218e-203,"GRCm39-Rpl22","Rpl22","10"
9.78500847789806e-208,0.438956168834139,0.27,0.093,7.07475682968986e-203,"GRCm39-mt-Nd1","mt-Nd1","10"
1.09638089105231e-207,0.839297236465639,0.682,0.513,7.92705311848643e-203,"GRCh38-RPA1","RPA1","10"
1.22876562389495e-207,0.724826535560463,0.477,0.255,8.88422121388524e-203,"GRCh38-FANCM","FANCM","10"
1.91402538965844e-207,0.3542282181553,0.24,0.075,1.38387863723084e-202,"GRCm39-Chil1","Chil1","10"
2.57611963869719e-207,0.969756070080987,0.805,0.725,1.86258602117084e-202,"GRCh38-KHSRP","KHSRP","10"
3.14600572091207e-207,0.661150318293535,0.356,0.151,2.27462505633384e-202,"GRCh38-PAQR4","PAQR4","10"
3.63507774163467e-207,0.512012091086546,0.303,0.112,2.6282339087567e-202,"GRCm39-Jun","Jun","10"
3.63804101150683e-207,1.0300384866501,0.934,0.965,2.63037641213967e-202,"GRCh38-XRCC6","XRCC6","10"
4.22593981213992e-207,0.482148997311228,0.293,0.106,3.0554390029734e-202,"GRCm39-Cfl1","Cfl1","10"
5.95309784775233e-207,1.2279233548399,0.84,0.787,4.30420880588189e-202,"GRCh38-PSMD11","PSMD11","10"
9.22476060048519e-207,0.396565670266625,0.264,0.089,6.6696864093628e-202,"GRCm39-Arpc1b","Arpc1b","10"
9.76353180421412e-207,0.43530678089103,0.272,0.094,7.05922876508289e-202,"GRCm39-Fbxl5","Fbxl5","10"
9.84478077768093e-207,0.459907593935175,0.27,0.093,7.11797339787887e-202,"GRCm39-Bsg","Bsg","10"
1.96033110255405e-206,-0.501741709715266,0.513,0.78,1.41735859376863e-201,"GRCh38-TRAPPC6A","TRAPPC6A","10"
3.3503337095449e-206,0.416868142383818,0.279,0.098,2.42235827867515e-201,"GRCm39-Arhgdib","Arhgdib","10"
4.82460741131812e-206,1.38569951394119,0.986,0.991,3.48828765053123e-201,"GRCh38-HSP90AA1","HSP90AA1","10"
6.48987639298653e-206,0.414376908001775,0.268,0.092,4.69231042965712e-201,"GRCm39-Fcgr3","Fcgr3","10"
1.07702628199964e-205,-0.524363623755842,0.295,0.592,7.78711542411377e-201,"GRCh38-ASAP3","ASAP3","10"
1.36187314720477e-205,0.689650602108806,0.543,0.323,9.84661522891995e-201,"GRCh38-SHMT1","SHMT1","10"
1.9823481498944e-205,1.02358524775731,0.834,0.769,1.43327735933665e-200,"GRCh38-GOT2","GOT2","10"
3.6565905349957e-205,0.443136489615897,0.266,0.091,2.64378808861259e-200,"GRCm39-Klf2","Klf2","10"
3.74703182579212e-205,1.44792932678547,0.435,0.208,2.70917895068422e-200,"GRCh38-CXCL3","CXCL3","10"
3.79430659332715e-205,-0.49423169583333,0.692,0.933,2.7433595531074e-200,"GRCh38-TALAM1","TALAM1","10"
1.09730498163662e-204,0.448097451754756,0.282,0.1,7.93373447822913e-200,"GRCm39-Gnai2","Gnai2","10"
1.49988103065592e-204,0.474101958665193,0.285,0.102,1.08444398278485e-199,"GRCm39-Sqstm1","Sqstm1","10"
2.34331771935746e-204,0.869357562657652,0.637,0.438,1.69426557744983e-199,"GRCh38-MFN2","MFN2","10"
2.52975356091997e-204,0.399145379128208,0.262,0.089,1.82906241961636e-199,"GRCm39-Prdx6","Prdx6","10"
3.20445413784212e-204,0.815685973064095,0.724,0.597,2.31688443074261e-199,"GRCh38-SEPHS1","SEPHS1","10"
3.57091479680824e-204,0.930670356634845,0.917,0.97,2.5818428163883e-199,"GRCh38-HMGN1","HMGN1","10"
8.27127805127294e-204,0.465464613977297,0.282,0.1,5.98029945663136e-199,"GRCm39-Ets2","Ets2","10"
1.05520838286903e-203,0.507217706233749,0.276,0.097,7.62936764981968e-199,"GRCm39-Plaur","Plaur","10"
1.15333331415985e-203,1.04221579978468,0.907,0.943,8.33883052803857e-199,"GRCh38-PDAP1","PDAP1","10"
3.89982908782879e-203,0.602946120517462,0.313,0.12,2.81965442708197e-198,"GRCm39-Igf1r","Igf1r","10"
3.91586610837748e-203,0.559095832742706,0.355,0.152,2.83124951367908e-198,"GRCh38-C10orf90","C10orf90","10"
7.03477590530518e-203,1.06317197572494,0.838,0.847,5.08628367505375e-198,"GRCh38-NAA38","NAA38","10"
8.13437087053196e-203,0.313501422580398,0.223,0.068,5.88131282681202e-198,"GRCh38-PAK6","PAK6","10"
9.12293952930617e-203,0.396606159121224,0.267,0.092,6.59606773847895e-198,"GRCm39-Lamp1","Lamp1","10"
1.65761682280704e-202,-0.505339420295809,0.592,0.824,1.19849011522595e-197,"GRCh38-ZNF581","ZNF581","10"
3.0263068883356e-202,0.453121338054134,0.264,0.09,2.1880804064044e-197,"GRCm39-Hcar2","Hcar2","10"
3.3558610065769e-202,1.14058597529521,0.59,0.387,2.42635462497523e-197,"GRCh38-CCDC86","CCDC86","10"
3.48721400155897e-202,1.28600515245173,0.916,0.95,2.52132546740717e-197,"GRCh38-BANF1","BANF1","10"
3.59338175219064e-202,0.41804821765355,0.271,0.094,2.59808687446888e-197,"GRCm39-Rab7","Rab7","10"
3.68183004990478e-202,0.482627287039714,0.276,0.098,2.66203676268215e-197,"GRCm39-Spag9","Spag9","10"
8.46867785778656e-202,1.19110666365785,0.908,0.941,6.12302346473684e-197,"GRCh38-RBM8A","RBM8A","10"
9.1552924450546e-202,0.617670386314862,0.375,0.172,6.61945954362337e-197,"GRCh38-C11orf98","C11orf98","10"
1.12690565014529e-201,1.1116687700215,0.337,0.14,8.14775323168044e-197,"GRCh38-GTSF1","GTSF1","10"
1.17096700885045e-201,-0.62170376703849,0.842,0.968,8.46632566739051e-197,"GRCh38-APOC1","APOC1","10"
1.23726389840124e-201,-0.630521844374596,0.809,0.962,8.94566543822066e-197,"GRCh38-COL6A3","COL6A3","10"
1.44886620875382e-201,0.913163175879646,0.959,0.981,1.04755924625319e-196,"GRCh38-CBX3","CBX3","10"
1.46720339191273e-201,0.577852215093656,0.447,0.231,1.06081739642074e-196,"GRCh38-CEP76","CEP76","10"
2.83586634167052e-201,0.404713354520132,0.258,0.088,2.05038808235462e-196,"GRCm39-Acp5","Acp5","10"
2.89930334945591e-201,0.376750888706711,0.244,0.08,2.09625430772361e-196,"GRCm39-Rac2","Rac2","10"
3.00935270852121e-201,0.354910934915264,0.246,0.08,2.17582219531501e-196,"GRCm39-Emilin2","Emilin2","10"
4.7622316530545e-201,0.437718473898251,0.272,0.095,3.44318872979146e-196,"GRCm39-Ctla2a","Ctla2a","10"
1.13550883905837e-200,0.690732280918407,0.489,0.28,8.20995600815985e-196,"GRCh38-HAUS5","HAUS5","10"
2.0016780710753e-200,1.20593285723895,0.701,0.572,1.44725327894886e-195,"GRCh38-SPATA5","SPATA5","10"
2.06429558160637e-200,0.791415734099876,0.348,0.15,1.49252699141303e-195,"GRCh38-GPR87","GPR87","10"
4.31197542313865e-200,0.953795062397679,0.729,0.622,3.1176444704377e-195,"GRCh38-YEATS4","YEATS4","10"
6.52781196378278e-200,0.34943420140376,0.262,0.09,4.71973860605423e-195,"GRCm39-Ywhaz","Ywhaz","10"
6.94948010092919e-200,1.43900430200757,0.832,0.745,5.02461310257382e-195,"GRCh38-COTL1","COTL1","10"
1.09186657045525e-199,1.12306443459591,0.9,0.93,7.89441367770557e-195,"GRCh38-PSME2","PSME2","10"
1.30883526523729e-199,0.351592241528645,0.24,0.078,9.46314073471869e-195,"GRCm39-Elob","Elob","10"
2.40505597874089e-199,0.39362164880014,0.268,0.094,1.73890357374923e-194,"GRCm39-Atp6v1g1","Atp6v1g1","10"
3.38829015287167e-199,-0.445633348809481,0.652,0.906,2.44980154632928e-194,"GRCh38-FHIT","FHIT","10"
4.14670106830491e-199,1.39915491978616,0.989,0.988,2.99814780640581e-194,"GRCh38-PFN1","PFN1","10"
1.81324192281421e-198,1.11583166347616,0.87,0.874,1.31101017503313e-193,"GRCh38-FUBP1","FUBP1","10"
1.87314091678002e-198,-0.473076910739233,0.572,0.855,1.35431834565029e-193,"GRCh38-KIZ-AS1","KIZ-AS1","10"
2.13304852085845e-198,0.394391187891972,0.259,0.088,1.54223674155108e-193,"GRCm39-Mmp8","Mmp8","10"
3.28572170291573e-198,0.636042423275202,0.457,0.245,2.37564250564213e-193,"GRCh38-DONSON","DONSON","10"
5.03907759183641e-198,1.15741259750372,0.786,0.708,3.64335388044956e-193,"GRCh38-RBBP8","RBBP8","10"
6.41372401694119e-198,1.39014558580762,0.875,0.884,4.63725073872882e-193,"GRCh38-TOMM5","TOMM5","10"
7.2956077982431e-198,0.32399514945958,0.235,0.074,5.27487035028572e-193,"GRCm39-Cd47","Cd47","10"
1.27069579934547e-197,0.578732496587596,0.295,0.112,9.18738476842759e-193,"GRCh38-MFSD2A","MFSD2A","10"
1.35090108689192e-197,1.16141455857227,0.827,0.771,9.76728503844595e-193,"GRCh38-WDR1","WDR1","10"
1.42335947124964e-197,-0.459943509313031,0.636,0.879,1.02911736490291e-192,"GRCh38-ENSG00000285080","ENSG00000285080","10"
4.9293094716269e-197,0.471931811429287,0.282,0.103,3.56398933417568e-192,"GRCm39-H2-K1","H2-K1","10"
5.12366199086248e-197,0.381337093472257,0.262,0.09,3.70451009263339e-192,"GRCm39-Rac1","Rac1","10"
7.6325120310811e-197,1.1925852197958,0.361,0.153,5.51845884871226e-192,"GRCh38-IL1A","IL1A","10"
1.18778464002841e-196,0.340721208702454,0.238,0.078,8.58792050433339e-192,"GRCm39-Uqcrq","Uqcrq","10"
1.31573215400585e-196,1.16291495672261,0.759,0.69,9.51300661989312e-192,"GRCh38-MGME1","MGME1","10"
1.59673851679873e-196,1.01778701606994,0.711,0.591,1.15447388241582e-191,"GRCh38-SNRNP40","SNRNP40","10"
2.07607755123775e-196,0.332335162602571,0.24,0.078,1.50104559109592e-191,"GRCm39-Naca","Naca","10"
3.90398180313041e-196,0.875903803713658,0.585,0.4,2.82265692329935e-191,"GRCh38-POLH","POLH","10"
4.30709232245011e-196,0.376905450546714,0.242,0.08,3.11411389097788e-191,"GRCm39-Spi1","Spi1","10"
4.47199160003816e-196,0.368087439785122,0.258,0.089,3.23333936665959e-191,"GRCm39-Lamp2","Lamp2","10"
5.28815669187982e-196,-0.455330069912027,0.11,0.376,3.82344305136295e-191,"GRCh38-NEIL1","NEIL1","10"
6.78667804996185e-196,1.13941809462122,0.624,0.443,4.90690396368342e-191,"GRCh38-MMS22L","MMS22L","10"
1.17469415638115e-195,0.411168997896973,0.268,0.094,8.49327368946699e-191,"GRCm39-Cd53","Cd53","10"
2.41084153506209e-195,-0.496984426232744,0.202,0.486,1.74308664668059e-190,"GRCh38-YPEL2","YPEL2","10"
2.81834936033574e-195,1.16403048324567,0.754,0.648,2.03772295450995e-190,"GRCh38-NDE1","NDE1","10"
3.17114250042786e-195,0.408273017920496,0.26,0.09,2.29279945065935e-190,"GRCm39-Jund","Jund","10"
3.50148466897843e-195,0.343110764773554,0.237,0.077,2.53164344536479e-190,"GRCm39-Ostf1","Ostf1","10"
9.02238394114398e-195,1.06287226194875,0.668,0.512,6.52336403712592e-190,"GRCh38-MYCBP","MYCBP","10"
1.29117991325005e-194,0.435433175260364,0.251,0.085,9.33548900878053e-190,"GRCm39-Smox","Smox","10"
1.9275522556792e-194,0.651765372761652,0.491,0.279,1.39365883190118e-189,"GRCh38-CNTROB","CNTROB","10"
1.93237453251929e-194,0.742804779116837,0.645,0.457,1.3971454345021e-189,"GRCh38-MLH1","MLH1","10"
2.91770872811845e-194,0.473397381549596,0.272,0.097,2.1095617646042e-189,"GRCm39-Ccl3","Ccl3","10"
6.81202907654723e-194,1.00722919281613,0.84,0.82,4.92523326292518e-189,"GRCh38-CBX5","CBX5","10"
2.07030922819396e-193,1.19262937424731,0.912,0.958,1.49687497816879e-188,"GRCh38-SNRPD3","SNRPD3","10"
2.16517219921442e-193,-0.471788877867374,0.69,0.897,1.56546280347601e-188,"GRCh38-PDLIM2","PDLIM2","10"
4.63240464575014e-193,0.942602348316475,0.689,0.547,3.34932120697027e-188,"GRCh38-PRPS1","PRPS1","10"
5.23834411176913e-193,0.40811543134066,0.233,0.075,3.78742755969132e-188,"GRCm39-Ifitm6","Ifitm6","10"
5.30960627733354e-193,1.0897431051932,0.691,0.577,3.8389515306377e-188,"GRCh38-SAC3D1","SAC3D1","10"
7.95054505297e-193,0.305872625141615,0.23,0.074,5.74840308419837e-188,"GRCm39-Eef1b2","Eef1b2","10"
8.61689684836659e-193,-0.710345720096126,0.59,0.848,6.23018875930601e-188,"GRCh38-NIHCOLE","NIHCOLE","10"
9.59771948679034e-193,0.365773542963431,0.248,0.084,6.93934314333915e-188,"GRCm39-Prelid1","Prelid1","10"
1.03842298811752e-192,0.541226537619835,0.347,0.15,7.50800588868732e-188,"GRCh38-RELT","RELT","10"
3.38899787464374e-192,0.703676357376603,0.512,0.306,2.45031324332492e-187,"GRCh38-CEP85","CEP85","10"
3.45719868944199e-192,1.08723024430033,0.76,0.71,2.49962379644035e-187,"GRCh38-ZDHHC12","ZDHHC12","10"
4.24905919679658e-192,0.417605948799847,0.263,0.092,3.07215478046786e-187,"GRCm39-App","App","10"
5.89996261825365e-192,0.361019959981297,0.231,0.075,4.26579097224975e-187,"GRCm39-Slc16a3","Slc16a3","10"
6.02166024523312e-192,0.35632119371726,0.208,0.064,4.35378079050845e-187,"GRCh38-DPF1","DPF1","10"
7.06701157950171e-192,-1.2918097802856,0.229,0.486,5.10959071221133e-187,"GRCh38-LRRC7","LRRC7","10"
1.140614978698e-191,1.22961610852553,0.868,0.852,8.2468744189823e-187,"GRCh38-PSMC5","PSMC5","10"
1.69627793119922e-191,0.948085465666996,0.791,0.723,1.22644286981566e-186,"GRCh38-RAB8A","RAB8A","10"
2.30587361140234e-191,1.38971010798017,0.913,0.95,1.66719273851612e-186,"GRCh38-PRELID1","PRELID1","10"
2.61088335422904e-191,1.20649780026723,0.811,0.759,1.88772088277468e-186,"GRCh38-EEF1E1","EEF1E1","10"
3.05820802166115e-191,0.50687658720114,0.285,0.106,2.21114556382145e-186,"GRCm39-Dock2","Dock2","10"
3.18814326696372e-191,0.349818483001943,0.248,0.084,2.30509134488011e-186,"GRCm39-Chchd2","Chchd2","10"
3.39780477710861e-191,0.460839650575755,0.358,0.16,2.45668080994507e-186,"GRCh38-GINS3","GINS3","10"
4.09335506745071e-191,0.896879414812678,0.699,0.548,2.95957758086821e-186,"GRCh38-PURB","PURB","10"
4.23570206725064e-191,0.422348264136048,0.253,0.087,3.06249730866356e-186,"GRCm39-Btg2","Btg2","10"
5.92566569889462e-191,0.457377186863613,0.259,0.091,4.28437481361478e-186,"GRCm39-Xylt1","Xylt1","10"
6.17846522874992e-191,0.916312775322933,0.868,0.872,4.46715392969077e-186,"GRCh38-PPP1CC","PPP1CC","10"
7.00702026512896e-191,0.48021187272578,0.286,0.107,5.06621579209354e-186,"GRCh38-TP73","TP73","10"
9.59813074652929e-191,1.04423369223392,0.758,0.626,6.93964049235561e-186,"GRCh38-GNB4","GNB4","10"
1.27328246077698e-190,0.343757044431527,0.238,0.079,9.20608684790974e-186,"GRCm39-Klf6","Klf6","10"
2.94870441799727e-190,0.36952145711221,0.251,0.086,2.13197226830038e-185,"GRCm39-Pgam1","Pgam1","10"
3.35566534772132e-190,1.17261413186537,0.902,0.964,2.42621315970947e-185,"GRCh38-HP1BP3","HP1BP3","10"
3.81986927722707e-190,-0.536808178980868,0.659,0.908,2.76184188482072e-185,"GRCh38-DTNA","DTNA","10"
4.85658592541343e-190,1.13745600568351,0.905,0.952,3.51140875579242e-185,"GRCh38-KIF5B","KIF5B","10"
6.9753918217326e-190,0.348626646774979,0.24,0.08,5.0433477949491e-185,"GRCm39-Sh3glb1","Sh3glb1","10"
9.50094209746836e-190,0.404652530760619,0.247,0.084,6.86937115531158e-185,"GRCm39-Pik3ap1","Pik3ap1","10"
2.09283624178987e-189,0.432845049497705,0.271,0.098,1.51316245953891e-184,"GRCm39-Ptprc","Ptprc","10"
2.22050250574951e-189,1.31844828975944,0.926,0.947,1.60546772170701e-184,"GRCh38-TXNDC17","TXNDC17","10"
3.47179618691658e-189,0.966671748207848,0.708,0.55,2.51017807906443e-184,"GRCh38-HAUS6","HAUS6","10"
1.11920116581166e-188,0.321580563232307,0.226,0.072,8.09204826905145e-184,"GRCm39-Myh9","Myh9","10"
1.85118005359759e-188,0.485969369446561,0.381,0.178,1.33844020235213e-183,"GRCh38-ZNF273","ZNF273","10"
2.43436713744857e-188,-0.549815682088895,0.646,0.869,1.76009612771807e-183,"GRCh38-MXD4","MXD4","10"
3.06968206786883e-188,1.1043485601508,0.455,0.237,2.21944152871052e-183,"GRCh38-NECTIN1","NECTIN1","10"
3.74310947101023e-188,0.99300289406937,0.885,0.914,2.70634300972981e-183,"GRCh38-HNRNPH3","HNRNPH3","10"
4.0123082838657e-188,0.261365352230042,0.201,0.06,2.90097913540058e-183,"GRCm39-Rabac1","Rabac1","10"
4.95900467389814e-188,0.446830540137323,0.266,0.095,3.58545955932183e-183,"GRCm39-Ubb","Ubb","10"
5.64258106612999e-188,1.04083274728285,0.638,0.458,4.07969896243331e-183,"GRCh38-PNP","PNP","10"
5.90554350129922e-188,0.41632849664016,0.251,0.086,4.26982606230936e-183,"GRCm39-Cmip","Cmip","10"
6.68266551169751e-188,0.358814089434138,0.246,0.084,4.83170081826753e-183,"GRCm39-Rpl21","Rpl21","10"
7.16936027922511e-188,-0.49641720043679,0.14,0.409,5.18359086908534e-183,"GRCh38-BMF","BMF","10"
1.81858989577312e-187,0.404925663073373,0.311,0.128,1.31487686644188e-182,"GRCh38-SPIN4","SPIN4","10"
2.7228758352809e-187,0.365639672058372,0.163,0.042,1.9686936864248e-182,"GRCh38-TRAC","TRAC","10"
4.7862037959518e-187,0.721819816486203,0.553,0.348,3.46052106854907e-182,"GRCh38-FBXO45","FBXO45","10"
7.07235044895794e-187,0.960288490702729,0.695,0.567,5.11345082160557e-182,"GRCh38-RPA2","RPA2","10"
8.01186405561759e-187,-0.501174376810157,0.311,0.587,5.79273794949263e-182,"GRCh38-CALCRL-AS1","CALCRL-AS1","10"
8.56088835046643e-187,0.393604338138005,0.265,0.095,6.18969349515424e-182,"GRCm39-mt-Cytb","mt-Cytb","10"
1.20408715255954e-186,0.291573569057434,0.227,0.074,8.705790930436e-182,"GRCm39-Rpl36a","Rpl36a","10"
1.69361872868867e-186,0.427263858904963,0.261,0.093,1.22452021321648e-181,"GRCm39-Ecm1","Ecm1","10"
1.98338296304777e-186,1.26295051350128,0.984,0.987,1.4340255499428e-181,"GRCh38-HSPA8","HSPA8","10"
2.88090848231325e-186,0.340209526474317,0.228,0.074,2.08295445088213e-181,"GRCm39-Ier2","Ier2","10"
3.62608389698701e-186,0.929246943042972,0.819,0.843,2.62173117919954e-181,"GRCh38-LSM8","LSM8","10"
6.209509468587e-186,0.975352397385673,0.677,0.536,4.48959953597777e-181,"GRCh38-KIAA0586","KIAA0586","10"
6.40562056954023e-186,0.322924203992313,0.23,0.076,4.63139178418898e-181,"GRCm39-Vamp8","Vamp8","10"
7.40650187944097e-186,0.775612019911531,0.607,0.405,5.35504898887341e-181,"GRCh38-PI4K2B","PI4K2B","10"
7.4898230867529e-186,1.01247790705896,0.694,0.589,5.41529188818408e-181,"GRCh38-PCNT","PCNT","10"
8.43779884223685e-186,0.372248741544432,0.236,0.079,6.10069731891409e-181,"GRCm39-Zfp36l2","Zfp36l2","10"
8.48469101751997e-186,0.784797271745702,0.667,0.504,6.13460129948729e-181,"GRCh38-HCFC1","HCFC1","10"
1.0110767044953e-185,0.925083809394088,0.711,0.598,7.31028678884189e-181,"GRCh38-NRF1","NRF1","10"
1.05247187204612e-185,0.381231589236073,0.26,0.093,7.60958212926788e-181,"GRCm39-Rpl7a","Rpl7a","10"
2.17622232223214e-185,-0.533893480733582,0.357,0.662,1.57345226342028e-180,"GRCh38-PELI2","PELI2","10"
2.83305984156838e-185,0.350601618012511,0.238,0.08,2.04835892665077e-180,"GRCm39-Neat1","Neat1","10"
3.3359518228368e-185,0.960827549042006,0.926,0.978,2.41195988694746e-180,"GRCh38-SEPTIN7","SEPTIN7","10"
5.58367896521935e-185,0.821163416954242,0.675,0.506,4.03711156543289e-180,"GRCh38-NUP93","NUP93","10"
6.77862722315442e-185,0.380357527217009,0.248,0.086,4.90108305488511e-180,"GRCm39-Stk17b","Stk17b","10"
9.45765379094538e-185,0.817165951053955,0.628,0.431,6.83807284392933e-180,"GRCh38-LIN7C","LIN7C","10"
1.06065406752872e-184,0.373037278911212,0.236,0.079,7.66874103904613e-180,"GRCm39-Csf2rb","Csf2rb","10"
1.88804378921376e-184,0.744162351374532,0.533,0.327,1.36509342047733e-179,"GRCh38-PGAM5","PGAM5","10"
2.10677155073975e-184,0.377046189330677,0.24,0.082,1.52323796661585e-179,"GRCm39-Ccr1","Ccr1","10"
2.20330046338705e-184,1.19511420531204,0.891,0.907,1.59303030103811e-179,"GRCh38-PSMB2","PSMB2","10"
2.23076643479256e-184,1.00660525835707,0.791,0.724,1.61288874768372e-179,"GRCh38-COPS3","COPS3","10"
2.26059960872241e-184,0.423726846145571,0.279,0.105,1.63445872909847e-179,"GRCm39-Ctsz","Ctsz","10"
3.42597305880094e-184,0.311290058655613,0.226,0.074,2.47704704097425e-179,"GRCm39-H2az1","H2az1","10"
3.43202835614741e-184,0.393484344567808,0.255,0.09,2.4814251420617e-179,"GRCm39-Atf3","Atf3","10"
3.80193673850159e-184,0.654651393448619,0.505,0.302,2.74887630067142e-179,"GRCh38-PRADC1","PRADC1","10"
5.2282899823716e-184,1.19172364394989,0.933,0.953,3.78015822305431e-179,"GRCh38-DDX21","DDX21","10"
8.46783754148245e-184,0.987776698894538,0.785,0.696,6.12241589924264e-179,"GRCh38-ACLY","ACLY","10"
9.28782601059744e-184,0.349526514256191,0.235,0.079,6.71528396218216e-179,"GRCm39-Ybx1","Ybx1","10"
1.01827501926847e-183,1.27384085392678,0.986,0.991,7.36233204431491e-179,"GRCh38-YBX1","YBX1","10"
1.31242564665686e-183,0.728683667879721,0.649,0.482,9.48909991045844e-179,"GRCh38-PTGR3","PTGR3","10"
1.87994407226442e-183,0.356451831859745,0.243,0.083,1.35923716312862e-178,"GRCm39-Samsn1","Samsn1","10"
2.01439709987442e-183,0.365756844220951,0.245,0.085,1.4564493911512e-178,"GRCm39-Igfbp6","Igfbp6","10"
2.23529734576354e-183,0.323090146936812,0.228,0.075,1.61616468693395e-178,"GRCm39-Cd68","Cd68","10"
2.29155294338172e-183,0.390513646669691,0.247,0.086,1.65683860912385e-178,"GRCm39-Msn","Msn","10"
2.42268276391244e-183,1.17462703696047,0.92,0.956,1.75164809196397e-178,"GRCh38-KPNB1","KPNB1","10"
2.5457374524611e-183,0.340350056464934,0.237,0.08,1.84061909287842e-178,"GRCm39-Gda","Gda","10"
5.84300197243457e-183,-0.495444416166537,0.237,0.509,4.22460728610964e-178,"GRCh38-CA11","CA11","10"
7.59021720267213e-183,0.349298772432051,0.242,0.083,5.487878841876e-178,"GRCm39-Atp6v0b","Atp6v0b","10"
8.3124329666799e-183,-0.517209995742817,0.164,0.429,6.0100552835689e-178,"GRCh38-TMEM37","TMEM37","10"
1.11390783833505e-182,1.20910597009961,0.809,0.833,8.05377645273005e-178,"GRCh38-MIS18BP1","MIS18BP1","10"
1.24378636418076e-182,0.344898204267505,0.242,0.083,8.99282417029974e-178,"GRCm39-Ncf2","Ncf2","10"
1.53681068560264e-182,-0.602702177117178,0.218,0.484,1.11114486190442e-177,"GRCh38-IFITM10","IFITM10","10"
1.74772044512017e-182,0.827364673154075,0.658,0.487,1.26363683623078e-177,"GRCh38-PEA15","PEA15","10"
1.91042691378077e-182,0.339145148112799,0.242,0.083,1.38127686720178e-177,"GRCm39-Lgmn","Lgmn","10"
1.93125961969646e-182,0.356947448692149,0.236,0.08,1.39633933023293e-177,"GRCm39-Chmp4b","Chmp4b","10"
3.72088205635935e-182,0.899061360289932,0.757,0.677,2.69027214438893e-177,"GRCh38-RPP30","RPP30","10"
4.27745451575756e-182,0.34998793630572,0.232,0.078,3.09268516398303e-177,"GRCm39-Cdk2ap2","Cdk2ap2","10"
4.74404705153194e-182,0.353120853307601,0.241,0.083,3.43004089919862e-177,"GRCm39-Sri","Sri","10"
5.05647715335151e-182,-0.752403940643575,0.301,0.579,3.65593411141621e-177,"GRCh38-ENSG00000287292","ENSG00000287292","10"
6.15000668471856e-182,1.32172537922262,0.899,0.886,4.44657783318522e-177,"GRCh38-ARHGDIA","ARHGDIA","10"
6.57542918671809e-182,0.312542681521159,0.224,0.073,4.75416681058091e-177,"GRCm39-Igsf6","Igsf6","10"
6.69813128924799e-182,0.97987250506976,0.617,0.433,4.84288288475208e-177,"GRCh38-ARF5","ARF5","10"
8.37581211743535e-182,1.08008930218602,0.884,0.88,6.0558796771481e-177,"GRCh38-HNRNPH1","HNRNPH1","10"
9.5426406905317e-182,1.08840035373074,0.698,0.558,6.89952007206823e-177,"GRCh38-BTG3","BTG3","10"
1.22048655421413e-181,-0.385171111128919,0.725,0.918,8.82436188427902e-177,"GRCh38-PLEKHA7","PLEKHA7","10"
1.2893317401683e-181,1.0018019451654,0.886,0.934,9.32212634776487e-177,"GRCh38-GLO1","GLO1","10"
1.64232528354684e-181,0.92803004721463,0.39,0.185,1.18743402651003e-176,"GRCh38-SGK1","SGK1","10"
2.59806776136168e-181,0.621668182041376,0.477,0.271,1.87845495281972e-176,"GRCh38-ENSG00000291224","ENSG00000291224","10"
3.93825612225137e-181,-0.449007781424112,0.592,0.828,2.84743794151019e-176,"GRCh38-GBP2","GBP2","10"
5.50369737169917e-181,0.352568263688015,0.233,0.079,3.97928327368594e-176,"GRCm39-Pgk1","Pgk1","10"
6.10794084464121e-181,0.429894429836941,0.24,0.083,4.41616338949248e-176,"GRCm39-Isg15","Isg15","10"
6.80135260187424e-181,0.349857473179125,0.237,0.081,4.91751395820711e-176,"GRCm39-Plac8","Plac8","10"
6.91827362725553e-181,0.265670873617122,0.206,0.064,5.00205019797829e-176,"GRCm39-Rpl4","Rpl4","10"
7.68989997486917e-181,0.283787784067587,0.203,0.063,5.55995147982991e-176,"GRCh38-ENSG00000288552","ENSG00000288552","10"
8.07866320591097e-181,-0.446991580742271,0.41,0.693,5.84103507113775e-176,"GRCh38-GGT7","GGT7","10"
8.83152960465559e-181,1.12403760250235,0.845,0.879,6.38537253475809e-176,"GRCh38-FDPS","FDPS","10"
9.78672342260766e-181,0.324671464760126,0.238,0.082,7.07599676901379e-176,"GRCm39-Rpl5","Rpl5","10"
1.22178875956353e-180,0.826320655592454,0.573,0.386,8.83377708939626e-176,"GRCh38-MCUB","MCUB","10"
1.32427427134693e-180,0.278330267307946,0.203,0.062,9.57476783669258e-176,"GRCm39-Cd24a","Cd24a","10"
2.28494453484558e-180,0.255558359449147,0.195,0.058,1.65206059758405e-175,"GRCm39-Gmfg","Gmfg","10"
4.29531070875966e-180,1.25489084980991,0.887,0.9,3.10559554864741e-175,"GRCh38-SRSF2","SRSF2","10"
5.81516783495871e-180,0.371460035684101,0.249,0.088,4.20448264803184e-175,"GRCm39-Arpc2","Arpc2","10"
7.64256400666713e-180,1.13345038416384,0.966,0.983,5.52572662810047e-175,"GRCh38-CALM2","CALM2","10"
7.76703449837176e-180,1.06275435387582,0.831,0.838,5.61572128301275e-175,"GRCh38-SUZ12","SUZ12","10"
9.30472597837735e-180,0.909498882183965,0.857,0.876,6.72750297688639e-175,"GRCh38-HNRNPUL1","HNRNPUL1","10"
9.71446025871196e-180,0.346371479735326,0.237,0.081,7.02374905625392e-175,"GRCm39-Atp5l","Atp5l","10"
1.66678554722477e-179,0.397595595504338,0.239,0.082,1.20511928635446e-174,"GRCm39-Lyst","Lyst","10"
2.96209857397586e-179,0.372478451492244,0.235,0.08,2.14165651095603e-174,"GRCm39-Bcl2l11","Bcl2l11","10"
4.87606538830882e-179,-0.878858610767153,0.371,0.631,3.52549279705504e-174,"GRCh38-PRXL2A","PRXL2A","10"
5.62772396812298e-179,1.51304714783966,0.822,0.741,4.06895698343228e-174,"GRCh38-HMGA1","HMGA1","10"
5.90865998444461e-179,1.18181500451285,0.951,0.978,4.27207934195314e-174,"GRCh38-HNRNPDL","HNRNPDL","10"
6.45016848597543e-179,0.902043596805377,0.626,0.461,4.66360081872996e-174,"GRCh38-TMEM107","TMEM107","10"
2.03102309141138e-178,0.933202272592767,0.605,0.425,1.46847031555226e-173,"GRCh38-DDB2","DDB2","10"
3.57070109049689e-178,-0.489399009485081,0.217,0.486,2.58168830245106e-173,"GRCh38-KLHDC1","KLHDC1","10"
4.93493770902758e-178,0.34449588672541,0.252,0.09,3.56805866238112e-173,"GRCm39-Col3a1","Col3a1","10"
5.35813257215519e-178,0.317716594561468,0.233,0.079,3.87403701231965e-173,"GRCm39-Sem1","Sem1","10"
5.6892166810835e-178,-0.415048529679572,0.862,0.989,4.11341744475699e-173,"GRCh38-PSAP","PSAP","10"
5.68927378968919e-178,-0.618176697336609,0.576,0.816,4.11345873542108e-173,"GRCh38-TDO2","TDO2","10"
1.03693007057768e-177,0.389083990715715,0.25,0.089,7.49721179629077e-173,"GRCm39-Prnp","Prnp","10"
1.24464667469362e-177,1.19262133385309,0.793,0.765,8.9990443873698e-173,"GRCh38-DIAPH1","DIAPH1","10"
1.56515317657066e-177,-0.611843362283143,0.738,0.93,1.13163704972412e-172,"GRCh38-CPE","CPE","10"
1.61462462883788e-177,0.945857844670767,0.845,0.855,1.16740589914236e-172,"GRCh38-POLD2","POLD2","10"
3.87461248444069e-177,0.726454212888724,0.617,0.44,2.80142231850031e-172,"GRCh38-NEDD1","NEDD1","10"
5.51817856066981e-177,0.368966491592948,0.226,0.076,3.98975346293549e-172,"GRCm39-Ero1a","Ero1a","10"
8.16388318731126e-177,1.11527040194518,0.888,0.946,5.90265082208978e-172,"GRCh38-ANAPC11","ANAPC11","10"
1.27956663775611e-176,0.291788313839731,0.213,0.069,9.25152270430421e-172,"GRCm39-Myl12b","Myl12b","10"
1.32338697188968e-176,1.14986785911187,0.816,0.849,9.5683524841568e-172,"GRCh38-CNIH4","CNIH4","10"
1.49120219495356e-176,0.36580414054762,0.222,0.074,1.07816901099532e-171,"GRCm39-Ppp1r15a","Ppp1r15a","10"
1.68102629151475e-176,0.37057820443987,0.241,0.084,1.21541562929099e-171,"GRCm39-Csf3r","Csf3r","10"
1.69810125582626e-176,0.310183570934002,0.221,0.073,1.2277611699875e-171,"GRCm39-Eif5a","Eif5a","10"
1.70545672993127e-176,0.309242092197594,0.209,0.067,1.23307932487491e-171,"GRCm39-C5ar1","C5ar1","10"
1.73227915941487e-176,1.03650990103883,0.692,0.538,1.25247247784014e-171,"GRCh38-TRMT6","TRMT6","10"
2.06486377417398e-176,-0.555801233888618,0.741,0.95,1.49293780600327e-171,"GRCh38-FTX","FTX","10"
2.55336315203258e-176,0.258636263092732,0.195,0.059,1.8461326261826e-171,"GRCm39-Gpx4","Gpx4","10"
2.83524876039738e-176,0.353057805570839,0.241,0.085,2.04994155874251e-171,"GRCm39-Pfdn5","Pfdn5","10"
2.87343072408082e-176,1.09134030874435,0.802,0.782,2.07754788212491e-171,"GRCh38-RUVBL2","RUVBL2","10"
4.26566077539038e-176,0.541659782663422,0.449,0.245,3.08415805382275e-171,"GRCh38-TLNRD1","TLNRD1","10"
4.3481222373455e-176,-0.48648170204617,0.574,0.817,3.14377934004554e-171,"GRCh38-LRP1","LRP1","10"
5.01081227284706e-176,0.312675404424602,0.2,0.062,3.62291748951388e-171,"GRCm39-Irf7","Irf7","10"
5.21164426326137e-176,-0.398367932093127,0.606,0.853,3.76812303522324e-171,"GRCh38-AHNAK2","AHNAK2","10"
5.36515794549349e-176,0.291161500265582,0.215,0.07,3.8791164977507e-171,"GRCh38-ZNF530","ZNF530","10"
7.48963450890947e-176,0.724925377116,0.516,0.319,5.41515554263172e-171,"GRCh38-PLGRKT","PLGRKT","10"
7.7127221297017e-176,0.351419876263146,0.238,0.083,5.57645235421692e-171,"GRCm39-Actr3","Actr3","10"
7.96786152644347e-176,0.348260663565228,0.229,0.078,5.76092324084916e-171,"GRCm39-Dynll1","Dynll1","10"
1.16229743846136e-175,0.316086586384017,0.223,0.074,8.4036429395633e-171,"GRCm39-Ctsa","Ctsa","10"
1.51742509367724e-175,0.61041642800461,0.254,0.095,1.09712869123052e-170,"GRCh38-LASTR","LASTR","10"
2.18923693592805e-175,1.01525450786776,0.834,0.864,1.5828620894147e-170,"GRCh38-IKBIP","IKBIP","10"
3.18650920161194e-175,0.291406566621493,0.215,0.07,2.30390988294946e-170,"GRCm39-Morf4l1","Morf4l1","10"
3.32525049578765e-175,0.358814237485169,0.144,0.035,2.40422261346439e-170,"GRCh38-SH2D2A","SH2D2A","10"
3.68533153634778e-175,0.943653499910462,0.835,0.851,2.66456840741017e-170,"GRCh38-GLRX5","GLRX5","10"
4.45512371859386e-175,0.34394493125342,0.204,0.064,3.22114355101773e-170,"GRCm39-G0s2","G0s2","10"
4.65031977796381e-175,0.876194525787395,0.736,0.613,3.3622742058634e-170,"GRCh38-MCMBP","MCMBP","10"
5.40501612922239e-175,0.334414109979492,0.251,0.091,3.90793476175038e-170,"GRCh38-RHEBL1","RHEBL1","10"
6.19438538105171e-175,-0.51023180503023,0.469,0.725,4.47866451820801e-170,"GRCh38-ORAI3","ORAI3","10"
6.55481569390177e-175,1.08140719437059,0.665,0.461,4.73926284300486e-170,"GRCh38-CSTA","CSTA","10"
7.78295212636404e-175,0.292952943778969,0.224,0.074,5.62723004640373e-170,"GRCm39-Slc25a3","Slc25a3","10"
9.50503972096949e-175,0.391729962974046,0.234,0.081,6.87233381905536e-170,"GRCm39-Tiparp","Tiparp","10"
1.10569680052743e-174,-0.434491476342118,0.556,0.805,7.99440900717345e-170,"GRCh38-HSBP1L1","HSBP1L1","10"
1.64246212713382e-174,1.0901049475582,0.754,0.701,1.1875329671603e-169,"GRCh38-EXOSC9","EXOSC9","10"
2.41624396461942e-174,1.00000930981882,0.838,0.811,1.74699271129913e-169,"GRCh38-PPP2CA","PPP2CA","10"
2.57673795408248e-174,1.28939949861606,0.963,0.98,1.86303307556072e-169,"GRCh38-PRDX1","PRDX1","10"
2.67658477216209e-174,0.338527847926078,0.223,0.074,1.93522432196863e-169,"GRCm39-Pde4b","Pde4b","10"
3.28269577324262e-174,0.959258646904553,0.298,0.117,2.37345469796988e-169,"GRCh38-CXCL1","CXCL1","10"
3.604421297632e-174,0.314259809447131,0.221,0.073,2.60606868661389e-169,"GRCm39-mt-Nd4","mt-Nd4","10"
3.65554439529506e-174,0.336024998245857,0.224,0.075,2.64303170868624e-169,"GRCm39-Kpna4","Kpna4","10"
3.92460518094162e-174,0.378636172989212,0.237,0.083,2.83756803792441e-169,"GRCm39-Gab2","Gab2","10"
3.95682653544737e-174,0.308960135045175,0.137,0.032,2.86086472165915e-169,"GRCh38-SENCR","SENCR","10"
5.48424290288316e-174,0.81426533737135,0.701,0.554,3.96521730364259e-169,"GRCh38-CHRAC1","CHRAC1","10"
5.61793908658503e-174,0.96643473886978,0.841,0.833,4.06188231838271e-169,"GRCh38-DYNC1LI1","DYNC1LI1","10"
7.74345783130423e-174,1.12413734991333,0.884,0.902,5.59867488118959e-169,"GRCh38-BRIX1","BRIX1","10"
8.7139567802834e-174,1.00909163314204,0.961,0.986,6.3003650312805e-169,"GRCh38-YWHAZ","YWHAZ","10"
1.00352251237062e-173,0.858686759293128,0.647,0.49,7.25566846894209e-169,"GRCh38-SAAL1","SAAL1","10"
1.13161893060611e-173,0.348961552984746,0.238,0.083,8.18183119206831e-169,"GRCm39-Hsp90ab1","Hsp90ab1","10"
1.4006655202173e-173,0.606982809539094,0.434,0.219,1.01270918442751e-168,"GRCh38-SNAI2","SNAI2","10"
1.63638706343139e-173,0.917869626652084,0.646,0.48,1.18314057460216e-168,"GRCh38-C11orf24","C11orf24","10"
2.18804707044275e-173,-0.474473717133462,0.291,0.551,1.58200179287152e-168,"GRCh38-ABTB1","ABTB1","10"
2.65175475944972e-173,0.385932558783405,0.244,0.086,1.91727172617733e-168,"GRCm39-Rsrp1","Rsrp1","10"
2.94812322685629e-173,0.939754711955521,0.749,0.661,2.13155205548163e-168,"GRCh38-FH","FH","10"
3.38384048419824e-173,0.746975603374746,0.591,0.409,2.44658434688501e-168,"GRCh38-SMPD4","SMPD4","10"
4.19159944067738e-173,0.729919832213157,0.337,0.146,3.03061022759856e-168,"GRCh38-RNF144B","RNF144B","10"
6.25274752574722e-173,1.12258253654233,0.539,0.339,4.52086151606576e-168,"GRCh38-CASC8","CASC8","10"
6.30768071902545e-173,0.706155667463974,0.574,0.374,4.56057931346978e-168,"GRCh38-MTA2","MTA2","10"
9.78782496155985e-173,0.974559000798682,0.893,0.92,7.076793203707e-168,"GRCh38-SRP9","SRP9","10"
9.89797862939917e-173,0.939162746971899,0.789,0.788,7.15643650862819e-168,"GRCh38-TMEM160","TMEM160","10"
1.01653341490989e-172,0.896306250071774,0.635,0.459,7.34973989648152e-168,"GRCh38-PRPS2","PRPS2","10"
1.14149330248414e-172,0.872116719427331,0.616,0.433,8.2532248756208e-168,"GRCh38-GSTCD","GSTCD","10"
1.47217149442589e-172,1.26220868350574,0.837,0.829,1.06440943389981e-167,"GRCh38-TUBA4A","TUBA4A","10"
1.84649798534454e-172,0.474556946093085,0.248,0.091,1.33505497336381e-167,"GRCm39-Gm8797","Gm8797","10"
3.05250111057246e-172,-0.588434077049847,0.508,0.738,2.2070193529661e-167,"GRCh38-MGLL","MGLL","10"
3.55468484730773e-172,0.291108619434425,0.218,0.072,2.57010823830043e-167,"GRCm39-H2aj","H2aj","10"
3.58038563143815e-172,1.28587184941833,0.534,0.329,2.58869041924241e-167,"GRCh38-CD70","CD70","10"
3.98653816506699e-172,0.320304035364195,0.21,0.068,2.88234682410674e-167,"GRCm39-Rnf149","Rnf149","10"
5.40533657094139e-172,0.28379130430585,0.2,0.062,3.90816644752204e-167,"GRCm39-Jak1","Jak1","10"
6.23409740590472e-172,1.00542862442419,0.907,0.952,4.50737710641723e-167,"GRCh38-ILF3","ILF3","10"
6.83751650824409e-172,0.951909100426833,0.65,0.493,4.94366118579064e-167,"GRCh38-SURF2","SURF2","10"
7.98040152149327e-172,0.387463832586829,0.196,0.062,5.76998990807006e-167,"GRCh38-ENSG00000287895","ENSG00000287895","10"
1.05172402665013e-171,0.933298806163853,0.856,0.962,7.6041750574858e-167,"GRCh38-CALU","CALU","10"
1.50016536973918e-171,0.793920885673818,0.615,0.437,1.08464956562882e-166,"GRCh38-ZW10","ZW10","10"
2.01184181102693e-171,0.339815799317,0.229,0.079,1.45460186620869e-166,"GRCm39-Hnrnpa2b1","Hnrnpa2b1","10"
2.087431628587e-171,0.301445921820472,0.151,0.039,1.50925481610097e-166,"GRCh38-NMU","NMU","10"
2.12255635238641e-171,-0.448048499953428,0.842,0.979,1.53465069390242e-166,"GRCh38-CTSD","CTSD","10"
2.56069662171611e-171,-0.538908749718558,0.46,0.734,1.85143487143318e-166,"GRCh38-AR","AR","10"
2.82389136292089e-171,-0.593996693334011,0.051,0.282,2.04172993321906e-166,"GRCh38-WNT6","WNT6","10"
3.87245352543612e-171,0.287760125114718,0.216,0.072,2.79986134796082e-166,"GRCm39-Fabp5","Fabp5","10"
4.0498525683556e-171,1.17113320339467,0.887,0.917,2.92812440397246e-166,"GRCh38-SNRPC","SNRPC","10"
7.01217478941193e-171,0.346771293767691,0.216,0.071,5.06994261624061e-166,"GRCm39-Nfkb1","Nfkb1","10"
7.396725117201e-171,1.21862824142087,0.878,0.904,5.34798019423867e-166,"GRCh38-PFDN2","PFDN2","10"
9.48109439537984e-171,0.304936710934127,0.212,0.069,6.85502086974753e-166,"GRCm39-Sik3","Sik3","10"
1.05793781724811e-170,0.31871876114232,0.216,0.071,7.64910200626726e-166,"GRCm39-Id2","Id2","10"
1.08775982917759e-170,0.824774858241253,0.616,0.457,7.86472111691984e-166,"GRCh38-CEP70","CEP70","10"
1.50473856103539e-170,0.510805440865994,0.289,0.117,1.08795607439981e-165,"GRCh38-ANK1","ANK1","10"
1.59762201122563e-170,0.556646074198866,0.471,0.27,1.15511266655636e-165,"GRCh38-C2orf69","C2orf69","10"
1.85060577739658e-170,0.306211931775638,0.212,0.069,1.33802498917328e-165,"GRCm39-Arg2","Arg2","10"
1.9890165162405e-170,0.324478214558669,0.232,0.081,1.43809872157221e-165,"GRCm39-Ctsl","Ctsl","10"
3.52078674787392e-170,0.306180775755767,0.217,0.072,2.54559923444781e-165,"GRCm39-Zyx","Zyx","10"
4.50774422607737e-170,0.400749299951437,0.248,0.09,3.25918923033846e-165,"GRCm39-Ccl4","Ccl4","10"
4.81364953662787e-170,1.11465991245551,0.992,0.995,3.48036488797268e-165,"GRCh38-ENO1","ENO1","10"
7.29253499394193e-170,0.990505867112067,0.683,0.563,5.27264865131989e-165,"GRCh38-MSH2","MSH2","10"
1.05356781821236e-169,1.07319068361709,0.832,0.82,7.61750603923904e-165,"GRCh38-UCHL5","UCHL5","10"
1.30432617021142e-169,-0.47667755236888,0.399,0.671,9.43053907586258e-165,"GRCh38-N4BP2L1","N4BP2L1","10"
1.78084319728748e-169,0.381515772782922,0.207,0.068,1.28758524850279e-164,"GRCh38-ENSG00000286442","ENSG00000286442","10"
2.01501835234153e-169,0.306234516888057,0.215,0.072,1.45689856910997e-164,"GRCm39-Rhog","Rhog","10"
2.44644573839598e-169,0.354353419193734,0.22,0.074,1.76882919777506e-164,"GRCm39-Dennd4a","Dennd4a","10"
4.05080526783535e-169,-0.445497209428919,0.621,0.861,2.92881322475031e-164,"GRCh38-ENSG00000287335","ENSG00000287335","10"
4.16933060399141e-169,0.784455947658874,0.453,0.24,3.01450941329787e-164,"GRCh38-FABP6","FABP6","10"
4.27648392417391e-169,1.41598890927058,0.839,0.837,3.09198340685622e-164,"GRCh38-GCLM","GCLM","10"
5.58292561352804e-169,0.773760823553288,0.495,0.302,4.03656687709305e-164,"GRCh38-WDR77","WDR77","10"
8.9961427328411e-169,0.355654901369978,0.231,0.081,6.50439111869877e-164,"GRCm39-Calm2","Calm2","10"
9.12870803286114e-169,1.01024962002828,0.867,0.897,6.60023848191926e-164,"GRCh38-VBP1","VBP1","10"
2.34505782341625e-168,1.21800322088593,0.878,0.888,1.69552370748641e-163,"GRCh38-PSMD12","PSMD12","10"
3.99867773795619e-168,-0.470242765955511,0.536,0.791,2.89112397809709e-163,"GRCh38-FBXL20","FBXL20","10"
4.20798891386814e-168,0.323239693535996,0.214,0.072,3.04246014450494e-163,"GRCm39-Nfe2l2","Nfe2l2","10"
4.37460657158482e-168,1.09291085265373,0.766,0.685,3.16292804338726e-163,"GRCh38-RNF126","RNF126","10"
4.41491378787499e-168,0.837200308640308,0.709,0.583,3.19207096690938e-163,"GRCh38-JPT2","JPT2","10"
4.55598619629171e-168,0.326508735426242,0.216,0.072,3.29406913964283e-163,"GRCm39-Ptbp3","Ptbp3","10"
4.70760779909466e-168,0.362667635715791,0.237,0.084,3.40369459090142e-163,"GRCm39-F10","F10","10"
4.94027112776791e-168,0.864392034883172,0.583,0.402,3.57191483079875e-163,"GRCh38-SRXN1","SRXN1","10"
5.15357212600822e-168,0.771366756878989,0.557,0.378,3.72613571854646e-163,"GRCh38-TOR3A","TOR3A","10"
9.52961142328974e-168,0.350127069187745,0.228,0.079,6.89009965126694e-163,"GRCm39-Rps2","Rps2","10"
1.71380369898337e-167,0.274868555463866,0.212,0.07,1.23911435043895e-162,"GRCm39-Ubl5","Ubl5","10"
1.9054627221956e-167,0.422652246225034,0.378,0.185,1.37768765740187e-162,"GRCh38-GRPEL2","GRPEL2","10"
2.6772264471842e-167,0.31385241613715,0.228,0.079,1.93568826584312e-162,"GRCm39-Tmbim6","Tmbim6","10"
3.253927454412e-167,-0.462074124409294,0.594,0.83,2.35265462808896e-162,"GRCh38-RGL1","RGL1","10"
3.48009111287304e-167,1.36126892434279,0.988,0.99,2.51617547642947e-162,"GRCh38-CFL1","CFL1","10"
5.56970919744122e-167,0.36424158898417,0.219,0.075,4.02701114393395e-162,"GRCh38-ZNF93","ZNF93","10"
5.84837864743371e-167,0.348135244861412,0.231,0.081,4.22849472966752e-162,"GRCm39-Syk","Syk","10"
6.070579364144e-167,0.826138683264387,0.752,0.646,4.3891502918634e-162,"GRCh38-RCC2","RCC2","10"
7.25643122823541e-167,0.316756650857128,0.218,0.074,5.24654490663876e-162,"GRCm39-Cd300lf","Cd300lf","10"
8.63624716769366e-167,1.28727897036512,0.952,0.977,6.24417942718587e-162,"GRCh38-PPP1R14B","PPP1R14B","10"
1.44697122757268e-166,0.632092734894693,0.595,0.41,1.0461891369596e-161,"GRCh38-PPP2R5D","PPP2R5D","10"
1.53706278310968e-166,0.336230982801058,0.226,0.078,1.11132713344396e-161,"GRCm39-Ms4a6d","Ms4a6d","10"
1.67755752421552e-166,0.955480714063869,0.44,0.238,1.21290764115831e-161,"GRCh38-SPHK1","SPHK1","10"
1.7126445184122e-166,0.312938205741148,0.218,0.074,1.23827623970239e-161,"GRCm39-Lsp1","Lsp1","10"
2.09428908063779e-166,1.19870971995419,0.732,0.634,1.51421289108274e-161,"GRCh38-DCTPP1","DCTPP1","10"
2.41729228610064e-166,0.979562922133555,0.319,0.136,1.74775066869649e-161,"GRCh38-PTHLH","PTHLH","10"
2.85632133568023e-166,0.938313143003292,0.831,0.815,2.06517745212352e-161,"GRCh38-PSMC2","PSMC2","10"
3.01616811022107e-166,0.768024793177049,0.596,0.411,2.18074986705204e-161,"GRCh38-GABPB1","GABPB1","10"
3.01852165135623e-166,0.31603566768391,0.219,0.075,2.18245152436358e-161,"GRCm39-Ube2d3","Ube2d3","10"
3.35671957462227e-166,1.11852801670633,0.817,0.823,2.4269753868434e-161,"GRCh38-MAGOH","MAGOH","10"
3.70912915975202e-166,0.996274239427487,0.819,0.8,2.68177456508391e-161,"GRCh38-VMA21","VMA21","10"
6.0635742572992e-166,1.00282583300585,0.797,0.797,4.38408545951247e-161,"GRCh38-ITGB3BP","ITGB3BP","10"
7.49942207439491e-166,1.35082726677738,0.903,0.953,5.42223214822901e-161,"GRCh38-DUT","DUT","10"
8.88945516565049e-166,-0.627078164292215,0.198,0.451,6.42725387386862e-161,"GRCh38-LINC02694","LINC02694","10"
1.56174797245175e-165,0.293644807186803,0.203,0.066,1.12917501904206e-160,"GRCm39-Efhd2","Efhd2","10"
1.61211777131859e-165,-0.380516180473147,0.706,0.934,1.16559339101876e-160,"GRCh38-IMMP2L","IMMP2L","10"
1.85947389682836e-165,0.954004970874108,0.645,0.481,1.34443681688484e-160,"GRCh38-CTPS1","CTPS1","10"
1.92390472785463e-165,1.27891906978097,0.837,0.777,1.39102159633345e-160,"GRCh38-CAVIN3","CAVIN3","10"
3.67355935832982e-165,0.544346282078295,0.262,0.102,2.65605688725963e-160,"GRCh38-ABCA4","ABCA4","10"
5.66798399682454e-165,-0.572405847089322,0.328,0.595,4.09806578938408e-160,"GRCh38-ENSG00000256417","ENSG00000256417","10"
7.87215925480273e-165,0.701308250786025,0.578,0.4,5.69172858440747e-160,"GRCh38-CLN6","CLN6","10"
1.11527687715678e-164,0.313529490572676,0.214,0.072,8.06367487721898e-160,"GRCm39-Abca1","Abca1","10"
1.22047152965429e-164,-0.775071312018065,0.315,0.571,8.82425325370643e-160,"GRCh38-ANGPT1","ANGPT1","10"
1.32613555134537e-164,0.818339491367928,0.268,0.101,9.58822526333733e-160,"GRCh38-CCL20","CCL20","10"
2.21663937223427e-164,0.320014672868549,0.205,0.068,1.60267459891282e-159,"GRCm39-Irak2","Irak2","10"
2.33115505825476e-164,1.01389490360518,0.917,0.964,1.68547173021935e-159,"GRCh38-HDGF","HDGF","10"
2.39891172217732e-164,-0.546502883491691,0.447,0.695,1.73446115336865e-159,"GRCh38-PTGFR","PTGFR","10"
3.45022129259483e-164,0.764856125720469,0.372,0.178,2.49457899897191e-159,"GRCh38-OAS2","OAS2","10"
3.56395444713878e-164,0.296377644479613,0.211,0.071,2.57681034437028e-159,"GRCm39-Arpc5","Arpc5","10"
5.35548588627747e-164,0.932379302774109,0.668,0.551,3.87212340549634e-159,"GRCh38-LMF2","LMF2","10"
5.77741186514119e-164,0.303157437997356,0.213,0.072,4.17718432673438e-159,"GRCm39-Ninj1","Ninj1","10"
6.07460363488121e-164,-0.553132851050901,0.65,0.863,4.39205992009181e-159,"GRCh38-ARMC9","ARMC9","10"
6.31248766225934e-164,0.958293826554466,0.805,0.737,4.56405482956675e-159,"GRCh38-MAPRE1","MAPRE1","10"
6.95679553956577e-164,-0.436071053495545,0.486,0.747,5.02990231101684e-159,"GRCh38-KLHL24","KLHL24","10"
7.65766994713968e-164,0.280826677685226,0.208,0.069,5.53664852518093e-159,"GRCm39-Zeb2","Zeb2","10"
9.16523806194454e-164,0.542418139825737,0.377,0.19,6.62665042354714e-159,"GRCh38-CABYR","CABYR","10"
1.09730643011112e-163,-0.424085203880752,0.125,0.369,7.93374495098941e-159,"GRCh38-KCNK15-AS1","KCNK15-AS1","10"
1.49241052321786e-163,-0.499585394866543,0.31,0.582,1.07904265649697e-158,"GRCh38-UNC5B","UNC5B","10"
2.09428419608033e-163,0.864464736065469,0.525,0.341,1.51420935945e-158,"GRCh38-MCM6","MCM6","10"
2.73667606122385e-163,0.274054936930129,0.196,0.063,1.97867152578607e-158,"GRCm39-Gm10076","Gm10076","10"
4.03305811468919e-163,0.992591523667808,0.849,0.851,2.91598167808257e-158,"GRCh38-EIF2S1","EIF2S1","10"
5.06955573182584e-163,0.870146480597607,0.66,0.5,3.66539018522472e-158,"GRCh38-SLC7A5","SLC7A5","10"
9.43844373258618e-163,-0.420445455154097,0.861,0.971,6.82418358753446e-158,"GRCh38-LGALS3","LGALS3","10"
1.08577737651157e-162,1.00409184397657,0.935,0.954,7.85038758765392e-158,"GRCh38-BZW1","BZW1","10"
1.0858547366261e-162,0.306920948582126,0.262,0.103,7.850946916754e-158,"GRCh38-DCLRE1A","DCLRE1A","10"
1.24769063516345e-162,0.966732424224481,0.731,0.61,9.02105283035877e-158,"GRCh38-PSME3","PSME3","10"
1.54196111898354e-162,0.342897806265809,0.234,0.085,1.11486872824748e-157,"GRCm39-Eif4a1","Eif4a1","10"
1.56086756529122e-162,1.06003741673963,0.816,0.82,1.12853846705686e-157,"GRCh38-TFAM","TFAM","10"
1.63278043960858e-162,0.355363189480855,0.224,0.078,1.1805329134458e-157,"GRCm39-Mbnl2","Mbnl2","10"
1.68725903356617e-162,0.417998135089707,0.315,0.14,1.21992202644901e-157,"GRCh38-LINC00601","LINC00601","10"
1.73925566681617e-162,0.342457737609407,0.217,0.074,1.25751663222143e-157,"GRCm39-Upp1","Upp1","10"
1.89054871831147e-162,0.391425266278254,0.301,0.129,1.36690453431356e-157,"GRCh38-DHRS11","DHRS11","10"
2.25604413178812e-162,0.427145014984018,0.318,0.142,1.63116502816545e-157,"GRCh38-PIGW","PIGW","10"
2.66666953037634e-162,0.591911927296596,0.46,0.262,1.9280554038527e-157,"GRCh38-ETV4","ETV4","10"
3.42408571112642e-162,0.976471162336689,0.703,0.589,2.47568245085862e-157,"GRCh38-SF3B4","SF3B4","10"
3.45003107069685e-162,0.275765444836776,0.197,0.064,2.49444146473524e-157,"GRCm39-Arf5","Arf5","10"
5.90676291551759e-162,1.04398601781067,0.901,0.953,4.27070772317753e-157,"GRCh38-MRPL51","MRPL51","10"
5.91940656522001e-162,0.342463063296091,0.234,0.084,4.27984933478537e-157,"GRCm39-Tgfbi","Tgfbi","10"
6.48301436068229e-162,-0.535241530394678,0.309,0.578,4.68734904306051e-157,"GRCh38-GPR173","GPR173","10"
8.86439659314502e-162,0.263249182363984,0.196,0.063,6.40913602477571e-157,"GRCm39-Mmp9","Mmp9","10"
1.42879558497538e-161,1.28049947014647,0.88,0.914,1.0330477838489e-156,"GRCh38-MACROH2A1","MACROH2A1","10"
1.9257659271768e-161,1.05106474602615,0.826,0.803,1.39236728066737e-156,"GRCh38-COX17","COX17","10"
3.87455083261971e-161,0.251534446491938,0.193,0.062,2.8013777430007e-156,"GRCm39-Timp2","Timp2","10"
4.16122384585783e-161,0.641035883302536,0.538,0.35,3.00864806503213e-156,"GRCh38-C1orf174","C1orf174","10"
4.32005036037686e-161,1.00697332306432,0.714,0.624,3.12348281155968e-156,"GRCh38-MORC4","MORC4","10"
5.07006759285332e-161,0.690087072160813,0.582,0.404,3.6657602709848e-156,"GRCh38-RBM12","RBM12","10"
6.53215376336802e-161,0.297357399512602,0.219,0.076,4.72287781399035e-156,"GRCm39-Clta","Clta","10"
7.33995890439652e-161,0.334419742673907,0.225,0.079,5.30693708705677e-156,"GRCm39-Ccnl1","Ccnl1","10"
7.71884864344103e-161,0.368039966959516,0.227,0.081,5.58088194618073e-156,"GRCh38-CYP2U1-AS1","CYP2U1-AS1","10"
8.73624038556525e-161,1.05669754846747,0.893,0.949,6.31647652357139e-156,"GRCh38-U2AF1","U2AF1","10"
1.07417110754963e-160,-0.449014984294881,0.647,0.872,7.76647194180531e-156,"GRCh38-ENSG00000235979","ENSG00000235979","10"
1.51009082168571e-160,0.576979326199899,0.264,0.104,1.0918258658952e-155,"GRCh38-CYB5R2","CYB5R2","10"
1.56097458011829e-160,0.86868904123383,0.5,0.308,1.12861584091713e-155,"GRCh38-NUP62CL","NUP62CL","10"
2.35363022988591e-160,0.697674326723951,0.573,0.394,1.70172172881211e-155,"GRCh38-TMEM209","TMEM209","10"
2.55911812026285e-160,0.263629657849502,0.196,0.063,1.85029358331245e-155,"GRCm39-Cd37","Cd37","10"
2.97512891594268e-160,-0.479946933124861,0.692,0.905,2.15107770880488e-155,"GRCh38-FBXO32","FBXO32","10"
3.75794807902847e-160,0.805259092884208,0.723,0.599,2.71707162009917e-155,"GRCh38-GNPNAT1","GNPNAT1","10"
5.44191374148211e-160,0.993481785601095,0.848,0.916,3.9346124733664e-155,"GRCh38-BAZ1B","BAZ1B","10"
7.83676983567374e-160,0.71340922121712,0.637,0.472,5.66614132658882e-155,"GRCh38-FAIM","FAIM","10"
1.10814428316228e-159,1.12534455511378,0.756,0.657,8.01210479611992e-155,"GRCh38-TFRC","TFRC","10"
1.52990972204926e-159,0.353712896878054,0.223,0.078,1.10615532723606e-154,"GRCm39-Basp1","Basp1","10"
1.59559669565783e-159,-0.463721558979736,0.309,0.557,1.15364832289453e-154,"GRCh38-RAD51-AS1","RAD51-AS1","10"
2.04400794020331e-159,0.953897652856821,0.291,0.122,1.47785862092579e-154,"GRCh38-LAPTM5","LAPTM5","10"
2.61770996557633e-159,0.507778783873918,0.356,0.171,1.892656659311e-154,"GRCh38-C1QL1","C1QL1","10"
2.78750706148692e-159,1.12633600008377,0.812,0.823,2.01542335559627e-154,"GRCh38-ATP1B3","ATP1B3","10"
2.86354351114937e-159,0.838719725693698,0.682,0.554,2.07039922943122e-154,"GRCh38-NIPA2","NIPA2","10"
3.08049782698931e-159,0.996675919233808,0.797,0.768,2.22726153886981e-154,"GRCh38-PGD","PGD","10"
3.11895257380201e-159,-0.521646613548576,0.144,0.384,2.25506508991033e-154,"GRCh38-PODNL1","PODNL1","10"
4.00442645116197e-159,1.06299545029603,0.816,0.788,2.89528041271913e-154,"GRCh38-IRAK1","IRAK1","10"
6.18707667965706e-159,0.304318331191495,0.216,0.074,4.47338018092565e-154,"GRCm39-Sorl1","Sorl1","10"
6.33210699145776e-159,0.2875579086428,0.216,0.075,4.57823999696379e-154,"GRCm39-Rbm39","Rbm39","10"
6.65730505266695e-159,0.966866910590697,0.845,0.843,4.81336469917926e-154,"GRCh38-CBX1","CBX1","10"
8.31088033052401e-159,0.932413943061621,0.727,0.621,6.00893269657547e-154,"GRCh38-PRPF4","PRPF4","10"
8.429043224903e-159,1.03723540490426,0.645,0.509,6.09436683246937e-154,"GRCh38-POLR3K","POLR3K","10"
9.41356322072873e-159,0.397482928986232,0.296,0.128,6.80619447985128e-154,"GRCh38-FBXO48","FBXO48","10"
1.07516047608247e-158,0.931056460821913,0.714,0.634,7.77362527417145e-154,"GRCh38-ERLIN1","ERLIN1","10"
1.14829345582361e-158,1.05074981883336,0.759,0.666,8.30239134429588e-154,"GRCh38-RCC1","RCC1","10"
1.57602459396417e-158,0.311261146022269,0.218,0.076,1.13949730192797e-153,"GRCm39-Fus","Fus","10"
1.76941128821378e-158,0.311315155598918,0.202,0.067,1.27931974960432e-153,"GRCm39-Cd9","Cd9","10"
2.49496017465266e-158,0.303605642491699,0.211,0.072,1.80390610547737e-153,"GRCm39-Hif1a","Hif1a","10"
2.56564313922252e-158,0.800441034808522,0.327,0.152,1.85501130252066e-153,"GRCh38-ENSG00000228509","ENSG00000228509","10"
2.58000872369964e-158,0.662146370142044,0.294,0.125,1.86539790740932e-153,"GRCh38-TGFA","TGFA","10"
2.8292638129981e-158,0.273427187545887,0.205,0.068,2.04561432207389e-153,"GRCm39-Selenok","Selenok","10"
2.91676702114892e-158,0.91392531784689,0.856,0.84,2.10888089163109e-153,"GRCh38-GNAI3","GNAI3","10"
2.93905058089246e-158,-0.508440402994369,0.486,0.752,2.12499235099686e-153,"GRCh38-IGSF1","IGSF1","10"
3.39479005200944e-158,-0.930440766593966,0.399,0.629,2.45450110340387e-153,"GRCh38-DIO2","DIO2","10"
4.15348386442162e-158,0.268691037617264,0.2,0.066,3.00305190365412e-153,"GRCm39-Atp2b1","Atp2b1","10"
8.0700674007774e-158,1.02075366813592,0.823,0.819,5.83482013211008e-153,"GRCh38-PAFAH1B3","PAFAH1B3","10"
9.11923654704919e-158,0.292942888469832,0.208,0.07,6.59339040824751e-153,"GRCm39-Zfp36","Zfp36","10"
9.63376153056619e-158,1.05768952596214,0.913,0.946,6.96540226182997e-153,"GRCh38-HSPA9","HSPA9","10"
1.01409386659828e-157,1.13326751252928,0.924,0.962,7.33210147427891e-153,"GRCh38-PDCD5","PDCD5","10"
1.01994240271854e-157,1.15639253120104,0.956,0.981,7.37438756013561e-153,"GRCh38-TXN","TXN","10"
1.95600450760012e-157,0.281680991150773,0.191,0.062,1.41423037908504e-152,"GRCm39-Tuba1c","Tuba1c","10"
3.0119795054388e-157,0.280384823871362,0.2,0.066,2.17772142202236e-152,"GRCm39-Osbpl9","Osbpl9","10"
3.32541391453343e-157,0.301697276031225,0.203,0.068,2.40434076848596e-152,"GRCm39-Dusp16","Dusp16","10"
3.48248788164282e-157,-0.439378106775962,0.696,0.895,2.51790838818539e-152,"GRCh38-COL12A1","COL12A1","10"
4.77129987101493e-157,0.256038766981671,0.2,0.066,3.44974523274121e-152,"GRCm39-Srsf5","Srsf5","10"
7.07201104230822e-157,0.395613947817459,0.192,0.062,5.11320542380969e-152,"GRCh38-MYBPHL","MYBPHL","10"
7.0917253585523e-157,0.869379984827336,0.732,0.611,5.12745926874049e-152,"GRCh38-IPO5","IPO5","10"
1.17998500168046e-156,0.324288136865991,0.252,0.097,8.53152755915008e-152,"GRCh38-TSPAN13","TSPAN13","10"
1.40113494639632e-156,1.17810269296012,0.807,0.719,1.01304858894347e-151,"GRCh38-ETS2","ETS2","10"
1.47826973379393e-156,1.01577469573281,0.73,0.653,1.06881858292769e-151,"GRCh38-XRCC4","XRCC4","10"
1.51236017354933e-156,0.85261995618953,0.54,0.334,1.09346665267963e-151,"GRCh38-CRYBG1","CRYBG1","10"
1.51929847779928e-156,-0.373691852967828,0.237,0.493,1.09848318541844e-151,"GRCh38-TMEM150A","TMEM150A","10"
1.96223178655536e-156,0.990686464665307,0.968,0.984,1.41873282631526e-151,"GRCh38-SET","SET","10"
2.48799939958945e-156,0.281639835550367,0.196,0.064,1.79887332589116e-151,"GRCm39-Tgm2","Tgm2","10"
2.75872824147995e-156,0.337760083792171,0.214,0.074,1.99461569315483e-151,"GRCm39-Gadd45b","Gadd45b","10"
2.76114551858277e-156,0.73179351340406,0.571,0.405,1.99636343284571e-151,"GRCh38-MDC1","MDC1","10"
2.89932622597683e-156,0.785588631305176,0.617,0.463,2.09627084790577e-151,"GRCh38-INO80E","INO80E","10"
3.78761838068855e-156,0.662276386746694,0.553,0.372,2.73852384160544e-151,"GRCh38-NUP188","NUP188","10"
5.58277635196409e-156,1.01661763393151,0.882,0.928,4.03645895799707e-151,"GRCh38-USP14","USP14","10"
1.0514930388678e-155,0.355148679186738,0.218,0.077,7.60250496962199e-151,"GRCm39-Lrmda","Lrmda","10"
1.27203873194337e-155,0.78517878211202,0.509,0.324,9.19709443969695e-151,"GRCh38-RPS6KA4","RPS6KA4","10"
1.30656316701212e-155,1.02478679110375,0.887,0.925,9.44671301013101e-151,"GRCh38-ZFP91","ZFP91","10"
1.40407459324264e-155,0.984714490596241,0.67,0.549,1.01517401240629e-150,"GRCh38-MYO19","MYO19","10"
1.48813345420837e-155,0.353559691596922,0.22,0.078,1.07595025006174e-150,"GRCm39-Fndc3b","Fndc3b","10"
1.63395001650117e-155,1.20763336491528,0.701,0.612,1.18137854093068e-150,"GRCh38-PRIM2","PRIM2","10"
1.70607918099151e-155,1.05862881535585,0.801,0.765,1.23352936944048e-150,"GRCh38-ADISSP","ADISSP","10"
2.18401271273628e-155,0.855437566983786,0.819,0.871,1.57908487156258e-150,"GRCh38-PGRMC1","PGRMC1","10"
2.83631490430752e-155,-0.58478870483398,0.196,0.446,2.05071240211242e-150,"GRCh38-ENSG00000253108","ENSG00000253108","10"
3.43319434581849e-155,0.254614374919939,0.19,0.061,2.48226817591369e-150,"GRCm39-Pdia3","Pdia3","10"
3.94859779806246e-155,1.09169577891459,0.96,0.981,2.85491517995512e-150,"GRCh38-HNRNPU","HNRNPU","10"
4.70175518615074e-155,0.659985981528158,0.529,0.342,3.39946303469071e-150,"GRCh38-NOC4L","NOC4L","10"
5.41999755140773e-155,0.935986535801668,0.768,0.702,3.91876662961881e-150,"GRCh38-RRP7A","RRP7A","10"
5.71424338934828e-155,-0.402026545997929,0.46,0.706,4.13151225536659e-150,"GRCh38-KLHDC8B","KLHDC8B","10"
6.55504789723765e-155,1.11756491202982,0.631,0.501,4.73943073066076e-150,"GRCh38-RBL1","RBL1","10"
6.62321192787353e-155,0.256036876609432,0.205,0.069,4.78871468809112e-150,"GRCm39-Uqcrh","Uqcrh","10"
6.77132048303939e-155,0.321057310295224,0.215,0.075,4.89580013564714e-150,"GRCm39-Ier5","Ier5","10"
1.10283330640352e-154,0.981482164063508,0.756,0.715,7.97370537195872e-150,"GRCh38-NUP107","NUP107","10"
1.51622577196368e-154,0.267727629122292,0.196,0.065,1.09626155764518e-149,"GRCm39-Ppib","Ppib","10"
1.53672562931279e-154,0.757617841108132,0.486,0.301,1.11108336450573e-149,"GRCh38-ATAD3B","ATAD3B","10"
2.28102346086668e-154,0.696712757146831,0.557,0.378,1.64922558267582e-149,"GRCh38-CHEK2","CHEK2","10"
3.2448922127265e-154,0.255713992664178,0.181,0.056,2.34612196764551e-149,"GRCm39-Hectd1","Hectd1","10"
3.89045641226733e-154,-0.282683773451091,0.61,0.901,2.81287779519752e-149,"GRCh38-ASS1","ASS1","10"
4.96936351241884e-154,1.04645120720382,0.816,0.758,3.59294920674907e-149,"GRCh38-EFHD2","EFHD2","10"
5.20481611502915e-154,1.25387043279552,0.889,0.907,3.76318614748837e-149,"GRCh38-HSPH1","HSPH1","10"
6.27519703902539e-154,1.05963892467982,0.824,0.906,4.53709296315614e-149,"GRCh38-SLC3A2","SLC3A2","10"
1.13136628691234e-153,-0.507630667891412,0.452,0.696,8.18000452763358e-149,"GRCh38-RUNX2","RUNX2","10"
1.20751592027142e-153,0.289648237000204,0.201,0.068,8.73058160674644e-149,"GRCm39-Dnaja1","Dnaja1","10"
1.36913187178208e-153,0.746310074433795,0.529,0.356,9.89909725935882e-149,"GRCh38-FZR1","FZR1","10"
1.57470529397477e-153,0.974567650289287,0.716,0.589,1.13854342164964e-148,"GRCh38-NCS1","NCS1","10"
2.11190066427876e-153,0.902140149043415,0.872,0.896,1.52694641828683e-148,"GRCh38-ANP32A","ANP32A","10"
2.50821660735171e-153,1.2298615540366,0.978,0.988,1.81349077144743e-148,"GRCh38-GSTP1","GSTP1","10"
3.13749755132824e-153,-0.556778465866148,0.298,0.549,2.26847347956134e-148,"GRCh38-PRKN","PRKN","10"
5.16088347546664e-153,1.1931218873244,0.879,0.917,3.73142197043189e-148,"GRCh38-SRSF7","SRSF7","10"
6.20939551131893e-153,0.73022836288512,0.251,0.097,4.48951714259382e-148,"GRCh38-CD83","CD83","10"
7.64762905870235e-153,0.267287501547206,0.203,0.069,5.52938876202297e-148,"GRCm39-Myl12a","Myl12a","10"
8.61575238233404e-153,0.264845458879669,0.184,0.058,6.22936128747516e-148,"GRCm39-Cyp4f18","Cyp4f18","10"
1.08876192542118e-152,1.01232336979691,0.803,0.791,7.87196647318021e-148,"GRCh38-QSER1","QSER1","10"
1.67479767245324e-152,1.07270500245421,0.967,0.977,1.21091221313714e-147,"GRCh38-EIF4G2","EIF4G2","10"
1.76256070635416e-152,0.764930639994013,0.599,0.451,1.27436664190818e-147,"GRCh38-CCDC77","CCDC77","10"
2.57122401812796e-152,0.868759854398302,0.858,0.918,1.85904638958688e-147,"GRCh38-KDELR2","KDELR2","10"
2.58355908338136e-152,0.938607825561114,0.625,0.474,1.86796488846639e-147,"GRCh38-NCLN","NCLN","10"
2.66163940088811e-152,0.427211836986187,0.227,0.083,1.92441851963012e-147,"GRCm39-Hsp90aa1","Hsp90aa1","10"
3.21987996453539e-152,0.343807916045612,0.247,0.097,2.32803761195838e-147,"GRCh38-RNFT2","RNFT2","10"
4.44889859343914e-152,1.25416142958229,0.563,0.37,3.21664266102837e-147,"GRCh38-TMEM158","TMEM158","10"
4.69950521612393e-152,0.900958078759572,0.718,0.647,3.39783626136192e-147,"GRCh38-MPHOSPH9","MPHOSPH9","10"
5.25599748416108e-152,1.00727908659666,0.908,0.962,3.80019130099814e-147,"GRCh38-PSMA2","PSMA2","10"
5.75135472282534e-152,0.854113200411514,0.7,0.598,4.15834449169718e-147,"GRCh38-NUP37","NUP37","10"
6.90306031689381e-152,0.355589974850439,0.218,0.078,4.99105067032056e-147,"GRCm39-Sgms2","Sgms2","10"
8.32490818354786e-152,0.774029011330524,0.698,0.578,6.01907511486878e-147,"GRCh38-CNOT9","CNOT9","10"
8.4416978690727e-152,1.2216097327814,0.947,0.954,6.10351639329695e-147,"GRCh38-FSCN1","FSCN1","10"
9.82029795240629e-152,0.762022079349917,0.706,0.616,7.1002718255488e-147,"GRCh38-HINT2","HINT2","10"
1.01582095043403e-151,1.24161280693759,0.914,0.943,7.34458863582815e-147,"GRCh38-PGAM1","PGAM1","10"
1.24797623749523e-151,0.339585111059051,0.214,0.075,9.02311779233802e-147,"GRCm39-Runx1","Runx1","10"
1.32808824634099e-151,1.05596399980473,0.901,0.944,9.60234363869466e-147,"GRCh38-SLIRP","SLIRP","10"
1.3383989455223e-151,0.272982809392929,0.195,0.065,9.67689205591531e-147,"GRCm39-Atf4","Atf4","10"
1.86198458676835e-151,0.474106751252599,0.101,0.021,1.34625209592525e-146,"GRCh38-SLCO2B1","SLCO2B1","10"
2.81595225744495e-151,0.857986436204077,0.643,0.494,2.03598980117785e-146,"GRCh38-MPHOSPH6","MPHOSPH6","10"
4.77948639036172e-151,0.30604880053192,0.21,0.073,3.45566424995933e-146,"GRCm39-Tax1bp1","Tax1bp1","10"
5.27016563663737e-151,0.73681117097381,0.573,0.412,3.81043515860155e-146,"GRCh38-CEP97","CEP97","10"
5.91439592928503e-151,0.870546601226552,0.772,0.741,4.27622654479166e-146,"GRCh38-DESI2","DESI2","10"
6.48890393457019e-151,0.997904782117197,0.835,0.849,4.69160732277294e-146,"GRCh38-NUDCD2","NUDCD2","10"
6.82321709738981e-151,-0.602712215173742,0.18,0.42,4.93332242575478e-146,"GRCh38-KLRC3","KLRC3","10"
7.19126926110199e-151,0.268484262673352,0.197,0.066,5.19943150116196e-146,"GRCm39-Cd33","Cd33","10"
2.08425747566778e-150,1.09356610732129,0.951,0.98,1.50695984005732e-145,"GRCh38-NDUFS6","NDUFS6","10"
2.22361291332723e-150,0.268491295915808,0.205,0.071,1.60771660859385e-145,"GRCm39-Btf3","Btf3","10"
2.95880354322437e-150,0.90210989025153,0.787,0.762,2.13927413782208e-145,"GRCh38-HAUS1","HAUS1","10"
3.29579871291839e-150,1.02894237875097,0.847,0.851,2.38292838541425e-145,"GRCh38-MRPL47","MRPL47","10"
3.3272835770786e-150,1.17312528777848,0.862,0.866,2.40569257189937e-145,"GRCh38-ARPC5L","ARPC5L","10"
3.63397693342232e-150,0.432969811705866,0.189,0.063,2.62743800240301e-145,"GRCh38-LINC00707","LINC00707","10"
5.29743197960317e-150,1.08838535000575,0.646,0.508,3.83014926989269e-145,"GRCh38-PLEK2","PLEK2","10"
5.3474356410732e-150,0.994574881749712,0.302,0.132,3.86630291720875e-145,"GRCh38-IL1B","IL1B","10"
8.27347852484583e-150,0.269291455808837,0.195,0.065,5.98189044303404e-145,"GRCm39-Ms4a7","Ms4a7","10"
8.91634675756887e-150,0.306455048732476,0.206,0.071,6.44669703265745e-145,"GRCm39-Cxcr2","Cxcr2","10"
1.29405397154101e-149,0.492225999810156,0.421,0.234,9.35626902503579e-145,"GRCh38-TOE1","TOE1","10"
1.93121448795243e-149,0.753156780733976,0.272,0.115,1.39630669907937e-144,"GRCh38-FLI1","FLI1","10"
1.95898166804222e-149,-0.703723552315445,0.311,0.556,1.41638292562788e-144,"GRCh38-ENSG00000260971","ENSG00000260971","10"
3.19045552337448e-149,0.90125092328474,0.827,0.88,2.30676315251021e-144,"GRCh38-FUCA2","FUCA2","10"
3.667914770285e-149,1.13850387156088,0.684,0.581,2.65197573721146e-144,"GRCh38-POLA1","POLA1","10"
6.1679651883895e-149,0.3051591514391,0.159,0.047,4.45956219050938e-144,"GRCh38-PPP4R3C","PPP4R3C","10"
7.36359183603821e-149,0.670231316879822,0.471,0.291,5.32402416929234e-144,"GRCh38-ZNF714","ZNF714","10"
8.07951273604566e-149,0.272788811324469,0.195,0.065,5.84164929841573e-144,"GRCm39-Inpp5d","Inpp5d","10"
8.18818692577557e-149,0.313647462708185,0.217,0.078,5.92022291107425e-144,"GRCm39-Gpi1","Gpi1","10"
9.16717071422647e-149,1.08512371635506,0.867,0.923,6.62804776980002e-144,"GRCh38-SSR3","SSR3","10"
9.37901805359478e-149,0.466033868264415,0.422,0.235,6.78121763311009e-144,"GRCh38-RBM15","RBM15","10"
1.02444083259078e-148,0.997276013762048,0.893,0.951,7.40691210779788e-144,"GRCh38-LSM7","LSM7","10"
1.09697643739878e-148,0.344292549134456,0.216,0.078,7.93135903768069e-144,"GRCm39-Entpd1","Entpd1","10"
1.10427060295745e-148,0.710048593205036,0.367,0.185,7.98409731350299e-144,"GRCh38-ANXA8","ANXA8","10"
1.82556512641439e-148,0.817183719443441,0.437,0.263,1.31992009770013e-143,"GRCh38-TNFAIP8L1","TNFAIP8L1","10"
1.83871344358192e-148,0.264717000307016,0.191,0.064,1.3294265939786e-143,"GRCm39-Gnb2","Gnb2","10"
1.86431552048178e-148,0.573816889609672,0.43,0.245,1.34793740761874e-143,"GRCh38-GMPPB","GMPPB","10"
2.28812772320646e-148,-0.362198217487331,0.485,0.756,1.65436210643273e-143,"GRCh38-TNNT1","TNNT1","10"
2.61453582168854e-148,-0.835075788994381,0.189,0.427,1.89036168979725e-143,"GRCh38-IL1RAPL2","IL1RAPL2","10"
3.12651013677677e-148,0.258524217527231,0.18,0.058,2.26052935909234e-143,"GRCm39-Rsad2","Rsad2","10"
4.14580641210601e-148,1.12237844166584,0.505,0.318,2.99750095208089e-143,"GRCh38-IL7R","IL7R","10"
5.08610943396128e-148,0.779706827901101,0.667,0.508,3.67735884294269e-143,"GRCh38-NRAS","NRAS","10"
6.23598262211245e-148,1.07716682439047,0.889,0.916,4.50874015543975e-143,"GRCh38-DKC1","DKC1","10"
6.56644665433338e-148,0.269855275209965,0.185,0.06,4.74767226001612e-143,"GRCm39-Chd7","Chd7","10"
8.88029291896138e-148,0.256933124995901,0.198,0.067,6.42062938626745e-143,"GRCm39-Capzb","Capzb","10"
9.3300874901071e-148,0.815658693874059,0.791,0.716,6.74583985709723e-143,"GRCh38-TARDBP","TARDBP","10"
1.20054704183499e-147,0.919188144392529,0.711,0.6,8.68019522187537e-143,"GRCh38-AK6","AK6","10"
1.85636461325948e-147,0.848597152625295,0.676,0.538,1.34218874267887e-142,"GRCh38-MAK16","MAK16","10"
1.97002044155855e-147,0.667872138373879,0.515,0.341,1.42436417965567e-142,"GRCh38-CCHCR1","CCHCR1","10"
1.98106348197667e-147,0.257829955834855,0.204,0.072,1.43234851873877e-142,"GRCh38-PASK","PASK","10"
2.10496310720936e-147,0.767430474290731,0.668,0.557,1.52193042577451e-142,"GRCh38-KATNA1","KATNA1","10"
2.34803802038941e-147,0.891263898448661,0.893,0.92,1.69767844950195e-142,"GRCh38-EIF4H","EIF4H","10"
4.25434681353365e-147,0.304179491986898,0.21,0.075,3.0759778331211e-142,"GRCm39-Rab2a","Rab2a","10"
4.26560861034878e-147,1.04579528261636,0.893,0.951,3.08412033745438e-142,"GRCh38-NOP58","NOP58","10"
4.37417743556757e-147,1.16933396037951,0.825,0.829,3.16261776946406e-142,"GRCh38-TOMM40","TOMM40","10"
4.94014308612439e-147,0.715143036868343,0.469,0.283,3.57182225412966e-142,"GRCh38-SOWAHC","SOWAHC","10"
5.012552298068e-147,0.298207803469932,0.203,0.071,3.62417556254913e-142,"GRCm39-Hmox1","Hmox1","10"
5.36120328399785e-147,0.804517796712175,0.582,0.437,3.87625719839612e-142,"GRCh38-RUSC1","RUSC1","10"
5.87764247829938e-147,0.278759767173996,0.19,0.063,4.24965306466002e-142,"GRCm39-Snx18","Snx18","10"
5.93658811623661e-147,0.9746172621125,0.805,0.775,4.2922719398014e-142,"GRCh38-NUP98","NUP98","10"
6.4704711123159e-147,0.892506849736355,0.804,0.782,4.67828002362664e-142,"GRCh38-RECQL","RECQL","10"
8.78699227124828e-147,0.695832914216902,0.616,0.45,6.35317115195793e-142,"GRCh38-HSPA14","HSPA14","10"
9.74324245272713e-147,0.878155349213749,0.73,0.65,7.04455915817077e-142,"GRCh38-MTHFD1","MTHFD1","10"
9.86902519536511e-147,-0.340732349981338,0.455,0.723,7.13550259675288e-142,"GRCh38-C1QTNF1","C1QTNF1","10"
1.01897575860999e-146,0.745326469775522,0.63,0.484,7.36739852990193e-142,"GRCh38-CDC23","CDC23","10"
1.30345095174033e-146,0.773689026692026,0.612,0.471,9.42421107127293e-142,"GRCh38-HAUS2","HAUS2","10"
1.71391235343484e-146,1.20913298705598,0.826,0.823,1.23919290978046e-141,"GRCh38-MRTO4","MRTO4","10"
1.92853086896813e-146,1.05994801693643,0.833,0.835,1.39436638888134e-141,"GRCh38-GAR1","GAR1","10"
2.19791845786671e-146,1.03022993568341,0.842,0.827,1.58913900340679e-141,"GRCh38-NAA50","NAA50","10"
2.26154257715558e-146,0.261925114874275,0.184,0.06,1.63514051413503e-141,"GRCm39-Eif5","Eif5","10"
2.50393522650358e-146,0.943867164074645,0.878,0.938,1.81039524746662e-141,"GRCh38-MTPN","MTPN","10"
5.05665538019023e-146,0.840022431876364,0.734,0.653,3.65606297298514e-141,"GRCh38-FGD5-AS1","FGD5-AS1","10"
5.08687163686058e-146,-0.36114922510872,0.676,0.886,3.67790993088293e-141,"GRCh38-TLL1","TLL1","10"
5.11722862690952e-146,0.322202006056879,0.199,0.069,3.69985864182812e-141,"GRCm39-Trib1","Trib1","10"
5.46539476156877e-146,0.540198131715105,0.443,0.261,3.95158972050945e-141,"GRCh38-HAUS3","HAUS3","10"
6.05228139271936e-146,0.302252502242581,0.215,0.078,4.37592049256395e-141,"GRCm39-Scand1","Scand1","10"
7.22203271118138e-146,0.290307711232964,0.205,0.072,5.22167409083836e-141,"GRCm39-Sf3b1","Sf3b1","10"
7.51086729276643e-146,-0.438906939476191,0.71,0.916,5.43050727001598e-141,"GRCh38-ANTXR1","ANTXR1","10"
8.98810648564028e-146,0.259784779344725,0.195,0.066,6.49858075124763e-141,"GRCm39-Ly6a","Ly6a","10"
9.34890123665264e-146,0.639390648760407,0.552,0.379,6.75944257212459e-141,"GRCh38-RAVER1","RAVER1","10"
1.0457408464484e-145,0.256816557802406,0.188,0.063,7.56091546799125e-141,"GRCm39-Lst1","Lst1","10"
1.5019343855621e-145,0.283833019075366,0.199,0.069,1.08592859944911e-140,"GRCm39-Bnip3","Bnip3","10"
1.50957548404504e-145,0.726731920605314,0.604,0.446,1.09145326647425e-140,"GRCh38-USP13","USP13","10"
1.60032078918622e-145,0.506831685214673,0.395,0.214,1.15706393699742e-140,"GRCh38-MPV17L2","MPV17L2","10"
1.6289201860101e-145,1.11349854777751,0.902,0.937,1.17774187288903e-140,"GRCh38-IPO7","IPO7","10"
1.63408819716645e-145,1.15375835087867,0.865,0.869,1.18147844831529e-140,"GRCh38-DCUN1D5","DCUN1D5","10"
1.839742913159e-145,0.307933997080992,0.205,0.072,1.33017092107222e-140,"GRCm39-Adipor1","Adipor1","10"
2.12630186283183e-145,1.00151411121044,0.841,0.833,1.53735877286467e-140,"GRCh38-MAZ","MAZ","10"
3.73555419581837e-145,1.00594375436967,0.807,0.75,2.7008803946606e-140,"GRCh38-AMD1","AMD1","10"
3.84460824058418e-145,0.257094800471374,0.193,0.065,2.77972865010718e-140,"GRCm39-Mt2","Mt2","10"
3.88316930304739e-145,0.621597909679882,0.571,0.397,2.80760906948932e-140,"GRCh38-NUP43","NUP43","10"
4.19390378125069e-145,0.956721074576504,0.571,0.379,3.03227631191988e-140,"GRCh38-MCTP1","MCTP1","10"
6.21657671516838e-145,0.265626345722384,0.186,0.061,4.49470929660104e-140,"GRCm39-Jmjd1c","Jmjd1c","10"
6.80050519049453e-145,0.774425518869701,0.663,0.522,4.91690126283135e-140,"GRCh38-DLAT","DLAT","10"
7.50117284201073e-145,0.854309044705274,0.744,0.686,5.4234979882306e-140,"GRCh38-LSM6","LSM6","10"
1.18489703465435e-144,0.771319041703582,0.632,0.437,8.56704253995791e-140,"GRCh38-PSAT1","PSAT1","10"
1.2696927012174e-144,1.37941587496948,0.274,0.118,9.18013216834206e-140,"GRCh38-MSR1","MSR1","10"
1.32026873048183e-144,0.912961765455309,0.895,0.925,9.54580697512973e-140,"GRCh38-ACTR3","ACTR3","10"
1.3683000047342e-144,0.515727159598493,0.358,0.178,9.89308269422924e-140,"GRCh38-STRIP2","STRIP2","10"
1.74360415679795e-144,0.754586604097138,0.526,0.35,1.26066067744805e-139,"GRCh38-ZNF215","ZNF215","10"
1.85303766873869e-144,1.09283713833224,0.887,0.901,1.33978329525144e-139,"GRCh38-G3BP1","G3BP1","10"
2.22714698251124e-144,0.706829350395797,0.672,0.535,1.61027181129528e-139,"GRCh38-AKT1","AKT1","10"
2.52697495937792e-144,0.270933524196699,0.186,0.062,1.82705343512942e-139,"GRCm39-Diaph1","Diaph1","10"
2.60782316935015e-144,0.269883244456484,0.185,0.061,1.88550830790354e-139,"GRCm39-Mapkapk2","Mapkapk2","10"
2.62532869336416e-144,0.73801624062205,0.592,0.43,1.89816515187616e-139,"GRCh38-OSBPL11","OSBPL11","10"
3.45370952587622e-144,1.06103640792942,0.951,0.979,2.49710106139903e-139,"GRCh38-VDAC1","VDAC1","10"
4.64442502692703e-144,-0.37704645159754,0.461,0.701,3.35801218296878e-139,"GRCh38-TMEM276","TMEM276","10"
5.26565791669199e-144,0.301764051087874,0.183,0.06,3.80717598692664e-139,"GRCm39-Nedd9","Nedd9","10"
5.44786106737721e-144,0.835644351205735,0.596,0.451,3.93891250893507e-139,"GRCh38-SLF1","SLF1","10"
8.56474369282184e-144,0.951158896046474,0.781,0.74,6.19248098478405e-139,"GRCh38-EIF4E","EIF4E","10"
1.00011684420396e-143,0.594968302209611,0.382,0.207,7.2310448069635e-139,"GRCh38-SLC25A19","SLC25A19","10"
1.00816866396463e-143,1.58669162715138,0.837,0.78,7.28926107419706e-139,"GRCh38-TNFRSF12A","TNFRSF12A","10"
1.21046869482459e-143,-0.475415041751249,0.484,0.742,8.75193075732073e-139,"GRCh38-CFB","CFB","10"
1.21450227820152e-143,-0.364436581006651,0.882,0.975,8.78109437185263e-139,"GRCh38-GAS5","GAS5","10"
1.87139998769697e-143,0.91391295042588,0.811,0.737,1.35305961910466e-138,"GRCh38-PEG10","PEG10","10"
2.02375423326372e-143,0.985312745586601,0.827,0.852,1.46321478573434e-138,"GRCh38-GMPS","GMPS","10"
2.2377159809787e-143,0.998769158727509,0.858,0.869,1.61791340856722e-138,"GRCh38-DHX9","DHX9","10"
2.27046075604416e-143,-0.515321063238936,0.096,0.311,1.64158853583505e-138,"GRCh38-PLEKHS1","PLEKHS1","10"
2.33313321383834e-143,0.818893247966194,0.66,0.535,1.68690197626939e-138,"GRCh38-EXOSC2","EXOSC2","10"
2.86889148213537e-143,0.837331561532411,0.733,0.656,2.07426591941351e-138,"GRCh38-RNASEH1","RNASEH1","10"
2.87146676421246e-143,1.10920294501884,0.968,0.983,2.07612789986089e-138,"GRCh38-PSMA7","PSMA7","10"
4.08054075421111e-143,0.325566515925533,0.27,0.116,2.95031257610972e-138,"GRCh38-MICB","MICB","10"
4.45748222138413e-143,0.470982025189846,0.236,0.092,3.22284879570516e-138,"GRCh38-ENSG00000290812","ENSG00000290812","10"
4.9986919711132e-143,0.66548939577881,0.631,0.489,3.61415426895426e-138,"GRCh38-C8orf88","C8orf88","10"
5.15285470392209e-143,1.14040115334667,0.671,0.513,3.72561700802975e-138,"GRCh38-AKR1C2","AKR1C2","10"
6.87546356432887e-143,0.271537167105986,0.191,0.065,4.97109766628106e-138,"GRCm39-Peds1","Peds1","10"
7.2677231009822e-143,0.734836162248788,0.506,0.334,5.25470915647215e-138,"GRCh38-NUDT8","NUDT8","10"
7.80283385184715e-143,0.919896559682538,0.84,0.845,5.64160493156253e-138,"GRCh38-ARPC1A","ARPC1A","10"
8.8971150531901e-143,0.335523814608908,0.262,0.11,6.43279212575751e-138,"GRCh38-GLYCTK","GLYCTK","10"
8.97080586404459e-143,0.657096749341876,0.706,0.588,6.48607205582152e-138,"GRCh38-CPSF3","CPSF3","10"
9.93057495459145e-143,0.288710179942075,0.192,0.065,7.18000430366871e-138,"GRCm39-Jdp2","Jdp2","10"
1.12796380345259e-142,0.887194816132041,0.338,0.164,8.15540389172293e-138,"GRCh38-PPP4R4","PPP4R4","10"
1.31290661768519e-142,0.624294768121151,0.472,0.284,9.49257742718743e-138,"GRCh38-SMTN","SMTN","10"
1.43376034675452e-142,0.320367658783622,0.192,0.065,1.03663740591045e-137,"GRCm39-Chst11","Chst11","10"
1.4974077033967e-142,-0.388455423257735,0.314,0.554,1.08265571770988e-137,"GRCh38-MMP25-AS1","MMP25-AS1","10"
2.30900508558612e-142,0.736580093395827,0.593,0.433,1.66945685698048e-137,"GRCh38-ADAT1","ADAT1","10"
2.69313606946528e-142,1.09080344564545,0.863,0.893,1.94719124094479e-137,"GRCh38-SRPK1","SRPK1","10"
3.04457852334055e-142,0.986506989077077,0.297,0.133,2.20129116394568e-137,"GRCh38-PI3","PI3","10"
3.26436400815213e-142,0.971152342357217,0.742,0.713,2.36020046517416e-137,"GRCh38-BRD8","BRD8","10"
3.72248445066188e-142,0.27369689721764,0.185,0.062,2.69143070751755e-137,"GRCm39-Fam162a","Fam162a","10"
4.46514489948876e-142,0.694253209967519,0.629,0.478,3.22838906522836e-137,"GRCh38-CENPB","CENPB","10"
6.02392039055166e-142,0.619039596327547,0.18,0.059,4.35541492077666e-137,"GRCh38-CD3D","CD3D","10"
7.59064131752024e-142,0.267243368980058,0.206,0.074,5.48818548539348e-137,"GRCm39-Atp6v0e","Atp6v0e","10"
8.94316765518632e-142,0.391570185998802,0.171,0.055,6.46608907805282e-137,"GRCh38-OPCML","OPCML","10"
9.20041607822883e-142,-0.436105138727468,0.613,0.844,6.65208483288101e-137,"GRCh38-DDR2","DDR2","10"
1.00560759154211e-141,0.604005172466798,0.336,0.169,7.27074400836776e-137,"GRCh38-DUSP7","DUSP7","10"
1.11213472995017e-141,0.762469232292972,0.537,0.351,8.04095652448569e-137,"GRCh38-EDEM1","EDEM1","10"
1.24328336224617e-141,0.787245225655644,0.559,0.402,8.98918736571225e-137,"GRCh38-GCHFR","GCHFR","10"
1.95958983642274e-141,0.89853928635074,0.793,0.762,1.41682264353037e-136,"GRCh38-POLR1F","POLR1F","10"
1.98467916485296e-141,0.926411973140226,0.783,0.73,1.43496272977199e-136,"GRCh38-PNO1","PNO1","10"
2.7799535986376e-141,0.827317190245948,0.792,0.759,2.00996205088696e-136,"GRCh38-DHX15","DHX15","10"
3.73849518842599e-141,1.01390376943448,0.848,0.879,2.70300679113576e-136,"GRCh38-VDAC3","VDAC3","10"
3.97068678383871e-141,0.510625806519201,0.452,0.27,2.87088595845106e-136,"GRCh38-FOXRED2","FOXRED2","10"
4.23104991940554e-141,0.671838976490033,0.474,0.299,3.0591337127286e-136,"GRCh38-RCE1","RCE1","10"
4.35173234528507e-141,0.959446508237714,0.762,0.686,3.14638952028801e-136,"GRCh38-PAK1","PAK1","10"
4.85912486446782e-141,0.258808493966144,0.183,0.061,3.51324445950752e-136,"GRCm39-Gm47283","Gm47283","10"
4.96972911557603e-141,1.02099722510275,0.835,0.859,3.59321354514378e-136,"GRCh38-UQCC2","UQCC2","10"
5.2807097437674e-141,0.898080799310405,0.675,0.548,3.81805875893871e-136,"GRCh38-HMBS","HMBS","10"
5.92647738093713e-141,0.39416341850506,0.114,0.028,4.28496167596516e-136,"GRCh38-RELN","RELN","10"
6.1412618935383e-141,-0.450405793609813,0.098,0.315,4.44025517426606e-136,"GRCh38-PLCD4","PLCD4","10"
8.64586800487052e-141,1.08611458211621,0.899,0.933,6.25113548488148e-136,"GRCh38-GSPT1","GSPT1","10"
9.01827982521917e-141,1.07901869455347,0.884,0.899,6.52039667922996e-136,"GRCh38-ABCE1","ABCE1","10"
1.01807745175926e-140,0.888779297472456,0.651,0.524,7.36090359170982e-136,"GRCh38-PTDSS1","PTDSS1","10"
1.1002623315966e-140,0.767667437229077,0.631,0.462,7.95511670990973e-136,"GRCh38-UAP1","UAP1","10"
1.18416394066345e-140,-0.392491178076746,0.704,0.94,8.56174212378487e-136,"GRCh38-PLD3","PLD3","10"
1.5032484552508e-140,0.302326177681856,0.205,0.074,1.08687869811543e-135,"GRCm39-Slc2a1","Slc2a1","10"
1.84635755294709e-140,0.95875005678259,0.715,0.614,1.33495343793181e-135,"GRCh38-NPM3","NPM3","10"
1.99427042271839e-140,0.991411896627043,0.966,0.984,1.44189740103385e-135,"GRCh38-YWHAE","YWHAE","10"
2.08029364949913e-140,0.866280870304777,0.754,0.672,1.50409391446086e-135,"GRCh38-IMPDH1","IMPDH1","10"
2.15874732651941e-140,0.926883666812788,0.888,0.89,1.56081749202006e-135,"GRCh38-CLTC","CLTC","10"
2.25654982233346e-140,0.819299420144889,0.667,0.55,1.63153065254354e-135,"GRCh38-SGTA","SGTA","10"
2.77165962052455e-140,0.282329234254341,0.192,0.066,2.00396533883166e-135,"GRCm39-Tut7","Tut7","10"
3.54861736045764e-140,1.15462474560415,0.909,0.949,2.56572132395808e-135,"GRCh38-MICOS10","MICOS10","10"
3.91726010585694e-140,0.904262553232323,0.912,0.914,2.83225740173669e-135,"GRCh38-CAPRIN1","CAPRIN1","10"
4.94989595067295e-140,-0.395358125432941,0.467,0.706,3.57887377025556e-135,"GRCh38-LAMB2","LAMB2","10"
6.14771940000196e-140,0.657493227322055,0.597,0.437,4.44492408058942e-135,"GRCh38-NSMCE4A","NSMCE4A","10"
6.74399749577311e-140,0.501476616571718,0.404,0.226,4.87604506939387e-135,"GRCh38-BOLA2B","BOLA2B","10"
6.79196616054565e-140,1.05155166079133,0.798,0.811,4.91072737339771e-135,"GRCh38-CCDC88A","CCDC88A","10"
8.19668873777093e-140,0.252621515490313,0.181,0.06,5.92636989118314e-135,"GRCm39-Eif4ebp1","Eif4ebp1","10"
8.60821694163687e-140,1.05547067140257,0.542,0.369,6.22391301314229e-135,"GRCh38-SGMS2","SGMS2","10"
1.25769801842355e-139,0.873522974102068,0.857,0.929,9.09340821280594e-135,"GRCh38-NDUFA6","NDUFA6","10"
1.31400605873526e-139,0.837298062428202,0.671,0.537,9.5005266058677e-135,"GRCh38-HYOU1","HYOU1","10"
1.43564328499098e-139,0.859217644359672,0.845,0.861,1.03799880791418e-134,"GRCh38-GGCT","GGCT","10"
1.71898564140612e-139,0.839814026445582,0.823,0.855,1.24286099844945e-134,"GRCh38-HPRT1","HPRT1","10"
1.92583658761651e-139,0.476417071225568,0.328,0.164,1.39241836957849e-134,"GRCh38-WDR90","WDR90","10"
2.08859980488439e-139,0.598163120416432,0.456,0.273,1.51009943092751e-134,"GRCh38-TPMT","TPMT","10"
2.20383886322394e-139,0.493612468469763,0.409,0.228,1.59341957488817e-134,"GRCh38-RMI2","RMI2","10"
3.03513130677073e-139,0.286386815416864,0.188,0.064,2.19446063742138e-134,"GRCm39-Gcnt2","Gcnt2","10"
3.39780193450638e-139,0.912215967996357,0.825,0.833,2.4566787546868e-134,"GRCh38-ATG3","ATG3","10"
3.5666940325675e-139,0.723978842685537,0.632,0.495,2.57879111942695e-134,"GRCh38-INIP","INIP","10"
4.13569634418126e-139,0.754120957032938,0.521,0.351,2.99019117076993e-134,"GRCh38-SBDSP1","SBDSP1","10"
4.71969631403604e-139,0.41330855180188,0.336,0.167,3.41243482897434e-134,"GRCh38-PCNX3","PCNX3","10"
5.93367875209198e-139,0.253664776100134,0.182,0.061,4.29016841133754e-134,"GRCm39-Rgs2","Rgs2","10"
7.01733040403082e-139,-0.357562098284987,0.729,0.917,5.07367022872237e-134,"GRCh38-GYPC","GYPC","10"
7.74126868513573e-139,0.263463218347715,0.184,0.062,5.59709208472683e-134,"GRCm39-Hnrnpu","Hnrnpu","10"
8.63237344205746e-139,0.895798468564537,0.796,0.779,6.24137864607638e-134,"GRCh38-RBM28","RBM28","10"
9.20123035595986e-139,0.913239828920009,0.799,0.817,6.6526735719661e-134,"GRCh38-DNAJC2","DNAJC2","10"
9.54399200540382e-139,0.938695451916818,0.644,0.528,6.90049709974707e-134,"GRCh38-TIMM8A","TIMM8A","10"
1.02158416038809e-138,-0.43133169974426,0.636,0.867,7.38625779643794e-134,"GRCh38-SLC44A5","SLC44A5","10"
1.23805332206229e-138,0.795763986727054,0.507,0.33,8.9513731291748e-134,"GRCh38-TJP2","TJP2","10"
1.27486422465542e-138,0.655880137522224,0.631,0.489,9.21752331710365e-134,"GRCh38-TSEN15","TSEN15","10"
1.93912630762542e-138,0.423087354007459,0.332,0.162,1.40202710293933e-133,"GRCh38-H2BC15","H2BC15","10"
2.10116679559611e-138,1.06208442101931,0.913,0.945,1.5191856165519e-133,"GRCh38-SEC61G","SEC61G","10"
2.9875607430203e-138,0.87262917372274,0.702,0.635,2.16006616841854e-133,"GRCh38-CEP57L1","CEP57L1","10"
3.52259444952907e-138,0.531787142311174,0.476,0.297,2.54690623889851e-133,"GRCh38-B4GALNT1","B4GALNT1","10"
3.8882255405817e-138,1.00170856627085,0.867,0.876,2.81126483035138e-133,"GRCh38-HSPA4","HSPA4","10"
4.27795924176489e-138,0.700877877647498,0.352,0.179,3.09305009098085e-133,"GRCh38-VSNL1","VSNL1","10"
4.61778467027167e-138,0.812572330783597,0.406,0.231,3.33875067229982e-133,"GRCh38-LETM2","LETM2","10"
4.78459690890589e-138,1.08215095687298,0.975,0.99,3.45935925707714e-133,"GRCh38-TPI1","TPI1","10"
5.23941635646374e-138,0.912076671019822,0.851,0.89,3.78820281405042e-133,"GRCh38-UBA2","UBA2","10"
7.50329876502295e-138,0.277275458029971,0.19,0.066,5.42503507308689e-133,"GRCm39-Glrx","Glrx","10"
8.00090740795431e-138,0.901966797121566,0.82,0.831,5.78481607409913e-133,"GRCh38-COA6","COA6","10"
9.79250859935004e-138,0.26452609391021,0.186,0.063,7.08017956750206e-133,"GRCm39-Arhgap26","Arhgap26","10"
1.11472846712322e-137,0.477401255255641,0.231,0.089,8.05970976299432e-133,"GRCh38-DSG3","DSG3","10"
1.24563644416348e-137,0.36566304165538,0.291,0.134,9.00620061859076e-133,"GRCh38-DOLPP1","DOLPP1","10"
1.4670646163959e-137,1.05862447968436,0.876,0.92,1.06071705894656e-132,"GRCh38-CMSS1","CMSS1","10"
1.76907809372841e-137,0.742964725314033,0.669,0.542,1.27907884332751e-132,"GRCh38-ENOPH1","ENOPH1","10"
1.77269963464334e-137,-0.54470688174333,0.745,0.951,1.28169728983983e-132,"GRCh38-COL4A5","COL4A5","10"
1.85076547703507e-137,1.07663304920405,0.906,0.95,1.3381404552059e-132,"GRCh38-NAP1L4","NAP1L4","10"
1.93282514502621e-137,0.273147115583631,0.184,0.063,1.39747123635685e-132,"GRCm39-Resf1","Resf1","10"
2.23971048020028e-137,0.83842990299136,0.258,0.107,1.61935547139441e-132,"GRCh38-ENSG00000250697","ENSG00000250697","10"
3.64350940828066e-137,0.729125379949724,0.685,0.582,2.63433017237508e-132,"GRCh38-ANAPC7","ANAPC7","10"
4.89325968062203e-137,1.0273785521688,0.944,0.981,3.53792461428334e-132,"GRCh38-XRCC5","XRCC5","10"
6.12359868887802e-137,-0.323720931064965,0.584,0.847,4.42748432403258e-132,"GRCh38-NPDC1","NPDC1","10"
7.25326527008329e-137,0.255958000282669,0.181,0.061,5.24425585557562e-132,"GRCm39-F13a1","F13a1","10"
8.92616571530543e-137,1.07373154141287,0.984,0.991,6.45379633548013e-132,"GRCh38-PKM","PKM","10"
9.08177113873606e-137,0.256261927853973,0.226,0.089,6.56630216872895e-132,"GRCh38-CDH24","CDH24","10"
1.07154674266801e-136,0.55241144243523,0.479,0.305,7.74749725883826e-132,"GRCh38-ATRIP","ATRIP","10"
1.56059770799758e-136,1.03071279031276,0.792,0.767,1.12834335483641e-131,"GRCh38-DCAF13","DCAF13","10"
2.10014145001979e-136,1.03840683731969,0.811,0.788,1.51844427119331e-131,"GRCh38-RPL26L1","RPL26L1","10"
2.54681172001486e-136,0.270984522900314,0.181,0.061,1.84139580980515e-131,"GRCm39-Cd74","Cd74","10"
3.04602176739834e-136,0.82075135427253,0.512,0.319,2.20233465826435e-131,"GRCh38-PMAIP1","PMAIP1","10"
3.835776936868e-136,0.983610501404874,0.784,0.794,2.7733434408943e-131,"GRCh38-CTCF","CTCF","10"
3.90646915813035e-136,0.990781972424693,0.226,0.086,2.82445533071141e-131,"GRCh38-CSF3","CSF3","10"
4.12609012915039e-136,0.630748642641302,0.566,0.403,2.98324568517832e-131,"GRCh38-ZC3H4","ZC3H4","10"
5.97220345973179e-136,0.442620114707856,0.404,0.218,4.31802254545528e-131,"GRCh38-ENSG00000278996","ENSG00000278996","10"
9.30558097429948e-136,0.843500524625902,0.698,0.645,6.72812115603801e-131,"GRCh38-PHTF2","PHTF2","10"
1.11450538853365e-135,1.1489742287003,0.833,0.853,8.05809686017597e-131,"GRCh38-MRPL18","MRPL18","10"
1.62164711271932e-135,0.860497277136601,0.669,0.542,1.17248329543832e-130,"GRCh38-IDI1","IDI1","10"
2.01338714725086e-135,0.601331014842005,0.453,0.279,1.45571917520532e-130,"GRCh38-TELO2","TELO2","10"
2.26838957322518e-135,0.805572374698008,0.772,0.723,1.64009102923327e-130,"GRCh38-NUP54","NUP54","10"
2.78320214661998e-135,0.930343207128666,0.89,0.952,2.01231081604918e-130,"GRCh38-U2SURP","U2SURP","10"
2.81047812845733e-135,-0.419130136341461,0.461,0.71,2.03203189643722e-130,"GRCh38-SLC9A9","SLC9A9","10"
3.34044173327481e-135,-0.38677620857089,0.523,0.751,2.41520618199235e-130,"GRCh38-FAM228B","FAM228B","10"
3.3534791246919e-135,0.983854585552605,0.987,0.991,2.42463247673474e-130,"GRCh38-MIF","MIF","10"
4.15395569300729e-135,0.334839300165126,0.233,0.091,3.00339304515813e-130,"GRCh38-ABCA13","ABCA13","10"
6.05143230087366e-135,0.802961014418164,0.968,0.987,4.37530658217767e-130,"GRCh38-RAC1","RAC1","10"
1.23115147213722e-134,0.257337173349208,0.185,0.064,8.90147137384651e-130,"GRCm39-Pitpna","Pitpna","10"
1.54121923348583e-134,0.873880327174139,0.857,0.905,1.11433233019493e-129,"GRCh38-BUD31","BUD31","10"
2.48889002698533e-134,1.23028397688356,0.927,0.96,1.79951726731093e-129,"GRCh38-EIF1AX","EIF1AX","10"
2.5483578414658e-134,0.99411004169243,0.842,0.83,1.8425136865366e-129,"GRCh38-YWHAG","YWHAG","10"
3.35454479873276e-134,0.906137932178069,0.872,0.91,2.42540298037976e-129,"GRCh38-PTP4A2","PTP4A2","10"
4.95526049647919e-134,0.859244130147003,0.803,0.788,3.58275244416438e-129,"GRCh38-ELAVL1","ELAVL1","10"
7.40200033948875e-134,0.986759293736975,0.706,0.611,5.35179428545715e-129,"GRCh38-EXOSC6","EXOSC6","10"
7.40287069507203e-134,0.797287189144515,0.911,0.958,5.35242356995098e-129,"GRCh38-ACTR2","ACTR2","10"
8.05128490550471e-134,0.741105064841827,0.664,0.539,5.82124001237801e-129,"GRCh38-WDR5","WDR5","10"
8.28576159165051e-134,1.0851122621793,0.912,0.949,5.99077134599515e-129,"GRCh38-NUDC","NUDC","10"
8.87193643644961e-134,0.703166946596394,0.532,0.367,6.4145874822818e-129,"GRCh38-APAF1","APAF1","10"
8.94338693942962e-134,0.869441687293599,0.682,0.552,6.46624762494641e-129,"GRCh38-PLCG2","PLCG2","10"
1.17209065914001e-133,0.767049076067616,0.687,0.565,8.47444988371411e-129,"GRCh38-CREM","CREM","10"
1.23304480471838e-133,1.04265338176972,0.791,0.763,8.91516054707486e-129,"GRCh38-POLR2K","POLR2K","10"
1.45211025348784e-133,1.08824716461784,0.788,0.729,1.04990475547678e-128,"GRCh38-MRPL23","MRPL23","10"
1.62511408348574e-133,-0.37701021467872,0.534,0.787,1.17498998464186e-128,"GRCh38-RBPMS","RBPMS","10"
1.94992079160385e-133,-0.418132914959977,0.68,0.899,1.40983173074542e-128,"GRCh38-BAZ2B","BAZ2B","10"
2.08705455602428e-133,0.354865893035286,0.154,0.048,1.50898218509668e-128,"GRCh38-KRBOX1","KRBOX1","10"
2.48618082387002e-133,-0.708264813531957,0.469,0.679,1.7975584592745e-128,"GRCh38-TNFRSF19","TNFRSF19","10"
2.79089878419795e-133,-0.393447100452206,0.393,0.623,2.0178756389508e-128,"GRCh38-COSMOC","COSMOC","10"
3.3221058333075e-133,0.267877552945377,0.184,0.064,2.40194895959799e-128,"GRCm39-Stat3","Stat3","10"
5.29803004149315e-133,0.843374692381709,0.638,0.502,3.83058168060038e-128,"GRCh38-SLC35E3","SLC35E3","10"
5.69048738431543e-133,1.11890517025927,0.892,0.94,4.11433618860774e-128,"GRCh38-EIF5","EIF5","10"
6.02033643508653e-133,0.669155954616151,0.57,0.409,4.35282364929626e-128,"GRCh38-ARMC6","ARMC6","10"
6.12112063520914e-133,-0.37879803374007,0.278,0.523,4.42569264166892e-128,"GRCh38-ADGRA2","ADGRA2","10"
8.26504393243139e-133,0.986129847732036,0.911,0.962,5.97579206402654e-128,"GRCh38-NOL7","NOL7","10"
8.48565261628887e-133,0.27166487716425,0.198,0.072,6.13529655462918e-128,"GRCm39-Col1a2","Col1a2","10"
1.11225110075769e-132,0.915980919677195,0.785,0.73,8.04179790869825e-128,"GRCh38-NSUN2","NSUN2","10"
1.72443139867862e-132,-0.548736519879605,0.086,0.291,1.24679838987261e-127,"GRCh38-KCNK2","KCNK2","10"
1.8454421022924e-132,0.485954560020941,0.441,0.264,1.33429154879945e-127,"GRCh38-PDE12","PDE12","10"
1.98482449938989e-132,0.739862346696438,0.836,0.811,1.43506780954888e-127,"GRCh38-MOB1A","MOB1A","10"
2.80816622524267e-132,0.28131438053575,0.2,0.074,2.03036034417495e-127,"GRCm39-Col1a1","Col1a1","10"
2.94769268507165e-132,0.288576610253676,0.196,0.071,2.1312407651605e-127,"GRCm39-Fndc3a","Fndc3a","10"
3.11489150358114e-132,0.250311968216604,0.177,0.06,2.25212885491924e-127,"GRCm39-Abtb2","Abtb2","10"
3.1667387293713e-132,0.790914082626729,0.688,0.607,2.28961543611004e-127,"GRCh38-NUP85","NUP85","10"
3.45311675188764e-132,1.04091912805926,0.794,0.768,2.4966724739498e-127,"GRCh38-TRIM28","TRIM28","10"
6.69763004471218e-132,0.294551664340878,0.226,0.09,4.8425204749278e-127,"GRCh38-ENSG00000267698","ENSG00000267698","10"
7.47685877675662e-132,0.355537150258905,0.328,0.159,5.40591843277057e-127,"GRCh38-ENSG00000280441","ENSG00000280441","10"
7.64629001424228e-132,0.334005781308513,0.247,0.105,5.52842060609746e-127,"GRCh38-NUP153-AS1","NUP153-AS1","10"
1.05382830246415e-131,0.536337538575997,0.487,0.313,7.61938939247633e-127,"GRCh38-ABCB8","ABCB8","10"
1.1950675569821e-131,0.645676877570853,0.527,0.366,8.64057745049198e-127,"GRCh38-RBM14","RBM14","10"
1.68191503961313e-131,0.634132942479995,0.521,0.352,1.21605821194109e-126,"GRCh38-PDXP","PDXP","10"
2.52550477812208e-131,0.494599408547939,0.467,0.29,1.82599046467783e-126,"GRCh38-ERI2","ERI2","10"
2.6427678801335e-131,0.698361949925004,0.586,0.43,1.91077403269413e-126,"GRCh38-TIPIN","TIPIN","10"
2.83840160778448e-131,-0.363444754719513,0.713,0.923,2.05222113046034e-126,"GRCh38-HEXA","HEXA","10"
2.9385847379799e-131,0.714710064910762,0.611,0.46,2.12465553725423e-126,"GRCh38-CSTF2","CSTF2","10"
3.09401922848397e-131,0.485670269236047,0.119,0.031,2.23703778257848e-126,"GRCh38-CCBE1","CCBE1","10"
4.215718624679e-131,1.26115450490169,0.715,0.619,3.04804888001541e-126,"GRCh38-HMGCS1","HMGCS1","10"
4.40545993035037e-131,0.27571935888839,0.177,0.06,3.18523563884193e-126,"GRCm39-Tbc1d9","Tbc1d9","10"
5.05047401421069e-131,0.892755000946093,0.782,0.772,3.65159372175461e-126,"GRCh38-MCUR1","MCUR1","10"
6.36396773520122e-131,0.625442510525442,0.278,0.127,4.60127595190519e-126,"GRCh38-FAM83B","FAM83B","10"
6.83313613732878e-131,-0.257156380538481,0.949,0.993,4.94049409001146e-126,"GRCh38-MALAT1","MALAT1","10"
9.13416863052562e-131,0.946600072689955,0.796,0.763,6.60418660324263e-126,"GRCh38-CYB5B","CYB5B","10"
9.91430409440582e-131,-0.517598058003916,0.635,0.846,7.1682401463373e-126,"GRCh38-TRPC4","TRPC4","10"
1.02713156110078e-130,0.826107627760641,0.644,0.518,7.42636661307083e-126,"GRCh38-MPDU1","MPDU1","10"
1.1807225340565e-130,1.228390030908,0.912,0.949,8.53686006573532e-126,"GRCh38-PSMB3","PSMB3","10"
1.2599277272352e-130,0.858777007367051,0.735,0.652,9.10952945345596e-126,"GRCh38-HIGD1A","HIGD1A","10"
1.34561015000545e-130,0.842814453451884,0.581,0.433,9.72903050656939e-126,"GRCh38-INO80C","INO80C","10"
1.62671969581985e-130,0.554544397358901,0.474,0.299,1.17615087447167e-125,"GRCh38-BTBD6","BTBD6","10"
1.65031863460468e-130,0.993014115004585,0.837,0.838,1.19321337919187e-125,"GRCh38-UBE2N","UBE2N","10"
2.08187273460862e-130,0.591382638490634,0.511,0.342,1.50523562457673e-125,"GRCh38-CHUK","CHUK","10"
2.70878890064362e-130,0.920042410273989,0.702,0.613,1.95850855094335e-125,"GRCh38-AKIP1","AKIP1","10"
3.98909125978728e-130,0.896010808578963,0.807,0.842,2.8841927626514e-125,"GRCh38-PSIP1","PSIP1","10"
4.451176710544e-130,0.916623525712924,0.89,0.943,3.21828978525752e-125,"GRCh38-PSMA3","PSMA3","10"
4.51132521212148e-130,0.830535925095167,0.86,0.881,3.26177835486807e-125,"GRCh38-HNRNPL","HNRNPL","10"
4.51306048658052e-130,0.999379338878292,0.726,0.687,3.26303299300744e-125,"GRCh38-CEP192","CEP192","10"
4.52544517825654e-130,0.48023491776671,0.279,0.128,3.27198737278305e-125,"GRCh38-DUSP5-DT","DUSP5-DT","10"
5.02319744836944e-130,-0.342927957316042,0.108,0.318,3.63187221912007e-125,"GRCh38-NFATC4","NFATC4","10"
6.29338398063852e-130,0.86990020994853,0.53,0.36,4.55024248568127e-125,"GRCh38-MAP2K3","MAP2K3","10"
6.53289923666562e-130,1.03446020243422,0.72,0.654,4.72341680609398e-125,"GRCh38-GPC1","GPC1","10"
7.4570626963095e-130,0.762399829567829,0.621,0.485,5.39160547068569e-125,"GRCh38-PIGU","PIGU","10"
7.61064628163026e-130,1.04071907445529,0.764,0.721,5.50264947454431e-125,"GRCh38-IFRD2","IFRD2","10"
8.41087312759449e-130,1.01172963664759,0.901,0.949,6.08122948871337e-125,"GRCh38-PSMB6","PSMB6","10"
9.47506747828529e-130,0.854709182479356,0.734,0.701,6.85066328814983e-125,"GRCh38-PAXX","PAXX","10"
1.05989282249634e-129,0.874114841795533,0.932,0.966,7.66323708521301e-125,"GRCh38-LCP1","LCP1","10"
1.13207121242805e-129,0.53371134961189,0.454,0.282,8.1851012800973e-125,"GRCh38-THOC3","THOC3","10"
2.20820982239542e-129,0.946358507280407,0.684,0.58,1.59657986578834e-124,"GRCh38-SDF2L1","SDF2L1","10"
2.28586471550463e-129,-0.389481592345264,0.781,0.939,1.65272590660416e-124,"GRCh38-TCEAL8","TCEAL8","10"
2.35080230039559e-129,0.5595989981034,0.513,0.349,1.69967707923202e-124,"GRCh38-ABHD11","ABHD11","10"
3.29591053374769e-129,-0.41569156992709,0.407,0.638,2.38300923411025e-124,"GRCh38-PBXIP1","PBXIP1","10"
4.01811185213191e-129,0.483820049208708,0.381,0.208,2.90517523132841e-124,"GRCh38-PTPRG-AS1","PTPRG-AS1","10"
4.26893646666643e-129,-0.450191067537812,0.67,0.89,3.08652644412916e-124,"GRCh38-NBEA","NBEA","10"
4.77142517387562e-129,0.99406511222822,0.899,0.956,3.44983582921555e-124,"GRCh38-UBE2L3","UBE2L3","10"
5.6239880792589e-129,-0.309644556182762,0.591,0.814,4.06625586106577e-124,"GRCh38-ABCC2","ABCC2","10"
6.64295035962176e-129,0.942197840576986,0.904,0.967,4.80298596901373e-124,"GRCh38-ATP5MF","ATP5MF","10"
6.70383604543832e-129,-0.25470313559992,0.756,0.927,4.84700753757281e-124,"GRCh38-TP63","TP63","10"
1.00988428682596e-128,0.686428566428344,0.591,0.452,7.30166537060905e-124,"GRCh38-MRPL39","MRPL39","10"
1.24139507254903e-128,0.673095698139633,0.376,0.199,8.97553465354403e-124,"GRCh38-COBLL1","COBLL1","10"
1.24860592485582e-128,-0.336851611195753,0.388,0.665,9.02767055789258e-124,"GRCh38-CADM1","CADM1","10"
1.84421696160426e-128,1.4367045325596,0.783,0.7,1.33340574757911e-123,"GRCh38-PHLDA2","PHLDA2","10"
1.99522874900582e-128,0.714141021730343,0.58,0.441,1.44259029010619e-123,"GRCh38-RASSF1","RASSF1","10"
2.09480704088598e-128,0.8993580470538,0.684,0.604,1.51458738670138e-123,"GRCh38-TENT4A","TENT4A","10"
2.39696734180927e-128,0.618629445594765,0.566,0.401,1.73305532747494e-123,"GRCh38-GTF2A1","GTF2A1","10"
3.03777143337228e-128,-0.359840145659089,0.131,0.344,2.19636950175683e-123,"GRCh38-ENSG00000291132","ENSG00000291132","10"
3.59782635790157e-128,0.646371894845404,0.464,0.293,2.60130041328999e-123,"GRCh38-DHCR7","DHCR7","10"
6.67752028402623e-128,0.950257433546952,0.678,0.584,4.82798071575664e-123,"GRCh38-CGAS","CGAS","10"
6.81451055031044e-128,0.974297829098514,0.818,0.804,4.92702741808545e-123,"GRCh38-SF3A3","SF3A3","10"
7.80559403030612e-128,0.418899041732265,0.16,0.053,5.64360059579193e-123,"GRCh38-ENSG00000229021","ENSG00000229021","10"
8.01482573081978e-128,0.878212087408655,0.8,0.765,5.79487929989732e-123,"GRCh38-USP7","USP7","10"
1.41574080277157e-127,0.905025441154402,0.687,0.591,1.0236089152199e-122,"GRCh38-DGKZ","DGKZ","10"
1.79353783325582e-127,0.954321236138247,0.747,0.71,1.29676372420062e-122,"GRCh38-TMX1","TMX1","10"
2.07369776651722e-127,0.545467729472954,0.411,0.244,1.49932495914728e-122,"GRCh38-LRRC45","LRRC45","10"
2.14342084068239e-127,1.00796043766164,0.972,0.986,1.54973613623018e-122,"GRCh38-SERBP1","SERBP1","10"
2.22957215675577e-127,0.813252887052105,0.696,0.583,1.61202526077756e-122,"GRCh38-POLR2A","POLR2A","10"
2.38174275836723e-127,0.394249683960259,0.28,0.13,1.72204764915467e-122,"GRCh38-CARD10","CARD10","10"
2.46229660232097e-127,1.15323087958353,0.24,0.099,1.78028968941011e-122,"GRCh38-ENSG00000289530","ENSG00000289530","10"
2.74445031899547e-127,0.578784985231396,0.142,0.043,1.9842924696401e-122,"GRCh38-ECSCR","ECSCR","10"
3.53088200883993e-127,0.705808863742041,0.654,0.536,2.55289831003145e-122,"GRCh38-GTF3C5","GTF3C5","10"
3.54589568539824e-127,0.482150044912493,0.405,0.235,2.56375349845664e-122,"GRCh38-LRWD1","LRWD1","10"
4.14811997538032e-127,-0.389888527737162,0.655,0.868,2.99917370459948e-122,"GRCh38-TPCN1","TPCN1","10"
8.29641734019332e-127,-0.347418820217889,0.732,0.941,5.99847566530658e-122,"GRCh38-MSC-AS1","MSC-AS1","10"
8.90112650601825e-127,0.887049165403323,0.481,0.306,6.43569248638132e-122,"GRCh38-NCEH1","NCEH1","10"
1.13288094811881e-126,1.1275225133411,0.582,0.436,8.19095583108865e-122,"GRCh38-HSPA4L","HSPA4L","10"
1.44034490338502e-126,0.842308640506846,0.72,0.647,1.04139817204544e-121,"GRCh38-B4GALT2","B4GALT2","10"
1.96168365447886e-126,0.638873809502904,0.485,0.316,1.41833651586131e-121,"GRCh38-CAPN15","CAPN15","10"
4.98167462364109e-126,0.921914516855471,0.818,0.846,3.60185038638498e-121,"GRCh38-GTF2A2","GTF2A2","10"
5.55551790286906e-126,0.65224585385401,0.767,0.691,4.01675055413239e-121,"GRCh38-XPOT","XPOT","10"
5.60283127852719e-126,0.616023711594535,0.53,0.372,4.05095907100073e-121,"GRCh38-NR2C2AP","NR2C2AP","10"
6.38147036395683e-126,0.999893420576219,0.668,0.564,4.61393070254807e-121,"GRCh38-ERVK3-1","ERVK3-1","10"
7.18961734045672e-126,1.11568781847305,0.856,0.889,5.19823712949701e-121,"GRCh38-EI24","EI24","10"
7.96362972832492e-126,0.350634909835827,0.275,0.127,5.75786356617348e-121,"GRCh38-YOD1","YOD1","10"
8.23278553585756e-126,1.00016769755135,0.865,0.855,5.95246859813573e-121,"GRCh38-ETF1","ETF1","10"
8.2836561772371e-126,0.820321755808911,0.901,0.964,5.98924908926597e-121,"GRCh38-TCEA1","TCEA1","10"
1.0962741739489e-125,0.764413124080316,0.771,0.719,7.92628153248534e-121,"GRCh38-FARSB","FARSB","10"
1.14720188793917e-125,0.764979546323139,0.677,0.559,8.29449909017777e-121,"GRCh38-PATL1","PATL1","10"
1.23791294039392e-125,0.615885987365814,0.308,0.149,8.95035814163611e-121,"GRCh38-XDH","XDH","10"
1.35428974059691e-125,0.253085870359095,0.136,0.04,9.79178568246376e-121,"GRCh38-TERT","TERT","10"
1.59959255923497e-125,-1.27201676321361,0.148,0.346,1.15653741217807e-120,"GRCh38-ENSG00000288714","ENSG00000288714","10"
1.64674530630925e-125,1.00333587531884,0.984,0.988,1.19062979136772e-120,"GRCh38-NCL","NCL","10"
1.73002411543558e-125,1.02458793562613,0.845,0.897,1.25084203594223e-120,"GRCh38-LSM2","LSM2","10"
2.65965503293472e-125,-0.405256401051104,0.19,0.412,1.92298378191246e-120,"GRCh38-FAM167B","FAM167B","10"
2.76751822786154e-125,1.09783780878914,0.867,0.864,2.00097102910845e-120,"GRCh38-ENSG00000289474","ENSG00000289474","10"
3.38317701555084e-125,1.01012439249905,0.866,0.92,2.44610464578357e-120,"GRCh38-RNPS1","RNPS1","10"
4.13142858715874e-125,0.949662957565037,0.874,0.902,2.98710549708751e-120,"GRCh38-MRPL3","MRPL3","10"
4.57326501709889e-125,0.728008026678777,0.668,0.559,3.30656207266284e-120,"GRCh38-CASP3","CASP3","10"
9.0368018418105e-125,0.774807479457793,0.6,0.466,6.53378846766583e-120,"GRCh38-EED","EED","10"
1.04115161463043e-124,1.45512763002303,0.625,0.537,7.52773440410096e-120,"GRCh38-MIR924HG","MIR924HG","10"
1.04530686380025e-124,0.75299106200438,0.526,0.346,7.55777768664856e-120,"GRCh38-CFAP20DC","CFAP20DC","10"
1.17628224433442e-124,1.0176337803777,0.953,0.982,8.50475588298674e-120,"GRCh38-OAZ1","OAZ1","10"
1.27095921240238e-124,-0.291468497136037,0.545,0.795,9.18928929751169e-120,"GRCh38-MRC2","MRC2","10"
1.48923174850442e-124,0.539434357018677,0.27,0.121,1.07674433880366e-119,"GRCh38-ADGRG1","ADGRG1","10"
1.51279095062601e-124,-0.629476309753056,0.11,0.309,1.09377811312162e-119,"GRCh38-ITGA11","ITGA11","10"
1.7025317677558e-124,0.781290972087668,0.865,0.906,1.2309645187228e-119,"GRCh38-SEPTIN10","SEPTIN10","10"
1.74049280851715e-124,0.353825880133281,0.172,0.059,1.25841111041407e-119,"GRCh38-ENSG00000249738","ENSG00000249738","10"
2.90711518561996e-124,0.465008865884127,0.356,0.193,2.10190242150695e-119,"GRCh38-HGH1","HGH1","10"
2.95268653268742e-124,0.300322872433545,0.266,0.119,2.13485141686366e-119,"GRCh38-NXPH4","NXPH4","10"
3.02672307695472e-124,1.07368476525584,0.901,0.944,2.1883813190998e-119,"GRCh38-MRPL52","MRPL52","10"
3.14363130239774e-124,1.10601693100958,0.874,0.911,2.27290830425962e-119,"GRCh38-EIF4EBP1","EIF4EBP1","10"
3.28598440496797e-124,0.612079804318275,0.375,0.203,2.37583244447994e-119,"GRCh38-PRSS12","PRSS12","10"
3.97043168446776e-124,0.516471770636548,0.458,0.287,2.87070151650388e-119,"GRCh38-CRKL","CRKL","10"
5.69828599289741e-124,-0.488043679441296,0.294,0.522,4.11997473858469e-119,"GRCh38-LINC01050","LINC01050","10"
6.11840258703075e-124,0.631227728287153,0.599,0.454,4.42372743847497e-119,"GRCh38-POLR2D","POLR2D","10"
6.56293752226258e-124,0.664763799072187,0.63,0.509,4.74513508734629e-119,"GRCh38-IFI27L1","IFI27L1","10"
7.93948031769262e-124,-0.448315485691204,0.212,0.427,5.74040305929812e-119,"GRCh38-ENSG00000260604","ENSG00000260604","10"
8.14203468038861e-124,0.500769558305361,0.434,0.261,5.88685391461457e-119,"GRCh38-KLC2","KLC2","10"
1.04468784924448e-123,-0.330528237253582,0.573,0.809,7.55330208760747e-119,"GRCh38-MXI1","MXI1","10"
1.07795147204969e-123,0.707325111277167,0.739,0.654,7.79380473321368e-119,"GRCh38-UBLCP1","UBLCP1","10"
1.08544872286806e-123,0.912433874025753,0.589,0.447,7.84801135608062e-119,"GRCh38-MID1","MID1","10"
1.14199747579371e-123,0.670065010729078,0.621,0.491,8.25687014948369e-119,"GRCh38-NOL12","NOL12","10"
1.22908508595841e-123,0.521851578364612,0.112,0.029,8.88653098849648e-119,"GRCh38-LCE3D","LCE3D","10"
1.67570394444766e-123,0.951881212283331,0.811,0.834,1.21156746591454e-118,"GRCh38-PIN1","PIN1","10"
1.8479381865296e-123,0.77716219567107,0.749,0.691,1.33609626762463e-118,"GRCh38-SUMO3","SUMO3","10"
2.27215846532377e-123,0.743780427471079,0.716,0.624,1.64281601359839e-118,"GRCh38-DR1","DR1","10"
2.71722490432968e-123,-0.318724663939966,0.681,0.891,1.96460795032845e-118,"GRCh38-NINJ1","NINJ1","10"
3.03047064905779e-123,-0.36232915554818,0.116,0.318,2.19109088868176e-118,"GRCh38-DOC2A","DOC2A","10"
4.38043577782187e-123,1.11797359156344,0.748,0.734,3.16714267608077e-118,"GRCh38-CKAP4","CKAP4","10"
4.94609451394052e-123,0.742234490287185,0.635,0.515,3.57612525546928e-118,"GRCh38-MFSD14B","MFSD14B","10"
5.51734516377744e-123,0.767430439211658,0.34,0.177,3.98915090031437e-118,"GRCh38-THSD4","THSD4","10"
6.00087520957274e-123,0.858323906587139,0.741,0.696,4.33875279402529e-118,"GRCh38-MRM2","MRM2","10"
6.47734368109575e-123,-0.598957769080842,0.25,0.464,4.68324902830585e-118,"GRCh38-SOD3","SOD3","10"
6.66140272334527e-123,0.453612365796688,0.328,0.169,4.8163273970331e-118,"GRCh38-PLS1","PLS1","10"
7.15017397793902e-123,-0.445581504527068,0.076,0.268,5.16971878952947e-118,"GRCh38-L1CAM","L1CAM","10"
8.0484135066392e-123,0.84871532994045,0.803,0.784,5.81916393357027e-118,"GRCh38-GNL2","GNL2","10"
8.64645703905332e-123,0.992071406033841,0.706,0.616,6.25156136837633e-118,"GRCh38-UCHL3","UCHL3","10"
9.12872136467544e-123,0.788609057369297,0.714,0.622,6.60024812108764e-118,"GRCh38-TOMM34","TOMM34","10"
9.80673006039181e-123,0.937498688913648,0.916,0.969,7.09046196826449e-118,"GRCh38-SSBP1","SSBP1","10"
1.06510100269063e-122,0.496521951418655,0.299,0.14,7.70089326965381e-118,"GRCh38-MARCHF3","MARCHF3","10"
1.14906206663495e-122,0.815878778121777,0.633,0.506,8.30794855418403e-118,"GRCh38-CHML","CHML","10"
1.16013067714059e-122,-0.374135315100026,0.208,0.427,8.38797682186188e-118,"GRCh38-GPRC5C","GPRC5C","10"
1.5057242779863e-122,1.03041863494903,0.463,0.277,1.08866876746966e-117,"GRCh38-MIR205HG","MIR205HG","10"
1.61382266661816e-122,0.576359170429988,0.519,0.354,1.16682606441826e-117,"GRCh38-CAD","CAD","10"
1.62523141376669e-122,0.397359827236416,0.243,0.105,1.17507481678159e-117,"GRCh38-GDAP1","GDAP1","10"
1.72298945707261e-122,0.605516764756715,0.256,0.113,1.24575583725264e-117,"GRCh38-ITGBL1","ITGBL1","10"
2.14112568643315e-122,0.830223853890814,0.697,0.623,1.5480766938049e-117,"GRCh38-PHF5A","PHF5A","10"
2.24652297303733e-122,0.896096056405632,0.755,0.724,1.62428103996545e-117,"GRCh38-NTMT1","NTMT1","10"
2.50267840278663e-122,0.644124741520092,0.57,0.414,1.80948653878279e-117,"GRCh38-COA7","COA7","10"
2.51857624021445e-122,-0.37447862251045,0.476,0.696,1.82098099319985e-117,"GRCh38-SMARCD3","SMARCD3","10"
2.87671812223549e-122,1.03125571730632,0.753,0.724,2.0799247367387e-117,"GRCh38-SIGMAR1","SIGMAR1","10"
2.88731106210266e-122,0.40387109223927,0.371,0.2,2.08758364412146e-117,"GRCh38-ENPP1","ENPP1","10"
5.36136121730613e-122,1.00237563070593,0.876,0.91,3.87637138733668e-117,"GRCh38-PARP1","PARP1","10"
6.38183400057526e-122,0.508177442779017,0.53,0.364,4.61419361909593e-117,"GRCh38-MKKS","MKKS","10"
6.67043458921207e-122,-0.415945706473948,0.626,0.842,4.82285761669211e-117,"GRCh38-ENSG00000287176","ENSG00000287176","10"
9.0403257298801e-122,-0.453613618914875,0.609,0.826,6.53633630921791e-117,"GRCh38-LINC02315","LINC02315","10"
9.51261155206394e-122,0.740013407621903,0.505,0.327,6.87780840437327e-117,"GRCh38-ERG","ERG","10"
1.21443147657138e-121,1.17742349690534,0.667,0.555,8.78058246190638e-117,"GRCh38-SDC4","SDC4","10"
1.34726392591391e-121,0.277642413741639,0.172,0.06,9.74098763714274e-117,"GRCm39-Hspa1a","Hspa1a","10"
1.37138870581295e-121,0.368806071001742,0.309,0.154,9.9154146207688e-117,"GRCh38-AEN","AEN","10"
1.42217729371616e-121,-0.374069362035097,0.597,0.799,1.02826262690266e-116,"GRCh38-SRPX","SRPX","10"
1.85262157593389e-121,0.897541875512401,0.783,0.78,1.33948245183172e-116,"GRCh38-AHCTF1","AHCTF1","10"
2.03810573441157e-121,0.599154383262376,0.593,0.446,1.47359120809426e-116,"GRCh38-ASF1A","ASF1A","10"
2.54916451473495e-121,0.996245513624383,0.709,0.639,1.84309692744366e-116,"GRCh38-SLC20A1","SLC20A1","10"
2.6339478337329e-121,-0.368363236098632,0.145,0.357,1.90439696274556e-116,"GRCh38-ATOH8","ATOH8","10"
2.72251678188706e-121,-0.558935874440815,0.418,0.624,1.96843408363998e-116,"GRCh38-ZSCAN31","ZSCAN31","10"
3.18196366333747e-121,0.928250205787325,0.76,0.711,2.30062336786626e-116,"GRCh38-CAV2","CAV2","10"
3.91993808634771e-121,1.05759999757008,0.918,0.957,2.83419363519112e-116,"GRCh38-NHP2","NHP2","10"
5.72566750645472e-121,0.95052991133237,0.887,0.949,4.13977212051689e-116,"GRCh38-SUPT16H","SUPT16H","10"
6.43640122018881e-121,0.838248562961462,0.835,0.905,4.65364681022092e-116,"GRCh38-IER3IP1","IER3IP1","10"
7.04508371060491e-121,0.824989446080199,0.821,0.816,5.09373642444156e-116,"GRCh38-MBD2","MBD2","10"
7.08109997073665e-121,0.361848148656233,0.224,0.093,5.11977690084202e-116,"GRCh38-CCNT2-AS1","CCNT2-AS1","10"
8.63020412977768e-121,1.08753577208527,0.899,0.952,6.23981018991186e-116,"GRCh38-TOMM6","TOMM6","10"
9.01175842110056e-121,0.507734688720643,0.434,0.261,6.51568157362412e-116,"GRCh38-BPGM","BPGM","10"
9.08233503159184e-121,0.639045836977781,0.508,0.348,6.56670987454153e-116,"GRCh38-SMIM13","SMIM13","10"
1.42313589378872e-120,0.685129444544418,0.663,0.535,1.02895571392712e-115,"GRCh38-PRMT5","PRMT5","10"
2.09463193630434e-120,0.384324012975052,0.23,0.096,1.51446078258676e-115,"GRCh38-GPR153","GPR153","10"
2.3278925947204e-120,0.898135958279289,0.915,0.948,1.68311290383474e-115,"GRCh38-EIF3B","EIF3B","10"
2.87833508865175e-120,1.08606509769648,0.843,0.905,2.08109383579699e-115,"GRCh38-PCMT1","PCMT1","10"
3.19745483046105e-120,0.759257978444262,0.698,0.614,2.31182379151995e-115,"GRCh38-MED21","MED21","10"
3.3685739803723e-120,0.700565814655224,0.751,0.694,2.43554635928878e-115,"GRCh38-GSS","GSS","10"
3.64248637685399e-120,1.11112769309493,0.358,0.195,2.63359050019297e-115,"GRCh38-TFPI2","TFPI2","10"
3.79037258859088e-120,0.762218793115167,0.794,0.765,2.74051518900298e-115,"GRCh38-CNOT1","CNOT1","10"
3.81720232092913e-120,0.856315063774211,0.689,0.579,2.75991362207818e-115,"GRCh38-STK24","STK24","10"
4.12439072178199e-120,0.821806596024915,0.316,0.156,2.98201697966281e-115,"GRCh38-FAT2","FAT2","10"
4.55193031559918e-120,0.730503237366836,0.662,0.554,3.29113665678452e-115,"GRCh38-FAM76B","FAM76B","10"
4.8266674288413e-120,0.8839557425359,0.745,0.7,3.48977708440084e-115,"GRCh38-MPC1","MPC1","10"
7.36538271528938e-120,0.703188179474688,0.666,0.547,5.32531901080853e-115,"GRCh38-PDCL3","PDCL3","10"
7.41629438245149e-120,-0.415961572112929,0.198,0.404,5.36212916440008e-115,"GRCh38-ENSG00000286033","ENSG00000286033","10"
7.63426545589606e-120,0.966031970150282,0.719,0.646,5.51972660992197e-115,"GRCh38-BRMS1","BRMS1","10"
8.85607360690668e-120,1.0171985819906,0.803,0.791,6.40311833926567e-115,"GRCh38-RRP36","RRP36","10"
9.33302960000681e-120,0.898294761905352,0.767,0.715,6.74796706139692e-115,"GRCh38-TSR1","TSR1","10"
9.34610279335012e-120,0.913963192392172,0.709,0.634,6.757419241648e-115,"GRCh38-CMTM6","CMTM6","10"
1.04846324598905e-119,0.780916870177464,0.732,0.659,7.58059896115003e-115,"GRCh38-EXOSC3","EXOSC3","10"
1.14997559577131e-119,0.978264296674336,0.954,0.983,8.31455355254571e-115,"GRCh38-RHOA","RHOA","10"
1.54956384553393e-119,-0.35703594638314,0.565,0.78,1.12036565159794e-114,"GRCh38-PLSCR4","PLSCR4","10"
2.00437673001356e-119,0.980435408288294,0.659,0.541,1.4492044633344e-114,"GRCh38-BOP1","BOP1","10"
2.28826653152909e-119,0.727796620062187,0.661,0.545,1.65446246762616e-114,"GRCh38-C12orf29","C12orf29","10"
2.89184492455424e-119,0.478424723494976,0.354,0.194,2.0908617173512e-114,"GRCh38-NMB","NMB","10"
2.9403523353481e-119,0.740970800424243,0.723,0.657,2.12593354550338e-114,"GRCh38-NUP88","NUP88","10"
3.29143933273889e-119,0.457657481335016,0.235,0.1,2.37977646635687e-114,"GRCh38-NIBAN1","NIBAN1","10"
3.35661203549579e-119,0.803384215188543,0.835,0.823,2.42689763390416e-114,"GRCh38-PFKP","PFKP","10"
3.71432992014879e-119,0.906141576541847,0.811,0.817,2.68553481886598e-114,"GRCh38-NUDT21","NUDT21","10"
3.88409091120022e-119,0.610535087438523,0.327,0.17,2.80827541061598e-114,"GRCh38-ADGRG6","ADGRG6","10"
4.15735801834576e-119,0.517917595211295,0.513,0.352,3.00585299442435e-114,"GRCh38-ANKRD9","ANKRD9","10"
4.37269520128221e-119,-0.310115863797048,0.765,0.91,3.16154608443106e-114,"GRCh38-RPSA2","RPSA2","10"
6.17550678597434e-119,0.735621478695158,0.778,0.79,4.46501491639517e-114,"GRCh38-FBXL5","FBXL5","10"
6.47943469561943e-119,0.817765687001631,0.852,0.908,4.68476087362676e-114,"GRCh38-RBM17","RBM17","10"
7.1640787593849e-119,0.773063303930636,0.672,0.575,5.17977222461047e-114,"GRCh38-ING2","ING2","10"
7.22745969995027e-119,0.578858611297324,0.234,0.099,5.22559791225804e-114,"GRCh38-RAB38","RAB38","10"
7.23822550074337e-119,1.09693031778047,0.846,0.857,5.23338180154747e-114,"GRCh38-GTF3C6","GTF3C6","10"
8.09690598939708e-119,-0.271067799712624,0.846,0.966,5.85422496845388e-114,"GRCh38-IFITM2","IFITM2","10"
8.19081090961441e-119,-0.318375246653958,0.638,0.871,5.92212010386941e-114,"GRCh38-ANKS1B","ANKS1B","10"
8.51218069290391e-119,0.61699033316388,0.497,0.331,6.15447688458338e-114,"GRCh38-SLC26A2","SLC26A2","10"
9.0528270070299e-119,-0.388957209183932,0.267,0.497,6.54537498262276e-114,"GRCh38-PDGFRB","PDGFRB","10"
9.70472268180777e-119,0.919021687108247,0.795,0.832,7.01670859340065e-114,"GRCh38-SYPL1","SYPL1","10"
1.05986013424413e-118,0.861941672587324,0.341,0.179,7.66300074261191e-114,"GRCh38-RGS2","RGS2","10"
1.09942433834168e-118,0.939360744787569,0.76,0.763,7.94905785107803e-114,"GRCh38-TXNDC12","TXNDC12","10"
1.16911259657202e-118,1.12816539226609,0.947,0.979,8.45291789573502e-114,"GRCh38-DYNLL1","DYNLL1","10"
1.30231032523783e-118,0.658623356985869,0.645,0.533,9.41596411353459e-114,"GRCh38-PAF1","PAF1","10"
1.44815651989066e-118,0.511360041867985,0.523,0.36,1.04704612701134e-113,"GRCh38-DARS2","DARS2","10"
1.47445143316911e-118,0.883679090704624,0.703,0.617,1.06605787520993e-113,"GRCh38-UTP4","UTP4","10"
1.78119090921665e-118,0.623527852256992,0.647,0.522,1.28783665118182e-113,"GRCh38-FAM98B","FAM98B","10"
1.8837171561846e-118,-0.275572170249424,0.772,0.955,1.36196517826459e-113,"GRCh38-COL5A1","COL5A1","10"
1.93262021142686e-118,0.797652750362904,0.714,0.667,1.39732306526585e-113,"GRCh38-HADH","HADH","10"
2.02215418728742e-118,0.358266575475056,0.309,0.153,1.46205792049255e-113,"GRCh38-SP4","SP4","10"
2.53484149616465e-118,0.5496960902957,0.274,0.128,1.83274109855697e-113,"GRCh38-ENSG00000290113","ENSG00000290113","10"
3.184848712155e-118,1.06162710295312,0.936,0.97,2.30270931586231e-113,"GRCh38-CCT2","CCT2","10"
3.9670092279308e-118,0.507953000680435,0.366,0.203,2.86822701197853e-113,"GRCh38-ING1","ING1","10"
4.03771818364359e-118,0.965037509902275,0.822,0.823,2.91935100113799e-113,"GRCh38-NAA15","NAA15","10"
4.22523342933025e-118,0.785800469150834,0.773,0.734,3.05492827407436e-113,"GRCh38-UBQLN1","UBQLN1","10"
4.43037193475457e-118,-0.328678290316851,0.547,0.773,3.20324751626625e-113,"GRCh38-LTBP4","LTBP4","10"
4.47590227072961e-118,1.20497922615534,0.91,0.952,3.23616685978292e-113,"GRCh38-CAV1","CAV1","10"
5.04568230621454e-118,0.713355856243786,0.649,0.542,3.64812922103924e-113,"GRCh38-GNA11","GNA11","10"
5.2441996287946e-118,0.897599871313692,0.881,0.944,3.79166121561107e-113,"GRCh38-ARPC1B","ARPC1B","10"
5.80109538521883e-118,0.572442368958228,0.464,0.299,4.19430798542092e-113,"GRCh38-MVK","MVK","10"
6.51088988503591e-118,0.490479001770566,0.407,0.24,4.70750360467867e-113,"GRCh38-SLC25A25","SLC25A25","10"
6.94793767328746e-118,0.651408475743479,0.595,0.455,5.0234978965403e-113,"GRCh38-AP1B1","AP1B1","10"
7.5682712410423e-118,1.31957069688478,0.849,0.826,5.47201147269841e-113,"GRCh38-TUBB3","TUBB3","10"
8.16183725008731e-118,0.565015545424471,0.335,0.177,5.90117156855812e-113,"GRCh38-BDKRB1","BDKRB1","10"
1.03952089100417e-117,1.03731695002583,0.828,0.906,7.51594394613835e-113,"GRCh38-CKLF","CKLF","10"
1.08009463952237e-117,-0.351319503926286,0.24,0.47,7.80930026267467e-113,"GRCh38-SERTAD4-AS1","SERTAD4-AS1","10"
1.33740373660567e-117,0.78666443296017,0.869,0.923,9.66969649640629e-113,"GRCh38-PAPOLA","PAPOLA","10"
2.99168345985271e-117,0.828881438738606,0.7,0.636,2.1630469751427e-112,"GRCh38-VKORC1L1","VKORC1L1","10"
3.50275812885445e-117,0.77671433807632,0.714,0.639,2.53256418232435e-112,"GRCh38-COMMD8","COMMD8","10"
3.54420887302441e-117,1.04849722621948,0.9,0.969,2.56253389937411e-112,"GRCh38-GNG5","GNG5","10"
4.2876387753803e-117,-0.313227815460928,0.802,0.949,3.10004858737546e-112,"GRCh38-SNHG25","SNHG25","10"
4.72597769906826e-117,0.759607905075895,0.708,0.61,3.41697639598033e-112,"GRCh38-ABCF2","ABCF2","10"
5.12182580046731e-117,0.629727300296555,0.719,0.642,3.70318249025387e-112,"GRCh38-CEP20","CEP20","10"
6.69718286071385e-117,-0.447652459292438,0.657,0.873,4.84219715195333e-112,"GRCh38-ENSG00000227400","ENSG00000227400","10"
7.76977478749907e-117,-0.351966982099281,0.584,0.821,5.61770256685757e-112,"GRCh38-LINC02994","LINC02994","10"
8.18119436863817e-117,-0.429556990108748,0.235,0.456,5.91516715241277e-112,"GRCh38-STRA6","STRA6","10"
9.08465885831418e-117,0.870648973485839,0.805,0.764,6.56839004773832e-112,"GRCh38-PAFAH1B2","PAFAH1B2","10"
1.38566274531334e-116,0.372511577646897,0.342,0.183,1.00186187811645e-111,"GRCh38-SCRIB","SCRIB","10"
1.38600952025007e-116,1.06549749500081,0.869,0.899,1.0021126033312e-111,"GRCh38-PPP1CA","PPP1CA","10"
1.62407896257208e-116,-0.302187741634747,0.547,0.788,1.17424157151887e-111,"GRCh38-GOLGA8B","GOLGA8B","10"
1.816890430377e-116,0.705833690176047,0.793,0.794,1.31364811897118e-111,"GRCh38-ARPP19","ARPP19","10"
2.2181090191036e-116,-0.459147193680869,0.291,0.509,1.60373718299229e-111,"GRCh38-GLDN","GLDN","10"
4.28355598530072e-116,0.661755107404349,0.605,0.467,3.09709664849213e-111,"GRCh38-TTLL12","TTLL12","10"
4.8064722318239e-116,0.512070360393196,0.179,0.066,3.47517555305332e-111,"GRCh38-PCAT19","PCAT19","10"
4.8069562682057e-116,0.606896884348013,0.252,0.112,3.47552552103808e-111,"GRCh38-ENSG00000285666","ENSG00000285666","10"
4.84358488414311e-116,0.295369777903037,0.14,0.045,3.50200874293315e-111,"GRCh38-SDK2","SDK2","10"
4.84719567472061e-116,0.843186739965148,0.92,0.974,3.50461941673649e-111,"GRCh38-ARPC5","ARPC5","10"
5.61582580487395e-116,0.790153902293488,0.595,0.463,4.06035437343996e-111,"GRCh38-CLPB","CLPB","10"
5.94147155826102e-116,0.991967648568973,0.786,0.759,4.29580276605388e-111,"GRCh38-CSTF3","CSTF3","10"
7.1013261336764e-116,0.622949808498581,0.198,0.078,5.13440082117071e-111,"GRCh38-KIAA1549L","KIAA1549L","10"
7.56441667956534e-116,0.791663885768683,0.728,0.66,5.46922454765933e-111,"GRCh38-NOL11","NOL11","10"
7.60882596102056e-116,0.832199323818353,0.725,0.665,5.50133334633708e-111,"GRCh38-NABP2","NABP2","10"
7.6697997408416e-116,-0.649541871880622,0.466,0.675,5.54541860862329e-111,"GRCh38-ENSG00000230490","ENSG00000230490","10"
8.00358293519732e-116,0.827609091826187,0.831,0.869,5.78675053380637e-111,"GRCh38-IARS2","IARS2","10"
8.00450252624192e-116,-0.429272986156451,0.428,0.648,5.78741541652344e-111,"GRCh38-ENSG00000287042","ENSG00000287042","10"
8.26106761105753e-116,0.953345018333809,0.847,0.88,5.97291710414682e-111,"GRCh38-NAE1","NAE1","10"
1.00975556484108e-115,0.303348911945308,0.27,0.128,7.30073468491394e-111,"GRCh38-C19orf47","C19orf47","10"
1.27151787399794e-115,0.965283753437502,0.978,0.985,9.19332853257992e-111,"GRCh38-HSPD1","HSPD1","10"
1.52082319239301e-115,0.838364284700956,0.818,0.825,1.09958558456399e-110,"GRCh38-AIMP2","AIMP2","10"
1.74276057040751e-115,1.09317263858735,0.745,0.682,1.26005074761604e-110,"GRCh38-CHORDC1","CHORDC1","10"
1.8361324578425e-115,-0.423995420531753,0.193,0.411,1.32756048966928e-110,"GRCh38-NKD2","NKD2","10"
1.85416221851152e-115,-0.387699533399738,0.455,0.664,1.3405963672282e-110,"GRCh38-ZCCHC24","ZCCHC24","10"
1.96611835646075e-115,0.611992411402084,0.539,0.386,1.42154289408825e-110,"GRCh38-ZNF598","ZNF598","10"
2.07695680982054e-115,0.775108870022746,0.545,0.373,1.50168131263645e-110,"GRCh38-H2AC6","H2AC6","10"
2.10450045441602e-115,0.836037029809105,0.94,0.969,1.52159591855187e-110,"GRCh38-TARS1","TARS1","10"
2.67392213711959e-115,0.553467312689917,0.199,0.079,1.93329918358021e-110,"GRCh38-ADIRF","ADIRF","10"
3.36858537095243e-115,-0.394708964507296,0.428,0.648,2.43555459490602e-110,"GRCh38-TP53I11","TP53I11","10"
3.41703995117691e-115,0.417886100079616,0.186,0.072,2.47058822549993e-110,"GRCh38-ENSG00000287621","ENSG00000287621","10"
5.0550549721306e-115,0.472077382007121,0.497,0.337,3.65490584594986e-110,"GRCh38-PABIR2","PABIR2","10"
6.52939729749795e-115,0.573976164921801,0.483,0.321,4.72088483403696e-110,"GRCh38-OTUD6B","OTUD6B","10"
8.05653278251291e-115,-0.40620128143618,0.772,0.933,5.82503433241249e-110,"GRCh38-PKIG","PKIG","10"
1.06718434326134e-114,1.00270653270526,0.555,0.398,7.71595623864814e-110,"GRCh38-NHSL1","NHSL1","10"
1.40582960960931e-114,0.812717369511637,0.89,0.948,1.01644292433973e-109,"GRCh38-HDAC2","HDAC2","10"
1.45320917571158e-114,0.85114525508002,0.904,0.971,1.05069929822299e-109,"GRCh38-SEM1","SEM1","10"
1.47371563490955e-114,0.971415198019163,0.774,0.73,1.0655258783523e-109,"GRCh38-PNPT1","PNPT1","10"
1.52032000661191e-114,0.804632080667844,0.728,0.687,1.09922177118055e-109,"GRCh38-ITGAE","ITGAE","10"
1.75618155950406e-114,0.694914808381851,0.87,0.892,1.26975439115263e-109,"GRCh38-GARS1","GARS1","10"
1.79812699465462e-114,0.722358812423923,0.622,0.517,1.30008177967518e-109,"GRCh38-SELENOI","SELENOI","10"
1.80345415819278e-114,0.926525587504689,0.706,0.648,1.30393342545655e-109,"GRCh38-PAGR1","PAGR1","10"
2.59707884347102e-114,0.923837264634614,0.745,0.688,1.87773994540642e-109,"GRCh38-LAS1L","LAS1L","10"
3.4808203528833e-114,0.567348670712399,0.311,0.148,2.51670273154168e-109,"GRCh38-COL1A2","COL1A2","10"
3.66102324724379e-114,0.810840472093063,0.753,0.729,2.6469930282222e-109,"GRCh38-PPP5C","PPP5C","10"
4.01126948688992e-114,0.861229373878123,0.424,0.265,2.90022806441115e-109,"GRCh38-GLYATL2","GLYATL2","10"
4.99773142496785e-114,0.784947363461465,0.861,0.878,3.61345977488026e-109,"GRCh38-TWF1","TWF1","10"
6.56810893719777e-114,0.736345349909879,0.532,0.337,4.74887412377273e-109,"GRCh38-SAA1","SAA1","10"
6.97301498035519e-114,0.69603074897674,0.635,0.532,5.04162929109641e-109,"GRCh38-CEP43","CEP43","10"
7.16008799970216e-114,0.891367259039741,0.901,0.963,5.17688682554466e-109,"GRCh38-GSTO1","GSTO1","10"
8.24114797105946e-114,0.371279372137547,0.32,0.167,5.95851480603541e-109,"GRCh38-ISOC1","ISOC1","10"
1.06443070564878e-113,1.11783472697932,0.937,0.969,7.69604688798178e-109,"GRCh38-HSPE1","HSPE1","10"
1.53061112260087e-113,0.535695424409313,0.193,0.077,1.10666245386288e-108,"GRCh38-LINC00665","LINC00665","10"
1.54359770485917e-113,-0.334934078917203,0.121,0.317,1.11605201256728e-108,"GRCh38-KNDC1","KNDC1","10"
1.54876280126904e-113,0.726578482746254,0.674,0.577,1.11978648057354e-108,"GRCh38-AP1M1","AP1M1","10"
1.609842228707e-113,0.824009519905431,0.794,0.778,1.16394812819973e-108,"GRCh38-SZRD1","SZRD1","10"
1.7343317480864e-113,-0.685756513157022,0.101,0.286,1.25395654050143e-108,"GRCh38-NRXN3","NRXN3","10"
1.74576407998202e-113,0.401740135652967,0.37,0.209,1.2622223451086e-108,"GRCh38-RBBP9","RBBP9","10"
1.86535290514298e-113,0.826509094409658,0.718,0.673,1.34868745747648e-108,"GRCh38-PLEKHJ1","PLEKHJ1","10"
1.8705645135609e-113,-0.434530651471197,0.766,0.947,1.3524555545948e-108,"GRCh38-STXBP5","STXBP5","10"
2.36168374884388e-113,0.553143658474328,0.551,0.402,1.7075445840891e-108,"GRCh38-CPSF4","CPSF4","10"
2.48818488354533e-113,0.75957103726772,0.73,0.696,1.79900743450095e-108,"GRCh38-CTDSPL2","CTDSPL2","10"
2.60260722350722e-113,0.778751087676767,0.692,0.612,1.88173707474019e-108,"GRCh38-UMPS","UMPS","10"
2.97752089110045e-113,-0.290798651442663,0.688,0.931,2.15280715468345e-108,"GRCh38-ARHGAP24","ARHGAP24","10"
3.53429364845548e-113,0.679919866960421,0.634,0.513,2.55536499370628e-108,"GRCh38-GSR","GSR","10"
3.62671513238721e-113,0.768352820700958,0.666,0.502,2.6221875750186e-108,"GRCh38-EMP2","EMP2","10"
3.87647391458034e-113,0.811733903256485,0.611,0.486,2.80276816971988e-108,"GRCh38-FASN","FASN","10"
4.00895232016984e-113,0.533628472042473,0.556,0.406,2.8985527065292e-108,"GRCh38-MGAT2","MGAT2","10"
4.20814045504634e-113,1.05703572471309,0.894,0.947,3.0425697118076e-108,"GRCh38-ELOC","ELOC","10"
4.40471072284899e-113,0.887100145240313,0.911,0.965,3.18469394683428e-108,"GRCh38-PSMA4","PSMA4","10"
5.39331178609562e-113,0.757991868270505,0.34,0.182,3.89947228758285e-108,"GRCh38-SLC35F3","SLC35F3","10"
5.54677453054224e-113,0.692306209673484,0.679,0.591,4.01042892107265e-108,"GRCh38-TSN","TSN","10"
6.66100871117824e-113,0.991182349300856,0.828,0.835,4.81604251835609e-108,"GRCh38-NUTF2","NUTF2","10"
7.72426979981919e-113,0.561487405962622,0.592,0.459,5.58480155066527e-108,"GRCh38-ING3","ING3","10"
1.00091757436827e-112,0.96248754666391,0.773,0.755,7.23683424619743e-108,"GRCh38-PAK1IP1","PAK1IP1","10"
1.03753753174903e-112,0.833589336949155,0.76,0.737,7.50160386205181e-108,"GRCh38-MALSU1","MALSU1","10"
1.05359815759885e-112,0.871756774306091,0.75,0.716,7.61772539907122e-108,"GRCh38-EMC8","EMC8","10"
1.21662252893916e-112,-0.40702105221043,0.465,0.69,8.79642420873588e-108,"GRCh38-ENSG00000227486","ENSG00000227486","10"
1.32901906013764e-112,0.391295617007022,0.292,0.144,9.60907360860715e-108,"GRCh38-RASGRF1","RASGRF1","10"
1.41612947987633e-112,0.89017953999267,0.85,0.89,1.02388993654019e-107,"GRCh38-GLRX3","GLRX3","10"
1.60447576117439e-112,-1.29172817564873,0.092,0.27,1.16006806484431e-107,"GRCh38-TRDN","TRDN","10"
1.81865499161687e-112,0.59026131370185,0.421,0.265,1.31492393203883e-107,"GRCh38-FBXL6","FBXL6","10"
2.12954367196053e-112,0.887984501783907,0.848,0.89,1.5397026657009e-107,"GRCh38-ITGB1BP1","ITGB1BP1","10"
2.42594945130258e-112,-0.518642721866582,0.183,0.389,1.75400997228079e-107,"GRCh38-SGCD","SGCD","10"
3.34673001503218e-112,0.978405992819676,0.682,0.58,2.41975273546857e-107,"GRCh38-POLR1G","POLR1G","10"
3.75574560614751e-112,1.04494379802871,0.811,0.832,2.71547918815677e-107,"GRCh38-SPCS3","SPCS3","10"
3.90419814594679e-112,-0.329979685513681,0.628,0.849,2.82281334348245e-107,"GRCh38-C1RL","C1RL","10"
4.34110566559733e-112,0.832390424722576,0.748,0.718,3.13870621834018e-107,"GRCh38-TIMM23","TIMM23","10"
4.78684052091374e-112,0.765744271809932,0.599,0.465,3.46098143343106e-107,"GRCh38-HCCS","HCCS","10"
5.10793928380295e-112,0.957522454397145,0.727,0.672,3.69314226097521e-107,"GRCh38-EMG1","EMG1","10"
5.51730761067849e-112,0.899657445260758,0.803,0.799,3.98912374867276e-107,"GRCh38-PNRC2","PNRC2","10"
1.32472010442037e-111,0.573156563819694,0.482,0.329,9.57799129898016e-107,"GRCh38-SLC19A1","SLC19A1","10"
1.51214396593769e-111,1.02960959257724,0.811,0.81,1.09331033025227e-106,"GRCh38-MRPS23","MRPS23","10"
1.66878070722074e-111,0.840924409630389,0.639,0.525,1.20656182693474e-106,"GRCh38-FTSJ3","FTSJ3","10"
1.67996814594959e-111,0.856705694500715,0.662,0.559,1.21465056888447e-106,"GRCh38-VARS1","VARS1","10"
1.69735390639397e-111,0.982339417115714,0.727,0.67,1.22722082140096e-106,"GRCh38-PRPF19","PRPF19","10"
1.83769777979663e-111,0.602187411356155,0.502,0.347,1.32869224874856e-106,"GRCh38-TUBGCP3","TUBGCP3","10"
2.04660640169878e-111,0.487649243508549,0.468,0.306,1.47973736055625e-106,"GRCh38-FASTKD3","FASTKD3","10"
2.75243656389055e-111,0.58032589546611,0.487,0.327,1.99006668442415e-106,"GRCh38-STPG1","STPG1","10"
3.05070573857967e-111,0.803310668150298,0.703,0.647,2.20572126310787e-106,"GRCh38-DCP2","DCP2","10"
3.50283859464917e-111,-0.331845968786057,0.284,0.498,2.53262236070324e-106,"GRCh38-CRELD1","CRELD1","10"
4.38465993148854e-111,0.948952809875727,0.822,0.86,3.17019682366484e-106,"GRCh38-BCL7C","BCL7C","10"
5.01464203411748e-111,-0.442792667128827,0.331,0.537,3.62568648350762e-106,"GRCh38-LLGL2","LLGL2","10"
5.61959988209026e-111,-0.512511695911595,0.306,0.51,4.0630831067489e-106,"GRCh38-GPNMB","GPNMB","10"
5.73524441984947e-111,0.980087240591281,0.849,0.9,4.14669642043956e-106,"GRCh38-DNTTIP2","DNTTIP2","10"
6.33699793605503e-111,0.790003593086013,0.401,0.242,4.58177624772651e-106,"GRCh38-SLC8A1","SLC8A1","10"
6.43453734357034e-111,0.75910230993647,0.696,0.604,4.65229919014823e-106,"GRCh38-TTL","TTL","10"
6.75913902603374e-111,0.976166133767113,0.74,0.721,4.88699269860292e-106,"GRCh38-NUP153","NUP153","10"
9.30432212997851e-111,0.671946449595647,0.626,0.519,6.72721098641706e-106,"GRCh38-TIMM21","TIMM21","10"
9.99427209259979e-111,0.87980721120796,0.829,0.878,7.2260586083915e-106,"GRCh38-DCXR","DCXR","10"
1.6777035383024e-110,0.820793271415129,0.791,0.796,1.2130132122634e-105,"GRCh38-RPN1","RPN1","10"
3.0655264637265e-110,1.13919543789884,0.387,0.23,2.21643694380353e-105,"GRCh38-HBEGF","HBEGF","10"
3.48926131930191e-110,0.908063160743979,0.795,0.819,2.52280571908166e-105,"GRCh38-SURF4","SURF4","10"
3.60868343945524e-110,1.02957238226435,0.925,0.96,2.60915030039492e-105,"GRCh38-DNAJA1","DNAJA1","10"
3.90412279811674e-110,0.813964807196353,0.678,0.628,2.82275886549436e-105,"GRCh38-PXMP2","PXMP2","10"
3.91398097369203e-110,0.906521189196962,0.837,0.872,2.82988652359881e-105,"GRCh38-HTATSF1","HTATSF1","10"
5.10508630069085e-110,0.959956870405521,0.932,0.967,3.6910794971255e-105,"GRCh38-CDC42","CDC42","10"
6.0722952727677e-110,0.897820883780145,0.773,0.756,4.3903909281165e-105,"GRCh38-DSG2","DSG2","10"
7.35893656767521e-110,0.851516272677731,0.722,0.672,5.32065831716053e-105,"GRCh38-TIMM50","TIMM50","10"
9.55698374016145e-110,0.548522515471617,0.457,0.3,6.90989038381153e-105,"GRCh38-RANBP6","RANBP6","10"
1.07483188051142e-109,0.919045641143486,0.847,0.885,7.77124946247367e-105,"GRCh38-PRDX3","PRDX3","10"
1.30601580015622e-109,1.02404434495686,0.942,0.979,9.44275543828947e-105,"GRCh38-CHCHD2","CHCHD2","10"
1.48711101545899e-109,0.39480164866263,0.263,0.124,1.07521100639716e-104,"GRCh38-SLC37A2","SLC37A2","10"
1.62797712915998e-109,-0.422719089544305,0.427,0.661,1.17706002392525e-104,"GRCh38-ENSG00000285899","ENSG00000285899","10"
1.66837128066035e-109,0.981879297250325,0.721,0.652,1.20626580334305e-104,"GRCh38-NIP7","NIP7","10"
1.76443331534659e-109,-0.509808003189045,0.401,0.617,1.27572057566189e-104,"GRCh38-LIX1-AS1","LIX1-AS1","10"
1.78584201873496e-109,0.523756185941057,0.285,0.14,1.29119949638575e-104,"GRCh38-DHRS3","DHRS3","10"
2.03083429473318e-109,0.842756242864429,0.863,0.905,1.46833381177798e-104,"GRCh38-DENR","DENR","10"
2.08582135754702e-109,0.61176364753774,0.592,0.469,1.50809055793365e-104,"GRCh38-MED30","MED30","10"
2.12837421640948e-109,0.698536153473394,0.733,0.681,1.53885712594838e-104,"GRCh38-CHAMP1","CHAMP1","10"
2.23171235499035e-109,0.790701915793279,0.831,0.805,1.61357266690512e-104,"GRCh38-HK1","HK1","10"
2.28029088384029e-109,0.442399378669978,0.435,0.275,1.6486959148342e-104,"GRCh38-SLC25A40","SLC25A40","10"
2.68159213950127e-109,0.963569947860116,0.793,0.772,1.93884474870221e-104,"GRCh38-MRPL15","MRPL15","10"
2.69995238127826e-109,0.636857086665674,0.662,0.554,1.9521195707118e-104,"GRCh38-CEBPG","CEBPG","10"
2.79808369149114e-109,0.768941134159232,0.634,0.525,2.02307047062192e-104,"GRCh38-PINX1","PINX1","10"
3.0533321439146e-109,-0.323908453471781,0.234,0.461,2.20762020669314e-104,"GRCh38-MB","MB","10"
3.32922003963868e-109,0.429738780205822,0.42,0.258,2.40709267305956e-104,"GRCh38-CPOX","CPOX","10"
3.54852135259499e-109,0.716882871401634,0.668,0.575,2.56565190835323e-104,"GRCh38-U2AF2","U2AF2","10"
3.9953493616131e-109,0.984526198502117,0.872,0.928,2.8887174954335e-104,"GRCh38-DDX46","DDX46","10"
4.87914875149829e-109,0.671381172767265,0.779,0.764,3.5277221303083e-104,"GRCh38-VPS26A","VPS26A","10"
5.04299200892657e-109,0.375305868873335,0.119,0.035,3.64618408229409e-104,"GRCh38-MAGEB2","MAGEB2","10"
5.59700468133349e-109,-0.350044084042015,0.366,0.61,4.04674632469774e-104,"GRCh38-SNTB1","SNTB1","10"
6.20674042670138e-109,0.597735157566529,0.432,0.271,4.48759746331363e-104,"GRCh38-HTRA3","HTRA3","10"
6.26216995586407e-109,0.434658515830668,0.176,0.066,4.52767412148884e-104,"GRCh38-GLDC","GLDC","10"
7.13502702592994e-109,0.365760780217648,0.33,0.178,5.15876724028786e-104,"GRCh38-HES6","HES6","10"
7.6997411200249e-109,0.976966318124679,0.941,0.977,5.5670668246004e-104,"GRCh38-TMA7","TMA7","10"
9.064298933942e-109,0.652092651031423,0.641,0.527,6.55366941521875e-104,"GRCh38-SENP1","SENP1","10"
1.00933281002932e-108,1.00517700962821,0.955,0.982,7.29767808307401e-104,"GRCh38-POMP","POMP","10"
1.22441181385236e-108,0.257876800771718,0.226,0.099,8.85274229651537e-104,"GRCh38-LRRC51","LRRC51","10"
1.29785162662546e-108,0.785390567118618,0.372,0.215,9.38372683082742e-104,"GRCh38-ARG2","ARG2","10"
1.47815361309259e-108,-0.582680410387271,0.189,0.386,1.06873462533821e-103,"GRCh38-GRIN2A","GRIN2A","10"
1.94392738590234e-108,0.647333503870757,0.367,0.211,1.40549837855511e-103,"GRCh38-PPP1R14B-AS1","PPP1R14B-AS1","10"
1.97462514241094e-108,0.575453432885066,0.514,0.358,1.42769347046596e-103,"GRCh38-EIF5A2","EIF5A2","10"
2.04228849039109e-108,0.479928602822708,0.413,0.246,1.47661542432257e-103,"GRCh38-SAP30-DT","SAP30-DT","10"
2.09077748701576e-108,1.14959989287535,0.928,0.954,1.51167393866213e-103,"GRCh38-C1QBP","C1QBP","10"
2.26444316857841e-108,1.03823507021505,0.892,0.948,1.63723769974556e-103,"GRCh38-ERH","ERH","10"
2.33731621342422e-108,0.703647283104092,0.661,0.561,1.68992636862998e-103,"GRCh38-RRP1","RRP1","10"
3.06504952776464e-108,0.83278047951886,0.795,0.782,2.21609210956439e-103,"GRCh38-LRRC58","LRRC58","10"
3.50637587903961e-108,0.339533929931991,0.238,0.107,2.53517988806322e-103,"GRCh38-ARRDC3-AS1","ARRDC3-AS1","10"
3.8424893903491e-108,0.707928671436424,0.682,0.605,2.7781966790102e-103,"GRCh38-SLC31A1","SLC31A1","10"
3.98894340919446e-108,1.02946500417371,0.911,0.965,2.88408586371578e-103,"GRCh38-SNRPE","SNRPE","10"
4.41930705164849e-108,0.337972965587093,0.342,0.187,3.19524738448289e-103,"GRCh38-CEP131","CEP131","10"
5.43147861321578e-108,0.793737796901473,0.832,0.818,3.92706766692727e-103,"GRCh38-SRSF1","SRSF1","10"
5.74755529881569e-108,0.393366109507981,0.315,0.168,4.15559743214972e-103,"GRCh38-PLCXD1","PLCXD1","10"
6.03551129011685e-108,0.464405132887762,0.394,0.238,4.36379537298028e-103,"GRCh38-ZNF232-AS1","ZNF232-AS1","10"
1.07804291034673e-107,0.959638869314285,0.862,0.91,7.79446585038896e-103,"GRCh38-NDUFB6","NDUFB6","10"
1.21571502402367e-107,0.495125976916095,0.448,0.292,8.78986276669595e-103,"GRCh38-PAK4","PAK4","10"
1.58788629972713e-107,0.96281875559291,0.857,0.87,1.14807355242871e-102,"GRCh38-RUVBL1","RUVBL1","10"
1.6701014387804e-107,0.655115418643928,0.765,0.733,1.20751674226701e-102,"GRCh38-CPSF2","CPSF2","10"
1.90306700564717e-107,-0.452932044000958,0.689,0.893,1.37595550642302e-102,"GRCh38-ENSG00000249413","ENSG00000249413","10"
2.03448547207652e-107,1.0281144854892,0.992,0.991,1.47097368602076e-102,"GRCh38-PPIA","PPIA","10"
2.09975815080305e-107,1.03830988567321,0.714,0.704,1.51816713819362e-102,"GRCh38-G2E3","G2E3","10"
2.73015810334611e-107,1.14407022124356,0.843,0.858,1.9739589118813e-102,"GRCh38-MRPL17","MRPL17","10"
2.75214907293739e-107,0.615088047109781,0.493,0.34,1.98985882271519e-102,"GRCh38-LIN52","LIN52","10"
3.28730969839361e-107,0.800964763976718,0.814,0.796,2.37679065813255e-102,"GRCh38-SF3B3","SF3B3","10"
3.81096481108583e-107,0.814969494520007,0.722,0.662,2.75540377771128e-102,"GRCh38-DNAAF5","DNAAF5","10"
3.82939863997148e-107,0.605273964416246,0.564,0.423,2.76873180467218e-102,"GRCh38-GJC1","GJC1","10"
4.52733065015433e-107,0.639497939669251,0.702,0.621,3.27335060667459e-102,"GRCh38-JOSD1","JOSD1","10"
4.53240678299671e-107,0.786793819285662,0.912,0.961,3.27702075224228e-102,"GRCh38-GDI2","GDI2","10"
5.29031552979616e-107,0.718769268789034,0.254,0.121,3.82500393435322e-102,"GRCh38-DLGAP1","DLGAP1","10"
5.53755202730103e-107,0.41428540642513,0.325,0.178,4.00376086677919e-102,"GRCh38-CCDC85C","CCDC85C","10"
7.25773511292918e-107,0.832626929710878,0.546,0.401,5.24748764135006e-102,"GRCh38-STEAP1","STEAP1","10"
8.04671160084518e-107,0.774933448392456,0.74,0.697,5.81793342164308e-102,"GRCh38-ORC3","ORC3","10"
1.0122922854513e-106,0.447168423462467,0.286,0.138,7.31907568226997e-102,"GRCh38-HTR7","HTR7","10"
1.09499625926582e-106,-0.565877847590936,0.171,0.361,7.91704195374373e-102,"GRCh38-SVEP1","SVEP1","10"
1.12911492490117e-106,0.773402619587716,0.619,0.507,8.16372673002045e-102,"GRCh38-GRWD1","GRWD1","10"
1.2554971970397e-106,0.518737904715984,0.474,0.326,9.07749583403646e-102,"GRCh38-DCAF15","DCAF15","10"
1.27631991254478e-106,0.868070480382924,0.809,0.849,9.22804823168128e-102,"GRCh38-SSNA1","SSNA1","10"
2.09717250712821e-106,0.996055524304222,0.933,0.977,1.51629766610384e-101,"GRCh38-SFPQ","SFPQ","10"
2.86240911093301e-106,0.874380417199625,0.775,0.757,2.06957903538679e-101,"GRCh38-BCAS2","BCAS2","10"
3.56224831537652e-106,0.703148022089983,0.65,0.549,2.57557677698353e-101,"GRCh38-CFAP20","CFAP20","10"
3.80113480982121e-106,0.422060915998235,0.193,0.079,2.74829649019693e-101,"GRCh38-LINC01812","LINC01812","10"
4.38029845525456e-106,0.588773574904805,0.504,0.346,3.16704338911816e-101,"GRCh38-CAPG","CAPG","10"
4.71197721380485e-106,0.534138624820858,0.512,0.371,3.40685376512518e-101,"GRCh38-GEMIN2","GEMIN2","10"
5.09100161716993e-106,1.00115487556993,0.911,0.962,3.6808959892462e-101,"GRCh38-PSMD7","PSMD7","10"
6.7169684184139e-106,0.34991027001561,0.306,0.159,4.85650250588162e-101,"GRCh38-ZNF100","ZNF100","10"
7.24240444324274e-106,0.817247683209438,0.8,0.798,5.23640326055337e-101,"GRCh38-FAM136A","FAM136A","10"
9.07975001816408e-106,-0.363995054412033,0.453,0.666,6.56484085813299e-101,"GRCh38-HCG17","HCG17","10"
1.12257668573557e-105,0.776753980077565,0.831,0.873,8.11645395320531e-101,"GRCh38-CIB1","CIB1","10"
1.25169288795198e-105,0.578562398346804,0.612,0.496,9.04998991847044e-101,"GRCh38-GIHCG","GIHCG","10"
1.68517705360368e-105,1.09824313997642,0.853,0.886,1.21841671329653e-100,"GRCh38-MTCH2","MTCH2","10"
1.69504237986727e-105,0.370670283563589,0.313,0.166,1.22554954149163e-100,"GRCh38-NEMP2","NEMP2","10"
1.84648932774329e-105,-0.546508924037369,0.634,0.85,1.33504871374495e-100,"GRCh38-CHRM3","CHRM3","10"
1.92236837173814e-105,0.770748897132351,0.789,0.762,1.38991078013411e-100,"GRCh38-PTBP3","PTBP3","10"
2.18667341077879e-105,0.570354865965487,0.612,0.492,1.58100860946128e-100,"GRCh38-FAM20B","FAM20B","10"
2.23602875087656e-105,1.10111503569981,0.953,0.973,1.61669350745877e-100,"GRCh38-RBM3","RBM3","10"
2.31840830611965e-105,1.01423675263221,0.745,0.719,1.67625557349063e-100,"GRCh38-TMX4","TMX4","10"
2.3991475776969e-105,0.496973570439651,0.494,0.342,1.73463168162641e-100,"GRCh38-ABHD10","ABHD10","10"
2.87317995963124e-105,0.713067953176776,0.729,0.664,2.07736657441258e-100,"GRCh38-ACTR1A","ACTR1A","10"
3.13334109160547e-105,0.838114575369426,0.715,0.642,2.26546827605259e-100,"GRCh38-POLR2C","POLR2C","10"
3.40923900235846e-105,0.631366969756611,0.568,0.421,2.46494798348522e-100,"GRCh38-FAM107B","FAM107B","10"
3.43511067768505e-105,0.705606065748529,0.662,0.582,2.48365372217985e-100,"GRCh38-CDKN2AIPNL","CDKN2AIPNL","10"
3.75199191408761e-105,-0.359521745137416,0.702,0.9,2.71276519372362e-100,"GRCh38-SCPEP1","SCPEP1","10"
3.79111224930372e-105,0.650816808017057,0.324,0.178,2.74104997849158e-100,"GRCh38-C11orf91","C11orf91","10"
3.98457633639962e-105,0.763102056413652,0.646,0.539,2.88092838274366e-100,"GRCh38-DPH3","DPH3","10"
4.15771330611916e-105,1.45423924555773,0.643,0.492,3.00610987459028e-100,"GRCh38-CASC19","CASC19","10"
5.59262889069463e-105,0.58026096070148,0.597,0.464,4.04358254055003e-100,"GRCh38-AKAP7","AKAP7","10"
5.82748449581086e-105,0.473832991763536,0.414,0.259,4.21338784016117e-100,"GRCh38-IPO4","IPO4","10"
5.85059234573636e-105,1.00808188844911,0.87,0.936,4.23009527781431e-100,"GRCh38-NDUFS8","NDUFS8","10"
6.35085538229289e-105,0.828460416166761,0.864,0.889,4.5917954585054e-100,"GRCh38-PPP1CB","PPP1CB","10"
6.77621484215094e-105,1.07806766240141,0.855,0.86,4.89933885517197e-100,"GRCh38-PSMD13","PSMD13","10"
6.81097203220878e-105,0.398798334655901,0.195,0.08,4.92446899872759e-100,"GRCh38-LINC02832","LINC02832","10"
7.49664398446271e-105,0.776673386505736,0.859,0.9,5.42022353364623e-100,"GRCh38-IARS1","IARS1","10"
8.20194730324028e-105,0.682799606862657,0.649,0.563,5.93017193918879e-100,"GRCh38-KBTBD2","KBTBD2","10"
1.41919587934222e-104,0.693834949119144,0.634,0.526,1.02610700468201e-99,"GRCh38-HACD2","HACD2","10"
1.83149851489166e-104,0.571237409339968,0.562,0.42,1.32421005623697e-99,"GRCh38-ANKRD40","ANKRD40","10"
2.37303818037089e-104,0.458932358865496,0.469,0.31,1.71575406517176e-99,"GRCh38-TEX261","TEX261","10"
2.50472394669158e-104,1.11545647091421,0.845,0.939,1.81096550793695e-99,"GRCh38-ATP6V0B","ATP6V0B","10"
2.69401092973904e-104,0.711480028190188,0.668,0.572,1.94782378241992e-99,"GRCh38-SLC25A32","SLC25A32","10"
2.72009807865973e-104,0.827104561421801,0.876,0.97,1.96668531283255e-99,"GRCh38-TPR","TPR","10"
2.87271176088606e-104,0.352709237758697,0.121,0.038,2.07702805735584e-99,"GRCh38-FGF5","FGF5","10"
3.12582769605379e-104,0.262399531059244,0.174,0.068,2.26003594080081e-99,"GRCh38-ENSG00000258101","ENSG00000258101","10"
3.66188605950461e-104,0.728952958871439,0.698,0.634,2.64761685874302e-99,"GRCh38-PITHD1","PITHD1","10"
4.45794543504493e-104,0.913508465160218,0.794,0.809,3.22318370844619e-99,"GRCh38-MEA1","MEA1","10"
5.02203695985183e-104,0.762339364582851,0.693,0.605,3.63103316271207e-99,"GRCh38-OGFOD1","OGFOD1","10"
6.30412528220995e-104,0.765993051225553,0.868,0.919,4.55800866154344e-99,"GRCh38-PSMC1","PSMC1","10"
6.95310796917481e-104,0.618607717017332,0.586,0.456,5.02723612387277e-99,"GRCh38-ADNP2","ADNP2","10"
7.70056154285743e-104,0.968683582646951,0.845,0.88,5.56766000671678e-99,"GRCh38-SNX5","SNX5","10"
8.17181718173143e-104,0.89459540009156,0.94,0.982,5.90838725873546e-99,"GRCh38-ARPC2","ARPC2","10"
1.00933329009534e-103,-0.392113456099299,0.319,0.53,7.29768155404732e-99,"GRCh38-ZFYVE28","ZFYVE28","10"
1.11573619968774e-103,0.856824887016026,0.714,0.662,8.06699587098227e-99,"GRCh38-STT3A","STT3A","10"
1.35144495542132e-103,0.72042656803465,0.808,0.787,9.77121731668726e-99,"GRCh38-ATIC","ATIC","10"
1.67039900149392e-103,0.947439404930516,0.862,0.918,1.20773188606014e-98,"GRCh38-VPS29","VPS29","10"
1.74362332143045e-103,0.39173959951524,0.326,0.181,1.26067453386064e-98,"GRCh38-TMEM201","TMEM201","10"
1.79054336541821e-103,-0.352898697293447,0.748,0.932,1.29459866406467e-98,"GRCh38-VPS13C","VPS13C","10"
2.02451107467204e-103,0.867733812927698,0.784,0.79,1.46376199720938e-98,"GRCh38-FIBP","FIBP","10"
2.02749544053604e-103,0.872115299840774,0.867,0.925,1.46591975341637e-98,"GRCh38-C7orf50","C7orf50","10"
2.05867260704403e-103,0.987477154187491,0.837,0.894,1.48846146834497e-98,"GRCh38-SPTBN1","SPTBN1","10"
2.05920572810987e-103,0.647578768609312,0.431,0.256,1.488846925538e-98,"GRCh38-SDC2","SDC2","10"
2.43447763233296e-103,0.909549248979846,0.835,0.871,1.76017601772938e-98,"GRCh38-KPNA4","KPNA4","10"
2.58263249465323e-103,0.673138963761651,0.421,0.266,1.86729494628418e-98,"GRCh38-SHB","SHB","10"
2.67813570643986e-103,0.602760717952388,0.564,0.423,1.93634567847015e-98,"GRCh38-HMCES","HMCES","10"
2.94904557678901e-103,1.09670198891061,0.809,0.805,2.13221893292999e-98,"GRCh38-UBE2M","UBE2M","10"
3.53235323624308e-103,0.601322974757669,0.523,0.377,2.55396203686847e-98,"GRCh38-BYSL","BYSL","10"
3.83063068730481e-103,0.842303395916365,0.766,0.752,2.76962259953512e-98,"GRCh38-SRA1","SRA1","10"
3.86538230834665e-103,0.580359435595459,0.568,0.444,2.7947487165808e-98,"GRCh38-NIF3L1","NIF3L1","10"
3.97758624327553e-103,0.529081366039732,0.562,0.429,2.87587440561308e-98,"GRCh38-USP5","USP5","10"
4.45733822303903e-103,0.775188607339899,0.649,0.56,3.22274468202168e-98,"GRCh38-BLOC1S2","BLOC1S2","10"
4.67931761858452e-103,0.334408556144202,0.116,0.035,3.38324022458898e-98,"GRCh38-ENSG00000258902","ENSG00000258902","10"
5.62154787605951e-103,-0.29875103565506,0.644,0.843,4.06449154534855e-98,"GRCh38-DNAJC4","DNAJC4","10"
5.77071502256269e-103,-0.350906346397707,0.323,0.523,4.17234237561328e-98,"GRCh38-ANKDD1A","ANKDD1A","10"
7.15111768302592e-103,0.333795023428393,0.224,0.098,5.1704011071814e-98,"GRCh38-NIPAL4","NIPAL4","10"
8.39645622158827e-103,0.517705197381424,0.478,0.327,6.07080577733275e-98,"GRCh38-PFAS","PFAS","10"
9.30347656637846e-103,0.370299752647442,0.265,0.129,6.72659962702296e-98,"GRCh38-CFAP45","CFAP45","10"
9.61510178857074e-103,0.916462679072326,0.833,0.835,6.95191089517242e-98,"GRCh38-LSM12","LSM12","10"
9.98955113465157e-103,0.353302186750221,0.35,0.198,7.22264526137578e-98,"GRCh38-UBXN11","UBXN11","10"
1.01020584408244e-102,0.776238013715872,0.696,0.636,7.30399029388487e-98,"GRCh38-CCDC82","CCDC82","10"
1.08942728199134e-102,0.889646269296199,0.765,0.756,7.87677713425376e-98,"GRCh38-AGPAT5","AGPAT5","10"
1.12575630440674e-102,0.716515974508573,0.877,0.925,8.13944323212164e-98,"GRCh38-DDX1","DDX1","10"
1.12933274879695e-102,0.546321050219465,0.475,0.325,8.16530164035167e-98,"GRCh38-FRMD8","FRMD8","10"
1.20416869370766e-102,1.21506063399798,0.887,0.932,8.70638048924515e-98,"GRCh38-ATP5MC1","ATP5MC1","10"
1.80450772636093e-102,-0.586786187932481,0.407,0.587,1.30469517631348e-97,"GRCh38-PLAAT4","PLAAT4","10"
1.81336727090015e-102,0.462504427267124,0.433,0.279,1.31110080420623e-97,"GRCh38-OTUD3","OTUD3","10"
2.00263473700978e-102,1.03517111087231,0.855,0.93,1.44794496755281e-97,"GRCh38-SLC38A1","SLC38A1","10"
2.2658582906493e-102,0.704930843109245,0.646,0.553,1.63826086130526e-97,"GRCh38-PELP1","PELP1","10"
2.64044352788325e-102,-0.437706887961687,0.494,0.69,1.90909347953014e-97,"GRCh38-PROS1","PROS1","10"
3.47817403230022e-102,0.78036620072552,0.95,0.979,2.51478938883371e-97,"GRCh38-HNRNPK","HNRNPK","10"
4.16144744684696e-102,0.506932394113209,0.542,0.398,3.00880973301929e-97,"GRCh38-CEP41","CEP41","10"
4.21673365171516e-102,0.778642512138586,0.789,0.778,3.0487827648631e-97,"GRCh38-SMARCB1","SMARCB1","10"
4.40191025796077e-102,0.511388747880607,0.461,0.307,3.18266915471079e-97,"GRCh38-KCTD5","KCTD5","10"
4.47465225171053e-102,0.912692717904912,0.865,0.934,3.23526307103175e-97,"GRCh38-RDX","RDX","10"
4.96938679363862e-102,0.919757274821907,0.665,0.567,3.5929660395366e-97,"GRCh38-B3GNT5","B3GNT5","10"
5.05113533992646e-102,0.665929755573167,0.562,0.427,3.65207187347363e-97,"GRCh38-MRPL49","MRPL49","10"
5.10742052447099e-102,0.302775642330542,0.303,0.159,3.69276718760302e-97,"GRCh38-MEX3D","MEX3D","10"
5.5084099173551e-102,0.891140249054947,0.774,0.768,3.98269053844608e-97,"GRCh38-CCDC137","CCDC137","10"
5.68217216255913e-102,-0.327272959453295,0.469,0.679,4.1083241169735e-97,"GRCh38-EXD3","EXD3","10"
5.92968065450411e-102,-0.371684332269978,0.236,0.436,4.28727770681956e-97,"GRCh38-SCN1B","SCN1B","10"
6.24684942297739e-102,0.278106334073846,0.162,0.061,4.51659706980111e-97,"GRCh38-ENSG00000289852","ENSG00000289852","10"
7.45317632747724e-102,-0.424114206741727,0.179,0.369,5.38879554829259e-97,"GRCh38-SERPING1","SERPING1","10"
8.80631046349553e-102,0.914461092410471,0.859,0.909,6.36713859131654e-97,"GRCh38-MRPS18C","MRPS18C","10"
8.86501549746905e-102,0.670693641298393,0.559,0.437,6.40958350498007e-97,"GRCh38-FN3KRP","FN3KRP","10"
9.4667128280428e-102,0.653469528293741,0.671,0.564,6.84462270893151e-97,"GRCh38-EHD4","EHD4","10"
1.17218590440153e-101,0.525823180160125,0.395,0.244,8.47513852600395e-97,"GRCh38-DPH2","DPH2","10"
1.22791597718675e-101,0.346113310175336,0.106,0.03,8.87807809825567e-97,"GRCh38-LINC01610","LINC01610","10"
1.27766361645257e-101,0.668409283386217,0.654,0.589,9.23776347967538e-97,"GRCh38-ILVBL","ILVBL","10"
1.34253392359369e-101,-0.552870192227284,0.045,0.2,9.70678877436707e-97,"GRCh38-FMO2","FMO2","10"
1.51651744099823e-101,-0.270918319504384,0.503,0.743,1.09647244019054e-96,"GRCh38-CERS4","CERS4","10"
1.5265898334531e-101,0.727299931696781,0.715,0.657,1.10375498138326e-96,"GRCh38-ATL3","ATL3","10"
1.67292576611985e-101,0.900959624880015,0.833,0.856,1.20955878741997e-96,"GRCh38-PSMD6","PSMD6","10"
1.71094145840348e-101,0.621516203622864,0.594,0.47,1.23704489325489e-96,"GRCh38-BCL7B","BCL7B","10"
1.75351575566251e-101,0.399082431783622,0.388,0.233,1.26782696165911e-96,"GRCh38-SPRYD3","SPRYD3","10"
2.19919623926171e-101,0.386661607107753,0.311,0.167,1.590062864911e-96,"GRCh38-B4GALT6","B4GALT6","10"
2.44350694880912e-101,0.567574703409726,0.417,0.269,1.76670439412797e-96,"GRCh38-SLC25A22","SLC25A22","10"
2.49338452134731e-101,-0.311572728291055,0.774,0.941,1.80276687662453e-96,"GRCh38-IGBP1","IGBP1","10"
2.63666185912869e-101,1.10904550264861,0.694,0.659,1.90635925738723e-96,"GRCh38-UBALD2","UBALD2","10"
2.90110351621019e-101,0.430843434954551,0.311,0.167,2.0975558642903e-96,"GRCh38-SERPINB8","SERPINB8","10"
3.09375199077044e-101,0.662987355525097,0.657,0.563,2.23684456436685e-96,"GRCh38-SF3A1","SF3A1","10"
3.15711772547021e-101,0.604648911065577,0.221,0.101,2.28265925786947e-96,"GRCh38-SVIP","SVIP","10"
3.18279108383892e-101,-0.34238917503864,0.365,0.567,2.30122160943721e-96,"GRCh38-UBE2Q2P1","UBE2Q2P1","10"
3.78775529588707e-101,0.54284186252868,0.265,0.128,2.73862283403227e-96,"GRCh38-LINC00536","LINC00536","10"
4.16366988647739e-101,-0.359614702242908,0.237,0.433,3.01041660132088e-96,"GRCh38-FMO4","FMO4","10"
4.18549001946394e-101,0.669875772245325,0.674,0.598,3.02619299387282e-96,"GRCh38-SEC22C","SEC22C","10"
4.43722816471835e-101,0.881006744856021,0.845,0.864,3.20820470765466e-96,"GRCh38-AK2","AK2","10"
5.27294705295396e-101,0.814151496220892,0.684,0.613,3.81244617822677e-96,"GRCh38-SLC35B1","SLC35B1","10"
6.43561998862965e-101,0.416958279839153,0.445,0.288,4.65308196417901e-96,"GRCh38-CASP2","CASP2","10"
6.79782536112084e-101,0.338439993568615,0.227,0.102,4.91496369259759e-96,"GRCh38-RNF152","RNF152","10"
7.11655377490084e-101,0.732306358846752,0.669,0.587,5.1454107103288e-96,"GRCh38-SLC35B4","SLC35B4","10"
8.09868592256625e-101,0.764758497972024,0.829,0.822,5.85551189573385e-96,"GRCh38-KARS1","KARS1","10"
8.62839350130512e-101,0.733902206560611,0.641,0.562,6.23850106931363e-96,"GRCh38-CCDC167","CCDC167","10"
9.37744669889705e-101,0.467310649141609,0.568,0.433,6.78008151223655e-96,"GRCh38-TAF6","TAF6","10"
9.45920420535926e-101,0.6437403066043,0.555,0.424,6.83919382455885e-96,"GRCh38-LMO7","LMO7","10"
9.69862703077367e-101,0.403747556115144,0.454,0.299,7.01230131578998e-96,"GRCh38-NAGA","NAGA","10"
9.71034856378154e-101,0.973620772641652,0.872,0.958,7.02077621858533e-96,"GRCh38-SPCS1","SPCS1","10"
1.00944555301257e-100,0.82295248650804,0.841,0.872,7.29849323739147e-96,"GRCh38-COPRS","COPRS","10"
1.81314364207412e-100,0.694017985652638,0.605,0.491,1.31093911609243e-95,"GRCh38-QTRT2","QTRT2","10"
2.06497014272438e-100,1.26285925667644,0.528,0.378,1.49301471259258e-95,"GRCh38-HSPA1B","HSPA1B","10"
2.1085391871202e-100,0.874473427576649,0.897,0.963,1.52451600307165e-95,"GRCh38-MDH2","MDH2","10"
2.14058529244428e-100,1.04233223047055,0.819,0.866,1.54768597814306e-95,"GRCh38-DPM1","DPM1","10"
2.28301077075209e-100,0.689087367524233,0.624,0.519,1.65066244746918e-95,"GRCh38-SDHAF3","SDHAF3","10"
2.35301434680345e-100,0.803831108691691,0.899,0.959,1.70127643302583e-95,"GRCh38-EIF5B","EIF5B","10"
2.72359079751645e-100,0.782906469820111,0.69,0.616,1.96921061842034e-95,"GRCh38-DDA1","DDA1","10"
2.81527153428086e-100,0.784713974181708,0.689,0.615,2.03549762471575e-95,"GRCh38-GLRX2","GLRX2","10"
2.99692883768486e-100,0.283124269523227,0.216,0.097,2.16683948822291e-95,"GRCh38-KDM4D","KDM4D","10"
3.1709473976893e-100,0.748488431879364,0.768,0.782,2.29265838747732e-95,"GRCh38-PIH1D1","PIH1D1","10"
3.4949079411833e-100,0.882448732372697,0.905,0.958,2.52688833963435e-95,"GRCh38-CDV3","CDV3","10"
4.16898920737144e-100,-0.532099025001334,0.101,0.272,3.0142625767137e-95,"GRCh38-MGC27382","MGC27382","10"
4.18609680707272e-100,1.00817518194408,0.79,0.857,3.02663171344972e-95,"GRCh38-CD320","CD320","10"
4.20016321945607e-100,0.930458279499582,0.942,0.971,3.03680201093113e-95,"GRCh38-SLC25A5","SLC25A5","10"
4.5448166618606e-100,0.662508146192978,0.686,0.584,3.28599334285845e-95,"GRCh38-ARL4A","ARL4A","10"
4.93334716772988e-100,-0.366560689801976,0.511,0.71,3.56690866921206e-95,"GRCh38-FBN1","FBN1","10"
5.17320758763168e-100,-0.315469237971193,0.314,0.515,3.74033255000946e-95,"GRCh38-ZNF862","ZNF862","10"
5.34468701622541e-100,0.877344224814394,0.826,0.912,3.8643156064713e-95,"GRCh38-CYP51A1","CYP51A1","10"
6.68954442015115e-100,0.882844116166129,0.784,0.822,4.83667440665768e-95,"GRCh38-BCAP29","BCAP29","10"
7.74845165436437e-100,0.8962884696909,0.844,0.914,5.60228551513853e-95,"GRCh38-BUD23","BUD23","10"
7.98569397669447e-100,0.705665458449496,0.54,0.416,5.77381645902963e-95,"GRCh38-TAP2","TAP2","10"
9.44727344188628e-100,1.01947633211787,0.906,0.965,6.83056764395262e-95,"GRCh38-PPDPF","PPDPF","10"
9.74607565199492e-100,-0.262654652431797,0.648,0.847,7.04660761790536e-95,"GRCh38-ANPEP","ANPEP","10"
1.05630413614552e-99,0.698348507065215,0.61,0.51,7.63729016515931e-95,"GRCh38-DAG1","DAG1","10"
1.09341671738037e-99,0.788287227829599,0.826,0.853,7.90562155000355e-95,"GRCh38-ADSS2","ADSS2","10"
1.21005194111302e-99,0.642898042686382,0.332,0.188,8.74891754463536e-95,"GRCh38-C3orf52","C3orf52","10"
1.49259997401851e-99,0.609862216899388,0.619,0.513,1.07917963321487e-94,"GRCh38-INTS1","INTS1","10"
1.52434702145284e-99,0.532197676570707,0.395,0.243,1.10213338345083e-94,"GRCh38-NFE2L3","NFE2L3","10"
2.05601413940502e-99,0.728687471915868,0.353,0.204,1.48653934307261e-94,"GRCh38-ENSG00000236453","ENSG00000236453","10"
2.06932683624123e-99,0.849037999994273,0.75,0.73,1.49616468913913e-94,"GRCh38-NUBP2","NUBP2","10"
2.10675374961721e-99,0.984208383864045,0.839,0.886,1.52322509604823e-94,"GRCh38-MRPL27","MRPL27","10"
2.12308813836447e-99,0.796586642051032,0.588,0.457,1.53503518580028e-94,"GRCh38-RRS1","RRS1","10"
2.15701648681898e-99,0.788995603395179,0.67,0.585,1.55956606029986e-94,"GRCh38-DNLZ","DNLZ","10"
2.20099709058978e-99,0.300122888872698,0.257,0.127,1.59136491643823e-94,"GRCh38-MSANTD7","MSANTD7","10"
2.22213666672712e-99,0.534411859733053,0.583,0.452,1.60664925277704e-94,"GRCh38-PYROXD1","PYROXD1","10"
2.99808418806579e-99,0.855719216187069,0.656,0.547,2.16767482965533e-94,"GRCh38-MLLT11","MLLT11","10"
3.33523845392725e-99,0.548301608731752,0.441,0.292,2.41144410695848e-94,"GRCh38-TRMT61A","TRMT61A","10"
4.23804613435697e-99,-0.269539208787391,0.734,0.944,3.06419211606277e-94,"GRCh38-MIR548XHG","MIR548XHG","10"
5.00230139132231e-99,0.534894337154106,0.277,0.144,3.61676395195385e-94,"GRCh38-ARHGEF16","ARHGEF16","10"
5.05173345394558e-99,1.37243880839361,0.712,0.649,3.65250432187173e-94,"GRCh38-ITGA6","ITGA6","10"
5.10953334230816e-99,0.418555190647787,0.274,0.14,3.69429479715565e-94,"GRCh38-ZNF365","ZNF365","10"
5.33290626472618e-99,0.670721576282276,0.689,0.596,3.85579788752232e-94,"GRCh38-TBC1D1","TBC1D1","10"
5.75529230423351e-99,0.662060951177492,0.286,0.147,4.16119144180691e-94,"GRCh38-ENSG00000287544","ENSG00000287544","10"
5.96441827866454e-99,0.872741502293707,0.811,0.817,4.31239370384003e-94,"GRCh38-GRPEL1","GRPEL1","10"
6.69763138098109e-99,0.730770359039264,0.654,0.572,4.84252144107695e-94,"GRCh38-TBCD","TBCD","10"
7.98154028414098e-99,0.993690410830496,0.819,0.874,5.77081325623961e-94,"GRCh38-SRPRA","SRPRA","10"
8.25173057093736e-99,-0.645253923505935,0.235,0.419,5.96616623739913e-94,"GRCh38-DIRC3","DIRC3","10"
9.15908539197046e-99,0.640438911252246,0.594,0.471,6.62220192010248e-94,"GRCh38-HSPA13","HSPA13","10"
1.06598033721307e-98,0.327279461375824,0.186,0.077,7.70725103411792e-94,"GRCh38-ADTRP","ADTRP","10"
1.10098252551316e-98,0.816243125712227,0.751,0.711,7.96032385596527e-94,"GRCh38-RRP15","RRP15","10"
1.10753718641811e-98,-0.396002654686467,0.609,0.802,8.00771536524022e-94,"GRCh38-HEG1","HEG1","10"
1.17241276771441e-98,0.256718045357555,0.132,0.044,8.47677879312871e-94,"GRCh38-ENSG00000235726","ENSG00000235726","10"
1.2037730638593e-98,-0.374684931249686,0.718,0.863,8.70352000631555e-94,"GRCh38-CYB5A","CYB5A","10"
1.34319654007222e-98,0.819644221101759,0.82,0.888,9.71157962403014e-94,"GRCh38-CEP57","CEP57","10"
1.4894701147308e-98,0.754822840511072,0.678,0.599,1.07691668235267e-93,"GRCh38-FDX1","FDX1","10"
1.62523953394228e-98,0.756869775883945,0.17,0.068,1.17508068783095e-93,"GRCh38-TMPRSS11E","TMPRSS11E","10"
1.93145924680932e-98,1.39960842993866,0.617,0.513,1.39648366462807e-93,"GRCh38-PRSS3","PRSS3","10"
1.98219390156845e-98,-0.291312105504475,0.431,0.637,1.43316583471202e-93,"GRCh38-OCEL1","OCEL1","10"
3.56444192295303e-98,-0.338264406721633,0.504,0.709,2.5771627991335e-93,"GRCh38-ING4","ING4","10"
3.8575498480771e-98,0.998009199805914,0.827,0.856,2.7890856911567e-93,"GRCh38-PUF60","PUF60","10"
4.28441666117259e-98,0.633458719508839,0.593,0.468,3.09771893436101e-93,"GRCh38-MICALL2","MICALL2","10"
4.32216279851211e-98,0.928721033847524,0.312,0.17,3.12501014658022e-93,"GRCh38-LAYN","LAYN","10"
4.54221361323056e-98,0.831283680038638,0.727,0.679,3.28411128663796e-93,"GRCh38-MED27","MED27","10"
4.64697114751555e-98,0.505695696588714,0.4,0.244,3.35985307907669e-93,"GRCh38-NOTCH1","NOTCH1","10"
4.65211056794203e-98,0.856616697342784,0.816,0.859,3.36356898283345e-93,"GRCh38-TXNDC5","TXNDC5","10"
5.63308782965751e-98,0.842848285158186,0.86,0.941,4.07283516259897e-93,"GRCh38-PCM1","PCM1","10"
7.43104633456096e-98,1.00650023425502,0.311,0.172,5.37279512081427e-93,"GRCh38-COL17A1","COL17A1","10"
8.17858278062486e-98,0.767095493693559,0.8,0.833,5.91327892204739e-93,"GRCh38-CIAO2A","CIAO2A","10"
8.52334131274326e-98,0.66166979777145,0.689,0.608,6.16254623593963e-93,"GRCh38-MAPK9","MAPK9","10"
9.21877212546955e-98,0.832591076357531,0.821,0.858,6.66535662215699e-93,"GRCh38-AATF","AATF","10"
9.80676941569497e-98,-0.307672391971237,0.43,0.649,7.09049042293578e-93,"GRCh38-DISC1","DISC1","10"
1.54969879290956e-97,0.540820585943649,0.674,0.594,1.12046322124947e-92,"GRCh38-THAP5","THAP5","10"
1.56657769223094e-97,1.13365703507846,0.846,0.903,1.13266700303681e-92,"GRCh38-RAB5IF","RAB5IF","10"
1.59721606218882e-97,0.687336586460955,0.695,0.634,1.15481915728376e-92,"GRCh38-NELFB","NELFB","10"
1.61914082048227e-97,-0.314652877304649,0.283,0.48,1.17067119602509e-92,"GRCh38-SH3YL1","SH3YL1","10"
1.74839409968825e-97,0.579748509899498,0.455,0.31,1.2641239019566e-92,"GRCh38-CLUH","CLUH","10"
2.23026568464637e-97,0.585859553874479,0.633,0.532,1.61252669531302e-92,"GRCh38-CYREN","CYREN","10"
2.34577039919369e-97,0.613910544902492,0.626,0.524,1.69603891402502e-92,"GRCh38-NSUN5","NSUN5","10"
2.4286078084878e-97,0.813767415260001,0.64,0.545,1.75593201769285e-92,"GRCh38-NXT1","NXT1","10"
2.45293042606501e-97,0.798850729577226,0.752,0.717,1.77351775665352e-92,"GRCh38-CBFB","CBFB","10"
2.45848044590922e-97,0.896205189590478,0.798,0.774,1.77753053200129e-92,"GRCh38-PSMC4","PSMC4","10"
2.62353718514931e-97,0.602661946815326,0.664,0.575,1.89686985560665e-92,"GRCh38-USP39","USP39","10"
2.82474560220834e-97,0.844375228328039,0.896,0.94,2.04234756530867e-92,"GRCh38-CCT7","CCT7","10"
2.85014192041247e-97,0.567071702893398,0.541,0.4,2.06070961129662e-92,"GRCh38-SPRYD7","SPRYD7","10"
3.31064364878207e-97,0.832941595249373,0.65,0.565,2.39366157094242e-92,"GRCh38-CCDC138","CCDC138","10"
3.67247031407152e-97,0.415112065317504,0.264,0.13,2.65526948647999e-92,"GRCh38-EFNB2","EFNB2","10"
3.79894470463445e-97,1.01629989217004,0.419,0.264,2.7467130003448e-92,"GRCh38-MX1","MX1","10"
3.83971383356559e-97,0.579332458828716,0.503,0.363,2.77618989594459e-92,"GRCh38-SPATA33","SPATA33","10"
4.29077404709107e-97,0.597382375634954,0.551,0.424,3.10231545152779e-92,"GRCh38-TTI1","TTI1","10"
5.1080400345267e-97,-0.328388438240552,0.198,0.385,3.69321510576349e-92,"GRCh38-LMF1","LMF1","10"
6.03141702075601e-97,0.534762684812935,0.448,0.306,4.36083513434701e-92,"GRCh38-DOHH","DOHH","10"
6.33382590050569e-97,0.466898663843762,0.459,0.311,4.57948280258362e-92,"GRCh38-ZNF107","ZNF107","10"
7.29183743352064e-97,0.527086479171112,0.506,0.364,5.27214430118409e-92,"GRCh38-COQ7","COQ7","10"
8.52266393256903e-97,0.59575891669298,0.355,0.203,6.16205647652606e-92,"GRCh38-PRRX1","PRRX1","10"
9.61325849006057e-97,0.720096520322812,0.416,0.252,6.95057815348359e-92,"GRCh38-IL33","IL33","10"
1.17336331411189e-96,-0.341532170639331,0.836,0.971,8.48365143369181e-92,"GRCh38-N4BP2L2","N4BP2L2","10"
1.20973425700546e-96,-0.35995704676913,0.1,0.27,8.74662062500088e-92,"GRCh38-ENSG00000259579","ENSG00000259579","10"
1.22492082137317e-96,0.798896264928381,0.793,0.8,8.85642252269231e-92,"GRCh38-C17orf49","C17orf49","10"
1.23829860360263e-96,1.03189358052798,0.771,0.734,8.95314656376774e-92,"GRCh38-NOP16","NOP16","10"
1.39910345414857e-96,0.258999181940393,0.121,0.039,1.0115797794185e-91,"GRCh38-MIR4280HG","MIR4280HG","10"
1.40562649892029e-96,0.741629035168549,0.605,0.507,1.01629607124935e-91,"GRCh38-HMGCR","HMGCR","10"
1.43941231246283e-96,0.792197507144257,0.849,0.888,1.04072389015687e-91,"GRCh38-SMIM15","SMIM15","10"
1.5047202964827e-96,0.634508778076861,0.56,0.425,1.08794286876292e-91,"GRCh38-METTL1","METTL1","10"
1.54062347295721e-96,0.766288039135865,0.988,0.991,1.11390158341752e-91,"GRCh38-HNRNPA1","HNRNPA1","10"
1.55711957653383e-96,0.776872275464767,0.832,0.902,1.12582859622549e-91,"GRCh38-PDIA4","PDIA4","10"
1.62433777929125e-96,-0.339361966413757,0.389,0.591,1.17442870118316e-91,"GRCh38-TNS2","TNS2","10"
1.70584568514719e-96,0.835418453963769,0.828,0.913,1.23336054727512e-91,"GRCh38-RIF1","RIF1","10"
1.73794904549195e-96,0.286854549884297,0.241,0.116,1.25657191887159e-91,"GRCh38-CFAP119","CFAP119","10"
2.00874690851961e-96,0.569227150902484,0.633,0.52,1.45236418979785e-91,"GRCh38-ASH2L","ASH2L","10"
2.11156998097244e-96,0.722607244374052,0.775,0.762,1.52670732764269e-91,"GRCh38-LZIC","LZIC","10"
2.43335642375694e-96,0.906123014570471,0.774,0.784,1.75936536150474e-91,"GRCh38-UQCC3","UQCC3","10"
2.63502495498235e-96,0.582682206847791,0.608,0.485,1.90517574295134e-91,"GRCh38-AIFM2","AIFM2","10"
2.71098012312679e-96,0.75009176258452,0.795,0.797,1.96009284862313e-91,"GRCh38-EXOSC10","EXOSC10","10"
2.71247151645301e-96,0.788740329188251,0.501,0.363,1.96117115582586e-91,"GRCh38-ABHD3","ABHD3","10"
3.20907220108945e-96,0.764805540511772,0.757,0.743,2.32022338283169e-91,"GRCh38-MRPL35","MRPL35","10"
3.25269217765236e-96,0.943899925436977,0.877,0.933,2.35176149828621e-91,"GRCh38-MRPL41","MRPL41","10"
3.56978816185648e-96,0.561766907807622,0.434,0.284,2.58102823678547e-91,"GRCh38-POPDC3","POPDC3","10"
3.77041875650186e-96,0.897689921112181,0.926,0.975,2.72608816932598e-91,"GRCh38-ARF1","ARF1","10"
3.9301535322355e-96,0.784937477311501,0.834,0.885,2.84157960687691e-91,"GRCh38-RPS19BP1","RPS19BP1","10"
4.08948332167973e-96,-0.364629441885112,0.465,0.658,2.95677823124088e-91,"GRCh38-F2RL2","F2RL2","10"
5.38346110018381e-96,-0.280749302048403,0.047,0.198,3.8923500446549e-91,"GRCh38-SOCAR","SOCAR","10"
5.38689172371922e-96,0.47760883818274,0.497,0.351,3.89483045408347e-91,"GRCh38-BUD13","BUD13","10"
5.97393406655635e-96,0.583793881498587,0.511,0.374,4.31927380880157e-91,"GRCh38-PAQR3","PAQR3","10"
6.40502959384318e-96,0.816046393064884,0.931,0.97,4.6309644969405e-91,"GRCh38-CCT4","CCT4","10"
7.65863765466393e-96,-0.457886003253528,0.262,0.461,5.53734819707511e-91,"GRCh38-PDE10A","PDE10A","10"
8.01513520692184e-96,0.843806286073589,0.852,0.882,5.79510305730863e-91,"GRCh38-MRPS16","MRPS16","10"
1.53110107042013e-95,0.692432753452044,0.738,0.695,1.10701669593516e-90,"GRCh38-SH3GL1","SH3GL1","10"
1.58460612503202e-95,-0.326899285840492,0.322,0.528,1.14570192052065e-90,"GRCh38-ATOSA","ATOSA","10"
1.68907514006469e-95,1.03881708885363,0.847,0.895,1.22123510776957e-90,"GRCh38-PTPN1","PTPN1","10"
1.93033842865329e-95,0.829619722027517,0.768,0.754,1.3956732906849e-90,"GRCh38-LTV1","LTV1","10"
2.18315656374603e-95,0.838934413280623,0.802,0.814,1.57846585871966e-90,"GRCh38-MRPS10","MRPS10","10"
2.22185724203005e-95,0.836775474137192,0.834,0.894,1.60644722313256e-90,"GRCh38-CDC5L","CDC5L","10"
2.32057730982894e-95,0.654909209199699,0.762,0.744,1.67782380655252e-90,"GRCh38-AIDA","AIDA","10"
2.53781080298263e-95,-0.290768250611025,0.738,0.909,1.8348879667725e-90,"GRCh38-GAS6","GAS6","10"
2.6882149977832e-95,0.945139182422166,0.845,0.896,1.94363320769721e-90,"GRCh38-CDC27","CDC27","10"
2.96055401344712e-95,0.709642966415108,0.673,0.614,2.14053976280253e-90,"GRCh38-C1orf35","C1orf35","10"
3.50451988845021e-95,-0.318796181912948,0.643,0.839,2.53383796974727e-90,"GRCh38-ATXN3","ATXN3","10"
4.20650796900709e-95,0.641614637987825,0.717,0.653,3.04138939175151e-90,"GRCh38-STARD7","STARD7","10"
4.22587702597507e-95,1.39391919120566,0.572,0.436,3.0553936073205e-90,"GRCh38-CXCL2","CXCL2","10"
4.28136998908434e-95,0.869611027814232,0.914,0.961,3.09551612950776e-90,"GRCh38-GTF3A","GTF3A","10"
4.83592863682282e-95,0.802957182035261,0.743,0.716,3.49647312299564e-90,"GRCh38-PLEKHB2","PLEKHB2","10"
4.85533087675277e-95,0.721329889192267,0.832,0.871,3.51050133050979e-90,"GRCh38-ACP1","ACP1","10"
4.89183512642985e-95,0.459625105011762,0.361,0.216,3.53689463311131e-90,"GRCh38-ZFHX3-AS1","ZFHX3-AS1","10"
5.15592365429298e-95,-0.380927953729562,0.082,0.246,3.72783592052691e-90,"GRCh38-RUNX1T1","RUNX1T1","10"
5.37130965760676e-95,1.04879739929746,0.947,0.978,3.88356430864284e-90,"GRCh38-ATP5MG","ATP5MG","10"
6.09476904031618e-95,0.882953280395717,0.692,0.624,4.40663991152941e-90,"GRCh38-BPNT2","BPNT2","10"
6.3233590327128e-95,0.589531798867826,0.656,0.56,4.57191504783201e-90,"GRCh38-PCGF6","PCGF6","10"
6.685176393804e-95,1.05107288451066,0.952,0.982,4.83351623624817e-90,"GRCh38-CLIC1","CLIC1","10"
7.18007619450179e-95,0.58812395402241,0.602,0.503,5.19133869014869e-90,"GRCh38-AAAS","AAAS","10"
7.76686782838301e-95,0.503584783771126,0.367,0.22,5.61560077727749e-90,"GRCh38-RGMB","RGMB","10"
8.85461621932373e-95,0.550658575362399,0.39,0.235,6.40206461889544e-90,"GRCh38-RAB27B","RAB27B","10"
9.15143656747219e-95,0.776194637730156,0.707,0.682,6.61667166701374e-90,"GRCh38-MRE11","MRE11","10"
9.4305148134367e-95,0.827259754472635,0.766,0.73,6.81845082041101e-90,"GRCh38-RAB1B","RAB1B","10"
1.25823674909759e-94,0.529444940838773,0.532,0.397,9.09730334332541e-90,"GRCh38-SLC35A4","SLC35A4","10"
1.43880235968747e-94,0.910438926406774,0.663,0.623,1.04028288210123e-89,"GRCh38-SOGA1","SOGA1","10"
1.61208760062348e-94,0.583830993557798,0.482,0.33,1.16557157700279e-89,"GRCh38-RNF19B","RNF19B","10"
1.71987791382712e-94,0.704822265972947,0.631,0.536,1.24350612925528e-89,"GRCh38-POP5","POP5","10"
1.81685836175685e-94,0.77786145446834,0.796,0.789,1.31362493271744e-89,"GRCh38-PRELID3B","PRELID3B","10"
2.08926883007733e-94,0.728167246424592,0.708,0.673,1.51058314952251e-89,"GRCh38-YIF1B","YIF1B","10"
2.76191347489693e-94,1.19703335086004,0.885,0.919,1.99691868061998e-89,"GRCh38-SRM","SRM","10"
3.13126670686265e-94,0.833014904352211,0.816,0.816,2.26396845439583e-89,"GRCh38-NLN","NLN","10"
3.18303894842967e-94,0.353425312275317,0.265,0.137,2.30140082049362e-89,"GRCh38-ATP6V0E2","ATP6V0E2","10"
3.49531402601387e-94,1.19065770424655,0.172,0.069,2.52718194708855e-89,"GRCh38-PAGE2","PAGE2","10"
3.56751450888372e-94,0.89422208179137,0.877,0.94,2.57938434021311e-89,"GRCh38-RBX1","RBX1","10"
3.85158624126672e-94,0.436454878431409,0.261,0.129,2.78477388416066e-89,"GRCh38-DNER","DNER","10"
3.98305959606048e-94,0.390819576951758,0.405,0.253,2.87983174914365e-89,"GRCh38-AMDHD2","AMDHD2","10"
4.01318881573516e-94,0.703719806518418,0.693,0.643,2.90161577755284e-89,"GRCh38-PMVK","PMVK","10"
4.05416781871757e-94,0.676251470779735,0.66,0.555,2.93124441628918e-89,"GRCh38-EPS8","EPS8","10"
5.02216320815986e-94,0.264971302740526,0.148,0.055,3.63112444276374e-89,"GRCh38-LNCOG","LNCOG","10"
5.43033518758394e-94,-0.887116388326931,0.201,0.381,3.92624094732694e-89,"GRCh38-IGFBP5","IGFBP5","10"
9.50170899117288e-94,0.287342615513887,0.18,0.074,6.86992563479782e-89,"GRCh38-CLGN","CLGN","10"
1.09244544337034e-93,0.690192071431759,0.866,0.944,7.89859904465625e-89,"GRCh38-EIF2AK1","EIF2AK1","10"
1.47018027067609e-93,0.657762869029059,0.651,0.564,1.06296973930422e-88,"GRCh38-TCHP","TCHP","10"
1.68534483039234e-93,1.04483889461201,0.382,0.238,1.21853801927027e-88,"GRCh38-LAMC2","LAMC2","10"
1.72824350140045e-93,-0.273301846098748,0.406,0.627,1.24955461638255e-88,"GRCh38-SECTM1","SECTM1","10"
2.19368130160512e-93,0.74365940942946,0.711,0.656,1.58607545468654e-88,"GRCh38-NT5DC2","NT5DC2","10"
2.30345031127448e-93,0.408295334020842,0.233,0.11,1.66544064405768e-88,"GRCh38-GPR143","GPR143","10"
2.69470984901711e-93,0.966881920380646,0.806,0.793,1.94832911503635e-88,"GRCh38-NOLC1","NOLC1","10"
3.12503755496845e-93,0.67062990220957,0.663,0.594,2.25946465299329e-88,"GRCh38-TCF3","TCF3","10"
3.26652640038423e-93,0.638496383599814,0.703,0.626,2.36176391800581e-88,"GRCh38-MARS1","MARS1","10"
3.28847167086692e-93,0.85391795404897,0.784,0.779,2.3776307874702e-88,"GRCh38-MRPL58","MRPL58","10"
3.34783686636749e-93,0.655914781400723,0.659,0.587,2.42055301112102e-88,"GRCh38-NUP62","NUP62","10"
3.98500093100518e-93,0.640968766934271,0.642,0.546,2.88123537313537e-88,"GRCh38-PLAA","PLAA","10"
4.00425514288079e-93,0.70317530251042,0.672,0.594,2.89515655340567e-88,"GRCh38-CNOT6","CNOT6","10"
5.29634448098562e-93,0.920389961653454,0.817,0.879,3.82936298664222e-88,"GRCh38-PHIP","PHIP","10"
5.91876515170799e-93,0.509244635625254,0.307,0.17,4.27938557998791e-88,"GRCh38-ENSG00000274213","ENSG00000274213","10"
6.26905290542836e-93,0.950911723044321,0.889,0.948,4.53265063168281e-88,"GRCh38-DRAP1","DRAP1","10"
7.678505656876e-93,-0.287138520720702,0.618,0.827,5.55171316003448e-88,"GRCh38-EBF1","EBF1","10"
7.83315706149752e-93,0.725415924405778,0.661,0.583,5.66352921860393e-88,"GRCh38-MRPL50","MRPL50","10"
8.0503267675145e-93,0.780820343414791,0.675,0.595,5.82054725944833e-88,"GRCh38-TMED7","TMED7","10"
8.87047288617014e-93,1.00644319675538,0.883,0.944,6.41352930615873e-88,"GRCh38-CYC1","CYC1","10"
9.7876077477046e-93,0.692063268279412,0.651,0.552,7.07663615374538e-88,"GRCh38-E2F4","E2F4","10"
9.93783137288583e-93,0.977842989625456,0.711,0.678,7.18525083922391e-88,"GRCh38-SQLE","SQLE","10"
1.0935146367033e-92,0.766757649896899,0.382,0.234,7.90632952629223e-88,"GRCh38-SH3RF2","SH3RF2","10"
1.10294558874098e-92,0.378775417510212,0.254,0.126,7.97451719571502e-88,"GRCh38-BCL7A","BCL7A","10"
1.14084465949958e-92,1.03550801777494,0.885,0.944,8.24853505711384e-88,"GRCh38-NOP56","NOP56","10"
1.59677787452238e-92,0.778484266070604,0.729,0.681,1.15450233883717e-87,"GRCh38-SEC11C","SEC11C","10"
1.63587742086872e-92,-0.283873622410139,0.675,0.897,1.1827720928365e-87,"GRCh38-LINC01876","LINC01876","10"
1.7891570825033e-92,0.879471639561692,0.941,0.976,1.29359635379153e-87,"GRCh38-YWHAQ","YWHAQ","10"
1.85814773826123e-92,0.724033845320252,0.95,0.985,1.34347797771764e-87,"GRCh38-DSTN","DSTN","10"
2.13231610588433e-92,0.891097202971781,0.911,0.972,1.54170719087649e-87,"GRCh38-EIF3A","EIF3A","10"
2.61603741939544e-92,0.754690043979042,0.651,0.567,1.89144737497129e-87,"GRCh38-RPS6KB2","RPS6KB2","10"
3.2445663523723e-92,0.606437333804331,0.547,0.421,2.34588636409222e-87,"GRCh38-HPS5","HPS5","10"
3.25336124760446e-92,0.841493404566862,0.788,0.84,2.35224524924298e-87,"GRCh38-SLC1A5","SLC1A5","10"
3.41813393427833e-92,0.43287693204798,0.36,0.217,2.47137919716192e-87,"GRCh38-PYCR3","PYCR3","10"
3.67102274806589e-92,0.73311443047341,0.89,0.956,2.6542228673066e-87,"GRCh38-DNAJC8","DNAJC8","10"
4.02271129333628e-92,0.759883051078648,0.865,0.924,2.908500719308e-87,"GRCh38-MDH1","MDH1","10"
4.19149544831198e-92,0.751861655533813,0.804,0.83,3.03053503903853e-87,"GRCh38-VPS4A","VPS4A","10"
4.24641566534656e-92,0.765173342269563,0.858,0.888,3.07024345435887e-87,"GRCh38-G3BP2","G3BP2","10"
4.47294490808405e-92,-0.50331898349615,0.182,0.354,3.23402862744293e-87,"GRCh38-GMFG","GMFG","10"
4.97519123842965e-92,0.251754950364777,0.209,0.095,3.5971627692094e-87,"GRCh38-DYNLT2","DYNLT2","10"
5.14994705123537e-92,-0.663225959729954,0.275,0.467,3.7235147169842e-87,"GRCh38-ENSG00000231424","ENSG00000231424","10"
5.1941342770718e-92,0.271628645159052,0.114,0.036,3.75546296500845e-87,"GRCh38-SPP1","SPP1","10"
6.02632245547887e-92,0.679571720103056,0.759,0.746,4.35715166176034e-87,"GRCh38-RTCB","RTCB","10"
6.34653688505842e-92,0.934911894916827,0.831,0.841,4.58867309863494e-87,"GRCh38-EIF4A3","EIF4A3","10"
6.65183126872534e-92,0.502683310251549,0.519,0.381,4.80940704391379e-87,"GRCh38-TRUB1","TRUB1","10"
7.86699308712331e-92,-0.688712417279553,0.22,0.395,5.6879933418519e-87,"GRCh38-PRKG1","PRKG1","10"
7.99696628920941e-92,0.640027394463889,0.542,0.414,5.78196656642419e-87,"GRCh38-C2CD3","C2CD3","10"
8.00905378536975e-92,0.467579862083657,0.418,0.268,5.79070606789804e-87,"GRCh38-FAM169A","FAM169A","10"
9.38986228662369e-92,0.634867338054156,0.642,0.553,6.78905823047466e-87,"GRCh38-GPATCH11","GPATCH11","10"
9.8867485356567e-92,0.925651648992495,0.812,0.845,7.14831692625051e-87,"GRCh38-MRPL11","MRPL11","10"
1.00904465510873e-91,0.627124487602952,0.617,0.529,7.29559466536715e-87,"GRCh38-CEP44","CEP44","10"
1.06243033344208e-91,0.541611779849542,0.626,0.508,7.68158379685294e-87,"GRCh38-RALB","RALB","10"
1.24075871846519e-91,0.885208388922356,0.769,0.791,8.97093368624701e-87,"GRCh38-DPM2","DPM2","10"
1.43055425157583e-91,0.939436785250592,0.899,0.963,1.03431933497436e-86,"GRCh38-PSMB7","PSMB7","10"
1.48920527227866e-91,0.699684745286898,0.63,0.537,1.07672519596292e-86,"GRCh38-DPP9","DPP9","10"
1.57867826845266e-91,0.465265709082589,0.478,0.337,1.14141596165664e-86,"GRCh38-PAXIP1","PAXIP1","10"
1.66259541469594e-91,0.914109982280812,0.891,0.951,1.20208973673346e-86,"GRCh38-BCLAF1","BCLAF1","10"
1.81151219407847e-91,0.997282441020428,0.92,0.943,1.30975954656262e-86,"GRCh38-ANXA1","ANXA1","10"
2.00857819728871e-91,0.847853253629941,0.799,0.813,1.45224220820368e-86,"GRCh38-DTD1","DTD1","10"
2.69476638712063e-91,0.341897493594526,0.333,0.193,1.94836999321595e-86,"GRCh38-SMYD5","SMYD5","10"
2.81696871619904e-91,-0.256080061088293,0.515,0.731,2.03672472118623e-86,"GRCh38-KCNAB2","KCNAB2","10"
3.05094482034146e-91,0.598021780541989,0.59,0.483,2.20589412400328e-86,"GRCh38-MAFG","MAFG","10"
3.27567381396954e-91,0.816917116388406,0.744,0.716,2.36837768097626e-86,"GRCh38-NUFIP1","NUFIP1","10"
4.16425237306769e-91,0.417730033774636,0.346,0.2,3.0108377507754e-86,"GRCh38-LINC02104","LINC02104","10"
4.32090680158363e-91,0.308391097095448,0.168,0.068,3.124102035681e-86,"GRCh38-RFX8","RFX8","10"
5.19813043229155e-91,0.575822856645852,0.489,0.357,3.75835226515544e-86,"GRCh38-BORCS8","BORCS8","10"
5.78320464441665e-91,0.774211545459888,0.876,0.955,4.18137262200613e-86,"GRCh38-DNAJC21","DNAJC21","10"
6.40211805872395e-91,0.673732453415901,0.675,0.607,4.62885939881859e-86,"GRCh38-PPP2R3C","PPP2R3C","10"
6.43028553820699e-91,0.787173325954106,0.838,0.865,4.64922504983442e-86,"GRCh38-UTP11","UTP11","10"
7.38766413286524e-91,0.811201457145641,0.76,0.759,5.34142892134422e-86,"GRCh38-UPP1","UPP1","10"
7.66515001344598e-91,0.682140975915347,0.7,0.658,5.54205676272171e-86,"GRCh38-KIFBP","KIFBP","10"
7.77004866109236e-91,0.749046567751403,0.807,0.818,5.61790058294299e-86,"GRCh38-LLPH","LLPH","10"
1.12965784574318e-90,0.616419985571931,0.568,0.454,8.16765215629234e-86,"GRCh38-PUSL1","PUSL1","10"
1.28584576203314e-90,0.764689173086097,0.686,0.65,9.29692202865199e-86,"GRCh38-RDH11","RDH11","10"
1.46529135539763e-90,0.649845460840938,0.175,0.072,1.0594349557796e-85,"GRCh38-ENSG00000287047","ENSG00000287047","10"
1.53945938869072e-90,0.366301419704701,0.319,0.181,1.11305992721117e-85,"GRCh38-TMEM104","TMEM104","10"
1.61347949112e-90,0.475136245004396,0.442,0.298,1.16657794166958e-85,"GRCh38-PM20D2","PM20D2","10"
1.82888155820077e-90,-0.269947434196082,0.296,0.497,1.32231794421032e-85,"GRCh38-CD27-AS1","CD27-AS1","10"
2.04761710664272e-90,-0.250838893391703,0.731,0.912,1.48046812044482e-85,"GRCh38-SAT2","SAT2","10"
2.36820558462142e-90,0.892425177662328,0.84,0.889,1.71226000179298e-85,"GRCh38-POLR2F","POLR2F","10"
2.40536028034251e-90,0.783548877499544,0.737,0.711,1.73912358989324e-85,"GRCh38-PSPC1","PSPC1","10"
2.4319752258314e-90,0.668986614321178,0.537,0.421,1.75836672778062e-85,"GRCh38-PIEZO1","PIEZO1","10"
3.52986251988988e-90,-0.293794045599643,0.348,0.553,2.55216119913078e-85,"GRCh38-CXXC5","CXXC5","10"
4.13996952072246e-90,0.757740541137295,0.741,0.751,2.99328076287275e-85,"GRCh38-TGS1","TGS1","10"
4.61139007249929e-90,-0.349405461688848,0.271,0.465,3.33412725021844e-85,"GRCh38-PPFIBP2","PPFIBP2","10"
7.20359186519341e-90,0.782948337314415,0.774,0.775,5.20834099037214e-85,"GRCh38-MRPL55","MRPL55","10"
8.03895261229233e-90,0.729024755327061,0.818,0.842,5.8123235177396e-85,"GRCh38-ANXA7","ANXA7","10"
9.25315356242843e-90,0.862384223682445,0.176,0.074,6.69021508870701e-85,"GRCh38-ENSG00000253500","ENSG00000253500","10"
9.28434001518964e-90,0.862260379195201,0.84,0.883,6.71276351778241e-85,"GRCh38-MRPL37","MRPL37","10"
9.99684544777629e-90,0.918763173030206,0.897,0.956,7.22791919565121e-85,"GRCh38-AURKAIP1","AURKAIP1","10"
1.04105375764002e-89,0.266802374045317,0.23,0.111,7.52702687848888e-85,"GRCh38-LNP1","LNP1","10"
1.25449665513512e-89,0.862761696355409,0.506,0.375,9.07026171595791e-85,"GRCh38-TMEM154","TMEM154","10"
1.26084397616686e-89,0.280321484182196,0.102,0.031,9.11615411648163e-85,"GRCh38-LINC01215","LINC01215","10"
1.30269519810663e-89,0.270731064870391,0.191,0.084,9.41874682135056e-85,"GRCh38-FERMT3","FERMT3","10"
1.33273346965413e-89,-0.30964667830031,0.455,0.668,9.63592953229327e-85,"GRCh38-NTN4","NTN4","10"
1.54976147447225e-89,0.533553189368723,0.557,0.433,1.12050854127293e-84,"GRCh38-HUS1","HUS1","10"
1.57037720890799e-89,0.371855206392369,0.345,0.206,1.13541412958465e-84,"GRCh38-ENSG00000291113","ENSG00000291113","10"
1.58978222976531e-89,0.708444624644966,0.698,0.627,1.14944434776492e-84,"GRCh38-WDR46","WDR46","10"
1.59515557018011e-89,0.426505638984086,0.464,0.322,1.15332938035162e-84,"GRCh38-COPS7B","COPS7B","10"
1.6129927560902e-89,0.73700150119576,0.685,0.622,1.16622602250834e-84,"GRCh38-GFM1","GFM1","10"
1.83699524919757e-89,0.767015895682202,0.853,0.916,1.32818430507483e-84,"GRCh38-RALBP1","RALBP1","10"
2.07549967613798e-89,0.788769092624098,0.785,0.787,1.50062777584129e-84,"GRCh38-PSMD9","PSMD9","10"
2.27667150726222e-89,0.91918106310628,0.399,0.25,1.64607903318073e-84,"GRCh38-GPC6","GPC6","10"
2.33211118932602e-89,0.787589288676992,0.78,0.79,1.6861630321065e-84,"GRCh38-RBM42","RBM42","10"
2.36221790281179e-89,0.623433928523569,0.352,0.196,1.70793078809098e-84,"GRCh38-CLCA2","CLCA2","10"
2.36831055458731e-89,0.302393339022321,0.308,0.172,1.71233589717771e-84,"GRCh38-SLC25A44","SLC25A44","10"
2.42587194334122e-89,0.860362353703724,0.617,0.512,1.75395393247457e-84,"GRCh38-GNA15","GNA15","10"
2.68542647428673e-89,0.708676269850147,0.465,0.329,1.94161704943879e-84,"GRCh38-FERMT1","FERMT1","10"
2.9728711930136e-89,0.895009301418455,0.193,0.086,2.1494453299727e-84,"GRCh38-COX7B2","COX7B2","10"
3.01729430524409e-89,0.256548244784658,0.231,0.112,2.18156412857758e-84,"GRCh38-ALG10","ALG10","10"
3.05518394359845e-89,0.880970153996587,0.866,0.917,2.20895909490055e-84,"GRCh38-WDR43","WDR43","10"
3.17231731845982e-89,0.677858952872961,0.405,0.259,2.29364886759282e-84,"GRCh38-LINC01515","LINC01515","10"
3.26063273595235e-89,0.726917774028882,0.734,0.713,2.35750268074827e-84,"GRCh38-COMMD2","COMMD2","10"
3.43656578533202e-89,0.515528587106659,0.426,0.288,2.48470579411076e-84,"GRCh38-QSOX2","QSOX2","10"
3.46805727391401e-89,1.18721500601583,0.972,0.988,2.50747477018531e-84,"GRCh38-TAGLN2","TAGLN2","10"
3.81426446240265e-89,0.982186456759832,0.881,0.945,2.75778949160636e-84,"GRCh38-ENSG00000289901","ENSG00000289901","10"
3.9506529392326e-89,0.6783291415649,0.703,0.656,2.85640108812395e-84,"GRCh38-ARMC1","ARMC1","10"
3.97169032649815e-89,-0.290392714295325,0.438,0.642,2.87161153986469e-84,"GRCh38-KLF9","KLF9","10"
4.29088124711543e-89,0.791210025685488,0.828,0.872,3.1023929592894e-84,"GRCh38-UBE2V2","UBE2V2","10"
4.89061296418813e-89,0.784069717471257,0.874,0.926,3.5360109853673e-84,"GRCh38-DDX18","DDX18","10"
5.08091793602408e-89,0.678385520303962,0.724,0.678,3.67360528610413e-84,"GRCh38-CUL2","CUL2","10"
6.30070556950136e-89,0.846848210378045,0.665,0.594,4.55553614086087e-84,"GRCh38-MAGEA3","MAGEA3","10"
7.1689792122999e-89,0.679021833821329,0.46,0.326,5.18331535007708e-84,"GRCh38-KLRK1-AS1","KLRK1-AS1","10"
7.62140496843527e-89,0.590105640440203,0.691,0.636,5.51042822027807e-84,"GRCh38-PSMD10","PSMD10","10"
9.10866574422521e-89,0.700564567590138,0.783,0.809,6.58574750638971e-84,"GRCh38-NT5C3A","NT5C3A","10"
9.31155710791758e-89,0.805308617799595,0.654,0.573,6.73244202016657e-84,"GRCh38-POP1","POP1","10"
9.34809090967589e-89,0.635413738614255,0.764,0.733,6.75885668951386e-84,"GRCh38-MAPK1","MAPK1","10"
9.43970006124681e-89,0.822972408209344,0.731,0.696,6.82509193828267e-84,"GRCh38-DEF8","DEF8","10"
1.05221996648614e-88,-0.320782083082657,0.162,0.338,7.60776080168812e-84,"GRCh38-ENSG00000260058","ENSG00000260058","10"
1.06810373500316e-88,-0.52023753329049,0.383,0.568,7.72260362481986e-84,"GRCh38-LINC01687","LINC01687","10"
1.11219918158657e-88,0.295870334125191,0.174,0.072,8.04142252270722e-84,"GRCh38-ENSG00000205622","ENSG00000205622","10"
1.14444124059012e-88,0.644131985935623,0.607,0.505,8.27453905771468e-84,"GRCh38-TOR1A","TOR1A","10"
1.26174251916016e-88,0.456539028060974,0.472,0.331,9.12265076203182e-84,"GRCh38-TATDN2","TATDN2","10"
1.43070096626414e-88,0.881636957340587,0.865,0.934,1.0344254126283e-83,"GRCh38-SRSF10","SRSF10","10"
1.46127128800466e-88,0.580947516070881,0.535,0.415,1.05652836665313e-83,"GRCh38-GAS2L1","GAS2L1","10"
1.91553549643149e-88,0.829297770497341,0.851,0.896,1.38497047462989e-83,"GRCh38-CDC123","CDC123","10"
2.0311795248077e-88,0.535547848614845,0.543,0.417,1.46858342002646e-83,"GRCh38-NADK","NADK","10"
2.09333120828237e-88,0.558974000361661,0.614,0.51,1.51352033021232e-83,"GRCh38-LRRC40","LRRC40","10"
2.24185128725053e-88,0.84244040085325,0.844,0.889,1.62090331770788e-83,"GRCh38-SEPTIN11","SEPTIN11","10"
2.32413061392671e-88,0.894369086975726,0.816,0.86,1.68039291648129e-83,"GRCh38-IFT25","IFT25","10"
2.34026720677084e-88,0.801938772812258,0.803,0.837,1.69205999583945e-83,"GRCh38-HPF1","HPF1","10"
2.61416645163017e-88,0.480000980432189,0.293,0.163,1.89009462785765e-83,"GRCh38-ENSG00000285517","ENSG00000285517","10"
2.63373784180554e-88,-0.308206501866632,0.672,0.887,1.90424513438224e-83,"GRCh38-CFH","CFH","10"
2.66830225157602e-88,-0.300087624040494,0.612,0.823,1.92923589393449e-83,"GRCh38-RALGAPA2","RALGAPA2","10"
3.09388394563571e-88,0.940024579865528,0.464,0.322,2.23693997037353e-83,"GRCh38-KLF5","KLF5","10"
3.4172917942027e-88,0.601851299004405,0.614,0.522,2.47077031304444e-83,"GRCh38-PIGK","PIGK","10"
3.58903428029837e-88,0.293482650606053,0.217,0.103,2.59494356534132e-83,"GRCh38-ULBP3","ULBP3","10"
4.20041884300021e-88,0.497953028534542,0.463,0.327,3.03698683186601e-83,"GRCh38-PACC1","PACC1","10"
4.31652745076257e-88,0.81688688067743,0.82,0.853,3.12093567745036e-83,"GRCh38-TOMM70","TOMM70","10"
4.93277617336789e-88,0.661155258795223,0.706,0.663,3.56649582886845e-83,"GRCh38-RNF4","RNF4","10"
5.53194894515994e-88,0.337483561104578,0.266,0.141,3.99970972632954e-83,"GRCh38-ENSG00000272800","ENSG00000272800","10"
7.79339305038482e-88,-0.288393986832181,0.659,0.88,5.63477904328923e-83,"GRCh38-MIR4713HG","MIR4713HG","10"
8.22372358371955e-88,0.694773188031089,0.653,0.579,5.94591662550091e-83,"GRCh38-TSFM","TSFM","10"
8.67529365832662e-88,0.742217444720033,0.767,0.737,6.27241082084332e-83,"GRCh38-MAPK6","MAPK6","10"
9.49030214159147e-88,-0.300027923941891,0.404,0.601,6.86167825441346e-83,"GRCh38-CCDC80","CCDC80","10"
1.04035043744703e-87,0.456851657114018,0.417,0.273,7.52194173282951e-83,"GRCh38-RAP2A","RAP2A","10"
1.3456679636077e-87,0.460887016628176,0.457,0.318,9.72944851047641e-83,"GRCh38-MEPCE","MEPCE","10"
1.34571994829868e-87,0.619905388902411,0.416,0.258,9.72982437018913e-83,"GRCh38-TNFAIP6","TNFAIP6","10"
1.42756521908794e-87,0.613939241789415,0.573,0.463,1.03215820470496e-82,"GRCh38-CANT1","CANT1","10"
1.5263762519603e-87,0.317908235530046,0.269,0.141,1.10360055769234e-82,"GRCh38-SNN","SNN","10"
1.61193812739481e-87,-0.266962265941191,0.544,0.736,1.165463504869e-82,"GRCh38-INO80B","INO80B","10"
1.61779248472043e-87,0.826178288138428,0.866,0.915,1.16969632230256e-82,"GRCh38-GNB2","GNB2","10"
1.92917729787819e-87,-0.695103658084552,0.176,0.345,1.39483376991189e-82,"GRCh38-KIF26B","KIF26B","10"
2.04735484993946e-87,0.749852184310679,0.836,0.885,1.48027850360323e-82,"GRCh38-FAM204A","FAM204A","10"
2.54806716118923e-87,-0.331494691986365,0.154,0.326,1.84230351888304e-82,"GRCh38-TXK","TXK","10"
2.57219542951013e-87,0.639848161916188,0.595,0.494,1.85974873944442e-82,"GRCh38-BICD2","BICD2","10"
3.4528868407752e-87,0.579516595073913,0.56,0.456,2.49650624361729e-82,"GRCh38-ATL2","ATL2","10"
3.77689560487124e-87,0.580671093390074,0.65,0.569,2.730771060234e-82,"GRCh38-METAP1","METAP1","10"
4.11673578791892e-87,0.431278754507572,0.333,0.198,2.97648230938114e-82,"GRCh38-B3GALNT1","B3GALNT1","10"
5.1643492848373e-87,0.763233315800236,0.805,0.818,3.73392781992307e-82,"GRCh38-SAFB","SAFB","10"
5.28081700246867e-87,0.884968602423795,0.737,0.701,3.8181363091249e-82,"GRCh38-CTR9","CTR9","10"
5.2958646824121e-87,0.804335242894255,0.889,0.944,3.8290160826776e-82,"GRCh38-RAP1B","RAP1B","10"
6.33900282312092e-87,0.622688565056149,0.648,0.568,4.58322582117289e-82,"GRCh38-NOM1","NOM1","10"
7.00615896116598e-87,0.721622245202804,0.54,0.426,5.06559305210222e-82,"GRCh38-TRIM7","TRIM7","10"
7.60070656393509e-87,0.484654253648521,0.286,0.155,5.49546285985635e-82,"GRCh38-PLPP2","PLPP2","10"
7.86372326677211e-87,0.496111197688296,0.506,0.377,5.68562919634157e-82,"GRCh38-NACC1","NACC1","10"
8.05247486145497e-87,0.926535440576403,0.792,0.804,5.82210037432917e-82,"GRCh38-GALNT1","GALNT1","10"
8.68930567131621e-87,-0.383138754499409,0.201,0.377,6.28254178647505e-82,"GRCh38-ZBTB46","ZBTB46","10"
9.91643947576205e-87,0.644931433140114,0.56,0.457,7.16978406976547e-82,"GRCh38-POC5","POC5","10"
1.28463281267665e-86,0.800564888428724,0.808,0.823,9.28815216221472e-82,"GRCh38-UBA1","UBA1","10"
1.29142795892264e-86,0.506767846277472,0.368,0.228,9.33728242860247e-82,"GRCh38-ENSG00000276170","ENSG00000276170","10"
1.34175476315769e-86,0.497060982161713,0.614,0.482,9.70115528858273e-82,"GRCh38-SLC2A1","SLC2A1","10"
1.45639002710292e-86,0.714224349701628,0.683,0.621,1.05299911739595e-81,"GRCh38-NUDCD1","NUDCD1","10"
1.73655987526411e-86,0.821974550382567,0.713,0.688,1.25556752101346e-81,"GRCh38-IPO11","IPO11","10"
1.74281047546364e-86,0.456466904090712,0.544,0.421,1.26008682996972e-81,"GRCh38-GUCD1","GUCD1","10"
2.04954606048246e-86,0.881454147762974,0.839,0.889,1.48186279265003e-81,"GRCh38-MRPL13","MRPL13","10"
2.10815614455979e-86,0.697045637213244,0.616,0.521,1.52423905563962e-81,"GRCh38-INF2","INF2","10"
2.20554905018369e-86,0.694562866276861,0.681,0.633,1.59465607426381e-81,"GRCh38-LCLAT1","LCLAT1","10"
2.27886327658093e-86,0.80703022992859,0.882,0.956,1.64766372623354e-81,"GRCh38-UBE2K","UBE2K","10"
2.47087288963854e-86,0.843802827881382,0.816,0.866,1.78649051666646e-81,"GRCh38-MRPL22","MRPL22","10"
2.80422218821481e-86,0.784808562713397,0.701,0.671,2.02750872652307e-81,"GRCh38-ZRANB3","ZRANB3","10"
3.45010478322497e-86,0.666313116654514,0.609,0.518,2.49449476036731e-81,"GRCh38-ACD","ACD","10"
3.47155972790863e-86,-0.250558591007122,0.046,0.185,2.5100071144725e-81,"GRCh38-TSPAN32","TSPAN32","10"
3.52893156568732e-86,0.772746384583591,0.928,0.978,2.55148810062325e-81,"GRCh38-KHDRBS1","KHDRBS1","10"
3.55403888058961e-86,-0.299600506301814,0.094,0.25,2.5696411914439e-81,"GRCh38-ENSG00000260981","ENSG00000260981","10"
3.93513325123926e-86,0.618791143862407,0.587,0.477,2.84518004331101e-81,"GRCh38-GPR137","GPR137","10"
4.49725970644617e-86,-0.264604369766445,0.427,0.635,3.25160871295471e-81,"GRCh38-VASN","VASN","10"
4.57761314177767e-86,-0.319300289639727,0.337,0.521,3.30970585376809e-81,"GRCh38-WIPI1","WIPI1","10"
4.84698636649277e-86,0.541164688776743,0.43,0.296,3.5044680827016e-81,"GRCh38-EIF1AD","EIF1AD","10"
8.40707532478163e-86,0.42702868931427,0.244,0.124,6.07848360132361e-81,"GRCh38-NRIP3","NRIP3","10"
8.57228776937433e-86,1.03580885064344,0.888,0.933,6.19793550301303e-81,"GRCh38-PHB1","PHB1","10"
8.83462596480041e-86,0.287755111662051,0.112,0.037,6.38761126507e-81,"GRCh38-CFAP299","CFAP299","10"
8.86997164985937e-86,0.525480844216006,0.578,0.46,6.41316690228132e-81,"GRCh38-GPN1","GPN1","10"
1.10287100913099e-85,1.0903927409464,0.762,0.745,7.97397797021891e-81,"GRCh38-ZNRD2","ZNRD2","10"
1.12226765032815e-85,0.62893458760166,0.457,0.315,8.1142195654026e-81,"GRCh38-PANX1","PANX1","10"
1.24743192188361e-85,0.594849015782788,0.7,0.624,9.01918228160289e-81,"GRCh38-CASC3","CASC3","10"
1.47289151280134e-85,0.654901520799145,0.53,0.404,1.06493002158563e-80,"GRCh38-DHRS7B","DHRS7B","10"
1.57160498300655e-85,0.52885519845832,0.511,0.372,1.1363018348134e-80,"GRCh38-CTNNBIP1","CTNNBIP1","10"
1.61336090073787e-85,0.509638168121347,0.492,0.368,1.16649219845149e-80,"GRCh38-ALDH16A1","ALDH16A1","10"
2.10128051154933e-85,0.817954865675728,0.841,0.875,1.51926783546039e-80,"GRCh38-CCDC124","CCDC124","10"
2.37293672784189e-85,0.747055853084817,0.878,0.944,1.71568071296425e-80,"GRCh38-SMARCA5","SMARCA5","10"
2.63035032455813e-85,0.390088789202875,0.394,0.25,1.90179589166202e-80,"GRCh38-CCDC134","CCDC134","10"
3.00366944440759e-85,0.311409606804925,0.102,0.032,2.17171308169558e-80,"GRCh38-INSYN2B","INSYN2B","10"
3.14098386113288e-85,0.636770940917184,0.737,0.711,2.27099415127629e-80,"GRCh38-TNPO3","TNPO3","10"
3.31250473325724e-85,0.251922838257025,0.15,0.059,2.39500717223965e-80,"GRCh38-MBP","MBP","10"
3.42863858641626e-85,0.926923600740365,0.749,0.682,2.47897427075069e-80,"GRCh38-CDH13","CDH13","10"
3.5029833597383e-85,0.832182266981894,0.822,0.889,2.53272702875799e-80,"GRCh38-NUDT5","NUDT5","10"
3.58502194857836e-85,0.738540719801651,0.702,0.623,2.59204256926112e-80,"GRCh38-RAP2B","RAP2B","10"
3.87758727367274e-85,1.02992205685939,0.694,0.614,2.80357315061087e-80,"GRCh38-AKR1C1","AKR1C1","10"
3.97689138203e-85,0.493397149756893,0.295,0.169,2.87537200703533e-80,"GRCh38-RAET1E","RAET1E","10"
4.84964307308889e-85,-0.326296750546846,0.349,0.541,3.50638893470473e-80,"GRCh38-CDK18","CDK18","10"
5.68065734677367e-85,-0.276545626537681,0.787,0.968,4.1072288748643e-80,"GRCh38-COL6A2","COL6A2","10"
5.72182766944249e-85,0.519301748538034,0.538,0.404,4.13699584156031e-80,"GRCh38-TTYH3","TTYH3","10"
5.74738841113705e-85,0.798236066818859,0.795,0.801,4.15547676902031e-80,"GRCh38-SAR1A","SAR1A","10"
6.32901964995088e-85,0.661675692113426,0.604,0.495,4.57600778730748e-80,"GRCh38-PGM2","PGM2","10"
6.71216491177035e-85,0.545608967368637,0.271,0.147,4.8530294745082e-80,"GRCh38-NUAK2","NUAK2","10"
6.74863758798292e-85,-0.521214466848678,0.358,0.539,4.87939994886341e-80,"GRCh38-LINC02997","LINC02997","10"
7.19236178976407e-85,0.395693807438325,0.352,0.213,5.20022142123522e-80,"GRCh38-LRRC8B","LRRC8B","10"
7.92820612634259e-85,0.302700664003999,0.107,0.035,5.73225159346822e-80,"GRCh38-LINC01483","LINC01483","10"
8.76568423407376e-85,0.755640860392233,0.77,0.754,6.33776501492001e-80,"GRCh38-EFTUD2","EFTUD2","10"
8.82121983558856e-85,-0.264270061545663,0.605,0.805,6.37791836552724e-80,"GRCh38-RRAGB","RRAGB","10"
9.98805264990389e-85,0.760933095848622,0.856,0.924,7.22156182693351e-80,"GRCh38-TMEM123","TMEM123","10"
1.07991256384022e-84,0.450330723243884,0.368,0.235,7.80798381907758e-80,"GRCh38-NOL6","NOL6","10"
1.08978662797579e-84,0.779813123878296,0.758,0.725,7.87937527759058e-80,"GRCh38-C6orf62","C6orf62","10"
1.19381610159421e-84,0.557855919365257,0.613,0.515,8.63152917774647e-80,"GRCh38-TUBGCP5","TUBGCP5","10"
1.21139020450651e-84,0.740227736637268,0.887,0.913,8.75859345662298e-80,"GRCh38-NAMPT","NAMPT","10"
1.30915980985141e-84,0.929827169979294,0.959,0.985,9.46548725718765e-80,"GRCh38-SUB1","SUB1","10"
1.37825744901946e-84,0.648889221404271,0.686,0.63,9.96507700790051e-80,"GRCh38-AAMP","AAMP","10"
1.49798185266633e-84,0.706507987703787,0.714,0.666,1.08307083911481e-79,"GRCh38-IMPA2","IMPA2","10"
1.53505622291622e-84,-0.353739866009259,0.124,0.291,1.10987635029288e-79,"GRCh38-BICC1","BICC1","10"
1.5763226507616e-84,0.747575919310376,0.678,0.61,1.13971280295365e-79,"GRCh38-NF2","NF2","10"
1.65213119755946e-84,0.75445967886163,0.537,0.419,1.19452389845944e-79,"GRCh38-SNHG4","SNHG4","10"
1.99711544375254e-84,-0.336360635349144,0.206,0.385,1.44395440814196e-79,"GRCh38-LINC00648","LINC00648","10"
2.19901750948892e-84,-0.318904598443942,0.293,0.47,1.58993363971068e-79,"GRCh38-TFAP2C","TFAP2C","10"
2.43476265469901e-84,0.654679908492267,0.89,0.938,1.76038209460048e-79,"GRCh38-DAP","DAP","10"
2.60599706006364e-84,0.569233554219052,0.626,0.517,1.88418799436721e-79,"GRCh38-GNA13","GNA13","10"
2.62420495775767e-84,-0.328622950922849,0.175,0.351,1.89735266855795e-79,"GRCh38-TC2N","TC2N","10"
2.69891808970273e-84,-0.25556221284579,0.114,0.274,1.95137175721687e-79,"GRCh38-ENSG00000262580","ENSG00000262580","10"
2.71731303705619e-84,0.265839299481892,0.253,0.131,1.96467167205237e-79,"GRCh38-TYRO3","TYRO3","10"
3.12395857578096e-84,-0.292258325011747,0.254,0.44,2.25868452946115e-79,"GRCh38-TCP11L2","TCP11L2","10"
3.15519893339139e-84,0.896619801741503,0.912,0.972,2.28127193282064e-79,"GRCh38-SF3B2","SF3B2","10"
3.34614509022684e-84,0.567766363509167,0.758,0.73,2.41932982313581e-79,"GRCh38-DLD","DLD","10"
3.74283043749757e-84,1.05749002983902,0.604,0.497,2.70614126291949e-79,"GRCh38-SERINC2","SERINC2","10"
3.847879203486e-84,0.729553126841952,0.71,0.678,2.78209362170445e-79,"GRCh38-ZC3H18","ZC3H18","10"
3.93071132790857e-84,0.531098851553849,0.577,0.464,2.84198290430446e-79,"GRCh38-ZDHHC16","ZDHHC16","10"
4.07672132675686e-84,0.932581167273186,0.744,0.755,2.94755105367175e-79,"GRCh38-ELOVL1","ELOVL1","10"
4.10543268285875e-84,-0.353661069635981,0.174,0.346,2.96830993836054e-79,"GRCh38-OLFML3","OLFML3","10"
5.49351232245731e-84,-0.334431540072514,0.73,0.904,3.97191927938309e-79,"GRCh38-ITSN1","ITSN1","10"
5.51651006929315e-84,0.763348200207086,0.823,0.823,3.98854711030034e-79,"GRCh38-DDX6","DDX6","10"
5.86062536215418e-84,0.747485176177916,0.835,0.87,4.23734934934471e-79,"GRCh38-PFN2","PFN2","10"
6.27881749745132e-84,0.417151866974884,0.162,0.067,4.53971062700725e-79,"GRCh38-SLC10A6","SLC10A6","10"
6.88672275265979e-84,0.645639435606987,0.661,0.572,4.97923828462808e-79,"GRCh38-PANK3","PANK3","10"
7.00616704080426e-84,0.542019722508616,0.409,0.268,5.06559889384229e-79,"GRCh38-CMTM7","CMTM7","10"
7.94894990448641e-84,0.784532565828831,0.75,0.759,5.74724975994176e-79,"GRCh38-GPAA1","GPAA1","10"
8.83641604083107e-84,-0.289701439558735,0.769,0.921,6.38890552584168e-79,"GRCh38-SNHG19","SNHG19","10"
9.26109374084634e-84,0.674140740071411,0.753,0.741,6.69595599650672e-79,"GRCh38-UQCC5","UQCC5","10"
9.44702494295449e-84,0.617265781969639,0.711,0.681,6.83038797425495e-79,"GRCh38-LONP1","LONP1","10"
9.83299725619616e-84,-0.285202229504644,0.201,0.391,7.10945367617495e-79,"GRCh38-THRB","THRB","10"
1.08281856993974e-83,0.79098994276206,0.58,0.474,7.82899482437831e-79,"GRCh38-RRP9","RRP9","10"
1.11703611917128e-83,0.857402686913874,0.776,0.803,8.07639454883219e-79,"GRCh38-CISD2","CISD2","10"
1.23613223244019e-83,1.11927236622046,0.818,0.876,8.93748326698907e-79,"GRCh38-PRNP","PRNP","10"
1.50914271814198e-83,0.777131328339545,0.736,0.698,1.09114036807102e-78,"GRCh38-THAP12","THAP12","10"
1.53214431163867e-83,0.802261852660185,0.864,0.922,1.10777098020099e-78,"GRCh38-HNRNPF","HNRNPF","10"
1.58044627655568e-83,0.692047446275943,0.65,0.545,1.14269426687529e-78,"GRCh38-IVNS1ABP","IVNS1ABP","10"
1.67112128852345e-83,0.362983647496917,0.309,0.181,1.20825411402823e-78,"GRCh38-SLC5A6","SLC5A6","10"
1.77746196804699e-83,0.418063796810496,0.452,0.314,1.28514055213733e-78,"GRCh38-EDC4","EDC4","10"
1.88415976953627e-83,0.696080165294622,0.71,0.649,1.36228519657011e-78,"GRCh38-FAM91A1","FAM91A1","10"
2.46984048132984e-83,0.470407821693696,0.501,0.37,1.7857440648111e-78,"GRCh38-CCAR2","CCAR2","10"
2.7403034217766e-83,0.808794742848419,0.845,0.905,1.98129418001292e-78,"GRCh38-CLINT1","CLINT1","10"
3.16097164223731e-83,-0.330039489845019,0.096,0.251,2.28544571677042e-78,"GRCh38-CCN5","CCN5","10"
3.18366754657978e-83,1.44532317454934,0.899,0.941,2.30185530952811e-78,"GRCh38-RPL22L1","RPL22L1","10"
3.22400821836846e-83,0.739056836791316,0.855,0.92,2.33102242204476e-78,"GRCh38-MED10","MED10","10"
3.34248176883482e-83,0.458691441543317,0.156,0.063,2.41668116850295e-78,"GRCh38-ENSG00000286797","ENSG00000286797","10"
3.38942115450613e-83,0.770489934952102,0.756,0.743,2.45061928313102e-78,"GRCh38-NPLOC4","NPLOC4","10"
3.50018320985597e-83,0.804021749204947,0.815,0.827,2.53070246439006e-78,"GRCh38-LAP3","LAP3","10"
3.95354493861792e-83,1.17077297233127,0.692,0.636,2.85849206151953e-78,"GRCh38-FOSL1","FOSL1","10"
4.00581849363824e-83,0.566448496731156,0.583,0.484,2.89628688727032e-78,"GRCh38-DUSP12","DUSP12","10"
4.74660940279386e-83,-0.285353176842827,0.419,0.611,3.43189353040802e-78,"GRCh38-DNM3OS","DNM3OS","10"
5.0596929161862e-83,0.51838461070363,0.219,0.106,3.65825917226095e-78,"GRCh38-KCNQ3","KCNQ3","10"
5.66577984658233e-83,0.723540781837654,0.834,0.898,4.09647214467596e-78,"GRCh38-BLOC1S1","BLOC1S1","10"
7.01492183263286e-83,0.998275762176616,0.831,0.875,5.07192878343021e-78,"GRCh38-NDUFAF8","NDUFAF8","10"
7.4141121437301e-83,0.97178479555234,0.832,0.885,5.36055136215973e-78,"GRCh38-CLPTM1L","CLPTM1L","10"
7.54414017326924e-83,0.799688222242429,0.671,0.622,5.45456422807712e-78,"GRCh38-CEP83","CEP83","10"
8.2998530469973e-83,-0.264072293603911,0.101,0.258,6.00095975003999e-78,"GRCh38-PNPLA7","PNPLA7","10"
8.45710022310761e-83,0.439835629618643,0.441,0.304,6.11465260331126e-78,"GRCh38-FBF1","FBF1","10"
8.73161244287093e-83,0.605456582339299,0.611,0.516,6.31313042844454e-78,"GRCh38-ALG14","ALG14","10"
8.96691574929243e-83,0.827626853540804,0.718,0.692,6.48325942505341e-78,"GRCh38-RNGTT","RNGTT","10"
1.01395508308962e-82,0.632097648088917,0.346,0.202,7.33109804175455e-78,"GRCh38-MTSS1","MTSS1","10"
1.04531036830308e-82,0.339410293409,0.239,0.121,7.55780302490493e-78,"GRCh38-JPH1","JPH1","10"
1.07227748425579e-82,0.734278612632578,0.752,0.737,7.75278066666624e-78,"GRCh38-TXNDC9","TXNDC9","10"
1.14037576643858e-82,0.613668941101464,0.631,0.544,8.24514486650419e-78,"GRCh38-ZNF787","ZNF787","10"
1.19433101798818e-82,0.702301226596803,0.863,0.902,8.63525212625813e-78,"GRCh38-RAD23B","RAD23B","10"
1.32027110353592e-82,0.761694074467663,0.777,0.801,9.54582413278538e-78,"GRCh38-MPC2","MPC2","10"
1.55220805024275e-82,-0.255863424341339,0.384,0.595,1.12227746448651e-77,"GRCh38-ENSG00000271774","ENSG00000271774","10"
1.88591226388883e-82,0.667725814449068,0.612,0.523,1.3635522850369e-77,"GRCh38-C6orf120","C6orf120","10"
2.00978678471303e-82,0.762565994359841,0.734,0.709,1.45311604108321e-77,"GRCh38-MRGBP","MRGBP","10"
2.14957129111917e-82,0.572375758015069,0.485,0.362,1.55418303490498e-77,"GRCh38-C1orf109","C1orf109","10"
2.58064220494025e-82,0.97889692221258,0.766,0.801,1.8658559270159e-77,"GRCh38-SLBP","SLBP","10"
2.59742220371781e-82,0.735101497532709,0.776,0.786,1.87798820173205e-77,"GRCh38-ARIH2","ARIH2","10"
2.7869727491656e-82,-0.296015550262397,0.214,0.388,2.01503703710171e-77,"GRCh38-TLE6","TLE6","10"
2.81289412026956e-82,0.470602555295315,0.447,0.312,2.0337787068373e-77,"GRCh38-PPTC7","PPTC7","10"
2.82036154449113e-82,0.473340521736618,0.348,0.209,2.03917780389798e-77,"GRCh38-TLE1","TLE1","10"
3.22937088110647e-82,0.702854214348856,0.726,0.696,2.3348997344576e-77,"GRCh38-RNF168","RNF168","10"
3.25625272796514e-82,0.565829302095857,0.532,0.408,2.35433584737335e-77,"GRCh38-TLCD3A","TLCD3A","10"
3.73061771576394e-82,0.801139238041626,0.843,0.923,2.69731122085164e-77,"GRCh38-RSRC1","RSRC1","10"
3.78411418782148e-82,0.653809189439877,0.477,0.347,2.73599024007869e-77,"GRCh38-DUSP5","DUSP5","10"
3.78894646460586e-82,0.657307543859598,0.646,0.564,2.73948407283933e-77,"GRCh38-PITRM1","PITRM1","10"
5.58098179389627e-82,0.590186560022241,0.57,0.457,4.03516145662288e-77,"GRCh38-RNF141","RNF141","10"
5.73145411488137e-82,0.466436328899426,0.493,0.363,4.14395595414153e-77,"GRCh38-SPRTN","SPRTN","10"
6.49924155172148e-82,0.302369539448471,0.121,0.044,4.69908162672566e-77,"GRCh38-ENSG00000286334","ENSG00000286334","10"
6.54215599827717e-82,0.412180084612463,0.3,0.171,4.73010962987436e-77,"GRCh38-UBE2D3-AS1","UBE2D3-AS1","10"
6.62781590232254e-82,-0.306850329339766,0.256,0.434,4.79204345369724e-77,"GRCh38-TAPT1-AS1","TAPT1-AS1","10"
6.7320254943521e-82,-0.412329790240026,0.152,0.319,4.86738907292645e-77,"GRCh38-SLCO6A1","SLCO6A1","10"
6.74497192571643e-82,0.734243081014351,0.734,0.691,4.87674960173149e-77,"GRCh38-FAM98A","FAM98A","10"
6.82046839424316e-82,0.620595862526423,0.603,0.481,4.93133505840569e-77,"GRCh38-NFE4","NFE4","10"
6.95998728985478e-82,0.63473250319133,0.473,0.339,5.0322100103108e-77,"GRCh38-NXF1","NXF1","10"
7.23422721197722e-82,0.671482926166604,0.777,0.773,5.23049095880377e-77,"GRCh38-WDR82","WDR82","10"
7.41478460422127e-82,0.675731690315533,0.797,0.808,5.36103756454406e-77,"GRCh38-UTP18","UTP18","10"
8.64941489532638e-82,0.754372798509699,0.8,0.837,6.25369995761888e-77,"GRCh38-UBAC1","UBAC1","10"
8.69492931925185e-82,0.827838690981803,0.185,0.082,6.28660779640547e-77,"GRCh38-KRT23","KRT23","10"
1.01233102012423e-81,0.844312539312894,0.733,0.734,7.3193557417022e-77,"GRCh38-DNAJB11","DNAJB11","10"
1.0196920681559e-81,0.704354822032105,0.546,0.436,7.3725775911808e-77,"GRCh38-NFKBIB","NFKBIB","10"
1.02767120729611e-81,0.655606610540432,0.855,0.921,7.43026836299232e-77,"GRCh38-TMOD3","TMOD3","10"
1.12140724775861e-81,0.385364886897019,0.128,0.047,8.10799868274433e-77,"GRCh38-PIK3C2G","PIK3C2G","10"
1.15350921775919e-81,0.695725914440876,0.827,0.897,8.34010234624251e-77,"GRCh38-UBE2A","UBE2A","10"
1.16009488155588e-81,0.640826341122997,0.671,0.601,8.38771801262533e-77,"GRCh38-LNPK","LNPK","10"
1.28837724565021e-81,0.645651096209013,0.601,0.521,9.31522516150014e-77,"GRCh38-ERAL1","ERAL1","10"
1.34841630193943e-81,0.731197209169672,0.848,0.926,9.74931954628248e-77,"GRCh38-BRD7","BRD7","10"
1.35502787970415e-81,0.388412826797276,0.374,0.239,9.79712257583696e-77,"GRCh38-POGLUT2","POGLUT2","10"
1.41213717578277e-81,0.892810835949312,0.806,0.84,1.02100342083446e-76,"GRCh38-POLR2H","POLR2H","10"
1.46692312883971e-81,0.350764787766317,0.238,0.118,1.06061476061368e-76,"GRCh38-FYB1","FYB1","10"
1.5108759267988e-81,0.37784330741632,0.208,0.098,1.09239351259407e-76,"GRCh38-LIN7A","LIN7A","10"
1.72399467165507e-81,1.13280370933631,0.907,0.951,1.24648262750005e-76,"GRCh38-TRMT112","TRMT112","10"
1.73464404666853e-81,-0.283691109271588,0.609,0.809,1.25418233862228e-76,"GRCh38-FNBP1","FNBP1","10"
1.85131864436446e-81,0.613312021590072,0.748,0.729,1.33854040624839e-76,"GRCh38-ARF6","ARF6","10"
1.90230468967812e-81,-0.265945706987059,0.137,0.302,1.37540433673108e-76,"GRCh38-SERTAD4","SERTAD4","10"
1.99099413909246e-81,0.626750753782583,0.596,0.498,1.43952858244663e-76,"GRCh38-ADORA2B","ADORA2B","10"
2.44889136764506e-81,0.575886216400803,0.61,0.52,1.77059743663473e-76,"GRCh38-KRI1","KRI1","10"
2.60786177096357e-81,0.847616869275106,0.808,0.828,1.88553621764208e-76,"GRCh38-TIMM17A","TIMM17A","10"
2.71345541495065e-81,0.675924481863553,0.674,0.623,1.96188253411762e-76,"GRCh38-UXS1","UXS1","10"
2.75410505343179e-81,0.60932660015027,0.607,0.52,1.99127303573225e-76,"GRCh38-RAB35","RAB35","10"
2.85445424095291e-81,0.760267043995109,0.735,0.705,2.06382750529377e-76,"GRCh38-ELOVL5","ELOVL5","10"
2.96479932043e-81,0.707065559635256,0.724,0.695,2.1436092046573e-76,"GRCh38-EPN1","EPN1","10"
3.06948697632642e-81,0.252057438031088,0.173,0.074,2.21930047362353e-76,"GRCh38-SHROOM2","SHROOM2","10"
3.18947103080402e-81,0.487621361143049,0.487,0.354,2.30605134469192e-76,"GRCh38-MICALL1","MICALL1","10"
3.47627935184659e-81,0.719201567032603,0.768,0.744,2.51341949697212e-76,"GRCh38-API5","API5","10"
3.50372970010306e-81,0.880145741854234,0.837,0.918,2.53326664776851e-76,"GRCh38-TCERG1","TCERG1","10"
3.54460691329594e-81,0.781679155282296,0.607,0.522,2.56282169045123e-76,"GRCh38-TMEM138","TMEM138","10"
3.93091033041319e-81,0.551622410740088,0.522,0.409,2.84212678709535e-76,"GRCh38-GON7","GON7","10"
4.16636588155804e-81,0.632612819277256,0.548,0.435,3.0123658596841e-76,"GRCh38-FADD","FADD","10"
4.46728805758433e-81,0.939612187606675,0.92,0.97,3.22993861139462e-76,"GRCh38-AP2S1","AP2S1","10"
4.75611393044168e-81,0.626833396459592,0.644,0.578,3.43876549398794e-76,"GRCh38-SF3A2","SF3A2","10"
5.23945998095278e-81,1.00079552113123,0.879,0.935,3.78823435542848e-76,"GRCh38-EIF4G1","EIF4G1","10"
5.246435986727e-81,-0.808494474723397,0.035,0.161,3.79327814712336e-76,"GRCh38-LINC01541","LINC01541","10"
5.4861255993552e-81,-0.342457699462523,0.201,0.382,3.9665785308458e-76,"GRCh38-MLXIPL","MLXIPL","10"
5.50624282105978e-81,0.94447293609507,0.829,0.931,3.98112368448264e-76,"GRCh38-CCDC47","CCDC47","10"
5.52200531110444e-81,-0.279923349586955,0.782,0.939,3.99252028003473e-76,"GRCh38-NREP","NREP","10"
5.5776389903167e-81,0.294769915900345,0.117,0.041,4.03274454277878e-76,"GRCh38-LINC02509","LINC02509","10"
5.59759915634227e-81,0.812953034130719,0.902,0.952,4.04717614201859e-76,"GRCh38-CAP1","CAP1","10"
5.68484112109005e-81,0.650742229181511,0.665,0.613,4.11025382737053e-76,"GRCh38-RNASEH2B","RNASEH2B","10"
5.73592900739717e-81,0.570021089028073,0.422,0.285,4.1471913909283e-76,"GRCh38-HSD17B1","HSD17B1","10"
5.91962178538688e-81,1.06425835562427,0.736,0.706,4.28000494327042e-76,"GRCh38-DNAJB1","DNAJB1","10"
6.66503505833183e-81,0.991048531572303,0.853,0.937,4.81895364787508e-76,"GRCh38-ATP6V0C","ATP6V0C","10"
6.93361384895174e-81,0.34724993219669,0.311,0.18,5.01314148506909e-76,"GRCh38-SLC36A1","SLC36A1","10"
6.95773231395755e-81,0.620415913752131,0.648,0.597,5.03057961763759e-76,"GRCh38-GOT1","GOT1","10"
7.50750596303424e-81,0.282580103743093,0.229,0.115,5.42807696139302e-76,"GRCh38-CYB5D1","CYB5D1","10"
7.82878677169155e-81,0.815796293686904,0.828,0.886,5.66036941166842e-76,"GRCh38-NUP58","NUP58","10"
7.97208003098589e-81,0.440882325459318,0.521,0.394,5.76397330400342e-76,"GRCh38-THAP9-AS1","THAP9-AS1","10"
8.91831965899361e-81,-0.281549577091583,0.358,0.544,6.44812347984556e-76,"GRCh38-UBE2Q2P2","UBE2Q2P2","10"
9.63596786202882e-81,0.45028163918861,0.545,0.43,6.96699748360408e-76,"GRCh38-GIT1","GIT1","10"
1.04874186489838e-80,0.918889172255112,0.988,0.995,7.58261343158824e-76,"GRCh38-LGALS1","LGALS1","10"
1.10667386680038e-80,0.804554332358644,0.859,0.923,8.0014733917401e-76,"GRCh38-ABCF1","ABCF1","10"
1.20161375070219e-80,0.608789645012007,0.628,0.533,8.68790774032694e-76,"GRCh38-ELAC2","ELAC2","10"
1.30548185723922e-80,-0.293362322555174,0.742,0.914,9.43889492421101e-76,"GRCh38-IGFBP7","IGFBP7","10"
1.30598905237786e-80,0.972459664257436,0.638,0.539,9.4425620465024e-76,"GRCh38-HGF","HGF","10"
1.47597205289436e-80,0.363042725195992,0.368,0.232,1.06715731368368e-75,"GRCh38-ZNF738","ZNF738","10"
1.5383386077938e-80,0.899475364324245,0.816,0.836,1.11224958020708e-75,"GRCh38-PSMD3","PSMD3","10"
1.74574607178285e-80,0.641295698300523,0.675,0.613,1.26220932482044e-75,"GRCh38-DHX38","DHX38","10"
2.11874187668493e-80,0.665158075486751,0.826,0.851,1.53189275168074e-75,"GRCh38-MRPL19","MRPL19","10"
2.30872121700591e-80,0.611226081166546,0.54,0.428,1.66925161431962e-75,"GRCh38-MT-ND6","MT-ND6","10"
2.3342856069098e-80,0.438525557022533,0.428,0.296,1.68773517950793e-75,"GRCh38-CLP1","CLP1","10"
2.35240420681641e-80,0.828679680499157,0.774,0.801,1.7008352896124e-75,"GRCh38-SELENOK","SELENOK","10"
2.541541110167e-80,0.703452614344212,0.921,0.968,1.83758505347294e-75,"GRCh38-CCT8","CCT8","10"
2.78618516816463e-80,-0.313369198995713,0.333,0.513,2.01446760028639e-75,"GRCh38-PLXND1","PLXND1","10"
2.80141165143141e-80,0.28300268104809,0.17,0.074,2.02547665221794e-75,"GRCh38-GPR137C","GPR137C","10"
2.85909257480311e-80,0.357284377367425,0.29,0.165,2.06718111343415e-75,"GRCh38-ENSG00000289942","ENSG00000289942","10"
2.90658166089848e-80,0.91759318009859,0.759,0.761,2.10151667246282e-75,"GRCh38-PTS","PTS","10"
2.94603172309589e-80,0.977989144554821,0.855,0.899,2.13003985643279e-75,"GRCh38-TIMM8B","TIMM8B","10"
3.27346295560161e-80,0.632877283932953,0.604,0.522,2.36677918615907e-75,"GRCh38-SFT2D2","SFT2D2","10"
3.33336860137583e-80,0.775333711827125,0.693,0.644,2.41009216616675e-75,"GRCh38-ADAM12","ADAM12","10"
4.33336770410021e-80,0.283864195631507,0.265,0.144,3.13311151741854e-75,"GRCh38-ENSG00000227627","ENSG00000227627","10"
4.49567634453534e-80,0.66344718244771,0.783,0.798,3.25046391062594e-75,"GRCh38-CUL1","CUL1","10"
4.7110499865598e-80,0.599884516458428,0.556,0.445,3.40618336128247e-75,"GRCh38-PPP2R1B","PPP2R1B","10"
5.35846895134185e-80,0.410316499300798,0.35,0.21,3.87428022119919e-75,"GRCh38-EVI2B","EVI2B","10"
5.58689738508696e-80,-0.398192695362126,0.135,0.293,4.03943854736558e-75,"GRCh38-EFHD1","EFHD1","10"
5.78119365676719e-80,0.563442236015116,0.823,0.846,4.17991863771581e-75,"GRCh38-UGP2","UGP2","10"
6.01428928350426e-80,-0.27634386891616,0.253,0.43,4.34845143775925e-75,"GRCh38-TRNP1","TRNP1","10"
6.31518124244957e-80,0.657215322055077,0.542,0.403,4.56600234191589e-75,"GRCh38-CDKN1A","CDKN1A","10"
7.32834496686621e-80,0.251148143639654,0.125,0.046,5.29853997794361e-75,"GRCh38-ZMAT4","ZMAT4","10"
7.34805960571116e-80,0.733742091164785,0.85,0.88,5.31279405612128e-75,"GRCh38-RAB14","RAB14","10"
7.69814317059499e-80,0.377912313201717,0.388,0.249,5.56591147520359e-75,"GRCh38-MAFK","MAFK","10"
7.9562354601381e-80,0.585557790277423,0.515,0.397,5.75251736238905e-75,"GRCh38-POLR3B","POLR3B","10"
8.53615798525578e-80,-0.269310086243577,0.042,0.173,6.17181294649964e-75,"GRCh38-ENSG00000288002","ENSG00000288002","10"
9.42087058744458e-80,0.579677645966719,0.707,0.67,6.81147785213418e-75,"GRCh38-ILKAP","ILKAP","10"
1.04373610776348e-79,0.761757514501337,0.799,0.784,7.54642080635149e-75,"GRCh38-DDB1","DDB1","10"
1.10890054642239e-79,0.542561098846882,0.612,0.513,8.01757273074318e-75,"GRCh38-GTF3C4","GTF3C4","10"
1.14567007778053e-79,0.710681378677404,0.704,0.682,8.28342379636878e-75,"GRCh38-POM121C","POM121C","10"
1.33356125761521e-79,-0.250058639588072,0.82,0.952,9.6419146048095e-75,"GRCh38-SERPINB1","SERPINB1","10"
1.46208532107622e-79,-0.295136571172985,0.331,0.517,1.05711692884453e-74,"GRCh38-HEXIM2-AS1","HEXIM2-AS1","10"
1.70033533252413e-79,-0.516501614765795,0.18,0.341,1.22937645212159e-74,"GRCh38-FMO1","FMO1","10"
1.94594693234802e-79,0.910546961051881,0.73,0.721,1.40695855102627e-74,"GRCh38-TRAPPC4","TRAPPC4","10"
2.32426699782194e-79,-0.25871618785368,0.14,0.299,1.68049152476522e-74,"GRCh38-NOXA1","NOXA1","10"
2.60825036885443e-79,0.280969183273355,0.315,0.184,1.88581718168913e-74,"GRCh38-FKBPL","FKBPL","10"
2.77239663986964e-79,1.0379162835025,0.889,0.967,2.00449821855855e-74,"GRCh38-NDUFC2","NDUFC2","10"
3.12448543277587e-79,1.00203970295943,0.894,0.962,2.25906545760561e-74,"GRCh38-EIF6","EIF6","10"
3.36921013774618e-79,0.736396311781466,0.837,0.875,2.43600631379324e-74,"GRCh38-PTPN11","PTPN11","10"
3.3783471896153e-79,0.693768612730993,0.538,0.417,2.44261258503566e-74,"GRCh38-EHD1","EHD1","10"
3.552735259372e-79,0.851500020727154,0.752,0.73,2.56869864723115e-74,"GRCh38-PPME1","PPME1","10"
3.90522502050324e-79,1.20545001216423,0.721,0.679,2.82355579432426e-74,"GRCh38-FEZ1","FEZ1","10"
3.93893978290016e-79,0.759367287956544,0.795,0.83,2.84793224183248e-74,"GRCh38-NANS","NANS","10"
4.03905105387211e-79,0.645735127028911,0.672,0.615,2.92031469297061e-74,"GRCh38-PEMT","PEMT","10"
4.35340394084373e-79,-0.426309531616438,0.664,0.873,3.14759811730883e-74,"GRCh38-COL4A6","COL4A6","10"
4.6274979841746e-79,0.27201062487001,0.262,0.141,3.34577359251792e-74,"GRCh38-ZFP69B","ZFP69B","10"
5.21174033641478e-79,0.279509223658529,0.324,0.193,3.76819249803461e-74,"GRCh38-MED22","MED22","10"
6.88841023107087e-79,0.374994554612993,0.268,0.146,4.98045836526886e-74,"GRCh38-CSPG4","CSPG4","10"
7.3683185195541e-79,0.667412078689343,0.706,0.655,5.32744165600801e-74,"GRCh38-PPAT","PPAT","10"
7.84387079850209e-79,-0.288934948533489,0.566,0.75,5.67127546473298e-74,"GRCh38-PCED1B","PCED1B","10"
8.18192100896568e-79,0.360579963774075,0.406,0.272,5.91569252790237e-74,"GRCh38-GEMIN4","GEMIN4","10"
8.34332970081927e-79,1.19947998508095,0.883,0.918,6.03239424028635e-74,"GRCh38-S100A16","S100A16","10"
8.42829888106498e-79,0.439681174100237,0.522,0.397,6.0938286569876e-74,"GRCh38-E2F6","E2F6","10"
8.8044575318862e-79,0.973930508026887,0.795,0.798,6.36579888470436e-74,"GRCh38-ATP1A1","ATP1A1","10"
9.69861523852226e-79,0.8575898830749,0.816,0.877,7.01229278975636e-74,"GRCh38-SSR1","SSR1","10"
9.85593772854099e-79,0.509195209402894,0.383,0.24,7.1260400964897e-74,"GRCh38-PKIA","PKIA","10"
1.13732085111322e-78,0.783882229223334,0.911,0.962,8.22305721771881e-74,"GRCh38-TALDO1","TALDO1","10"
1.32922034286757e-78,0.802531500007495,0.856,0.955,9.61052892300108e-74,"GRCh38-KRTCAP2","KRTCAP2","10"
1.33415097638185e-78,0.856386620042666,0.829,0.886,9.64617838943603e-74,"GRCh38-SLC2A4RG","SLC2A4RG","10"
1.38315748532184e-78,0.412515486448541,0.459,0.325,1.00005052503739e-73,"GRCh38-CCDC117","CCDC117","10"
1.39460266736556e-78,0.28165518271629,0.196,0.093,1.00832562055865e-73,"GRCh38-NIPAL1","NIPAL1","10"
1.731356373195e-78,0.617561260855369,0.543,0.442,1.25180528494745e-73,"GRCh38-DPAGT1","DPAGT1","10"
1.82889802139056e-78,0.375362676790642,0.436,0.298,1.3223298474258e-73,"GRCh38-ENSG00000233461","ENSG00000233461","10"
1.87962030877244e-78,0.835070518505985,0.876,0.977,1.35900307564865e-73,"GRCh38-PDIA6","PDIA6","10"
2.14516742386462e-78,0.715827732709327,0.817,0.844,1.5509989508026e-73,"GRCh38-NDUFA5","NDUFA5","10"
2.21613646842181e-78,-0.315299882948114,0.037,0.163,1.60231098939834e-73,"GRCh38-ENSG00000290075","ENSG00000290075","10"
2.32181185033878e-78,0.676952196716252,0.701,0.656,1.67871640403195e-73,"GRCh38-LSG1","LSG1","10"
2.6842390960848e-78,0.590212888588114,0.491,0.365,1.94075855125123e-73,"GRCh38-LIMK2","LIMK2","10"
3.09756827819865e-78,0.424989280132469,0.313,0.182,2.23960381650319e-73,"GRCh38-SLCO4A1","SLCO4A1","10"
3.22413031584198e-78,0.526609733271166,0.561,0.456,2.33111070096007e-73,"GRCh38-GGCX","GGCX","10"
3.82921733117503e-78,-0.574408904732301,0.613,0.766,2.76860071478617e-73,"GRCh38-PPCDC","PPCDC","10"
3.96140348757335e-78,0.542149242308046,0.222,0.113,2.86417394958529e-73,"GRCh38-LINC01322","LINC01322","10"
3.96996018773533e-78,0.785366230580041,0.33,0.195,2.8703606149364e-73,"GRCh38-LINC02377","LINC02377","10"
4.00063383935961e-78,0.687362458251372,0.696,0.649,2.89253827853378e-73,"GRCh38-HGS","HGS","10"
4.46522678104087e-78,0.963850811689509,0.955,0.983,3.22844826722817e-73,"GRCh38-YWHAB","YWHAB","10"
4.49287921399914e-78,0.678413815311032,0.689,0.648,3.24844152930565e-73,"GRCh38-MED8","MED8","10"
4.77570600419276e-78,0.56359228971357,0.627,0.53,3.45293095515145e-73,"GRCh38-AP1AR","AP1AR","10"
5.820392661584e-78,0.808709971920506,0.722,0.699,4.20826030217846e-73,"GRCh38-CDK2AP2","CDK2AP2","10"
5.88138223964252e-78,-0.306752239387645,0.326,0.508,4.25235698690633e-73,"GRCh38-ENSG00000259363","ENSG00000259363","10"
6.15887891618462e-78,0.686272098570905,0.904,0.973,4.4529926339798e-73,"GRCh38-PTMS","PTMS","10"
9.34989605323655e-78,0.838895038109501,0.908,0.949,6.76016184441109e-73,"GRCh38-DDX3X","DDX3X","10"
1.20951430497728e-77,0.343405531964425,0.242,0.121,8.74503032784673e-73,"GRCh38-MMP13","MMP13","10"
1.22426470204003e-77,0.567854647290759,0.587,0.482,8.85167864868982e-73,"GRCh38-COPG2","COPG2","10"
1.46866082429665e-77,0.548154540638208,0.507,0.387,1.06187114918297e-72,"GRCh38-PUS1","PUS1","10"
1.72861655499636e-77,0.503796181969231,0.593,0.488,1.24982434159347e-72,"GRCh38-ARMT1","ARMT1","10"
2.25443263323452e-77,0.372082692221076,0.324,0.195,1.62999988248122e-72,"GRCh38-CLCN5","CLCN5","10"
2.40978477571087e-77,-0.297580170296962,0.122,0.275,1.74232258853447e-72,"GRCh38-TSPAN18","TSPAN18","10"
2.47413125525087e-77,0.804648933061895,0.801,0.829,1.78884638017148e-72,"GRCh38-CHCHD1","CHCHD1","10"
3.38227815984918e-77,0.897220481797492,0.887,0.934,2.44545475513416e-72,"GRCh38-PSMA5","PSMA5","10"
3.39694491001704e-77,0.335933449405644,0.35,0.218,2.45605910884052e-72,"GRCh38-FEM1A","FEM1A","10"
3.48526621956112e-77,0.562827621552331,0.584,0.48,2.51991718206708e-72,"GRCh38-TM7SF3","TM7SF3","10"
3.76522002447825e-77,0.807022393547014,0.883,0.94,2.72232938209827e-72,"GRCh38-GPI","GPI","10"
3.84779825070172e-77,-0.286644117163916,0.424,0.61,2.78203509122236e-72,"GRCh38-SPON2","SPON2","10"
4.02661233339488e-77,0.780689693411532,0.903,0.967,2.91132124929116e-72,"GRCh38-COX5A","COX5A","10"
4.08762120477486e-77,0.595848690516282,0.631,0.557,2.95543188347632e-72,"GRCh38-ARL6IP6","ARL6IP6","10"
4.37573565121308e-77,0.805620504932576,0.732,0.711,3.16374439054008e-72,"GRCh38-RHOG","RHOG","10"
4.38945623336295e-77,0.38323702220339,0.399,0.268,3.17366464584608e-72,"GRCh38-EMSY-DT","EMSY-DT","10"
4.50003847763104e-77,-0.468022451755797,0.357,0.521,3.25361782009679e-72,"GRCh38-FAT4","FAT4","10"
4.50264469598839e-77,0.778346687371409,0.795,0.822,3.25550216809353e-72,"GRCh38-LRRFIP2","LRRFIP2","10"
4.89396056447442e-77,0.74093310932521,0.88,0.962,3.5384313673263e-72,"GRCh38-LRRFIP1","LRRFIP1","10"
4.97256519772978e-77,0.774764657749833,0.704,0.703,3.59526408926258e-72,"GRCh38-ARID1A","ARID1A","10"
5.02388991520907e-77,0.876443785476051,0.951,0.984,3.63237288649446e-72,"GRCh38-PGK1","PGK1","10"
5.58432424696412e-77,0.673431174504227,0.604,0.51,4.03757811704e-72,"GRCh38-DYNLL2","DYNLL2","10"
5.64938791805552e-77,0.432969638142314,0.416,0.287,4.0846204525125e-72,"GRCh38-IPPK","IPPK","10"
6.71038647097853e-77,0.484513698165205,0.348,0.225,4.85174362624689e-72,"GRCh38-SCML2","SCML2","10"
7.38375628552354e-77,-0.313535328296824,0.38,0.558,5.33860346955923e-72,"GRCh38-KIF7","KIF7","10"
9.87121583311122e-77,-0.314206874120658,0.155,0.314,7.13708647165607e-72,"GRCh38-ITIH4","ITIH4","10"
1.03588603096619e-76,0.57789623561344,0.636,0.571,7.48966318109178e-72,"GRCh38-SH3GLB2","SH3GLB2","10"
1.03709337664642e-76,0.567075793249117,0.617,0.532,7.49839253182898e-72,"GRCh38-LYRM7","LYRM7","10"
1.10829333999568e-76,0.899875886217634,0.869,0.954,8.01318250683673e-72,"GRCh38-ACTN4","ACTN4","10"
1.1547637735225e-76,0.751236755513721,0.689,0.64,8.34917303532239e-72,"GRCh38-RIC8A","RIC8A","10"
1.31317321639043e-76,0.613846486331636,0.215,0.109,9.49450498914612e-72,"GRCh38-ENSG00000289152","ENSG00000289152","10"
1.39932859112769e-76,0.745917541073269,0.766,0.764,1.01174255795715e-71,"GRCh38-POLDIP2","POLDIP2","10"
1.42658769457173e-76,0.55675243645788,0.551,0.434,1.03145143492925e-71,"GRCh38-TIMM10B","TIMM10B","10"
1.48996349510326e-76,0.658320915445535,0.757,0.765,1.07727340622956e-71,"GRCh38-GLOD4","GLOD4","10"
1.60792853949462e-76,0.287588294798941,0.318,0.189,1.1625644926254e-71,"GRCh38-C16orf95","C16orf95","10"
1.63567663323262e-76,-0.316548663224427,0.657,0.828,1.18262691935985e-71,"GRCh38-SLC38A4-AS1","SLC38A4-AS1","10"
2.17629537207415e-76,-0.260189990368559,0.383,0.566,1.57350507991705e-71,"GRCh38-RINL","RINL","10"
2.21575995107469e-76,0.774398265866738,0.891,0.965,1.60203875982603e-71,"GRCh38-PRPF40A","PRPF40A","10"
2.26385725597952e-76,0.903018398587549,0.915,0.974,1.63681407321831e-71,"GRCh38-FUS","FUS","10"
2.29230747546756e-76,0.654098586200401,0.639,0.578,1.65738415091256e-71,"GRCh38-SLC39A3","SLC39A3","10"
2.36700754818154e-76,0.846621647173746,0.908,0.949,1.71139379748621e-71,"GRCh38-VCP","VCP","10"
2.6735394413593e-76,0.64066405592379,0.739,0.719,1.9330224868916e-71,"GRCh38-PPP4R3A","PPP4R3A","10"
3.0025791113714e-76,0.990886785702485,0.873,0.917,2.17092474910375e-71,"GRCh38-H1-10","H1-10","10"
3.39970296263798e-76,0.588513967587167,0.591,0.506,2.45805323604651e-71,"GRCh38-UPF1","UPF1","10"
3.68339681233896e-76,0.71559972529034,0.602,0.505,2.66316956325731e-71,"GRCh38-RAPH1","RAPH1","10"
3.8223532125073e-76,0.401376542499155,0.365,0.227,2.76363781970703e-71,"GRCh38-SIK1","SIK1","10"
4.64632852376298e-76,0.773673232680725,0.782,0.784,3.35938844925111e-71,"GRCh38-GTF2H1","GTF2H1","10"
4.94884491220127e-76,0.526023704182645,0.554,0.441,3.57811384841976e-71,"GRCh38-MAP3K11","MAP3K11","10"
5.95958425091332e-76,0.450348784381659,0.473,0.349,4.30889860509535e-71,"GRCh38-PLCB3","PLCB3","10"
7.60518138031087e-76,0.691999360919837,0.583,0.484,5.49869824159237e-71,"GRCh38-VAV2","VAV2","10"
8.33887940803592e-76,0.477800694808144,0.45,0.314,6.02917658959813e-71,"GRCh38-SFMBT1","SFMBT1","10"
9.27031985374632e-76,0.472831725683729,0.464,0.346,6.70262666065566e-71,"GRCh38-METTL4","METTL4","10"
9.31226733168656e-76,0.476363905635495,0.511,0.389,6.73295552615601e-71,"GRCh38-MTERF3","MTERF3","10"
9.99576627760868e-76,0.734951263994667,0.769,0.786,7.22713893403663e-71,"GRCh38-ALDH7A1","ALDH7A1","10"
1.03327578125442e-75,0.881489917425536,0.823,0.866,7.4707905536257e-71,"GRCh38-GRB2","GRB2","10"
1.09269745781951e-75,0.786509668819854,0.881,0.945,7.90042115952662e-71,"GRCh38-PCBP1","PCBP1","10"
1.13385861378708e-75,-0.345150079341273,0.127,0.282,8.19802454940332e-71,"GRCh38-MAFB","MAFB","10"
1.19226458711867e-75,0.25879956793296,0.137,0.055,8.62031141778543e-71,"GRCh38-SORBS1","SORBS1","10"
1.21328378455255e-75,0.590665047249654,0.634,0.558,8.77228441907188e-71,"GRCh38-PCBD2","PCBD2","10"
1.25274665762993e-75,0.544418507248825,0.382,0.248,9.05760888399595e-71,"GRCh38-MAMDC2","MAMDC2","10"
1.36352611894263e-75,-0.346340073981579,0.299,0.483,9.85856654517898e-71,"GRCh38-ENSG00000257869","ENSG00000257869","10"
1.45974739946509e-75,-0.257854026943366,0.099,0.243,1.05542656476125e-70,"GRCh38-SNED1-AS1","SNED1-AS1","10"
1.5953070853114e-75,0.61645003474852,0.554,0.446,1.15343892882185e-70,"GRCh38-RPP40","RPP40","10"
1.79128403534309e-75,0.31806934013667,0.374,0.24,1.29513418323376e-70,"GRCh38-CBX2","CBX2","10"
2.18252407549945e-75,0.76242792188283,0.802,0.857,1.57800855706761e-70,"GRCh38-RPP21","RPP21","10"
2.42769757069007e-75,0.88860056850326,0.821,0.885,1.75527389756033e-70,"GRCh38-RER1","RER1","10"
2.45975227073054e-75,0.866845986437831,0.851,0.894,1.7784500867836e-70,"GRCh38-GCSH","GCSH","10"
2.76270994371059e-75,0.362516925571684,0.439,0.301,1.99749454350163e-70,"GRCh38-ATP6V1E2","ATP6V1E2","10"
2.78358112030512e-75,0.804287167338444,0.665,0.618,2.01258482160301e-70,"GRCh38-FKBP14","FKBP14","10"
3.62007486803148e-75,0.757587588377691,0.885,0.959,2.61738653108412e-70,"GRCh38-UQCR10","UQCR10","10"
3.70143394045518e-75,0.736261730273212,0.746,0.718,2.67621076762791e-70,"GRCh38-NSFL1C","NSFL1C","10"
3.72195987094024e-75,0.455937874259994,0.466,0.339,2.69105142588721e-70,"GRCh38-OBI1","OBI1","10"
4.42688595072236e-75,0.382896049207268,0.432,0.298,3.20072708009128e-70,"GRCh38-SEPTIN8","SEPTIN8","10"
4.4612860168357e-75,0.810440641309927,0.692,0.67,3.22559901589254e-70,"GRCh38-GPS1","GPS1","10"
4.54031582964126e-75,0.333092841850629,0.222,0.112,3.28273915114722e-70,"GRCh38-DGAT2","DGAT2","10"
5.76251451007586e-75,1.33571434908075,0.99,0.993,4.16641324107505e-70,"GRCh38-MT2A","MT2A","10"
5.95087228999317e-75,0.388106580305425,0.39,0.255,4.30259968311086e-70,"GRCh38-ZBTB2","ZBTB2","10"
7.12122489443665e-75,-0.278111911566868,0.109,0.257,5.14878802317558e-70,"GRCh38-SYT17","SYT17","10"
7.42632992716807e-75,0.904844326146344,0.893,0.949,5.36938506394106e-70,"GRCh38-GNB1","GNB1","10"
7.52504967016363e-75,0.564232322414014,0.595,0.503,5.44076141252171e-70,"GRCh38-COPS7A","COPS7A","10"
8.75988074746055e-75,0.270734256090567,0.214,0.107,6.33356897802893e-70,"GRCh38-ZNF185","ZNF185","10"
9.55015150127533e-75,0.259237994250292,0.268,0.148,6.90495053845209e-70,"GRCh38-FLVCR1-DT","FLVCR1-DT","10"
9.57812228547788e-75,0.425445075447045,0.206,0.102,6.92517397484621e-70,"GRCh38-ANXA3","ANXA3","10"
1.08810258060461e-74,0.649621043909516,0.719,0.698,7.86719927828747e-70,"GRCh38-PRPSAP1","PRPSAP1","10"
1.09449820201009e-74,0.625124452654392,0.68,0.619,7.91344090017339e-70,"GRCh38-CPSF7","CPSF7","10"
1.12650492025365e-74,0.667288307121824,0.798,0.845,8.14485587441791e-70,"GRCh38-ARL3","ARL3","10"
1.19040434418259e-74,0.429223430411967,0.496,0.375,8.60686148930894e-70,"GRCh38-UCK1","UCK1","10"
1.2007162271761e-74,0.46277170163542,0.308,0.179,8.68141846572863e-70,"GRCh38-RGS20","RGS20","10"
1.36422409429225e-74,0.612073462771168,0.532,0.429,9.86361304655183e-70,"GRCh38-HACD3","HACD3","10"
1.40655911396147e-74,0.303438324930275,0.175,0.08,1.01697037057642e-69,"GRCh38-ANKRD18A","ANKRD18A","10"
1.51188267236456e-74,-0.285975579143733,0.434,0.61,1.09312140977303e-69,"GRCh38-ZDBF2","ZDBF2","10"
1.70259635179116e-74,1.26631262167387,0.496,0.369,1.23101121427204e-69,"GRCh38-TENM2","TENM2","10"
1.77654885289142e-74,0.828780443459281,0.879,0.915,1.28448035161756e-69,"GRCh38-CAPN2","CAPN2","10"
1.90493364164456e-74,0.719025475906727,0.947,0.978,1.37730512158185e-69,"GRCh38-EIF2S2","EIF2S2","10"
2.05983512836461e-74,-0.466873849328756,0.15,0.307,1.48930199451018e-69,"GRCh38-CATSPERB","CATSPERB","10"
2.10123434391361e-74,0.587728533882664,0.681,0.629,1.51923445533642e-69,"GRCh38-RCC1L","RCC1L","10"
2.89593311709446e-74,0.57458711980874,0.67,0.62,2.09381756232163e-69,"GRCh38-NCBP1","NCBP1","10"
2.99957095738516e-74,-0.320362921328258,0.539,0.708,2.16874979360862e-69,"GRCh38-TPD52L1","TPD52L1","10"
3.28213579583151e-74,0.792448376849773,0.742,0.735,2.3730498231021e-69,"GRCh38-TMEM30A","TMEM30A","10"
3.69007460328024e-74,0.423863788848425,0.383,0.255,2.66799773966368e-69,"GRCh38-ALKBH8","ALKBH8","10"
4.02608415210846e-74,0.435764541640698,0.474,0.349,2.91093936365746e-69,"GRCh38-BNIP1","BNIP1","10"
4.6546729493164e-74,0.53755539238751,0.615,0.523,3.36542163581474e-69,"GRCh38-PDE6D","PDE6D","10"
5.16907972275168e-74,0.385272898461818,0.392,0.263,3.73734802114392e-69,"GRCh38-KCNG1","KCNG1","10"
5.42291315914565e-74,0.577846448707273,0.301,0.172,3.92087467232549e-69,"GRCh38-SESN3","SESN3","10"
5.80209539446325e-74,0.718094879138344,0.625,0.562,4.19503101210482e-69,"GRCh38-SNHG17","SNHG17","10"
6.36106047459811e-74,0.653539937905128,0.74,0.728,4.59917394434393e-69,"GRCh38-NXT2","NXT2","10"
7.24638430387577e-74,0.615412756680971,0.754,0.768,5.23928077938826e-69,"GRCh38-CCNK","CCNK","10"
7.55977180205921e-74,-0.266710025814204,0.462,0.642,5.46586620832485e-69,"GRCh38-CDC14B","CDC14B","10"
8.62334558120227e-74,0.61536853235188,0.694,0.628,6.23485132212087e-69,"GRCh38-RAB21","RAB21","10"
9.02109192016921e-74,-0.37524878297535,0.041,0.163,6.52242988012074e-69,"GRCh38-ENSG00000249036","ENSG00000249036","10"
9.60255058773013e-74,0.748153573758288,0.733,0.72,6.94283612594064e-69,"GRCh38-MRPS17","MRPS17","10"
9.67661757864091e-74,0.299677278007374,0.299,0.175,6.99638804170895e-69,"GRCh38-HAPLN3","HAPLN3","10"
1.02368306466342e-73,-0.261029180484748,0.408,0.594,7.40143329412944e-69,"GRCh38-METAP1D","METAP1D","10"
1.08329782179302e-73,0.580937943781154,0.585,0.482,7.83245991112789e-69,"GRCh38-GEMIN5","GEMIN5","10"
1.08410379101173e-73,0.734023725729144,0.784,0.787,7.83828722977298e-69,"GRCh38-TXLNA","TXLNA","10"
1.09667945909016e-73,0.445722939291823,0.57,0.464,7.92921182511364e-69,"GRCh38-TMEM214","TMEM214","10"
1.13043710454094e-73,0.547494671441792,0.537,0.435,8.17328635325188e-69,"GRCh38-TMEM11","TMEM11","10"
1.24527484659281e-73,0.632127251764185,0.653,0.599,9.00358619583536e-69,"GRCh38-ZCCHC10","ZCCHC10","10"
1.61478246981837e-73,0.728287582385719,0.695,0.663,1.16752002132808e-68,"GRCh38-SPTY2D1","SPTY2D1","10"
2.035429088494e-73,0.465419900522479,0.593,0.469,1.47165593956293e-68,"GRCh38-PDK1","PDK1","10"
2.03623831846761e-73,0.670129602510639,0.753,0.751,1.47224102901845e-68,"GRCh38-TMEM126B","TMEM126B","10"
2.48763905674749e-73,0.716278245212664,0.828,0.889,1.79861279080957e-68,"GRCh38-ICE1","ICE1","10"
2.53021540615665e-73,0.607262134796001,0.669,0.607,1.82939634295938e-68,"GRCh38-CHCHD4","CHCHD4","10"
2.59856737052452e-73,0.653079827644667,0.73,0.697,1.87881618023664e-68,"GRCh38-UHMK1","UHMK1","10"
2.62544046023811e-73,0.823519888265474,0.722,0.701,1.89824596156136e-68,"GRCh38-XPO6","XPO6","10"
3.10452275676278e-73,0.369601364554321,0.337,0.211,2.24463204359462e-68,"GRCh38-VIM-AS1","VIM-AS1","10"
4.22757017184741e-73,0.788661465354799,0.742,0.736,3.05661778564911e-68,"GRCh38-MRPL2","MRPL2","10"
4.24723802853522e-73,0.640602139079216,0.745,0.74,3.07083803939154e-68,"GRCh38-RPF1","RPF1","10"
4.32082860347699e-73,1.06837479688094,0.166,0.074,3.12404549688593e-68,"GRCh38-PAGE2B","PAGE2B","10"
4.5169622724368e-73,0.321804752132172,0.169,0.076,3.26585406221725e-68,"GRCh38-LIN28B","LIN28B","10"
4.82708050307454e-73,1.28460785433647,0.118,0.044,3.49007574533296e-68,"GRCh38-FABP4","FABP4","10"
5.51639051198789e-73,0.861689727871728,0.771,0.814,3.98846066797749e-68,"GRCh38-PAM16","PAM16","10"
5.54143082236967e-73,0.708926228768582,0.721,0.697,4.00656531318972e-68,"GRCh38-ELOA","ELOA","10"
5.61283612771615e-73,0.335525761813616,0.267,0.152,4.05819277706133e-68,"GRCh38-NFKBID","NFKBID","10"
5.96922701304813e-73,0.841405313330008,0.802,0.852,4.31587051497406e-68,"GRCh38-STT3B","STT3B","10"
6.11140622328294e-73,0.642123832262798,0.847,0.917,4.41866892755803e-68,"GRCh38-TMED2","TMED2","10"
6.16497788519777e-73,-0.280674885646241,0.804,0.96,4.45740231055569e-68,"GRCh38-NRP1","NRP1","10"
6.66859416804934e-73,0.408226392614902,0.251,0.136,4.82152695538303e-68,"GRCh38-RAB7B","RAB7B","10"
7.02035949253321e-73,0.271095318022758,0.12,0.046,5.07586032029136e-68,"GRCh38-SSX1","SSX1","10"
7.34603883940184e-73,0.565058284451448,0.655,0.579,5.31133300166432e-68,"GRCh38-MTFR1","MTFR1","10"
7.66563760919191e-73,0.737776516846012,0.7,0.666,5.54240930419794e-68,"GRCh38-FZD6","FZD6","10"
8.044885496256e-73,0.878536546691067,0.878,0.949,5.81661311150301e-68,"GRCh38-KRT10","KRT10","10"
8.46070908413953e-73,0.798004863669298,0.755,0.781,6.11726188201456e-68,"GRCh38-ANKLE2","ANKLE2","10"
8.88095332058633e-73,0.652954341067045,0.7,0.661,6.42110686985033e-68,"GRCh38-KPNA3","KPNA3","10"
1.10966552734279e-72,0.856245412930742,0.921,0.977,8.02310369579384e-68,"GRCh38-COX6A1","COX6A1","10"
1.15815149652536e-72,0.268826905732088,0.207,0.103,8.37366695017763e-68,"GRCh38-BHLHE40-AS1","BHLHE40-AS1","10"
1.18121693594968e-72,0.74852153675971,0.846,0.904,8.54043469030337e-68,"GRCh38-EWSR1","EWSR1","10"
1.24858757835554e-72,0.819234186120173,0.624,0.536,9.02753790902625e-68,"GRCh38-GFPT2","GFPT2","10"
1.25646737379499e-72,-0.271550965992991,0.202,0.363,9.08451040601251e-68,"GRCh38-CNTNAP1","CNTNAP1","10"
1.41222008739471e-72,-0.271614806540924,0.532,0.714,1.02106336758813e-67,"GRCh38-STAT2","STAT2","10"
1.43302140406658e-72,0.451996386371373,0.401,0.269,1.03610313556822e-67,"GRCh38-ARSB","ARSB","10"
1.47451182302182e-72,0.613546991813076,0.606,0.529,1.06610153828124e-67,"GRCh38-ESYT1","ESYT1","10"
1.51915177366859e-72,0.566549216116424,0.67,0.633,1.09837711539786e-67,"GRCh38-SLF2","SLF2","10"
1.67753759751161e-72,0.364471646879352,0.313,0.187,1.21289323375285e-67,"GRCh38-CAVIN2","CAVIN2","10"
1.77855528846765e-72,0.834282405081771,0.818,0.87,1.28593104466788e-67,"GRCh38-HNRNPA0","HNRNPA0","10"
1.78034226440246e-72,0.689384306121556,0.559,0.469,1.28722306400827e-67,"GRCh38-BAK1","BAK1","10"
2.00824972374521e-72,1.03628484499177,0.766,0.759,1.45200471526226e-67,"GRCh38-GPATCH4","GPATCH4","10"
2.2836654915245e-72,0.486987049854344,0.616,0.52,1.65113582368204e-67,"GRCh38-IPO8","IPO8","10"
2.42328321926605e-72,0.551384841885269,0.565,0.451,1.75208223319374e-67,"GRCh38-TM4SF19","TM4SF19","10"
2.68832282894872e-72,0.877513927115776,0.616,0.585,1.9437111717865e-67,"GRCh38-CEP295","CEP295","10"
2.77267826797511e-72,0.917282381005297,0.934,0.973,2.00470184131137e-67,"GRCh38-PSMA1","PSMA1","10"
2.99967692224097e-72,0.683445962334442,0.826,0.864,2.16882640831867e-67,"GRCh38-TMA16","TMA16","10"
3.9405093943214e-72,0.354733588732939,0.337,0.212,2.84906710228226e-67,"GRCh38-CALML4","CALML4","10"
4.39993623309496e-72,0.385417195423861,0.495,0.374,3.18124189525232e-67,"GRCh38-BAP1","BAP1","10"
4.54091047856029e-72,0.442156582343977,0.133,0.054,3.28316909420866e-67,"GRCh38-KRT19","KRT19","10"
4.62382101668035e-72,0.733044020988558,0.252,0.137,3.34311507148022e-67,"GRCh38-NAALADL2-AS2","NAALADL2-AS2","10"
6.69874984627991e-72,0.258148687333848,0.247,0.133,4.8433301138573e-67,"GRCh38-PDCD6IP-DT","PDCD6IP-DT","10"
6.9282592087632e-72,0.488923244515223,0.55,0.441,5.00926997311997e-67,"GRCh38-EEF1AKMT2","EEF1AKMT2","10"
7.55793693800474e-72,0.716502562321872,0.794,0.837,5.46453956491618e-67,"GRCh38-KRR1","KRR1","10"
7.94504214412679e-72,0.825558073180146,0.839,0.888,5.74442437104656e-67,"GRCh38-SDHB","SDHB","10"
8.49780211183824e-72,0.621531483901644,0.223,0.115,6.14408088290129e-67,"GRCh38-ENSG00000235495","ENSG00000235495","10"
9.21328858445874e-72,0.774705170370626,0.858,0.919,6.66139191233536e-67,"GRCh38-SNF8","SNF8","10"
9.24463143681465e-72,0.270605872361119,0.304,0.181,6.68405342144573e-67,"GRCh38-LSM11","LSM11","10"
9.55402283466403e-72,0.302547713567898,0.254,0.138,6.90774958991879e-67,"GRCh38-CCDC68","CCDC68","10"
9.59838752919566e-72,-0.414731859536644,0.574,0.73,6.93982615135905e-67,"GRCh38-ERMP1","ERMP1","10"
9.59886942938097e-72,0.63563132245424,0.625,0.547,6.94017457483103e-67,"GRCh38-ZDHHC5","ZDHHC5","10"
9.72313972082314e-72,-0.254595413699517,0.596,0.787,7.03002448094955e-67,"GRCh38-TANC1","TANC1","10"
9.80877566818254e-72,-0.294745279672991,0.131,0.28,7.09194098360934e-67,"GRCh38-FOLR1","FOLR1","10"
1.07652351517082e-71,0.665131466881976,0.169,0.077,7.78348031938806e-67,"GRCh38-PTX3","PTX3","10"
1.1206721420494e-71,0.722047388684473,0.713,0.7,8.10268372144555e-67,"GRCh38-RWDD4","RWDD4","10"
1.17075860647125e-71,0.688978346187042,0.848,0.891,8.46481887650841e-67,"GRCh38-KDM1A","KDM1A","10"
1.31752861096525e-71,-0.421802389198374,0.439,0.604,9.52599536300093e-67,"GRCh38-TGFB2","TGFB2","10"
1.54539959427226e-71,0.677353334023044,0.824,0.872,1.11735481465073e-66,"GRCh38-AFG3L2","AFG3L2","10"
1.57060320512262e-71,0.268763896502985,0.279,0.159,1.13557752936775e-66,"GRCh38-FANCE","FANCE","10"
1.63523738101283e-71,0.704590272630442,0.753,0.766,1.1823093312199e-66,"GRCh38-ZNF511","ZNF511","10"
1.75406523490837e-71,0.607116858530441,0.566,0.474,1.26822424614345e-66,"GRCh38-SPOPL","SPOPL","10"
1.75993631822479e-71,0.8135055663712,0.837,0.896,1.27246915680289e-66,"GRCh38-NDUFA2","NDUFA2","10"
1.81427977969821e-71,0.659124051933535,0.74,0.73,1.3117605663174e-66,"GRCh38-DHX8","DHX8","10"
2.06980357289416e-71,0.511555024680331,0.191,0.092,1.49650937927393e-66,"GRCh38-ENSG00000287190","ENSG00000287190","10"
2.1118252475046e-71,0.655475415316613,0.791,0.811,1.52689189045078e-66,"GRCh38-GPS2","GPS2","10"
2.52370936030711e-71,0.970291218268333,0.531,0.42,1.82469234168924e-66,"GRCh38-PGM2L1","PGM2L1","10"
2.53649080475545e-71,0.565113469324369,0.653,0.577,1.83393358165428e-66,"GRCh38-CRNKL1","CRNKL1","10"
2.62275218507651e-71,0.510003273591337,0.582,0.491,1.89630228485402e-66,"GRCh38-ZDHHC6","ZDHHC6","10"
2.96344481837574e-71,0.749201634356616,0.692,0.664,2.14262987258203e-66,"GRCh38-UCK2","UCK2","10"
3.04052986394137e-71,0.647256553723677,0.592,0.496,2.19836390222689e-66,"GRCh38-ZNF143","ZNF143","10"
3.53771120888688e-71,0.864091335529589,0.887,0.941,2.55783595824939e-66,"GRCh38-SRSF9","SRSF9","10"
3.7291518037127e-71,0.811662848827218,0.707,0.68,2.69625133712036e-66,"GRCh38-ALG3","ALG3","10"
3.75034465746944e-71,0.319406889195694,0.362,0.234,2.71157419424355e-66,"GRCh38-TAOK2","TAOK2","10"
3.92388986779439e-71,0.727863856048868,0.919,0.975,2.8370508522127e-66,"GRCh38-CLTA","CLTA","10"
4.03205336500252e-71,-0.381020675910853,0.424,0.579,2.91525522396412e-66,"GRCh38-FAM171B","FAM171B","10"
4.2134999835026e-71,0.752394970674398,0.878,0.95,3.04644475807205e-66,"GRCh38-VPS35","VPS35","10"
4.60114225178382e-71,-0.257897740513588,0.39,0.571,3.32671787088473e-66,"GRCh38-MARCHF9","MARCHF9","10"
4.75317883181608e-71,0.656382895701093,0.763,0.761,3.43664335897966e-66,"GRCh38-ABRACL","ABRACL","10"
5.96167809072386e-71,0.830215739496562,0.846,0.884,4.31041249315516e-66,"GRCh38-PALLD","PALLD","10"
6.06806279790424e-71,0.637049834179718,0.805,0.795,4.38733076414072e-66,"GRCh38-BCAT1","BCAT1","10"
6.6640427190972e-71,0.750705997284408,0.728,0.706,4.81823616676166e-66,"GRCh38-SRGN","SRGN","10"
7.16291359972344e-71,0.584640356198563,0.653,0.597,5.17892979087204e-66,"GRCh38-RANGRF","RANGRF","10"
7.60136465191205e-71,0.674603095939869,0.711,0.666,5.49593867062545e-66,"GRCh38-PUS7","PUS7","10"
1.11879450774571e-70,0.561183426011224,0.536,0.435,8.08910804990303e-66,"GRCh38-PCIF1","PCIF1","10"
1.18647486490751e-70,0.858295841412748,0.745,0.741,8.57845056825425e-66,"GRCh38-TMEM33","TMEM33","10"
1.32191044968039e-70,0.434429013139201,0.527,0.42,9.55767693327913e-66,"GRCh38-CBLL1","CBLL1","10"
1.33050173394788e-70,0.574656622424687,0.647,0.579,9.61979363678998e-66,"GRCh38-TTC4","TTC4","10"
1.40971151758583e-70,0.725764589037559,0.905,0.968,1.01924962144491e-65,"GRCh38-SYAP1","SYAP1","10"
1.4368855138381e-70,0.622716915285708,0.921,0.974,1.03889696421522e-65,"GRCh38-SOD1","SOD1","10"
1.51709206670485e-70,0.447401514057228,0.262,0.145,1.09688790606894e-65,"GRCh38-PDE3B","PDE3B","10"
1.64338038910063e-70,0.920642776690081,0.806,0.884,1.18819688892754e-65,"GRCh38-ACSL3","ACSL3","10"
1.84599326715894e-70,-0.312880761796747,0.169,0.322,1.33469005202126e-65,"GRCh38-GRAMD1C","GRAMD1C","10"
2.06729980720303e-70,0.56109859552034,0.624,0.549,1.49469910660393e-65,"GRCh38-FAM199X","FAM199X","10"
2.39137790679837e-70,0.86946871067294,0.824,0.878,1.72901405417336e-65,"GRCh38-GTPBP4","GTPBP4","10"
2.57790576272405e-70,0.345262235080674,0.426,0.297,1.86387742456474e-65,"GRCh38-ELF4","ELF4","10"
2.63705561207381e-70,0.457258173111826,0.473,0.351,1.90664394864161e-65,"GRCh38-MIIP","MIIP","10"
2.85183216977193e-70,0.545732434607344,0.688,0.615,2.0619316953885e-65,"GRCh38-AZIN1","AZIN1","10"
2.94216176066296e-70,0.51508758551319,0.614,0.536,2.12724179619454e-65,"GRCh38-SOAT1","SOAT1","10"
2.98224241713052e-70,0.40225409395317,0.495,0.372,2.15622091243371e-65,"GRCh38-PPP1R12C","PPP1R12C","10"
3.08115448385166e-70,0.354094610988825,0.214,0.107,2.22773631491443e-65,"GRCh38-ENSG00000249001","ENSG00000249001","10"
3.33566094847263e-70,0.863783639890002,0.868,0.943,2.41174957896468e-65,"GRCh38-TAF15","TAF15","10"
3.38153173508054e-70,0.567208786690021,0.77,0.765,2.44491507509793e-65,"GRCh38-RPAP3","RPAP3","10"
3.50380360774541e-70,0.29839886125092,0.235,0.127,2.53332008447208e-65,"GRCh38-ENSG00000267279","ENSG00000267279","10"
4.14309379962165e-70,0.648880541989086,0.879,0.931,2.99553967900245e-65,"GRCh38-EIF3J","EIF3J","10"
4.56131071264384e-70,0.452468554063667,0.515,0.405,3.29791887145575e-65,"GRCh38-DDX20","DDX20","10"
4.89896058100179e-70,-0.294694895680733,0.135,0.28,3.54204647927591e-65,"GRCh38-GNAO1","GNAO1","10"
6.00172593438641e-70,0.778343897767947,0.756,0.757,4.33936788508006e-65,"GRCh38-IMP4","IMP4","10"
6.23600113134314e-70,-0.266954414376703,0.416,0.592,4.50875353798372e-65,"GRCh38-TTLL3","TTLL3","10"
6.30508414753615e-70,0.756106913256693,0.887,0.958,4.55870194035159e-65,"GRCh38-ROMO1","ROMO1","10"
6.31919086102695e-70,0.776063755315181,0.772,0.802,4.5689013763397e-65,"GRCh38-HSD17B12","HSD17B12","10"
6.36947518105781e-70,0.770366941338003,0.75,0.745,4.60525794540842e-65,"GRCh38-BCCIP","BCCIP","10"
7.46534848897279e-70,0.433703410423401,0.337,0.215,5.39759626449711e-65,"GRCh38-RFLNB","RFLNB","10"
7.49012138235102e-70,0.513685588419954,0.239,0.125,5.41550756186744e-65,"GRCh38-ABTB3","ABTB3","10"
8.12188006879698e-70,0.572941256291853,0.641,0.571,5.87228172734159e-65,"GRCh38-MAEA","MAEA","10"
9.27743374171197e-70,0.718627125767215,0.66,0.605,6.70777014393259e-65,"GRCh38-PEX3","PEX3","10"
9.4789920285083e-70,0.687425768824136,0.77,0.783,6.85350081645207e-65,"GRCh38-PYCR1","PYCR1","10"
1.01142309957931e-69,0.823289743093356,0.827,0.855,7.31279129457833e-65,"GRCh38-PDHA1","PDHA1","10"
1.01168018512749e-69,0.371648100879796,0.382,0.257,7.31465007450874e-65,"GRCh38-ARHGEF35","ARHGEF35","10"
1.02081296294472e-69,0.48316737097951,0.515,0.4,7.38068188468295e-65,"GRCh38-DHX37","DHX37","10"
1.06127526811354e-69,0.460576946401351,0.603,0.511,7.67323244351449e-65,"GRCh38-TDP2","TDP2","10"
1.13594989689133e-69,0.381764111467685,0.426,0.298,8.21314494450367e-65,"GRCh38-SPRING1","SPRING1","10"
1.1576499830531e-69,0.326124600089528,0.396,0.266,8.3700409074705e-65,"GRCh38-TRMT10A","TRMT10A","10"
1.17498306788126e-69,-0.268873618646823,0.174,0.344,8.49536257739505e-65,"GRCh38-EEF1A2","EEF1A2","10"
1.1815086505004e-69,0.486755344065724,0.467,0.35,8.54254384484797e-65,"GRCh38-NLE1","NLE1","10"
1.20851262528232e-69,0.304866545576054,0.306,0.187,8.73778798331623e-65,"GRCh38-SNX11","SNX11","10"
1.33432209878923e-69,0.435092667591857,0.458,0.34,9.64741563866589e-65,"GRCh38-METTL13","METTL13","10"
1.38784073928059e-69,0.684233795935336,0.615,0.567,1.00343661131466e-64,"GRCh38-CRELD2","CRELD2","10"
1.68291592995511e-69,-0.28309673234441,0.228,0.394,1.21678187567614e-64,"GRCh38-RNF180","RNF180","10"
1.90248180347466e-69,0.540223123262888,0.609,0.534,1.37553239354825e-64,"GRCh38-GSK3A","GSK3A","10"
1.97587588022401e-69,0.624372851405937,0.719,0.708,1.42859777891956e-64,"GRCh38-RNF8","RNF8","10"
2.26140836153202e-69,0.89647902314796,0.889,0.949,1.63504347355488e-64,"GRCh38-SF3B5","SF3B5","10"
2.30373431361171e-69,0.658210870221531,0.663,0.601,1.66564598342754e-64,"GRCh38-DHX33","DHX33","10"
3.7379840679226e-69,0.765618199932733,0.439,0.312,2.7026372407894e-64,"GRCh38-GALNT18","GALNT18","10"
3.99056409763584e-69,0.616017368763588,0.717,0.68,2.88525765387267e-64,"GRCh38-SCO1","SCO1","10"
4.00968192177761e-69,0.775986335148151,0.827,0.884,2.89908022308365e-64,"GRCh38-RABL6","RABL6","10"
4.17839147225076e-69,0.726579700731862,0.851,0.92,3.02106060226675e-64,"GRCh38-PSMC6","PSMC6","10"
4.32873918604125e-69,0.73213332471072,0.867,0.979,3.12976500629155e-64,"GRCh38-TMBIM6","TMBIM6","10"
4.60882145084221e-69,0.4864494030749,0.504,0.395,3.33227008538794e-64,"GRCh38-DOT1L","DOT1L","10"
4.63594902158353e-69,0.702440897361951,0.885,0.95,3.35188386158532e-64,"GRCh38-GHITM","GHITM","10"
4.94783025366665e-69,0.564043437485262,0.603,0.517,3.57738023000606e-64,"GRCh38-TRIM26","TRIM26","10"
6.33469268630181e-69,0.640823209021975,0.798,0.88,4.58010950604994e-64,"GRCh38-HMGXB4","HMGXB4","10"
6.9199356244995e-69,0.994170549693258,0.873,0.938,5.00325185522563e-64,"GRCh38-MRPL14","MRPL14","10"
8.53772107643765e-69,0.606838987615248,0.809,0.861,6.17294309268595e-64,"GRCh38-PPP2R5C","PPP2R5C","10"
8.55273020353559e-69,-0.256083240427197,0.721,0.887,6.1837949917603e-64,"GRCh38-PXK","PXK","10"
1.01092125882247e-68,0.40752362476824,0.409,0.285,7.30916288553823e-64,"GRCh38-KATNB1","KATNB1","10"
1.04270437097797e-68,0.723439673304909,0.995,0.992,7.53896114304495e-64,"GRCh38-RPL35","RPL35","10"
1.04932406343205e-68,0.697771518094034,0.705,0.669,7.5868228434264e-64,"GRCh38-LYRM4","LYRM4","10"
1.07096995120656e-68,0.527920890549312,0.479,0.368,7.74332694121369e-64,"GRCh38-AP5S1","AP5S1","10"
1.1914009932415e-68,-0.292827301288714,0.385,0.55,8.61406746133467e-64,"GRCh38-ENSG00000289384","ENSG00000289384","10"
1.19477311210453e-68,0.687164870181662,0.772,0.769,8.63844855513814e-64,"GRCh38-SWAP70","SWAP70","10"
1.25136267810717e-68,0.566290984683687,0.524,0.418,9.04760243525047e-64,"GRCh38-CYB561A3","CYB561A3","10"
1.25468170653243e-68,-0.279477943782998,0.207,0.366,9.07159967457076e-64,"GRCh38-AVIL","AVIL","10"
1.41775916062453e-68,0.885053155957633,0.895,0.95,1.02506822831475e-63,"GRCh38-UBE2I","UBE2I","10"
1.49446810324687e-68,0.695605430368865,0.745,0.752,1.08053032800955e-63,"GRCh38-SLC7A1","SLC7A1","10"
1.51543621738626e-68,0.727676820199952,0.792,0.82,1.09569069389462e-63,"GRCh38-APIP","APIP","10"
1.72323691509412e-68,0.25098026530131,0.189,0.093,1.24593475435135e-63,"GRCh38-KLHL25","KLHL25","10"
1.87765736203063e-68,0.453114177311105,0.482,0.37,1.35758382589538e-63,"GRCh38-RFT1","RFT1","10"
1.97172621566814e-68,0.736529852290055,0.665,0.604,1.42559748845238e-63,"GRCh38-MYBBP1A","MYBBP1A","10"
1.98855834001268e-68,0.321645172292536,0.275,0.155,1.43776745099597e-63,"GRCh38-SYTL1","SYTL1","10"
2.11951097036965e-68,0.7932736641652,0.823,0.87,1.53244882179667e-63,"GRCh38-NDUFB3","NDUFB3","10"
2.26969396337568e-68,0.878222809481204,0.891,0.952,1.64103412939989e-63,"GRCh38-RAI14","RAI14","10"
2.27371473474922e-68,0.840436133142026,0.807,0.839,1.64394122751838e-63,"GRCh38-NOP14","NOP14","10"
2.35863693713897e-68,0.627676279444211,0.824,0.866,1.70534167829022e-63,"GRCh38-PRPF8","PRPF8","10"
2.47645709247859e-68,-0.325968965661839,0.163,0.31,1.79052800700387e-63,"GRCh38-PCDH18","PCDH18","10"
2.70489868885613e-68,0.85642601291671,0.952,0.985,1.95569585001676e-63,"GRCh38-LMNA","LMNA","10"
2.78971022871663e-68,0.334936705364512,0.539,0.413,2.0170162895667e-63,"GRCh38-HILPDA","HILPDA","10"
2.83166940614119e-68,0.912574730536706,0.839,0.896,2.0473536140282e-63,"GRCh38-NAA20","NAA20","10"
3.08023597641278e-68,0.525509891066772,0.688,0.632,2.22707221566597e-63,"GRCh38-INTS13","INTS13","10"
3.1990661832821e-68,0.750774263736542,0.592,0.511,2.31298883183662e-63,"GRCh38-YRDC","YRDC","10"
3.65488670109059e-68,0.425438010917537,0.57,0.472,2.64255618262252e-63,"GRCh38-STRN4","STRN4","10"
3.70197268458025e-68,0.55212482382551,0.586,0.505,2.67660029040521e-63,"GRCh38-THOC6","THOC6","10"
3.89712364118586e-68,0.868798915338697,0.682,0.655,2.8176983350502e-63,"GRCh38-DLEU2","DLEU2","10"
3.91153682664195e-68,-0.366656075087748,0.226,0.386,2.82811935639867e-63,"GRCh38-ENSG00000237713","ENSG00000237713","10"
4.56553629642792e-68,0.707515074844599,0.751,0.741,3.30097405304331e-63,"GRCh38-RRP1B","RRP1B","10"
5.40782454718632e-68,-0.250746753359511,0.596,0.772,3.90996530410665e-63,"GRCh38-WBP1","WBP1","10"
5.43306548789339e-68,0.331207807770578,0.373,0.248,3.92821500905668e-63,"GRCh38-GTF2E1","GTF2E1","10"
5.47610554461813e-68,0.572622346433673,0.639,0.568,3.9593338308698e-63,"GRCh38-SART1","SART1","10"
5.52334662365812e-68,0.765987701943923,0.861,0.916,3.9934900758373e-63,"GRCh38-EIF2AK2","EIF2AK2","10"
5.98766063875482e-68,0.495515717634812,0.472,0.35,4.32919839503251e-63,"GRCh38-KDM1B","KDM1B","10"
6.78235362703129e-68,0.346680138385345,0.309,0.193,4.90377731941616e-63,"GRCh38-STOML1","STOML1","10"
7.28310089706459e-68,0.477573507957445,0.508,0.393,5.26582761059564e-63,"GRCh38-ETV5","ETV5","10"
8.15789653897206e-68,0.665229228282504,0.582,0.477,5.89832235560758e-63,"GRCh38-MSRA","MSRA","10"
8.56872559894271e-68,0.890295624910698,0.99,0.993,6.19535998254755e-63,"GRCh38-ANXA2","ANXA2","10"
9.46450908511895e-68,0.481381732210776,0.622,0.542,6.8430293587227e-63,"GRCh38-WSB2","WSB2","10"
1.00478066192158e-67,0.288237406072253,0.299,0.178,7.26476514182537e-63,"GRCh38-GALNT4","GALNT4","10"
1.00736330843777e-67,0.326541952049572,0.298,0.182,7.28343819266678e-63,"GRCh38-SNHG21","SNHG21","10"
1.07820052377901e-67,0.475257815599974,0.47,0.356,7.79560542702698e-63,"GRCh38-SLC25A15","SLC25A15","10"
1.09680829409372e-67,0.388559331573759,0.238,0.128,7.93014332795641e-63,"GRCh38-LINC02932","LINC02932","10"
1.15877197992278e-67,0.715425307972844,0.945,0.976,8.37815316923769e-63,"GRCh38-ATP5F1B","ATP5F1B","10"
1.16370915693637e-67,0.66024770312465,0.836,0.9,8.41384994648134e-63,"GRCh38-PDCD10","PDCD10","10"
1.18479368701063e-67,0.383648333896019,0.334,0.214,8.56629531582426e-63,"GRCh38-EEF2KMT","EEF2KMT","10"
1.39620813986042e-67,0.612940558724696,0.591,0.497,1.00948640928188e-62,"GRCh38-ERLIN2","ERLIN2","10"
1.49677565646485e-67,0.598388200244583,0.932,0.98,1.08219873513721e-62,"GRCh38-ANXA5","ANXA5","10"
1.5252285184264e-67,0.740600106595716,0.882,0.956,1.10277072339266e-62,"GRCh38-TAF9","TAF9","10"
1.54085049120673e-67,-0.334842882256717,0.629,0.805,1.11406572215229e-62,"GRCh38-GPCPD1","GPCPD1","10"
1.63586523023032e-67,-0.261221797553251,0.345,0.508,1.18276327876112e-62,"GRCh38-ENSG00000260983","ENSG00000260983","10"
1.63751044615181e-67,0.525322527171697,0.577,0.48,1.18395280277669e-62,"GRCh38-EIPR1","EIPR1","10"
1.65758881346742e-67,0.980029311483078,0.891,0.936,1.19846986391321e-62,"GRCh38-PRMT1","PRMT1","10"
1.70044051028435e-67,0.601449648598636,0.707,0.674,1.22945249774579e-62,"GRCh38-FAM168B","FAM168B","10"
1.71648280374961e-67,0.594100306998183,0.587,0.502,1.24105139676704e-62,"GRCh38-ST3GAL4","ST3GAL4","10"
1.74544268431047e-67,0.62810241118609,0.851,0.928,1.26198996961015e-62,"GRCh38-COPS6","COPS6","10"
1.78482773833254e-67,0.642896671986511,0.742,0.729,1.29046615136919e-62,"GRCh38-CS","CS","10"
1.88763143857528e-67,0.655345909673112,0.716,0.696,1.3647952827187e-62,"GRCh38-THUMPD3","THUMPD3","10"
1.90590466043688e-67,0.602087471647373,0.789,0.83,1.37800718758907e-62,"GRCh38-CDK16","CDK16","10"
1.94025394999651e-67,0.710299940028073,0.651,0.611,1.40284241092647e-62,"GRCh38-SNHG15","SNHG15","10"
2.03660049954887e-67,0.459097102567934,0.608,0.518,1.47250289318383e-62,"GRCh38-CWF19L1","CWF19L1","10"
2.25869094920132e-67,0.746011255191575,0.813,0.887,1.63307873009154e-62,"GRCh38-ECI1","ECI1","10"
2.42377832522181e-67,0.450338870990877,0.469,0.348,1.75244020470188e-62,"GRCh38-GCAT","GCAT","10"
2.54285860200187e-67,0.662823183266623,0.7,0.694,1.83853762641939e-62,"GRCh38-PPP2R2D","PPP2R2D","10"
2.64434495554691e-67,0.433992028443083,0.491,0.37,1.91191428975953e-62,"GRCh38-ZNF267","ZNF267","10"
2.94436621172121e-67,0.792937406577065,0.791,0.822,2.12883565839867e-62,"GRCh38-TRMT10C","TRMT10C","10"
3.05566341095592e-67,0.66038384255469,0.756,0.756,2.20930575938935e-62,"GRCh38-ADI1","ADI1","10"
3.16315440486525e-67,0.791694831894874,0.88,0.962,2.28702389780567e-62,"GRCh38-DDT","DDT","10"
3.179330708351e-67,0.69270314473326,0.704,0.665,2.29871968875194e-62,"GRCh38-AK1","AK1","10"
3.2070966004662e-67,0.962235270512154,0.777,0.813,2.31879498406907e-62,"GRCh38-MANF","MANF","10"
3.39779226106772e-67,-0.384215412618043,0.092,0.22,2.45667176059718e-62,"GRCh38-RASL11A","RASL11A","10"
3.95010566840726e-67,0.514879777094854,0.647,0.572,2.85600540037182e-62,"GRCh38-ZNF639","ZNF639","10"
4.02023092661778e-67,0.344912144685188,0.168,0.078,2.90670736456319e-62,"GRCh38-NR4A3","NR4A3","10"
4.21002174525351e-67,1.12305972112506,0.868,0.915,3.0439299222532e-62,"GRCh38-SELENOW","SELENOW","10"
4.32221787609729e-67,0.713636138258462,0.544,0.45,3.12504996877587e-62,"GRCh38-MED24","MED24","10"
4.44146108690568e-67,0.295397277539706,0.312,0.195,3.21126519505455e-62,"GRCh38-TOR2A","TOR2A","10"
4.7048186952403e-67,0.861346146427033,0.837,0.891,3.40167801303264e-62,"GRCh38-CD164","CD164","10"
4.80706799532344e-67,0.606368059168867,0.587,0.502,3.47560630197875e-62,"GRCh38-TRIM14","TRIM14","10"
5.5156078909519e-67,0.627403995092042,0.815,0.849,3.98789481731605e-62,"GRCh38-MSANTD3","MSANTD3","10"
6.39569729164501e-67,0.800215136434613,0.669,0.604,4.62421705580517e-62,"GRCh38-FSTL1","FSTL1","10"
6.44908575562714e-67,0.749384134717179,0.899,0.967,4.66281798303353e-62,"GRCh38-SRRM1","SRRM1","10"
6.46429355918464e-67,0.859015756636674,0.89,0.979,4.67381352916168e-62,"GRCh38-MTDH","MTDH","10"
6.79067552298477e-67,0.551521791016624,0.19,0.093,4.90979421662845e-62,"GRCh38-MRGPRX3","MRGPRX3","10"
6.89807108892393e-67,-0.389853257499261,0.592,0.77,4.98744335871378e-62,"GRCh38-CP","CP","10"
6.96777019847956e-67,0.824982925847308,0.668,0.64,5.03783720890469e-62,"GRCh38-ZMPSTE24","ZMPSTE24","10"
7.21593889877694e-67,0.691934560899917,0.632,0.575,5.2172681425937e-62,"GRCh38-TAF3","TAF3","10"
7.63129886006938e-67,0.647281216318482,0.763,0.777,5.51758170180736e-62,"GRCh38-SMARCD1","SMARCD1","10"
8.28350369036179e-67,0.766910027729014,0.824,0.881,5.98913883820538e-62,"GRCh38-USP10","USP10","10"
8.4829917735446e-67,0.535196671888306,0.221,0.117,6.13337271210822e-62,"GRCh38-TRAF1","TRAF1","10"
8.54072618434926e-67,0.356390458065753,0.431,0.305,6.1751158458082e-62,"GRCh38-OSGIN2","OSGIN2","10"
8.64415660917657e-67,0.745494949844324,0.742,0.769,6.24989811156685e-62,"GRCh38-COLGALT1","COLGALT1","10"
9.68086387386677e-67,0.743857332592397,0.879,0.955,6.99945819808316e-62,"GRCh38-KIF2A","KIF2A","10"
9.68534464403584e-67,0.893513150686208,0.794,0.82,7.0026978845308e-62,"GRCh38-PPP2R2A","PPP2R2A","10"
1.02017729613955e-66,-0.30882037883004,0.09,0.222,7.37608588654819e-62,"GRCh38-BPIFB4","BPIFB4","10"
1.31518902708031e-66,0.453182450115916,0.485,0.375,9.50907970359605e-62,"GRCh38-MANEA","MANEA","10"
1.3920933199177e-66,0.326072211528052,0.219,0.114,1.0065113121669e-61,"GRCh38-MMP1","MMP1","10"
1.42968318458218e-66,0.733757270324652,0.509,0.403,1.03368953611661e-61,"GRCh38-SLC12A2","SLC12A2","10"
1.43957838984413e-66,-0.435536458688923,0.351,0.516,1.0408439674251e-61,"GRCh38-ADAMTS9","ADAMTS9","10"
1.44690725895141e-66,0.394231975985639,0.304,0.185,1.04614288636705e-61,"GRCh38-DENND2C","DENND2C","10"
1.45106806168048e-66,0.557371899706917,0.708,0.664,1.04915122995622e-61,"GRCh38-NADK2","NADK2","10"
1.49650640465734e-66,0.696168713440595,0.686,0.655,1.08200406069535e-61,"GRCh38-SRBD1","SRBD1","10"
1.49969280448248e-66,0.867711156047117,0.687,0.679,1.08430789149693e-61,"GRCh38-WEE1","WEE1","10"
1.5224840900516e-66,0.256919408130949,0.301,0.183,1.10078644678911e-61,"GRCh38-UNC119B","UNC119B","10"
1.56264557340773e-66,0.413529921576935,0.586,0.485,1.12982400248526e-61,"GRCh38-CNOT3","CNOT3","10"
1.56477144741072e-66,0.808347641297466,0.871,0.934,1.1313610519069e-61,"GRCh38-TXNL4A","TXNL4A","10"
1.60394049837073e-66,0.684920223128211,0.864,0.945,1.15968105913201e-61,"GRCh38-PAK2","PAK2","10"
1.65593264199981e-66,0.692581675486728,0.807,0.842,1.1972724188187e-61,"GRCh38-AP1S1","AP1S1","10"
1.70367629712148e-66,0.866219806081042,0.815,0.855,1.23179203634477e-61,"GRCh38-POLR2G","POLR2G","10"
1.72353834225356e-66,0.733225167859588,0.687,0.654,1.24615269221617e-61,"GRCh38-TMEM70","TMEM70","10"
1.90693568873771e-66,0.647772453186308,0.649,0.591,1.37875264167114e-61,"GRCh38-PHRF1","PHRF1","10"
2.05338715928844e-66,1.16332422650873,0.471,0.369,1.48463998390873e-61,"GRCh38-SLC2A9","SLC2A9","10"
2.53148811493022e-66,0.815413583521187,0.937,0.978,1.83031653685685e-61,"GRCh38-PARK7","PARK7","10"
2.57498775852491e-66,0.609121659761075,0.575,0.48,1.86176764916868e-61,"GRCh38-UGDH","UGDH","10"
2.5801494174375e-66,0.793241339869711,0.772,0.785,1.86549963179566e-61,"GRCh38-TRAPPC2L","TRAPPC2L","10"
2.75002739208944e-66,0.682792165299244,0.656,0.602,1.98832480502851e-61,"GRCh38-ZDHHC3","ZDHHC3","10"
3.12310267690152e-66,0.755848179000021,0.77,0.789,2.25806569745333e-61,"GRCh38-UTP6","UTP6","10"
3.14784260820969e-66,0.818799376255161,0.789,0.814,2.27595316258777e-61,"GRCh38-OXSR1","OXSR1","10"
3.23269594238954e-66,0.728571083411841,0.893,0.963,2.33730382026648e-61,"GRCh38-NDUFB2","NDUFB2","10"
3.24036957114489e-66,0.59045533909037,0.481,0.37,2.34285200732918e-61,"GRCh38-HMGN5","HMGN5","10"
3.35907162610237e-66,-0.506247982412838,0.42,0.582,2.42867596710453e-61,"GRCh38-PITPNC1","PITPNC1","10"
3.38590311751508e-66,0.651758148079357,0.647,0.603,2.44807567202575e-61,"GRCh38-CASP8AP2","CASP8AP2","10"
3.46244646866695e-66,0.25416506655853,0.27,0.158,2.50341804577558e-61,"GRCh38-IBA57","IBA57","10"
3.52904366332105e-66,0.532082728931337,0.599,0.527,2.55156914945439e-61,"GRCh38-C17orf75","C17orf75","10"
3.74844070663043e-66,0.305033888671652,0.327,0.207,2.71019759970793e-61,"GRCh38-MED20","MED20","10"
3.97767149544681e-66,-0.276950763867464,0.374,0.544,2.87593604463795e-61,"GRCh38-COPB2-DT","COPB2-DT","10"
3.98285892001088e-66,0.691141617846557,0.76,0.775,2.87968665634627e-61,"GRCh38-SLC25A13","SLC25A13","10"
4.13037719736828e-66,0.48919466204281,0.562,0.46,2.98634532124121e-61,"GRCh38-HIPK1","HIPK1","10"
4.31823139735582e-66,-0.261446278889691,0.238,0.4,3.1221676649162e-61,"GRCh38-PRDM1","PRDM1","10"
4.32703621040741e-66,0.577256073822985,0.723,0.706,3.12853372084877e-61,"GRCh38-MBD3","MBD3","10"
4.37159235169097e-66,0.606030684498025,0.675,0.626,3.16074870211961e-61,"GRCh38-MMGT1","MMGT1","10"
4.4357916891565e-66,-0.261939228955366,0.094,0.227,3.20716610709393e-61,"GRCh38-ENSG00000259678","ENSG00000259678","10"
4.85351326042714e-66,1.09696580497511,0.773,0.811,3.50918715755403e-61,"GRCh38-FAT1","FAT1","10"
4.97806570317849e-66,0.378177859111575,0.426,0.306,3.59924106471211e-61,"GRCh38-SDE2","SDE2","10"
5.07319244972217e-66,0.398505140015755,0.219,0.116,3.66801960499813e-61,"GRCh38-ENSG00000285646","ENSG00000285646","10"
5.17529152898368e-66,0.724278743645969,0.872,0.957,3.74183928128578e-61,"GRCh38-EPRS1","EPRS1","10"
5.91695040558332e-66,0.789966778842053,0.809,0.822,4.27807348224485e-61,"GRCh38-LYPLA1","LYPLA1","10"
6.03161134330813e-66,0.615055151667863,0.74,0.716,4.36097563343865e-61,"GRCh38-KPNA1","KPNA1","10"
6.09855986898444e-66,1.11040633583733,0.901,0.974,4.40938075647313e-61,"GRCh38-PLP2","PLP2","10"
6.26500728451098e-66,0.580060906991107,0.702,0.662,4.52972556684713e-61,"GRCh38-MTMR12","MTMR12","10"
6.40296146138313e-66,0.683018203040895,0.828,0.878,4.62946919580923e-61,"GRCh38-CDK2AP1","CDK2AP1","10"
6.41122909251269e-66,0.284280598637347,0.3,0.184,4.63544685846853e-61,"GRCh38-WDCP","WDCP","10"
6.59206825557245e-66,0.489067630246082,0.671,0.61,4.76619719014399e-61,"GRCh38-IDH1","IDH1","10"
6.69418751091843e-66,0.719236046249083,0.569,0.478,4.84003145414424e-61,"GRCh38-CERS6","CERS6","10"
7.15126940882403e-66,0.6219065502705,0.623,0.569,5.17051080796795e-61,"GRCh38-NPAT","NPAT","10"
7.2040629963629e-66,0.641140984435554,0.836,0.916,5.2086816276303e-61,"GRCh38-IMMT","IMMT","10"
7.25930810575621e-66,0.689439595044128,0.426,0.291,5.24862494662386e-61,"GRCh38-PGF","PGF","10"
7.41216107059728e-66,-0.340821282135832,0.239,0.392,5.35914069726325e-61,"GRCh38-ARRB1","ARRB1","10"
7.52475921086578e-66,0.703699101287734,0.684,0.625,5.44055140464018e-61,"GRCh38-UTP20","UTP20","10"
7.89877934595701e-66,0.411855504295771,0.499,0.374,5.71097544271384e-61,"GRCh38-RAB23","RAB23","10"
9.41886428434713e-66,0.623514497686889,0.731,0.748,6.81002725486866e-61,"GRCh38-CRCP","CRCP","10"
9.70154363506327e-66,0.564619350099592,0.74,0.732,7.01441007902345e-61,"GRCh38-SNRNP27","SNRNP27","10"
9.74228261364444e-66,0.449314221363279,0.426,0.305,7.0438651753172e-61,"GRCh38-ZNF92","ZNF92","10"
1.0792037332621e-65,0.586277341549446,0.649,0.592,7.80285883223161e-61,"GRCh38-ATG101","ATG101","10"
1.08209410969198e-65,0.721024361395476,0.816,0.887,7.82375683189498e-61,"GRCh38-NDUFS7","NDUFS7","10"
1.15716864715121e-65,0.75859334291571,0.737,0.751,8.36656075263266e-61,"GRCh38-SELENOT","SELENOT","10"
1.25008815238756e-65,0.452868541631441,0.574,0.481,9.03838735939253e-61,"GRCh38-RANBP3","RANBP3","10"
1.31608848914012e-65,0.686581117491349,0.694,0.639,9.51558299418089e-61,"GRCh38-NUS1","NUS1","10"
1.32391714801668e-65,0.535103295353079,0.37,0.256,9.5721857635902e-61,"GRCh38-EPHA2","EPHA2","10"
1.50540961355314e-65,0.322879638303054,0.208,0.107,1.08844125879119e-60,"GRCh38-PLA2G4A","PLA2G4A","10"
1.74753315388235e-65,0.745796224974697,0.845,0.869,1.26350142092002e-60,"GRCh38-MAP4K4","MAP4K4","10"
1.87181301426834e-65,0.710619623525309,0.574,0.484,1.3533582455763e-60,"GRCh38-JAG1","JAG1","10"
2.10569083444273e-65,0.68063422326315,0.688,0.657,1.52245658711878e-60,"GRCh38-RB1","RB1","10"
2.16963686032332e-65,0.622723451084946,0.639,0.581,1.56869084275097e-60,"GRCh38-SNHG30","SNHG30","10"
2.42404282157723e-65,0.462714586294831,0.504,0.397,1.75263144085677e-60,"GRCh38-TUBD1","TUBD1","10"
2.45988837342354e-65,0.896393798599857,0.858,0.908,1.77854849175268e-60,"GRCh38-STK17A","STK17A","10"
2.62281280433546e-65,0.306438410778879,0.241,0.133,1.89634611379063e-60,"GRCh38-PLAC1","PLAC1","10"
2.64030891035007e-65,0.477920941542323,0.513,0.413,1.9089961483613e-60,"GRCh38-ENSG00000289047","ENSG00000289047","10"
2.71460634720104e-65,0.556442999762896,0.915,0.975,1.9627146811533e-60,"GRCh38-MZT2B","MZT2B","10"
2.9332118907792e-65,0.556706287431147,0.506,0.394,2.12077086127118e-60,"GRCh38-ASB1","ASB1","10"
3.01729739175262e-65,-0.34331506964522,0.344,0.503,2.18156636018498e-60,"GRCh38-SPRY1","SPRY1","10"
3.34233828057751e-65,0.60675602763078,0.728,0.714,2.41657742362315e-60,"GRCh38-MTMR6","MTMR6","10"
3.3582223539872e-65,0.931447692642308,0.974,0.985,2.42806192637983e-60,"GRCh38-NME2","NME2","10"
3.50581135431149e-65,0.383442117159103,0.237,0.126,2.53477172539429e-60,"GRCh38-ENSG00000242880","ENSG00000242880","10"
3.88093927143961e-65,0.530767091254562,0.721,0.678,2.80599671203627e-60,"GRCh38-SRP68","SRP68","10"
3.88881678292791e-65,0.351715200624308,0.274,0.161,2.81169231039254e-60,"GRCh38-USP18","USP18","10"
4.00396216688573e-65,0.621582260580105,0.546,0.441,2.89494472590172e-60,"GRCh38-DYRK3","DYRK3","10"
4.00936766007885e-65,-0.56397324618469,0.554,0.692,2.89885300559021e-60,"GRCh38-EYS","EYS","10"
4.23410860403957e-65,0.309351914342546,0.343,0.223,3.06134520289269e-60,"GRCh38-TAF1A","TAF1A","10"
4.41945419782298e-65,0.843537534224038,0.803,0.835,3.19535377410997e-60,"GRCh38-MRPS7","MRPS7","10"
5.0122073358591e-65,0.428357685033032,0.463,0.346,3.62392614797284e-60,"GRCh38-TSPAN17","TSPAN17","10"
5.39562551343127e-65,0.525206818191317,0.668,0.627,3.90114515872108e-60,"GRCh38-ADAM15","ADAM15","10"
5.63444788185349e-65,0.570231111882067,0.536,0.438,4.07381850753771e-60,"GRCh38-SFR1","SFR1","10"
6.01140998562254e-65,0.6592142423592,0.839,0.917,4.34636964780481e-60,"GRCh38-CEBPZ","CEBPZ","10"
6.97568140122292e-65,0.803019485050966,0.863,0.914,5.0435571667122e-60,"GRCh38-CAPZA1","CAPZA1","10"
7.06286359076041e-65,-0.250103168665803,0.072,0.197,5.10659163339159e-60,"GRCh38-BPIFA2","BPIFA2","10"
7.26202619484267e-65,0.648596602312524,0.68,0.633,5.25059017939515e-60,"GRCh38-POLR1E","POLR1E","10"
7.78158058204061e-65,0.686618393586656,0.726,0.713,5.626238392427e-60,"GRCh38-CRK","CRK","10"
8.32261252414494e-65,0.878375758635983,0.707,0.67,6.01741530720728e-60,"GRCh38-BAG3","BAG3","10"
1.05129992762639e-64,0.69386292225337,0.638,0.602,7.60110873672434e-60,"GRCh38-E2F3","E2F3","10"
1.15729120751188e-64,0.824204939286294,0.934,0.975,8.36744688855236e-60,"GRCh38-UBB","UBB","10"
1.3147382090541e-64,0.581567031104688,0.755,0.76,9.50582019910294e-60,"GRCh38-MED14","MED14","10"
1.36700847361501e-64,0.624526691121511,0.809,0.877,9.88374466593127e-60,"GRCh38-HMG20B","HMG20B","10"
1.47263489026108e-64,0.502960880285928,0.604,0.525,1.06474447835657e-59,"GRCh38-CUTC","CUTC","10"
1.7021185056155e-64,0.583206987066864,0.583,0.495,1.23066572193012e-59,"GRCh38-RGS12","RGS12","10"
1.72886663602209e-64,0.390825923573593,0.507,0.398,1.25000515517669e-59,"GRCh38-ATP23","ATP23","10"
1.83251640600112e-64,0.479697956303732,0.508,0.406,1.32494601186693e-59,"GRCh38-MED7","MED7","10"
1.95832535870854e-64,0.679671373155708,0.799,0.866,1.41590840085345e-59,"GRCh38-ZNF326","ZNF326","10"
1.987433353553e-64,0.5537657093589,0.68,0.646,1.43695406328589e-59,"GRCh38-BBS7","BBS7","10"
2.03159291114857e-64,0.836374489328277,0.848,0.915,1.46888230661864e-59,"GRCh38-CWC15","CWC15","10"
2.04804609956517e-64,0.60051261265433,0.781,0.829,1.48077829090761e-59,"GRCh38-CCDC59","CCDC59","10"
2.06878141784331e-64,0.458726088697892,0.465,0.357,1.49577034072907e-59,"GRCh38-TBC1D10B","TBC1D10B","10"
2.09092165255607e-64,0.651575958050023,0.7,0.67,1.51177817323109e-59,"GRCh38-NOPCHAP1","NOPCHAP1","10"
2.31657102814402e-64,0.554314345463181,0.673,0.637,1.67492718476869e-59,"GRCh38-TRAPPC10","TRAPPC10","10"
2.51987748141802e-64,0.747614167192538,0.762,0.788,1.82192181661486e-59,"GRCh38-SEC61A1","SEC61A1","10"
2.70331734477926e-64,0.46888411707658,0.514,0.417,1.9545525066223e-59,"GRCh38-FDXR","FDXR","10"
3.23719272575554e-64,0.584871525552937,0.658,0.606,2.34055508457577e-59,"GRCh38-FBXO22","FBXO22","10"
3.3457541563843e-64,-0.259479007861813,0.269,0.429,2.41904717014898e-59,"GRCh38-KRCC1","KRCC1","10"
3.49575800875513e-64,0.791373374106757,0.939,0.98,2.52750295549014e-59,"GRCh38-C11orf58","C11orf58","10"
4.39527677658737e-64,0.698584201626761,0.567,0.482,3.1778730150082e-59,"GRCh38-GCLC","GCLC","10"
4.40824184492121e-64,0.543679611585949,0.267,0.157,3.18724701871493e-59,"GRCh38-CFAP58","CFAP58","10"
4.41859832203258e-64,0.805111461834994,0.614,0.534,3.194734958796e-59,"GRCh38-GALNT10","GALNT10","10"
4.86192405715423e-64,0.474950290388255,0.474,0.361,3.51526833180365e-59,"GRCh38-TOR1B","TOR1B","10"
4.90762635796128e-64,-0.254457198116106,0.124,0.261,3.54831200933317e-59,"GRCh38-FTCDNL1","FTCDNL1","10"
4.96494802830099e-64,0.743358866230338,0.911,0.966,3.58975672342218e-59,"GRCh38-ATP5IF1","ATP5IF1","10"
5.08079799703259e-64,0.432209782191095,0.398,0.275,3.67351856781451e-59,"GRCh38-ZNF670","ZNF670","10"
5.11633960139886e-64,0.627212709426533,0.632,0.569,3.69921585860341e-59,"GRCh38-PHTF1","PHTF1","10"
5.66486088032752e-64,0.416937897320667,0.586,0.494,4.0958077136944e-59,"GRCh38-C22orf39","C22orf39","10"
5.71700863463821e-64,0.456030010418988,0.435,0.313,4.13351158301612e-59,"GRCh38-SPAG1","SPAG1","10"
6.13487675918271e-64,0.688668329999449,0.705,0.705,4.43563859442428e-59,"GRCh38-IMMP1L","IMMP1L","10"
6.41605642193605e-64,0.74949749842173,0.676,0.638,4.6389371141882e-59,"GRCh38-HSPBP1","HSPBP1","10"
6.45758068842799e-64,0.835549621039096,0.918,0.97,4.6689599893472e-59,"GRCh38-PSMA6","PSMA6","10"
6.89052978047235e-64,0.610299306022181,0.69,0.653,4.98199084187712e-59,"GRCh38-AKAP8","AKAP8","10"
7.24720848394897e-64,0.365630462675187,0.374,0.256,5.23987667806478e-59,"GRCh38-PWP2","PWP2","10"
7.70664829984819e-64,0.685435664867139,0.828,0.866,5.57206085375624e-59,"GRCh38-SLC25A24","SLC25A24","10"
7.87621277162808e-64,-0.300426417487948,0.445,0.64,5.69465935814254e-59,"GRCh38-MTUS1","MTUS1","10"
7.89158321347698e-64,0.734783605426481,0.36,0.23,5.70577249500812e-59,"GRCh38-ANGPTL4","ANGPTL4","10"
8.50948796193415e-64,-0.51770867276861,0.296,0.44,6.15252998623763e-59,"GRCh38-SCN9A","SCN9A","10"
8.6570052986206e-64,0.699856308424636,0.512,0.437,6.25918797100867e-59,"GRCh38-MSH5","MSH5","10"
1.15296386542824e-63,0.358886667424305,0.431,0.314,8.33615933981929e-59,"GRCh38-PHF7","PHF7","10"
1.29859072110336e-63,0.536048147565864,0.655,0.596,9.38907063172152e-59,"GRCh38-FAM104A","FAM104A","10"
1.34524392673378e-63,0.484494324304226,0.561,0.472,9.72638263907057e-59,"GRCh38-LMTK2","LMTK2","10"
1.38622729673868e-63,0.285362163871953,0.258,0.149,1.002270060088e-58,"GRCh38-CLCF1","CLCF1","10"
1.45255425825988e-63,-0.256326052518185,0.151,0.291,1.05022577980706e-58,"GRCh38-CFD","CFD","10"
1.55275973979595e-63,0.940943984173958,0.92,0.971,1.12267634706727e-58,"GRCh38-ATP5MC3","ATP5MC3","10"
1.58119778101485e-63,0.442317469509641,0.527,0.423,1.14323761962936e-58,"GRCh38-ANKRD54","ANKRD54","10"
1.70157054069189e-63,0.574677550894524,0.615,0.542,1.23026953233105e-58,"GRCh38-SRD5A1","SRD5A1","10"
1.78800199482557e-63,0.525128984485161,0.674,0.611,1.29276120229879e-58,"GRCh38-PIP4K2A","PIP4K2A","10"
1.8982608610123e-63,0.49959545856387,0.45,0.329,1.37248056772912e-58,"GRCh38-ZC3H12C","ZC3H12C","10"
2.02678583297079e-63,0.302301884551097,0.14,0.062,1.46540669295454e-58,"GRCh38-FDXACB1","FDXACB1","10"
2.98418438355912e-63,0.730534208329719,0.88,0.952,2.15762499300092e-58,"GRCh38-NDUFB7","NDUFB7","10"
3.00902785329203e-63,0.61996420465977,0.789,0.828,2.17558731848721e-58,"GRCh38-WAPL","WAPL","10"
3.10613349281162e-63,0.288893498479836,0.292,0.178,2.24579663797266e-58,"GRCh38-MAP4K2","MAP4K2","10"
3.3901191431295e-63,0.461551160314336,0.541,0.438,2.45112394286549e-58,"GRCh38-SAP130","SAP130","10"
3.52763851485945e-63,0.499679976528949,0.601,0.515,2.55055319901368e-58,"GRCh38-SOCS4","SOCS4","10"
3.60054501318412e-63,0.438954025555876,0.538,0.434,2.60326605543239e-58,"GRCh38-GRK2","GRK2","10"
3.6835412461104e-63,0.632325853545478,0.826,0.906,2.66327399176274e-58,"GRCh38-POLR2J","POLR2J","10"
4.09868848867014e-63,0.731828919008763,0.809,0.846,2.96343375107828e-58,"GRCh38-BMS1","BMS1","10"
4.30664922442205e-63,0.622269721765675,0.617,0.541,3.11379352224163e-58,"GRCh38-ZNRF2","ZNRF2","10"
5.01771359404757e-63,0.502035295932206,0.617,0.538,3.62790728276828e-58,"GRCh38-GUF1","GUF1","10"
5.07263473133951e-63,0.539159636808681,0.556,0.475,3.66761636345309e-58,"GRCh38-TOP3A","TOP3A","10"
5.19523319808546e-63,0.696045021245821,0.754,0.741,3.75625750687975e-58,"GRCh38-PRMT3","PRMT3","10"
5.29671036037211e-63,1.14084654373655,0.515,0.416,3.82962752475624e-58,"GRCh38-ZC3H3","ZC3H3","10"
5.32937359907894e-63,0.766118614674286,0.672,0.633,3.85324369960606e-58,"GRCh38-MCRIP1","MCRIP1","10"
5.35037778253033e-63,0.491890717035169,0.574,0.484,3.86843014432508e-58,"GRCh38-YTHDF1","YTHDF1","10"
5.47297615301915e-63,0.477978544229969,0.512,0.401,3.95707121815591e-58,"GRCh38-DNAJB4","DNAJB4","10"
5.57520877060669e-63,0.945385005143222,0.756,0.765,4.03098744532405e-58,"GRCh38-GADD45A","GADD45A","10"
6.09562984969849e-63,0.490746031400556,0.197,0.101,4.407262293929e-58,"GRCh38-MIR2052HG","MIR2052HG","10"
6.11435504819872e-63,0.601427040500453,0.782,0.785,4.42080098694864e-58,"GRCh38-ARL8B","ARL8B","10"
6.35356154723031e-63,0.409532827954017,0.447,0.334,4.59375206987846e-58,"GRCh38-DVL1","DVL1","10"
6.40236332190141e-63,0.324305600487743,0.376,0.257,4.62903672900115e-58,"GRCh38-MDM1","MDM1","10"
6.93783668434195e-63,0.668302155047982,0.719,0.701,5.01619467951291e-58,"GRCh38-AGO2","AGO2","10"
7.25006317537944e-63,0.607987123863521,0.3,0.186,5.24194067706285e-58,"GRCh38-ADAMTS3","ADAMTS3","10"
7.53464322800627e-63,0.604232824347149,0.772,0.771,5.44769774671309e-58,"GRCh38-TMEM183A","TMEM183A","10"
7.62109959643695e-63,0.673259135535101,0.834,0.896,5.51020743021584e-58,"GRCh38-MRPS35","MRPS35","10"
7.70182914279005e-63,0.951112483413334,0.784,0.838,5.56857650682006e-58,"GRCh38-GOLIM4","GOLIM4","10"
8.01315230230177e-63,0.368751872740507,0.372,0.249,5.79366937761023e-58,"GRCh38-TUBA1B-AS1","TUBA1B-AS1","10"
8.20135591167104e-63,0.608791220359286,0.752,0.757,5.92974435125639e-58,"GRCh38-FAM210A","FAM210A","10"
8.36898651179079e-63,0.725171742826316,0.885,0.947,6.05094462775498e-58,"GRCh38-AP2M1","AP2M1","10"
8.69778026619586e-63,0.913488874022275,0.919,0.971,6.28866908806493e-58,"GRCh38-UQCRQ","UQCRQ","10"
8.92267529252752e-63,0.538143552245433,0.719,0.698,6.45127269000325e-58,"GRCh38-CCM2","CCM2","10"
9.48480721424699e-63,0.983474556813764,0.995,0.992,6.85770531204486e-58,"GRCh38-NPM1","NPM1","10"
9.50281577429636e-63,0.418591772053061,0.54,0.425,6.87072586113176e-58,"GRCh38-TTC26","TTC26","10"
9.75801819454614e-63,0.409850270537202,0.478,0.365,7.05524231502075e-58,"GRCh38-FBXO30","FBXO30","10"
1.12467660168396e-62,0.717456992943071,0.856,0.925,8.13163676549535e-58,"GRCh38-UQCRFS1","UQCRFS1","10"
1.13921988415778e-62,0.56289416813821,0.864,0.921,8.23678760643756e-58,"GRCh38-NARS1","NARS1","10"
1.1430723370674e-62,-0.277067270693668,0.524,0.689,8.26464161146474e-58,"GRCh38-MAP4K3-DT","MAP4K3-DT","10"
1.22825054848671e-62,0.365063721637669,0.384,0.268,8.8804971156686e-58,"GRCh38-AARS2","AARS2","10"
1.47072123675372e-62,0.547872902788884,0.605,0.525,1.06336086859768e-57,"GRCh38-EGFLAM","EGFLAM","10"
1.47400617148365e-62,0.724019529849863,0.711,0.729,1.06573594210611e-57,"GRCh38-NFATC2IP","NFATC2IP","10"
1.54331279778066e-62,0.643074302919268,0.707,0.687,1.11584601905138e-57,"GRCh38-TMED5","TMED5","10"
1.54735899072856e-62,0.576517822819867,0.543,0.45,1.11877149747656e-57,"GRCh38-JMJD6","JMJD6","10"
1.54832190475149e-62,0.389975008361505,0.382,0.255,1.11946770357342e-57,"GRCh38-GK","GK","10"
1.94232171334854e-62,0.461998663921787,0.509,0.408,1.40433744518526e-57,"GRCh38-ZUP1","ZUP1","10"
1.94732159272768e-62,0.495180174490886,0.54,0.456,1.40795245797396e-57,"GRCh38-CENPT","CENPT","10"
2.16423778383913e-62,0.725688880435418,0.648,0.612,1.56478720247137e-57,"GRCh38-SRPRB","SRPRB","10"
2.17053620068842e-62,0.560779736876097,0.496,0.397,1.56934108382174e-57,"GRCh38-LRRC8A","LRRC8A","10"
2.28106923754766e-62,0.708470014121155,0.824,0.853,1.64925868013171e-57,"GRCh38-ECHDC1","ECHDC1","10"
2.32638598586253e-62,0.585140938442837,0.75,0.752,1.68202359549833e-57,"GRCh38-PLRG1","PLRG1","10"
2.45108204495632e-62,0.853130235822011,0.675,0.628,1.77218134014432e-57,"GRCh38-PDLIM7","PDLIM7","10"
2.55174918070967e-62,0.404739950056211,0.439,0.307,1.8449656926367e-57,"GRCh38-MMP14","MMP14","10"
2.59707455869726e-62,0.969580539844582,0.786,0.821,1.87773684742929e-57,"GRCh38-DDX10","DDX10","10"
2.71880796526202e-62,0.436453681153745,0.47,0.359,1.96575253504375e-57,"GRCh38-WDR4","WDR4","10"
2.73895957911197e-62,0.714797164866126,0.857,0.888,1.98032255488954e-57,"GRCh38-ARCN1","ARCN1","10"
2.75311248797882e-62,0.382869488931645,0.455,0.341,1.99055539105844e-57,"GRCh38-SP2","SP2","10"
2.78018580544495e-62,0.599522423126729,0.823,0.845,2.0101299410528e-57,"GRCh38-CMPK1","CMPK1","10"
3.02801976785398e-62,0.750665889816182,0.702,0.694,2.18931885255379e-57,"GRCh38-TMEM14A","TMEM14A","10"
3.1610754289891e-62,0.379342126844775,0.312,0.185,2.2855207566677e-57,"GRCh38-SAA2","SAA2","10"
3.39229844987077e-62,-0.282552986079907,0.426,0.596,2.45269962522557e-57,"GRCh38-CLIC2","CLIC2","10"
3.47241143635796e-62,0.758542425894172,0.672,0.651,2.51062291671553e-57,"GRCh38-SLC52A2","SLC52A2","10"
3.59508247466078e-62,0.665605456037744,0.731,0.742,2.59931653082924e-57,"GRCh38-PMF1","PMF1","10"
3.80675203925511e-62,0.723432957035736,0.765,0.789,2.75235785942223e-57,"GRCh38-NOC3L","NOC3L","10"
3.88263375845802e-62,0.496177139787081,0.524,0.427,2.80722186004032e-57,"GRCh38-ANKRD39","ANKRD39","10"
3.9152490515522e-62,-0.312348959132892,0.41,0.571,2.83080336925327e-57,"GRCh38-ENSG00000285407","ENSG00000285407","10"
4.93063288669525e-62,0.358763529372614,0.124,0.052,3.5649461897384e-57,"GRCh38-ENSG00000286581","ENSG00000286581","10"
5.08580171842721e-62,0.538735242136545,0.598,0.52,3.67713635845724e-57,"GRCh38-ZDHHC20","ZDHHC20","10"
5.21626025108933e-62,0.60653205811733,0.845,0.908,3.77146048674261e-57,"GRCh38-CFAP97","CFAP97","10"
5.40518274722822e-62,0.56044836487792,0.709,0.683,3.90805522990095e-57,"GRCh38-PIR","PIR","10"
5.67037069702333e-62,0.503887188880113,0.605,0.523,4.09979142136181e-57,"GRCh38-MSTO1","MSTO1","10"
6.07942569175698e-62,0.583024399948414,0.602,0.534,4.39554636365413e-57,"GRCh38-EIF2B1","EIF2B1","10"
6.1187970691686e-62,1.11021739821124,0.275,0.166,4.42401265695028e-57,"GRCh38-ENSG00000271860","ENSG00000271860","10"
6.51153312880518e-62,0.510072706769225,0.456,0.336,4.70796868278872e-57,"GRCh38-DIPK2A","DIPK2A","10"
6.52202764168614e-62,1.01784253378804,0.894,0.949,4.71555642549191e-57,"GRCh38-NDUFAB1","NDUFAB1","10"
6.96376337922443e-62,1.0034595007851,0.396,0.278,5.03494019844685e-57,"GRCh38-EREG","EREG","10"
7.05474703799819e-62,0.353983890733471,0.478,0.362,5.10072320341345e-57,"GRCh38-DUS4L","DUS4L","10"
7.77196782965043e-62,0.795838523064336,0.876,0.981,5.61928818019386e-57,"GRCh38-MT-ND1","MT-ND1","10"
7.79608034766644e-62,0.677005965821495,0.819,0.851,5.63672201296979e-57,"GRCh38-SCOC","SCOC","10"
8.6004821919792e-62,0.683997931966307,0.855,0.941,6.2183206344448e-57,"GRCh38-YME1L1","YME1L1","10"
8.83782392613706e-62,0.705700385465808,0.775,0.793,6.38992345507562e-57,"GRCh38-RAB22A","RAB22A","10"
8.91372559128934e-62,0.561961075873561,0.783,0.818,6.44480187701402e-57,"GRCh38-BOD1","BOD1","10"
8.98954488745151e-62,0.778041972132321,0.795,0.822,6.49962074452519e-57,"GRCh38-TRAP1","TRAP1","10"
9.38674816080672e-62,0.652840529182666,0.629,0.584,6.78680665522648e-57,"GRCh38-FOXRED1","FOXRED1","10"
9.44456411462918e-62,0.328132961658301,0.147,0.067,6.82860874615919e-57,"GRCh38-HCLS1","HCLS1","10"
9.73202906510376e-62,0.637364055520597,0.66,0.634,7.03645165465132e-57,"GRCh38-SS18L2","SS18L2","10"
9.95054295008591e-62,0.337815976083933,0.196,0.102,7.19444156377111e-57,"GRCh38-LINC02541","LINC02541","10"
1.04428207531378e-61,0.269077212456938,0.161,0.076,7.55036826093367e-57,"GRCh38-FAM184A","FAM184A","10"
1.10903633422751e-61,0.692300652821027,0.821,0.863,8.01855450373175e-57,"GRCh38-PFDN1","PFDN1","10"
1.1493140765628e-61,-0.300991210195912,0.071,0.188,8.30977063636435e-57,"GRCh38-ADGRB3-DT","ADGRB3-DT","10"
1.31979342116964e-61,0.681664652927376,0.73,0.761,9.54237039374077e-57,"GRCh38-APH1A","APH1A","10"
1.43733661134321e-61,0.552254180643483,0.783,0.806,1.03922311673337e-56,"GRCh38-CAND1","CAND1","10"
1.46945499825915e-61,0.629483543277311,0.409,0.297,1.06244535284133e-56,"GRCh38-IGF2BP3","IGF2BP3","10"
1.47527391679292e-61,0.661362017889282,0.678,0.638,1.06665254731962e-56,"GRCh38-RIOK1","RIOK1","10"
1.48621115161205e-61,-0.304050116474536,0.121,0.253,1.07456038683855e-56,"GRCh38-ENSG00000289368","ENSG00000289368","10"
1.66015438148922e-61,0.478254809125615,0.514,0.408,1.20032482090434e-56,"GRCh38-SRRD","SRRD","10"
1.78344914798047e-61,0.671485793853148,0.66,0.626,1.28946940297284e-56,"GRCh38-TBRG4","TBRG4","10"
2.01666768704139e-61,0.782252698568712,0.799,0.834,1.45809107108467e-56,"GRCh38-PFDN6","PFDN6","10"
2.12635611028739e-61,0.660809516825308,0.732,0.757,1.53739799485999e-56,"GRCh38-CDK11B","CDK11B","10"
2.31142798468186e-61,0.716568973321156,0.701,0.709,1.67120866148468e-56,"GRCh38-SCML1","SCML1","10"
2.32451924634725e-61,0.688810995598577,0.89,0.962,1.68067390549399e-56,"GRCh38-ATP5MJ","ATP5MJ","10"
2.35031722408244e-61,0.726483881574691,0.898,0.977,1.69932635935609e-56,"GRCh38-FLNA","FLNA","10"
2.36975274618965e-61,0.710689027851556,0.741,0.754,1.71337863055004e-56,"GRCh38-SAFB2","SAFB2","10"
2.43537296682433e-61,0.405918626984785,0.435,0.322,1.76082336247333e-56,"GRCh38-IGHMBP2","IGHMBP2","10"
2.54496822653812e-61,0.569670187539519,0.635,0.581,1.84006292715159e-56,"GRCh38-MTOR","MTOR","10"
2.59877810955252e-61,0.65786221958555,0.668,0.638,1.87896854876866e-56,"GRCh38-SMG1P5","SMG1P5","10"
2.63428188294576e-61,0.694521768024363,0.706,0.685,1.90463848700744e-56,"GRCh38-MSH6","MSH6","10"
2.65833639878989e-61,0.66948648060656,0.854,0.936,1.92203038305307e-56,"GRCh38-RFC1","RFC1","10"
2.66136708131941e-61,0.549564847472282,0.482,0.384,1.92422162713556e-56,"GRCh38-CTU2","CTU2","10"
2.92698326861415e-61,0.264022071446951,0.141,0.062,2.1162674428734e-56,"GRCh38-SP140","SP140","10"
3.18177209648258e-61,0.417092457042665,0.704,0.649,2.30048486119883e-56,"GRCh38-ERO1A","ERO1A","10"
3.2880883856108e-61,0.419215947098443,0.458,0.348,2.37735366456432e-56,"GRCh38-ZNF35","ZNF35","10"
3.49199613008506e-61,0.81720340031819,0.835,0.914,2.5247830419741e-56,"GRCh38-MLEC","MLEC","10"
3.49397400700999e-61,0.514679124851189,0.683,0.638,2.52621308654837e-56,"GRCh38-SETD3","SETD3","10"
3.5454663254739e-61,0.391072066917498,0.162,0.077,2.56344306264414e-56,"GRCh38-PPP1R14C","PPP1R14C","10"
3.69801555293382e-61,-0.403409192775044,0.08,0.197,2.67373920508221e-56,"GRCh38-CBLN2","CBLN2","10"
3.72560407421061e-61,0.291781894009739,0.322,0.208,2.69368625773575e-56,"GRCh38-TRIM41","TRIM41","10"
3.78669558388833e-61,0.33535312022289,0.386,0.272,2.73785664106294e-56,"GRCh38-WDR53","WDR53","10"
4.38129257762581e-61,0.819681502796358,0.845,0.907,3.16776215947502e-56,"GRCh38-MRPS15","MRPS15","10"
4.95921557953894e-61,-0.259907548917116,0.378,0.542,3.58561204831824e-56,"GRCh38-GARNL3","GARNL3","10"
5.00887275869474e-61,0.335240982810314,0.216,0.118,3.62151518199147e-56,"GRCh38-ENSG00000287774","ENSG00000287774","10"
5.51486080376319e-61,0.275454431355431,0.331,0.214,3.98735465833686e-56,"GRCh38-BRPF1","BRPF1","10"
5.57550534919397e-61,0.817179218840394,0.818,0.852,4.03120187757422e-56,"GRCh38-GLUD1","GLUD1","10"
5.93280546106524e-61,0.656169468898933,0.755,0.793,4.28953700445939e-56,"GRCh38-MANBAL","MANBAL","10"
6.23001332996197e-61,0.387971673568389,0.275,0.165,4.5044242378291e-56,"GRCh38-EPHB6","EPHB6","10"
6.60364328249842e-61,0.900537347038906,0.749,0.706,4.77456616611201e-56,"GRCh38-ISG15","ISG15","10"
7.02943065691403e-61,0.355050069982901,0.39,0.274,5.08241895356198e-56,"GRCh38-ZKSCAN5","ZKSCAN5","10"
7.42430063117076e-61,0.624817990742335,0.769,0.781,5.36791784234908e-56,"GRCh38-MAPK1IP1L","MAPK1IP1L","10"
7.44866739194438e-61,-0.427672377144375,0.163,0.296,5.38553549772363e-56,"GRCh38-LGR6","LGR6","10"
8.10445513286137e-61,0.383458204110291,0.374,0.261,5.85968315016143e-56,"GRCh38-POLRMT","POLRMT","10"
8.33802559249781e-61,0.539393213706909,0.621,0.558,6.02855926388776e-56,"GRCh38-DNAJC25","DNAJC25","10"
9.18280272737193e-61,0.415545187619647,0.515,0.408,6.63935002794445e-56,"GRCh38-ZBED4","ZBED4","10"
9.35336775376359e-61,-0.474508362829435,0.168,0.307,6.76267195332615e-56,"GRCh38-ENSG00000286639","ENSG00000286639","10"
9.72519559847923e-61,0.270260151034441,0.261,0.154,7.03151092161245e-56,"GRCh38-FGFRL1","FGFRL1","10"
1.02491417197086e-60,0.388076501948456,0.436,0.325,7.4103344461837e-56,"GRCh38-B4GALT3","B4GALT3","10"
1.24697680241654e-60,0.623386289149526,0.661,0.625,9.01589167683203e-56,"GRCh38-TRIAP1","TRIAP1","10"
1.31368473707454e-60,0.682716238123953,0.617,0.569,9.49820338599636e-56,"GRCh38-UQCC4","UQCC4","10"
1.55355056582271e-60,0.708422969153536,0.6,0.522,1.12324813010113e-55,"GRCh38-CDC42EP4","CDC42EP4","10"
1.6028109584745e-60,0.583941196750347,0.668,0.633,1.15886437919623e-55,"GRCh38-RBM10","RBM10","10"
1.60382755971818e-60,0.4990088904867,0.645,0.576,1.15959940222744e-55,"GRCh38-IDH3A","IDH3A","10"
1.67187146548411e-60,0.967911340360787,0.908,0.987,1.20879650697432e-55,"GRCh38-MT-ATP6","MT-ATP6","10"
1.76580760655092e-60,0.516943702901372,0.617,0.559,1.27671421568845e-55,"GRCh38-TRMU","TRMU","10"
1.78041781759185e-60,0.510646094445319,0.599,0.52,1.28727769047526e-55,"GRCh38-SEH1L","SEH1L","10"
1.81018439181131e-60,0.509396029445434,0.343,0.235,1.30879951896741e-55,"GRCh38-ZNF440","ZNF440","10"
1.88111742520307e-60,-0.258482795851836,0.362,0.529,1.36008552077033e-55,"GRCh38-ANKRD17-DT","ANKRD17-DT","10"
1.90211304980507e-60,0.742437881536153,0.816,0.915,1.37526577727006e-55,"GRCh38-RTN3","RTN3","10"
1.94580487322036e-60,0.633793135245578,0.765,0.765,1.40685583943579e-55,"GRCh38-VTA1","VTA1","10"
2.29361630435525e-60,0.687475154418853,0.757,0.775,1.65833046037493e-55,"GRCh38-NBN","NBN","10"
2.30373171843575e-60,0.596351190989916,0.719,0.735,1.66564410706342e-55,"GRCh38-CREB3L2","CREB3L2","10"
2.426170613707e-60,0.478986586372348,0.497,0.397,1.75416987712243e-55,"GRCh38-ENTPD6","ENTPD6","10"
2.47284350892737e-60,0.40165294155868,0.439,0.325,1.78791531382467e-55,"GRCh38-TMEM38B","TMEM38B","10"
2.4975160505119e-60,0.488746956851079,0.259,0.149,1.80575405484112e-55,"GRCh38-ENSG00000250421","ENSG00000250421","10"
2.51452005051435e-60,0.858503715790364,0.816,0.852,1.81804828692289e-55,"GRCh38-CDC25B","CDC25B","10"
2.824744151209e-60,0.705993625416892,0.805,0.871,2.04234651620713e-55,"GRCh38-BAX","BAX","10"
2.92841637903867e-60,0.50265083653289,0.517,0.412,2.11730361037254e-55,"GRCh38-USP38","USP38","10"
2.93653797498045e-60,0.383629970733024,0.197,0.104,2.12317568667036e-55,"GRCh38-LINC01828","LINC01828","10"
3.00626674544746e-60,0.649098891010082,0.786,0.828,2.17359098229342e-55,"GRCh38-OTULIN","OTULIN","10"
3.07001595700308e-60,0.291398118670495,0.153,0.071,2.21968293723237e-55,"GRCh38-GPR156","GPR156","10"
3.07127149087403e-60,0.508571939569554,0.58,0.494,2.22059071333174e-55,"GRCh38-NDUFAF5","NDUFAF5","10"
3.20513511342384e-60,0.38334523169692,0.425,0.311,2.31737678970771e-55,"GRCh38-NAA40","NAA40","10"
3.59266942316978e-60,0.777318426956809,0.88,0.95,2.59757184634021e-55,"GRCh38-GNL3","GNL3","10"
3.62207233840629e-60,0.473470777032021,0.606,0.536,2.61883074211452e-55,"GRCh38-DCAF16","DCAF16","10"
3.82612615416147e-60,1.09259096525579,0.638,0.605,2.76636573198183e-55,"GRCh38-PHGDH","PHGDH","10"
3.92697874636315e-60,0.514205727470835,0.589,0.501,2.83928417319548e-55,"GRCh38-RPL23AP7","RPL23AP7","10"
4.00181021942997e-60,0.43663617430592,0.236,0.135,2.89338882485225e-55,"GRCh38-CD274","CD274","10"
4.21455424213707e-60,0.28950361045513,0.114,0.047,3.04720700814994e-55,"GRCh38-IDO2","IDO2","10"
4.23076215969208e-60,0.4497671873699,0.561,0.476,3.05892565670056e-55,"GRCh38-DCLRE1C","DCLRE1C","10"
4.2496479833701e-60,0.417560870144504,0.484,0.377,3.07258048493625e-55,"GRCh38-LRRC57","LRRC57","10"
4.26362062211166e-60,0.296469472445823,0.324,0.208,3.08268298219917e-55,"GRCh38-FAM174B","FAM174B","10"
4.37039195598198e-60,0.326019648825644,0.302,0.193,3.15988079201409e-55,"GRCh38-PIDD1","PIDD1","10"
4.56322772240672e-60,0.609625125884128,0.772,0.855,3.2993049078545e-55,"GRCh38-UPF3B","UPF3B","10"
4.59924473364179e-60,0.644637823007889,0.674,0.64,3.32534592731768e-55,"GRCh38-PEF1","PEF1","10"
4.74074191369382e-60,0.656458871644434,0.864,0.926,3.42765121843891e-55,"GRCh38-ANAPC5","ANAPC5","10"
4.95034697855834e-60,-0.270968563362816,0.114,0.242,3.57919987243725e-55,"GRCh38-KCNB1","KCNB1","10"
5.00001778184936e-60,0.663983390807508,0.6,0.523,3.61511285663273e-55,"GRCh38-USB1","USB1","10"
5.26482281081675e-60,-0.311705910954395,0.215,0.363,3.80657218867672e-55,"GRCh38-PIK3IP1","PIK3IP1","10"
5.52314334810529e-60,0.690174970663138,0.713,0.696,3.99334310354709e-55,"GRCh38-AKIRIN2","AKIRIN2","10"
6.02382263958215e-60,0.538742800045161,0.68,0.651,4.35534424487069e-55,"GRCh38-MDFIC","MDFIC","10"
6.34316683003535e-60,0.858180781510298,0.837,0.887,4.58623648145216e-55,"GRCh38-MRPL4","MRPL4","10"
7.13703930941486e-60,0.828429269373253,0.794,0.902,5.16022216149313e-55,"GRCh38-TECR","TECR","10"
7.18205444815387e-60,0.668845146353455,0.889,0.952,5.19276900710421e-55,"GRCh38-THOC7","THOC7","10"
7.27617885358443e-60,0.714071327184103,0.782,0.8,5.26082283471862e-55,"GRCh38-FAR1","FAR1","10"
7.43506362836601e-60,0.571644802149107,0.635,0.577,5.37569970458119e-55,"GRCh38-DHX16","DHX16","10"
7.6155176415605e-60,1.4372373301412,0.291,0.18,5.50617156520107e-55,"GRCh38-CTAG2","CTAG2","10"
7.9541364552861e-60,0.447939408048471,0.663,0.623,5.75099973990096e-55,"GRCh38-IDH2","IDH2","10"
1.03760769081151e-59,0.552301241950738,0.683,0.653,7.5021111261054e-55,"GRCh38-TMEM248","TMEM248","10"
1.07710476856687e-59,-0.299039889034191,0.277,0.422,7.78768289769218e-55,"GRCh38-MIR193BHG","MIR193BHG","10"
1.12374558789538e-59,0.787471011465562,0.824,0.887,8.12490534960114e-55,"GRCh38-MTCH1","MTCH1","10"
1.13390127239652e-59,0.646106584271506,0.665,0.641,8.19833297968129e-55,"GRCh38-GEMIN6","GEMIN6","10"
1.13987002375736e-59,0.659372422385367,0.659,0.62,8.24148824577044e-55,"GRCh38-ANAPC10","ANAPC10","10"
1.16722785414097e-59,-0.283243089218924,0.099,0.223,8.43929083101004e-55,"GRCh38-NEB","NEB","10"
1.26590804085813e-59,0.733795054256918,0.742,0.781,9.15276831701246e-55,"GRCh38-SCAMP3","SCAMP3","10"
1.48059669745148e-59,0.534241079776546,0.647,0.597,1.07050102419137e-54,"GRCh38-IMPA1","IMPA1","10"
1.52604840444782e-59,0.28721899958287,0.313,0.202,1.10336351738386e-54,"GRCh38-FASTKD5","FASTKD5","10"
1.62584377022837e-59,0.733249296735497,0.861,0.934,1.17551756275052e-54,"GRCh38-POLR2E","POLR2E","10"
1.62940766873482e-59,0.56009529809245,0.705,0.673,1.17809433264865e-54,"GRCh38-BAG2","BAG2","10"
1.65405937189116e-59,0.774850564443492,0.897,0.971,1.19591800706475e-54,"GRCh38-TOP1","TOP1","10"
1.79017395177641e-59,0.705294821937098,0.742,0.762,1.29433157061338e-54,"GRCh38-MRPL32","MRPL32","10"
1.92309663546667e-59,0.632142634972143,0.746,0.76,1.39043732937511e-54,"GRCh38-PRRC2A","PRRC2A","10"
2.1037713841467e-59,0.579049415092626,0.726,0.706,1.52106878616574e-54,"GRCh38-RNF6","RNF6","10"
2.18195636303231e-59,0.705209719911868,0.815,0.889,1.57759808959962e-54,"GRCh38-PBRM1","PBRM1","10"
2.28532716148821e-59,0.317534871910658,0.346,0.23,1.6523372442992e-54,"GRCh38-TRIM69","TRIM69","10"
2.49994276426024e-59,0.358134769379064,0.363,0.237,1.80750861741544e-54,"GRCh38-LAMA4","LAMA4","10"
2.60115632735267e-59,0.325748872668296,0.238,0.135,1.88068804780253e-54,"GRCh38-CRISPLD1","CRISPLD1","10"
2.68308134410098e-59,0.372107766717306,0.174,0.088,1.93992147341189e-54,"GRCh38-FOXG1-AS1","FOXG1-AS1","10"
2.78658350412302e-59,0.526472141019189,0.54,0.446,2.01475560515103e-54,"GRCh38-B4GALT7","B4GALT7","10"
3.02247431735613e-59,0.628910059733523,0.801,0.845,2.18530938093483e-54,"GRCh38-EIF1B","EIF1B","10"
3.29881454214136e-59,0.315554587187657,0.352,0.237,2.38510889025905e-54,"GRCh38-DBR1","DBR1","10"
3.66156155541849e-59,0.323766404033161,0.216,0.12,2.64738223579867e-54,"GRCh38-ENSG00000290122","ENSG00000290122","10"
3.69440642726007e-59,0.462468924805796,0.59,0.503,2.67112973503758e-54,"GRCh38-DNAJA3","DNAJA3","10"
4.40341497640942e-59,0.694703508830135,0.753,0.776,3.18375709624354e-54,"GRCh38-TSR2","TSR2","10"
4.41742293663364e-59,0.350817676071015,0.353,0.237,3.19388513164486e-54,"GRCh38-NT5DC3","NT5DC3","10"
4.47638472701071e-59,0.692799076775384,0.679,0.658,3.23651568532328e-54,"GRCh38-MARK2","MARK2","10"
4.63466155394906e-59,0.499500725814102,0.676,0.617,3.35095299673625e-54,"GRCh38-BTBD1","BTBD1","10"
4.65639291062863e-59,0.82847929771498,0.867,0.941,3.36666520224271e-54,"GRCh38-LARP1","LARP1","10"
4.90717408938797e-59,1.04339758783902,0.802,0.802,3.54798501010929e-54,"GRCh38-H1-0","H1-0","10"
4.96616991975336e-59,0.63251934032232,0.715,0.701,3.59064017538008e-54,"GRCh38-VOPP1","VOPP1","10"
5.65346155484769e-59,0.336911691946414,0.204,0.107,4.08756577338597e-54,"GRCh38-ACER2","ACER2","10"
5.66900127823082e-59,0.681791712391682,0.819,0.881,4.09880130418644e-54,"GRCh38-TIPRL","TIPRL","10"
5.68751017006022e-59,0.644683179680757,0.797,0.833,4.11218360315694e-54,"GRCh38-AGFG1","AGFG1","10"
6.61018128457056e-59,0.406184475391706,0.381,0.265,4.77929327237021e-54,"GRCh38-SIRPA","SIRPA","10"
6.65188170951671e-59,0.733814857243098,0.828,0.908,4.80944351361477e-54,"GRCh38-DCTN3","DCTN3","10"
6.94524665538619e-59,0.283170529472216,0.336,0.221,5.02155223677732e-54,"GRCh38-TESMIN","TESMIN","10"
6.97230636233162e-59,0.956234966648028,0.91,0.948,5.04111694609301e-54,"GRCh38-MSN","MSN","10"
7.30669642121062e-59,0.859143909109254,0.892,0.959,5.2828876464637e-54,"GRCh38-HSBP1","HSBP1","10"
7.35898629244845e-59,0.854389080262642,0.884,0.982,5.32069426916608e-54,"GRCh38-MT-ND2","MT-ND2","10"
7.73199454862646e-59,0.76794976967819,0.837,0.889,5.59038669854791e-54,"GRCh38-SNRNP70","SNRNP70","10"
8.52788173454933e-59,0.594451915254057,0.684,0.657,6.16582905171385e-54,"GRCh38-PRPF38A","PRPF38A","10"
9.70569597924861e-59,0.843520539109913,0.809,0.896,7.01741230691633e-54,"GRCh38-PDS5B","PDS5B","10"
9.88139719940953e-59,0.317367390283112,0.389,0.274,7.14444780311708e-54,"GRCh38-PRMT6","PRMT6","10"
1.05109593140397e-58,-0.322884897127567,0.124,0.255,7.59963380323695e-54,"GRCh38-ENSG00000226022","ENSG00000226022","10"
1.12245122047858e-58,0.738199955458882,0.751,0.751,8.11554681430424e-54,"GRCh38-MRPL1","MRPL1","10"
1.19225645487428e-58,0.398829615962396,0.475,0.368,8.62025262003205e-54,"GRCh38-DHTKD1","DHTKD1","10"
1.27305205359235e-58,0.699704469449465,0.609,0.547,9.20442095788341e-54,"GRCh38-LETM1","LETM1","10"
1.28908521592784e-58,0.599524613990169,0.978,0.988,9.32034392820145e-54,"GRCh38-RPS17","RPS17","10"
1.36932902156984e-58,0.508680818362112,0.569,0.485,9.90052269175428e-54,"GRCh38-CNP","CNP","10"
1.37098075122426e-58,0.819747925044108,0.437,0.324,9.91246502750166e-54,"GRCh38-NAV3","NAV3","10"
1.37803405450777e-58,-0.254766738862028,0.478,0.626,9.96346182090211e-54,"GRCh38-SOCS5","SOCS5","10"
1.39582121425116e-58,0.804007905347771,0.797,0.844,1.00920665432787e-53,"GRCh38-EMC6","EMC6","10"
1.70923163373898e-58,0.57860426315979,0.764,0.806,1.23580865582596e-53,"GRCh38-SUN1","SUN1","10"
1.72238066457263e-58,0.734348307691428,0.872,0.979,1.24531566809931e-53,"GRCh38-RTN4","RTN4","10"
1.73282458002306e-58,0.713674506187737,0.654,0.621,1.25286682784827e-53,"GRCh38-RTTN","RTTN","10"
1.85382321272296e-58,0.700836369686916,0.794,0.82,1.34035125926295e-53,"GRCh38-OPA1","OPA1","10"
2.04010069470656e-58,0.602852944892927,0.757,0.768,1.47503360428674e-53,"GRCh38-CTNNBL1","CTNNBL1","10"
2.10607401918535e-58,0.255065060024061,0.264,0.16,1.52273363735139e-53,"GRCh38-ENSG00000290872","ENSG00000290872","10"
2.12504812032785e-58,0.627257024440659,0.634,0.577,1.53645229195945e-53,"GRCh38-C1GALT1","C1GALT1","10"
2.49877066885959e-58,0.304320053862423,0.32,0.205,1.80666116899886e-53,"GRCh38-CDS1","CDS1","10"
2.53247304919762e-58,0.90163116695419,0.716,0.698,1.83102866403086e-53,"GRCh38-CD9","CD9","10"
2.57812781759909e-58,0.382558868245105,0.438,0.329,1.86403797468049e-53,"GRCh38-TMEM185B","TMEM185B","10"
3.17037344067953e-58,-0.254253381222701,0.467,0.628,2.29224340508011e-53,"GRCh38-RAB30","RAB30","10"
3.60364766165564e-58,0.571662283674574,0.785,0.868,2.60550933233026e-53,"GRCh38-FAM133B","FAM133B","10"
3.65580689281668e-58,0.301367638539219,0.404,0.281,2.64322149964431e-53,"GRCh38-SRD5A3","SRD5A3","10"
3.73889734981888e-58,0.321335720667686,0.155,0.074,2.70329756186604e-53,"GRCh38-NID1","NID1","10"
3.79618467496951e-58,0.368043273972394,0.452,0.337,2.74471744369645e-53,"GRCh38-RNASEH1-DT","RNASEH1-DT","10"
4.17656094453171e-58,-0.422156832799572,0.25,0.39,3.01973709411532e-53,"GRCh38-CACNB2","CACNB2","10"
4.26965760246e-58,0.649166116312787,0.303,0.193,3.08704783973063e-53,"GRCh38-ENSG00000258077","ENSG00000258077","10"
4.68595381206973e-58,0.645243594176548,0.754,0.774,3.38803832520266e-53,"GRCh38-RAE1","RAE1","10"
4.74385951328079e-58,0.353339403687076,0.387,0.276,3.42990530529228e-53,"GRCh38-LAMTOR5-AS1","LAMTOR5-AS1","10"
4.82659871368005e-58,0.477855006615518,0.331,0.218,3.48972740196495e-53,"GRCh38-HDAC9","HDAC9","10"
5.28180046764089e-58,0.67776170682557,0.759,0.742,3.81884737411371e-53,"GRCh38-SNX7","SNX7","10"
5.89214774765964e-58,0.292098764437038,0.168,0.083,4.26014066451287e-53,"GRCh38-GPR68","GPR68","10"
6.22361296140593e-58,0.756510475649196,0.82,0.885,4.49979664335571e-53,"GRCh38-UBA6","UBA6","10"
6.92704163599163e-58,0.735376153614139,0.803,0.857,5.00838964365467e-53,"GRCh38-CISD3","CISD3","10"
7.12506958257728e-58,1.01716080397476,0.742,0.694,5.15156780959502e-53,"GRCh38-MICAL2","MICAL2","10"
7.29150653551103e-58,0.534453675784085,0.819,0.887,5.27190505530518e-53,"GRCh38-AHCYL1","AHCYL1","10"
7.46303039950664e-58,0.538000278900768,0.692,0.652,5.39592023945129e-53,"GRCh38-GFUS","GFUS","10"
7.91138727850241e-58,0.334380900116642,0.396,0.283,5.72009123010281e-53,"GRCh38-PLAGL2","PLAGL2","10"
8.43198394440653e-58,0.285075314625957,0.149,0.07,6.09649303148481e-53,"GRCh38-AMTN","AMTN","10"
8.56911407027584e-58,0.649801972982202,0.751,0.769,6.19564085509084e-53,"GRCh38-PRPF31","PRPF31","10"
9.26836561899504e-58,0.685698396657576,0.774,0.813,6.70121370984579e-53,"GRCh38-NDUFA9","NDUFA9","10"
9.28607831621762e-58,0.286017040548233,0.402,0.283,6.71402034419167e-53,"GRCh38-CSTF2T","CSTF2T","10"
9.91046726953678e-58,0.442596893790791,0.281,0.173,7.16546604522048e-53,"GRCh38-PODXL","PODXL","10"
9.96314976967418e-58,0.73034236330196,0.914,0.974,7.20355654646983e-53,"GRCh38-COX6C","COX6C","10"
1.06576358040748e-57,0.999770616934357,0.965,0.987,7.70568383906215e-53,"GRCh38-H3-3B","H3-3B","10"
1.11245232519891e-57,0.64683344508835,0.886,0.956,8.04325280165314e-53,"GRCh38-TNPO1","TNPO1","10"
1.22002070158149e-57,0.617540587682182,0.8,0.841,8.82099367657448e-53,"GRCh38-SMU1","SMU1","10"
1.23214454148357e-57,0.595165934376085,0.536,0.441,8.90865146383454e-53,"GRCh38-EEIG2","EEIG2","10"
1.32704715859311e-57,0.773434067012482,0.807,0.881,9.59481636605991e-53,"GRCh38-POLE4","POLE4","10"
1.3291502764691e-57,0.569235735446467,0.673,0.65,9.61002232892689e-53,"GRCh38-EEFSEC","EEFSEC","10"
1.42559971711852e-57,0.648924693597703,0.812,0.842,1.03073710747103e-52,"GRCh38-ADAR","ADAR","10"
1.4362672555893e-57,0.776532511785312,0.815,0.878,1.03844995113617e-52,"GRCh38-CLPP","CLPP","10"
1.4927092570891e-57,-0.27587110732938,0.545,0.704,1.07925864706056e-52,"GRCh38-TWIST1","TWIST1","10"
1.53993334340004e-57,0.726733710129803,0.764,0.83,1.11340260594509e-52,"GRCh38-GANAB","GANAB","10"
1.67584262146479e-57,0.730356840870571,0.693,0.67,1.21166773217147e-52,"GRCh38-NAT10","NAT10","10"
1.73622698015205e-57,0.444787158772282,0.599,0.537,1.25532683118953e-52,"GRCh38-TMEM60","TMEM60","10"
1.85328751176812e-57,0.746931848850963,0.718,0.729,1.33996393675859e-52,"GRCh38-SLC39A6","SLC39A6","10"
1.96464673062825e-57,0.369953457033717,0.393,0.282,1.42047887917884e-52,"GRCh38-CHROMR","CHROMR","10"
1.99438141760005e-57,0.591454838645572,0.535,0.448,1.44197765255319e-52,"GRCh38-PARP12","PARP12","10"
2.03569886967677e-57,0.701453322507897,0.799,0.832,1.47185099675369e-52,"GRCh38-ADSL","ADSL","10"
2.27874830900929e-57,0.423111419068007,0.529,0.435,1.6475806023799e-52,"GRCh38-GABPA","GABPA","10"
2.3849844645484e-57,0.499488265989765,0.601,0.529,1.72439146755779e-52,"GRCh38-SGTB","SGTB","10"
2.48646273064791e-57,-0.323556758871516,0.119,0.246,1.79776228351305e-52,"GRCh38-LINC01340","LINC01340","10"
2.69666035522955e-57,0.691520560988451,0.843,0.975,1.94973937003807e-52,"GRCh38-MT-ND4L","MT-ND4L","10"
3.13149268127771e-57,0.877633233592515,0.864,0.921,2.26413183841741e-52,"GRCh38-NOP10","NOP10","10"
3.17429139688656e-57,0.662796735450818,0.749,0.755,2.29507616577692e-52,"GRCh38-DNAJC10","DNAJC10","10"
3.39631533289675e-57,0.79001882339549,0.742,0.789,2.45560391199101e-52,"GRCh38-TMX2","TMX2","10"
3.44838442475873e-57,0.908996296186259,0.935,0.976,2.49325090678906e-52,"GRCh38-PSMB1","PSMB1","10"
3.51575511368753e-57,0.616011690994334,0.81,0.867,2.54196126229836e-52,"GRCh38-DNM1L","DNM1L","10"
4.25238305093249e-57,0.333261351682097,0.186,0.097,3.07455799348521e-52,"GRCh38-CRLF2","CRLF2","10"
4.26936212574128e-57,0.814074698345513,0.853,0.912,3.08683420415346e-52,"GRCh38-ENSA","ENSA","10"
4.33034640023126e-57,0.48641982560659,0.622,0.557,3.1309270542952e-52,"GRCh38-KIF1C","KIF1C","10"
4.62030008069339e-57,0.845235400575968,0.785,0.809,3.34056936434293e-52,"GRCh38-PPP4C","PPP4C","10"
4.80577055867754e-57,0.619517687177445,0.664,0.624,3.47466822933503e-52,"GRCh38-DBNL","DBNL","10"
5.11161910032486e-57,0.844563568968214,0.814,0.861,3.69580284191688e-52,"GRCh38-MRPL28","MRPL28","10"
5.11435179910544e-57,0.609167101193316,0.629,0.582,3.69777863778922e-52,"GRCh38-CHCHD7","CHCHD7","10"
5.22263714465732e-57,0.776172960411581,0.836,0.901,3.77607110833013e-52,"GRCh38-PITPNB","PITPNB","10"
5.81418942664411e-57,0.630084308959801,0.648,0.614,4.20377523925223e-52,"GRCh38-ADIPOR1","ADIPOR1","10"
6.10417693523823e-57,-0.509660320968565,0.107,0.227,4.41344200771595e-52,"GRCh38-LINC02343","LINC02343","10"
6.45909051714991e-57,0.512595428022172,0.53,0.438,4.67005162570973e-52,"GRCh38-PNPO","PNPO","10"
6.55494705323033e-57,0.415137201625477,0.419,0.314,4.7393578184266e-52,"GRCh38-GTPBP3","GTPBP3","10"
6.77779355640068e-57,0.517301758494629,0.559,0.486,4.90048029714882e-52,"GRCh38-TIFA","TIFA","10"
7.35413482287419e-57,0.596592940193834,0.822,0.885,5.31718655963449e-52,"GRCh38-USP16","USP16","10"
7.716892996148e-57,-0.262419891415046,0.622,0.783,5.57946797407493e-52,"GRCh38-RIPK2-DT","RIPK2-DT","10"
7.76849650858243e-57,0.253146886784708,0.2,0.106,5.61677834563527e-52,"GRCh38-CCDC148","CCDC148","10"
8.14351092831783e-57,0.602386123199108,0.678,0.677,5.88792127139236e-52,"GRCh38-ZCCHC8","ZCCHC8","10"
8.33353759410655e-57,0.644551102947722,0.8,0.87,6.02531435129091e-52,"GRCh38-NCOR2","NCOR2","10"
8.54880499859608e-57,0.53730629795705,0.69,0.662,6.18095699008494e-52,"GRCh38-MED1","MED1","10"
9.14748545522453e-57,0.713006109340139,0.84,0.882,6.61381493383644e-52,"GRCh38-DNAJA2","DNAJA2","10"
9.43514118230125e-57,0.704523330914554,0.784,0.847,6.82179577762745e-52,"GRCh38-RBM27","RBM27","10"
1.02317213652221e-56,0.285637025726312,0.374,0.261,7.3977391814829e-52,"GRCh38-IRF2BP1","IRF2BP1","10"
1.06063207708801e-56,0.338043428810941,0.363,0.254,7.66858204376172e-52,"GRCh38-PIGQ","PIGQ","10"
1.11475367120373e-56,0.554468749922213,0.677,0.653,8.0598919935372e-52,"GRCh38-RNF34","RNF34","10"
1.1198137179949e-56,-0.318618261676509,0.637,0.796,8.09647714384675e-52,"GRCh38-CLU","CLU","10"
1.15758940584676e-56,0.550674762862097,0.715,0.719,8.36960292215321e-52,"GRCh38-PSMG4","PSMG4","10"
1.23602982964736e-56,-0.261947037320584,0.252,0.402,8.93674287431637e-52,"GRCh38-DENND2A","DENND2A","10"
1.27049753436272e-56,0.634920690520114,0.833,0.896,9.18595127294933e-52,"GRCh38-SREK1IP1","SREK1IP1","10"
1.4865516628951e-56,0.436339708333203,0.472,0.367,1.07480658330642e-51,"GRCh38-SENP3","SENP3","10"
1.50678711614879e-56,0.485208733363347,0.593,0.521,1.0894372207179e-51,"GRCh38-PPP6R1","PPP6R1","10"
1.51476724127889e-56,0.616625434138121,0.732,0.763,1.09520701078946e-51,"GRCh38-TMTC3","TMTC3","10"
1.51722057227936e-56,0.807927101172074,0.915,0.97,1.09698081816942e-51,"GRCh38-PSMD8","PSMD8","10"
1.72886347590637e-56,0.510699654616965,0.662,0.631,1.25000287034982e-51,"GRCh38-SART3","SART3","10"
1.84572071697809e-56,0.677084446094129,0.868,0.94,1.3344929927895e-51,"GRCh38-ZNF207","ZNF207","10"
2.06194321310592e-56,0.59449866876932,0.866,0.968,1.49082618193984e-51,"GRCh38-ZFR","ZFR","10"
2.07979160363288e-56,0.355181094682226,0.256,0.153,1.50373092525864e-51,"GRCh38-ENSG00000223725","ENSG00000223725","10"
2.30297372119909e-56,0.348224983329737,0.455,0.345,1.66509605990137e-51,"GRCh38-GSKIP","GSKIP","10"
2.44945969945068e-56,0.485005602976488,0.43,0.321,1.77100835189683e-51,"GRCh38-NCR3LG1","NCR3LG1","10"
2.47360694200861e-56,0.375732192633012,0.437,0.324,1.78846729121107e-51,"GRCh38-FEM1C","FEM1C","10"
2.50673582550674e-56,0.533187564059877,0.678,0.642,1.81242013655789e-51,"GRCh38-XPO7","XPO7","10"
2.57985663340413e-56,0.261360582820231,0.316,0.202,1.86528794308386e-51,"GRCh38-KMT2E-AS1","KMT2E-AS1","10"
2.62572967213962e-56,0.334318386167085,0.367,0.255,1.89845506755039e-51,"GRCh38-URB2","URB2","10"
2.66365395437135e-56,0.63790741333293,0.682,0.665,1.92587508208957e-51,"GRCh38-CHMP1A","CHMP1A","10"
2.9444791741422e-56,0.460852348476422,0.638,0.575,2.12891733248829e-51,"GRCh38-SNX8","SNX8","10"
2.99786649645361e-56,0.396785170054115,0.371,0.256,2.16751743426589e-51,"GRCh38-ANKRD44","ANKRD44","10"
3.36401673887975e-56,0.359712262814011,0.502,0.399,2.43225138254484e-51,"GRCh38-METTL21A","METTL21A","10"
3.46234449794699e-56,0.612701364476037,0.755,0.776,2.50334431890563e-51,"GRCh38-PPID","PPID","10"
4.45030728296e-56,0.612099275544457,0.689,0.634,3.21766117172574e-51,"GRCh38-EGLN1","EGLN1","10"
5.16960564458192e-56,0.647669054725489,0.828,0.933,3.73772827314562e-51,"GRCh38-BRD4","BRD4","10"
5.4836100226388e-56,0.673866292354652,0.703,0.713,3.96475971856831e-51,"GRCh38-NAA16","NAA16","10"
6.04366443672278e-56,0.777909878438951,0.732,0.744,4.3696902610393e-51,"GRCh38-AFDN","AFDN","10"
6.34497229403831e-56,0.595250961855904,0.762,0.792,4.58754186803558e-51,"GRCh38-DRG1","DRG1","10"
6.85030514798152e-56,0.382258927580328,0.452,0.346,4.9529076280936e-51,"GRCh38-SETD9","SETD9","10"
7.53764104084837e-56,0.693357276183856,0.83,0.893,5.44986522535419e-51,"GRCh38-DDX42","DDX42","10"
8.98295012195876e-56,0.765712786876908,0.824,0.891,6.49485259717862e-51,"GRCh38-PUM3","PUM3","10"
9.88076384513489e-56,0.533869769923295,0.553,0.475,7.14398987530943e-51,"GRCh38-GMEB1","GMEB1","10"
1.02545923438995e-55,0.750385997950569,0.762,0.823,7.41427535648624e-51,"GRCh38-M6PR","M6PR","10"
1.15179571249648e-55,0.473039411213893,0.667,0.633,8.32771336049206e-51,"GRCh38-PPP1R35","PPP1R35","10"
1.33045465726747e-55,0.539839071138459,0.601,0.542,9.61945326297524e-51,"GRCh38-TIMM22","TIMM22","10"
1.4538946144589e-55,0.883158286935726,0.689,0.639,1.05119488414608e-50,"GRCh38-SPANXB1","SPANXB1","10"
1.74578506275072e-55,0.567829906322319,0.814,0.854,1.26223751607003e-50,"GRCh38-SNRNP200","SNRNP200","10"
1.75040889084073e-55,-0.267943711132763,0.051,0.155,1.26558063625567e-50,"GRCh38-ENSG00000285941","ENSG00000285941","10"
1.78942864184339e-55,0.538195018224242,0.615,0.556,1.29379269662561e-50,"GRCh38-TSKU","TSKU","10"
1.96916373212406e-55,0.986375780206927,0.843,0.864,1.42374476160034e-50,"GRCh38-CSRP1","CSRP1","10"
2.00071083832847e-55,0.773172310613872,0.789,0.855,1.44655395032825e-50,"GRCh38-CHD1","CHD1","10"
2.00725198485705e-55,0.765907196910235,0.841,0.919,1.45128333009134e-50,"GRCh38-NDUFA12","NDUFA12","10"
2.02947006780639e-55,0.498641150086122,0.501,0.402,1.46734744842537e-50,"GRCh38-SCHIP1","SCHIP1","10"
2.36920937957134e-55,0.727725493397299,0.942,0.98,1.71298576561767e-50,"GRCh38-DDX5","DDX5","10"
2.4498767955775e-55,-0.301608115253983,0.122,0.241,1.77130992073844e-50,"GRCh38-SSC4D","SSC4D","10"
2.62809772206268e-55,0.690209487016678,0.849,0.869,1.90016721500576e-50,"GRCh38-CTNNB1","CTNNB1","10"
2.87480780727105e-55,0.424679845417423,0.433,0.32,2.07854354081311e-50,"GRCh38-TIGAR","TIGAR","10"
2.9456048643072e-55,0.472885953512625,0.328,0.217,2.12973122899139e-50,"GRCh38-MB21D2","MB21D2","10"
3.08185491214279e-55,0.344469926251354,0.468,0.358,2.22824273857748e-50,"GRCh38-CA5BP1","CA5BP1","10"
3.34226916254318e-55,0.382607343042329,0.342,0.238,2.41652744990197e-50,"GRCh38-FAM83H","FAM83H","10"
3.72793102388458e-55,0.602790033956949,0.885,0.953,2.69536868888903e-50,"GRCh38-NQO1","NQO1","10"
3.87271476624856e-55,0.297894279977763,0.222,0.124,2.80005023029303e-50,"GRCh38-NECTIN4","NECTIN4","10"
4.11974593811453e-55,0.571399598155064,0.7,0.687,2.97865870817557e-50,"GRCh38-MSL3","MSL3","10"
4.19878130027912e-55,0.654040117160528,0.751,0.78,3.03580285572781e-50,"GRCh38-NAPA","NAPA","10"
4.36200173042743e-55,0.534976791554199,0.618,0.556,3.15381449113364e-50,"GRCh38-ALAS1","ALAS1","10"
4.38074566132236e-55,-1.26328688769679,0.436,0.522,3.1673667280493e-50,"GRCh38-FMO3","FMO3","10"
4.69029642038592e-55,0.465421003576145,0.508,0.42,3.39117811786743e-50,"GRCh38-PXMP4","PXMP4","10"
4.71105793879237e-55,0.612925872167404,0.648,0.598,3.40618911090566e-50,"GRCh38-ZPR1","ZPR1","10"
4.8104781291989e-55,0.564454998566301,0.678,0.643,3.47807189697339e-50,"GRCh38-BAG6","BAG6","10"
5.02954205751777e-55,0.504229805618022,0.607,0.542,3.6364594984265e-50,"GRCh38-ERF","ERF","10"
5.04641084074344e-55,0.803848542324044,0.753,0.763,3.64865596607432e-50,"GRCh38-FDFT1","FDFT1","10"
5.04653983543769e-55,0.39855363835437,0.515,0.41,3.64874923181816e-50,"GRCh38-GLCE","GLCE","10"
5.19303285580017e-55,0.713754529559127,0.703,0.703,3.75466661540064e-50,"GRCh38-G6PC3","G6PC3","10"
5.70103971583519e-55,0.459135127096228,0.441,0.337,4.12196573534316e-50,"GRCh38-SLC17A9","SLC17A9","10"
6.07871956647291e-55,0.659478204699129,0.711,0.721,4.39503582095124e-50,"GRCh38-ADIPOR2","ADIPOR2","10"
6.3418741754101e-55,0.533693244552292,0.574,0.492,4.58530186630501e-50,"GRCh38-RBM19","RBM19","10"
7.15036869995939e-55,0.429014323251033,0.23,0.135,5.16985957744464e-50,"GRCh38-THBD","THBD","10"
7.59628568980541e-55,0.257591416516525,0.221,0.125,5.49226647944311e-50,"GRCh38-GSK3B-DT","GSK3B-DT","10"
7.70536819964688e-55,0.299168288260849,0.363,0.249,5.57113531570869e-50,"GRCh38-PLEKHG3","PLEKHG3","10"
7.93131253642366e-55,0.613377491253044,0.871,0.942,5.73449759008503e-50,"GRCh38-LRPPRC","LRPPRC","10"
8.10025967075255e-55,0.252847833283008,0.283,0.171,5.85664974714751e-50,"GRCh38-PDK1-AS1","PDK1-AS1","10"
8.13785702996843e-55,0.62185804182249,0.735,0.754,5.88383338980777e-50,"GRCh38-NSL1","NSL1","10"
9.6704894318646e-55,0.608450669771235,0.636,0.587,6.99195726902675e-50,"GRCh38-MIX23","MIX23","10"
9.72634056920935e-55,-0.273149056914397,0.236,0.377,7.03233875834974e-50,"GRCh38-PRTG","PRTG","10"
9.99937968885394e-55,0.635022019166616,0.595,0.544,7.22975150263517e-50,"GRCh38-POFUT1","POFUT1","10"
1.03217017461407e-54,-0.33122037866307,0.059,0.165,7.46279679649464e-50,"GRCh38-ENSG00000272865","ENSG00000272865","10"
1.11546722636075e-54,0.427982724992907,0.13,0.059,8.06505114003347e-50,"GRCh38-TMC5","TMC5","10"
1.12835600936027e-54,0.68337099586371,0.459,0.365,8.15823961887662e-50,"GRCh38-GALNT14","GALNT14","10"
1.14315658630482e-54,0.918892941740632,0.755,0.804,8.26525075030108e-50,"GRCh38-AGTRAP","AGTRAP","10"
1.15618927512381e-54,0.747850037816806,0.713,0.702,8.3594796970002e-50,"GRCh38-WDR74","WDR74","10"
1.21239035454953e-54,0.651570096561411,0.681,0.671,8.76582474146403e-50,"GRCh38-POM121","POM121","10"
1.21984327848077e-54,0.457407019058397,0.535,0.446,8.81971087207167e-50,"GRCh38-WDR55","WDR55","10"
1.3755212242781e-54,0.427910104536783,0.449,0.34,9.9452935557755e-50,"GRCh38-CCNYL1","CCNYL1","10"
1.459852019085e-54,0.565419996152252,0.699,0.661,1.05550220683884e-49,"GRCh38-NOL9","NOL9","10"
1.51106606243152e-54,0.540952609340209,0.732,0.745,1.09253098445924e-49,"GRCh38-ZC3H7A","ZC3H7A","10"
1.6102826332161e-54,0.517470363152171,0.513,0.424,1.16426654946791e-49,"GRCh38-PPM1D","PPM1D","10"
1.61613364735139e-54,0.50927358022432,0.724,0.724,1.168496949708e-49,"GRCh38-SP3","SP3","10"
1.74809729644096e-54,0.470505430842851,0.607,0.549,1.26390930727274e-49,"GRCh38-THAP4","THAP4","10"
1.88063088576193e-54,0.459520896716979,0.541,0.457,1.35973374302359e-49,"GRCh38-CSK","CSK","10"
1.94805428453983e-54,0.437193231646416,0.507,0.41,1.40848220880799e-49,"GRCh38-SPINDOC","SPINDOC","10"
2.35671982642407e-54,0.458750828329582,0.243,0.144,1.70395556890113e-49,"GRCh38-ENKUR","ENKUR","10"
2.36761509484554e-54,0.842657360163687,0.94,0.969,1.71183306587522e-49,"GRCh38-CCT3","CCT3","10"
2.49475741294295e-54,0.839776544453529,0.901,0.969,1.80375950470601e-49,"GRCh38-UBE2D3","UBE2D3","10"
2.61317345291174e-54,0.652912568021663,0.768,0.772,1.88937666992424e-49,"GRCh38-BAG1","BAG1","10"
3.39832958518596e-54,0.559994820634107,0.616,0.563,2.45706025668116e-49,"GRCh38-METTL2A","METTL2A","10"
3.54586043618478e-54,0.425002939173554,0.572,0.489,2.56372801257032e-49,"GRCh38-PPP1R8","PPP1R8","10"
3.70692643886838e-54,0.353995870767995,0.332,0.224,2.68018195383062e-49,"GRCh38-ZNF675","ZNF675","10"
4.53252262119429e-54,0.560359520133026,0.68,0.644,3.2771045055759e-49,"GRCh38-DAXX","DAXX","10"
4.72215131955094e-54,0.750758488676839,0.856,0.917,3.41420984706172e-49,"GRCh38-WTAP","WTAP","10"
5.74386579664747e-54,0.598453166947623,0.861,0.897,4.15292984829205e-49,"GRCh38-STRAP","STRAP","10"
6.08621748293523e-54,0.531378971311088,0.59,0.509,4.40045696451183e-49,"GRCh38-LPCAT2","LPCAT2","10"
6.69476949478083e-54,0.794787503924596,0.695,0.687,4.84045224011644e-49,"GRCh38-FARSA","FARSA","10"
6.99817944684442e-54,0.676036014262387,0.598,0.543,5.05982370365745e-49,"GRCh38-POLR3H","POLR3H","10"
7.0748618380417e-54,0.379210884631773,0.272,0.169,5.11526660614091e-49,"GRCh38-SLC45A4","SLC45A4","10"
7.4619624441015e-54,0.407659741660843,0.387,0.271,5.39514808633427e-49,"GRCh38-CAMK4","CAMK4","10"
7.74872537617527e-54,0.713441770791637,0.612,0.55,5.60248342148224e-49,"GRCh38-SAMHD1","SAMHD1","10"
9.33813338709301e-54,0.36323592820359,0.454,0.352,6.75165720153599e-49,"GRCh38-WIZ","WIZ","10"
9.80972492485675e-54,0.288543555539402,0.388,0.277,7.09262731516993e-49,"GRCh38-SBF1","SBF1","10"
1.002297509157e-53,0.934000154352499,0.617,0.56,7.24681145070693e-49,"GRCh38-MAST4","MAST4","10"
1.15316696543179e-53,0.568878794981773,0.756,0.753,8.3376277934649e-49,"GRCh38-SRSF6","SRSF6","10"
1.17424942867448e-53,0.417726131288597,0.602,0.534,8.49005821920223e-49,"GRCh38-SELENON","SELENON","10"
1.19289632799508e-53,0.359842396811269,0.473,0.362,8.62487903067006e-49,"GRCh38-GTPBP1","GTPBP1","10"
1.31370076990807e-53,0.258757577900042,0.25,0.152,9.49831930658935e-49,"GRCh38-NKX3-1","NKX3-1","10"
1.34306953189951e-53,0.660415717642218,0.614,0.571,9.71066132953983e-49,"GRCh38-OSBPL3","OSBPL3","10"
1.52756330199975e-53,0.765619610173137,0.772,0.803,1.10445881861186e-48,"GRCh38-PITX1","PITX1","10"
1.55530221871718e-53,0.548302611078499,0.673,0.636,1.12451461017689e-48,"GRCh38-MTRF1L","MTRF1L","10"
1.69450496862326e-53,0.56128372218806,0.809,0.884,1.22516098241399e-48,"GRCh38-TPGS2","TPGS2","10"
1.71523120786694e-53,0.329561114851895,0.361,0.253,1.24014646791196e-48,"GRCh38-SYVN1","SYVN1","10"
1.82674038063564e-53,0.442131265277763,0.474,0.373,1.32076983000718e-48,"GRCh38-EEF1AKMT4","EEF1AKMT4","10"
1.9649477787829e-53,0.474492419775131,0.605,0.531,1.42069654301561e-48,"GRCh38-CDKN2C","CDKN2C","10"
2.1033494735963e-53,0.453671673936688,0.322,0.215,1.5207637363996e-48,"GRCh38-PSTPIP2","PSTPIP2","10"
2.14598331418183e-53,0.361967655970506,0.462,0.36,1.55158885581975e-48,"GRCh38-SRF","SRF","10"
2.14629746400391e-53,0.37399637058006,0.405,0.3,1.55181599242411e-48,"GRCh38-GPR180","GPR180","10"
2.15842262143841e-53,0.273342102883017,0.308,0.201,1.5605827237524e-48,"GRCh38-RAMAC","RAMAC","10"
2.28591510516498e-53,0.700142474930579,0.753,0.798,1.65276233933638e-48,"GRCh38-DEGS1","DEGS1","10"
2.65554006949853e-53,0.537684846036716,0.698,0.696,1.92000858104883e-48,"GRCh38-SAMD4B","SAMD4B","10"
3.15810451280106e-53,0.495314716788696,0.683,0.655,2.28337272484542e-48,"GRCh38-IFT22","IFT22","10"
3.29731905660141e-53,0.727148736754343,0.805,0.865,2.38402762430395e-48,"GRCh38-LARP4","LARP4","10"
3.49169289789966e-53,0.630694084151319,0.728,0.735,2.52456379903941e-48,"GRCh38-MRPS18A","MRPS18A","10"
3.49799016376814e-53,0.536939182519802,0.602,0.53,2.52911684820764e-48,"GRCh38-NIN","NIN","10"
4.09101533499673e-53,0.76150381896395,0.874,0.985,2.95788590750933e-48,"GRCh38-ITGB1","ITGB1","10"
4.2337189700717e-53,0.850235599967824,0.793,0.832,3.06106348974124e-48,"GRCh38-HSD17B10","HSD17B10","10"
4.66881515331497e-53,0.488567347966563,0.613,0.556,3.37564673214979e-48,"GRCh38-SEC16A","SEC16A","10"
5.63521288883492e-53,0.460575996024821,0.598,0.525,4.07437162288542e-48,"GRCh38-MIOS","MIOS","10"
5.95692707089553e-53,0.303157104443734,0.259,0.16,4.30697741079888e-48,"GRCh38-OSGIN1","OSGIN1","10"
6.46023868588203e-53,0.340187797802738,0.381,0.274,4.67088177466643e-48,"GRCh38-SORD","SORD","10"
6.57133256935399e-53,0.729325858144991,0.871,0.963,4.75120487429432e-48,"GRCh38-RALY","RALY","10"
6.77487573580667e-53,0.444294794962606,0.527,0.434,4.89837065450294e-48,"GRCh38-HAPSTR1","HAPSTR1","10"
7.55747066139106e-53,0.294575227159341,0.278,0.172,5.46420243759896e-48,"GRCh38-LINC01503","LINC01503","10"
8.12082982316139e-53,0.750023212296381,0.783,0.863,5.87152237874215e-48,"GRCh38-RCN2","RCN2","10"
9.34281825946707e-53,0.416257474071363,0.467,0.372,6.75504445795988e-48,"GRCh38-MLLT1","MLLT1","10"
1.01674774714895e-52,0.897119646922129,0.983,0.991,7.35128956143633e-48,"GRCh38-S100A11","S100A11","10"
1.06487521416006e-52,0.318552602651997,0.385,0.276,7.69926077342008e-48,"GRCh38-TTC13","TTC13","10"
1.20034809778777e-52,0.618571988893387,0.785,0.833,8.67875681662514e-48,"GRCh38-PET100","PET100","10"
1.24128027479373e-52,0.622941784802234,0.836,0.944,8.97470464281365e-48,"GRCh38-IQGAP1","IQGAP1","10"
1.29804941856875e-52,0.595453774703289,0.759,0.778,9.38515690613578e-48,"GRCh38-KRAS","KRAS","10"
1.4463839624466e-52,0.655794530165712,0.75,0.787,1.04576453252814e-47,"GRCh38-IPO9","IPO9","10"
1.48588357955637e-52,0.729962780457099,0.898,0.969,1.07432354569085e-47,"GRCh38-NDUFB4","NDUFB4","10"
1.5190444496275e-52,0.62432549963106,0.658,0.632,1.09829951796967e-47,"GRCh38-DERL2","DERL2","10"
1.61387030950343e-52,0.633550638337792,0.829,0.884,1.16686051117717e-47,"GRCh38-SNRPA","SNRPA","10"
1.64506247996155e-52,0.564318483870401,0.702,0.687,1.1894130742618e-47,"GRCh38-TERF2","TERF2","10"
1.67534473464293e-52,0.972401539784703,0.762,0.754,1.21130775004153e-47,"GRCh38-RND3","RND3","10"
1.67810366319168e-52,0.585624997167475,0.602,0.545,1.21330251056085e-47,"GRCh38-CDIN1","CDIN1","10"
1.73441369821085e-52,0.670295410090233,0.715,0.709,1.25401579208041e-47,"GRCh38-LPCAT1","LPCAT1","10"
1.81496383259056e-52,0.631189093792602,0.783,0.825,1.31225515023963e-47,"GRCh38-GET3","GET3","10"
1.82365091729764e-52,0.531858681816553,0.758,0.778,1.31853608622454e-47,"GRCh38-DDX54","DDX54","10"
2.01413650782107e-52,0.42340630433585,0.512,0.423,1.45626097788479e-47,"GRCh38-TBPL1","TBPL1","10"
2.0695835825662e-52,0.58239774786722,0.731,0.726,1.49635032186701e-47,"GRCh38-SS18","SS18","10"
2.18438199394566e-52,0.438213513225755,0.486,0.383,1.57935186926259e-47,"GRCh38-RASSF3","RASSF3","10"
2.41100882928049e-52,0.542230963476709,0.456,0.361,1.74320760374638e-47,"GRCh38-ALG1","ALG1","10"
2.46982593832157e-52,0.704294386144257,0.732,0.751,1.78573354992526e-47,"GRCh38-SLC25A11","SLC25A11","10"
2.48504767033783e-52,0.582905203815052,0.802,0.848,1.79673916660766e-47,"GRCh38-GART","GART","10"
2.66056657921564e-52,0.627462434763388,0.652,0.62,1.92364284810449e-47,"GRCh38-MGAT1","MGAT1","10"
2.77938104531206e-52,0.605866238921084,0.624,0.59,2.00954808338152e-47,"GRCh38-FANCC","FANCC","10"
3.00070170906508e-52,0.389482193784241,0.522,0.435,2.16956734968823e-47,"GRCh38-SLC4A2","SLC4A2","10"
3.00119626825215e-52,0.364618952711531,0.508,0.409,2.16992492587167e-47,"GRCh38-TFIP11","TFIP11","10"
3.16534496662976e-52,0.63056672715308,0.702,0.68,2.28860771777265e-47,"GRCh38-MAP7D1","MAP7D1","10"
3.24922411034794e-52,0.688264206587709,0.859,0.93,2.34925401626377e-47,"GRCh38-MMADHC","MMADHC","10"
3.42225479340118e-52,0.389421146811951,0.461,0.363,2.47435866072492e-47,"GRCh38-POLR3F","POLR3F","10"
3.70343297694466e-52,0.384637720074511,0.458,0.36,2.67765611099052e-47,"GRCh38-GMEB2","GMEB2","10"
3.84404782772401e-52,0.569171087402778,0.668,0.626,2.77932346040102e-47,"GRCh38-YDJC","YDJC","10"
4.00916015979115e-52,0.611779114147127,0.73,0.741,2.89870297873219e-47,"GRCh38-UBE2J2","UBE2J2","10"
4.62387265382571e-52,0.422912291975916,0.526,0.437,3.34315240616906e-47,"GRCh38-RPIA","RPIA","10"
4.69983548078477e-52,0.575004028450221,0.788,0.807,3.398075049317e-47,"GRCh38-WDR45B","WDR45B","10"
5.29775186370076e-52,0.672402849335705,0.725,0.732,3.83038055249292e-47,"GRCh38-PDCD11","PDCD11","10"
5.30720481570073e-52,0.452903868556951,0.527,0.443,3.83721522584794e-47,"GRCh38-PREB","PREB","10"
5.62528443892379e-52,0.434803815487021,0.532,0.447,4.06719315503068e-47,"GRCh38-TBL2","TBL2","10"
5.82390194651512e-52,0.639941088641524,0.655,0.627,4.21079758536936e-47,"GRCh38-EMSY","EMSY","10"
5.87237207622874e-52,0.631481417845752,0.724,0.718,4.24584245855491e-47,"GRCh38-MTMR2","MTMR2","10"
6.00179561671345e-52,0.720829029566867,0.713,0.688,4.33941826679616e-47,"GRCh38-PBDC1","PBDC1","10"
6.05726832609034e-52,0.590430568939879,0.703,0.686,4.37952614512984e-47,"GRCh38-POP4","POP4","10"
6.14981992570761e-52,0.65248121337609,0.836,0.898,4.44644280268512e-47,"GRCh38-PWP1","PWP1","10"
6.21453543576532e-52,0.828514130162604,0.939,0.976,4.49323341076704e-47,"GRCh38-NDUFS5","NDUFS5","10"
6.2160486422265e-52,0.609818772359758,0.732,0.733,4.49432748930261e-47,"GRCh38-TSNAX","TSNAX","10"
7.04869590058844e-52,0.571933857956091,0.703,0.701,5.09634811004345e-47,"GRCh38-CMAS","CMAS","10"
7.17607998740882e-52,0.558407482211371,0.472,0.357,5.18844935249632e-47,"GRCh38-NEBL","NEBL","10"
7.25021588403671e-52,0.461152222155517,0.439,0.337,5.24205108847622e-47,"GRCh38-TAF4","TAF4","10"
7.34192939469782e-52,0.389328391992911,0.276,0.175,5.30836179095442e-47,"GRCh38-ENSG00000284052","ENSG00000284052","10"
8.09324716450066e-52,0.64218871079526,0.852,0.92,5.85157956487726e-47,"GRCh38-CAPZA2","CAPZA2","10"
8.39852829516982e-52,0.786223887604974,0.824,0.908,6.07230392797369e-47,"GRCh38-TM9SF3","TM9SF3","10"
8.54567862484448e-52,1.23282055454352,0.898,0.966,6.17869655933505e-47,"GRCh38-CTSC","CTSC","10"
8.65940971058898e-52,0.396689807644146,0.42,0.316,6.26092640895005e-47,"GRCh38-DHODH","DHODH","10"
8.75564677208365e-52,0.625773346503059,0.742,0.758,6.33050772915192e-47,"GRCh38-ISOC2","ISOC2","10"
9.83860459057962e-52,0.431912028602857,0.533,0.448,7.11350789108088e-47,"GRCh38-GTPBP8","GTPBP8","10"
1.05795915615417e-51,0.277909724862457,0.316,0.212,7.64925629082589e-47,"GRCh38-COA6-AS1","COA6-AS1","10"
1.05942390469993e-51,0.316645236794551,0.327,0.219,7.65984671576144e-47,"GRCh38-PCCA-DT","PCCA-DT","10"
1.06376591602165e-51,0.550776046458392,0.611,0.547,7.69124032601974e-47,"GRCh38-GFER","GFER","10"
1.2245679946445e-51,0.693037968144604,0.831,0.896,8.85387151487866e-47,"GRCh38-CSNK2A1","CSNK2A1","10"
1.31424377639783e-51,0.504906579780043,0.461,0.343,9.5022453521116e-47,"GRCh38-AP1S3","AP1S3","10"
1.32002276311685e-51,0.469508958747199,0.606,0.547,9.54402858188748e-47,"GRCh38-ZFAND2B","ZFAND2B","10"
1.36613403891286e-51,0.355681607401879,0.468,0.364,9.87742232814778e-47,"GRCh38-JADE2","JADE2","10"
1.38070414187024e-51,0.427236033105734,0.569,0.493,9.98276708655018e-47,"GRCh38-RPE","RPE","10"
1.43790311136758e-51,0.434757012165827,0.477,0.388,1.03963270758098e-46,"GRCh38-MAD2L1BP","MAD2L1BP","10"
1.51583617883886e-51,0.917714003830238,0.726,0.732,1.09597987402407e-46,"GRCh38-CDK6","CDK6","10"
1.55818789611138e-51,0.708903601708886,0.697,0.689,1.12660101264645e-46,"GRCh38-NDUFAF4","NDUFAF4","10"
1.62095082183413e-51,-0.32558497312925,0.54,0.676,1.17197986320251e-46,"GRCh38-DNAH5","DNAH5","10"
1.85606988573086e-51,0.483715329601367,0.509,0.422,1.34197564878113e-46,"GRCh38-PPRC1","PPRC1","10"
1.86830653781221e-51,0.686318697516692,0.671,0.648,1.35082299296899e-46,"GRCh38-BTBD10","BTBD10","10"
1.90933797030635e-51,0.644741024651899,0.719,0.714,1.3804895392909e-46,"GRCh38-PPP3R1","PPP3R1","10"
2.06584395655931e-51,0.711576101933187,0.89,0.968,1.49364649747151e-46,"GRCh38-THRAP3","THRAP3","10"
2.16926473639507e-51,0.814740396889394,0.631,0.595,1.56842178970837e-46,"GRCh38-RFX2","RFX2","10"
2.17781307654767e-51,0.844386127814557,0.837,0.889,1.57460241060549e-46,"GRCh38-COA4","COA4","10"
2.24998003283081e-51,0.266473260081016,0.269,0.17,1.62678056333733e-46,"GRCh38-FAM83G","FAM83G","10"
2.25498463153704e-51,0.655348594943177,0.69,0.687,1.63039898829391e-46,"GRCh38-LSM1","LSM1","10"
2.30046563005477e-51,0.47283024082782,0.376,0.274,1.6632826598422e-46,"GRCh38-TYW1B","TYW1B","10"
2.38598345657506e-51,0.348809449328284,0.293,0.186,1.7251137587729e-46,"GRCh38-TMEM40","TMEM40","10"
2.39402038515662e-51,0.729673736993812,0.153,0.077,1.73092461887594e-46,"GRCh38-CTNNA3","CTNNA3","10"
2.41328883788137e-51,0.654699553754998,0.798,0.89,1.74485609556499e-46,"GRCh38-COA1","COA1","10"
2.52896218513686e-51,-0.46044867938323,0.036,0.127,1.82849023909765e-46,"GRCh38-ENSG00000287352","ENSG00000287352","10"
2.56162770630844e-51,0.438449842666957,0.517,0.428,1.85210806421513e-46,"GRCh38-PALB2","PALB2","10"
2.60379695104667e-51,0.634614188641853,0.896,0.962,1.88259727154576e-46,"GRCh38-CTNNA1","CTNNA1","10"
2.62939054034071e-51,0.288992638926594,0.226,0.132,1.90110194847714e-46,"GRCh38-KDM7A-DT","KDM7A-DT","10"
2.67866230472985e-51,0.58514857560969,0.763,0.781,1.93672641956578e-46,"GRCh38-MRPS22","MRPS22","10"
2.68172054572321e-51,0.309467929301656,0.324,0.222,1.9389375889688e-46,"GRCh38-HSD17B7","HSD17B7","10"
2.73778279583802e-51,0.533520797429004,0.83,0.893,1.97947171704681e-46,"GRCh38-NDUFS1","NDUFS1","10"
2.87729812556442e-51,0.298052916036956,0.365,0.258,2.08034409074559e-46,"GRCh38-KBTBD6","KBTBD6","10"
2.89043644117535e-51,0.411677034302051,0.551,0.471,2.0898433556986e-46,"GRCh38-RBM12B","RBM12B","10"
2.96112051086636e-51,0.502583151974249,0.627,0.575,2.1409493517666e-46,"GRCh38-MORN2","MORN2","10"
2.96158401612671e-51,0.511591854499377,0.515,0.437,2.14128447533993e-46,"GRCh38-NUDT16","NUDT16","10"
3.39060180605285e-51,0.461066767448546,0.693,0.647,2.45147291781233e-46,"GRCh38-EXOC5","EXOC5","10"
3.74532933974059e-51,0.687776621545265,0.87,0.954,2.70794801921924e-46,"GRCh38-NDUFAF2","NDUFAF2","10"
3.80119676800115e-51,0.434472490643725,0.508,0.419,2.74834128720019e-46,"GRCh38-UBIAD1","UBIAD1","10"
3.82196323829545e-51,0.715166245468025,0.9,0.971,2.76335586055238e-46,"GRCh38-MBNL1","MBNL1","10"
4.21411519195493e-51,0.568462500844283,0.668,0.644,3.04688956608725e-46,"GRCh38-NTAN1","NTAN1","10"
4.26836239172653e-51,0.684328722316733,0.816,0.877,3.08611137646611e-46,"GRCh38-PSME3IP1","PSME3IP1","10"
4.30524405231931e-51,0.747867317961783,0.909,0.97,3.11277755470791e-46,"GRCh38-NDUFB10","NDUFB10","10"
4.41143155213718e-51,0.638377631539753,0.573,0.499,3.18955324082622e-46,"GRCh38-INSIG1","INSIG1","10"
4.57355809111174e-51,0.688122018827483,0.833,0.954,3.30677397103561e-46,"GRCh38-RPN2","RPN2","10"
4.86403730886919e-51,0.390290395980108,0.542,0.461,3.5167962550586e-46,"GRCh38-ZC3HC1","ZC3HC1","10"
4.89675742212288e-51,0.320627022594804,0.367,0.263,3.54045355134328e-46,"GRCh38-HIRA","HIRA","10"
4.98530375172765e-51,0.433896461789533,0.542,0.461,3.60447431857412e-46,"GRCh38-MIEF1","MIEF1","10"
5.27388847232052e-51,0.345177581292522,0.427,0.326,3.81312684325718e-46,"GRCh38-SPHK2","SPHK2","10"
5.50420449896523e-51,0.385006556543332,0.498,0.4,3.97964993684184e-46,"GRCh38-ELK1","ELK1","10"
5.59099808666656e-51,0.545673759156326,0.883,0.973,4.04240343662166e-46,"GRCh38-SON","SON","10"
5.59599627527626e-51,0.318345663633437,0.261,0.164,4.04601722695025e-46,"GRCh38-ULBP2","ULBP2","10"
5.75399941731556e-51,0.46044053618662,0.615,0.549,4.1602566587075e-46,"GRCh38-BRMS1L","BRMS1L","10"
5.7725016224232e-51,0.344062471608238,0.419,0.313,4.17363412304442e-46,"GRCh38-TAF9B","TAF9B","10"
6.3629181010896e-51,0.366790316037293,0.404,0.299,4.6005170454498e-46,"GRCh38-ZNF678","ZNF678","10"
6.38068532692984e-51,0.806146963207271,0.856,0.94,4.61336310507682e-46,"GRCh38-NDUFV1","NDUFV1","10"
6.59223456821759e-51,0.714425575975262,0.867,0.962,4.76631743751268e-46,"GRCh38-TMEM14B","TMEM14B","10"
7.18660382774435e-51,0.353244765771485,0.311,0.205,5.19605829953572e-46,"GRCh38-GFOD1","GFOD1","10"
7.41475975589237e-51,0.706075231729035,0.754,0.789,5.3610195987053e-46,"GRCh38-REX1BD","REX1BD","10"
7.42399483449295e-51,0.636234604906855,0.82,0.882,5.36769674523509e-46,"GRCh38-ECI2","ECI2","10"
7.50928299661162e-51,0.86019193038692,0.831,0.925,5.42936179221013e-46,"GRCh38-LAPTM4B","LAPTM4B","10"
7.69284899959888e-51,0.560739369133252,0.66,0.622,5.56208368368998e-46,"GRCh38-NTHL1","NTHL1","10"
7.71841633885001e-51,0.567308168547275,0.717,0.711,5.58056938131533e-46,"GRCh38-VAPB","VAPB","10"
8.28783073523561e-51,0.765653987693796,0.914,0.971,5.99226737819005e-46,"GRCh38-CNBP","CNBP","10"
9.42611246088581e-51,0.716007786397726,0.714,0.727,6.81526783146966e-46,"GRCh38-SAR1B","SAR1B","10"
9.93786625992918e-51,0.438145314890363,0.48,0.382,7.18527606325399e-46,"GRCh38-RNF2","RNF2","10"
1.00397395098049e-50,0.527596159435195,0.786,0.858,7.25893246037915e-46,"GRCh38-PHF6","PHF6","10"
1.0201827070315e-50,0.483715690412348,0.664,0.627,7.37612500837914e-46,"GRCh38-BAG5","BAG5","10"
1.21047186290174e-50,0.571432339346206,0.695,0.705,8.75195366315216e-46,"GRCh38-CHTOP","CHTOP","10"
1.24285157529293e-50,0.282920054038833,0.14,0.067,8.98606545968298e-46,"GRCh38-MAGEA4","MAGEA4","10"
1.24995155261883e-50,0.627388311333945,0.903,0.966,9.03739971574465e-46,"GRCh38-SSB","SSB","10"
1.25210392811558e-50,0.259953369535812,0.193,0.107,9.05296182106124e-46,"GRCh38-BATF3","BATF3","10"
1.30179887360055e-50,0.620911867877293,0.692,0.672,9.41226621590671e-46,"GRCh38-RNF5","RNF5","10"
1.30515326154257e-50,0.60932500154746,0.785,0.835,9.4365191116051e-46,"GRCh38-DNAJC19","DNAJC19","10"
1.31560184717013e-50,0.611165339327121,0.717,0.712,9.51206447540949e-46,"GRCh38-AP1G1","AP1G1","10"
1.46891110854355e-50,0.498837140967584,0.736,0.724,1.06205210969916e-45,"GRCh38-BROX","BROX","10"
1.58119355554603e-50,0.527554486398426,0.826,0.929,1.14323456453089e-45,"GRCh38-ZCRB1","ZCRB1","10"
1.70680867759264e-50,0.484543285079607,0.757,0.786,1.23405681007303e-45,"GRCh38-NUDCD3","NUDCD3","10"
1.85630355028966e-50,0.310076458751471,0.293,0.193,1.34214459293043e-45,"GRCh38-MON1A","MON1A","10"
1.98481782342678e-50,0.815799471008667,0.892,0.965,1.43506298269403e-45,"GRCh38-NDUFB9","NDUFB9","10"
2.01127598335162e-50,0.458701032014899,0.505,0.419,1.45419276148289e-45,"GRCh38-LSM14B","LSM14B","10"
2.03455632304157e-50,0.659640924439983,0.763,0.796,1.47102491268552e-45,"GRCh38-MRPL48","MRPL48","10"
2.06158596557971e-50,0.383511345683343,0.476,0.382,1.49056788483344e-45,"GRCh38-RNF166","RNF166","10"
2.13428434784755e-50,0.366613979419615,0.449,0.35,1.54313026918074e-45,"GRCh38-TARBP2","TARBP2","10"
2.14352455279442e-50,0.455058334938397,0.539,0.455,1.54981112216142e-45,"GRCh38-BAG4","BAG4","10"
2.16955304893714e-50,0.561741540099766,0.906,0.964,1.56863024544253e-45,"GRCh38-METAP2","METAP2","10"
2.24753819217384e-50,0.780468273726072,0.722,0.732,1.62501506370553e-45,"GRCh38-NETO2","NETO2","10"
2.54561589309281e-50,0.39064752639794,0.321,0.213,1.84053120302397e-45,"GRCh38-PRKCH","PRKCH","10"
2.96538652364432e-50,0.485553183782966,0.865,0.966,2.14403376432532e-45,"GRCh38-TAX1BP1","TAX1BP1","10"
3.08448215193074e-50,0.738622140113963,0.835,0.884,2.23014228548897e-45,"GRCh38-STAT1","STAT1","10"
3.32975962031985e-50,0.272164060556691,0.249,0.155,2.40748280068366e-45,"GRCh38-KIAA0040","KIAA0040","10"
3.4248115495943e-50,0.662278908512431,0.7,0.713,2.47620724658767e-45,"GRCh38-ORMDL2","ORMDL2","10"
3.53251929288261e-50,0.544843169305891,0.787,0.82,2.55408209913999e-45,"GRCh38-KIAA1143","KIAA1143","10"
3.7197783734106e-50,0.599125880092888,0.803,0.854,2.68947415954333e-45,"GRCh38-CNOT7","CNOT7","10"
3.72924312338656e-50,0.557182099343498,0.714,0.724,2.69631736307095e-45,"GRCh38-TEX10","TEX10","10"
3.96346285202751e-50,0.561261925924627,0.6,0.528,2.86566291127293e-45,"GRCh38-CHKA","CHKA","10"
4.35265912121567e-50,0.604088758814843,0.635,0.606,3.14705959782135e-45,"GRCh38-FAM104B","FAM104B","10"
4.99926360483756e-50,0.284079693244918,0.376,0.269,3.61456757156965e-45,"GRCh38-AKTIP","AKTIP","10"
5.1248144465369e-50,0.584231248115584,0.722,0.72,3.70534334113511e-45,"GRCh38-PRCC","PRCC","10"
5.54373276188768e-50,0.665806517359858,0.506,0.442,4.00822966150003e-45,"GRCh38-TMEM54","TMEM54","10"
5.8185140717799e-50,0.491545519128619,0.602,0.538,4.2069020441783e-45,"GRCh38-DCAF1","DCAF1","10"
5.85124178493724e-50,-0.288273121432219,0.075,0.178,4.23056483534533e-45,"GRCh38-SLC45A2","SLC45A2","10"
5.90924831603135e-50,0.313078979230297,0.362,0.253,4.27250471745699e-45,"GRCh38-EAF1","EAF1","10"
6.57806502336357e-50,0.568399114492121,0.68,0.656,4.75607257319233e-45,"GRCh38-CEP89","CEP89","10"
6.96958347300206e-50,0.40968390234735,0.444,0.347,5.03914824264995e-45,"GRCh38-C17orf58","C17orf58","10"
7.06179681812528e-50,0.508209545242997,0.542,0.476,5.10582033544094e-45,"GRCh38-GXYLT1","GXYLT1","10"
7.09738667129356e-50,0.634585957979348,0.77,0.815,5.13155251107867e-45,"GRCh38-MPHOSPH10","MPHOSPH10","10"
7.53821007655465e-50,0.538837470321665,0.56,0.473,5.45027664955055e-45,"GRCh38-OSBPL10","OSBPL10","10"
7.63141984919e-50,0.684300377539188,0.821,0.895,5.51766917936136e-45,"GRCh38-CCAR1","CCAR1","10"
7.63592283240958e-50,0.665439456138981,0.768,0.787,5.52092492628877e-45,"GRCh38-DIMT1","DIMT1","10"
7.85303223346509e-50,0.423585759588879,0.316,0.218,5.67789936543993e-45,"GRCh38-TRIM59","TRIM59","10"
8.01500420618861e-50,0.473984599673043,0.599,0.542,5.79500834115849e-45,"GRCh38-GNPDA2","GNPDA2","10"
8.48587814347016e-50,0.62582006722424,0.989,0.991,6.1354596152918e-45,"GRCh38-RPS20","RPS20","10"
8.56370378511412e-50,0.369397380457651,0.423,0.318,6.19172911071321e-45,"GRCh38-STARD4","STARD4","10"
9.22601276671019e-50,0.566627959339757,0.8,0.877,6.6705917505868e-45,"GRCh38-WBP4","WBP4","10"
9.40209082917157e-50,0.454237919916634,0.707,0.716,6.79789971130763e-45,"GRCh38-OIP5-AS1","OIP5-AS1","10"
9.41994944040149e-50,0.502921816364348,0.607,0.553,6.81081184439909e-45,"GRCh38-RBM18","RBM18","10"
9.82166561342854e-50,0.359279191678742,0.21,0.12,7.1012606718211e-45,"GRCh38-LFNG","LFNG","10"
1.05260938102306e-49,0.442387647761875,0.571,0.504,7.61057634667292e-45,"GRCh38-PLPBP","PLPBP","10"
1.0590338705732e-49,0.641905496157508,0.485,0.399,7.65702669101835e-45,"GRCh38-MXD1","MXD1","10"
1.10554894611054e-49,0.614704744524653,0.647,0.613,7.9933399901684e-45,"GRCh38-SMIM12","SMIM12","10"
1.12735393367377e-49,0.420974928090224,0.538,0.456,8.15099441124813e-45,"GRCh38-TIMM29","TIMM29","10"
1.20610832316517e-49,0.56476759205601,0.403,0.307,8.7204043981488e-45,"GRCh38-BNC1","BNC1","10"
1.20653671147188e-49,0.808954119254598,0.845,0.909,8.72350173128401e-45,"GRCh38-SLK","SLK","10"
1.23623803296137e-49,0.49736748622921,0.363,0.255,8.93824822591728e-45,"GRCh38-SOX9","SOX9","10"
1.26398386904276e-49,0.453901676673498,0.677,0.646,9.13885616995293e-45,"GRCh38-GALNT11","GALNT11","10"
1.27220620585774e-49,0.306562449988748,0.409,0.304,9.19830530959262e-45,"GRCh38-DGCR8","DGCR8","10"
1.30581290323725e-49,0.417379891958203,0.446,0.341,9.44128845298595e-45,"GRCh38-EXTL3","EXTL3","10"
1.32343395769656e-49,0.424759386667347,0.511,0.42,9.56869220093767e-45,"GRCh38-GPAT4","GPAT4","10"
1.33202102169643e-49,-0.329296479809486,0.1,0.209,9.63077839106951e-45,"GRCh38-LINC00840","LINC00840","10"
1.34987949719597e-49,0.692942272331715,0.8,0.841,9.75989874062632e-45,"GRCh38-AHSA1","AHSA1","10"
1.39832432619242e-49,0.631525894533972,0.746,0.766,1.01101645432364e-44,"GRCh38-SRFBP1","SRFBP1","10"
1.60489061402045e-49,0.444910227762399,0.631,0.575,1.16036801174907e-44,"GRCh38-ZNF410","ZNF410","10"
1.70448484468298e-49,0.585976608543968,0.389,0.277,1.23237663240269e-44,"GRCh38-GEM","GEM","10"
1.83595828792093e-49,0.757329839956423,0.835,0.873,1.32743456133259e-44,"GRCh38-TMEM167A","TMEM167A","10"
1.89528755593839e-49,0.451612207493357,0.571,0.499,1.37033080869458e-44,"GRCh38-NAF1","NAF1","10"
1.94826993246455e-49,0.716522686179254,0.359,0.257,1.40863812657052e-44,"GRCh38-NR4A1","NR4A1","10"
1.96211746528686e-49,0.483943465674611,0.639,0.601,1.4186501697517e-44,"GRCh38-UGGT1","UGGT1","10"
2.13998048274889e-49,0.74886588169783,0.807,0.914,1.5472486886371e-44,"GRCh38-MESD","MESD","10"
2.25021888496363e-49,0.547785820658821,0.5,0.418,1.6269532582064e-44,"GRCh38-OSTF1","OSTF1","10"
2.56669079217586e-49,0.59313163434215,0.825,0.886,1.85576877655899e-44,"GRCh38-SRI","SRI","10"
2.68132532731108e-49,0.549454853728096,0.771,0.787,1.93865183815246e-44,"GRCh38-UBAP2L","UBAP2L","10"
2.81531410679376e-49,0.578299270946666,0.846,0.941,2.03552840549402e-44,"GRCh38-SDHA","SDHA","10"
2.84674852295114e-49,0.832581549977628,0.695,0.708,2.05825611706413e-44,"GRCh38-THUMPD3-AS1","THUMPD3-AS1","10"
3.00832261924256e-49,0.730759014545312,0.798,0.852,2.17507742016475e-44,"GRCh38-PPP4R2","PPP4R2","10"
3.07892010485952e-49,0.669760427683255,0.859,0.932,2.22612081421553e-44,"GRCh38-CBR1","CBR1","10"
3.1864351533986e-49,0.319023125442595,0.408,0.305,2.30385634461026e-44,"GRCh38-ZNF142","ZNF142","10"
3.27496785636478e-49,0.741485657497775,0.561,0.499,2.36786725950886e-44,"GRCh38-LPAR3","LPAR3","10"
3.38743920744047e-49,-0.26000422334794,0.032,0.118,2.44918629576361e-44,"GRCh38-VIT","VIT","10"
3.43625131843555e-49,0.268126027577651,0.149,0.076,2.48447842825527e-44,"GRCh38-HS3ST1","HS3ST1","10"
3.48894855040134e-49,0.40125693631891,0.407,0.308,2.52257958091118e-44,"GRCh38-SLC30A1","SLC30A1","10"
3.66448013571578e-49,0.650099086868294,0.761,0.78,2.64949242772522e-44,"GRCh38-GNA12","GNA12","10"
3.86024050609568e-49,0.386539944891131,0.446,0.349,2.7910310907173e-44,"GRCh38-GK5","GK5","10"
4.45627904230668e-49,0.518549380733835,0.463,0.359,3.22197887316858e-44,"GRCh38-KCNMB4","KCNMB4","10"
4.64027613643793e-49,-0.486433493961455,0.079,0.18,3.35501245216735e-44,"GRCh38-ENSG00000286494","ENSG00000286494","10"
4.65497487462926e-49,0.433369625616646,0.556,0.487,3.36563993385445e-44,"GRCh38-DUS3L","DUS3L","10"
4.70395055212973e-49,0.453875849968099,0.554,0.484,3.40105032820084e-44,"GRCh38-REXO1","REXO1","10"
4.97153181735556e-49,0.689299798791627,0.723,0.723,3.59451693458442e-44,"GRCh38-PYGB","PYGB","10"
5.18981826879673e-49,0.681935946379906,0.95,0.982,3.75234240470541e-44,"GRCh38-HINT1","HINT1","10"
5.80095410285387e-49,0.377726263293956,0.427,0.327,4.19420583544541e-44,"GRCh38-EOLA2","EOLA2","10"
6.50086843124666e-49,0.681532585135575,0.735,0.754,4.70025789315996e-44,"GRCh38-MRPS28","MRPS28","10"
6.84266250678189e-49,0.408027075744037,0.436,0.342,4.94738184565345e-44,"GRCh38-ENKD1","ENKD1","10"
7.04655586705037e-49,0.574168879234726,0.776,0.812,5.09480082299476e-44,"GRCh38-AGPS","AGPS","10"
7.14195692402972e-49,0.640995779533975,0.587,0.53,5.16377769521197e-44,"GRCh38-TMEM255B","TMEM255B","10"
7.17800305461636e-49,0.440090070309094,0.494,0.413,5.18983976854872e-44,"GRCh38-TBL3","TBL3","10"
7.40845340787314e-49,-0.387289631866803,0.206,0.333,5.35645998296044e-44,"GRCh38-LSP1","LSP1","10"
7.73274275189782e-49,0.393022992292447,0.478,0.388,5.59092766447716e-44,"GRCh38-SCAF1","SCAF1","10"
7.78449112236987e-49,0.643260114691624,0.647,0.611,5.62834277129586e-44,"GRCh38-COMMD9","COMMD9","10"
7.9834049115954e-49,0.633745780321901,0.785,0.826,5.77216141918171e-44,"GRCh38-PHAX","PHAX","10"
7.98845774870233e-49,0.512567176395831,0.607,0.544,5.77581472146676e-44,"GRCh38-DNAJC24","DNAJC24","10"
8.65288900384084e-49,0.510519256040064,0.759,0.79,6.256211807557e-44,"GRCh38-PPT1","PPT1","10"
8.8007184092412e-49,0.689445827070247,0.749,0.793,6.36309542424958e-44,"GRCh38-KXD1","KXD1","10"
9.1701153132798e-49,0.528002678325822,0.742,0.75,6.63017677380756e-44,"GRCh38-DCTD","DCTD","10"
9.20028465978799e-49,0.715850381605805,0.865,0.959,6.65198981471991e-44,"GRCh38-DAD1","DAD1","10"
9.50140791779482e-49,0.28261166501032,0.374,0.27,6.86970795272401e-44,"GRCh38-ZCCHC4","ZCCHC4","10"
1.01242763306001e-48,0.356474436638269,0.413,0.314,7.32005427255045e-44,"GRCh38-TXNL4B","TXNL4B","10"
1.11587746941542e-48,0.334887222291864,0.293,0.188,8.06801727936739e-44,"GRCh38-SLC7A2","SLC7A2","10"
1.20039735509741e-48,0.296745322228196,0.372,0.266,8.6791129568253e-44,"GRCh38-PIP4K2C","PIP4K2C","10"
1.23146153751065e-48,0.43849042790404,0.549,0.474,8.90371320850951e-44,"GRCh38-TRAF7","TRAF7","10"
1.2327148107253e-48,0.345410581221195,0.426,0.326,8.91277462450604e-44,"GRCh38-TRIM52-AS1","TRIM52-AS1","10"
1.23517130171335e-48,0.662234173485687,0.735,0.749,8.93053554564784e-44,"GRCh38-ATP13A3","ATP13A3","10"
1.28260433218228e-48,0.4246045329721,0.659,0.598,9.27348584254432e-44,"GRCh38-FLII","FLII","10"
1.30975964027988e-48,0.724646430138874,0.66,0.636,9.46982415115159e-44,"GRCh38-PPP1R15B","PPP1R15B","10"
1.313622762158e-48,0.392715017496057,0.48,0.393,9.49775529495481e-44,"GRCh38-MTPAP","MTPAP","10"
1.48604652585196e-48,0.639221978331989,0.848,0.931,1.07444135912149e-43,"GRCh38-ZNF706","ZNF706","10"
1.51079512016249e-48,0.615879144008271,0.791,0.785,1.09233508777989e-43,"GRCh38-CORO1C","CORO1C","10"
1.55385181772762e-48,0.443957102180342,0.64,0.582,1.12346594125342e-43,"GRCh38-GTPBP10","GTPBP10","10"
1.7603548974928e-48,0.708374892486145,0.597,0.532,1.27277179798525e-43,"GRCh38-PLAT","PLAT","10"
1.92014802130008e-48,0.282522882963514,0.336,0.234,1.38830542236039e-43,"GRCh38-NRAV","NRAV","10"
1.94873074021035e-48,0.512662562185159,0.667,0.631,1.40897129978689e-43,"GRCh38-METTL2B","METTL2B","10"
1.96908700082726e-48,0.679041799575363,0.844,0.931,1.42368928333812e-43,"GRCh38-PDS5A","PDS5A","10"
2.01823683246583e-48,0.320484544885212,0.511,0.419,1.45922559460944e-43,"GRCh38-LINC00486","LINC00486","10"
2.260485362335e-48,0.803738940546436,0.632,0.602,1.63437612667545e-43,"GRCh38-ATP1B1","ATP1B1","10"
2.31842647024005e-48,0.770897123807189,0.916,0.988,1.67626870651296e-43,"GRCh38-MT-ND4","MT-ND4","10"
2.33889765504905e-48,0.376077322287459,0.439,0.342,1.69106978255356e-43,"GRCh38-RPS6KA1","RPS6KA1","10"
2.42621870487911e-48,0.366434102647703,0.457,0.364,1.75420464800169e-43,"GRCh38-PIAS4","PIAS4","10"
2.47533803198845e-48,0.671268560555008,0.921,0.974,1.78971890388829e-43,"GRCh38-DBI","DBI","10"
2.48500973816395e-48,-0.268473575463676,0.105,0.215,1.7967117408873e-43,"GRCh38-COL15A1","COL15A1","10"
2.49756729282718e-48,0.47120464250122,0.562,0.488,1.80579110405991e-43,"GRCh38-CEP120","CEP120","10"
2.52112235220756e-48,0.783690436396488,0.86,0.946,1.82282188309311e-43,"GRCh38-UBE2D2","UBE2D2","10"
2.54194812546224e-48,0.527238335355027,0.578,0.496,1.83787933367171e-43,"GRCh38-SLC39A14","SLC39A14","10"
2.73799818894235e-48,0.775971701238111,0.902,0.987,1.9796274505691e-43,"GRCh38-CANX","CANX","10"
2.74851253267879e-48,0.885346273824683,0.628,0.556,1.98722953137742e-43,"GRCh38-CRIP2","CRIP2","10"
2.7626195103943e-48,0.319227798804856,0.194,0.107,1.99742915840529e-43,"GRCh38-ENSG00000253706","ENSG00000253706","10"
2.9277569630262e-48,0.589659982042186,0.735,0.735,2.1168268394072e-43,"GRCh38-HEATR1","HEATR1","10"
3.05168134512347e-48,0.495232919082792,0.605,0.561,2.20642664615117e-43,"GRCh38-ZNF121","ZNF121","10"
3.39488871524878e-48,0.416786020781794,0.465,0.362,2.45457243889918e-43,"GRCh38-BMAL1","BMAL1","10"
3.40763829144992e-48,0.454955542700874,0.609,0.552,2.46379063748412e-43,"GRCh38-STK11","STK11","10"
3.91112107057113e-48,0.559088008174097,0.78,0.806,2.82781875644434e-43,"GRCh38-C8orf33","C8orf33","10"
4.10669050162961e-48,0.643509477370877,0.837,0.905,2.96921936648824e-43,"GRCh38-MRPL33","MRPL33","10"
4.44388840646058e-48,0.725295706509416,0.787,0.849,3.21302019563913e-43,"GRCh38-SLC16A1","SLC16A1","10"
4.46854459080933e-48,-0.294823690299108,0.421,0.575,3.23084711004696e-43,"GRCh38-PKHD1","PKHD1","10"
4.64857277624237e-48,0.630285864780036,0.729,0.741,3.36101108867876e-43,"GRCh38-DDX56","DDX56","10"
4.90578767235616e-48,-0.42448565967052,0.415,0.544,3.54698260286695e-43,"GRCh38-HMOX1","HMOX1","10"
5.64965694661288e-48,0.321666494604612,0.387,0.286,4.08481496554005e-43,"GRCh38-C6orf136","C6orf136","10"
5.6570534829661e-48,0.539889309423029,0.478,0.384,4.09016280925415e-43,"GRCh38-HLA-DPB1","HLA-DPB1","10"
5.96559091732118e-48,0.355372387030445,0.508,0.412,4.31324154504156e-43,"GRCh38-ATG4C","ATG4C","10"
6.2170451816294e-48,0.37533530587008,0.45,0.356,4.49504800722169e-43,"GRCh38-ALG6","ALG6","10"
6.35789756121966e-48,0.528512704816942,0.609,0.549,4.59688709471304e-43,"GRCh38-STRBP","STRBP","10"
6.88860343543422e-48,0.371956877214641,0.646,0.867,4.98059805588765e-43,"GRCh38-FOSB","FOSB","10"
7.42443714305569e-48,0.306000243587345,0.382,0.281,5.36801654317213e-43,"GRCh38-CNEP1R1","CNEP1R1","10"
7.64763315564069e-48,0.736025829945991,0.82,0.872,5.52939172419133e-43,"GRCh38-SFXN1","SFXN1","10"
8.2414005983402e-48,0.434048586990944,0.639,0.589,5.95869746061193e-43,"GRCh38-KAT7","KAT7","10"
8.30459238319091e-48,0.568901213585337,0.529,0.441,6.0043863848947e-43,"GRCh38-TNFAIP8","TNFAIP8","10"
8.48205531006798e-48,0.717963951044031,0.775,0.852,6.13269563028535e-43,"GRCh38-FADS1","FADS1","10"
1.10209201193083e-47,0.530602617603622,0.656,0.621,7.96834566466229e-43,"GRCh38-GOLT1B","GOLT1B","10"
1.10905685744138e-47,0.333283740970686,0.398,0.295,8.01870289067264e-43,"GRCh38-TWNK","TWNK","10"
1.15865152496816e-47,0.531325366819043,0.435,0.333,8.37728225582479e-43,"GRCh38-HOMER1","HOMER1","10"
1.19345258175973e-47,0.520717764163551,0.701,0.686,8.62890085663922e-43,"GRCh38-BLTP3B","BLTP3B","10"
1.19938212146017e-47,0.568326404243491,0.77,0.794,8.67177261458133e-43,"GRCh38-KCTD20","KCTD20","10"
1.25062995783331e-47,0.382682748199409,0.571,0.494,9.04230472112641e-43,"GRCh38-C12orf4","C12orf4","10"
1.29559561886847e-47,0.564408252611213,0.664,0.634,9.36741544354278e-43,"GRCh38-ENTR1","ENTR1","10"
1.36188678352561e-47,0.41705081414691,0.543,0.469,9.84671382224684e-43,"GRCh38-TBP","TBP","10"
1.36348671544211e-47,0.719706869901386,0.908,0.974,9.85828164998953e-43,"GRCh38-MATR3","MATR3","10"
1.42355748375251e-47,0.715108185781794,0.88,0.94,1.02926053190274e-42,"GRCh38-UFM1","UFM1","10"
1.43069341174943e-47,0.650064937175317,0.72,0.753,1.03441995056307e-42,"GRCh38-DYRK1A","DYRK1A","10"
1.79567005824453e-47,0.538499815829815,0.645,0.621,1.29830536551196e-42,"GRCh38-RPRD1B","RPRD1B","10"
1.9575629139299e-47,0.496964737135151,0.677,0.662,1.4153571380296e-42,"GRCh38-ACAD9","ACAD9","10"
2.13541769807617e-47,0.50988657439643,0.607,0.553,1.54394970406303e-42,"GRCh38-MAT2B","MAT2B","10"
2.35935674335824e-47,0.773495814357188,0.935,0.979,1.70586211258287e-42,"GRCh38-GPX1","GPX1","10"
2.43421570528262e-47,0.523113341328421,0.583,0.53,1.75998663923344e-42,"GRCh38-USP37","USP37","10"
2.72333230424785e-47,0.284501492167683,0.168,0.09,1.96902372261728e-42,"GRCh38-ENSG00000253227","ENSG00000253227","10"
2.73638798827163e-47,-0.336357316283541,0.195,0.321,1.97846324328015e-42,"GRCh38-ENSG00000251095","ENSG00000251095","10"
2.76554022722562e-47,0.332876500645896,0.424,0.324,1.99954089508867e-42,"GRCh38-STIMATE","STIMATE","10"
2.90349951893751e-47,0.542582043419088,0.723,0.72,2.0992882221822e-42,"GRCh38-PPP6C","PPP6C","10"
2.92766997324888e-47,0.371715593089656,0.487,0.393,2.1167639440584e-42,"GRCh38-NTAQ1","NTAQ1","10"
2.96302074127661e-47,0.371197637015138,0.434,0.334,2.14232325635781e-42,"GRCh38-ST7","ST7","10"
3.05051000255607e-47,0.292846523044401,0.18,0.099,2.20557974204809e-42,"GRCh38-ENSG00000236924","ENSG00000236924","10"
3.142886633144e-47,0.708203539434108,0.84,0.894,2.27236989349578e-42,"GRCh38-RPF2","RPF2","10"
3.18368620105115e-47,0.416950506330486,0.436,0.334,2.301868797084e-42,"GRCh38-NFYA","NFYA","10"
3.42699470156936e-47,0.540529324104163,0.602,0.535,2.47778570912868e-42,"GRCh38-STK39","STK39","10"
3.45839220179221e-47,0.368323718431662,0.477,0.389,2.50048672973981e-42,"GRCh38-MED16","MED16","10"
3.53295574857735e-47,0.654028409377885,0.837,0.886,2.55439766533639e-42,"GRCh38-SEC13","SEC13","10"
3.53537878983596e-47,0.591739288657992,0.788,0.855,2.5561495726272e-42,"GRCh38-SHMT2","SHMT2","10"
3.76452991170374e-47,0.515493998497952,0.537,0.46,2.72183041676004e-42,"GRCh38-FSD1L","FSD1L","10"
4.03737552812105e-47,0.300731384240508,0.392,0.288,2.91910325434208e-42,"GRCh38-ATG16L1","ATG16L1","10"
4.35969950111906e-47,0.297561686603044,0.16,0.084,3.1521499332991e-42,"GRCh38-GAS1","GAS1","10"
4.61731901256492e-47,0.261105166613237,0.218,0.13,3.33841399246469e-42,"GRCh38-ENSG00000287697","ENSG00000287697","10"
5.6738556225055e-47,0.372044884775493,0.484,0.397,4.10231109218393e-42,"GRCh38-LYSET","LYSET","10"
5.67967064104703e-47,0.42981154860126,0.499,0.416,4.10651546688982e-42,"GRCh38-PHKG2","PHKG2","10"
6.53798679725747e-47,0.58276911894799,0.682,0.654,4.7270952141531e-42,"GRCh38-OSTM1","OSTM1","10"
7.04804381769254e-47,0.597973616827361,0.679,0.667,5.09587664106806e-42,"GRCh38-CCNQ","CCNQ","10"
7.25028170821793e-47,0.611276962739676,0.861,0.953,5.24209868067573e-42,"GRCh38-WASF2","WASF2","10"
7.42265070358963e-47,0.952689126829315,0.454,0.367,5.36672491170937e-42,"GRCh38-DSP","DSP","10"
7.43634774706376e-47,-0.563558411398411,0.099,0.201,5.37662814808204e-42,"GRCh38-HPGD","HPGD","10"
7.55428579421855e-47,0.505351522038539,0.43,0.339,5.4618997149359e-42,"GRCh38-IGSF3","IGSF3","10"
7.73389078639608e-47,0.381675702025494,0.511,0.427,5.5917577163801e-42,"GRCh38-DCAF12","DCAF12","10"
7.73473263680763e-47,0.482269558584104,0.669,0.644,5.59236639106465e-42,"GRCh38-ABCD3","ABCD3","10"
8.33454933810855e-47,0.731017564262212,0.752,0.778,6.02604586243924e-42,"GRCh38-MRPL38","MRPL38","10"
8.67788056805228e-47,-0.288669970996588,0.095,0.198,6.27428120831316e-42,"GRCh38-ENSG00000285588","ENSG00000285588","10"
8.77823558079127e-47,0.639224360284353,0.904,0.962,6.3468398896237e-42,"GRCh38-MRFAP1","MRFAP1","10"
9.30482212313979e-47,0.549954647659768,0.743,0.746,6.72757249147253e-42,"GRCh38-ARF3","ARF3","10"
9.5665555462002e-47,0.422141710242581,0.532,0.445,6.91681099101367e-42,"GRCh38-PLEKHA8","PLEKHA8","10"
9.73132757777294e-47,0.696819535234249,0.797,0.865,7.03594446528139e-42,"GRCh38-MRPL57","MRPL57","10"
1.08468307556809e-46,0.730964650980662,0.646,0.614,7.84247557297237e-42,"GRCh38-VPS37B","VPS37B","10"
1.09539514461191e-46,0.530614499893321,0.694,0.678,7.919925974573e-42,"GRCh38-ECD","ECD","10"
1.10845390454173e-46,0.468308969967111,0.662,0.632,8.01434342061762e-42,"GRCh38-C5orf22","C5orf22","10"
1.31705920347549e-46,0.544204343059413,0.657,0.607,9.52260145296846e-42,"GRCh38-CPPED1","CPPED1","10"
1.32072390801718e-46,0.502894385994656,0.578,0.51,9.5490979997458e-42,"GRCh38-LIMD1","LIMD1","10"
1.32950017219171e-46,0.326967337739868,0.389,0.289,9.61255214498048e-42,"GRCh38-TXNDC16","TXNDC16","10"
1.33113472174257e-46,0.627945492736973,0.871,0.948,9.62437026514315e-42,"GRCh38-LARS1","LARS1","10"
1.4970653658968e-46,0.393335891193673,0.471,0.381,1.0824082008507e-41,"GRCh38-MCOLN1","MCOLN1","10"
1.53074114724625e-46,0.611779642599169,0.804,0.888,1.10675646428199e-41,"GRCh38-NAXE","NAXE","10"
1.53882813198559e-46,0.731058531441628,0.768,0.823,1.11260351598822e-41,"GRCh38-TMEM208","TMEM208","10"
1.56149746771481e-46,0.351824320500417,0.294,0.193,1.12899389910716e-41,"GRCh38-ABCA10","ABCA10","10"
1.57103386146232e-46,0.638716046141497,0.843,0.916,1.13588890251448e-41,"GRCh38-YARS1","YARS1","10"
1.58695249452482e-46,0.677120408956635,0.8,0.944,1.14739839259134e-41,"GRCh38-MT-ATP8","MT-ATP8","10"
1.59858471264361e-46,0.479122575579321,0.554,0.486,1.15580871893558e-41,"GRCh38-SRCAP","SRCAP","10"
1.73386375380781e-46,1.34657850166044,0.368,0.284,1.25361817127813e-41,"GRCh38-AKR1B10","AKR1B10","10"
1.78959776931179e-46,0.541630426404054,0.654,0.628,1.29391497916781e-41,"GRCh38-DDX55","DDX55","10"
1.92793959338726e-46,0.466085702020397,0.586,0.526,1.39393888481085e-41,"GRCh38-PIGX","PIGX","10"
1.97118678962001e-46,0.450252106828641,0.577,0.505,1.42520747263106e-41,"GRCh38-NSF","NSF","10"
2.11757316062217e-46,0.695648783349212,0.764,0.762,1.53104774659304e-41,"GRCh38-TPD52L2","TPD52L2","10"
2.13112676382249e-46,0.522576476480546,0.564,0.501,1.54084727277894e-41,"GRCh38-TRAF4","TRAF4","10"
2.3532043778166e-46,0.486130707238175,0.584,0.526,1.70141382924896e-41,"GRCh38-ZBTB24","ZBTB24","10"
2.37768048925313e-46,0.485135444493353,0.61,0.576,1.7191105473398e-41,"GRCh38-COIL","COIL","10"
2.48080451018303e-46,0.470736419169228,0.461,0.357,1.79367127695254e-41,"GRCh38-SLC22A23","SLC22A23","10"
2.49480468956866e-46,0.835218125573959,0.907,0.967,1.80379368665193e-41,"GRCh38-SNU13","SNU13","10"
2.53532655703938e-46,0.50390589333467,0.67,0.636,1.83309180727061e-41,"GRCh38-STX18","STX18","10"
2.58911931389741e-46,0.550373031458442,0.699,0.68,1.8719850463341e-41,"GRCh38-SCYL1","SCYL1","10"
2.66939476924275e-46,0.729891485237833,0.745,0.791,1.93002580605789e-41,"GRCh38-PTRH2","PTRH2","10"
2.72510904384478e-46,0.451288399862174,0.622,0.579,1.97030834088066e-41,"GRCh38-MRPL44","MRPL44","10"
2.84178199638929e-46,0.473316467466693,0.655,0.628,2.05466521902938e-41,"GRCh38-DLST","DLST","10"
3.17706031044941e-46,0.383186298044364,0.415,0.32,2.29707814566113e-41,"GRCh38-MED26","MED26","10"
3.3470581299868e-46,-0.28482339380577,0.075,0.174,2.41998996914306e-41,"GRCh38-LINC02234","LINC02234","10"
3.46549586751392e-46,0.849963967905086,0.715,0.741,2.50562282212992e-41,"GRCh38-CEP112","CEP112","10"
3.60369016541584e-46,0.563932058771993,0.21,0.123,2.60554006339896e-41,"GRCh38-THSD7B","THSD7B","10"
3.60987100344916e-46,0.429666370492802,0.58,0.516,2.61000893291381e-41,"GRCh38-DDX41","DDX41","10"
3.61350308215767e-46,0.509104617977718,0.587,0.54,2.61263499846164e-41,"GRCh38-SLC35B2","SLC35B2","10"
3.63869362936911e-46,0.539745312943433,0.631,0.593,2.63084826790645e-41,"GRCh38-NME6","NME6","10"
4.77687435748519e-46,0.520836044417371,0.355,0.253,3.45377569794894e-41,"GRCh38-OAS1","OAS1","10"
4.98056061742015e-46,0.580013564019381,0.615,0.581,3.60104493760711e-41,"GRCh38-WDR18","WDR18","10"
5.16160371763864e-46,0.304067663856462,0.14,0.069,3.73194271992709e-41,"GRCh38-ELN","ELN","10"
6.23073032492531e-46,0.466579287406018,0.722,0.735,4.5049426395275e-41,"GRCh38-SKIC8","SKIC8","10"
6.62826983624929e-46,0.639252935721,0.776,0.823,4.79237165700496e-41,"GRCh38-SAP30BP","SAP30BP","10"
7.20415701811725e-46,0.487021605202229,0.642,0.61,5.20874960723914e-41,"GRCh38-ELP5","ELP5","10"
7.2381036475083e-46,0.594517901602207,0.772,0.814,5.23329369922145e-41,"GRCh38-GTF2H3","GTF2H3","10"
7.54825556433638e-46,0.286655655079523,0.316,0.218,5.45753973812649e-41,"GRCh38-NDOR1","NDOR1","10"
7.6811028127802e-46,0.655925944836108,0.795,0.864,5.55359095569634e-41,"GRCh38-CDYL","CDYL","10"
7.8394371847962e-46,0.626981155621341,0.752,0.754,5.66806987335135e-41,"GRCh38-USP22","USP22","10"
7.90010242975594e-46,0.704396898177221,0.771,0.816,5.71193205876214e-41,"GRCh38-NOL10","NOL10","10"
8.91413013885612e-46,0.546266195201825,0.624,0.587,6.44509437299575e-41,"GRCh38-JMJD8","JMJD8","10"
9.56664082424161e-46,0.502123537099214,0.664,0.635,6.91687264874317e-41,"GRCh38-R3HCC1","R3HCC1","10"
9.57651996432359e-46,0.290669011122341,0.385,0.278,6.92401546460524e-41,"GRCh38-LACC1","LACC1","10"
9.58340780108874e-46,0.862853490260703,0.489,0.401,6.92899550834318e-41,"GRCh38-FAM133A","FAM133A","10"
9.61647823627846e-46,-1.02214785800509,0.119,0.22,6.95290609439406e-41,"GRCh38-CCSER1","CCSER1","10"
1.06044657005246e-45,0.620291673526811,0.147,0.076,7.66724079079326e-41,"GRCh38-MIR31HG","MIR31HG","10"
1.06074299328775e-45,0.775777757732182,0.81,0.85,7.66938399006909e-41,"GRCh38-SDHD","SDHD","10"
1.07283118740896e-45,0.70124227477152,0.845,0.928,7.75678405120424e-41,"GRCh38-BBLN","BBLN","10"
1.08906811271241e-45,0.715683375789806,0.626,0.59,7.87418026853329e-41,"GRCh38-KLHL18","KLHL18","10"
1.09293837722102e-45,0.539863486364833,0.713,0.719,7.90216305498338e-41,"GRCh38-CTBP1","CTBP1","10"
1.14519582272867e-45,0.251741930381286,0.286,0.19,8.27999483749285e-41,"GRCh38-AP4B1","AP4B1","10"
1.16045036982523e-45,0.27461834359489,0.343,0.243,8.39028826391035e-41,"GRCh38-ZNF689","ZNF689","10"
1.18083792744701e-45,0.551332952077351,0.762,0.8,8.53769438302737e-41,"GRCh38-ISY1","ISY1","10"
1.23427213114385e-45,0.374461289392459,0.507,0.416,8.92403436259627e-41,"GRCh38-RRM2B","RRM2B","10"
1.23880296184677e-45,0.540368129229862,0.714,0.706,8.95679317474453e-41,"GRCh38-CYB5R4","CYB5R4","10"
1.27514018690214e-45,0.482495956653446,0.663,0.627,9.21951857933983e-41,"GRCh38-MAP3K7","MAP3K7","10"
1.31210544649864e-45,0.621180720930864,0.881,0.961,9.4867847992745e-41,"GRCh38-COPE","COPE","10"
1.48660528363002e-45,0.700561878211904,0.84,0.921,1.07484535217018e-40,"GRCh38-DHX29","DHX29","10"
1.50705986815349e-45,0.317398723080112,0.479,0.385,1.08963442587234e-40,"GRCh38-ASNSD1","ASNSD1","10"
1.52202832098051e-45,0.543968971291759,0.704,0.725,1.10045691663533e-40,"GRCh38-TMUB1","TMUB1","10"
1.79920815684294e-45,0.756583338039376,0.776,0.82,1.30086348156058e-40,"GRCh38-PSME4","PSME4","10"
1.96630686683172e-45,0.636290330658242,0.62,0.588,1.42167919085667e-40,"GRCh38-TMEM9B","TMEM9B","10"
2.02878647014682e-45,0.319487092978233,0.448,0.354,1.46685319364555e-40,"GRCh38-CEP63","CEP63","10"
2.13206745541431e-45,0.494283147946447,0.634,0.61,1.54152741161365e-40,"GRCh38-ARV1","ARV1","10"
2.77698506129028e-45,0.353429152916767,0.479,0.389,2.0078157390141e-40,"GRCh38-INTS15","INTS15","10"
2.80208591033173e-45,0.632329106899178,0.695,0.703,2.02596415488805e-40,"GRCh38-CWF19L2","CWF19L2","10"
2.90701784569435e-45,0.268679869917751,0.359,0.257,2.10183204279393e-40,"GRCh38-ZSCAN12","ZSCAN12","10"
2.91421349179009e-45,0.263019636472677,0.271,0.177,2.10703463883407e-40,"GRCh38-ENSG00000289469","ENSG00000289469","10"
3.05306418294438e-45,0.354851945587831,0.509,0.422,2.20742646555245e-40,"GRCh38-LIG3","LIG3","10"
3.1348635343919e-45,0.370989130522605,0.517,0.433,2.26656903263603e-40,"GRCh38-RINT1","RINT1","10"
3.17176976830913e-45,0.584785309924846,0.711,0.713,2.29325297788287e-40,"GRCh38-MRPL9","MRPL9","10"
3.26022094030956e-45,0.372142889503433,0.364,0.268,2.35720494426262e-40,"GRCh38-DHRS13","DHRS13","10"
3.34966425151485e-45,0.456355876680345,0.598,0.543,2.42187424713027e-40,"GRCh38-FBXW2","FBXW2","10"
3.97510776126312e-45,0.388356430445955,0.455,0.371,2.87408241354846e-40,"GRCh38-ZNF749","ZNF749","10"
3.98407491477606e-45,0.338906756898742,0.493,0.405,2.88056584488139e-40,"GRCh38-RBMXL1","RBMXL1","10"
4.10792298574555e-45,0.265251877961173,0.217,0.127,2.97011047715375e-40,"GRCh38-LINC01605","LINC01605","10"
4.42267098494554e-45,0.491578372451501,0.698,0.661,3.19767957553532e-40,"GRCh38-MDM2","MDM2","10"
4.58835909364454e-45,0.766768859505957,0.775,0.847,3.31747539188688e-40,"GRCh38-SLC39A10","SLC39A10","10"
4.75151898820998e-45,0.547436808158035,0.604,0.568,3.43544325885558e-40,"GRCh38-NFYC","NFYC","10"
4.86112628886207e-45,0.45308734424835,0.56,0.494,3.51469152937305e-40,"GRCh38-CHERP","CHERP","10"
5.41051897604416e-45,0.567160884480352,0.682,0.66,3.91191343005945e-40,"GRCh38-PDIA5","PDIA5","10"
5.49307188538523e-45,0.67735159110465,0.806,0.868,3.97160083457123e-40,"GRCh38-NUDT3","NUDT3","10"
5.97888794926344e-45,0.508543553255951,0.724,0.743,4.32285556507645e-40,"GRCh38-WRNIP1","WRNIP1","10"
6.63041277238062e-45,0.575981431651484,0.863,0.929,4.79392104268664e-40,"GRCh38-NDUFB1","NDUFB1","10"
7.04244811564862e-45,0.441565840202977,0.646,0.621,5.09183083657627e-40,"GRCh38-PFKL","PFKL","10"
7.23062662238497e-45,0.60982285682411,0.668,0.643,5.22788766051678e-40,"GRCh38-FTSJ1","FTSJ1","10"
7.38111017488754e-45,0.362782443376133,0.514,0.432,5.33669027864719e-40,"GRCh38-FEM1B","FEM1B","10"
7.58566054086042e-45,0.575899354411553,0.615,0.574,5.4845842842529e-40,"GRCh38-GNPTAB","GNPTAB","10"
7.6855498921273e-45,0.505516043200572,0.632,0.595,5.55680628300588e-40,"GRCh38-GAK","GAK","10"
7.70721299036145e-45,0.41446148152239,0.472,0.388,5.57246913629114e-40,"GRCh38-MSRB1","MSRB1","10"
8.32280451893059e-45,0.41841537961193,0.604,0.557,6.01755412327719e-40,"GRCh38-ENSG00000291207","ENSG00000291207","10"
8.82791397618354e-45,0.53800866478437,0.553,0.464,6.38275836306022e-40,"GRCh38-TES","TES","10"
9.24417802521549e-45,0.42602534282822,0.464,0.368,6.68372559579131e-40,"GRCh38-FUT11","FUT11","10"
1.00740252656397e-44,0.345920954228285,0.325,0.227,7.2837217475628e-40,"GRCh38-ZNF697","ZNF697","10"
1.04190765021307e-44,0.367899247056677,0.449,0.356,7.53320069257053e-40,"GRCh38-CCDC169","CCDC169","10"
1.04279789833064e-44,0.606681220853917,0.822,0.899,7.53963736451023e-40,"GRCh38-SLAIN2","SLAIN2","10"
1.1844920387897e-44,0.604493838572273,0.658,0.659,8.56411433885729e-40,"GRCh38-ARL13B","ARL13B","10"
1.20543520066333e-44,0.432358684133005,0.489,0.404,8.71553758783604e-40,"GRCh38-POLR3E","POLR3E","10"
1.23262061514289e-44,0.641134083834851,0.736,0.75,8.91209357160614e-40,"GRCh38-CIAPIN1","CIAPIN1","10"
1.23361376634279e-44,0.365645807259025,0.49,0.408,8.91927425341166e-40,"GRCh38-POMK","POMK","10"
1.24785973361733e-44,0.525441362923281,0.639,0.586,9.02227544600002e-40,"GRCh38-XPO5","XPO5","10"
1.26274037140801e-44,0.35092876357539,0.412,0.318,9.12986543335423e-40,"GRCh38-TRIM21","TRIM21","10"
1.2991549791176e-44,0.384579346043594,0.592,0.529,9.39315033001607e-40,"GRCh38-EIF4EBP2","EIF4EBP2","10"
1.33579277504362e-44,0.767998012920386,0.837,0.888,9.65804892212041e-40,"GRCh38-MRPS12","MRPS12","10"
1.35506716198991e-44,0.58957093668125,0.843,0.955,9.79740659461946e-40,"GRCh38-BRD9","BRD9","10"
1.743002943405e-44,0.442411051422968,0.56,0.49,1.26022598814068e-39,"GRCh38-AGK","AGK","10"
1.86830907398766e-44,0.347570005508674,0.304,0.207,1.35082482667456e-39,"GRCh38-ZNF503","ZNF503","10"
1.9070233687077e-44,0.59221041174222,0.743,0.795,1.37881603604304e-39,"GRCh38-NUP214","NUP214","10"
2.02308604220092e-44,0.855287403758419,0.659,0.648,1.46273167023211e-39,"GRCh38-IER5","IER5","10"
2.12479520554777e-44,0.667628150749277,0.782,0.803,1.53626942951515e-39,"GRCh38-AP3S1","AP3S1","10"
2.29698269030759e-44,0.50189902869715,0.792,0.84,1.66076442474619e-39,"GRCh38-FIP1L1","FIP1L1","10"
2.91112256347649e-44,0.634220917101667,0.88,0.938,2.10479983584477e-39,"GRCh38-PLS3","PLS3","10"
2.97130067527155e-44,0.507265568953247,0.777,0.813,2.14830981423483e-39,"GRCh38-DHX30","DHX30","10"
3.04909010202788e-44,0.428050938739002,0.596,0.539,2.2045531255682e-39,"GRCh38-IQCE","IQCE","10"
3.05478947789811e-44,0.483753494144169,0.656,0.639,2.20867388830989e-39,"GRCh38-DNAJB12","DNAJB12","10"
3.067898292608e-44,0.829858345414702,0.87,0.967,2.21815182352144e-39,"GRCh38-SPCS2","SPCS2","10"
3.10938729374735e-44,0.556441164160703,0.732,0.764,2.24814920112521e-39,"GRCh38-TDG","TDG","10"
3.46572314837101e-44,0.437768246262253,0.523,0.447,2.50578715073521e-39,"GRCh38-MTMR14","MTMR14","10"
3.49156101609325e-44,0.598487552040802,0.755,0.763,2.52446844585574e-39,"GRCh38-GNL1","GNL1","10"
3.71915393363354e-44,0.274297758230076,0.273,0.175,2.68902267709572e-39,"GRCh38-ENSG00000258168","ENSG00000258168","10"
3.82965530677346e-44,0.711976597891439,0.746,0.824,2.76891737990335e-39,"GRCh38-CCDC14","CCDC14","10"
3.9251029311145e-44,0.701019717104652,0.858,0.94,2.83792792125441e-39,"GRCh38-DDX39B","DDX39B","10"
3.94109648294306e-44,0.628292517378688,0.85,0.946,2.84949157909749e-39,"GRCh38-NFIC","NFIC","10"
4.07160109922555e-44,0.462564775687769,0.562,0.499,2.94384902676206e-39,"GRCh38-MAPKAPK3","MAPKAPK3","10"
4.24081551527389e-44,0.651065882915616,0.811,0.882,3.06619443385333e-39,"GRCh38-HAX1","HAX1","10"
4.43733980290906e-44,0.275258052078109,0.327,0.231,3.20828542429931e-39,"GRCh38-ASB6","ASB6","10"
4.62800094301379e-44,0.633410068314045,0.773,0.792,3.34613724181783e-39,"GRCh38-MTHFD1L","MTHFD1L","10"
4.77152052269639e-44,0.335719891965586,0.327,0.233,3.44990476831995e-39,"GRCh38-ENSG00000291258","ENSG00000291258","10"
4.88762255135963e-44,0.406058391527693,0.393,0.272,3.53384885708404e-39,"GRCh38-CA9","CA9","10"
5.32482497224468e-44,0.574096248561115,0.802,0.865,3.84995495143235e-39,"GRCh38-METTL9","METTL9","10"
6.06862996803671e-44,0.857869453123816,0.798,0.853,4.3877408394899e-39,"GRCh38-TOMM22","TOMM22","10"
6.1604999481564e-44,0.465370097298979,0.38,0.292,4.45416467251604e-39,"GRCh38-SYTL4","SYTL4","10"
6.32629205229488e-44,-0.376176953585851,0.254,0.378,4.57403567965025e-39,"GRCh38-PDE7B","PDE7B","10"
6.56059221351628e-44,0.592875964698948,0.181,0.102,4.74343938221654e-39,"GRCh38-SEMA4A","SEMA4A","10"
7.14121152869937e-44,0.615745989778807,0.826,0.899,5.16323875948022e-39,"GRCh38-NELFE","NELFE","10"
7.54384696432815e-44,0.358416307591176,0.438,0.346,5.45435223214854e-39,"GRCh38-FKBP2","FKBP2","10"
7.97822008222165e-44,0.434641166317156,0.622,0.567,5.76841268384789e-39,"GRCh38-SCAF4","SCAF4","10"
8.20854339690763e-44,0.57468449250358,0.821,0.901,5.93494104683216e-39,"GRCh38-MCFD2","MCFD2","10"
8.23054509600085e-44,0.376614464343414,0.497,0.412,5.95084871531053e-39,"GRCh38-ZNF138","ZNF138","10"
8.46573814599959e-44,0.43396652424254,0.396,0.299,6.12089799432062e-39,"GRCh38-DGKG","DGKG","10"
8.75536499509698e-44,0.483547454899036,0.585,0.534,6.33030399875502e-39,"GRCh38-RELL1","RELL1","10"
8.77789353046528e-44,0.484654392009832,0.551,0.477,6.346592580397e-39,"GRCh38-DDIT3","DDIT3","10"
9.25318539093383e-44,0.61008740932475,0.807,0.887,6.69023810135298e-39,"GRCh38-UBE3C","UBE3C","10"
9.44525225814116e-44,0.415155815038995,0.473,0.382,6.82910628768122e-39,"GRCh38-SLFN11","SLFN11","10"
9.89710398349037e-44,0.375148907128238,0.424,0.33,7.15580412214321e-39,"GRCh38-FAM118B","FAM118B","10"
9.90955280215355e-44,0.621772790504386,0.943,0.992,7.16480486701306e-39,"GRCh38-MT-CO2","MT-CO2","10"
1.01589189241585e-43,0.617091511109373,0.7,0.692,7.3451015605451e-39,"GRCh38-BLTP2","BLTP2","10"
1.03516746589705e-43,0.485580211671978,0.763,0.783,7.48446781192883e-39,"GRCh38-FMR1","FMR1","10"
1.07251666221074e-43,0.432950794484757,0.678,0.669,7.75450997111609e-39,"GRCh38-HAUS4","HAUS4","10"
1.10971620035752e-43,0.418505049580705,0.499,0.428,8.02347007182498e-39,"GRCh38-WRAP73","WRAP73","10"
1.13035840181711e-43,-0.334139546315271,0.169,0.283,8.17271731681809e-39,"GRCh38-MYOZ2","MYOZ2","10"
1.1844312064951e-43,0.700970525144141,0.859,0.951,8.56367450920085e-39,"GRCh38-DYNC1H1","DYNC1H1","10"
1.23167689971703e-43,0.622945748547596,0.795,0.858,8.90527032033409e-39,"GRCh38-MRPL42","MRPL42","10"
1.2536158869675e-43,0.427914067392913,0.436,0.345,9.06389358595241e-39,"GRCh38-ENSG00000271254","ENSG00000271254","10"
1.31761825007916e-43,0.404486444024535,0.682,0.657,9.52664347172232e-39,"GRCh38-KDM3B","KDM3B","10"
1.33117205131314e-43,0.296165833701278,0.4,0.3,9.6246401654043e-39,"GRCh38-FBXL3","FBXL3","10"
1.3507576657704e-43,0.676431685311688,0.851,0.921,9.76624807505318e-39,"GRCh38-EMD","EMD","10"
1.35354328765758e-43,0.568467810475164,0.743,0.78,9.78638867842183e-39,"GRCh38-SMNDC1","SMNDC1","10"
1.39408220283017e-43,0.713906272847056,0.803,0.867,1.00794931429027e-38,"GRCh38-TASOR2","TASOR2","10"
1.41550790864692e-43,0.740459866175385,0.956,0.978,1.02344052810989e-38,"GRCh38-LDHB","LDHB","10"
1.46883919249438e-43,0.655575651791996,0.702,0.713,1.06200011295729e-38,"GRCh38-DERL1","DERL1","10"
1.60111012014326e-43,0.353808287291393,0.461,0.37,1.15763463906598e-38,"GRCh38-ARL5B","ARL5B","10"
1.65740988586532e-43,-0.26407575159301,0.366,0.499,1.19834049567834e-38,"GRCh38-NEK10","NEK10","10"
1.72100582178034e-43,0.647465250786268,0.86,0.95,1.24432162926362e-38,"GRCh38-SMARCC1","SMARCC1","10"
1.83774340423267e-43,0.683458503854474,0.843,0.91,1.3287252361283e-38,"GRCh38-SRP19","SRP19","10"
1.92215009648529e-43,0.421128733660109,0.458,0.371,1.38975296276079e-38,"GRCh38-MARVELD1","MARVELD1","10"
2.04121332172424e-43,0.280931467358254,0.115,0.053,1.47583805587306e-38,"GRCh38-BANCR","BANCR","10"
2.08701432787543e-43,0.466177831319621,0.617,0.574,1.50895309934049e-38,"GRCh38-SLC25A17","SLC25A17","10"
2.13902422017778e-43,0.397273496080495,0.544,0.472,1.54655729167294e-38,"GRCh38-PRPSAP2","PRPSAP2","10"
2.27684273531215e-43,0.530012827413112,0.722,0.722,1.64620283448539e-38,"GRCh38-GID8","GID8","10"
2.35372790874911e-43,0.592943594976038,0.911,0.96,1.70179235258378e-38,"GRCh38-ATP5F1A","ATP5F1A","10"
2.40254617989647e-43,0.655462551973843,0.645,0.62,1.73708893898875e-38,"GRCh38-ZFAND2A","ZFAND2A","10"
2.4544520601304e-43,0.390933695130946,0.544,0.466,1.77461792851548e-38,"GRCh38-RABL3","RABL3","10"
2.52483989512539e-43,0.484288247460888,0.43,0.329,1.82550974097356e-38,"GRCh38-ENSG00000291174","ENSG00000291174","10"
2.69911537881132e-43,0.737452009541053,0.821,0.882,1.95151440118816e-38,"GRCh38-PPP6R3","PPP6R3","10"
2.7932566762642e-43,0.663979908088717,0.599,0.545,2.01958044207254e-38,"GRCh38-ABHD5","ABHD5","10"
3.02865607085276e-43,0.484922366140332,0.553,0.491,2.18977891234796e-38,"GRCh38-OXNAD1","OXNAD1","10"
3.23196404406113e-43,0.484776424201828,0.591,0.543,2.33677464313708e-38,"GRCh38-LRP12","LRP12","10"
3.23364699367977e-43,0.255752277308784,0.24,0.142,2.33799144937035e-38,"GRCh38-TREM1","TREM1","10"
3.71573880706266e-43,0.476531608941192,0.446,0.347,2.68655347228244e-38,"GRCh38-HERC3","HERC3","10"
3.74878857890915e-43,0.673411949935043,0.796,0.871,2.71044911832289e-38,"GRCh38-MPZL1","MPZL1","10"
3.78849511742348e-43,0.549786760244728,0.805,0.843,2.73915773979953e-38,"GRCh38-KLC1","KLC1","10"
4.195912327775e-43,0.374813905773788,0.508,0.427,3.03372853122788e-38,"GRCh38-THAP1","THAP1","10"
4.27923483644744e-43,0.48198401887141,0.682,0.682,3.09397237144823e-38,"GRCh38-CARM1","CARM1","10"
4.37224889973388e-43,0.473238217854702,0.508,0.431,3.16122339948559e-38,"GRCh38-TSPAN14","TSPAN14","10"
4.54104194197195e-43,0.565208550821356,0.59,0.543,3.28326414488456e-38,"GRCh38-PKP3","PKP3","10"
4.6711290212324e-43,0.681640390188395,0.907,0.978,3.37731970493145e-38,"GRCh38-MAP4","MAP4","10"
4.99667690884818e-43,0.336269822875476,0.415,0.32,3.61269733863541e-38,"GRCh38-HOXC4","HOXC4","10"
5.23436278667722e-43,0.54883242606697,0.606,0.566,3.78454898202336e-38,"GRCh38-NAB1","NAB1","10"
5.44070139608023e-43,0.559126964993496,0.791,0.838,3.93373592339393e-38,"GRCh38-COPS8","COPS8","10"
5.45168975177538e-43,0.601731064285056,0.633,0.619,3.94168072432864e-38,"GRCh38-ISG20L2","ISG20L2","10"
5.60582359829179e-43,0.743416113996447,0.787,0.846,4.05312257803693e-38,"GRCh38-ARHGAP21","ARHGAP21","10"
5.62340455207611e-43,0.492098709819559,0.697,0.691,4.06583395924207e-38,"GRCh38-AARS1","AARS1","10"
5.99872429931749e-43,-0.273685061769101,0.121,0.226,4.33719764289253e-38,"GRCh38-ENSG00000250195","ENSG00000250195","10"
6.38775808556654e-43,0.308670420431071,0.354,0.259,4.61847685102632e-38,"GRCh38-ATXN1L","ATXN1L","10"
6.40646897374757e-43,0.807853726884402,0.696,0.69,4.63200519739897e-38,"GRCh38-PDGFA","PDGFA","10"
6.56465922572844e-43,0.464127941917043,0.605,0.552,4.74637991338617e-38,"GRCh38-SMG5","SMG5","10"
6.83117739859048e-43,0.380742734566356,0.422,0.331,4.93907788272889e-38,"GRCh38-VPS37C","VPS37C","10"
7.17108505894375e-43,0.75285377302626,0.377,0.276,5.18483791931751e-38,"GRCh38-ID2","ID2","10"
7.68609568144662e-43,0.361333859643282,0.467,0.384,5.55720089959953e-38,"GRCh38-MAP1S","MAP1S","10"
7.74622654531893e-43,0.301335729703579,0.14,0.071,5.60067671679649e-38,"GRCh38-TRIM55","TRIM55","10"
7.92953004203485e-43,0.668400213890004,0.837,0.906,5.73320881099204e-38,"GRCh38-FKBP3","FKBP3","10"
8.2330765691133e-43,0.33199403750615,0.232,0.147,5.9526790210003e-38,"GRCh38-CCNE1","CCNE1","10"
8.67416780418681e-43,0.4286246221025,0.533,0.464,6.27159680578315e-38,"GRCh38-RBBP5","RBBP5","10"
8.69437136123417e-43,0.361064655213997,0.392,0.299,6.28620438159953e-38,"GRCh38-CCNO","CCNO","10"
9.25102474377243e-43,0.383323966623448,0.542,0.469,6.68867591024234e-38,"GRCh38-AP3M1","AP3M1","10"
9.43650501201664e-43,0.55245578862199,0.66,0.633,6.82278185378827e-38,"GRCh38-OTUD4","OTUD4","10"
1.16765942372754e-42,0.334810653887592,0.224,0.137,8.44241116543484e-38,"GRCh38-LINC02391","LINC02391","10"
1.19036122263469e-42,0.452191309479139,0.494,0.413,8.60654971189336e-38,"GRCh38-SLC35A2","SLC35A2","10"
1.20231573487028e-42,0.569645192968694,0.78,0.827,8.69298322625909e-38,"GRCh38-SBNO1","SBNO1","10"
1.29905271236959e-42,0.595677500509075,0.792,0.871,9.39241092097463e-38,"GRCh38-C1D","C1D","10"
1.33593306161653e-42,0.611074845849369,0.944,0.992,9.65906322209986e-38,"GRCh38-MT-CO3","MT-CO3","10"
1.39969478519128e-42,0.649936591829446,0.785,0.842,1.012007323589e-37,"GRCh38-RNF145","RNF145","10"
1.48909095346319e-42,0.492740429866313,0.552,0.491,1.07664254117296e-37,"GRCh38-GFOD2","GFOD2","10"
1.62186490475626e-42,0.757327417844141,0.794,0.886,1.17264076343687e-37,"GRCh38-ALG5","ALG5","10"
1.63671950569174e-42,0.694678782935771,0.768,0.806,1.18338093700524e-37,"GRCh38-RBM22","RBM22","10"
1.64657936507757e-42,0.567493536057354,0.649,0.618,1.19050981253839e-37,"GRCh38-SUCO","SUCO","10"
1.652595261158e-42,0.678284534552283,0.458,0.367,1.19485942572246e-37,"GRCh38-LINC01980","LINC01980","10"
1.7520525399561e-42,0.458272259493574,0.653,0.623,1.26676902743906e-37,"GRCh38-ANAPC1","ANAPC1","10"
1.75531546432421e-42,0.627873223117453,0.684,0.701,1.26912818701569e-37,"GRCh38-ALG8","ALG8","10"
1.84930083030727e-42,0.573239484807193,0.826,0.914,1.33708148632876e-37,"GRCh38-METTL5","METTL5","10"
1.85873815292014e-42,0.680703869555747,0.936,0.976,1.34390485932432e-37,"GRCh38-SNRPD2","SNRPD2","10"
1.87120065648368e-42,0.670189037746324,0.832,0.898,1.35291549865083e-37,"GRCh38-DAP3","DAP3","10"
2.03792023465312e-42,0.374100239316244,0.342,0.251,1.4734570880589e-37,"GRCh38-PDCD2L","PDCD2L","10"
2.04315791504683e-42,0.794793083135855,0.835,0.877,1.47724403573716e-37,"GRCh38-SACS","SACS","10"
2.06475775997197e-42,0.448710200131376,0.525,0.455,1.49286115561493e-37,"GRCh38-EOGT","EOGT","10"
2.10451046502271e-42,0.294419341822262,0.388,0.292,1.52160315642072e-37,"GRCh38-HSDL1","HSDL1","10"
2.15460637487297e-42,0.616904595262936,0.758,0.808,1.55782350116065e-37,"GRCh38-NOL8","NOL8","10"
2.18631114301186e-42,0.529398582919305,0.658,0.643,1.58074668262044e-37,"GRCh38-PDRG1","PDRG1","10"
2.40462105472393e-42,0.436872076857316,0.647,0.613,1.7385891149865e-37,"GRCh38-CNOT6L","CNOT6L","10"
2.60442423578715e-42,0.829071126907299,0.268,0.183,1.88305081095882e-37,"GRCh38-ENSG00000288755","ENSG00000288755","10"
2.62104568847809e-42,0.605998534134061,0.831,0.936,1.89506845368343e-37,"GRCh38-PPP1R12A","PPP1R12A","10"
2.66726728906057e-42,0.686181097663337,0.794,0.843,1.92848759533657e-37,"GRCh38-AASDHPPT","AASDHPPT","10"
2.70728056276809e-42,0.506576596903084,0.734,0.749,1.95741799249258e-37,"GRCh38-TMCO3","TMCO3","10"
2.71759198895579e-42,0.621307805381203,0.692,0.691,1.96487335985481e-37,"GRCh38-TSSC4","TSSC4","10"
2.72732084114039e-42,-0.341148490304025,0.119,0.224,1.97190751456132e-37,"GRCh38-ENSG00000287144","ENSG00000287144","10"
2.76600919401079e-42,0.621612664337211,0.725,0.738,1.99987996745368e-37,"GRCh38-PTGR1","PTGR1","10"
2.80931594532871e-42,0.273964057968216,0.162,0.088,2.03119161479156e-37,"GRCh38-ENSG00000287470","ENSG00000287470","10"
2.89633704336333e-42,0.759866407227221,0.647,0.637,2.09410960909256e-37,"GRCh38-TSC22D2","TSC22D2","10"
2.95204810982409e-42,0.560007320531434,0.663,0.626,2.13438982436501e-37,"GRCh38-ALDOA","ALDOA","10"
2.96043678680984e-42,0.259709303541266,0.252,0.161,2.14045500559925e-37,"GRCh38-ITGB1-DT","ITGB1-DT","10"
3.13578858152054e-42,0.412917761695879,0.199,0.117,2.26723786021098e-37,"GRCh38-ENSG00000255028","ENSG00000255028","10"
3.20141647025048e-42,0.752722928222795,0.895,0.957,2.3146881363205e-37,"GRCh38-PSMB5","PSMB5","10"
3.24771000538388e-42,0.45875195888972,0.63,0.599,2.34815928809265e-37,"GRCh38-USP42","USP42","10"
3.34437032224691e-42,-0.861247487139902,0.396,0.48,2.41804663039096e-37,"GRCh38-IL1RAPL1","IL1RAPL1","10"
3.45418191410791e-42,0.35012512716645,0.317,0.224,2.4974426075383e-37,"GRCh38-FOXC1","FOXC1","10"
3.49202208109499e-42,0.371157523851396,0.604,0.545,2.5248018050733e-37,"GRCh38-ELK4","ELK4","10"
3.6431765275449e-42,0.426016996805266,0.545,0.486,2.63408949294552e-37,"GRCh38-METTL17","METTL17","10"
4.23475748788561e-42,0.584456470431722,0.685,0.67,3.06181435889106e-37,"GRCh38-UBA5","UBA5","10"
4.60665728863976e-42,0.359946310460385,0.21,0.128,3.33070535283232e-37,"GRCh38-USP43","USP43","10"
4.68698777840733e-42,0.376562602784366,0.492,0.414,3.38878590354407e-37,"GRCh38-MUS81","MUS81","10"
4.75162127824593e-42,0.397202044157415,0.368,0.271,3.43551721659738e-37,"GRCh38-ENSG00000250041","ENSG00000250041","10"
4.77866223305601e-42,0.537914816792328,0.627,0.598,3.45506836774416e-37,"GRCh38-BIN3","BIN3","10"
4.86785020355159e-42,0.568278941053632,0.689,0.686,3.51955305417187e-37,"GRCh38-TTF1","TTF1","10"
4.93921397063405e-42,0.351539155813419,0.247,0.157,3.57115048504783e-37,"GRCh38-ENSG00000259001","ENSG00000259001","10"
4.98170948724419e-42,0.743415203921761,0.774,0.855,3.60187559346729e-37,"GRCh38-AUP1","AUP1","10"
4.99209807098689e-42,0.721165440901254,0.862,0.931,3.60938674728494e-37,"GRCh38-CDK4","CDK4","10"
5.1075215760849e-42,0.713995313903696,0.885,0.965,3.6928402499409e-37,"GRCh38-XRN2","XRN2","10"
5.80857078732938e-42,0.330477347033254,0.219,0.129,4.19971285065488e-37,"GRCh38-EHF","EHF","10"
5.85251546231105e-42,0.464394233428488,0.508,0.441,4.23148572956014e-37,"GRCh38-GCDH","GCDH","10"
6.16467725300773e-42,0.448175663361047,0.824,0.9,4.45718494746965e-37,"GRCh38-NCKAP1","NCKAP1","10"
6.68747137367288e-42,0.693318817466356,0.827,0.874,4.83517555259297e-37,"GRCh38-ZYX","ZYX","10"
6.79558296088575e-42,0.712572210159851,0.614,0.572,4.91334239237961e-37,"GRCh38-TXNRD2","TXNRD2","10"
6.81007381246042e-42,0.266652660437886,0.227,0.139,4.92381956788513e-37,"GRCh38-LRRC8C","LRRC8C","10"
7.01414979871496e-42,0.256968544629511,0.276,0.176,5.07137058746689e-37,"GRCh38-APOD","APOD","10"
7.87414504349004e-42,-0.25658412710267,0.139,0.244,5.69316434934417e-37,"GRCh38-VCAM1","VCAM1","10"
8.54681189757054e-42,0.650038581768187,0.803,0.872,6.17951593818145e-37,"GRCh38-TIAL1","TIAL1","10"
8.76695932096472e-42,0.51320281749937,0.541,0.475,6.33868692824391e-37,"GRCh38-F8A1","F8A1","10"
8.98386631137522e-42,0.380629619478688,0.508,0.432,6.49551502045051e-37,"GRCh38-MRM3","MRM3","10"
9.27855494393493e-42,0.53014234236152,0.798,0.867,6.70858079556383e-37,"GRCh38-DDX50","DDX50","10"
9.41122663322294e-42,0.463216998918373,0.651,0.628,6.80450508035285e-37,"GRCh38-NHLRC2","NHLRC2","10"
9.52934999872687e-42,0.391792892268684,0.562,0.492,6.8899106360795e-37,"GRCh38-CSGALNACT2","CSGALNACT2","10"
9.90128877705006e-42,0.435707462498628,0.559,0.502,7.15882981158274e-37,"GRCh38-MED25","MED25","10"
1.07094731070763e-41,0.26563155360812,0.327,0.23,7.74316324587832e-37,"GRCh38-RTN4IP1","RTN4IP1","10"
1.10168085138487e-41,0.40135456466462,0.491,0.418,7.96537289168288e-37,"GRCh38-BCS1L","BCS1L","10"
1.16775512672946e-41,0.703331261766796,0.667,0.655,8.44310311727936e-37,"GRCh38-BHLHE40","BHLHE40","10"
1.22466659380249e-41,0.574898372075084,0.757,0.791,8.85458440651077e-37,"GRCh38-MOB4","MOB4","10"
1.39018905916617e-41,0.468656999514898,0.507,0.43,1.00513449355833e-36,"GRCh38-CDC42EP1","CDC42EP1","10"
1.40293870136238e-41,-0.321228355995668,0.32,0.444,1.01435273985903e-36,"GRCh38-FIRRE","FIRRE","10"
1.48520375488653e-41,-0.260072646054894,0.363,0.499,1.07383201885806e-36,"GRCh38-RMDN2","RMDN2","10"
1.50727714543118e-41,0.28532384391905,0.282,0.191,1.08979152168965e-36,"GRCh38-ZNF551","ZNF551","10"
1.57903284965323e-41,0.692538193269542,0.895,0.965,1.14167233095628e-36,"GRCh38-ATP5PF","ATP5PF","10"
1.6033942885973e-41,0.463521435771431,0.644,0.613,1.15928613854162e-36,"GRCh38-BET1","BET1","10"
1.61615175063911e-41,0.355831014001576,0.425,0.336,1.16851003874709e-36,"GRCh38-IFIT5","IFIT5","10"
1.72659017051256e-41,0.354712694902818,0.493,0.406,1.24835922508399e-36,"GRCh38-NEK4","NEK4","10"
1.81980393566561e-41,0.39012174627181,0.63,0.576,1.31575464156495e-36,"GRCh38-SAV1","SAV1","10"
1.92095272575596e-41,0.916948713744194,0.773,0.819,1.38888723977607e-36,"GRCh38-NFIA","NFIA","10"
1.9883778234714e-41,0.421794112333417,0.547,0.482,1.43763693392629e-36,"GRCh38-KAT5","KAT5","10"
2.08401939000777e-41,0.413890075380319,0.585,0.537,1.50678769936341e-36,"GRCh38-FASTK","FASTK","10"
2.08920458854991e-41,0.435099641679888,0.634,0.596,1.51053670161336e-36,"GRCh38-SACM1L","SACM1L","10"
2.14708252534685e-41,0.578545593757704,0.729,0.767,1.55238360747628e-36,"GRCh38-ATXN2L","ATXN2L","10"
2.23853762600722e-41,0.537229799603999,0.897,0.969,1.61850747435574e-36,"GRCh38-PAIP1","PAIP1","10"
2.26644938534301e-41,0.451711460841516,0.535,0.473,1.6386882345907e-36,"GRCh38-ZMYND19","ZMYND19","10"
2.34586580643198e-41,0.812998363651495,0.721,0.782,1.69610789536645e-36,"GRCh38-SYNE2","SYNE2","10"
2.59314811578615e-41,0.728109626557971,0.88,0.957,1.8748979506757e-36,"GRCh38-GNAI2","GNAI2","10"
2.63389142287194e-41,0.386504753699436,0.35,0.258,1.90435617656487e-36,"GRCh38-CSRNP1","CSRNP1","10"
2.66657551658673e-41,0.449767317867479,0.46,0.381,1.92798743000254e-36,"GRCh38-APEX2","APEX2","10"
2.74467105954409e-41,0.438981719022723,0.574,0.521,1.98445206947157e-36,"GRCh38-PEX10","PEX10","10"
2.85584886500154e-41,0.587703896669591,0.433,0.345,2.06483584637341e-36,"GRCh38-MAN1A1","MAN1A1","10"
2.87366174003386e-41,0.596760196636892,0.778,0.831,2.07771491127928e-36,"GRCh38-TAF1B","TAF1B","10"
2.93095754514898e-41,0.403211341392883,0.529,0.457,2.11914092429361e-36,"GRCh38-AXIN1","AXIN1","10"
3.113149462692e-41,0.351174438001627,0.277,0.19,2.25086932451557e-36,"GRCh38-INKA1","INKA1","10"
3.15803362279525e-41,0.489671474058437,0.729,0.725,2.28332146995342e-36,"GRCh38-HMGN4","HMGN4","10"
3.5186845026582e-41,0.481518239892827,0.677,0.65,2.54407926911193e-36,"GRCh38-PCBD1","PCBD1","10"
3.55332983966619e-41,0.816747388102825,0.884,0.942,2.56912854067545e-36,"GRCh38-MRPL12","MRPL12","10"
3.71325956606861e-41,0.553397314367084,0.692,0.678,2.68476093145892e-36,"GRCh38-FKBP4","FKBP4","10"
3.73208757745516e-41,0.710346426109361,0.85,0.929,2.69837396025163e-36,"GRCh38-ENY2","ENY2","10"
4.05446465380472e-41,0.466039883178821,0.602,0.558,2.93145903399389e-36,"GRCh38-DCTN5","DCTN5","10"
4.34874123764707e-41,0.252914068883991,0.288,0.192,3.14422688964359e-36,"GRCh38-LRRIQ1","LRRIQ1","10"
4.51736659810955e-41,0.306987561531676,0.355,0.26,3.26614639776516e-36,"GRCh38-SYNJ1","SYNJ1","10"
4.93969936898943e-41,0.383138822099713,0.56,0.494,3.57150143776674e-36,"GRCh38-SAP30L","SAP30L","10"
5.03433518871235e-41,0.426574056587886,0.626,0.588,3.6399250281428e-36,"GRCh38-GMPPA","GMPPA","10"
5.08721723701605e-41,0.713292200092101,0.632,0.619,3.67815980670734e-36,"GRCh38-KIAA1328","KIAA1328","10"
5.11250239522452e-41,0.684384826328587,0.744,0.775,3.69644148179524e-36,"GRCh38-TOR1AIP2","TOR1AIP2","10"
5.31371342332841e-41,0.462761077343901,0.562,0.503,3.84192107933491e-36,"GRCh38-COX10","COX10","10"
5.36430754760955e-41,0.369505984823848,0.449,0.363,3.87850164307266e-36,"GRCh38-FLVCR1","FLVCR1","10"
5.42442411975202e-41,0.537559678551469,0.634,0.599,3.9219671270631e-36,"GRCh38-ASL","ASL","10"
5.53214370667057e-41,0.385025363199449,0.56,0.497,3.99985054279695e-36,"GRCh38-ERAP1","ERAP1","10"
5.68095635188887e-41,0.850089185727211,0.898,0.952,4.10744506154269e-36,"GRCh38-MRPL20","MRPL20","10"
5.71822418692954e-41,0.6198419155987,0.657,0.646,4.1343904516338e-36,"GRCh38-PPAN","PPAN","10"
5.72974291033075e-41,0.379731388307382,0.577,0.511,4.14271871902734e-36,"GRCh38-CNOT11","CNOT11","10"
6.04980420642145e-41,0.612793732410105,0.662,0.653,4.37412943732684e-36,"GRCh38-TM9SF2","TM9SF2","10"
6.44685394406575e-41,0.437683000932658,0.515,0.447,4.66120433863842e-36,"GRCh38-TMEM199","TMEM199","10"
6.70968071036285e-41,0.558037799622255,0.812,0.91,4.85123334720655e-36,"GRCh38-NUCB2","NUCB2","10"
7.08576841074735e-41,0.560245066728054,0.694,0.691,5.12315227633855e-36,"GRCh38-GTF3C1","GTF3C1","10"
7.31444693760971e-41,0.327987521951237,0.517,0.437,5.28849142483057e-36,"GRCh38-KCTD10","KCTD10","10"
7.48929741464516e-41,0.302246013275415,0.38,0.285,5.41491181673674e-36,"GRCh38-B3GNT2","B3GNT2","10"
7.76160476007878e-41,0.817049431790251,0.811,0.933,5.61179547363216e-36,"GRCh38-STAG1","STAG1","10"
8.35117071064125e-41,0.504267426686967,0.656,0.622,6.03806344720784e-36,"GRCh38-ENOX2","ENOX2","10"
8.47204101904196e-41,0.300506835619822,0.457,0.367,6.12545509758772e-36,"GRCh38-NIPBL-DT","NIPBL-DT","10"
8.79389612381449e-41,0.399183141980417,0.552,0.493,6.35816277544035e-36,"GRCh38-PRKACA","PRKACA","10"
9.3143960733333e-41,0.265987858884341,0.312,0.219,6.73449464894145e-36,"GRCh38-MAP3K2-DT","MAP3K2-DT","10"
9.36455525526013e-41,0.700500252519705,0.829,0.917,6.77076074065818e-36,"GRCh38-AP3B1","AP3B1","10"
1.02989963629683e-40,0.705056617543964,0.888,0.965,7.44638035035333e-36,"GRCh38-SRP72","SRP72","10"
1.06911549472499e-40,0.529574538352794,0.856,0.923,7.72991884996064e-36,"GRCh38-PCNP","PCNP","10"
1.11322612549793e-40,0.682793476867395,0.93,0.976,8.04884753257513e-36,"GRCh38-NDUFA4","NDUFA4","10"
1.18832484323926e-40,0.850448640687483,0.842,0.928,8.59182628158851e-36,"GRCh38-ASCC3","ASCC3","10"
1.21325914325814e-40,0.547542622449355,0.657,0.627,8.77210625758498e-36,"GRCh38-ALKBH5","ALKBH5","10"
1.25130472539992e-40,0.385857276985175,0.332,0.231,9.04718342558647e-36,"GRCh38-ENSG00000234261","ENSG00000234261","10"
1.26343575418139e-40,0.56937522568321,0.707,0.731,9.13489318988226e-36,"GRCh38-TERF1","TERF1","10"
1.26562746621899e-40,0.697116738689564,0.587,0.516,9.15073970625652e-36,"GRCh38-IFI6","IFI6","10"
1.28380274708495e-40,0.565753430832202,0.611,0.583,9.28215062197357e-36,"GRCh38-UHRF2","UHRF2","10"
1.3227462833958e-40,0.381006742692617,0.418,0.333,9.56372017820833e-36,"GRCh38-ICAM3","ICAM3","10"
1.36827287480562e-40,0.57566869208508,0.772,0.833,9.89288653941963e-36,"GRCh38-KCMF1","KCMF1","10"
1.47307488132741e-40,0.537253386087283,0.752,0.775,1.06506260069734e-35,"GRCh38-AP1S2","AP1S2","10"
1.56466720655308e-40,0.486242803177963,0.698,0.716,1.13128568368201e-35,"GRCh38-MMAB","MMAB","10"
1.62802119139965e-40,0.603031473007982,0.682,0.7,1.17709188180578e-35,"GRCh38-ELP6","ELP6","10"
1.70461668031889e-40,0.5312763466817,0.714,0.722,1.23247195220416e-35,"GRCh38-FUBP3","FUBP3","10"
1.78770650655743e-40,0.319289672030133,0.411,0.32,1.29254755837115e-35,"GRCh38-LRRC14","LRRC14","10"
1.84738531181345e-40,0.766375706861668,0.848,0.918,1.33569652814736e-35,"GRCh38-RAB32","RAB32","10"
1.91504624567693e-40,0.628734581999022,0.993,0.994,1.38461673654933e-35,"GRCh38-RPL27A","RPL27A","10"
2.03447334955099e-40,0.278586039857848,0.29,0.198,1.47096492119236e-35,"GRCh38-LINC02693","LINC02693","10"
2.04710508772782e-40,0.285336754665493,0.365,0.275,1.48009792052897e-35,"GRCh38-ENSG00000289353","ENSG00000289353","10"
2.05605253945298e-40,0.415420116264485,0.546,0.483,1.4865671070753e-35,"GRCh38-ENTREP3","ENTREP3","10"
2.06463882048377e-40,0.513111664895995,0.866,0.944,1.49277515998617e-35,"GRCh38-SNW1","SNW1","10"
2.15626520698859e-40,0.456122740476349,0.673,0.646,1.55902286995689e-35,"GRCh38-MFN1","MFN1","10"
2.19664025405428e-40,0.665167930946244,0.827,0.922,1.58821483648632e-35,"GRCh38-TMEM50A","TMEM50A","10"
2.29975406618712e-40,0.680535401877817,0.708,0.743,1.66276818493461e-35,"GRCh38-TMEM181","TMEM181","10"
2.32109083695928e-40,0.573279050618006,0.486,0.408,1.6781950969383e-35,"GRCh38-HEXIM1","HEXIM1","10"
2.34134442379822e-40,0.38711433493333,0.585,0.519,1.69283884529459e-35,"GRCh38-SH3BP4","SH3BP4","10"
2.37821212810087e-40,0.644487939885209,0.708,0.704,1.71949493285949e-35,"GRCh38-RABGGTB","RABGGTB","10"
2.74574060135164e-40,0.589872677004333,0.809,0.881,1.98522536958926e-35,"GRCh38-CUL3","CUL3","10"
3.08816262280835e-40,0.387947728763667,0.288,0.199,2.23280333954289e-35,"GRCh38-LINC03046","LINC03046","10"
3.14244447293479e-40,0.832319879012634,0.354,0.273,2.27205020282131e-35,"GRCh38-ITGB4","ITGB4","10"
3.22123083722883e-40,0.651488032466165,0.863,0.941,2.32901431993319e-35,"GRCh38-PSMD4","PSMD4","10"
3.29588433125173e-40,0.411993983364038,0.452,0.366,2.38299028918163e-35,"GRCh38-RP2","RP2","10"
3.39229520807541e-40,0.57538452465849,0.713,0.731,2.45269728134268e-35,"GRCh38-AARSD1","AARSD1","10"
3.6580869037305e-40,0.728617939804929,0.884,0.956,2.64486999313523e-35,"GRCh38-RAB7A","RAB7A","10"
3.71244183442403e-40,0.655903138439162,0.837,0.936,2.68416969512526e-35,"GRCh38-TUSC3","TUSC3","10"
3.72199546646571e-40,0.524722583903005,0.623,0.597,2.69107716216404e-35,"GRCh38-CHCHD6","CHCHD6","10"
3.89224668831077e-40,0.75054048488079,0.907,0.987,2.81417220058245e-35,"GRCh38-MT-CYB","MT-CYB","10"
4.19017238322426e-40,0.429832506901993,0.568,0.511,3.02957843651881e-35,"GRCh38-AP3M2","AP3M2","10"
4.30727661184696e-40,0.606095030403669,0.28,0.192,3.11424713589759e-35,"GRCh38-PALMD","PALMD","10"
4.32668415986578e-40,0.511134611902336,0.616,0.587,3.12827918126615e-35,"GRCh38-TMEM242","TMEM242","10"
4.41972347580333e-40,0.599217848164706,0.681,0.676,3.19554846747532e-35,"GRCh38-GOLM1","GOLM1","10"
4.50898688731005e-40,0.566696435160698,0.763,0.821,3.26008769926292e-35,"GRCh38-GPX8","GPX8","10"
4.5912132943199e-40,0.352537658270476,0.502,0.42,3.31953903605917e-35,"GRCh38-POC1B","POC1B","10"
4.60407085640205e-40,1.14979167649031,0.433,0.356,3.32883531059581e-35,"GRCh38-TNFAIP3","TNFAIP3","10"
4.9597198206167e-40,0.622968290858837,0.783,0.827,3.58597662470229e-35,"GRCh38-RAB18","RAB18","10"
4.99764667734236e-40,0.429434173419794,0.425,0.337,3.61339850065208e-35,"GRCh38-CELSR1","CELSR1","10"
5.126956265363e-40,0.810637278416943,0.866,0.962,3.70689191898275e-35,"GRCh38-MYDGF","MYDGF","10"
5.16744358149284e-40,0.314293229142374,0.429,0.338,3.73616505829095e-35,"GRCh38-MTO1","MTO1","10"
5.47359796479421e-40,0.550763052209469,0.777,0.835,3.95752080050551e-35,"GRCh38-HDGFL3","HDGFL3","10"
5.64784072836659e-40,0.809877682368944,0.923,0.968,4.08350180342361e-35,"GRCh38-PPA1","PPA1","10"
5.70434955990175e-40,0.424704009264487,0.649,0.612,4.12435881880016e-35,"GRCh38-GMFB","GMFB","10"
5.74858548490348e-40,0.544428649312078,0.213,0.132,4.15634227729491e-35,"GRCh38-ENSG00000287979","ENSG00000287979","10"
5.82135480252452e-40,0.503302217936761,0.734,0.756,4.20895594932128e-35,"GRCh38-ARL1","ARL1","10"
5.89515933226873e-40,0.591208078215912,0.78,0.855,4.26231810041694e-35,"GRCh38-SMC6","SMC6","10"
6.12742276180283e-40,0.709590027032661,0.839,0.962,4.43024920523868e-35,"GRCh38-BDP1","BDP1","10"
6.54571410048646e-40,0.735313200372018,0.837,0.914,4.73268220893372e-35,"GRCh38-SAP18","SAP18","10"
6.6729244586906e-40,0.637549217865208,0.858,0.961,4.82465784212248e-35,"GRCh38-RBM25","RBM25","10"
6.72240473320864e-40,0.589373280135878,0.671,0.667,4.86043307020451e-35,"GRCh38-CD276","CD276","10"
6.77525010644069e-40,0.500568642778436,0.666,0.639,4.89864133195875e-35,"GRCh38-WASHC5","WASHC5","10"
6.80568998545992e-40,0.550820865258961,0.727,0.758,4.92064997328723e-35,"GRCh38-MAP3K4","MAP3K4","10"
6.85133200132486e-40,0.495793541051271,0.774,0.847,4.9536500635979e-35,"GRCh38-HEXB","HEXB","10"
7.2268508058869e-40,0.485015539692938,0.697,0.683,5.22515766967235e-35,"GRCh38-PGM3","PGM3","10"
7.70202345870292e-40,0.553727609630598,0.68,0.672,5.56871700111138e-35,"GRCh38-TACO1","TACO1","10"
7.96982142318452e-40,0.340865152850028,0.459,0.372,5.76234028539087e-35,"GRCh38-TAF5L","TAF5L","10"
8.15486488271539e-40,0.727710866587627,0.873,0.947,5.89613040750088e-35,"GRCh38-DNAJC7","DNAJC7","10"
8.97021660168883e-40,0.302024046494037,0.372,0.283,6.48564600735306e-35,"GRCh38-CDADC1","CDADC1","10"
9.20153434970597e-40,0.54417457816035,0.799,0.864,6.65289336552441e-35,"GRCh38-SMIM30","SMIM30","10"
9.80829705606944e-40,0.338436754877847,0.638,0.581,7.09159493747932e-35,"GRCh38-WARS1","WARS1","10"
9.95829228592469e-40,0.410606304972335,0.604,0.555,7.20004448856927e-35,"GRCh38-STAM2","STAM2","10"
1.05321478138475e-39,0.44426954309559,0.558,0.512,7.61495351236799e-35,"GRCh38-SIRT7","SIRT7","10"
1.09301426788396e-39,0.297178912616054,0.412,0.321,7.90271175965457e-35,"GRCh38-COX18","COX18","10"
1.10053676510859e-39,0.288475417372781,0.245,0.157,7.95710091908811e-35,"GRCh38-DNAH11","DNAH11","10"
1.2071872522467e-39,0.423246517528234,0.459,0.374,8.72820527119406e-35,"GRCh38-PAQR5","PAQR5","10"
1.36775435396052e-39,0.48107217496163,0.757,0.793,9.88913753000535e-35,"GRCh38-TIMM44","TIMM44","10"
1.38047783753956e-39,0.63254835004607,0.833,0.914,9.98113086097855e-35,"GRCh38-POLR2I","POLR2I","10"
1.38168719933134e-39,0.319108474096142,0.471,0.386,9.98987478860543e-35,"GRCh38-PROSER1","PROSER1","10"
1.39650165046488e-39,0.578827370680321,0.549,0.473,1.00969862331912e-34,"GRCh38-FHOD3","FHOD3","10"
1.42667977964905e-39,0.419716358830913,0.347,0.255,1.03151801428186e-34,"GRCh38-ZNF433-AS1","ZNF433-AS1","10"
1.45108369483553e-39,0.363037861921464,0.16,0.089,1.04916253303998e-34,"GRCh38-CX3CL1","CX3CL1","10"
1.47834452475863e-39,0.725164584931074,0.769,0.831,1.06887265829098e-34,"GRCh38-NFIB","NFIB","10"
1.56314277867204e-39,0.262420089818707,0.341,0.247,1.13018349183546e-34,"GRCh38-ZNF473","ZNF473","10"
1.57743174153229e-39,0.545722700473238,0.573,0.529,1.14051469776268e-34,"GRCh38-SFXN5","SFXN5","10"
1.69002477060355e-39,0.575432564885822,0.969,0.989,1.22192170964178e-34,"GRCh38-TPM4","TPM4","10"
1.74376654536901e-39,0.443506822966475,0.671,0.642,1.2607780876327e-34,"GRCh38-INTS12","INTS12","10"
1.81123862124453e-39,0.504687833889022,0.626,0.599,1.30956174793222e-34,"GRCh38-MCRS1","MCRS1","10"
1.84326514529313e-39,0.60061806253104,0.73,0.741,1.33271756534984e-34,"GRCh38-NUP160","NUP160","10"
1.85303268480798e-39,0.324966403719236,0.137,0.072,1.33977969176986e-34,"GRCh38-SERPINA3","SERPINA3","10"
1.89903568612755e-39,0.657903323632913,0.968,0.986,1.37304078178394e-34,"GRCh38-ATP5F1E","ATP5F1E","10"
1.94713598517845e-39,0.465783311824312,0.59,0.542,1.40781826000372e-34,"GRCh38-LRRC47","LRRC47","10"
2.03259555734712e-39,0.832943393522196,0.835,0.927,1.46960723987311e-34,"GRCh38-ADK","ADK","10"
2.11827122655866e-39,0.544924923024509,0.742,0.795,1.53155246222644e-34,"GRCh38-PLOD3","PLOD3","10"
2.15785421758468e-39,0.302048386105453,0.326,0.234,1.56017175639807e-34,"GRCh38-NUDT11","NUDT11","10"
2.31588520069947e-39,0.741456531060718,0.907,0.98,1.67443131780973e-34,"GRCh38-PRRC2C","PRRC2C","10"
2.35995653099581e-39,0.305644150798417,0.392,0.303,1.70629577104059e-34,"GRCh38-ARRDC1-AS1","ARRDC1-AS1","10"
2.40341989050946e-39,0.449960164241904,0.626,0.593,1.73772064923615e-34,"GRCh38-IKBKG","IKBKG","10"
2.70514908178333e-39,0.287091964674187,0.237,0.151,1.95587688911098e-34,"GRCh38-DAPL1","DAPL1","10"
2.74800199194094e-39,0.537581205639424,0.637,0.621,1.98686040021314e-34,"GRCh38-PIM3","PIM3","10"
2.75022164110772e-39,0.707219478793058,0.771,0.827,1.98846525095371e-34,"GRCh38-TXLNG","TXLNG","10"
2.84329378066484e-39,0.562421113494151,0.8,0.846,2.05575826929629e-34,"GRCh38-NCBP2","NCBP2","10"
2.84394552900877e-39,0.463467703168258,0.681,0.679,2.05622949638392e-34,"GRCh38-ALDH9A1","ALDH9A1","10"
3.0941609828783e-39,0.434917807904184,0.547,0.487,2.23714027384067e-34,"GRCh38-LEMD3","LEMD3","10"
3.13701509016065e-39,0.363484268061539,0.522,0.453,2.26812465048795e-34,"GRCh38-METTL3","METTL3","10"
3.2812459366545e-39,0.54015868393596,0.374,0.281,2.37240643711994e-34,"GRCh38-PTGER4","PTGER4","10"
3.54526343676603e-39,0.642793684128,0.933,0.984,2.56329637005058e-34,"GRCh38-CAST","CAST","10"
3.57407796722534e-39,0.467587516115932,0.601,0.566,2.58412985186326e-34,"GRCh38-LACTB2","LACTB2","10"
3.80346762874712e-39,0.319854327311678,0.345,0.253,2.74998316493674e-34,"GRCh38-ENSG00000249803","ENSG00000249803","10"
4.05114879474864e-39,0.478877330750692,0.607,0.565,2.92906160157916e-34,"GRCh38-OPA3","OPA3","10"
4.08381122188985e-39,0.715662649943991,0.817,0.873,2.9526771896508e-34,"GRCh38-SLC25A39","SLC25A39","10"
4.25282503094421e-39,0.411609302202387,0.691,0.687,3.07487755387328e-34,"GRCh38-HDGFL2","HDGFL2","10"
4.44010746948132e-39,0.455310098636377,0.743,0.77,3.21028650258438e-34,"GRCh38-ACOT13","ACOT13","10"
4.46273376915777e-39,0.380185846614403,0.231,0.144,3.22664576977645e-34,"GRCh38-LINC02196","LINC02196","10"
4.52931096104268e-39,0.348295275685248,0.568,0.497,3.27478241105308e-34,"GRCh38-GLE1","GLE1","10"
4.58875641491145e-39,0.748245399370584,0.409,0.31,3.31776266310927e-34,"GRCh38-LINC00355","LINC00355","10"
4.6609179952495e-39,0.577791817778093,0.774,0.847,3.3699369289253e-34,"GRCh38-SFSWAP","SFSWAP","10"
4.86374548553933e-39,0.430291004159382,0.564,0.516,3.51658526095465e-34,"GRCh38-ATG9A","ATG9A","10"
4.93543081125829e-39,0.465023235572318,0.278,0.186,3.56841518515597e-34,"GRCh38-IFIT1","IFIT1","10"
4.98393447425715e-39,0.5594268141144,0.635,0.605,3.60348430357741e-34,"GRCh38-RABEPK","RABEPK","10"
5.11796015944628e-39,-0.385061886620392,0.172,0.279,3.70038755448285e-34,"GRCh38-COL14A1","COL14A1","10"
5.15181798796895e-39,0.607451481563183,0.862,0.947,3.72486744166131e-34,"GRCh38-AIMP1","AIMP1","10"
5.15796468830273e-39,0.59274630901159,0.849,0.932,3.72931162893664e-34,"GRCh38-PRPF4B","PRPF4B","10"
5.19872779631766e-39,0.317329725719866,0.251,0.164,3.75878417129359e-34,"GRCh38-PAPSS2","PAPSS2","10"
5.39837246366289e-39,0.502533517083691,0.617,0.586,3.90313125867755e-34,"GRCh38-CARS2","CARS2","10"
5.9105372585938e-39,0.673159607619165,0.294,0.205,4.27343664870849e-34,"GRCh38-CALCRL","CALCRL","10"
5.97740110676666e-39,0.492041009732288,0.219,0.141,4.32178054821443e-34,"GRCh38-ENSG00000287023","ENSG00000287023","10"
6.1435165249158e-39,0.259879285456566,0.315,0.223,4.44188531784462e-34,"GRCh38-NEIL2","NEIL2","10"
6.19595088646405e-39,0.265077676083214,0.341,0.249,4.47979640993124e-34,"GRCh38-SMN2","SMN2","10"
6.21457439463868e-39,0.597512184284268,0.831,0.901,4.49326157881166e-34,"GRCh38-C9orf78","C9orf78","10"
6.585374823459e-39,0.401777966829855,0.551,0.486,4.76135770485733e-34,"GRCh38-CRYBB2P1","CRYBB2P1","10"
6.71053313149554e-39,0.495853784920594,0.86,0.956,4.8518496647339e-34,"GRCh38-MZT2A","MZT2A","10"
6.71116539872283e-39,0.428513092813735,0.569,0.52,4.85230680658458e-34,"GRCh38-EMC1","EMC1","10"
7.4904947514222e-39,0.443026748393186,0.648,0.617,5.41577751517328e-34,"GRCh38-SVBP","SVBP","10"
7.69802280623792e-39,0.393275023271324,0.535,0.467,5.56582444936614e-34,"GRCh38-CASP7","CASP7","10"
7.83878263498269e-39,0.555118448597969,0.85,0.936,5.66759662074519e-34,"GRCh38-SARS1","SARS1","10"
8.17013327725125e-39,0.432974416028309,0.543,0.486,5.9071697621182e-34,"GRCh38-TADA2A","TADA2A","10"
8.57525739396079e-39,0.766556391061998,0.856,0.932,6.20008260098153e-34,"GRCh38-COPS9","COPS9","10"
8.59179726132611e-39,0.420344105803714,0.648,0.607,6.212041255884e-34,"GRCh38-DTX3L","DTX3L","10"
8.83777490259555e-39,0.257328911838043,0.189,0.114,6.38988801007464e-34,"GRCh38-AADAC","AADAC","10"
9.01987206726878e-39,0.551908678584675,0.631,0.619,6.52154790207667e-34,"GRCh38-EBAG9","EBAG9","10"
9.15730729783909e-39,0.690471497191143,0.849,0.95,6.62091632248362e-34,"GRCh38-CYB5R3","CYB5R3","10"
9.82607542886151e-39,0.273412927040627,0.27,0.182,7.10444905657545e-34,"GRCh38-BFSP1","BFSP1","10"
1.01543284478986e-38,0.289915441604062,0.423,0.334,7.34178255439961e-34,"GRCh38-ABCF3","ABCF3","10"
1.04066405395593e-38,0.354556646088357,0.552,0.482,7.52420924291214e-34,"GRCh38-LANCL2","LANCL2","10"
1.17163138917758e-38,0.366062248025882,0.366,0.276,8.47112927003174e-34,"GRCh38-ENSG00000278390","ENSG00000278390","10"
1.17225741987456e-38,0.517483170169054,0.363,0.274,8.47565559717704e-34,"GRCh38-IRF7","IRF7","10"
1.23823867914636e-38,0.632016711241454,0.47,0.385,8.95271329796401e-34,"GRCh38-CRY1","CRY1","10"
1.24791676579804e-38,0.563555357205919,0.625,0.6,9.02268780007302e-34,"GRCh38-ZBTB11","ZBTB11","10"
1.25488936479344e-38,0.735540981259385,0.627,0.596,9.0731010853295e-34,"GRCh38-RRP12","RRP12","10"
1.29071146173842e-38,0.522020234482396,0.884,0.959,9.33210201066111e-34,"GRCh38-ZC3H15","ZC3H15","10"
1.34929645578744e-38,0.525567973219891,0.797,0.869,9.75568323463434e-34,"GRCh38-MARCHF7","MARCHF7","10"
1.43606293837569e-38,0.670392921376772,0.713,0.72,1.03830222570439e-33,"GRCh38-PRKAR1B","PRKAR1B","10"
1.47351333142091e-38,0.364608039934949,0.472,0.39,1.06537960888395e-33,"GRCh38-PIK3R4","PIK3R4","10"
1.56532095552691e-38,0.726681996859945,0.913,0.972,1.13175835726507e-33,"GRCh38-ATP5MK","ATP5MK","10"
1.76431779717581e-38,0.318194408524446,0.432,0.347,1.27563705371406e-33,"GRCh38-TCEANC2","TCEANC2","10"
1.77046342552376e-38,0.287764608520716,0.364,0.275,1.28008046592219e-33,"GRCh38-ZNF200","ZNF200","10"
1.77550492331013e-38,0.561521482569279,0.891,0.952,1.28372556965169e-33,"GRCh38-AP2B1","AP2B1","10"
1.90388411217325e-38,0.818006698538051,0.827,0.888,1.37654629078351e-33,"GRCh38-SEPTIN9","SEPTIN9","10"
1.93218111208606e-38,0.699736529486023,0.665,0.634,1.39700558766047e-33,"GRCh38-ANKRD50","ANKRD50","10"
1.97944278799557e-38,0.412879229187548,0.479,0.407,1.43117672457655e-33,"GRCh38-HDAC6","HDAC6","10"
2.02199439109306e-38,0.400304286351654,0.549,0.49,1.4619423846481e-33,"GRCh38-ZNF576","ZNF576","10"
2.03564557962205e-38,0.618583656749164,0.672,0.668,1.47181246697833e-33,"GRCh38-TANGO6","TANGO6","10"
2.07181868350337e-38,0.284931480708167,0.268,0.182,1.49796634454661e-33,"GRCh38-NOP14-AS1","NOP14-AS1","10"
2.1654532099877e-38,0.523799949422577,0.637,0.628,1.56566597988531e-33,"GRCh38-ADPRS","ADPRS","10"
2.26231816007707e-38,0.416641041324712,0.493,0.407,1.63570127609892e-33,"GRCh38-MEGF9","MEGF9","10"
2.27040171019496e-38,0.650735726299989,0.756,0.791,1.64154584450516e-33,"GRCh38-RSU1","RSU1","10"
2.44233317522064e-38,0.652179500209886,0.73,0.753,1.76585573234803e-33,"GRCh38-DUS1L","DUS1L","10"
2.49901306057219e-38,0.508455074817909,0.675,0.65,1.8068364230549e-33,"GRCh38-PPP1R11","PPP1R11","10"
2.51023978044952e-38,0.474637361635644,0.328,0.236,1.81495356606061e-33,"GRCh38-ENSG00000291065","ENSG00000291065","10"
2.56458435250952e-38,0.534731766085627,0.711,0.741,1.85424577855143e-33,"GRCh38-PANK2","PANK2","10"
2.66690921972162e-38,0.505372958423232,0.623,0.591,1.92822870404313e-33,"GRCh38-SENP2","SENP2","10"
2.67441556124722e-38,0.318738340870372,0.437,0.355,1.93365593909296e-33,"GRCh38-PTPN23","PTPN23","10"
2.70496149329627e-38,0.614096604392938,0.832,0.908,1.95574125888307e-33,"GRCh38-FAM120A","FAM120A","10"
2.84639715725522e-38,0.638762026255308,0.784,0.827,2.05800207263867e-33,"GRCh38-GATAD2A","GATAD2A","10"
2.84643400436402e-38,0.395098221189742,0.454,0.367,2.05802871383527e-33,"GRCh38-PRDM5","PRDM5","10"
2.96425671579088e-38,0.691395170736158,0.895,0.959,2.14321689065112e-33,"GRCh38-ATP5PB","ATP5PB","10"
3.02606889508917e-38,0.275859752211315,0.32,0.227,2.18790833252737e-33,"GRCh38-SUSD1","SUSD1","10"
3.13888806955009e-38,0.41357112417957,0.524,0.435,2.26947885204611e-33,"GRCh38-DDX60","DDX60","10"
3.28060036971069e-38,0.523770903332614,0.634,0.615,2.37193967930822e-33,"GRCh38-CDK5RAP1","CDK5RAP1","10"
3.30392362016331e-38,0.65331745104973,0.783,0.828,2.38880285585048e-33,"GRCh38-ELK3","ELK3","10"
3.68367647575345e-38,0.256663916804714,0.161,0.09,2.66337176549926e-33,"GRCh38-F11-AS1","F11-AS1","10"
4.12740306020967e-38,0.367478875643356,0.487,0.415,2.98419496059279e-33,"GRCh38-FBXL18","FBXL18","10"
4.13588987955471e-38,0.351056352186217,0.45,0.367,2.99033110071565e-33,"GRCh38-SPOUT1","SPOUT1","10"
4.24477432214426e-38,0.734165233106524,0.774,0.832,3.06905673039674e-33,"GRCh38-COA3","COA3","10"
4.28796522447151e-38,0.71204913612754,0.821,0.886,3.10028461659739e-33,"GRCh38-AHCY","AHCY","10"
4.46102818191371e-38,0.950147404361616,0.961,0.977,3.22541259608725e-33,"GRCh38-POLR2L","POLR2L","10"
4.67279775952749e-38,0.467441688562577,0.62,0.585,3.37852623609356e-33,"GRCh38-RPGRIP1L","RPGRIP1L","10"
4.72131117482442e-38,0.683687921185484,0.903,0.99,3.41360240562155e-33,"GRCh38-HSP90B1","HSP90B1","10"
4.80953235227852e-38,0.328633629860401,0.383,0.297,3.47738808134442e-33,"GRCh38-PLA2G15","PLA2G15","10"
4.84742868812403e-38,0.513512994501225,0.615,0.578,3.50478789008744e-33,"GRCh38-ARFGAP2","ARFGAP2","10"
4.84975710103502e-38,0.553289452944204,0.756,0.796,3.50647137919034e-33,"GRCh38-SLC30A5","SLC30A5","10"
5.00222509571928e-38,0.516603682523961,0.868,0.969,3.61670878870695e-33,"GRCh38-NENF","NENF","10"
5.06818302708607e-38,0.447569609346352,0.688,0.67,3.66439769224377e-33,"GRCh38-VPS37A","VPS37A","10"
5.35903369618103e-38,0.404010490967268,0.585,0.551,3.87468854301281e-33,"GRCh38-CSTF1","CSTF1","10"
5.53919231131922e-38,0.435825867936196,0.526,0.464,4.00494682493002e-33,"GRCh38-FAS","FAS","10"
5.87053523487855e-38,0.41906859928107,0.516,0.454,4.24451438552189e-33,"GRCh38-TRAF2","TRAF2","10"
5.91863185113205e-38,0.407594461507605,0.624,0.585,4.2792892010055e-33,"GRCh38-SIN3A","SIN3A","10"
6.29632563149475e-38,0.651792917613233,0.832,0.905,4.55236935808333e-33,"GRCh38-RAB5C","RAB5C","10"
6.80425446131539e-38,0.406943744943358,0.135,0.07,4.91961206062025e-33,"GRCh38-SLAMF9","SLAMF9","10"
6.95823939801566e-38,0.642476924130242,0.502,0.437,5.03094624955328e-33,"GRCh38-SLC9A1","SLC9A1","10"
7.50763814180898e-38,0.50789920647679,0.712,0.72,5.42817252929073e-33,"GRCh38-PUS7L","PUS7L","10"
8.26308926420788e-38,0.61002525091148,0.855,0.92,5.97437879980758e-33,"GRCh38-RARS1","RARS1","10"
8.39261053553425e-38,0.720411558297398,0.747,0.804,6.06802526940197e-33,"GRCh38-PON2","PON2","10"
8.63382713364678e-38,0.31342548277566,0.404,0.318,6.24242969416929e-33,"GRCh38-TTI2","TTI2","10"
8.77842161638915e-38,0.818796511871157,0.895,0.957,6.34697439708168e-33,"GRCh38-MRPS34","MRPS34","10"
8.93588926474687e-38,0.805817484430962,0.42,0.339,6.46082665619728e-33,"GRCh38-PCAT1","PCAT1","10"
9.04645446511745e-38,0.753376151706892,0.801,0.864,6.54076750736922e-33,"GRCh38-FAM174C","FAM174C","10"
9.25396461756809e-38,0.465695825093041,0.718,0.703,6.69080149779408e-33,"GRCh38-LASP1","LASP1","10"
9.40063451863613e-38,0.465363082104537,0.851,0.942,6.7968467696643e-33,"GRCh38-STMP1","STMP1","10"
9.56078499848627e-38,0.476496978082879,0.768,0.799,6.91263876960554e-33,"GRCh38-BNIP2","BNIP2","10"
9.74676882408688e-38,0.692834237888476,0.954,0.979,7.04710879519129e-33,"GRCh38-SLC25A3","SLC25A3","10"
1.06925375970849e-37,0.487610500658132,0.589,0.542,7.73091853344435e-33,"GRCh38-XXYLT1","XXYLT1","10"
1.07711656243945e-37,0.379093270831939,0.468,0.382,7.78776816974968e-33,"GRCh38-TEX2","TEX2","10"
1.09938027534268e-37,0.434914468650664,0.127,0.067,7.94873926678267e-33,"GRCh38-ENSG00000287409","ENSG00000287409","10"
1.10618616938957e-37,0.626530215482097,0.835,0.915,7.99794724192047e-33,"GRCh38-DDX27","DDX27","10"
1.1551018382768e-37,0.460348761124876,0.606,0.569,8.35161731110895e-33,"GRCh38-COX11","COX11","10"
1.15556972638501e-37,0.403190483646627,0.557,0.501,8.35500023570893e-33,"GRCh38-SLC35F6","SLC35F6","10"
1.16700866316425e-37,0.442110534089282,0.706,0.707,8.43770603641018e-33,"GRCh38-DDX23","DDX23","10"
1.27358678786508e-37,0.654562104889888,0.697,0.756,9.20828719362207e-33,"GRCh38-CENPC","CENPC","10"
1.30363770232735e-37,0.380853574597711,0.484,0.413,9.42556131536721e-33,"GRCh38-ATXN7L3","ATXN7L3","10"
1.37255262114907e-37,0.45773436696989,0.56,0.517,9.92382996143198e-33,"GRCh38-ZDHHC13","ZDHHC13","10"
1.38475517794217e-37,0.46197993655751,0.896,0.966,1.00120568875575e-32,"GRCh38-SEPTIN2","SEPTIN2","10"
1.38870660323614e-37,0.627380416925244,0.913,0.959,1.00406264827179e-32,"GRCh38-IMPDH2","IMPDH2","10"
1.50740279612893e-37,0.49270082636703,0.749,0.793,1.08988236965714e-32,"GRCh38-UBXN2A","UBXN2A","10"
1.52824882758018e-37,0.497711361231378,0.7,0.706,1.10495446731702e-32,"GRCh38-SLC50A1","SLC50A1","10"
1.55757549972482e-37,0.716554755207355,0.408,0.527,1.12615823781104e-32,"GRCh38-S100A8","S100A8","10"
1.58519484862869e-37,0.599438749565524,0.872,0.953,1.14612757945551e-32,"GRCh38-PRR13","PRR13","10"
1.79947980402171e-37,0.864205289578574,0.991,0.995,1.30105988790378e-32,"GRCh38-HSP90AB1","HSP90AB1","10"
1.8661326126587e-37,0.320357686211401,0.484,0.403,1.34925120160449e-32,"GRCh38-SETD1B","SETD1B","10"
2.0352304791406e-37,0.571505746966774,0.641,0.629,1.47151234102824e-32,"GRCh38-KIAA2013","KIAA2013","10"
2.05010774109156e-37,0.291625386555184,0.334,0.245,1.48226889896402e-32,"GRCh38-ABCB6","ABCB6","10"
2.26794597407757e-37,0.288081801490512,0.223,0.144,1.63977029817757e-32,"GRCh38-ENSG00000273338","ENSG00000273338","10"
2.31042398977984e-37,0.674826508871812,0.719,0.725,1.67048275309062e-32,"GRCh38-WDR3","WDR3","10"
2.3126666269408e-37,0.314781568609857,0.32,0.228,1.67210422461074e-32,"GRCh38-CCDC88C","CCDC88C","10"
2.31698457299555e-37,0.765457599497017,0.936,0.977,1.67522618596724e-32,"GRCh38-SUMO2","SUMO2","10"
2.48905475676853e-37,0.738556731429933,0.95,0.993,1.79963637023878e-32,"GRCh38-MT-CO1","MT-CO1","10"
2.49240071305929e-37,0.532640337824387,0.715,0.739,1.80205556355613e-32,"GRCh38-WDR54","WDR54","10"
2.52177855424337e-37,0.676958567647015,0.864,0.948,1.82329633028904e-32,"GRCh38-TRIR","TRIR","10"
2.81113582503912e-37,0.298129497353201,0.414,0.325,2.03250742421978e-32,"GRCh38-B4GALT4","B4GALT4","10"
2.84853580173172e-37,0.71888569597625,0.805,0.871,2.05954835536807e-32,"GRCh38-PMM2","PMM2","10"
2.87464158273215e-37,0.733533180969998,0.669,0.673,2.078423357147e-32,"GRCh38-PBX3","PBX3","10"
2.9220674476731e-37,0.559692633337235,0.863,0.95,2.1127132060166e-32,"GRCh38-NRDC","NRDC","10"
2.93975590985873e-37,0.590863354481571,0.712,0.689,2.12550231794606e-32,"GRCh38-DYNLT3","DYNLT3","10"
3.17608974744478e-37,0.298621845517464,0.299,0.211,2.29637640919753e-32,"GRCh38-KCTD12","KCTD12","10"
3.25692000951605e-37,0.429432896635942,0.63,0.598,2.3548183052803e-32,"GRCh38-MRPL46","MRPL46","10"
3.41375094859447e-37,0.410627510404355,0.333,0.241,2.46821021085277e-32,"GRCh38-LURAP1L-AS1","LURAP1L-AS1","10"
3.56152686457819e-37,0.540004846330349,0.641,0.614,2.57505515362732e-32,"GRCh38-LRIF1","LRIF1","10"
3.74195160041576e-37,0.44130456979667,0.749,0.781,2.7055058461326e-32,"GRCh38-CEBPZOS","CEBPZOS","10"
3.7941311451029e-37,0.656997525004094,0.868,0.948,2.7432327005323e-32,"GRCh38-UQCRC1","UQCRC1","10"
3.86622923306185e-37,0.467983006233851,0.521,0.465,2.79536106008838e-32,"GRCh38-ABT1","ABT1","10"
4.05746529937533e-37,0.638581340601771,0.956,0.985,2.93362856075435e-32,"GRCh38-HNRNPC","HNRNPC","10"
4.25687238745837e-37,0.366807439405685,0.581,0.534,3.07780387358015e-32,"GRCh38-STK32C","STK32C","10"
4.26591335921188e-37,0.494929106381337,0.667,0.66,3.08434067697737e-32,"GRCh38-MRPS14","MRPS14","10"
4.28967321860153e-37,0.401882654332201,0.536,0.466,3.10151953051328e-32,"GRCh38-TSPYL1","TSPYL1","10"
4.41454242940095e-37,0.498700119528012,0.804,0.849,3.19180246730547e-32,"GRCh38-NRBP1","NRBP1","10"
4.48151641795071e-37,0.622429989113505,0.777,0.835,3.24022600050672e-32,"GRCh38-TRAPPC3","TRAPPC3","10"
5.22055240493664e-37,0.5003199032358,0.642,0.616,3.77456379981729e-32,"GRCh38-ALMS1","ALMS1","10"
5.32300290212411e-37,0.606768622847701,0.984,0.993,3.84863755829378e-32,"GRCh38-RPS21","RPS21","10"
5.58593568034967e-37,0.339799465349119,0.205,0.128,4.03874321560642e-32,"GRCh38-GCH1","GCH1","10"
5.66563732483674e-37,0.445766121451694,0.642,0.606,4.09636909860346e-32,"GRCh38-RNF138","RNF138","10"
5.93900805771196e-37,0.527721579483989,0.719,0.745,4.2940216058869e-32,"GRCh38-MBD4","MBD4","10"
6.9014757080937e-37,0.647581186194285,0.807,0.868,4.9899049664659e-32,"GRCh38-MRPS6","MRPS6","10"
7.2543068741872e-37,0.615644427235705,0.88,0.959,5.24500895617483e-32,"GRCh38-DDX24","DDX24","10"
7.45112207183153e-37,0.543370948226582,0.695,0.692,5.38731028037563e-32,"GRCh38-UTP3","UTP3","10"
7.94034654086717e-37,0.591388566289274,0.619,0.588,5.74102935597778e-32,"GRCh38-CDH2","CDH2","10"
9.15465578685055e-37,0.788731602122259,0.999,0.999,6.61899922700868e-32,"GRCh38-GAPDH","GAPDH","10"
9.36968229797087e-37,0.459407109854179,0.579,0.54,6.7744676950789e-32,"GRCh38-MAIP1","MAIP1","10"
9.39349739131655e-37,0.622298773426661,0.891,0.967,6.79168648386969e-32,"GRCh38-NEDD8","NEDD8","10"
1.01623333820176e-36,0.637835724822484,0.814,0.91,7.34757028186639e-32,"GRCh38-SMARCA4","SMARCA4","10"
1.02618660613201e-36,0.613058835004457,0.77,0.831,7.41953439965569e-32,"GRCh38-ZCCHC17","ZCCHC17","10"
1.09353309709239e-36,0.406242927572444,0.586,0.533,7.90646299859743e-32,"GRCh38-MTRR","MTRR","10"
1.101709824495e-36,0.499750322141708,0.702,0.725,7.96558237306376e-32,"GRCh38-STRN","STRN","10"
1.11188251445674e-36,0.728468130476338,0.821,0.902,8.03913295602515e-32,"GRCh38-NUFIP2","NUFIP2","10"
1.13131595857726e-36,0.368583597042527,0.158,0.089,8.17964064370527e-32,"GRCh38-ENSG00000234352","ENSG00000234352","10"
1.24405395739632e-36,0.634649047015463,0.624,0.615,8.99475892276687e-32,"GRCh38-STIM2","STIM2","10"
1.26037656399472e-36,0.323574617150154,0.395,0.312,9.1127746329946e-32,"GRCh38-MEN1","MEN1","10"
1.29370824243068e-36,0.580228284339927,0.818,0.884,9.35376933442231e-32,"GRCh38-COX16","COX16","10"
1.34843291055576e-36,0.671099698869414,0.883,0.951,9.74943962990024e-32,"GRCh38-COPB1","COPB1","10"
1.38442437656125e-36,0.628659686181818,0.648,0.652,1.00096651274132e-31,"GRCh38-TAP1","TAP1","10"
1.40592925302949e-36,0.532597079522653,0.459,0.385,1.01651496852538e-31,"GRCh38-SOX7","SOX7","10"
1.42314994197157e-36,0.609660563045431,0.769,0.793,1.02896587104428e-31,"GRCh38-MCCC2","MCCC2","10"
1.5005033308004e-36,0.311948329476446,0.453,0.368,1.08489391823531e-31,"GRCh38-ABRAXAS2","ABRAXAS2","10"
1.54223167754058e-36,0.632812446852014,0.729,0.789,1.11506434749539e-31,"GRCh38-EMC7","EMC7","10"
1.63363168831921e-36,0.275289996535507,0.444,0.36,1.18114838328855e-31,"GRCh38-WDR83","WDR83","10"
1.65792402497021e-36,0.635446872815033,0.903,0.967,1.19871222853396e-31,"GRCh38-ATP5ME","ATP5ME","10"
1.66646117690328e-36,0.525706902628089,0.804,0.913,1.20488476012461e-31,"GRCh38-SELENOS","SELENOS","10"
1.78941580953656e-36,0.349323884550654,0.562,0.506,1.29378341861112e-31,"GRCh38-POLDIP3","POLDIP3","10"
1.84557349863464e-36,0.644806730115519,0.781,0.821,1.33438655098282e-31,"GRCh38-FAM3C","FAM3C","10"
1.84558766027674e-36,0.544364316939093,0.732,0.755,1.33439679013329e-31,"GRCh38-TRIM24","TRIM24","10"
1.85442163427107e-36,1.00554618592862,0.995,0.997,1.34078393001067e-31,"GRCh38-ACTG1","ACTG1","10"
1.97015973695184e-36,0.373787930920773,0.653,0.622,1.42446489301092e-31,"GRCh38-STARD3NL","STARD3NL","10"
2.03473975419769e-36,0.512426496669582,0.452,0.382,1.47115753708001e-31,"GRCh38-ARHGAP23","ARHGAP23","10"
2.04337516572051e-36,0.477010826161283,0.557,0.712,1.47740111231924e-31,"GRCh38-RRAD","RRAD","10"
2.07541964059087e-36,0.379797542240353,0.517,0.445,1.50056990854001e-31,"GRCh38-SEC24C","SEC24C","10"
2.15389390884134e-36,0.486884802869077,0.689,0.687,1.55730837397047e-31,"GRCh38-BMI1","BMI1","10"
2.16369088155082e-36,0.55121010025521,0.812,0.886,1.56439178117888e-31,"GRCh38-UBTF","UBTF","10"
2.17087452430391e-36,0.298159565142681,0.441,0.358,1.56958569856221e-31,"GRCh38-ZNF789","ZNF789","10"
2.19604698358407e-36,1.00905932486415,0.201,0.126,1.58778589007096e-31,"GRCh38-ENSG00000285822","ENSG00000285822","10"
2.23215602244638e-36,0.32760953988951,0.378,0.293,1.61389344734918e-31,"GRCh38-POMZP3","POMZP3","10"
2.25145550153023e-36,0.528038036332541,0.412,0.332,1.62784735671638e-31,"GRCh38-ZDHHC14","ZDHHC14","10"
2.28301121886544e-36,-0.637846793313433,0.271,0.366,1.65066277146409e-31,"GRCh38-ADGRB3","ADGRB3","10"
2.2977171832225e-36,0.737964736569906,0.922,0.979,1.66129547781353e-31,"GRCh38-AKR1B1","AKR1B1","10"
2.54210165091459e-36,0.439002060370054,0.503,0.437,1.83799033564427e-31,"GRCh38-SHQ1","SHQ1","10"
2.54875240716848e-36,0.341782603942274,0.476,0.403,1.84279896543096e-31,"GRCh38-MKRN2","MKRN2","10"
2.54945404935602e-36,0.411808259234451,0.402,0.322,1.84330626676539e-31,"GRCh38-HELLPAR","HELLPAR","10"
2.55447890661404e-36,0.507143115300378,0.559,0.505,1.84693933906009e-31,"GRCh38-PALS2","PALS2","10"
2.70342698517009e-36,0.56437464726889,0.635,0.628,1.95463177881768e-31,"GRCh38-TMEM222","TMEM222","10"
2.83143971291179e-36,0.478058644652125,0.134,0.071,2.04718754122949e-31,"GRCh38-MGC4859","MGC4859","10"
2.98101006034109e-36,0.578093296664455,0.75,0.804,2.15532989382782e-31,"GRCh38-BABAM1","BABAM1","10"
3.25112079098236e-36,0.629207220309207,0.861,0.953,2.35062535429607e-31,"GRCh38-RAB10","RAB10","10"
3.69382890787659e-36,0.352323661764548,0.525,0.455,2.67071217697293e-31,"GRCh38-AGA","AGA","10"
3.71419302555921e-36,0.739155401605695,0.821,0.888,2.68543584133982e-31,"GRCh38-DNAJB6","DNAJB6","10"
3.78847734055941e-36,0.696514502862229,0.803,0.868,2.73914488677127e-31,"GRCh38-MOCS2","MOCS2","10"
3.83912230529946e-36,0.437374113517339,0.577,0.531,2.77576220917761e-31,"GRCh38-DMAC2","DMAC2","10"
3.87257931669936e-36,0.629816497773045,0.724,0.758,2.79995229755997e-31,"GRCh38-HSF1","HSF1","10"
4.25238649290481e-36,0.274609215094661,0.341,0.255,3.07456048210004e-31,"GRCh38-PSMB8-AS1","PSMB8-AS1","10"
4.31328450174154e-36,0.739684380008499,0.85,0.924,3.11859096044917e-31,"GRCh38-STOML2","STOML2","10"
4.4012628512831e-36,0.368908701082586,0.363,0.283,3.18220106673471e-31,"GRCh38-FURIN","FURIN","10"
4.595774420883e-36,0.804561313981607,0.938,0.978,3.32283682178683e-31,"GRCh38-MYL12B","MYL12B","10"
4.60724386556801e-36,0.587376574956679,0.666,0.627,3.33112945968298e-31,"GRCh38-PRELID2","PRELID2","10"
4.72096802541231e-36,0.322430870971791,0.143,0.078,3.41335430173361e-31,"GRCh38-MFAP2","MFAP2","10"
4.74534453132643e-36,0.428671963657815,0.559,0.51,3.43097900303964e-31,"GRCh38-ZBTB40","ZBTB40","10"
4.80235060655062e-36,0.486867829773715,0.781,0.857,3.47219553554823e-31,"GRCh38-UPF2","UPF2","10"
4.90880556033199e-36,0.516261641953028,0.486,0.428,3.54916459623124e-31,"GRCh38-TBC1D22A-DT","TBC1D22A-DT","10"
5.09736295078054e-36,0.408172301707606,0.566,0.524,3.68549536067335e-31,"GRCh38-TMEM243","TMEM243","10"
5.10579944763246e-36,-0.356100454648828,0.32,0.433,3.69159511662722e-31,"GRCh38-FRY","FRY","10"
5.40330884851529e-36,0.450184317911105,0.722,0.738,3.90670036365353e-31,"GRCh38-ATPAF1","ATPAF1","10"
5.92152960589791e-36,0.483256066635628,0.476,0.402,4.28138433565631e-31,"GRCh38-EMSLR","EMSLR","10"
6.06619853877308e-36,0.281999600203204,0.152,0.085,4.38598286750371e-31,"GRCh38-LINC01204","LINC01204","10"
6.1476146143715e-36,0.551098839680618,0.683,0.675,4.44484831848288e-31,"GRCh38-ZBTB44","ZBTB44","10"
7.19715152613785e-36,0.700747253842227,0.763,0.819,5.20368449642819e-31,"GRCh38-TMEM126A","TMEM126A","10"
7.22331241206867e-36,0.302057063507221,0.418,0.333,5.22259934017389e-31,"GRCh38-ETV3","ETV3","10"
7.26526507755481e-36,0.268617156585635,0.363,0.273,5.25293195637368e-31,"GRCh38-L2HGDH","L2HGDH","10"
8.26420340793319e-36,0.634419837493327,0.692,0.724,5.97518434800386e-31,"GRCh38-SNHG1","SNHG1","10"
8.97959599391834e-36,0.503276468757967,0.713,0.721,6.49242749552284e-31,"GRCh38-RANBP9","RANBP9","10"
9.58963658218899e-36,0.335870747395321,0.282,0.198,6.93349904165429e-31,"GRCh38-DIAPH2-AS1","DIAPH2-AS1","10"
1.05560533524098e-35,0.526298976893924,0.731,0.745,7.63223769485932e-31,"GRCh38-SMG7","SMG7","10"
1.06853920168215e-35,0.322523448523057,0.456,0.378,7.72575213600229e-31,"GRCh38-VCPIP1","VCPIP1","10"
1.0730521191862e-35,0.497713687776165,0.644,0.625,7.75838143214003e-31,"GRCh38-WWP2","WWP2","10"
1.07390791139597e-35,0.286921206243613,0.284,0.198,7.76456898097516e-31,"GRCh38-MTMR11","MTMR11","10"
1.10414353671182e-35,0.902253652673933,0.972,0.99,7.98317859913376e-31,"GRCh38-S100A10","S100A10","10"
1.13222912409155e-35,0.539164998420659,0.742,0.789,8.18624301300672e-31,"GRCh38-MRPS11","MRPS11","10"
1.14234497017089e-35,0.662247877881948,0.915,0.969,8.25938260332957e-31,"GRCh38-VDAC2","VDAC2","10"
1.18400459337235e-35,0.497981448785578,0.595,0.571,8.56059001100079e-31,"GRCh38-PCF11","PCF11","10"
1.19602841388729e-35,0.276671733250722,0.223,0.144,8.64752463808791e-31,"GRCh38-GBP5","GBP5","10"
1.22022236257542e-35,0.516600384871235,0.694,0.714,8.82245172589281e-31,"GRCh38-EXOSC1","EXOSC1","10"
1.26771936716131e-35,0.576911764974186,0.844,0.946,9.16586456844973e-31,"GRCh38-LUC7L2","LUC7L2","10"
1.27962309325744e-35,0.264465906500324,0.224,0.143,9.25193088886994e-31,"GRCh38-LDLRAD4","LDLRAD4","10"
1.38078228561091e-35,0.870480400831343,0.882,0.937,9.98333208142399e-31,"GRCh38-MYO1B","MYO1B","10"
1.38669294799779e-35,0.437968097325214,0.649,0.626,1.00260673526136e-30,"GRCh38-GCN1","GCN1","10"
1.41657843130895e-35,0.700788716792847,0.763,0.829,1.024214537405e-30,"GRCh38-MRPL16","MRPL16","10"
1.43017106063155e-35,0.740544027467316,0.91,0.97,1.03404228025782e-30,"GRCh38-SEC61B","SEC61B","10"
1.56066532276668e-35,0.447508971737185,0.554,0.501,1.12839224166676e-30,"GRCh38-ARHGAP1","ARHGAP1","10"
1.59606985347608e-35,0.532965750710944,0.844,0.948,1.15399042546028e-30,"GRCh38-LAMTOR4","LAMTOR4","10"
1.659160022736e-35,0.631362394305268,0.876,0.971,1.19960587963858e-30,"GRCh38-RAB2A","RAB2A","10"
1.90117320919175e-35,0.549473641512289,0.788,0.878,1.37458625370982e-30,"GRCh38-ZNF106","ZNF106","10"
1.92733253724942e-35,0.463873624645855,0.631,0.61,1.39349997108208e-30,"GRCh38-TOR1AIP1","TOR1AIP1","10"
1.98024104202004e-35,0.292220106098599,0.378,0.292,1.43175387820133e-30,"GRCh38-LINC01128","LINC01128","10"
1.99041307501657e-35,0.4466467742057,0.561,0.505,1.43910846149848e-30,"GRCh38-EHBP1L1","EHBP1L1","10"
2.11038922162121e-35,0.381345022135571,0.436,0.357,1.52585361501657e-30,"GRCh38-F2RL1","F2RL1","10"
2.21272894298208e-35,0.587949039434849,0.503,0.416,1.59984728035491e-30,"GRCh38-DMD","DMD","10"
2.28636152024945e-35,0.414763965359931,0.553,0.496,1.65308510637076e-30,"GRCh38-LIPA","LIPA","10"
2.40898751154254e-35,0.552068447794916,0.654,0.644,1.74174615059549e-30,"GRCh38-MCU","MCU","10"
2.47913238647433e-35,0.405723775843945,0.105,0.052,1.79246229806867e-30,"GRCh38-FILIP1","FILIP1","10"
2.59110607706639e-35,0.304359192995162,0.328,0.243,1.87342151584054e-30,"GRCh38-TOR4A","TOR4A","10"
2.60959184856594e-35,0.604072850222664,0.521,0.47,1.88678709835015e-30,"GRCh38-TNFRSF10A","TNFRSF10A","10"
2.6590444262854e-35,0.293198955352817,0.387,0.301,1.92254230109287e-30,"GRCh38-ZNF680","ZNF680","10"
2.66887097757558e-35,0.474924465438568,0.704,0.718,1.92964709420669e-30,"GRCh38-MED4","MED4","10"
2.79312768440084e-35,0.510229638231488,0.654,0.627,2.01948717837549e-30,"GRCh38-COMTD1","COMTD1","10"
2.83470838710575e-35,0.556630411034866,0.426,0.354,2.0495508580452e-30,"GRCh38-APCDD1L","APCDD1L","10"
2.85061540480053e-35,0.618743434382864,0.911,0.973,2.06105194997888e-30,"GRCh38-VAPA","VAPA","10"
2.8745231156181e-35,0.607182982909636,0.914,0.968,2.0783377030542e-30,"GRCh38-NONO","NONO","10"
2.92216801727674e-35,0.456740730884787,0.761,0.785,2.11278591985143e-30,"GRCh38-MRPL30","MRPL30","10"
3.09392975644545e-35,0.529417809240023,0.637,0.62,2.23697309250519e-30,"GRCh38-DDX19A","DDX19A","10"
3.37153119732399e-35,0.405569157241558,0.5,0.435,2.43768448628919e-30,"GRCh38-ALG9","ALG9","10"
3.55866872816128e-35,0.371398919027675,0.62,0.575,2.57298866383517e-30,"GRCh38-AAGAB","AAGAB","10"
3.68979336566773e-35,0.351316503162729,0.378,0.284,2.66779439924508e-30,"GRCh38-HNMT","HNMT","10"
3.79469642904441e-35,0.288693987358055,0.382,0.298,2.74364141212769e-30,"GRCh38-CHST14","CHST14","10"
3.9217254597626e-35,0.581794451414544,0.601,0.563,2.83548594191755e-30,"GRCh38-AMOTL1","AMOTL1","10"
4.11881092128352e-35,1.36568725526362,0.626,0.59,2.97798267230641e-30,"GRCh38-KRT75","KRT75","10"
4.2871229179891e-35,0.514714501129429,0.661,0.662,3.09967561216448e-30,"GRCh38-TFB1M","TFB1M","10"
4.36765444700968e-35,0.424303356435705,0.593,0.545,3.15790151827694e-30,"GRCh38-MOCOS","MOCOS","10"
4.37937654314055e-35,0.45135796355294,0.606,0.575,3.16637682822148e-30,"GRCh38-R3HDM4","R3HDM4","10"
4.69731498850081e-35,0.438758414912466,0.628,0.597,3.39625268298585e-30,"GRCh38-SLC6A6","SLC6A6","10"
4.74934205939844e-35,0.725349809588357,0.655,0.649,3.43386929578626e-30,"GRCh38-DRAM1","DRAM1","10"
4.98942219990906e-35,0.255153326601977,0.375,0.289,3.60745203897825e-30,"GRCh38-MEX3C","MEX3C","10"
5.05385190382752e-35,0.532271878210679,0.7,0.731,3.65403600350537e-30,"GRCh38-RNF167","RNF167","10"
5.45796577963058e-35,0.515741318995783,0.666,0.657,3.9462184179885e-30,"GRCh38-BIRC2","BIRC2","10"
6.57091786399022e-35,0.306399339862195,0.728,0.885,4.75090503402221e-30,"GRCh38-SEMA3C","SEMA3C","10"
7.09282258454483e-35,0.561563528207683,0.813,0.881,5.12825258507761e-30,"GRCh38-LSM14A","LSM14A","10"
7.1362279884832e-35,0.32157058498701,0.446,0.367,5.15963556023312e-30,"GRCh38-TRIM11","TRIM11","10"
7.35278753003654e-35,0.356343481187947,0.429,0.353,5.31621243996702e-30,"GRCh38-JMJD4","JMJD4","10"
7.48503217923662e-35,0.391048504128852,0.757,0.796,5.41182796623166e-30,"GRCh38-AIFM1","AIFM1","10"
7.50332320089422e-35,0.603753397860811,0.582,0.535,5.42505274071054e-30,"GRCh38-RPUSD1","RPUSD1","10"
7.69315936215679e-35,0.404804614619916,0.448,0.374,5.5623080820266e-30,"GRCh38-MSX1","MSX1","10"
7.98388522865759e-35,0.687156753445295,0.91,0.972,5.77250869802401e-30,"GRCh38-EIF3K","EIF3K","10"
8.6069634998277e-35,0.528624495633654,0.76,0.792,6.22300674964542e-30,"GRCh38-WDR12","WDR12","10"
8.90624440221926e-35,0.415650379099643,0.335,0.248,6.43939282769257e-30,"GRCh38-BCHE","BCHE","10"
9.20073657405954e-35,0.474155942460716,0.604,0.559,6.65231655777653e-30,"GRCh38-CROT","CROT","10"
9.48245741233408e-35,0.272980766009935,0.322,0.235,6.85600635826578e-30,"GRCh38-ENTPD7","ENTPD7","10"
9.8762538040919e-35,0.26166556441707,0.434,0.348,7.14072902543453e-30,"GRCh38-FXR2","FXR2","10"
1.01714908443092e-34,0.36312027265205,0.186,0.111,7.35419131025243e-30,"GRCh38-FCRLA","FCRLA","10"
1.02725558395332e-34,0.614942899699851,0.736,0.783,7.42726332309927e-30,"GRCh38-GBF1","GBF1","10"
1.04741906603213e-34,0.666425319740171,0.824,0.912,7.57304933122549e-30,"GRCh38-EMC4","EMC4","10"
1.09261126071898e-34,0.57108827461793,0.449,0.373,7.8997979372504e-30,"GRCh38-FMN1","FMN1","10"
1.24525256106964e-34,0.355019976792511,0.523,0.466,9.00342506704575e-30,"GRCh38-ANKRD52","ANKRD52","10"
1.28566100712758e-34,0.436184829046871,0.586,0.562,9.29558621373383e-30,"GRCh38-TP53I13","TP53I13","10"
1.38240271469529e-34,0.515591013629019,0.866,0.95,9.99504810778992e-30,"GRCh38-TXNL1","TXNL1","10"
1.38928160013591e-34,0.642836851792911,0.79,0.883,1.00447838253026e-29,"GRCh38-LAGE3","LAGE3","10"
1.40460244626102e-34,0.368858846397186,0.527,0.469,1.01555566069564e-29,"GRCh38-TMEM250","TMEM250","10"
1.47301418776354e-34,0.568559535341802,0.78,0.842,1.0650187180368e-29,"GRCh38-PHF20L1","PHF20L1","10"
1.47862070397577e-34,0.527435688904073,0.745,0.763,1.06907234138856e-29,"GRCh38-HBS1L","HBS1L","10"
1.48442192908501e-34,0.275262558389695,0.377,0.293,1.07326674316704e-29,"GRCh38-DTX2","DTX2","10"
1.51171603036615e-34,0.446368051838005,0.616,0.58,1.09300092427533e-29,"GRCh38-PARG","PARG","10"
1.56350164715506e-34,0.261820297661466,0.306,0.219,1.13044296092605e-29,"GRCh38-OTUD1","OTUD1","10"
1.56861326200606e-34,0.574422123537832,0.698,0.721,1.13413876069562e-29,"GRCh38-CLPTM1","CLPTM1","10"
1.57454800022513e-34,0.623791110885841,0.773,0.862,1.13842969512278e-29,"GRCh38-UBAP2","UBAP2","10"
1.62040057804037e-34,0.715591866232129,0.88,0.938,1.17158202593475e-29,"GRCh38-CLIC4","CLIC4","10"
1.62585911478118e-34,0.585878884193665,0.864,0.952,1.17552865716909e-29,"GRCh38-OSBPL8","OSBPL8","10"
1.70103174383028e-34,0.544196803803398,0.777,0.84,1.22987997142417e-29,"GRCh38-DPY30","DPY30","10"
1.80852404329159e-34,0.534211796053947,0.838,0.938,1.30759905378068e-29,"GRCh38-SLTM","SLTM","10"
1.81003634753314e-34,0.463122295873411,0.523,0.462,1.30869247999341e-29,"GRCh38-ADAT2","ADAT2","10"
1.82561778939034e-34,0.664772304911702,0.844,0.946,1.319958174085e-29,"GRCh38-RSRC2","RSRC2","10"
1.93732706371905e-34,0.678512059562331,0.983,0.988,1.40072621361014e-29,"GRCh38-RPL27","RPL27","10"
2.08042820594576e-34,0.440766762243521,0.647,0.635,1.5041912014629e-29,"GRCh38-APEH","APEH","10"
2.18843363081723e-34,-0.653079672526279,0.341,0.433,1.58228128375347e-29,"GRCh38-SEMA5A","SEMA5A","10"
2.20083675621409e-34,0.291098895383988,0.433,0.354,1.59124899147791e-29,"GRCh38-MUL1","MUL1","10"
2.34849340153642e-34,0.398297689127424,0.37,0.28,1.69800769917886e-29,"GRCh38-ANKRD37","ANKRD37","10"
2.58292711875181e-34,0.255163998989929,0.198,0.125,1.86750796539993e-29,"GRCh38-CCDC200","CCDC200","10"
2.61420225791786e-34,0.522621437567648,0.763,0.813,1.89012051651977e-29,"GRCh38-AP3D1","AP3D1","10"
2.67172533661124e-34,-0.478078871252591,0.207,0.31,1.93171085287666e-29,"GRCh38-ADAMTS9-AS2","ADAMTS9-AS2","10"
2.70584851735861e-34,0.503713535379898,0.644,0.627,1.95638259502062e-29,"GRCh38-BCL10","BCL10","10"
2.74738875039926e-34,0.32843116932901,0.521,0.457,1.98641701431367e-29,"GRCh38-KANSL2","KANSL2","10"
2.82302944641986e-34,0.712239953220652,0.814,0.92,2.04110675035049e-29,"GRCh38-TMCO1","TMCO1","10"
2.98406411516338e-34,0.489639304699442,0.54,0.499,2.15753803654543e-29,"GRCh38-AKAP1","AKAP1","10"
3.07097882346401e-34,0.45823257052796,0.674,0.672,2.22037910894095e-29,"GRCh38-RNF20","RNF20","10"
3.22055994377608e-34,0.635309378101681,0.395,0.316,2.32852925054898e-29,"GRCh38-HSPB8","HSPB8","10"
3.24815135776182e-34,-0.306845823695004,0.216,0.317,2.34847839468895e-29,"GRCh38-KRT86","KRT86","10"
3.38720902817252e-34,0.588853398230962,0.638,0.635,2.44901987154929e-29,"GRCh38-CBL","CBL","10"
3.43022858065725e-34,0.252141655099884,0.449,0.364,2.4801238683868e-29,"GRCh38-AGBL5","AGBL5","10"
3.4335529588954e-34,0.582732868313792,0.785,0.858,2.48252746034055e-29,"GRCh38-SDAD1","SDAD1","10"
3.60247944999691e-34,0.499055396955224,0.954,0.985,2.60466469193677e-29,"GRCh38-SNHG5","SNHG5","10"
3.7409539146556e-34,0.509803783234539,0.687,0.687,2.70478449937429e-29,"GRCh38-SIKE1","SIKE1","10"
3.75967961012148e-34,0.547910473909361,0.794,0.857,2.71832355171003e-29,"GRCh38-MTIF2","MTIF2","10"
3.80182100502002e-34,0.617374210828248,0.672,0.675,2.74879262304958e-29,"GRCh38-UBE2F","UBE2F","10"
3.95185989760885e-34,0.337121653424469,0.541,0.475,2.85727374316915e-29,"GRCh38-DCAF17","DCAF17","10"
4.00005231467462e-34,0.434954097260221,0.658,0.634,2.89211782455604e-29,"GRCh38-SCYL2","SCYL2","10"
4.18861113421069e-34,0.489804051515899,0.635,0.607,3.02844962225701e-29,"GRCh38-EIF2B2","EIF2B2","10"
4.26932039297701e-34,0.428167609223894,0.584,0.554,3.08680403053023e-29,"GRCh38-SLC25A28","SLC25A28","10"
4.37635247067424e-34,0.715176859095819,0.482,0.417,3.16419036334689e-29,"GRCh38-LINC01287","LINC01287","10"
4.6573684775951e-34,0.621038944212434,0.738,0.763,3.36737055667081e-29,"GRCh38-KIF3B","KIF3B","10"
4.70510964371373e-34,0.564427829084105,0.631,0.606,3.4018883745979e-29,"GRCh38-NOP2","NOP2","10"
5.00314307106766e-34,0.573410841016423,0.744,0.818,3.61737250324334e-29,"GRCh38-TMEM18","TMEM18","10"
5.13788359461675e-34,0.521789147721879,0.709,0.71,3.7147925965798e-29,"GRCh38-AKIRIN1","AKIRIN1","10"
5.22395709269405e-34,0.646079757095579,0.81,0.887,3.77702545715966e-29,"GRCh38-MAPKAP1","MAPKAP1","10"
5.37514082715886e-34,0.323152045755141,0.586,0.535,3.8863343208524e-29,"GRCh38-STEEP1","STEEP1","10"
5.40352034172902e-34,0.621631086030671,0.794,0.869,3.90685327747692e-29,"GRCh38-ESF1","ESF1","10"
6.70814284811246e-34,0.490557690675737,0.6,0.556,4.85012144204227e-29,"GRCh38-TTC27","TTC27","10"
6.86379911102382e-34,0.637442695215038,0.793,0.857,4.96266403325244e-29,"GRCh38-MRPL54","MRPL54","10"
6.94823370815907e-34,0.502781711795206,0.819,0.904,5.02371193567317e-29,"GRCh38-POLR2B","POLR2B","10"
7.37174951672357e-34,0.607508151164468,0.694,0.728,5.32992233558148e-29,"GRCh38-SMURF1","SMURF1","10"
7.39021939990732e-34,0.294012003058598,0.442,0.361,5.34327643052099e-29,"GRCh38-UBXN8","UBXN8","10"
7.92178300329759e-34,0.733139229000709,0.555,0.518,5.72760754704422e-29,"GRCh38-HRH1","HRH1","10"
7.9217989954493e-34,0.359351990345213,0.564,0.517,5.72761910968975e-29,"GRCh38-ANKMY2","ANKMY2","10"
7.99421367158829e-34,0.314673941734243,0.539,0.479,5.77997636883176e-29,"GRCh38-SNAPC5","SNAPC5","10"
8.03411619600684e-34,0.520019483053114,0.764,0.816,5.80882669203687e-29,"GRCh38-MTLN","MTLN","10"
8.1575637667269e-34,0.357284677797061,0.478,0.407,5.89808175461889e-29,"GRCh38-SNAPC4","SNAPC4","10"
8.37764670836883e-34,0.31744527919766,0.39,0.309,6.05720612308483e-29,"GRCh38-KCTD17","KCTD17","10"
8.54000060323272e-34,0.404816649319534,0.525,0.474,6.17459123614932e-29,"GRCh38-RHBDD3","RHBDD3","10"
8.553120098302e-34,0.543868424889214,0.745,0.788,6.18407689347431e-29,"GRCh38-RMDN1","RMDN1","10"
8.7468966131427e-34,0.507157705238635,0.694,0.682,6.32418118923443e-29,"GRCh38-NIBAN2","NIBAN2","10"
9.49111716472405e-34,0.308426013906426,0.243,0.166,6.86226753243878e-29,"GRCh38-ZNF44","ZNF44","10"
1.03684841158877e-33,0.312629083734781,0.468,0.39,7.49662138546913e-29,"GRCh38-CRYZ","CRYZ","10"
1.08408791339591e-33,0.554845033559509,0.709,0.716,7.83817243143507e-29,"GRCh38-NAPG","NAPG","10"
1.10231348334933e-33,0.539006807040146,0.796,0.845,7.96994694731232e-29,"GRCh38-CSNK2A2","CSNK2A2","10"
1.13326363687905e-33,0.554443031974426,0.801,0.865,8.19372274736292e-29,"GRCh38-CCDC25","CCDC25","10"
1.14485765958616e-33,0.566625836253091,0.685,0.667,8.27754985033985e-29,"GRCh38-PXN","PXN","10"
1.22139005731251e-33,0.710580433246893,0.493,0.434,8.8308943923809e-29,"GRCh38-RAMP1","RAMP1","10"
1.29613068398014e-33,0.616977379350055,0.715,0.726,9.37128407131319e-29,"GRCh38-PPP2CB","PPP2CB","10"
1.4178013800565e-33,0.500789024977495,0.65,0.635,1.02509875380845e-28,"GRCh38-RELA","RELA","10"
1.42580296484146e-33,0.571665035735696,0.839,0.924,1.03088405963967e-28,"GRCh38-SUMO1","SUMO1","10"
1.44160823770793e-33,0.273822389638051,0.482,0.408,1.04231158802759e-28,"GRCh38-DZIP1L","DZIP1L","10"
1.46992515705018e-33,0.420495225700087,0.637,0.61,1.06278528705042e-28,"GRCh38-NUP133","NUP133","10"
1.47832106404587e-33,0.269286784374688,0.385,0.299,1.06885569572644e-28,"GRCh38-TBX18","TBX18","10"
1.67561067689024e-33,0.631273909523306,0.65,0.644,1.21150003160518e-28,"GRCh38-MAP2K1","MAP2K1","10"
1.7090467712171e-33,0.52636841444029,0.707,0.714,1.23567499652539e-28,"GRCh38-COG3","COG3","10"
1.7204618316737e-33,0.530135860088309,0.785,0.88,1.24392831353672e-28,"GRCh38-TLK1","TLK1","10"
1.74631362751093e-33,0.38329150154446,0.589,0.539,1.26261967896296e-28,"GRCh38-CNOT8","CNOT8","10"
1.74801317356466e-33,0.364838930097447,0.586,0.538,1.26384848475072e-28,"GRCh38-DVL3","DVL3","10"
1.78334679730955e-33,0.537516214587436,0.878,0.951,1.28939540139075e-28,"GRCh38-SF3B1","SF3B1","10"
1.92097407931726e-33,0.60714161661462,0.549,0.508,1.38890267882796e-28,"GRCh38-SEMA4B","SEMA4B","10"
1.98267072310055e-33,0.440244724693207,0.651,0.64,1.43351058621616e-28,"GRCh38-TRABD","TRABD","10"
2.03122244575445e-33,0.270861193358475,0.448,0.369,1.46861445272938e-28,"GRCh38-STYX","STYX","10"
2.04317891546662e-33,0.289351300457269,0.417,0.336,1.47725921946067e-28,"GRCh38-RNF139","RNF139","10"
2.1076734302031e-33,0.442154062587229,0.529,0.473,1.52389004350544e-28,"GRCh38-SCLY","SCLY","10"
2.19514685291736e-33,0.506304350596257,0.328,0.248,1.58713507759631e-28,"GRCh38-PADI3","PADI3","10"
2.37767848217603e-33,0.487260706389473,0.827,0.917,1.71910909618291e-28,"GRCh38-RNF181","RNF181","10"
2.53067004391145e-33,0.623931290057182,0.817,0.895,1.82972505514886e-28,"GRCh38-USP15","USP15","10"
2.65699260850748e-33,0.455408139527952,0.595,0.558,1.92105879580308e-28,"GRCh38-TP53RK","TP53RK","10"
2.83380099138837e-33,0.591469859454024,0.888,0.957,2.04889479279362e-28,"GRCh38-BZW2","BZW2","10"
2.86539134616644e-33,0.555948440188153,0.734,0.773,2.07173525110526e-28,"GRCh38-ATP2C1","ATP2C1","10"
3.04377848271893e-33,0.511875852413745,0.635,0.626,2.20071271857544e-28,"GRCh38-SYS1","SYS1","10"
3.98234155724185e-33,0.254937488699959,0.337,0.243,2.879312592717e-28,"GRCh38-AKT3","AKT3","10"
3.99481975861907e-33,0.389643360903682,0.35,0.269,2.88833458187676e-28,"GRCh38-ANKRD42","ANKRD42","10"
4.00619076449934e-33,0.503764086328197,0.772,0.814,2.89655604654831e-28,"GRCh38-DDX52","DDX52","10"
4.20574575996062e-33,0.302369376181768,0.457,0.385,3.04083829936672e-28,"GRCh38-CHMP7","CHMP7","10"
4.39196044457597e-33,0.481778702043284,0.63,0.603,3.17547524063732e-28,"GRCh38-KIF16B","KIF16B","10"
4.5703480872079e-33,0.493502022577026,0.701,0.708,3.30445307401306e-28,"GRCh38-ZNF330","ZNF330","10"
4.74153487393653e-33,0.530484595054496,0.705,0.719,3.42822454455359e-28,"GRCh38-CCDC43","CCDC43","10"
4.92036035273686e-33,0.277751135368906,0.3,0.217,3.5575189422358e-28,"GRCh38-DAB2IP","DAB2IP","10"
5.01510075678726e-33,0.619516745342039,0.649,0.633,3.62601814917232e-28,"GRCh38-XPR1","XPR1","10"
5.15761151965896e-33,0.435526695859199,0.636,0.625,3.72905628094382e-28,"GRCh38-GMCL1","GMCL1","10"
5.46844576353665e-33,0.398830220318043,0.5,0.447,3.95379565595227e-28,"GRCh38-MVD","MVD","10"
5.81607733481132e-33,0.321505524052151,0.601,0.549,4.20514023461528e-28,"GRCh38-SLC39A8","SLC39A8","10"
6.02011840274308e-33,0.316956127438289,0.45,0.375,4.3526660075513e-28,"GRCh38-SPATA5L1","SPATA5L1","10"
6.99561015769129e-33,0.605405969464596,0.68,0.699,5.05796605621396e-28,"GRCh38-NDUFAF6","NDUFAF6","10"
7.3866904223686e-33,0.414785588499489,0.518,0.439,5.34072490918094e-28,"GRCh38-SLC2A13","SLC2A13","10"
8.53152307488849e-33,0.365062443250889,0.574,0.519,6.16846181360587e-28,"GRCh38-LIX1L","LIX1L","10"
9.17505005045184e-33,0.722431445559025,0.936,0.977,6.63374468747769e-28,"GRCh38-UQCRH","UQCRH","10"
9.53434150306177e-33,0.290341862573025,0.4,0.324,6.89351959354372e-28,"GRCh38-ALAD","ALAD","10"
1.11725007644989e-32,0.578202857399715,0.707,0.752,8.07794150274802e-28,"GRCh38-CWC25","CWC25","10"
1.11811868425657e-32,0.540211877373708,0.744,0.795,8.08422171091184e-28,"GRCh38-UIMC1","UIMC1","10"
1.14678319493068e-32,0.500050732797469,0.734,0.744,8.2914718559878e-28,"GRCh38-RAB5A","RAB5A","10"
1.1785590625987e-32,0.596334971737039,0.581,0.525,8.5212177344011e-28,"GRCh38-DLEU1","DLEU1","10"
1.18916702451109e-32,0.488486219790634,0.488,0.426,8.59791542062008e-28,"GRCh38-SLC35F2","SLC35F2","10"
1.19071344852641e-32,0.705876787162762,0.825,0.905,8.60909637553568e-28,"GRCh38-MRPS26","MRPS26","10"
1.22372486801616e-32,0.366152365799797,0.461,0.395,8.84777554073043e-28,"GRCh38-TYK2","TYK2","10"
1.23432755588125e-32,0.606010862423113,0.736,0.785,8.92443509453258e-28,"GRCh38-ATP6V0D1","ATP6V0D1","10"
1.2988736000927e-32,0.423889099610879,0.614,0.578,9.39111590339021e-28,"GRCh38-CAMSAP1","CAMSAP1","10"
1.3136618210053e-32,0.318859755806586,0.559,0.513,9.49803769823249e-28,"GRCh38-ARPIN","ARPIN","10"
1.42629157051432e-32,0.385367638737285,0.489,0.43,1.03123733131326e-27,"GRCh38-RAD51D","RAD51D","10"
1.44571837041084e-32,0.268939763664598,0.369,0.284,1.04528329617445e-27,"GRCh38-ENSG00000290856","ENSG00000290856","10"
1.47160392236767e-32,0.476237247740533,0.706,0.722,1.06399906795027e-27,"GRCh38-STX2","STX2","10"
1.48952113382798e-32,0.585878724247919,0.774,0.839,1.07695357018031e-27,"GRCh38-AAK1","AAK1","10"
1.5565304501271e-32,0.432462249986448,0.503,0.443,1.1254026460509e-27,"GRCh38-RABIF","RABIF","10"
1.61365968998866e-32,0.559380853770638,0.668,0.672,1.1667082290556e-27,"GRCh38-DESI1","DESI1","10"
1.61550889276671e-32,0.440194911539106,0.615,0.574,1.16804523964819e-27,"GRCh38-CDKN2AIP","CDKN2AIP","10"
1.66570426723613e-32,0.475003094080618,0.701,0.699,1.20433749929707e-27,"GRCh38-UBP1","UBP1","10"
1.90058206757899e-32,0.621797842291586,0.715,0.746,1.37415884650096e-27,"GRCh38-DENND5A","DENND5A","10"
1.9395974089701e-32,0.485046040702851,0.719,0.728,1.40236771863356e-27,"GRCh38-UBE2J1","UBE2J1","10"
2.01515423910844e-32,0.649533610557018,0.82,0.9,1.45699681796018e-27,"GRCh38-TMED10","TMED10","10"
2.09118854719124e-32,0.65001593644677,0.748,0.822,1.51197114339021e-27,"GRCh38-PKP4","PKP4","10"
2.23363274670667e-32,0.467578509840498,0.797,0.862,1.61496114852386e-27,"GRCh38-CHMP2B","CHMP2B","10"
2.24755089159673e-32,0.425122730122259,0.525,0.469,1.62502424564227e-27,"GRCh38-PTRH1","PTRH1","10"
2.3171055501521e-32,0.518972944397473,0.696,0.733,1.67531365487097e-27,"GRCh38-DGCR6L","DGCR6L","10"
2.36197873111222e-32,0.376441859962727,0.111,0.058,1.70775786216875e-27,"GRCh38-ENSG00000286481","ENSG00000286481","10"
2.3650203044637e-32,0.533085910704534,0.599,0.578,1.70995698053334e-27,"GRCh38-MAN2A1","MAN2A1","10"
2.37737612220039e-32,0.250741273879662,0.362,0.277,1.71889048387332e-27,"GRCh38-TICAM2","TICAM2","10"
2.37748474832033e-32,0.797831402525979,0.655,0.647,1.71896902273057e-27,"GRCh38-BLCAP","BLCAP","10"
2.45392539149798e-32,0.543549663881382,0.813,0.852,1.77423713656087e-27,"GRCh38-PJA2","PJA2","10"
2.61250480948257e-32,0.429031153497199,0.531,0.473,1.88889322735209e-27,"GRCh38-USP31","USP31","10"
2.91529929073595e-32,0.552157059241262,0.8,0.883,2.10781969318791e-27,"GRCh38-BTF3L4","BTF3L4","10"
2.91994326663061e-32,0.250097905296916,0.387,0.305,2.11117738063927e-27,"GRCh38-UBQLN4","UBQLN4","10"
3.00906798649065e-32,0.676599658698914,0.819,0.909,2.17561633559247e-27,"GRCh38-BAZ1A","BAZ1A","10"
3.07631722183874e-32,0.553845634681517,0.835,0.926,2.22423887773384e-27,"GRCh38-ROCK2","ROCK2","10"
3.08883498311527e-32,0.280235421096647,0.374,0.296,2.233289469492e-27,"GRCh38-TGDS","TGDS","10"
3.15429882217518e-32,0.324218470417436,0.451,0.381,2.2806211344091e-27,"GRCh38-TRDMT1","TRDMT1","10"
3.20599861476028e-32,0.623275340505384,0.843,0.944,2.31800111844397e-27,"GRCh38-SPAG9","SPAG9","10"
3.34414341568295e-32,0.505760538022123,0.627,0.613,2.41788257240709e-27,"GRCh38-FOXN2","FOXN2","10"
3.60986130726413e-32,0.382137584930761,0.562,0.506,2.61000192237811e-27,"GRCh38-ABHD2","ABHD2","10"
3.63177563206547e-32,0.629625183379909,0.807,0.864,2.62584641749598e-27,"GRCh38-TBCB","TBCB","10"
3.65394908922657e-32,0.426262735457091,0.553,0.503,2.64187827049259e-27,"GRCh38-FLAD1","FLAD1","10"
3.66180839888385e-32,0.526476267465552,0.732,0.778,2.647560708561e-27,"GRCh38-ATP2A2","ATP2A2","10"
3.84342633354796e-32,0.443388275108593,0.655,0.65,2.77887410768185e-27,"GRCh38-SLC39A9","SLC39A9","10"
3.84558789489162e-32,0.411885565595519,0.571,0.529,2.78043695976454e-27,"GRCh38-TCF20","TCF20","10"
3.98529327751978e-32,0.439067181784408,0.639,0.637,2.88144674551235e-27,"GRCh38-FBXO34","FBXO34","10"
3.99089317158966e-32,0.678683424379433,0.778,0.849,2.88549558092276e-27,"GRCh38-FLNB","FLNB","10"
4.10949848932615e-32,0.332551883916907,0.505,0.442,2.97124959775259e-27,"GRCh38-ZNF318","ZNF318","10"
4.53660413180003e-32,0.376090593089389,0.594,0.555,3.28005551937406e-27,"GRCh38-RRAGC","RRAGC","10"
4.63818086982183e-32,0.522957184207897,0.664,0.678,3.35349753249858e-27,"GRCh38-NVL","NVL","10"
4.68687973474257e-32,0.387178707096111,0.498,0.436,3.38870778581357e-27,"GRCh38-B3GLCT","B3GLCT","10"
4.73576008204307e-32,0.404078557416099,0.525,0.468,3.42404925451878e-27,"GRCh38-INTS2","INTS2","10"
4.96211852493749e-32,0.558497868053439,0.835,0.943,3.5877109359003e-27,"GRCh38-PPIG","PPIG","10"
4.99147527763123e-32,0.686491118652238,0.731,0.761,3.60893645523293e-27,"GRCh38-DCBLD2","DCBLD2","10"
5.20175329898302e-32,0.523916100893278,0.819,0.909,3.76097167023071e-27,"GRCh38-MLF2","MLF2","10"
5.25575224018326e-32,0.502161308281996,0.543,0.511,3.8000139846973e-27,"GRCh38-SRGAP2B","SRGAP2B","10"
5.33546379992941e-32,0.282570477377531,0.382,0.302,3.85764703662496e-27,"GRCh38-POMT2","POMT2","10"
5.44869596518274e-32,0.342097348621688,0.494,0.429,3.93951615674642e-27,"GRCh38-DNAL1","DNAL1","10"
5.56469879116631e-32,0.620949968583663,0.861,0.929,4.02338851998907e-27,"GRCh38-ARF4","ARF4","10"
5.99597388225691e-32,0.61244268442194,0.524,0.461,4.33520903634939e-27,"GRCh38-RIGI","RIGI","10"
6.03697023034071e-32,0.775960393508594,0.872,0.932,4.36485021594094e-27,"GRCh38-HMGN3","HMGN3","10"
6.26308293293953e-32,0.345887186429444,0.456,0.389,4.52833422217394e-27,"GRCh38-PCYT2","PCYT2","10"
6.28993354789699e-32,0.737515456945216,0.811,0.9,4.54774775380048e-27,"GRCh38-NDUFS3","NDUFS3","10"
6.39388188074938e-32,0.587071524379526,0.798,0.869,4.62290447741941e-27,"GRCh38-PPHLN1","PPHLN1","10"
6.54811280727708e-32,0.426616577103102,0.639,0.627,4.73441652191747e-27,"GRCh38-ACBD5","ACBD5","10"
6.67060450613019e-32,0.332795312792761,0.491,0.424,4.82298047002225e-27,"GRCh38-NUDT19","NUDT19","10"
6.99328721864669e-32,0.376522974014222,0.518,0.461,5.05628652482593e-27,"GRCh38-ATP6V0A2","ATP6V0A2","10"
7.43098715138179e-32,0.702806546108921,0.816,0.9,5.37275233019206e-27,"GRCh38-ARPC4","ARPC4","10"
7.47637996164414e-32,0.392795222487069,0.542,0.495,5.40557223986795e-27,"GRCh38-CMTR1","CMTR1","10"
7.55296813571633e-32,0.491951278496201,0.662,0.682,5.46094702148562e-27,"GRCh38-CNOT10","CNOT10","10"
7.63666525315251e-32,0.578851933760097,0.884,0.96,5.52146171133433e-27,"GRCh38-PABPN1","PABPN1","10"
7.7547140109409e-32,0.566280847058734,0.819,0.925,5.60681332419049e-27,"GRCh38-NSD3","NSD3","10"
7.95354371586419e-32,0.418292697786107,0.703,0.699,5.75057117744412e-27,"GRCh38-USP12","USP12","10"
8.01311681233255e-32,0.335171788650305,0.454,0.382,5.79364371765268e-27,"GRCh38-SLC41A1","SLC41A1","10"
8.02461532415728e-32,0.425818307350579,0.511,0.461,5.80195737167219e-27,"GRCh38-SRGAP2C","SRGAP2C","10"
8.13302470052777e-32,0.590738796789695,0.812,0.879,5.88033951897559e-27,"GRCh38-YES1","YES1","10"
8.19735140356333e-32,0.41546358222035,0.509,0.456,5.92684901180436e-27,"GRCh38-TEAD4","TEAD4","10"
8.30048260523552e-32,0.611300468516991,0.74,0.775,6.00141493323738e-27,"GRCh38-MTX1","MTX1","10"
8.34433124432483e-32,0.783829540114048,0.903,0.963,6.03311837627174e-27,"GRCh38-EIF3I","EIF3I","10"
8.61922286915835e-32,0.501669194468554,0.745,0.757,6.23187051885887e-27,"GRCh38-PRKAR1A","PRKAR1A","10"
8.90308850219912e-32,0.467070419470969,0.692,0.703,6.43711104886001e-27,"GRCh38-OTUD6B-AS1","OTUD6B-AS1","10"
8.96859066633254e-32,0.637456863785037,0.745,0.798,6.48447042357175e-27,"GRCh38-SFT2D1","SFT2D1","10"
8.9897565472545e-32,0.479651494819464,0.734,0.761,6.49977377879594e-27,"GRCh38-SMIM10L1","SMIM10L1","10"
9.10453599169069e-32,0.495679480362396,0.692,0.713,6.58276161271221e-27,"GRCh38-SCNM1","SCNM1","10"
9.34906710879783e-32,0.42453037373005,0.585,0.546,6.75956250100301e-27,"GRCh38-C12orf43","C12orf43","10"
1.09831626158206e-31,0.25123275034817,0.302,0.222,7.94104623449059e-27,"GRCh38-ZNF518B","ZNF518B","10"
1.17532533718639e-31,0.482328647545079,0.584,0.55,8.49783725292506e-27,"GRCh38-TUSC2","TUSC2","10"
1.23931875349211e-31,0.956871405555944,0.763,0.79,8.96052245149862e-27,"GRCh38-MYO10","MYO10","10"
1.27003867264546e-31,0.757293650846613,0.649,0.614,9.18263361096122e-27,"GRCh38-IFI44","IFI44","10"
1.44824896467924e-31,0.307950781544574,0.31,0.228,1.04711296644239e-26,"GRCh38-AGTPBP1","AGTPBP1","10"
1.50178501057484e-31,0.552182489883988,0.78,0.838,1.08582059834582e-26,"GRCh38-AGGF1","AGGF1","10"
1.56198692424373e-31,0.41078513664948,0.765,0.803,1.1293477859667e-26,"GRCh38-GORASP2","GORASP2","10"
1.63667190076487e-31,0.395479492627325,0.306,0.226,1.18334651769101e-26,"GRCh38-KLHL15","KLHL15","10"
1.72043633726546e-31,0.464718922787895,0.337,0.262,1.24390988056968e-26,"GRCh38-EMB","EMB","10"
1.81963609299487e-31,0.389312626110429,0.317,0.239,1.31563328795715e-26,"GRCh38-MCF2L2","MCF2L2","10"
1.83763790581394e-31,0.607949334843234,0.814,0.9,1.3286489586616e-26,"GRCh38-MRPL40","MRPL40","10"
1.90041147075838e-31,0.285010872235563,0.452,0.374,1.37403550158772e-26,"GRCh38-CIC","CIC","10"
1.90160364082901e-31,0.359933560883967,0.614,0.576,1.37489746439219e-26,"GRCh38-KDELR3","KDELR3","10"
2.02207016577941e-31,0.318966219078626,0.318,0.236,1.46199717126183e-26,"GRCh38-SPOPL-DT","SPOPL-DT","10"
2.02831722835229e-31,0.326119230835801,0.307,0.223,1.46651392244327e-26,"GRCh38-AMPH","AMPH","10"
2.20022147152117e-31,0.506193461998541,0.678,0.674,1.59080412833923e-26,"GRCh38-ZFPL1","ZFPL1","10"
2.21588182024041e-31,0.411515627570511,0.729,0.739,1.60212687367022e-26,"GRCh38-RIMOC1","RIMOC1","10"
2.21844470839509e-31,0.73345609450306,0.781,0.852,1.60397989306382e-26,"GRCh38-PRKAR2A","PRKAR2A","10"
2.27406707769794e-31,0.29570910287917,0.43,0.354,1.64419597851717e-26,"GRCh38-PGBD1","PGBD1","10"
2.28664692223533e-31,0.397507648776667,0.552,0.504,1.65329145771459e-26,"GRCh38-TMEM184B","TMEM184B","10"
2.30648147075565e-31,-0.346538728568791,0.053,0.122,1.66763223298575e-26,"GRCh38-LINC02511","LINC02511","10"
2.3861826344618e-31,0.491732459207577,0.677,0.678,1.72525776836857e-26,"GRCh38-FAM120AOS","FAM120AOS","10"
2.41291789521966e-31,0.328624750194619,0.328,0.246,1.74458789660172e-26,"GRCh38-PLCE1","PLCE1","10"
2.52104341935694e-31,0.752218382375195,0.904,0.96,1.82276481306345e-26,"GRCh38-GADD45GIP1","GADD45GIP1","10"
2.83809025699961e-31,0.304972853267206,0.395,0.314,2.05199601761585e-26,"GRCh38-GPT2","GPT2","10"
2.91741013730967e-31,0.400425410264834,0.623,0.596,2.10934587747764e-26,"GRCh38-TPP2","TPP2","10"
3.07916752567331e-31,0.63365511143421,0.434,0.372,2.22629970441232e-26,"GRCh38-SH3PXD2A","SH3PXD2A","10"
3.18554355613505e-31,0.671734395932529,0.907,0.97,2.30321170195676e-26,"GRCh38-UBL5","UBL5","10"
3.39136588211174e-31,0.378538847552053,0.524,0.467,2.45202536008443e-26,"GRCh38-TGFBR1","TGFBR1","10"
3.60118096348702e-31,0.517777752144528,0.672,0.682,2.60372586022038e-26,"GRCh38-C1orf52","C1orf52","10"
3.71850051898379e-31,0.556897686288929,0.968,0.983,2.68855024523566e-26,"GRCh38-EEF1B2","EEF1B2","10"
3.74967844534394e-31,0.561559563928601,0.732,0.759,2.71109250955258e-26,"GRCh38-UBL4A","UBL4A","10"
3.85802552530032e-31,0.321780575908425,0.451,0.381,2.78942961530264e-26,"GRCh38-CNPPD1","CNPPD1","10"
4.04458007321663e-31,0.919434773192428,0.616,0.626,2.92431228453709e-26,"GRCh38-MCAM","MCAM","10"
4.11221008709837e-31,0.377464600073946,0.621,0.591,2.97321013717386e-26,"GRCh38-ALDH18A1","ALDH18A1","10"
4.37526811677115e-31,0.327108577279791,0.413,0.336,3.16340635378788e-26,"GRCh38-LRRC1","LRRC1","10"
4.48527843040007e-31,0.508570102378745,0.235,0.16,3.24294601074786e-26,"GRCh38-BMP2","BMP2","10"
4.62989970983521e-31,0.544556215147939,0.773,0.812,3.34751008820506e-26,"GRCh38-NELFCD","NELFCD","10"
4.84921992170453e-31,0.323431410308241,0.561,0.512,3.50608298779081e-26,"GRCh38-HSF2","HSF2","10"
4.99910001982334e-31,0.520256344007914,0.68,0.685,3.61444929633267e-26,"GRCh38-PELO","PELO","10"
5.06958101554343e-31,0.550494409815437,0.537,0.483,3.66540846585821e-26,"GRCh38-IQCG","IQCG","10"
5.0867410059427e-31,0.555301683545081,0.807,0.905,3.67781548211669e-26,"GRCh38-RABEP1","RABEP1","10"
5.09814973797724e-31,0.358615226408132,0.467,0.401,3.6860642235523e-26,"GRCh38-LYSMD2","LYSMD2","10"
5.17818390759448e-31,0.32985585188315,0.498,0.432,3.74393052886896e-26,"GRCh38-GTPBP2","GTPBP2","10"
5.51247784974571e-31,0.577227813140701,0.853,0.939,3.98563173492314e-26,"GRCh38-ECHS1","ECHS1","10"
5.77457267798641e-31,0.602857926922366,0.875,0.938,4.17513153763773e-26,"GRCh38-MTHFD2","MTHFD2","10"
5.78120812691872e-31,0.573821043900006,0.782,0.865,4.17992909992477e-26,"GRCh38-SMG1","SMG1","10"
6.00083206180441e-31,0.734136057700729,0.88,0.978,4.33872159732583e-26,"GRCh38-P4HB","P4HB","10"
6.09067875197049e-31,0.47023835388489,0.868,0.938,4.4036825512497e-26,"GRCh38-EIF3L","EIF3L","10"
6.1702101102629e-31,0.445291387370421,0.65,0.64,4.46118531392228e-26,"GRCh38-ITPR3","ITPR3","10"
6.33740870715639e-31,0.51441833818263,0.707,0.744,4.58207324344821e-26,"GRCh38-SLC4A1AP","SLC4A1AP","10"
7.04257945870158e-31,0.869252504779408,0.754,0.779,5.09192580023041e-26,"GRCh38-NAV2","NAV2","10"
7.10148495414125e-31,0.474630309448489,0.746,0.938,5.13451565154321e-26,"GRCh38-FOS","FOS","10"
7.18769484309117e-31,0.579831226330332,0.867,0.956,5.19684712545178e-26,"GRCh38-SND1","SND1","10"
7.30445945053734e-31,0.86395386650143,0.795,0.866,5.28127027192751e-26,"GRCh38-MBNL2","MBNL2","10"
7.41255964944555e-31,0.380748810142447,0.621,0.594,5.35942887774212e-26,"GRCh38-ATG4B","ATG4B","10"
7.49475965437664e-31,0.399127356102286,0.831,0.941,5.4188611253074e-26,"GRCh38-RTF1","RTF1","10"
7.76049218837477e-31,0.591004686528791,0.932,0.976,5.61099106203873e-26,"GRCh38-PRDX6","PRDX6","10"
7.95476004466496e-31,0.528407041902059,0.728,0.782,5.75145060749366e-26,"GRCh38-SCARB1","SCARB1","10"
8.00567585031601e-31,0.447293524876942,0.722,0.761,5.78826375329548e-26,"GRCh38-TRRAP","TRRAP","10"
8.48133325650609e-31,0.539916607354498,0.884,0.962,6.13217357111903e-26,"GRCh38-NDUFC1","NDUFC1","10"
8.93611605505864e-31,0.616366408626436,0.895,0.967,6.4609906301285e-26,"GRCh38-OLA1","OLA1","10"
8.95545810888306e-31,0.550833083246668,0.769,0.834,6.47497532188463e-26,"GRCh38-TMF1","TMF1","10"
9.0424884081852e-31,0.658400373574706,0.853,0.941,6.53789996888606e-26,"GRCh38-RAD23A","RAD23A","10"
9.12733954395273e-31,0.553477143649596,0.633,0.629,6.5992490370687e-26,"GRCh38-RXRA","RXRA","10"
9.24507056712607e-31,0.658518227121865,0.825,0.917,6.68437092144349e-26,"GRCh38-LITAF","LITAF","10"
9.25300913540657e-31,0.393147605422169,0.434,0.352,6.69011066508166e-26,"GRCh38-LINP1","LINP1","10"
9.43266301189136e-31,0.590511413462048,0.753,0.826,6.82000401085769e-26,"GRCh38-PSENEN","PSENEN","10"
9.45575228268492e-31,0.42683738020181,0.598,0.57,6.83669801542685e-26,"GRCh38-DMAP1","DMAP1","10"
9.50306311485765e-31,0.511769947718933,0.3,0.221,6.87090469330438e-26,"GRCh38-PTGES","PTGES","10"
9.78969322423037e-31,0.423667109771182,0.644,0.628,7.07814399498304e-26,"GRCh38-RTCA","RTCA","10"
1.11153990512192e-30,0.32042552336668,0.302,0.222,8.03665582201254e-26,"GRCh38-CNNM4","CNNM4","10"
1.11171802072367e-30,-0.397745490338513,0.269,0.366,8.03794363343624e-26,"GRCh38-MIR3681HG","MIR3681HG","10"
1.26408235881954e-30,0.384804777650273,0.518,0.458,9.13956827073706e-26,"GRCh38-SMN1","SMN1","10"
1.30948526315094e-30,0.666749232661905,0.867,0.951,9.46784034963392e-26,"GRCh38-NDUFB8","NDUFB8","10"
1.31064518176841e-30,0.409247875806677,0.541,0.496,9.47622679322194e-26,"GRCh38-DPP3","DPP3","10"
1.3236573731806e-30,0.55773185691785,0.795,0.859,9.57030753957034e-26,"GRCh38-CHMP4B","CHMP4B","10"
1.33344385950166e-30,0.337089473652249,0.473,0.412,9.64106579296892e-26,"GRCh38-TMEM177","TMEM177","10"
1.34182851825607e-30,0.411805437542298,0.599,0.566,9.70168855269501e-26,"GRCh38-PPIP5K2","PPIP5K2","10"
1.35493539330683e-30,0.498708940040526,0.781,0.874,9.79645388068705e-26,"GRCh38-NNT","NNT","10"
1.3995513356344e-30,0.803690440278417,0.884,0.953,1.01190360669038e-25,"GRCh38-TUFM","TUFM","10"
1.43215604060292e-30,0.56342595437917,0.162,0.098,1.03547746047673e-25,"GRCh38-ENSG00000275649","ENSG00000275649","10"
1.43467353878434e-30,0.439807143695548,0.655,0.641,1.03729766201185e-25,"GRCh38-TBC1D9B","TBC1D9B","10"
1.4897418076942e-30,0.745021531047132,0.874,0.945,1.07711312179906e-25,"GRCh38-NAA10","NAA10","10"
1.60316634359822e-30,0.542435109083192,0.68,0.693,1.15912132974839e-25,"GRCh38-NPC1","NPC1","10"
1.70787311692587e-30,0.590288964043737,0.776,0.875,1.23482642099974e-25,"GRCh38-SPEN","SPEN","10"
1.86836742397421e-30,0.280646203277979,0.396,0.32,1.35086701488183e-25,"GRCh38-PRR14","PRR14","10"
1.94628460343464e-30,0.331817145330007,0.446,0.374,1.40720269397531e-25,"GRCh38-ATP13A2","ATP13A2","10"
2.05003156375657e-30,0.485256895478865,0.675,0.67,1.48221382122728e-25,"GRCh38-RASSF8","RASSF8","10"
2.19061648621957e-30,0.352687622909441,0.549,0.494,1.58385953186647e-25,"GRCh38-SEC23IP","SEC23IP","10"
2.19108944615463e-30,0.709298515261524,0.799,0.819,1.58420149135872e-25,"GRCh38-H2AJ","H2AJ","10"
2.26014698659693e-30,0.473211768798186,0.586,0.552,1.63413147424931e-25,"GRCh38-LARS2","LARS2","10"
2.29874223602709e-30,0.534484959011338,0.67,0.655,1.6620366114923e-25,"GRCh38-TACC1","TACC1","10"
2.3599079880154e-30,0.334947363480102,0.473,0.403,1.7062606734949e-25,"GRCh38-C17orf80","C17orf80","10"
2.36109324134711e-30,0.344501976008509,0.472,0.404,1.70711763535879e-25,"GRCh38-STK35","STK35","10"
2.38159745622703e-30,0.297658337897241,0.453,0.387,1.72194259280127e-25,"GRCh38-DGAT1","DGAT1","10"
2.45700583345472e-30,0.651373723683055,0.774,0.836,1.77646435770444e-25,"GRCh38-YIPF5","YIPF5","10"
2.53025049654678e-30,-0.311003473837325,0.133,0.22,1.82942171401325e-25,"GRCh38-ADGRL4","ADGRL4","10"
2.54681674896149e-30,0.635682131354204,0.706,0.777,1.84139944583414e-25,"GRCh38-DNAJC1","DNAJC1","10"
2.6768856970356e-30,0.735138832160544,0.872,0.939,1.93544189667068e-25,"GRCh38-TAF10","TAF10","10"
2.78089144499605e-30,0.404767539357496,0.368,0.289,2.01064013256104e-25,"GRCh38-EML6","EML6","10"
2.81767319147872e-30,0.912741807792976,0.842,0.95,2.03723407090295e-25,"GRCh38-TMED9","TMED9","10"
2.82356845145843e-30,0.394659591641339,0.526,0.47,2.04149646177347e-25,"GRCh38-TXNDC11","TXNDC11","10"
3.00418079596614e-30,0.435643943763272,0.562,0.534,2.17208279909944e-25,"GRCh38-PLXNB2","PLXNB2","10"
3.03389746067788e-30,0.351732713186742,0.595,0.554,2.19356854201932e-25,"GRCh38-FKBP9","FKBP9","10"
3.07724136821633e-30,0.344141746844185,0.588,0.55,2.22490705404777e-25,"GRCh38-ELMOD2","ELMOD2","10"
3.07755414402277e-30,0.344988036595555,0.578,0.541,2.22513319721135e-25,"GRCh38-SLC35B3","SLC35B3","10"
3.07819458547369e-30,0.399660168073457,0.507,0.447,2.22559624918919e-25,"GRCh38-LSS","LSS","10"
3.08555454266251e-30,0.461077262593684,0.563,0.523,2.23091764543585e-25,"GRCh38-NBPF1","NBPF1","10"
3.12743559966034e-30,0.630364665149084,0.81,0.906,2.26119848726642e-25,"GRCh38-CWC27","CWC27","10"
3.13203278905342e-30,0.65663209212977,0.953,0.983,2.2645223471414e-25,"GRCh38-COX4I1","COX4I1","10"
3.3317999247004e-30,0.364216729547374,0.709,0.715,2.40895798155688e-25,"GRCh38-PRKRA","PRKRA","10"
3.44937244622813e-30,0.548173701615672,0.77,0.843,2.49396526607186e-25,"GRCh38-PPP2R5E","PPP2R5E","10"
3.46430267749494e-30,0.500038159607867,0.727,0.752,2.50476012188239e-25,"GRCh38-TNIP2","TNIP2","10"
3.48641181935553e-30,0.509863514825729,0.46,0.395,2.52074547363044e-25,"GRCh38-GPAM","GPAM","10"
3.59389188820345e-30,0.705361482815246,0.769,0.85,2.59845571300886e-25,"GRCh38-SLC7A11","SLC7A11","10"
4.12649315732177e-30,0.967838681665758,0.735,0.847,2.98353708260679e-25,"GRCh38-ENSG00000189229","ENSG00000189229","10"
4.32549363437165e-30,0.309293061507968,0.434,0.361,3.12741840752339e-25,"GRCh38-RNF185","RNF185","10"
4.38529456240979e-30,0.521487293712652,0.608,0.6,3.17065567451352e-25,"GRCh38-GATD1","GATD1","10"
4.47875594202649e-30,0.712369834898988,0.704,0.731,3.238230121204e-25,"GRCh38-PTGES2","PTGES2","10"
4.65407672687204e-30,0.40917937276341,0.544,0.503,3.36499055506302e-25,"GRCh38-PDPK1","PDPK1","10"
4.84988597062281e-30,0.453730460601176,0.627,0.605,3.5065645544797e-25,"GRCh38-RIOK2","RIOK2","10"
5.5563149702857e-30,0.586290460501111,0.765,0.853,4.01732684981596e-25,"GRCh38-ERGIC2","ERGIC2","10"
5.6407498243014e-30,0.460925850836767,0.768,0.802,4.0783749379664e-25,"GRCh38-TOP2B","TOP2B","10"
5.67451167422568e-30,0.433015105359205,0.504,0.427,4.10278543069865e-25,"GRCh38-STC2","STC2","10"
5.73378500079429e-30,0.480716782560039,0.779,0.839,4.14564123127429e-25,"GRCh38-RO60","RO60","10"
5.83451273693436e-30,0.629887621550585,0.8,0.865,4.21846939905828e-25,"GRCh38-TSR3","TSR3","10"
5.91117103864812e-30,0.449119991015995,0.617,0.61,4.27389488436337e-25,"GRCh38-PIGS","PIGS","10"
6.05032541574818e-30,0.512341149203434,0.837,0.896,4.37450628209425e-25,"GRCh38-UBE2E3","UBE2E3","10"
6.1896186341171e-30,0.423290735942294,0.62,0.609,4.47521806483934e-25,"GRCh38-STAM","STAM","10"
6.23028166883595e-30,0.584892832188987,0.81,0.92,4.50461825220177e-25,"GRCh38-TGOLN2","TGOLN2","10"
6.35207825167362e-30,0.778731153617284,0.909,0.967,4.59267961752506e-25,"GRCh38-COX7B","COX7B","10"
6.36990272615032e-30,-0.354950867977781,0.237,0.328,4.60556706906121e-25,"GRCh38-CAP2","CAP2","10"
6.38528849534543e-30,0.343984679752018,0.498,0.442,4.61669128790465e-25,"GRCh38-SFI1","SFI1","10"
6.40447657549965e-30,0.438389948875902,0.584,0.555,4.63056465361776e-25,"GRCh38-INTS7","INTS7","10"
6.41915385075194e-30,0.418702178547199,0.686,0.703,4.64117661717067e-25,"GRCh38-RHBDD2","RHBDD2","10"
6.43482676792006e-30,0.615956120579723,0.748,0.783,4.65250844974156e-25,"GRCh38-HARS1","HARS1","10"
6.75373595261724e-30,0.385572877408521,0.539,0.487,4.88308616846132e-25,"GRCh38-MCAT","MCAT","10"
6.84404971472171e-30,0.645961316964657,0.86,0.939,4.94838482473809e-25,"GRCh38-TRIM44","TRIM44","10"
6.84998611823716e-30,0.359661820716714,0.567,0.526,4.95267696320783e-25,"GRCh38-THOC5","THOC5","10"
7.00903355982467e-30,0.27691449892347,0.237,0.163,5.06767144442443e-25,"GRCh38-PPARGC1B","PPARGC1B","10"
7.17933367441126e-30,0.413489006534757,0.531,0.493,5.19080183327283e-25,"GRCh38-CDKN1B","CDKN1B","10"
7.26969934668857e-30,0.268680616171893,0.122,0.068,5.25613802164277e-25,"GRCh38-GP6-AS1","GP6-AS1","10"
7.82474223506052e-30,0.390430074041927,0.283,0.204,5.65744513079346e-25,"GRCh38-RGS16","RGS16","10"
7.83004193446194e-30,0.355478905833246,0.525,0.472,5.66127691945467e-25,"GRCh38-ZNF430","ZNF430","10"
7.89147947339409e-30,0.560322032049488,0.848,0.937,5.70569748885339e-25,"GRCh38-SARNP","SARNP","10"
8.33624435712952e-30,0.459619631274783,0.34,0.257,6.02727139509179e-25,"GRCh38-ENSG00000259692","ENSG00000259692","10"
8.40570905467708e-30,0.339212994996381,0.468,0.408,6.07749576071262e-25,"GRCh38-ZNG1E","ZNG1E","10"
8.48644261636382e-30,0.478544518480321,0.645,0.639,6.13586774048337e-25,"GRCh38-TRAF3IP1","TRAF3IP1","10"
8.4902211130896e-30,0.442337079522683,0.638,0.637,6.13859966918604e-25,"GRCh38-TMEM203","TMEM203","10"
8.60922244434302e-30,0.378592954115904,0.499,0.444,6.22464001170889e-25,"GRCh38-PIGH","PIGH","10"
8.69055737338148e-30,0.479196396846824,0.728,0.772,6.28344679210228e-25,"GRCh38-NCBP3","NCBP3","10"
8.74520508218885e-30,0.485328074518154,0.616,0.599,6.32295817852419e-25,"GRCh38-SNIP1","SNIP1","10"
8.79498247927431e-30,0.371856196385036,0.438,0.372,6.35894823216491e-25,"GRCh38-SNX15","SNX15","10"
8.98520870445933e-30,0.800159405366764,0.869,0.972,6.49648559749818e-25,"GRCh38-HSPA5","HSPA5","10"
9.31091546477466e-30,0.67042721789441,0.843,0.92,6.73197809934138e-25,"GRCh38-SBDS","SBDS","10"
9.66153657981217e-30,0.620631728194053,0.82,0.909,6.9854841779358e-25,"GRCh38-MRPL43","MRPL43","10"
1.00206241536006e-29,0.403669165020592,0.526,0.479,7.24511167553632e-25,"GRCh38-GTF2H2","GTF2H2","10"
1.03921045788984e-29,0.450499900655801,0.753,0.799,7.51369945263509e-25,"GRCh38-PACSIN2","PACSIN2","10"
1.0395479798521e-29,0.592828549650657,0.868,0.955,7.51613980392668e-25,"GRCh38-DYNLRB1","DYNLRB1","10"
1.0642341727771e-29,0.341580333917111,0.516,0.458,7.69462591601301e-25,"GRCh38-USP6NL","USP6NL","10"
1.09535974258427e-29,0.616146548319365,0.8,0.915,7.91967001083278e-25,"GRCh38-SMC5","SMC5","10"
1.10996410088314e-29,0.478937278236805,0.612,0.601,8.02526244220525e-25,"GRCh38-ANKFY1","ANKFY1","10"
1.11375676362749e-29,0.277264706853158,0.415,0.338,8.0526841523795e-25,"GRCh38-MTX3","MTX3","10"
1.14421223345613e-29,0.529691049421962,0.763,0.829,8.27288329033451e-25,"GRCh38-LARP4B","LARP4B","10"
1.15884391986523e-29,0.700730804133504,0.197,0.128,8.3786733094096e-25,"GRCh38-CNBD1","CNBD1","10"
1.15939422359546e-29,0.290070710400661,0.399,0.323,8.38265211543987e-25,"GRCh38-SLC9A6","SLC9A6","10"
1.16161933926095e-29,0.336498570098407,0.467,0.401,8.39874014672448e-25,"GRCh38-SIAH2","SIAH2","10"
1.25007607347051e-29,0.532994505693761,0.693,0.712,9.0383000264065e-25,"GRCh38-MLX","MLX","10"
1.27273640867135e-29,0.517490933366428,0.75,0.794,9.20213878197563e-25,"GRCh38-NIT2","NIT2","10"
1.36871470756088e-29,0.405360288078513,0.537,0.494,9.89608107860668e-25,"GRCh38-ENSG00000291228","ENSG00000291228","10"
1.39169180103048e-29,0.475197705286366,0.786,0.843,1.00622100598106e-24,"GRCh38-PPP4R3B","PPP4R3B","10"
1.39567945216238e-29,0.460027507568789,0.768,0.816,1.00910415750244e-24,"GRCh38-DNM2","DNM2","10"
1.39581762079398e-29,0.267102619194894,0.142,0.082,1.00920405618646e-24,"GRCh38-IL2RG","IL2RG","10"
1.62259528231347e-29,0.280688383310374,0.448,0.376,1.17316884101829e-24,"GRCh38-ZRANB1","ZRANB1","10"
1.64102477118629e-29,0.408413113610469,0.627,0.609,1.18649373006311e-24,"GRCh38-GDE1","GDE1","10"
1.64694264285909e-29,0.50675299999378,0.562,0.522,1.19077246963998e-24,"GRCh38-PHLPP1","PHLPP1","10"
1.67686995941588e-29,0.321091839625105,0.558,0.51,1.21241051805687e-24,"GRCh38-MTA1","MTA1","10"
1.79072658204183e-29,0.495263995717889,0.801,0.883,1.29473113334788e-24,"GRCh38-GOLPH3","GOLPH3","10"
1.8333762314774e-29,-0.264526101492172,0.299,0.404,1.32556768288279e-24,"GRCh38-GRM7","GRM7","10"
1.85363774495733e-29,0.678063643471135,0.843,0.925,1.34021716235905e-24,"GRCh38-STUB1","STUB1","10"
1.87622781168255e-29,0.352360902073542,0.517,0.452,1.35655023240271e-24,"GRCh38-XYLB","XYLB","10"
1.8825340882549e-29,0.349495132405342,0.475,0.408,1.36110979649006e-24,"GRCh38-ABCB10","ABCB10","10"
1.91098902573444e-29,0.768466816060396,0.755,0.83,1.38168328538652e-24,"GRCh38-GALNT2","GALNT2","10"
1.95273297311561e-29,0.632877543266692,0.728,0.765,1.41186499422205e-24,"GRCh38-UBE4A","UBE4A","10"
2.08355783813348e-29,0.431694932705439,0.669,0.663,1.50645398812727e-24,"GRCh38-POLB","POLB","10"
2.10764594141833e-29,0.397374865729018,0.535,0.482,1.52387016856428e-24,"GRCh38-FAM219A","FAM219A","10"
2.24562360439214e-29,0.542657772397446,0.564,0.53,1.62363077844761e-24,"GRCh38-FIGN","FIGN","10"
2.31428904010849e-29,0.895785914067296,0.79,0.872,1.67327726177924e-24,"GRCh38-CD55","CD55","10"
2.33223882308862e-29,0.462082157766562,0.614,0.577,1.68625531386954e-24,"GRCh38-LHFPL2","LHFPL2","10"
2.35358502992426e-29,0.394700630541754,0.685,0.682,1.70168904833584e-24,"GRCh38-PTPA","PTPA","10"
2.37829771371935e-29,0.526387747018392,0.712,0.741,1.71955681297336e-24,"GRCh38-CDC34","CDC34","10"
2.42885953123884e-29,0.617579960385819,0.854,0.965,1.75611401827631e-24,"GRCh38-ANKRD11","ANKRD11","10"
2.55032312200471e-29,0.638324534327305,0.794,0.896,1.84393462367185e-24,"GRCh38-PHACTR4","PHACTR4","10"
2.63767892062009e-29,0.461821112074608,0.721,0.751,1.90709461318674e-24,"GRCh38-NFU1","NFU1","10"
2.64322816634765e-29,0.727470509577918,0.893,0.956,1.91110682883268e-24,"GRCh38-RPL7L1","RPL7L1","10"
2.67301137238786e-29,0.563519985417577,0.764,0.832,1.93264068246387e-24,"GRCh38-STK4","STK4","10"
2.92371336514409e-29,0.645646047559327,0.849,0.915,2.11390323726648e-24,"GRCh38-C12orf75","C12orf75","10"
2.94364682739083e-29,0.413313531993979,0.554,0.48,2.12831552914012e-24,"GRCh38-CNN3","CNN3","10"
2.94758680056535e-29,0.688585328631122,0.752,0.823,2.13116420854476e-24,"GRCh38-TIMM17B","TIMM17B","10"
2.9614545273574e-29,0.400215882922217,0.66,0.644,2.14119085236994e-24,"GRCh38-RNF220","RNF220","10"
3.01896415149308e-29,0.436962020554029,0.872,0.946,2.18277146081253e-24,"GRCh38-DYNC1I2","DYNC1I2","10"
3.07785924057729e-29,0.454854287236036,0.525,0.469,2.22535378812219e-24,"GRCh38-OSBPL6","OSBPL6","10"
3.24524328606192e-29,-0.285670698658322,0.269,0.367,2.34637580068849e-24,"GRCh38-HTR2C","HTR2C","10"
3.26499646209049e-29,0.349810987040286,0.73,0.767,2.36065774202066e-24,"GRCh38-NFYB","NFYB","10"
3.47524375528544e-29,0.473639653982921,0.715,0.743,2.51267073994648e-24,"GRCh38-YAF2","YAF2","10"
3.7818531110949e-29,0.516374447713659,0.637,0.643,2.73435543638383e-24,"GRCh38-WIPF2","WIPF2","10"
3.88882392243788e-29,0.311331386549612,0.501,0.434,2.81169747240103e-24,"GRCh38-INPP5F","INPP5F","10"
4.03287207023212e-29,0.581645711994963,0.835,0.951,2.91584716421923e-24,"GRCh38-SRSF4","SRSF4","10"
4.05203311108361e-29,-0.577566163271378,0.184,0.271,2.92970097997567e-24,"GRCh38-NTNG1","NTNG1","10"
4.42964003649562e-29,0.799493811690035,0.782,0.836,3.20271833918706e-24,"GRCh38-CARHSP1","CARHSP1","10"
4.62225547893293e-29,0.439459292109447,0.532,0.491,3.34198315637809e-24,"GRCh38-CAMK2G","CAMK2G","10"
4.8107806000684e-29,0.501479898708953,0.85,0.957,3.47829058946145e-24,"GRCh38-YY1","YY1","10"
4.97420459015808e-29,0.324574211994598,0.417,0.345,3.5964494027761e-24,"GRCh38-JRKL","JRKL","10"
5.0179617508012e-29,0.527614053989919,0.768,0.819,3.62808670506428e-24,"GRCh38-CSNK1G3","CSNK1G3","10"
5.04638104794472e-29,0.580903029568602,0.826,0.905,3.64863442528499e-24,"GRCh38-TTC1","TTC1","10"
5.15866098942029e-29,0.726863531699537,0.817,0.917,3.72981506857066e-24,"GRCh38-CEBPB","CEBPB","10"
5.2424751039085e-29,0.797671424526178,0.85,0.959,3.79041434962792e-24,"GRCh38-PRDX4","PRDX4","10"
5.28659871303404e-29,0.478783027961316,0.765,0.822,3.82231660149787e-24,"GRCh38-NFIX","NFIX","10"
5.49210592740419e-29,0.26490909101203,0.362,0.284,3.97090242763178e-24,"GRCh38-FKRP","FKRP","10"
5.50304024598144e-29,0.519860243497865,0.801,0.868,3.9788081586495e-24,"GRCh38-RNF187","RNF187","10"
5.57492142987881e-29,-0.274347146697161,0.109,0.188,4.03077969223098e-24,"GRCh38-ENSG00000289612","ENSG00000289612","10"
5.90566933937061e-29,0.680367589945107,0.755,0.811,4.26991704575174e-24,"GRCh38-B4GALT1","B4GALT1","10"
6.47621051265352e-29,0.695162636318112,0.887,0.959,4.68242972485875e-24,"GRCh38-TIMM13","TIMM13","10"
6.67704670379633e-29,0.290187348544359,0.386,0.317,4.82763830777882e-24,"GRCh38-ATP13A1","ATP13A1","10"
6.76409319129859e-29,0.389514724672399,0.623,0.599,4.89057465917271e-24,"GRCh38-POLR3C","POLR3C","10"
6.90019967546933e-29,0.331526823984224,0.593,0.556,4.98898236935783e-24,"GRCh38-ENSG00000291178","ENSG00000291178","10"
7.57610191253854e-29,0.470684364916839,0.826,0.915,5.47767320480361e-24,"GRCh38-FAM177A1","FAM177A1","10"
7.71959678701696e-29,0.429911883792222,0.435,0.372,5.581422868949e-24,"GRCh38-GM2A","GM2A","10"
7.80189946251779e-29,0.256859006094197,0.358,0.283,5.64092934938962e-24,"GRCh38-TPRN","TPRN","10"
8.01288507564509e-29,0.506243540968491,0.832,0.92,5.79347616739291e-24,"GRCh38-DGUOK","DGUOK","10"
8.14606111309672e-29,0.445987949091556,0.573,0.547,5.88976510599119e-24,"GRCh38-ECSIT","ECSIT","10"
8.21919259526546e-29,0.889933507701446,0.759,0.841,5.94264063022883e-24,"GRCh38-SIK3","SIK3","10"
8.34954304424274e-29,0.496125560607633,0.351,0.272,6.03688661184838e-24,"GRCh38-BBOX1-AS1","BBOX1-AS1","10"
8.41203154870927e-29,0.795626665633443,0.896,0.966,6.08206705034778e-24,"GRCh38-SELENOH","SELENOH","10"
8.65817354898968e-29,0.420886532603865,0.746,0.787,6.26003263939052e-24,"GRCh38-BLOC1S6","BLOC1S6","10"
8.95011952802907e-29,0.373679074239649,0.514,0.454,6.47111542115557e-24,"GRCh38-FOSL2","FOSL2","10"
9.15151096406943e-29,0.497151904902089,0.699,0.725,6.61672545724148e-24,"GRCh38-SPTLC1","SPTLC1","10"
9.47907747379518e-29,0.465005224947406,0.581,0.541,6.85356259510339e-24,"GRCh38-RIPK2","RIPK2","10"
9.71608200946814e-29,0.338391981039589,0.574,0.531,7.02492161448565e-24,"GRCh38-BRAP","BRAP","10"
9.73898466562121e-29,0.517301760218756,0.726,0.772,7.04148069293744e-24,"GRCh38-THUMPD1","THUMPD1","10"
9.74626711141453e-29,0.436025498174077,0.476,0.42,7.04674604689494e-24,"GRCh38-BDH1","BDH1","10"
1.0273221861505e-28,0.461898138975986,0.749,0.804,7.42774487030532e-24,"GRCh38-CHCHD5","CHCHD5","10"
1.06030971420764e-28,0.283486174315072,0.386,0.312,7.66625129566405e-24,"GRCh38-RTEL1","RTEL1","10"
1.18936737333588e-28,0.478395750461812,0.735,0.758,8.59936398269308e-24,"GRCh38-OGFRL1","OGFRL1","10"
1.29136945488006e-28,0.606754573463728,0.768,0.822,9.33685943267381e-24,"GRCh38-HYCC1","HYCC1","10"
1.32161574278205e-28,0.767122956748008,0.777,0.815,9.55554614346275e-24,"GRCh38-RRAS2","RRAS2","10"
1.33361762237185e-28,0.355768716018998,0.509,0.455,9.64232213327293e-24,"GRCh38-MAML1","MAML1","10"
1.35548199644539e-28,0.319773839258052,0.469,0.405,9.80040593069942e-24,"GRCh38-RUNDC1","RUNDC1","10"
1.40215772928597e-28,0.38252060243791,0.638,0.631,1.01378808142834e-23,"GRCh38-PLEKHA3","PLEKHA3","10"
1.45124911186668e-28,0.735623005764138,0.603,0.555,1.04928213286185e-23,"GRCh38-SFTA1P","SFTA1P","10"
1.48900679833223e-28,0.284658400148408,0.413,0.338,1.07658169533017e-23,"GRCh38-CORO7","CORO7","10"
1.4972711667571e-28,0.440758863914737,0.429,0.353,1.08255699898872e-23,"GRCh38-FLRT2","FLRT2","10"
1.50820381264491e-28,0.336080945823399,0.549,0.512,1.09046152061852e-23,"GRCh38-PIP4P1","PIP4P1","10"
1.54117272274386e-28,0.414357261495743,0.63,0.622,1.11429870199827e-23,"GRCh38-SNRNP48","SNRNP48","10"
1.61583981966996e-28,0.367849385113798,0.554,0.518,1.16828450641778e-23,"GRCh38-RBSN","RBSN","10"
1.65117669728728e-28,0.485917580938235,0.676,0.673,1.19383377567265e-23,"GRCh38-CERS2","CERS2","10"
1.7190928254688e-28,0.316642899485017,0.213,0.143,1.24293849467045e-23,"GRCh38-EGR3","EGR3","10"
1.72954555963594e-28,0.487007537540306,0.668,0.669,1.25049603052798e-23,"GRCh38-PARVB","PARVB","10"
1.73329810409445e-28,0.587874550299653,0.738,0.791,1.25320919522237e-23,"GRCh38-ELOVL6","ELOVL6","10"
1.74740856081826e-28,0.324676806311373,0.573,0.531,1.26341133764282e-23,"GRCh38-MAPKAPK5","MAPKAPK5","10"
1.7665231011508e-28,0.388742764874682,0.591,0.559,1.27723153259405e-23,"GRCh38-ZNF195","ZNF195","10"
1.76661689178522e-28,0.516839160794935,0.84,0.916,1.27729934509855e-23,"GRCh38-MTREX","MTREX","10"
1.89575360213549e-28,0.64890686760726,0.822,0.931,1.370667769416e-23,"GRCh38-LMAN2","LMAN2","10"
1.99131130440209e-28,0.373484636864079,0.536,0.49,1.4397578993088e-23,"GRCh38-LYSMD3","LYSMD3","10"
2.0587957002313e-28,0.601668248775475,0.668,0.808,1.48855046718124e-23,"GRCh38-ADAMTS6","ADAMTS6","10"
2.08816402706742e-28,0.507582799206738,0.661,0.654,1.50978435485029e-23,"GRCh38-PREP","PREP","10"
2.09475287421159e-28,0.441588173006195,0.736,0.773,1.51454822311246e-23,"GRCh38-UBR4","UBR4","10"
2.15701403881084e-28,0.521000494692913,0.741,0.807,1.55956429034101e-23,"GRCh38-TMX3","TMX3","10"
2.48439374646081e-28,0.495284156412136,0.623,0.623,1.7962663665661e-23,"GRCh38-SLC35E1","SLC35E1","10"
2.7830344292228e-28,0.527811992771135,0.846,0.944,2.01218955301667e-23,"GRCh38-PHPT1","PHPT1","10"
2.87110797385288e-28,0.417522889965644,0.682,0.698,2.07586848725511e-23,"GRCh38-RNPEP","RNPEP","10"
2.96918898154706e-28,0.461375439027165,0.512,0.469,2.14678301743816e-23,"GRCh38-TMEM41A","TMEM41A","10"
3.10723297617045e-28,0.665139408255631,0.549,0.503,2.24659158643076e-23,"GRCh38-AADACP1","AADACP1","10"
3.53572708113337e-28,0.27445861918213,0.276,0.199,2.55640139420105e-23,"GRCh38-STXBP5-AS1","STXBP5-AS1","10"
3.6851008064451e-28,0.441988614373062,0.689,0.682,2.66440158507594e-23,"GRCh38-DNAJC13","DNAJC13","10"
4.10371080360215e-28,0.611489282650869,0.84,0.95,2.96706498522043e-23,"GRCh38-PNN","PNN","10"
4.30199134840962e-28,0.713182447565266,0.793,0.855,3.11042578472712e-23,"GRCh38-OTUB1","OTUB1","10"
4.37549504873305e-28,0.46156792890501,0.663,0.676,3.16357043013497e-23,"GRCh38-TM9SF1","TM9SF1","10"
4.3794870956556e-28,0.371988686914475,0.518,0.462,3.16645675990091e-23,"GRCh38-ATP6V1B2","ATP6V1B2","10"
4.55763523266121e-28,0.459309355133689,0.599,0.57,3.29526142591871e-23,"GRCh38-DPCD","DPCD","10"
4.91415856802477e-28,0.472955101924911,0.574,0.546,3.55303492785327e-23,"GRCh38-TRAF3IP2-AS1","TRAF3IP2-AS1","10"
5.17771858969797e-28,0.385338361117327,0.637,0.617,3.74359409472343e-23,"GRCh38-PRRC1","PRRC1","10"
5.31907150132913e-28,0.379942248933617,0.587,0.55,3.84579507689099e-23,"GRCh38-DPY19L4","DPY19L4","10"
5.59559976451647e-28,0.462641203199676,0.735,0.774,4.0457305417407e-23,"GRCh38-RAD17","RAD17","10"
5.75064607393906e-28,0.258507942611157,0.354,0.279,4.15783212437942e-23,"GRCh38-CLDN12","CLDN12","10"
5.91166301930695e-28,0.474331713672467,0.674,0.686,4.27425059621931e-23,"GRCh38-ISCA1","ISCA1","10"
5.98103729121267e-28,0.264680863492315,0.16,0.099,4.32440958229259e-23,"GRCh38-LINC01934","LINC01934","10"
6.0655111956159e-28,0.304165465172982,0.478,0.411,4.38548590465421e-23,"GRCh38-AJUBA","AJUBA","10"
6.18664008551547e-28,0.675982148906931,0.816,0.939,4.4730645146294e-23,"GRCh38-ASXL1","ASXL1","10"
6.2613381087082e-28,0.257066649024918,0.352,0.279,4.5270726793582e-23,"GRCh38-ACTR5","ACTR5","10"
6.43671443794465e-28,0.720993649056179,0.758,0.825,4.65387327292274e-23,"GRCh38-MRPS25","MRPS25","10"
6.82759618034997e-28,0.35858029716761,0.459,0.395,4.93648859031663e-23,"GRCh38-BORCS5","BORCS5","10"
6.84754905945796e-28,0.437401143485494,0.178,0.115,4.9509149209693e-23,"GRCh38-LIMASI","LIMASI","10"
6.85063812031826e-28,0.583250298090507,0.779,0.842,4.95314837375251e-23,"GRCh38-CD2AP","CD2AP","10"
6.94537978308783e-28,0.54694543499226,0.546,0.509,5.02164849076816e-23,"GRCh38-ENSG00000283415","ENSG00000283415","10"
6.95666139040119e-28,0.507363383588362,0.76,0.812,5.02980531848787e-23,"GRCh38-CSNK1G2","CSNK1G2","10"
7.11629794126888e-28,0.600040228614069,0.754,0.793,5.14522573749622e-23,"GRCh38-CDK7","CDK7","10"
7.7093653800381e-28,0.489739848576172,0.667,0.678,5.57402535707515e-23,"GRCh38-HDHD5","HDHD5","10"
7.77265379789528e-28,0.56900946711174,0.523,0.473,5.61978414895425e-23,"GRCh38-EVA1A","EVA1A","10"
8.14278625233768e-28,0.600340318149197,0.706,0.733,5.88739731616519e-23,"GRCh38-CD58","CD58","10"
8.15452481060801e-28,0.530766807414634,0.639,0.651,5.89588452856581e-23,"GRCh38-CNTLN","CNTLN","10"
8.21699819843986e-28,0.730744850253534,0.882,0.95,5.94105403743599e-23,"GRCh38-PSMB4","PSMB4","10"
8.21744245480056e-28,0.436123572718008,0.796,0.873,5.9413752436699e-23,"GRCh38-CPSF6","CPSF6","10"
8.22507475751844e-28,0.464524638425149,0.56,0.537,5.94689355118098e-23,"GRCh38-RMDN3","RMDN3","10"
8.25140963622655e-28,0.46470702556574,0.838,0.928,5.96593419518452e-23,"GRCh38-MPLKIP","MPLKIP","10"
8.76697058684601e-28,0.258021064178427,0.179,0.116,6.3386950737014e-23,"GRCh38-WAKMAR2","WAKMAR2","10"
8.83508409902905e-28,0.573413076856664,0.78,0.837,6.38794250527998e-23,"GRCh38-IFT57","IFT57","10"
8.83809401908486e-28,0.321907138507263,0.417,0.346,6.39011873767873e-23,"GRCh38-SGK3","SGK3","10"
9.35567950529323e-28,0.665693456410784,0.706,0.747,6.76434339591711e-23,"GRCh38-FKBP11","FKBP11","10"
9.37462859643813e-28,0.560970063049908,0.752,0.804,6.7780439677967e-23,"GRCh38-GTPBP6","GTPBP6","10"
9.46349376430955e-28,0.401634460347391,0.564,0.522,6.84229526147109e-23,"GRCh38-VPS72","VPS72","10"
1.00746047267722e-27,0.387959726350038,0.626,0.607,7.28414070955086e-23,"GRCh38-AMFR","AMFR","10"
1.02078529636996e-27,0.361148965838016,0.531,0.48,7.3804818498141e-23,"GRCh38-CERK","CERK","10"
1.03725197266231e-27,0.343912613844188,0.615,0.583,7.49953921274306e-23,"GRCh38-LEMD2","LEMD2","10"
1.09187758834301e-27,0.459078348984203,0.66,0.677,7.89449333923765e-23,"GRCh38-AGPAT2","AGPAT2","10"
1.12645337445219e-27,0.54698496093586,0.701,0.728,8.14448318796419e-23,"GRCh38-GPATCH2","GPATCH2","10"
1.15425097144347e-27,0.493198792322916,0.111,0.061,8.3454653737306e-23,"GRCh38-TNF","TNF","10"
1.15626020761383e-27,0.269480194207604,0.303,0.229,8.35999255308949e-23,"GRCh38-GATA2","GATA2","10"
1.1773471863065e-27,0.562588232681184,0.727,0.759,8.51245562643324e-23,"GRCh38-SDHAF2","SDHAF2","10"
1.18826953162429e-27,0.635139785981215,0.841,0.924,8.59142636754991e-23,"GRCh38-NDUFA7","NDUFA7","10"
1.19206346923702e-27,0.581174430054602,0.626,0.61,8.61885729527754e-23,"GRCh38-SEC24A","SEC24A","10"
1.41569862544484e-27,0.34296735564859,0.558,0.511,1.02357842016913e-22,"GRCh38-NXPE3","NXPE3","10"
1.43867063419563e-27,0.613085639904553,0.89,0.962,1.04018764193612e-22,"GRCh38-MRPS24","MRPS24","10"
1.44401044354414e-27,1.00281253492331,0.995,0.996,1.04404843089128e-22,"GRCh38-TMSB4X","TMSB4X","10"
1.76615407984852e-27,0.30211022910464,0.525,0.467,1.27696472281207e-22,"GRCh38-NIPSNAP3A","NIPSNAP3A","10"
1.79515973222685e-27,0.501226830327817,0.722,0.747,1.29793638959465e-22,"GRCh38-UBE2G1","UBE2G1","10"
1.89366943742823e-27,0.308618069395486,0.487,0.426,1.36916087664936e-22,"GRCh38-PEX19","PEX19","10"
1.96226894527127e-27,0.409925150767397,0.622,0.609,1.41875969281003e-22,"GRCh38-CREB3","CREB3","10"
2.05914585729851e-27,0.401064524298574,0.48,0.42,1.48880363774397e-22,"GRCh38-SLC10A7","SLC10A7","10"
2.16274437804357e-27,0.277229776379606,0.402,0.33,1.56370744021306e-22,"GRCh38-SARS2","SARS2","10"
2.19451444644881e-27,0.483358696098227,0.548,0.504,1.58667783507142e-22,"GRCh38-RCAN1","RCAN1","10"
2.24540547808901e-27,0.364007704387296,0.526,0.482,1.62347306876791e-22,"GRCh38-PRIMPOL","PRIMPOL","10"
2.26202474939221e-27,0.439641321062018,0.616,0.598,1.63548913430555e-22,"GRCh38-TP53BP2","TP53BP2","10"
2.3184576564484e-27,0.318730151009408,0.585,0.544,1.67629125476532e-22,"GRCh38-SP1","SP1","10"
2.45214387696133e-27,0.562411552080254,0.985,0.991,1.77294906592058e-22,"GRCh38-RPSA","RPSA","10"
2.46720706483159e-27,0.523507026529017,0.801,0.863,1.78384005201454e-22,"GRCh38-PPP1R2","PPP1R2","10"
2.55805793384908e-27,0.654947119105457,0.887,0.959,1.84952704733156e-22,"GRCh38-MRPL36","MRPL36","10"
2.7678477235695e-27,0.535781902645853,0.732,0.757,2.00120926109522e-22,"GRCh38-EXOSC7","EXOSC7","10"
2.91427716002294e-27,0.271920827116431,0.275,0.201,2.10708067223979e-22,"GRCh38-F11R","F11R","10"
2.96182731127034e-27,0.402680780359567,0.629,0.616,2.14146038259468e-22,"GRCh38-FBXO4","FBXO4","10"
2.98902709184498e-27,0.779169880518696,0.803,0.895,2.16112636794576e-22,"GRCh38-ATP2B1","ATP2B1","10"
3.05202507582037e-27,0.379708262115025,0.648,0.636,2.20667517031964e-22,"GRCh38-SORBS3","SORBS3","10"
3.06170573361009e-27,0.403223803099476,0.52,0.468,2.21367447951477e-22,"GRCh38-LINC00963","LINC00963","10"
3.07110605276603e-27,0.707609754122873,0.902,0.979,2.22047109827089e-22,"GRCh38-TOMM20","TOMM20","10"
3.09835009527568e-27,0.346188294997004,0.494,0.441,2.24016908588622e-22,"GRCh38-FAM76A","FAM76A","10"
3.18859321834871e-27,0.332587607730733,0.209,0.138,2.30541666873049e-22,"GRCh38-PTGS2","PTGS2","10"
3.38243055735207e-27,0.527413376180558,0.405,0.341,2.44556494157669e-22,"GRCh38-ZC3H12A","ZC3H12A","10"
3.59136069652274e-27,0.471443279814915,0.677,0.683,2.59662561079987e-22,"GRCh38-HDAC3","HDAC3","10"
3.93715015055219e-27,0.580712870003291,0.719,0.749,2.84663830185224e-22,"GRCh38-GALE","GALE","10"
4.04858866307976e-27,0.44805473760529,0.912,0.976,2.92721057517993e-22,"GRCh38-HDLBP","HDLBP","10"
4.06473030990796e-27,0.345946976187094,0.455,0.395,2.93888130866965e-22,"GRCh38-DAGLB","DAGLB","10"
4.10710963880816e-27,0.475986936140877,0.747,0.787,2.96952241105108e-22,"GRCh38-VRK2","VRK2","10"
4.18179096478407e-27,0.538001330118154,0.862,0.945,3.02351850335818e-22,"GRCh38-COPB2","COPB2","10"
4.2004228402886e-27,0.493196129102197,0.641,0.64,3.03698972198546e-22,"GRCh38-TBC1D7","TBC1D7","10"
4.47546681316955e-27,0.447182333417941,0.724,0.748,3.23585201525785e-22,"GRCh38-RNF10","RNF10","10"
4.53292822086817e-27,0.359716471362231,0.495,0.449,3.2773977622521e-22,"GRCh38-NKRF","NKRF","10"
4.65292002408509e-27,0.491213199318292,0.776,0.831,3.364154235814e-22,"GRCh38-MAT2A","MAT2A","10"
4.94707712529916e-27,0.318365676897066,0.426,0.358,3.5768357031338e-22,"GRCh38-CCDC22","CCDC22","10"
5.17603835212571e-27,0.739858833763285,0.321,0.24,3.74237924935393e-22,"GRCh38-LINC02506","LINC02506","10"
5.24373073044222e-27,0.462090212819394,0.715,0.744,3.79132219272433e-22,"GRCh38-UBA3","UBA3","10"
5.32208138033778e-27,0.475927836951886,0.455,0.395,3.84797127961182e-22,"GRCh38-ADGRE1","ADGRE1","10"
5.44668176951311e-27,0.585957290980327,0.776,0.888,3.93805985299337e-22,"GRCh38-RBBP6","RBBP6","10"
5.63291802722514e-27,0.510538327436795,0.632,0.632,4.07271239204432e-22,"GRCh38-GLTP","GLTP","10"
5.78116382024897e-27,0.493928067448632,0.559,0.532,4.17989706531641e-22,"GRCh38-AKR1E2","AKR1E2","10"
6.03353341915383e-27,0.555728189868749,0.803,0.882,4.3623653327166e-22,"GRCh38-NOSIP","NOSIP","10"
6.31052694624543e-27,0.359126197145406,0.219,0.151,4.56263719267437e-22,"GRCh38-PTPRD","PTPRD","10"
6.63030137120802e-27,0.588538745491479,0.74,0.775,4.79384049741082e-22,"GRCh38-VASP","VASP","10"
6.7065419944654e-27,0.338446468502157,0.405,0.344,4.84896399283837e-22,"GRCh38-THEM6","THEM6","10"
6.76011953008028e-27,0.335491307306126,0.503,0.446,4.88770162263864e-22,"GRCh38-MSL2","MSL2","10"
6.8051087155409e-27,0.407781445802391,0.727,0.759,4.92022970351038e-22,"GRCh38-LEO1","LEO1","10"
6.90231858080042e-27,0.380388460943019,0.63,0.626,4.99051438029032e-22,"GRCh38-MED31","MED31","10"
7.02180214418019e-27,0.420886780551754,0.513,0.462,5.07690338628516e-22,"GRCh38-TAF13","TAF13","10"
7.42666143382527e-27,0.253646685783165,0.374,0.299,5.36962474988435e-22,"GRCh38-RHOBTB2","RHOBTB2","10"
7.45403724726707e-27,0.450713575477227,0.731,0.791,5.38941801051904e-22,"GRCh38-KIAA0232","KIAA0232","10"
7.46606240360447e-27,0.260202270127583,0.377,0.306,5.3981124390541e-22,"GRCh38-DDX28","DDX28","10"
7.8490172999682e-27,0.331599006098011,0.533,0.476,5.67499648822301e-22,"GRCh38-CHSY1","CHSY1","10"
7.9567644388642e-27,0.588857689521173,0.925,0.98,5.75289982458759e-22,"GRCh38-SKP1","SKP1","10"
8.10628297864581e-27,0.457263131374052,0.724,0.775,5.8610047192205e-22,"GRCh38-LTN1","LTN1","10"
8.1319204043726e-27,0.341330009568822,0.533,0.494,5.87954109076947e-22,"GRCh38-MYNN","MYNN","10"
8.32724327773218e-27,0.368737739099642,0.445,0.371,6.02076343466592e-22,"GRCh38-ENC1","ENC1","10"
8.74441153023805e-27,0.365788410496668,0.579,0.548,6.32238442459271e-22,"GRCh38-MAP3K3","MAP3K3","10"
9.64320127766329e-27,0.594118849588528,0.417,0.35,6.97222738777611e-22,"GRCh38-LINC00910","LINC00910","10"
9.75881538599681e-27,0.339171077966463,0.472,0.41,7.05581870038341e-22,"GRCh38-DHX34","DHX34","10"
1.01986312417787e-26,0.411435551641089,0.617,0.6,7.37381436043084e-22,"GRCh38-JADE1","JADE1","10"
1.03935355280754e-26,0.440236755550223,0.72,0.768,7.51473405750907e-22,"GRCh38-MFAP1","MFAP1","10"
1.07707272634764e-26,0.532561948000677,0.836,0.911,7.7874512260387e-22,"GRCh38-TRIP12","TRIP12","10"
1.0926671322695e-26,0.448261560858005,0.977,0.989,7.90020189973494e-22,"GRCh38-RPS29","RPS29","10"
1.11377435094623e-26,0.638607377548617,0.894,0.962,8.05281131221147e-22,"GRCh38-PHB2","PHB2","10"
1.17712853518629e-26,0.373678923209311,0.581,0.546,8.51087473510394e-22,"GRCh38-SNX19","SNX19","10"
1.23338303624389e-26,0.297709469829671,0.372,0.293,8.91760602865054e-22,"GRCh38-CNIH3","CNIH3","10"
1.25077537572334e-26,0.386293250770319,0.623,0.605,9.04335612155486e-22,"GRCh38-PTAR1","PTAR1","10"
1.2650304369053e-26,0.492225426131819,0.927,0.979,9.14642306491271e-22,"GRCh38-MORF4L1","MORF4L1","10"
1.32949888499644e-26,0.280524835688855,0.416,0.347,9.61254283830124e-22,"GRCh38-RUBCN","RUBCN","10"
1.34221676168923e-26,0.445511943761388,0.565,0.536,9.7044956303655e-22,"GRCh38-INTS4","INTS4","10"
1.3599421952469e-26,0.443960858153618,0.799,0.846,9.83265406007412e-22,"GRCh38-PRKAA1","PRKAA1","10"
1.37640459172223e-26,0.796517340212138,0.885,0.962,9.95168047907008e-22,"GRCh38-QKI","QKI","10"
1.40985545798521e-26,0.555887200289325,0.724,0.764,1.01935369323247e-21,"GRCh38-FOXK2","FOXK2","10"
1.41363306955304e-26,0.44276812176753,0.665,0.67,1.02208498194824e-21,"GRCh38-METTL8","METTL8","10"
1.41807022968342e-26,0.487468191249401,0.67,0.679,1.02529313746571e-21,"GRCh38-MRRF","MRRF","10"
1.41940605359674e-26,0.375644948260498,0.416,0.351,1.02625896487152e-21,"GRCh38-ABHD17B","ABHD17B","10"
1.45320686768897e-26,0.38880552695501,0.57,0.547,1.05069762947648e-21,"GRCh38-DCUN1D2","DCUN1D2","10"
1.55276229731042e-26,0.35838478754813,0.514,0.465,1.12267819620138e-21,"GRCh38-NFS1","NFS1","10"
1.59597884458675e-26,0.556146848997179,0.786,0.91,1.15392462421311e-21,"GRCh38-CEP350","CEP350","10"
1.60067463916855e-26,0.262204924463073,0.437,0.368,1.15731977761165e-21,"GRCh38-TGFBRAP1","TGFBRAP1","10"
1.69261408682355e-26,0.529035905851659,0.709,0.736,1.22379383705516e-21,"GRCh38-CTDSPL","CTDSPL","10"
1.72470396380413e-26,0.585226277671053,0.874,0.957,1.24699545990966e-21,"GRCh38-PSMB8","PSMB8","10"
1.72755876379252e-26,0.439595141973043,0.727,0.768,1.24905953739727e-21,"GRCh38-C1orf131","C1orf131","10"
1.72755982329881e-26,0.348050249474789,0.614,0.59,1.24906030344151e-21,"GRCh38-GATC","GATC","10"
1.73609888184464e-26,0.317770037191353,0.538,0.491,1.25523421355131e-21,"GRCh38-RBM15B","RBM15B","10"
1.77508776493493e-26,0.402393851374234,0.753,0.807,1.28342395580325e-21,"GRCh38-SHOC2","SHOC2","10"
1.80375894178468e-26,0.420190281607506,0.579,0.552,1.30415379008916e-21,"GRCh38-URB1","URB1","10"
1.83586143789446e-26,0.591394234312652,0.828,0.912,1.32736453682645e-21,"GRCh38-PSMG2","PSMG2","10"
1.8589186640354e-26,0.520433213672494,0.638,0.647,1.34403537247087e-21,"GRCh38-UBE2O","UBE2O","10"
1.94455627665096e-26,0.3647615960266,0.546,0.506,1.40595307914418e-21,"GRCh38-TMEM68","TMEM68","10"
1.95347335492224e-26,0.318160622408787,0.52,0.47,1.41240030507588e-21,"GRCh38-VPS33A","VPS33A","10"
1.99643754479449e-26,0.278510536472742,0.451,0.385,1.44346427363732e-21,"GRCh38-SNHG10","SNHG10","10"
2.11354312111886e-26,0.586180329423657,0.741,0.791,1.52813394743136e-21,"GRCh38-NMRAL1","NMRAL1","10"
2.24822040841589e-26,0.315224563242745,0.544,0.5,1.62550831969286e-21,"GRCh38-METTL27","METTL27","10"
2.28522185760359e-26,0.410141013530363,0.632,0.604,1.65226110748454e-21,"GRCh38-ATF5","ATF5","10"
2.34075639375119e-26,0.319136921457556,0.509,0.453,1.69241368780999e-21,"GRCh38-PDCL","PDCL","10"
2.41158366156782e-26,0.35852073652608,0.602,0.582,1.74362321898676e-21,"GRCh38-KLHDC3","KLHDC3","10"
2.54902100003745e-26,0.321685543840067,0.6,0.567,1.84299316344708e-21,"GRCh38-CNDP2","CNDP2","10"
2.55428406944499e-26,0.500861143887066,0.806,0.876,1.84679846789012e-21,"GRCh38-PDCD6IP","PDCD6IP","10"
2.68653857203353e-26,0.505034028663539,0.784,0.834,1.94242111835168e-21,"GRCh38-ZMAT2","ZMAT2","10"
2.74096245328207e-26,0.380667494421111,0.603,0.584,1.981770672972e-21,"GRCh38-DENND6A","DENND6A","10"
2.77933949883148e-26,0.455164931812889,0.752,0.817,2.00951804444514e-21,"GRCh38-CCSER2","CCSER2","10"
2.83489063460691e-26,0.762678670267204,0.683,0.753,2.04968262663349e-21,"GRCh38-LRCH1","LRCH1","10"
2.98764583361772e-26,0.450227281476405,0.532,0.48,2.16012769062229e-21,"GRCh38-DDX60L","DDX60L","10"
2.9972890171467e-26,0.559570060594828,0.563,0.524,2.1670999051774e-21,"GRCh38-ULK4","ULK4","10"
3.13525975739615e-26,0.324213967955741,0.504,0.447,2.26685550979256e-21,"GRCh38-DUS2","DUS2","10"
3.37357111440832e-26,1.06734291987381,0.615,0.609,2.4391593871395e-21,"GRCh38-DUSP6","DUSP6","10"
3.37626740261492e-26,0.441579083928483,0.454,0.388,2.44110885743864e-21,"GRCh38-USP2-AS1","USP2-AS1","10"
3.56528372526653e-26,0.400465578294596,0.539,0.509,2.57777143904221e-21,"GRCh38-CARD8","CARD8","10"
3.63350108553119e-26,0.580757916912028,0.751,0.793,2.62709395486076e-21,"GRCh38-PITPNA","PITPNA","10"
3.69853031239938e-26,0.515470408011465,0.852,0.93,2.674111386471e-21,"GRCh38-RBBP4","RBBP4","10"
3.71694959663788e-26,0.596976618815323,0.686,0.708,2.68742889736112e-21,"GRCh38-DNAJC3","DNAJC3","10"
3.7585175981392e-26,0.391686207922093,0.574,0.546,2.7174833938066e-21,"GRCh38-TOPORS","TOPORS","10"
3.80401334144126e-26,0.258886559837932,0.422,0.354,2.75037772612886e-21,"GRCh38-CPSF1","CPSF1","10"
4.04028345195994e-26,0.347329025968975,0.509,0.458,2.92120574143608e-21,"GRCh38-TAF8","TAF8","10"
4.29999066149421e-26,0.378585669642204,0.498,0.445,3.10897924807354e-21,"GRCh38-PGAP2","PGAP2","10"
4.4209941609546e-26,0.304238029457214,0.469,0.406,3.1964671982534e-21,"GRCh38-TTC28-AS1","TTC28-AS1","10"
4.46584377934433e-26,0.283804585198576,0.326,0.253,3.22889436934154e-21,"GRCh38-ENSG00000289405","ENSG00000289405","10"
4.57429037054844e-26,0.378998671775508,0.689,0.706,3.30730342371393e-21,"GRCh38-ZNF770","ZNF770","10"
4.60803538575664e-26,0.434006815791962,0.657,0.646,3.33170174460976e-21,"GRCh38-EIF2B5","EIF2B5","10"
4.82676093056273e-26,0.577453419212219,0.998,0.997,3.48984468801546e-21,"GRCh38-RPLP2","RPLP2","10"
4.92219622438942e-26,0.315012786074598,0.411,0.345,3.55884631415804e-21,"GRCh38-ITPKC","ITPKC","10"
5.06844910164801e-26,0.343025329434792,0.507,0.462,3.66459006947354e-21,"GRCh38-TM2D2","TM2D2","10"
5.24619136903066e-26,0.553879981366593,0.797,0.858,3.79310128363655e-21,"GRCh38-HTATIP2","HTATIP2","10"
5.3769246111039e-26,0.381608576334347,0.482,0.428,3.88762403232034e-21,"GRCh38-RAC3","RAC3","10"
5.59403707654562e-26,0.533333129767292,0.847,0.921,4.04460068708401e-21,"GRCh38-GRSF1","GRSF1","10"
6.0340324228992e-26,0.297394837454483,0.435,0.37,4.36272612240458e-21,"GRCh38-FBRSL1","FBRSL1","10"
6.40882638852607e-26,0.478282366178585,0.401,0.331,4.63370965543212e-21,"GRCh38-PFKFB4","PFKFB4","10"
6.63111752178448e-26,0.31820114960597,0.485,0.44,4.79443059060061e-21,"GRCh38-L3MBTL2","L3MBTL2","10"
6.69238085724172e-26,0.613908924090582,0.805,0.914,4.83872520740291e-21,"GRCh38-TMEM147","TMEM147","10"
6.73791215475957e-26,0.556959599684552,0.822,0.928,4.87164524613426e-21,"GRCh38-ROCK1","ROCK1","10"
6.82280089214974e-26,0.816855200526192,0.839,0.928,4.93302150104211e-21,"GRCh38-TEAD1","TEAD1","10"
7.03638528605545e-26,0.637246393112518,0.829,0.912,5.08744728952381e-21,"GRCh38-RIOK3","RIOK3","10"
7.24970782103682e-26,0.572937983789739,0.879,0.968,5.24168374876604e-21,"GRCh38-MGST1","MGST1","10"
7.26252359413479e-26,0.448738065335753,0.894,0.974,5.25094980903134e-21,"GRCh38-SNHG6","SNHG6","10"
7.71083645902618e-26,0.320880889177134,0.542,0.498,5.57508897660511e-21,"GRCh38-LRRC42","LRRC42","10"
8.21358499823976e-26,0.640120371088984,0.609,0.611,5.93858622542731e-21,"GRCh38-OAF","OAF","10"
8.59523489870048e-26,0.424486087542556,0.533,0.494,6.21452673645842e-21,"GRCh38-TENT4B","TENT4B","10"
9.20613056637768e-26,0.433296862204583,0.572,0.543,6.65621652210239e-21,"GRCh38-CDC42SE1","CDC42SE1","10"
9.53695857297796e-26,0.527038094067433,0.784,0.884,6.89541178743453e-21,"GRCh38-GINM1","GINM1","10"
9.74792027451077e-26,0.423383746155634,0.229,0.161,7.04794131687678e-21,"GRCh38-BIRC3","BIRC3","10"
1.02180307949576e-25,0.62043246466308,0.475,0.429,7.38784062537025e-21,"GRCh38-AFF1","AFF1","10"
1.0227531139305e-25,0.656068391396261,0.838,0.962,7.39470956434034e-21,"GRCh38-RRBP1","RRBP1","10"
1.08103096637188e-25,0.391468523803191,0.567,0.552,7.816070093062e-21,"GRCh38-ADPGK","ADPGK","10"
1.11039275244106e-25,0.702071144936031,0.774,0.82,8.02836167869939e-21,"GRCh38-NOC2L","NOC2L","10"
1.14349113621551e-25,0.425817898988374,0.761,0.846,8.2676696130654e-21,"GRCh38-PAXBP1","PAXBP1","10"
1.33659646436234e-25,0.266046815569992,0.351,0.283,9.66385975663258e-21,"GRCh38-PRXL2B","PRXL2B","10"
1.34579717223746e-25,0.453843624427916,0.728,0.78,9.73038271471128e-21,"GRCh38-HMGXB3","HMGXB3","10"
1.37531291930879e-25,0.396600000217171,0.578,0.55,9.9437874691864e-21,"GRCh38-CHMP6","CHMP6","10"
1.38423684773382e-25,0.441927883606728,0.67,0.672,1.00083092564851e-20,"GRCh38-PARL","PARL","10"
1.40595324260051e-25,0.488933749160484,0.49,0.444,1.01653231346502e-20,"GRCh38-AP5Z1","AP5Z1","10"
1.54225211073997e-25,0.270785252726527,0.423,0.357,1.11507912110721e-20,"GRCh38-RBM4B","RBM4B","10"
1.54724257928765e-25,0.399082129095077,0.581,0.554,1.11868732967656e-20,"GRCh38-UTP25","UTP25","10"
1.58817826143532e-25,0.272877856033135,0.363,0.295,1.14828464658297e-20,"GRCh38-TFAP4","TFAP4","10"
1.60435721613247e-25,0.609399004845472,0.966,0.988,1.1599823544081e-20,"GRCh38-MYL6","MYL6","10"
1.61668716595753e-25,0.570217196957519,0.843,0.942,1.16889715473061e-20,"GRCh38-JTB","JTB","10"
1.79622981600688e-25,0.55578069399918,0.729,0.788,1.29871008156929e-20,"GRCh38-RNASEH2C","RNASEH2C","10"
1.82783004116404e-25,0.508584910187144,0.747,0.789,1.32155767636242e-20,"GRCh38-LRP11","LRP11","10"
1.86591498492929e-25,0.789771861085234,0.46,0.389,1.34909385240358e-20,"GRCh38-NRG1","NRG1","10"
1.93036186661153e-25,0.513294552732632,0.715,0.735,1.39569023679747e-20,"GRCh38-PES1","PES1","10"
2.15898570197112e-25,0.407900757026878,0.655,0.652,1.56098984223916e-20,"GRCh38-MIPEP","MIPEP","10"
2.16712356426092e-25,0.464256193630581,0.666,0.676,1.56687367943193e-20,"GRCh38-CLDND1","CLDND1","10"
2.25653318527478e-25,0.394330890669812,0.71,0.894,1.63151862361737e-20,"GRCh38-MIR100HG","MIR100HG","10"
2.41337023902111e-25,0.3880381165075,0.731,0.736,1.74491495021704e-20,"GRCh38-COPS4","COPS4","10"
2.45667343441595e-25,0.327975988646976,0.387,0.326,1.77622402655142e-20,"GRCh38-NDST1","NDST1","10"
2.53579827519394e-25,0.653050661752931,0.773,0.836,1.83343286893073e-20,"GRCh38-BRD2","BRD2","10"
2.54530888109441e-25,0.427449639402979,0.779,0.839,1.84030922720888e-20,"GRCh38-MICU1","MICU1","10"
2.56966660882931e-25,0.468745906097902,0.672,0.67,1.85792035151577e-20,"GRCh38-MAPKAPK2","MAPKAPK2","10"
2.69027220704514e-25,0.351785213540023,0.459,0.402,1.94512061113778e-20,"GRCh38-DDX51","DDX51","10"
2.74608311880117e-25,0.485300015684318,0.716,0.762,1.98547301655562e-20,"GRCh38-RAF1","RAF1","10"
2.91930513419198e-25,0.539303566172308,0.724,0.773,2.11071599812348e-20,"GRCh38-RCOR1","RCOR1","10"
3.01259680855892e-25,0.659452538593802,0.907,0.973,2.17816774452427e-20,"GRCh38-GUK1","GUK1","10"
3.02240762323639e-25,0.254242780575379,0.416,0.354,2.18526115975237e-20,"GRCh38-ATG4D","ATG4D","10"
3.07556394477016e-25,0.462833029433599,0.651,0.668,2.22369424334772e-20,"GRCh38-RAB28","RAB28","10"
3.13726129031128e-25,0.775341571111237,0.762,0.802,2.26830265812086e-20,"GRCh38-TNIP1","TNIP1","10"
3.28435781973302e-25,0.467379222706321,0.763,0.811,2.37465639082336e-20,"GRCh38-VEZF1","VEZF1","10"
3.41660274856605e-25,0.548698629729748,0.32,0.254,2.47027211926822e-20,"GRCh38-PLXNA2","PLXNA2","10"
3.42782724384163e-25,0.386783197391966,0.711,0.732,2.47838765384238e-20,"GRCh38-UFSP2","UFSP2","10"
3.55195475885235e-25,0.28958471395383,0.555,0.512,2.56813432974543e-20,"GRCh38-RP9P","RP9P","10"
3.6167915244061e-25,0.593218054893075,0.822,0.946,2.6150126079761e-20,"GRCh38-TMEM165","TMEM165","10"
3.75837297019974e-25,0.251014545973068,0.432,0.367,2.71737882491382e-20,"GRCh38-EID2B","EID2B","10"
3.85951253327141e-25,1.00995787554367,0.918,0.972,2.79050475180589e-20,"GRCh38-SH3BGRL3","SH3BGRL3","10"
3.9946700710862e-25,0.471115460251168,0.857,0.966,2.88822635479675e-20,"GRCh38-SEC11A","SEC11A","10"
4.08602113789845e-25,0.36415683434381,0.515,0.462,2.95427500312334e-20,"GRCh38-MCM9","MCM9","10"
4.09819556352873e-25,0.612645576741024,0.825,0.891,2.96307735634254e-20,"GRCh38-CCDC50","CCDC50","10"
4.3954619905768e-25,0.486901535492824,0.759,0.878,3.17800692842684e-20,"GRCh38-ATF6","ATF6","10"
4.4890105382122e-25,0.567052415921216,0.816,0.908,3.24564439933818e-20,"GRCh38-SELENOF","SELENOF","10"
4.62674189307644e-25,0.324885187726004,0.461,0.408,3.34522692353213e-20,"GRCh38-GTF2H4","GTF2H4","10"
4.63493313277215e-25,0.451811838400582,0.353,0.278,3.35114935365692e-20,"GRCh38-LINC01285","LINC01285","10"
4.68240248512907e-25,0.380556075994197,0.523,0.478,3.38547064479802e-20,"GRCh38-RPUSD4","RPUSD4","10"
4.69747382546853e-25,0.393263202565807,0.602,0.575,3.39636752529026e-20,"GRCh38-UEVLD","UEVLD","10"
5.10327604961802e-25,0.407106990682915,0.745,0.783,3.68977064939482e-20,"GRCh38-MEAF6","MEAF6","10"
5.11614804583181e-25,0.375855132523468,0.502,0.461,3.69907736009732e-20,"GRCh38-TMEM218","TMEM218","10"
5.17361549057459e-25,0.438830862556356,0.75,0.771,3.74062747199524e-20,"GRCh38-REXO4","REXO4","10"
5.20579197289644e-25,0.569451769999451,0.776,0.876,3.76389171224358e-20,"GRCh38-FAF2","FAF2","10"
5.22758748968966e-25,0.508959763316781,0.643,0.639,3.77965030679542e-20,"GRCh38-APPL1","APPL1","10"
5.24852490073387e-25,0.35607905447114,0.532,0.488,3.79478847372861e-20,"GRCh38-SLC25A16","SLC25A16","10"
5.25863459567264e-25,0.757420937605589,0.736,0.801,3.80209798536323e-20,"GRCh38-CMIP","CMIP","10"
5.32667373071189e-25,0.389714820093717,0.665,0.665,3.85129164077931e-20,"GRCh38-RPUSD3","RPUSD3","10"
5.40846765755535e-25,0.27261396354193,0.512,0.455,3.91043028576567e-20,"GRCh38-PCCB","PCCB","10"
5.55991278257734e-25,0.486888623846889,0.737,0.788,4.01992814005907e-20,"GRCh38-BRCC3","BRCC3","10"
5.75128933379989e-25,0.506290607962019,0.875,0.956,4.158297214124e-20,"GRCh38-RTRAF","RTRAF","10"
6.30782651080627e-25,0.575644558117697,0.749,0.797,4.56068472384315e-20,"GRCh38-HIKESHI","HIKESHI","10"
6.39790023602074e-25,0.410540376122934,0.42,0.377,4.62580982864771e-20,"GRCh38-HAUS7","HAUS7","10"
6.47111917336849e-25,0.360535606905461,0.538,0.502,4.67874858472889e-20,"GRCh38-BANP","BANP","10"
6.57628047497689e-25,0.659765370037256,0.116,0.067,4.75478230901779e-20,"GRCh38-HSPA6","HSPA6","10"
6.58095414744619e-25,0.48171687371046,0.658,0.668,4.75816146768655e-20,"GRCh38-SLC36A4","SLC36A4","10"
6.63475645339649e-25,0.531693327330466,0.858,0.949,4.79706161093473e-20,"GRCh38-CYTOR","CYTOR","10"
6.69158206891536e-25,0.301307121743085,0.454,0.395,4.83814766746719e-20,"GRCh38-PHAF1","PHAF1","10"
6.70578928782605e-25,0.274494106967679,0.471,0.406,4.84841977088399e-20,"GRCh38-GTF2H2C","GTF2H2C","10"
6.75905932421552e-25,0.591079819847271,0.994,0.995,4.8869350725943e-20,"GRCh38-RPS23","RPS23","10"
7.03303881756865e-25,0.472377749817222,0.721,0.749,5.08502772587849e-20,"GRCh38-ZC3HAV1","ZC3HAV1","10"
7.06818849561797e-25,0.296324698730842,0.474,0.42,5.1104416461017e-20,"GRCh38-ZNF414","ZNF414","10"
7.11894331714418e-25,0.487471400223328,0.774,0.84,5.14713839716158e-20,"GRCh38-TYW3","TYW3","10"
7.30320760294004e-25,0.473703372024987,0.725,0.761,5.28036516107771e-20,"GRCh38-UBE2Q2","UBE2Q2","10"
7.33772624877249e-25,0.360217744743729,0.715,0.764,5.30532283238749e-20,"GRCh38-COX19","COX19","10"
8.10570220233457e-25,0.793155404760106,0.385,0.322,5.86058480633194e-20,"GRCh38-HMGA2","HMGA2","10"
8.25186552887605e-25,0.635662007119785,0.847,0.92,5.96626381468796e-20,"GRCh38-CNN2","CNN2","10"
8.52132446674859e-25,0.419466140346792,0.772,0.832,6.16108801594856e-20,"GRCh38-TASOR","TASOR","10"
8.92908558180941e-25,0.629123702059172,0.602,0.59,6.45590745735984e-20,"GRCh38-C1orf21","C1orf21","10"
8.9499816586108e-25,0.475511215589244,0.854,0.936,6.47101573880878e-20,"GRCh38-DARS1","DARS1","10"
9.14897369281747e-25,0.473188301910308,0.608,0.599,6.61489095938089e-20,"GRCh38-IP6K1","IP6K1","10"
1.00100078365027e-24,0.45042475264042,0.656,0.673,7.23743586594818e-20,"GRCh38-GLMN","GLMN","10"
1.00691128031979e-24,0.366545104746102,0.48,0.439,7.28016993896818e-20,"GRCh38-PGS1","PGS1","10"
1.09180415292146e-24,0.355101432320806,0.597,0.573,7.89396238645274e-20,"GRCh38-RIC8B","RIC8B","10"
1.1022772683781e-24,0.385035093905593,0.496,0.46,7.96968510582732e-20,"GRCh38-ZBTB43","ZBTB43","10"
1.1492277302761e-24,0.282339242400448,0.434,0.376,8.30914633544225e-20,"GRCh38-MUTYH","MUTYH","10"
1.15925463756742e-24,0.386411696381754,0.653,0.659,8.38164288053999e-20,"GRCh38-DPY19L1","DPY19L1","10"
1.16802729612273e-24,0.414610950896666,0.561,0.535,8.44507095642653e-20,"GRCh38-GPN2","GPN2","10"
1.19714050277887e-24,0.40921232702543,0.626,0.628,8.65556526319178e-20,"GRCh38-KLHL42","KLHL42","10"
1.23473779816372e-24,0.718264783335537,0.482,0.445,8.92740122828336e-20,"GRCh38-MARK1","MARK1","10"
1.27419450081289e-24,-0.260802784561361,0.374,0.47,9.21268107977737e-20,"GRCh38-UPRT","UPRT","10"
1.290235622122e-24,0.623741194091078,0.821,0.93,9.32866159506651e-20,"GRCh38-SMCHD1","SMCHD1","10"
1.32921035912684e-24,0.368190744668546,0.43,0.371,9.61045673855891e-20,"GRCh38-WDR47","WDR47","10"
1.34851782724745e-24,0.379929760040683,0.611,0.59,9.7500535945645e-20,"GRCh38-PIGN","PIGN","10"
1.35432952592205e-24,0.408747085089736,0.499,0.454,9.79207333832158e-20,"GRCh38-PISD","PISD","10"
1.36836566147289e-24,0.262135224024168,0.374,0.306,9.89355740558126e-20,"GRCh38-MFSD5","MFSD5","10"
1.36870473515122e-24,0.268709173184945,0.398,0.329,9.89600897609032e-20,"GRCh38-TDRD7","TDRD7","10"
1.38167425899177e-24,0.330166224502569,0.517,0.465,9.98978122736233e-20,"GRCh38-STK38L","STK38L","10"
1.42859259026738e-24,0.418518313530455,0.554,0.527,1.03290101461512e-19,"GRCh38-COMMD5","COMMD5","10"
1.43046623698115e-24,0.711781388724789,0.92,0.973,1.03425569866211e-19,"GRCh38-MYL12A","MYL12A","10"
1.43268263950029e-24,0.308638966011015,0.388,0.327,1.0358582020115e-19,"GRCh38-PET117","PET117","10"
1.51899877643424e-24,0.446671362863545,0.704,0.723,1.09826649533749e-19,"GRCh38-DDX49","DDX49","10"
1.54487152125643e-24,0.525355456995724,0.899,0.97,1.11697300729883e-19,"GRCh38-ARL6IP4","ARL6IP4","10"
1.54918270394716e-24,0.343741296828714,0.402,0.342,1.12009007860787e-19,"GRCh38-SNHG20","SNHG20","10"
1.6945837155735e-24,0.732721365296538,0.692,0.721,1.22521791803395e-19,"GRCh38-NCAM1","NCAM1","10"
1.72580379357817e-24,0.41780706442429,0.727,0.766,1.24779065883289e-19,"GRCh38-IFNAR1","IFNAR1","10"
1.74160625023808e-24,0.388566908152094,0.718,0.724,1.25921615104713e-19,"GRCh38-ME2","ME2","10"
1.76555006276513e-24,0.721178538450264,0.529,0.502,1.27652800638045e-19,"GRCh38-MIR222HG","MIR222HG","10"
1.86159448691295e-24,0.506359663727409,0.728,0.801,1.3459700459278e-19,"GRCh38-MTG1","MTG1","10"
1.98062977699835e-24,0.356635610050111,0.491,0.449,1.43203494136535e-19,"GRCh38-LMBRD2","LMBRD2","10"
2.01872345604746e-24,0.371999516179538,0.482,0.43,1.45957743319143e-19,"GRCh38-EDRF1","EDRF1","10"
2.0845512771402e-24,0.489962482779082,0.686,0.731,1.5071722643979e-19,"GRCh38-C19orf25","C19orf25","10"
2.19966581947621e-24,0.308399283481526,0.474,0.416,1.59040238079769e-19,"GRCh38-SLC25A51","SLC25A51","10"
2.24608298043356e-24,0.350671167290522,0.588,0.563,1.62396291651307e-19,"GRCh38-COG2","COG2","10"
2.28417392949221e-24,0.35421753822158,0.529,0.492,1.65150343450146e-19,"GRCh38-B3GNTL1","B3GNTL1","10"
2.28617636104092e-24,0.571479320206581,0.985,0.991,1.65295123255981e-19,"GRCh38-RPL15","RPL15","10"
2.39205533148277e-24,0.312679955950045,0.475,0.419,1.72950384576867e-19,"GRCh38-DEPDC5","DEPDC5","10"
2.39592545871065e-24,0.515367914846488,0.711,0.743,1.73230202515698e-19,"GRCh38-PRORP","PRORP","10"
2.4133307701668e-24,0.525439642947698,0.678,0.689,1.744886413446e-19,"GRCh38-ELOF1","ELOF1","10"
2.45379878340104e-24,0.294735851843356,0.481,0.425,1.77414559637462e-19,"GRCh38-SNRK","SNRK","10"
2.46833797586552e-24,0.343046428844778,0.377,0.312,1.78465772331029e-19,"GRCh38-EMC1-AS1","EMC1-AS1","10"
2.51224152110264e-24,0.331410742341361,0.531,0.492,1.81640086458763e-19,"GRCh38-INAFM1","INAFM1","10"
2.56601126052327e-24,0.270386041735156,0.437,0.378,1.85527746158353e-19,"GRCh38-DVL2","DVL2","10"
2.60735885364461e-24,0.407134152354972,0.268,0.201,1.88517259836212e-19,"GRCh38-CLASP1-AS1","CLASP1-AS1","10"
2.87916371941489e-24,0.326180540481041,0.525,0.486,2.08169295241136e-19,"GRCh38-TMEM170A","TMEM170A","10"
2.90531520260979e-24,0.317501129691825,0.538,0.49,2.10060099779093e-19,"GRCh38-PRDM4","PRDM4","10"
2.96465356692794e-24,0.444941297568848,0.537,0.509,2.14350382196024e-19,"GRCh38-LRFN4","LRFN4","10"
3.0715606636049e-24,0.289034312550491,0.45,0.393,2.22079979099961e-19,"GRCh38-EEIG1","EEIG1","10"
3.07668343072574e-24,0.405109481328161,0.591,0.556,2.22450365408333e-19,"GRCh38-TFB2M","TFB2M","10"
3.14872674751282e-24,0.544450480481119,0.718,0.773,2.27659241298672e-19,"GRCh38-CLASP2","CLASP2","10"
3.15962885276179e-24,0.436999765740532,0.628,0.627,2.28447485312383e-19,"GRCh38-LAMTOR3","LAMTOR3","10"
3.22575452023416e-24,0.393287929151001,0.648,0.654,2.3322850332197e-19,"GRCh38-OSGEP","OSGEP","10"
3.26474470452777e-24,0.33431834298189,0.309,0.244,2.36047571626767e-19,"GRCh38-ENSG00000273702","ENSG00000273702","10"
3.26990727233413e-24,0.801503151579761,0.746,0.761,2.36420835604302e-19,"GRCh38-IL18","IL18","10"
3.27590000316925e-24,0.461149900815221,0.587,0.57,2.36854122029143e-19,"GRCh38-SLC41A3","SLC41A3","10"
3.31812308765024e-24,0.526140985067447,0.844,0.942,2.39906935483288e-19,"GRCh38-ATP6V1F","ATP6V1F","10"
3.33249813410134e-24,0.275629891463857,0.493,0.441,2.40946280091795e-19,"GRCh38-ABITRAM","ABITRAM","10"
3.47638294351057e-24,0.380983112336051,0.572,0.556,2.51349439581702e-19,"GRCh38-ZNF562","ZNF562","10"
3.74773900236599e-24,0.57635771432978,0.852,0.959,2.70969025349066e-19,"GRCh38-ZC3H13","ZC3H13","10"
3.84342501760136e-24,0.345713696386779,0.568,0.533,2.77887315622614e-19,"GRCh38-SNX27","SNX27","10"
3.90984941862388e-24,0.332776161560702,0.49,0.444,2.82689932665344e-19,"GRCh38-CCDC51","CCDC51","10"
3.93100551065904e-24,0.517158616746886,0.386,0.334,2.8421956043167e-19,"GRCh38-SORL1","SORL1","10"
3.95080633066211e-24,0.388894773574407,0.703,0.709,2.85651199319532e-19,"GRCh38-RLIM","RLIM","10"
3.95337775314555e-24,0.838958153309731,0.218,0.158,2.85837118307929e-19,"GRCh38-LINC01036","LINC01036","10"
4.10918971612948e-24,0.311572675525314,0.471,0.42,2.97102634855594e-19,"GRCh38-IFT46","IFT46","10"
4.11896140665095e-24,0.48229220440944,0.882,0.97,2.97809147623677e-19,"GRCh38-HADHA","HADHA","10"
4.13787737510106e-24,0.355419939287236,0.455,0.402,2.99176809974557e-19,"GRCh38-XNDC1N","XNDC1N","10"
4.13903089185858e-24,0.280370833438848,0.455,0.404,2.99260211543159e-19,"GRCh38-POLG","POLG","10"
4.57869665648758e-24,0.771006721360811,0.85,0.93,3.31048925657365e-19,"GRCh38-MRPL21","MRPL21","10"
4.84208880484419e-24,0.31229248664841,0.391,0.326,3.50092704767844e-19,"GRCh38-MFHAS1","MFHAS1","10"
5.12596362254493e-24,0.387623350871196,0.666,0.677,3.70617421837243e-19,"GRCh38-RP9","RP9","10"
5.17155166063134e-24,0.392716875604259,0.485,0.439,3.73913528166967e-19,"GRCh38-INPP5A","INPP5A","10"
5.19033721543992e-24,0.452422417769764,0.709,0.749,3.75271761350737e-19,"GRCh38-PRR14L","PRR14L","10"
5.34585175610609e-24,0.551063281198642,0.437,0.384,3.86515773669982e-19,"GRCh38-FOXC2","FOXC2","10"
5.40292902070772e-24,0.271833183946207,0.46,0.401,3.90642574055209e-19,"GRCh38-NKIRAS1","NKIRAS1","10"
5.67637745207034e-24,0.620841295832212,0.913,0.978,4.10413442539589e-19,"GRCh38-DNAJC15","DNAJC15","10"
5.70640239749359e-24,0.367669383360489,0.626,0.619,4.12584306143582e-19,"GRCh38-COX15","COX15","10"
5.77137410339378e-24,0.376601998221402,0.437,0.366,4.17281890423577e-19,"GRCh38-IFIT3","IFIT3","10"
5.8357741076132e-24,0.450895714252709,0.734,0.769,4.21938139528649e-19,"GRCh38-VIRMA","VIRMA","10"
6.78105997583127e-24,0.32997855879724,0.523,0.485,4.90284198372553e-19,"GRCh38-EPM2AIP1","EPM2AIP1","10"
6.80366213891525e-24,0.318843015846783,0.447,0.383,4.9191837996785e-19,"GRCh38-LINC01116","LINC01116","10"
6.85168779587257e-24,0.480402320511494,0.218,0.152,4.95390731017179e-19,"GRCh38-ENSG00000233359","ENSG00000233359","10"
7.12884271832014e-24,0.628428320815853,0.884,0.972,5.15429586219983e-19,"GRCh38-TMEM258","TMEM258","10"
7.25032700514526e-24,0.437531906632442,0.674,0.687,5.24213143126012e-19,"GRCh38-NUBP1","NUBP1","10"
7.39221008519143e-24,0.377077354259178,0.698,0.716,5.34471573579511e-19,"GRCh38-GOLGA5","GOLGA5","10"
7.51386122451619e-24,0.355730762844622,0.369,0.306,5.4326719425497e-19,"GRCh38-PODXL2","PODXL2","10"
7.54885238715663e-24,0.351473942423703,0.596,0.575,5.45797125296198e-19,"GRCh38-USP46","USP46","10"
7.68725672406551e-24,0.434154898434503,0.645,0.644,5.55804035663385e-19,"GRCh38-NR2C2","NR2C2","10"
7.78606182308752e-24,0.269810607185265,0.487,0.43,5.62947841932874e-19,"GRCh38-ZBTB41","ZBTB41","10"
7.9607152166091e-24,0.448746216989197,0.666,0.697,5.75575631591271e-19,"GRCh38-ABHD12","ABHD12","10"
8.10621947530585e-24,0.314734986466968,0.585,0.553,5.86095880503563e-19,"GRCh38-TRAK2","TRAK2","10"
8.29541314384799e-24,0.534467635585705,0.652,0.692,5.99774961126497e-19,"GRCh38-MTF2","MTF2","10"
8.30923544500901e-24,0.431003186644067,0.7,0.718,6.00774341145042e-19,"GRCh38-AMZ2","AMZ2","10"
8.52176391556582e-24,0.365088585834186,0.75,0.762,6.1614057462324e-19,"GRCh38-SEC23A","SEC23A","10"
8.7051303288125e-24,0.443696673022447,0.689,0.697,6.29398333033801e-19,"GRCh38-HSD17B4","HSD17B4","10"
8.70680042624304e-24,0.581221848107205,0.758,0.81,6.29519084418225e-19,"GRCh38-COPS5","COPS5","10"
8.88148097888605e-24,0.327116017716439,0.559,0.509,6.42148837735419e-19,"GRCh38-ENSG00000282885","ENSG00000282885","10"
9.26745958768004e-24,0.344679598240178,0.529,0.475,6.70055863108443e-19,"GRCh38-HYCC2","HYCC2","10"
9.33092485241055e-24,0.553455560790947,0.813,0.904,6.74644528678987e-19,"GRCh38-PSMF1","PSMF1","10"
9.63797882634821e-24,0.43271638795386,0.772,0.84,6.96845145102628e-19,"GRCh38-IBTK","IBTK","10"
9.81126592052031e-24,0.482300983571816,0.791,0.859,7.09374148585459e-19,"GRCh38-ATG5","ATG5","10"
1.0280771654741e-23,0.346075364252775,0.533,0.496,7.4332035218108e-19,"GRCh38-TARS2","TARS2","10"
1.04353238160376e-23,0.406682907433328,0.679,0.707,7.54494782547149e-19,"GRCh38-CWC22","CWC22","10"
1.06466180607516e-23,0.285740604388008,0.306,0.238,7.6977177902846e-19,"GRCh38-TCF7","TCF7","10"
1.07687927490105e-23,0.615345383077248,0.756,0.824,7.7860525333896e-19,"GRCh38-URM1","URM1","10"
1.09805576250879e-23,0.450342239759097,0.777,0.87,7.93916277409105e-19,"GRCh38-IWS1","IWS1","10"
1.10709162225501e-23,0.352879402683839,0.554,0.526,8.00449384722818e-19,"GRCh38-PPM1B","PPM1B","10"
1.12470414448772e-23,0.470896004395059,0.773,0.859,8.13183590547508e-19,"GRCh38-USP48","USP48","10"
1.13282648084845e-23,0.325689454364239,0.53,0.483,8.19056202183048e-19,"GRCh38-RAB3IP","RAB3IP","10"
1.20400181749776e-23,0.335588929886647,0.545,0.502,8.70517394087229e-19,"GRCh38-AGAP3","AGAP3","10"
1.30019513588052e-23,0.266098914751623,0.431,0.368,9.40067087144333e-19,"GRCh38-MFAP3","MFAP3","10"
1.43819220095093e-23,0.504102165055773,0.813,0.901,1.03984172513154e-18,"GRCh38-PTPN12","PTPN12","10"
1.46958234297134e-23,0.39445434349426,0.695,0.732,1.06253742561514e-18,"GRCh38-FBXO21","FBXO21","10"
1.49501418249766e-23,0.46551822452026,0.58,0.567,1.08092515422946e-18,"GRCh38-RHOT2","RHOT2","10"
1.57833408971744e-23,0.484973736287034,0.663,0.675,1.1411671135475e-18,"GRCh38-QRICH1","QRICH1","10"
1.58935776402864e-23,0.39886692031765,0.648,0.65,1.14913745054799e-18,"GRCh38-AFTPH","AFTPH","10"
1.60551060576119e-23,0.310547688627781,0.502,0.455,1.16081627817745e-18,"GRCh38-HOXA10","HOXA10","10"
1.6091761786613e-23,0.484599513869273,0.79,0.844,1.1634665606957e-18,"GRCh38-CCNC","CCNC","10"
1.66996703023881e-23,0.345543527097699,0.485,0.437,1.20741956220327e-18,"GRCh38-HACE1","HACE1","10"
1.70062721769082e-23,0.366720355313187,0.509,0.467,1.22958749093481e-18,"GRCh38-GAN","GAN","10"
1.73833875843693e-23,0.643983457202204,0.79,0.851,1.25685368912507e-18,"GRCh38-MRPS2","MRPS2","10"
1.8214298762946e-23,0.792426365949675,0.334,0.269,1.31693022915852e-18,"GRCh38-LINC02725","LINC02725","10"
1.91473361196974e-23,0.478469994690558,0.713,0.773,1.38439069612636e-18,"GRCh38-SPPL2A","SPPL2A","10"
2.10311502458607e-23,0.507927469484326,0.889,0.973,1.52059422507622e-18,"GRCh38-STAU1","STAU1","10"
2.18479301987839e-23,0.259758910555326,0.343,0.27,1.57964904923247e-18,"GRCh38-BCL2L11","BCL2L11","10"
2.18689948120539e-23,0.284375168734077,0.393,0.335,1.58117206290112e-18,"GRCh38-PPM1F","PPM1F","10"
2.2133413195985e-23,0.491492128959981,0.583,0.574,1.6002900408961e-18,"GRCh38-RNF121","RNF121","10"
2.26861100994103e-23,0.501546014039078,0.81,0.885,1.64025113240756e-18,"GRCh38-ACIN1","ACIN1","10"
2.27814535268657e-23,0.311027812564906,0.459,0.407,1.64714465289945e-18,"GRCh38-OGG1","OGG1","10"
2.2963004197331e-23,0.646901292614401,0.154,0.101,1.66027112947543e-18,"GRCh38-SOST","SOST","10"
2.31704845340874e-23,0.263380575672081,0.406,0.344,1.67527237278359e-18,"GRCh38-SETD1A","SETD1A","10"
2.43418746108356e-23,0.281715229792558,0.595,0.534,1.75996621811264e-18,"GRCh38-HMGB1P1","HMGB1P1","10"
2.44306474037751e-23,0.40600662409997,0.605,0.601,1.76638466858775e-18,"GRCh38-ISCA2","ISCA2","10"
2.59972264878816e-23,0.55922683135007,0.881,0.969,1.87965146952682e-18,"GRCh38-LIMS1","LIMS1","10"
2.64440541821611e-23,0.480954897015233,0.995,0.996,1.91195800547861e-18,"GRCh38-RPL41","RPL41","10"
2.7381236970564e-23,0.600559959467479,0.7,0.74,1.97971819544572e-18,"GRCh38-BSCL2","BSCL2","10"
2.80091056863716e-23,0.363310825756366,0.636,0.631,2.02511435933604e-18,"GRCh38-TTC33","TTC33","10"
2.83032916199384e-23,0.353377609018421,0.575,0.554,2.04638459070478e-18,"GRCh38-LENG1","LENG1","10"
2.8740372698592e-23,0.633380464254312,0.884,0.982,2.0779864268536e-18,"GRCh38-MT-ND5","MT-ND5","10"
2.87614359419946e-23,0.52611363092666,0.858,0.973,2.0795093414781e-18,"GRCh38-NIPBL","NIPBL","10"
3.12298381666158e-23,0.564918873109719,0.71,0.757,2.25797975912265e-18,"GRCh38-COQ4","COQ4","10"
3.19990732057627e-23,0.582211362413105,0.812,0.885,2.31359699092306e-18,"GRCh38-MRPS30","MRPS30","10"
3.27910435900497e-23,0.533238490733198,0.839,0.913,2.37085803364777e-18,"GRCh38-PFDN4","PFDN4","10"
3.28679421258027e-23,0.377445191343213,0.617,0.606,2.37641795157978e-18,"GRCh38-MSL1","MSL1","10"
3.28876714143824e-23,0.309657646474274,0.336,0.271,2.37784441860268e-18,"GRCh38-OLMALINC","OLMALINC","10"
3.45049805171669e-23,0.375498484083509,0.544,0.513,2.4947791013522e-18,"GRCh38-HECTD2","HECTD2","10"
3.49376363767987e-23,0.363434706048867,0.728,0.78,2.5260609853153e-18,"GRCh38-SUMF2","SUMF2","10"
3.52941375749914e-23,0.310023724428938,0.357,0.285,2.55183673494703e-18,"GRCh38-AIM2","AIM2","10"
3.64715969721687e-23,0.459962014707681,0.729,0.785,2.63696940428174e-18,"GRCh38-GTF2E2","GTF2E2","10"
3.72313601350502e-23,0.836343058748469,0.799,0.88,2.6919018004844e-18,"GRCh38-NFKB1","NFKB1","10"
3.77887703717514e-23,0.508990415790821,0.637,0.638,2.73220367541837e-18,"GRCh38-ARFIP2","ARFIP2","10"
3.82784460600878e-23,0.508793338212893,0.726,0.788,2.76760820703647e-18,"GRCh38-DIDO1","DIDO1","10"
4.13579998238166e-23,0.557551472121443,0.807,0.919,2.99026610326159e-18,"GRCh38-SETD2","SETD2","10"
4.15318510895302e-23,0.535394489934517,0.648,0.653,3.00283589747521e-18,"GRCh38-TRNAU1AP","TRNAU1AP","10"
4.39292576783923e-23,0.635448217972983,0.247,0.179,3.17617318866312e-18,"GRCh38-CXCL10","CXCL10","10"
4.4985437093818e-23,0.373008002008316,0.177,0.119,3.25253707275723e-18,"GRCh38-PCLO","PCLO","10"
4.5609239237782e-23,0.447562088231862,0.658,0.675,3.29763921537011e-18,"GRCh38-C8orf76","C8orf76","10"
4.61093076804416e-23,0.643608472437569,0.592,0.584,3.33379516391129e-18,"GRCh38-HES4","HES4","10"
4.62220986741067e-23,0.303297714308157,0.468,0.415,3.34195017833526e-18,"GRCh38-SMYD4","SMYD4","10"
4.81839272980784e-23,0.649337795212106,0.926,0.979,3.48379431150566e-18,"GRCh38-COX7A2","COX7A2","10"
4.85778294548188e-23,0.434043427598698,0.678,0.707,3.51227422524231e-18,"GRCh38-PYCR2","PYCR2","10"
4.98429813294418e-23,0.518383363195753,0.72,0.757,3.6037472360813e-18,"GRCh38-PMPCA","PMPCA","10"
5.03263588538024e-23,0.422921331151239,0.665,0.676,3.63869639784762e-18,"GRCh38-MARCHF5","MARCHF5","10"
5.04150303468963e-23,0.354111557985908,0.568,0.533,3.6451075241413e-18,"GRCh38-ANAPC4","ANAPC4","10"
5.09281992743821e-23,0.289765614776981,0.363,0.289,3.68221066393637e-18,"GRCh38-LTBP1","LTBP1","10"
5.17504880687114e-23,0.383628095079669,0.486,0.436,3.74166378834397e-18,"GRCh38-ENSG00000285906","ENSG00000285906","10"
5.31353242131205e-23,0.559202371125662,0.857,0.953,3.84179021125704e-18,"GRCh38-PAFAH1B1","PAFAH1B1","10"
5.48682821519843e-23,0.257267136037142,0.406,0.344,3.96708653615277e-18,"GRCh38-STRIP1","STRIP1","10"
5.657022223722e-23,0.721442400158498,0.869,0.952,4.09014020819548e-18,"GRCh38-RNH1","RNH1","10"
5.82005975414784e-23,0.591680574417703,0.758,0.799,4.20801960344397e-18,"GRCh38-GNL3L","GNL3L","10"
5.88427865452674e-23,0.505591697862016,0.793,0.876,4.25445115279592e-18,"GRCh38-UBE2Z","UBE2Z","10"
5.90575471584905e-23,0.629427356378525,0.752,0.827,4.26997877465318e-18,"GRCh38-NFE2L1","NFE2L1","10"
6.20556436701269e-23,0.411064351644997,0.703,0.728,4.48674714863752e-18,"GRCh38-DCTN1","DCTN1","10"
6.26592589910396e-23,0.537454940337379,0.713,0.761,4.53038974357014e-18,"GRCh38-MAGT1","MAGT1","10"
6.32751472988735e-23,0.571865461135546,0.878,0.974,4.57491970000315e-18,"GRCh38-EMP3","EMP3","10"
6.39703813941256e-23,0.36296997284505,0.555,0.528,4.62518651555807e-18,"GRCh38-SLC38A10","SLC38A10","10"
6.87151003067095e-23,0.426675004664319,0.577,0.55,4.96823918237571e-18,"GRCh38-EFCAB2","EFCAB2","10"
6.95581206574872e-23,0.503550309321766,0.712,0.754,5.02919123977764e-18,"GRCh38-WDR36","WDR36","10"
7.35640620873544e-23,0.484694822639792,0.533,0.491,5.3188288170399e-18,"GRCh38-HS3ST3A1","HS3ST3A1","10"
7.44629062575993e-23,0.381416014337686,0.642,0.654,5.38381704823694e-18,"GRCh38-ORC5","ORC5","10"
7.46713956075462e-23,0.474919871318868,0.753,0.817,5.39889124521681e-18,"GRCh38-ZBTB8OS","ZBTB8OS","10"
7.55494097459726e-23,0.513683582733868,0.596,0.581,5.46237342345331e-18,"GRCh38-CLK1","CLK1","10"
7.94210896030742e-23,0.455676251794682,0.772,0.833,5.74230362048147e-18,"GRCh38-ZC3H14","ZC3H14","10"
8.09118033695994e-23,0.649288388782822,0.724,0.806,5.85008520722878e-18,"GRCh38-B3GAT3","B3GAT3","10"
8.51907711064082e-23,0.500059658398323,0.651,0.666,6.15946313253553e-18,"GRCh38-ZNF407","ZNF407","10"
9.32838326498237e-23,0.428258300689619,0.542,0.517,6.74460766824755e-18,"GRCh38-CTC-338M12.4","CTC-338M12","10"
9.44553810395784e-23,0.275318796903895,0.457,0.404,6.8293129599236e-18,"GRCh38-SGPL1","SGPL1","10"
9.69394873992094e-23,0.593984635853992,0.75,0.825,7.00891881793764e-18,"GRCh38-CLTB","CLTB","10"
9.84925401508558e-23,0.273763611126552,0.478,0.42,7.12120763798718e-18,"GRCh38-TMEM39A","TMEM39A","10"
1.02266964584986e-22,0.456531488422988,0.747,0.819,7.39410607342362e-18,"GRCh38-NAA35","NAA35","10"
1.03060278339901e-22,0.356729101588556,0.663,0.676,7.45146424453149e-18,"GRCh38-CCZ1B","CCZ1B","10"
1.04432273266746e-22,0.28165109963388,0.436,0.384,7.55066222173229e-18,"GRCh38-PGAP6","PGAP6","10"
1.05780479399296e-22,0.427541548277606,0.709,0.741,7.6481402215279e-18,"GRCh38-TAF2","TAF2","10"
1.10031914703872e-22,0.548640104688822,0.704,0.766,7.95552749691932e-18,"GRCh38-KIF21A","KIF21A","10"
1.11034648838922e-22,0.437413251068067,0.612,0.604,8.02802718035174e-18,"GRCh38-CEP162","CEP162","10"
1.13840446666398e-22,0.522553164254952,0.125,0.076,8.23089197487387e-18,"GRCh38-COL11A1","COL11A1","10"
1.20124995816835e-22,0.678066424219113,0.795,0.896,8.68527744754881e-18,"GRCh38-CD47","CD47","10"
1.26452662397859e-22,0.656241785679763,0.73,0.787,9.14278039668999e-18,"GRCh38-TRAF3","TRAF3","10"
1.2792414268411e-22,-0.277812253484431,0.216,0.3,9.24917136434653e-18,"GRCh38-KRT81","KRT81","10"
1.33798826174134e-22,0.367824050291234,0.588,0.557,9.67392273004225e-18,"GRCh38-POLR1B","POLR1B","10"
1.36517344379124e-22,0.375916159442452,0.554,0.525,9.8704770332994e-18,"GRCh38-BLOC1S5","BLOC1S5","10"
1.38723695954648e-22,0.305089795599341,0.501,0.448,1.0030000664913e-17,"GRCh38-SOCS7","SOCS7","10"
1.40202236082454e-22,1.26288442659888,0.62,0.612,1.01369020732336e-17,"GRCh38-HSPA1A","HSPA1A","10"
1.43257088258033e-22,0.337302234425886,0.501,0.453,1.03577739952323e-17,"GRCh38-INTS9","INTS9","10"
1.43671577771123e-22,0.281371402577765,0.542,0.501,1.03877424160078e-17,"GRCh38-POT1","POT1","10"
1.46057331953778e-22,0.450996824135015,0.658,0.662,1.05602372149221e-17,"GRCh38-GOSR2","GOSR2","10"
1.47684034367967e-22,0.361655177341791,0.536,0.504,1.06778510528728e-17,"GRCh38-ZBED1","ZBED1","10"
1.49620114212475e-22,0.324783982736752,0.625,0.607,1.08178334977904e-17,"GRCh38-COPG1","COPG1","10"
1.52685733079745e-22,0.274839640147244,0.528,0.483,1.10394838731317e-17,"GRCh38-DCAF11","DCAF11","10"
1.5579453851922e-22,0.499590320631819,0.487,0.44,1.12642567240167e-17,"GRCh38-EDIL3-DT","EDIL3-DT","10"
1.55967285487892e-22,0.395486375386163,0.582,0.565,1.12767466753456e-17,"GRCh38-DHDDS","DHDDS","10"
1.58007979364621e-22,0.407230527458739,0.432,0.383,1.14242929240209e-17,"GRCh38-SUSD6","SUSD6","10"
1.58868085850292e-22,0.256765848174584,0.344,0.278,1.14864803431478e-17,"GRCh38-APPAT","APPAT","10"
1.69117827663227e-22,0.439427565196671,0.838,0.966,1.22275571757067e-17,"GRCh38-SEC62","SEC62","10"
1.70909408478971e-22,0.380758551906917,0.76,0.8,1.23570920518466e-17,"GRCh38-CETN2","CETN2","10"
1.82503588945839e-22,0.41622756870931,0.735,0.778,1.3195374487962e-17,"GRCh38-NGRN","NGRN","10"
1.84296485950604e-22,0.759938450214889,0.771,0.841,1.33250045272006e-17,"GRCh38-DSE","DSE","10"
1.85950817005361e-22,0.331922049375622,0.269,0.199,1.34446159711216e-17,"GRCh38-ARL4C","ARL4C","10"
1.9897141349856e-22,0.720592949162196,0.862,0.946,1.43860311387729e-17,"GRCh38-LAMTOR1","LAMTOR1","10"
2.17558535815601e-22,0.439901011486751,0.687,0.72,1.57299172565396e-17,"GRCh38-BTAF1","BTAF1","10"
2.29184750696905e-22,0.498281958347548,0.624,0.648,1.65705158448876e-17,"GRCh38-TNPO2","TNPO2","10"
2.33321774003818e-22,0.409937276446922,0.636,0.647,1.6869630904024e-17,"GRCh38-NGDN","NGDN","10"
2.41075817045548e-22,0.295043179322549,0.456,0.396,1.74302637240272e-17,"GRCh38-USP54","USP54","10"
2.47186287093292e-22,0.338529002467265,0.458,0.397,1.78720629294192e-17,"GRCh38-SLC35D1","SLC35D1","10"
2.54223824358524e-22,0.481178756023909,0.8,0.901,1.838089094877e-17,"GRCh38-MIER1","MIER1","10"
2.54293277668026e-22,0.426149716282978,0.745,0.77,1.83859125619536e-17,"GRCh38-PGM1","PGM1","10"
2.6143716175591e-22,0.519774423151711,0.799,0.876,1.89024296692758e-17,"GRCh38-HDDC2","HDDC2","10"
2.6741426105488e-22,0.307384541179075,0.345,0.282,1.93345859027899e-17,"GRCh38-ZNF761","ZNF761","10"
2.81708304875179e-22,0.510504845244628,0.831,0.939,2.03680738590852e-17,"GRCh38-DHX36","DHX36","10"
3.0193036701132e-22,0.358110980485226,0.317,0.254,2.18301693956524e-17,"GRCh38-ANO3","ANO3","10"
3.08759033852508e-22,0.532955561347942,0.654,0.664,2.23238956656041e-17,"GRCh38-KIF9","KIF9","10"
3.19391593466279e-22,0.28513420579571,0.484,0.434,2.30926509907989e-17,"GRCh38-SDHAP4","SDHAP4","10"
3.29848386816432e-22,0.540815955924723,0.642,0.649,2.38486980636016e-17,"GRCh38-SKI","SKI","10"
3.51183653397772e-22,0.374664470538882,0.7,0.729,2.53912805079657e-17,"GRCh38-MALT1","MALT1","10"
3.65279947708873e-22,0.445399357901742,0.285,0.218,2.64104707792469e-17,"GRCh38-ENSG00000253363","ENSG00000253363","10"
3.71437034507316e-22,0.58790854054945,0.689,0.714,2.6855640468948e-17,"GRCh38-LYN","LYN","10"
3.91707101348404e-22,0.553802699984067,0.758,0.85,2.83212068416923e-17,"GRCh38-SENP5","SENP5","10"
3.94713033339924e-22,0.488588582900196,0.829,0.903,2.85385417365432e-17,"GRCh38-CDC16","CDC16","10"
3.95746044104422e-22,0.521302306319184,0.744,0.78,2.86132304808379e-17,"GRCh38-PPP4R1","PPP4R1","10"
3.98967266790982e-22,0.427025618648369,0.819,0.893,2.88461313235216e-17,"GRCh38-COPZ1","COPZ1","10"
4.01290561353784e-22,0.380763475725969,0.527,0.487,2.90141101670013e-17,"GRCh38-FXN","FXN","10"
4.35355401882706e-22,0.473665626372499,0.761,0.822,3.14770662669234e-17,"GRCh38-GAPVD1","GAPVD1","10"
4.45222713853675e-22,0.666831857492086,0.873,0.976,3.21904926570484e-17,"GRCh38-SSR2","SSR2","10"
4.61497966549405e-22,0.531476925777095,0.742,0.798,3.33672259774551e-17,"GRCh38-GLYR1","GLYR1","10"
4.71645919956031e-22,0.690101648086768,0.881,0.958,3.41009433046609e-17,"GRCh38-NDUFS4","NDUFS4","10"
4.86957007610949e-22,0.329121566658099,0.685,0.689,3.52079655642868e-17,"GRCh38-GTF3C3","GTF3C3","10"
4.89302456879649e-22,0.322332538844806,0.256,0.192,3.53775462373124e-17,"GRCh38-LMO2","LMO2","10"
5.44297850132504e-22,0.251845679659424,0.102,0.059,3.93538231602803e-17,"GRCh38-ENSG00000285638","ENSG00000285638","10"
5.46365720520173e-22,0.517216430935819,0.792,0.874,3.95033343250496e-17,"GRCh38-R3HDM1","R3HDM1","10"
5.49701112156573e-22,0.752789489427242,0.887,0.978,3.97444898111445e-17,"GRCh38-CALR","CALR","10"
5.86878363877679e-22,0.324211771950877,0.514,0.475,4.24324794650839e-17,"GRCh38-PHF12","PHF12","10"
5.88098981088141e-22,0.463174904808537,0.694,0.712,4.25207325306348e-17,"GRCh38-TAB2","TAB2","10"
6.18845921721881e-22,0.558296210689525,0.336,0.276,4.47437978323354e-17,"GRCh38-PHACTR1","PHACTR1","10"
6.368820497629e-22,0.478473190283187,0.729,0.792,4.60478459619572e-17,"GRCh38-DROSHA","DROSHA","10"
6.3775461461149e-22,0.361647643309448,0.544,0.518,4.611093414564e-17,"GRCh38-MON1B","MON1B","10"
6.50787560663243e-22,0.414372096916622,0.671,0.688,4.70532422110738e-17,"GRCh38-TRNT1","TRNT1","10"
6.70537469931301e-22,0.338458472214505,0.49,0.448,4.8481200150973e-17,"GRCh38-CDS2","CDS2","10"
6.71313236635559e-22,0.288926536105974,0.505,0.461,4.85372896352242e-17,"GRCh38-MTMR9","MTMR9","10"
7.27654569750449e-22,0.486479855888534,0.76,0.819,5.26108807020969e-17,"GRCh38-KPNA6","KPNA6","10"
7.62165916182164e-22,0.381592285036635,0.499,0.461,5.51061200718028e-17,"GRCh38-LTO1","LTO1","10"
8.23053758933724e-22,0.562526107051399,0.777,0.859,5.95084328784261e-17,"GRCh38-DMAC1","DMAC1","10"
8.28516403768033e-22,0.261542269191222,0.49,0.439,5.99033930252363e-17,"GRCh38-ZNF592","ZNF592","10"
8.56286505741169e-22,0.530682104791599,0.881,0.959,6.1911226938098e-17,"GRCh38-IK","IK","10"
8.60063981671229e-22,0.275608145598876,0.474,0.421,6.21843460027932e-17,"GRCh38-PHF13","PHF13","10"
8.7625270034629e-22,0.533226024581507,0.909,0.984,6.33548227404374e-17,"GRCh38-MYH9","MYH9","10"
9.26759009715749e-22,0.346670391511843,0.598,0.588,6.70065299204681e-17,"GRCh38-EGLN2","EGLN2","10"
9.35018658577654e-22,0.413851066053004,0.687,0.686,6.76037190524816e-17,"GRCh38-OAT","OAT","10"
1.03462285797489e-21,0.576132961424269,0.611,0.609,7.48053018773003e-17,"GRCh38-GCNT2","GCNT2","10"
1.08726906172492e-21,0.624682869801425,0.883,0.96,7.86117277008351e-17,"GRCh38-CDC37","CDC37","10"
1.08968365009523e-21,0.478157876024028,0.669,0.692,7.87863072691853e-17,"GRCh38-CLCN3","CLCN3","10"
1.11722516739274e-21,0.408316997368196,0.568,0.554,8.07776140528296e-17,"GRCh38-PIGG","PIGG","10"
1.16843651395484e-21,0.327290744477857,0.507,0.474,8.44802968319631e-17,"GRCh38-DGCR2","DGCR2","10"
1.22128511774549e-21,0.321149484742617,0.49,0.451,8.83013565832343e-17,"GRCh38-SLC37A3","SLC37A3","10"
1.37505146714197e-21,0.378099123841378,0.672,0.702,9.94189711772988e-17,"GRCh38-XRCC1","XRCC1","10"
1.37597571420337e-21,0.35818720621646,0.707,0.719,9.94857960883318e-17,"GRCh38-CIZ1","CIZ1","10"
1.44522829315264e-21,0.447151441882846,0.675,0.698,1.04492896051522e-16,"GRCh38-YTHDF3","YTHDF3","10"
1.48796962655593e-21,0.287110552849582,0.482,0.43,1.07583179939247e-16,"GRCh38-CPTP","CPTP","10"
1.50717604505778e-21,0.345261787019797,0.464,0.419,1.08971842409767e-16,"GRCh38-DEDD2","DEDD2","10"
1.5247142543981e-21,0.358467931776971,0.624,0.623,1.10239890021492e-16,"GRCh38-CCDC93","CCDC93","10"
1.58933897844304e-21,-0.501721467097486,0.115,0.18,1.14912386819389e-16,"GRCh38-CHI3L1","CHI3L1","10"
1.59262299886864e-21,0.672752710517563,0.696,0.759,1.15149828064201e-16,"GRCh38-ENSG00000260289","ENSG00000260289","10"
1.6195736719748e-21,0.49119655502453,0.701,0.731,1.17098415631122e-16,"GRCh38-CDK17","CDK17","10"
1.65540417265336e-21,0.453538701222736,0.786,0.864,1.19689032491183e-16,"GRCh38-PPP1R7","PPP1R7","10"
1.76565338066883e-21,0.416528965695908,0.591,0.58,1.27660270729118e-16,"GRCh38-ALKBH3","ALKBH3","10"
1.76733606662696e-21,0.496841708805887,0.261,0.197,1.27781932289262e-16,"GRCh38-MEG8","MEG8","10"
1.81294026731651e-21,0.420916325927759,0.827,0.918,1.31079207207518e-16,"GRCh38-LARP7","LARP7","10"
1.84966021092462e-21,0.693317179739759,0.885,0.96,1.33734132570272e-16,"GRCh38-APRT","APRT","10"
1.86967632366478e-21,0.266213664833263,0.728,0.721,1.35181337553611e-16,"GRCh38-HPS3","HPS3","10"
1.91418991991854e-21,0.312004525735454,0.135,0.085,1.3839975958995e-16,"GRCh38-ADAMTS1","ADAMTS1","10"
2.0036967987739e-21,0.568621895713906,0.537,0.512,1.44871285944951e-16,"GRCh38-ITPRIP","ITPRIP","10"
2.06253153232366e-21,0.323700365558549,0.522,0.479,1.49125154850065e-16,"GRCh38-SEC23B","SEC23B","10"
2.15340781515809e-21,0.26770417540771,0.415,0.351,1.5569569185156e-16,"GRCh38-NPHP4","NPHP4","10"
2.2795856872723e-21,0.284994026918808,0.479,0.421,1.64818604361162e-16,"GRCh38-NUDT14","NUDT14","10"
2.45284685294888e-21,0.318326972946942,0.447,0.395,1.7734573316191e-16,"GRCh38-KLF16","KLF16","10"
2.63850413340292e-21,0.381749116313826,0.874,0.97,1.90769125853298e-16,"GRCh38-TLN1","TLN1","10"
2.6548094059952e-21,0.295933037845772,0.476,0.425,1.91948029672265e-16,"GRCh38-HEATR3","HEATR3","10"
2.69506020691548e-21,0.292062259840282,0.484,0.437,1.94858243080403e-16,"GRCh38-FAM114A2","FAM114A2","10"
2.83043295801799e-21,0.609903482638731,0.667,0.687,2.04645963730617e-16,"GRCh38-MET","MET","10"
2.85228529053077e-21,0.49323745969056,0.741,0.808,2.06225931075956e-16,"GRCh38-PARN","PARN","10"
2.99354921023012e-21,0.26325942370271,0.222,0.163,2.16439594998058e-16,"GRCh38-PDCD1LG2","PDCD1LG2","10"
3.04175299356254e-21,0.285843595377677,0.549,0.513,2.19924824940559e-16,"GRCh38-MMUT","MMUT","10"
3.17219008790381e-21,0.328028833051724,0.403,0.348,2.29355687735621e-16,"GRCh38-FAM174A","FAM174A","10"
3.31652108316339e-21,0.404864903497098,0.611,0.616,2.3979110735488e-16,"GRCh38-SNAPIN","SNAPIN","10"
3.34038062741264e-21,0.424723287586642,0.602,0.604,2.41516200123189e-16,"GRCh38-SHKBP1","SHKBP1","10"
3.4032804560392e-21,0.56048574984286,0.725,0.775,2.46063983532546e-16,"GRCh38-FAM241A","FAM241A","10"
3.62427241895439e-21,0.596056321531534,0.487,0.454,2.6204214443524e-16,"GRCh38-ELMO1","ELMO1","10"
3.80165654199413e-21,1.04071937455116,0.811,0.884,2.7486737129926e-16,"GRCh38-CPED1","CPED1","10"
3.97065045870751e-21,0.455621373616809,0.787,0.858,2.8708596946547e-16,"GRCh38-RAB11A","RAB11A","10"
4.15374817544924e-21,0.560928040912521,0.78,0.85,3.00324300581331e-16,"GRCh38-PDXK","PDXK","10"
4.27572934255916e-21,0.525854563110365,0.985,0.991,3.09143782925712e-16,"GRCh38-EEF1G","EEF1G","10"
4.34729823174604e-21,0.459242233406864,0.751,0.845,3.14318356751702e-16,"GRCh38-SUGP2","SUGP2","10"
4.42683050230154e-21,0.470434896415253,0.739,0.824,3.20068698977406e-16,"GRCh38-EP400","EP400","10"
4.53818518949635e-21,0.543677607571825,0.779,0.839,3.28119865570965e-16,"GRCh38-SUGT1","SUGT1","10"
4.60448852318827e-21,0.524199935204461,0.705,0.749,3.32913729203558e-16,"GRCh38-APC","APC","10"
4.61259867728264e-21,0.35503964628534,0.324,0.258,3.33500109564889e-16,"GRCh38-AMPD3","AMPD3","10"
4.82242373788549e-21,0.757658566023768,0.741,0.815,3.48670881096597e-16,"GRCh38-PLEC","PLEC","10"
5.29549963261151e-21,0.343738344155786,0.521,0.487,3.82875214437078e-16,"GRCh38-LONRF1","LONRF1","10"
5.36309355593171e-21,0.518971744401967,0.793,0.895,3.87762390280974e-16,"GRCh38-ERI3","ERI3","10"
5.81028646778748e-21,0.551325064589242,0.72,0.761,4.2009533219397e-16,"GRCh38-SMAD1","SMAD1","10"
5.8668236303785e-21,0.464251153270469,0.818,0.904,4.24183082123626e-16,"GRCh38-TFG","TFG","10"
5.90035947105891e-21,0.257661042918748,0.519,0.47,4.26607790476501e-16,"GRCh38-ZBTB21","ZBTB21","10"
6.28186267215231e-21,0.709358937349594,0.858,0.918,4.54191234921956e-16,"GRCh38-SH3KBP1","SH3KBP1","10"
6.47041502864092e-21,0.477901347500014,0.732,0.778,4.67823947400796e-16,"GRCh38-PDZD8","PDZD8","10"
6.49277737205126e-21,0.496651160216866,0.927,0.978,4.69440789554051e-16,"GRCh38-MORF4L2","MORF4L2","10"
6.65569293840998e-21,0.505537459074026,0.729,0.781,4.81219910832918e-16,"GRCh38-ZNF451","ZNF451","10"
7.04778460153785e-21,0.269600489892662,0.457,0.387,5.0956892226039e-16,"GRCh38-GRK3","GRK3","10"
7.1663745227185e-21,0.397018955987307,0.658,0.675,5.18143210741593e-16,"GRCh38-DERA","DERA","10"
7.20661751324655e-21,0.371218292264876,0.605,0.58,5.21052859442752e-16,"GRCh38-SLC9B2","SLC9B2","10"
7.23157659831417e-21,0.40775196943795,0.742,0.798,5.22857451211311e-16,"GRCh38-RARS2","RARS2","10"
7.36199564968758e-21,0.265408632671856,0.506,0.466,5.32287009463712e-16,"GRCh38-MOV10","MOV10","10"
7.36420125591093e-21,0.440097132326102,0.664,0.68,5.32446479204872e-16,"GRCh38-GLI3","GLI3","10"
7.56414280124828e-21,0.701537447172019,0.927,0.97,5.46902652815853e-16,"GRCh38-EIF3M","EIF3M","10"
7.57913407744293e-21,0.434502136176033,0.82,0.912,5.47986552067279e-16,"GRCh38-ACBD3","ACBD3","10"
7.61242429604829e-21,0.467466523965421,0.7,0.728,5.50393501452883e-16,"GRCh38-MLST8","MLST8","10"
7.72879784330966e-21,0.377772102212812,0.546,0.528,5.58807541666975e-16,"GRCh38-SLC7A6OS","SLC7A6OS","10"
7.98183263255963e-21,0.463407974871329,0.577,0.561,5.77102462999326e-16,"GRCh38-LYPLA2","LYPLA2","10"
7.99627624635093e-21,0.913505320035331,0.7,0.68,5.78146765163665e-16,"GRCh38-KRT17","KRT17","10"
7.99827800231991e-21,0.349791586227422,0.445,0.391,5.78291496123734e-16,"GRCh38-TOB1","TOB1","10"
8.45582138473011e-21,0.38892158182563,0.532,0.504,6.11372797758756e-16,"GRCh38-DUSP11","DUSP11","10"
8.77457431593282e-21,0.300716079667634,0.495,0.455,6.34419272190575e-16,"GRCh38-TJAP1","TJAP1","10"
8.98873175374024e-21,0.43604427438004,0.753,0.837,6.49903283258927e-16,"GRCh38-PRKRIP1","PRKRIP1","10"
9.19307335573376e-21,0.326412592179216,0.621,0.599,6.64677589766262e-16,"GRCh38-ASCC1","ASCC1","10"
9.40958418325319e-21,0.397837950282375,0.501,0.454,6.80331755617572e-16,"GRCh38-FBXO33","FBXO33","10"
9.48764008035093e-21,-0.308514372743147,0.171,0.244,6.85975353089533e-16,"GRCh38-TSPAN8","TSPAN8","10"
9.68385343951446e-21,0.255495028107601,0.236,0.165,7.00161971383775e-16,"GRCh38-ENSG00000231772","ENSG00000231772","10"
9.81464501047651e-21,0.313737242701371,0.423,0.371,7.09618463547473e-16,"GRCh38-SMAGP","SMAGP","10"
9.88664973314454e-21,0.539897028237299,0.76,0.844,7.14824549005817e-16,"GRCh38-CCNY","CCNY","10"
1.01287854199571e-20,0.498715192349982,0.753,0.841,7.32331443433735e-16,"GRCh38-SPECC1L","SPECC1L","10"
1.04067444114682e-20,0.367015958164726,0.503,0.461,7.52428434437972e-16,"GRCh38-ENTPD1-AS1","ENTPD1-AS1","10"
1.04886527964284e-20,0.59828874794388,0.685,0.731,7.58350574487363e-16,"GRCh38-TMEM223","TMEM223","10"
1.09331604767991e-20,0.653488445343771,0.793,0.86,7.90489368793527e-16,"GRCh38-ZNF593","ZNF593","10"
1.13586250056924e-20,0.517056720636948,0.846,0.93,8.2125130516157e-16,"GRCh38-CUL4A","CUL4A","10"
1.14504640609433e-20,0.705823309800299,0.849,0.967,8.27891452534319e-16,"GRCh38-BCAP31","BCAP31","10"
1.1626190499321e-20,0.898918119438451,0.887,0.927,8.4059682548191e-16,"GRCh38-MT1E","MT1E","10"
1.19277774340407e-20,0.607610147794849,0.858,0.943,8.62402164036009e-16,"GRCh38-PSMB9","PSMB9","10"
1.25529379805006e-20,0.531110135057174,0.931,0.977,9.07602521866154e-16,"GRCh38-ELOB","ELOB","10"
1.29289176885286e-20,0.427794325278392,0.701,0.727,9.34786606715996e-16,"GRCh38-NGLY1","NGLY1","10"
1.31179623287642e-20,0.468927066811126,0.803,0.865,9.48454912294311e-16,"GRCh38-MRPS27","MRPS27","10"
1.33287832307242e-20,0.340130028256013,0.497,0.465,9.63697685147819e-16,"GRCh38-EXTL2","EXTL2","10"
1.34538683820243e-20,0.764819811623598,0.933,0.977,9.72741591757124e-16,"GRCh38-MARCKS","MARCKS","10"
1.35354339573751e-20,0.439038568991368,0.732,0.783,9.78638945986133e-16,"GRCh38-SPAG7","SPAG7","10"
1.35494739938391e-20,0.25300389617698,0.406,0.349,9.79654068702554e-16,"GRCh38-B9D2","B9D2","10"
1.38340776055927e-20,0.490687605270643,0.833,0.919,1.00023147903956e-15,"GRCh38-COX7A2L","COX7A2L","10"
1.40756050396074e-20,0.53212096970157,0.799,0.924,1.0176943955737e-15,"GRCh38-PKN2","PKN2","10"
1.45335206950306e-20,0.475194550098949,0.659,0.697,1.0508026132921e-15,"GRCh38-ZMYM1","ZMYM1","10"
1.46599088143209e-20,0.255909210609092,0.5,0.455,1.05994072709303e-15,"GRCh38-TAPT1","TAPT1","10"
1.50741776273972e-20,0.485226701067833,0.74,0.798,1.08989319081607e-15,"GRCh38-UTP23","UTP23","10"
1.52578228696407e-20,0.314312005132765,0.336,0.278,1.10317110912077e-15,"GRCh38-STX1A","STX1A","10"
1.6185409489141e-20,0.386513701682267,0.692,0.713,1.17023747688387e-15,"GRCh38-NAA60","NAA60","10"
1.63417197480017e-20,0.504649198640406,0.916,0.975,1.18153902122002e-15,"GRCh38-CSDE1","CSDE1","10"
1.65713933942546e-20,0.366505843359871,0.613,0.609,1.1981448851914e-15,"GRCh38-ZDHHC7","ZDHHC7","10"
1.70386032077047e-20,0.321831853263148,0.444,0.4,1.23192508912347e-15,"GRCh38-SPRYD4","SPRYD4","10"
1.71923117431602e-20,0.59853089570632,0.805,0.903,1.24303852365397e-15,"GRCh38-ADNP","ADNP","10"
1.85599464998058e-20,0.422970514247393,0.62,0.626,1.34192125182896e-15,"GRCh38-POLR3A","POLR3A","10"
1.87042581216945e-20,0.342467442067232,0.607,0.592,1.35235527071476e-15,"GRCh38-NDEL1","NDEL1","10"
1.88229551833769e-20,0.491071238392087,0.764,0.818,1.36093730566852e-15,"GRCh38-TAX1BP3","TAX1BP3","10"
1.97556465436671e-20,0.555045424308749,0.724,0.798,1.42837275640022e-15,"GRCh38-APMAP","APMAP","10"
2.05135432767317e-20,0.296075474163281,0.475,0.432,1.48317020599426e-15,"GRCh38-GPATCH1","GPATCH1","10"
2.07150354094293e-20,0.470318715064285,0.789,0.877,1.49773849017256e-15,"GRCh38-SLC30A9","SLC30A9","10"
2.11756087529425e-20,0.613025482142364,0.727,0.81,1.53103886405525e-15,"GRCh38-RAPGEF6","RAPGEF6","10"
2.19025566366324e-20,0.290906928901098,0.45,0.398,1.58359864994179e-15,"GRCh38-CLCN6","CLCN6","10"
2.2448110248502e-20,0.473986007044163,0.355,0.301,1.62304326718719e-15,"GRCh38-CDH3","CDH3","10"
2.29523282821184e-20,0.3599058628218,0.621,0.63,1.65949923945372e-15,"GRCh38-PPIL3","PPIL3","10"
2.72949600148694e-20,0.268315212752851,0.523,0.484,1.97348019899508e-15,"GRCh38-ZNF12","ZNF12","10"
2.75921893189513e-20,0.296792506290714,0.476,0.435,1.99497047213881e-15,"GRCh38-IFT122","IFT122","10"
2.82825070945246e-20,0.352020952933621,0.448,0.403,2.04488182794832e-15,"GRCh38-GPR89A","GPR89A","10"
3.01828047661291e-20,0.277717860094175,0.434,0.383,2.18227715020067e-15,"GRCh38-MYD88","MYD88","10"
3.04666330280629e-20,0.511494317834016,0.682,0.714,2.202798501195e-15,"GRCh38-SCD","SCD","10"
3.05260358378169e-20,0.423432680602738,0.72,0.752,2.20709344314584e-15,"GRCh38-EFCAB14","EFCAB14","10"
3.29743300334754e-20,0.55140956889184,0.844,0.945,2.38411001008034e-15,"GRCh38-MAP3K20","MAP3K20","10"
3.3564888867806e-20,0.271231956417332,0.289,0.225,2.42680859492011e-15,"GRCh38-LINC02966","LINC02966","10"
3.41112441974385e-20,0.547070341073348,0.566,0.541,2.4663111779632e-15,"GRCh38-DIXDC1","DIXDC1","10"
3.41313539801053e-20,0.386052853078933,0.751,0.833,2.46776515546958e-15,"GRCh38-TCAF1","TCAF1","10"
3.66006789274374e-20,0.360048612366531,0.582,0.572,2.64630228781158e-15,"GRCh38-CCNT1","CCNT1","10"
3.88694369198418e-20,0.368776766873,0.689,0.717,2.8103380281784e-15,"GRCh38-CREB1","CREB1","10"
3.91902082284875e-20,0.567600313110253,0.776,0.871,2.8335304353361e-15,"GRCh38-CDK12","CDK12","10"
4.13663524530521e-20,0.500728469098272,0.806,0.921,2.99087001506057e-15,"GRCh38-REEP3","REEP3","10"
4.17417899804042e-20,0.452690712879453,0.649,0.66,3.01801489916319e-15,"GRCh38-RRP8","RRP8","10"
4.17751505481175e-20,0.553080759886902,0.716,0.77,3.02042693492999e-15,"GRCh38-MSH3","MSH3","10"
4.28843897677844e-20,0.527447799534727,0.676,0.697,3.10062714899035e-15,"GRCh38-CXorf38","CXorf38","10"
4.34172505343497e-20,0.376659778764875,0.497,0.465,3.13915404813455e-15,"GRCh38-GEMIN7","GEMIN7","10"
4.51026773384398e-20,0.432743426219685,0.671,0.685,3.26101377692387e-15,"GRCh38-RPS6KB1","RPS6KB1","10"
4.63000065511666e-20,0.482131164198667,0.68,0.709,3.34758307366245e-15,"GRCh38-CRLS1","CRLS1","10"
4.72211280838851e-20,0.269705930621872,0.487,0.428,3.41418200272106e-15,"GRCh38-TMED8","TMED8","10"
4.82666323693246e-20,0.351441034043463,0.64,0.641,3.4897740535669e-15,"GRCh38-DCUN1D1","DCUN1D1","10"
4.90419342881262e-20,0.416260907819319,0.804,0.883,3.5458299329001e-15,"GRCh38-SRP54","SRP54","10"
5.03751029318477e-20,0.419416377389455,0.713,0.774,3.64222069217845e-15,"GRCh38-ZNF800","ZNF800","10"
5.08918900778153e-20,0.344104930750511,0.527,0.497,3.6795854364062e-15,"GRCh38-ZNF335","ZNF335","10"
5.11424485113659e-20,0.468114036029148,0.987,0.991,3.69770131226878e-15,"GRCh38-RPL36","RPL36","10"
5.18619946274117e-20,0.416461745514234,0.717,0.77,3.74972593555112e-15,"GRCh38-CLOCK","CLOCK","10"
5.33073337454676e-20,0.377591521949413,0.653,0.665,3.8542268444648e-15,"GRCh38-SEL1L","SEL1L","10"
5.54119620147338e-20,0.356302367908958,0.559,0.534,4.00639567758929e-15,"GRCh38-VPS16","VPS16","10"
6.02813824161197e-20,0.344040246224938,0.628,0.627,4.35846451145029e-15,"GRCh38-SNX13","SNX13","10"
6.18480654195563e-20,0.400316321806298,0.473,0.434,4.47173882596476e-15,"GRCh38-CTSH","CTSH","10"
6.19936261333095e-20,0.386411969294288,0.517,0.491,4.48226315669054e-15,"GRCh38-KHDC1","KHDC1","10"
6.92981457654213e-20,0.542834485594437,0.717,0.789,5.01039453513149e-15,"GRCh38-ATP11C","ATP11C","10"
7.01099810805376e-20,0.374586647092115,0.694,0.728,5.06909185208503e-15,"GRCh38-SWI5","SWI5","10"
7.48613374419957e-20,0.458456145877951,0.617,0.622,5.41262441973117e-15,"GRCh38-NKX2-5","NKX2-5","10"
7.5723152134392e-20,0.448543213148898,0.743,0.803,5.47493534562081e-15,"GRCh38-KATNAL1","KATNAL1","10"
7.62003365656992e-20,0.273365127561756,0.583,0.552,5.50943673437318e-15,"GRCh38-HERPUD2","HERPUD2","10"
7.69212327208912e-20,0.415159505137703,0.507,0.467,5.56155896818587e-15,"GRCh38-AFG1L","AFG1L","10"
8.01086030928806e-20,0.30314008216438,0.392,0.339,5.79201222082145e-15,"GRCh38-DUSP22","DUSP22","10"
8.14192744460418e-20,0.256180517676285,0.399,0.344,5.88677638099771e-15,"GRCh38-GZF1","GZF1","10"
8.34428262960864e-20,0.588290268583947,0.924,0.976,6.03308322685964e-15,"GRCh38-PEBP1","PEBP1","10"
8.36437495784463e-20,0.271772415203901,0.522,0.482,6.04761038202082e-15,"GRCh38-CLCN7","CLCN7","10"
8.77920298936868e-20,0.570769956018058,0.772,0.834,6.34753934537334e-15,"GRCh38-PDZD11","PDZD11","10"
9.07078380352514e-20,0.576729340700368,0.764,0.845,6.55835810562474e-15,"GRCh38-DCAF7","DCAF7","10"
9.80075936200051e-20,0.525988452845189,0.594,0.596,7.08614503391361e-15,"GRCh38-TRIB3","TRIB3","10"
9.83534613293827e-20,0.391227765684009,0.684,0.706,7.11115196103703e-15,"GRCh38-BCL2L13","BCL2L13","10"
9.92340925735859e-20,0.364539007800821,0.746,0.798,7.17482336125541e-15,"GRCh38-TMEM263","TMEM263","10"
1.01090885313867e-19,0.593541393661979,0.551,0.541,7.3090731899632e-15,"GRCh38-SPSB1","SPSB1","10"
1.09662195541949e-19,0.338979303012994,0.402,0.349,7.92879606207402e-15,"GRCh38-LMLN","LMLN","10"
1.09764611770135e-19,0.39287228448,0.433,0.381,7.93620096020428e-15,"GRCh38-TGM2","TGM2","10"
1.10259073156351e-19,0.361616038831057,0.649,0.655,7.9719515073505e-15,"GRCh38-UBL7","UBL7","10"
1.17228827742345e-19,0.338287156186883,0.421,0.372,8.47587870342706e-15,"GRCh38-RRP7BP","RRP7BP","10"
1.17667586618532e-19,0.302076237840643,0.533,0.5,8.5076018476931e-15,"GRCh38-PEX26","PEX26","10"
1.34317864040214e-19,0.560303841243518,0.624,0.636,9.71145020583552e-15,"GRCh38-DNAJC5","DNAJC5","10"
1.4930065789977e-19,0.295683364138915,0.469,0.431,1.07947361674691e-14,"GRCh38-DPH7","DPH7","10"
1.49699413041023e-19,0.257529004059958,0.542,0.503,1.08235669616921e-14,"GRCh38-PPM1A","PPM1A","10"
1.52520085020158e-19,0.546488934114814,0.688,0.713,1.10275071871275e-14,"GRCh38-LSM10","LSM10","10"
1.58796065490853e-19,0.38246677399485,0.755,0.783,1.14812731271196e-14,"GRCh38-CCNG1","CCNG1","10"
1.66764358809277e-19,0.364775160823276,0.626,0.621,1.20573966706284e-14,"GRCh38-AAR2","AAR2","10"
1.72429874141289e-19,0.370310327972978,0.692,0.74,1.24670247601635e-14,"GRCh38-WDR41","WDR41","10"
1.80961069680604e-19,0.365630884059089,0.603,0.596,1.3083847260047e-14,"GRCh38-PRMT7","PRMT7","10"
1.87205540191643e-19,0.435238902284207,0.703,0.732,1.35353349669362e-14,"GRCh38-SAMM50","SAMM50","10"
1.87967238101171e-19,0.449293640913583,0.89,0.967,1.35904072491908e-14,"GRCh38-ATP5PO","ATP5PO","10"
1.89965982141346e-19,0.345904680774147,0.575,0.553,1.37349204407836e-14,"GRCh38-TMEM184C","TMEM184C","10"
1.95760625696812e-19,0.305450246564385,0.522,0.491,1.41538847591309e-14,"GRCh38-ZNF507","ZNF507","10"
1.99463495935225e-19,0.51157746375592,0.832,0.945,1.44216096831087e-14,"GRCh38-WAC","WAC","10"
2.05169516134766e-19,0.294319280909348,0.449,0.393,1.48341663555758e-14,"GRCh38-TAB3","TAB3","10"
2.06947384440697e-19,0.490231907075505,0.372,0.313,1.49627097898313e-14,"GRCh38-SERPINA1","SERPINA1","10"
2.08046257027213e-19,0.460274081568605,0.628,0.639,1.50421604755816e-14,"GRCh38-NFATC3","NFATC3","10"
2.08460502796224e-19,0.543172005871507,0.575,0.569,1.50721112731726e-14,"GRCh38-GNAI1","GNAI1","10"
2.34129285338332e-19,0.371625110959345,0.625,0.615,1.69280155885321e-14,"GRCh38-RNF40","RNF40","10"
2.34897480678531e-19,0.377421591569619,0.574,0.555,1.69835576480192e-14,"GRCh38-CRLF3","CRLF3","10"
2.39918143543241e-19,0.667486470060713,0.574,0.568,1.73465616144634e-14,"GRCh38-LPXN","LPXN","10"
2.70416226859263e-19,0.81539277992545,0.964,0.989,1.95516340343784e-14,"GRCh38-UBC","UBC","10"
2.72432313757052e-19,0.3245703924693,0.572,0.546,1.96974011492624e-14,"GRCh38-FBXO3","FBXO3","10"
2.72675520692161e-19,0.292624158538055,0.549,0.52,1.97149854970846e-14,"GRCh38-TUBGCP4","TUBGCP4","10"
2.87365478522678e-19,0.44447781066028,0.806,0.911,2.07770988281467e-14,"GRCh38-RNMT","RNMT","10"
2.93020213189143e-19,0.5802487324807,0.724,0.79,2.11859474540014e-14,"GRCh38-MAPK14","MAPK14","10"
2.98980658421032e-19,0.254469152950631,0.381,0.327,2.16168995651575e-14,"GRCh38-TMEM186","TMEM186","10"
3.02588095835944e-19,0.458532352403632,0.679,0.721,2.18777245051304e-14,"GRCh38-SGCB","SGCB","10"
3.03009507066316e-19,0.52218223409739,0.604,0.59,2.19081933799088e-14,"GRCh38-SLC25A33","SLC25A33","10"
3.04483419649464e-19,0.278974851376198,0.457,0.413,2.20147602074955e-14,"GRCh38-C4orf33","C4orf33","10"
3.26212627767955e-19,0.388952007757197,0.616,0.605,2.35858254128787e-14,"GRCh38-SMYD2","SMYD2","10"
3.49528602684019e-19,0.561275826046157,0.67,0.707,2.52716170312599e-14,"GRCh38-FBXL13","FBXL13","10"
3.54620249812508e-19,0.713628374942182,0.645,0.645,2.56397533019439e-14,"GRCh38-COL8A1","COL8A1","10"
3.88759660812728e-19,0.441703154809902,0.391,0.346,2.81081009960819e-14,"GRCh38-HELZ2","HELZ2","10"
3.91684978233536e-19,0.446796348288325,0.635,0.648,2.83196072962412e-14,"GRCh38-FPGS","FPGS","10"
3.93614005338192e-19,1.04659869178452,0.754,0.824,2.8459079813962e-14,"GRCh38-ITGA2","ITGA2","10"
3.97715613951662e-19,0.539976735129091,0.746,0.785,2.87556343199331e-14,"GRCh38-WWP1","WWP1","10"
4.11387413468493e-19,0.304041235964653,0.526,0.497,2.9744132768599e-14,"GRCh38-PGGT1B","PGGT1B","10"
4.45727116813746e-19,0.506691613843604,0.878,0.957,3.22269619998674e-14,"GRCh38-SMARCE1","SMARCE1","10"
4.49166693507218e-19,0.588051880940247,0.72,0.769,3.24756502739589e-14,"GRCh38-EXOSC4","EXOSC4","10"
4.58143660335359e-19,0.618600381275382,0.849,0.96,3.31247029295671e-14,"GRCh38-OSTC","OSTC","10"
4.67194237245368e-19,0.274060851275534,0.416,0.367,3.37790777413146e-14,"GRCh38-ZBTB17","ZBTB17","10"
4.73127342750648e-19,0.439191290377155,0.715,0.756,3.42080531355574e-14,"GRCh38-ZNF146","ZNF146","10"
4.8766705918716e-19,0.433474095111184,0.619,0.628,3.525930371335e-14,"GRCh38-PVR","PVR","10"
5.05210122743486e-19,0.49666175687006,0.932,0.975,3.65277022945995e-14,"GRCh38-RPL36AL","RPL36AL","10"
5.15055124006609e-19,0.26966294925268,0.445,0.398,3.72395155759258e-14,"GRCh38-TUBE1","TUBE1","10"
5.1540272199687e-19,0.57892810135791,0.912,0.97,3.72646476058177e-14,"GRCh38-ATP5F1C","ATP5F1C","10"
5.21073678511919e-19,0.34958735768638,0.718,0.878,3.76746691037688e-14,"GRCh38-FADS3","FADS3","10"
5.22716955339011e-19,0.441429440676744,0.612,0.619,3.77934813049212e-14,"GRCh38-ADCY3","ADCY3","10"
5.26790971278509e-19,0.481511057376405,0.69,0.738,3.80880408053788e-14,"GRCh38-MED28","MED28","10"
5.43966710887616e-19,0.421147486453965,0.719,0.766,3.93298811305964e-14,"GRCh38-CCDC90B","CCDC90B","10"
5.46257434827072e-19,0.311146889267537,0.405,0.352,3.9495505052867e-14,"GRCh38-MTURN","MTURN","10"
5.59466840275574e-19,0.373740418303009,0.5,0.467,4.04505714856045e-14,"GRCh38-TMEM161B-DT","TMEM161B-DT","10"
5.91787407603133e-19,0.866994424643924,0.522,0.511,4.27874131445217e-14,"GRCh38-NOCT","NOCT","10"
6.03164812097635e-19,0.311233533339156,0.38,0.331,4.36100222442832e-14,"GRCh38-MLKL","MLKL","10"
6.07716923323207e-19,0.472812339698229,0.687,0.707,4.39391489901145e-14,"GRCh38-PDHX","PDHX","10"
6.2417360466872e-19,0.251178460499857,0.432,0.381,4.51289999647578e-14,"GRCh38-METTL22","METTL22","10"
6.27132902054333e-19,0.433898960703817,0.686,0.733,4.53429630843324e-14,"GRCh38-ODR4","ODR4","10"
6.86041468231989e-19,0.36576140706889,0.645,0.656,4.96021702361093e-14,"GRCh38-APOBEC3C","APOBEC3C","10"
7.16705386540266e-19,0.3480387192261,0.619,0.618,5.18192328576343e-14,"GRCh38-SMARCD2","SMARCD2","10"
7.22032641931451e-19,0.282621607211429,0.161,0.109,5.22044040769278e-14,"GRCh38-ENSG00000236283","ENSG00000236283","10"
7.25027485844295e-19,0.512658393392481,0.368,0.316,5.24209372815142e-14,"GRCh38-STMN3","STMN3","10"
7.27083157542296e-19,0.361172362660705,0.68,0.699,5.25695664566231e-14,"GRCh38-PSMD5","PSMD5","10"
7.3034513888665e-19,0.674529419347084,0.997,0.997,5.28054142317826e-14,"GRCh38-TMSB10","TMSB10","10"
7.57183468997465e-19,0.263497513980128,0.931,0.987,5.47458791754547e-14,"GRCh38-IFITM1","IFITM1","10"
7.79062209106925e-19,0.313317126166639,0.552,0.52,5.63277558428489e-14,"GRCh38-VPS50","VPS50","10"
8.00572442347303e-19,0.492113448607709,0.623,0.622,5.78829887265947e-14,"GRCh38-DIS3","DIS3","10"
8.38646122944585e-19,1.20532489738697,0.746,0.804,6.06357919811394e-14,"GRCh38-ID1","ID1","10"
8.55458540676634e-19,0.355682438919622,0.64,0.674,6.1851363408002e-14,"GRCh38-CDK5RAP3","CDK5RAP3","10"
8.55825285975354e-19,0.31105826150493,0.628,0.611,6.18778798265901e-14,"GRCh38-RAB12","RAB12","10"
8.57689110624477e-19,0.319513266657088,0.567,0.548,6.2012638076371e-14,"GRCh38-RIPK1","RIPK1","10"
8.88813635126658e-19,0.580634144514767,0.708,0.776,6.42630034469276e-14,"GRCh38-TPBG","TPBG","10"
9.05120100996789e-19,0.357354588764409,0.617,0.618,6.54419935422699e-14,"GRCh38-ZCCHC9","ZCCHC9","10"
9.31107047453568e-19,0.383267685413202,0.697,0.717,6.73209017449879e-14,"GRCh38-PPP3CB","PPP3CB","10"
9.37920773225978e-19,0.43829109165968,0.683,0.713,6.78135477457847e-14,"GRCh38-TRIM37","TRIM37","10"
9.4535218773847e-19,0.480139122566778,0.759,0.832,6.83508538778669e-14,"GRCh38-XBP1","XBP1","10"
9.97219542863072e-19,0.316979475597031,0.569,0.541,7.21009673880859e-14,"GRCh38-ELP1","ELP1","10"
1.01338276197887e-18,0.276485568163318,0.821,0.966,7.32696004565961e-14,"GRCh38-DPYD","DPYD","10"
1.02951731933312e-18,0.304614207920578,0.487,0.445,7.44361612224235e-14,"GRCh38-RNF14","RNF14","10"
1.10139992712121e-18,0.388192500870841,0.556,0.538,7.96334175307178e-14,"GRCh38-STXBP4","STXBP4","10"
1.11030275900759e-18,0.583208684268605,0.685,0.759,8.02771100817666e-14,"GRCh38-ST3GAL3","ST3GAL3","10"
1.11399263095447e-18,0.286228640149165,0.49,0.457,8.05438952032699e-14,"GRCh38-RCHY1","RCHY1","10"
1.16433799511093e-18,0.537058946868387,0.774,0.896,8.41839657225103e-14,"GRCh38-TMBIM4","TMBIM4","10"
1.25536400540545e-18,0.373047813063764,0.772,0.821,9.07653283188252e-14,"GRCh38-CCDC6","CCDC6","10"
1.30165408305111e-18,0.6304075487796,0.781,0.823,9.41121935127614e-14,"GRCh38-FAM162A","FAM162A","10"
1.33743739526596e-18,0.265321483341801,0.503,0.462,9.66993985525197e-14,"GRCh38-GPKOW","GPKOW","10"
1.37517101068312e-18,0.441884105644886,0.757,0.79,9.94276144144106e-14,"GRCh38-CAB39","CAB39","10"
1.43613092649889e-18,0.532830249150511,0.733,0.781,1.03835138247723e-13,"GRCh38-RASA1","RASA1","10"
1.46522902008383e-18,0.297836514212355,0.5,0.462,1.05938988610101e-13,"GRCh38-TTPAL","TTPAL","10"
1.471930790378e-18,0.328838358303527,0.496,0.466,1.0642354000591e-13,"GRCh38-ARHGEF7","ARHGEF7","10"
1.48026795250597e-18,0.475907247836745,0.68,0.692,1.07026333502086e-13,"GRCh38-PIK3CB","PIK3CB","10"
1.4983250232385e-18,0.673602690463146,0.131,0.086,1.0833189583019e-13,"GRCh38-CCDC144NL-AS1","CCDC144NL-AS1","10"
1.49929257615674e-18,0.281106754282241,0.251,0.195,1.08401851841285e-13,"GRCh38-ENSG00000262202","ENSG00000262202","10"
1.54689473908223e-18,0.430992493476584,0.707,0.753,1.11843583425123e-13,"GRCh38-EXT2","EXT2","10"
1.58251471685478e-18,0.309358576012641,0.556,0.538,1.14418979058034e-13,"GRCh38-SDR39U1","SDR39U1","10"
1.61959020577854e-18,0.647526006071798,0.864,0.953,1.170996110582e-13,"GRCh38-ATOX1","ATOX1","10"
1.67572208130089e-18,0.501989714531317,0.33,0.278,1.21158057922217e-13,"GRCh38-IKZF2","IKZF2","10"
1.73488051943274e-18,0.330837437220652,0.288,0.23,1.25435331316026e-13,"GRCh38-KLF4","KLF4","10"
1.73726475710134e-18,0.34894350871517,0.652,0.67,1.25607716467941e-13,"GRCh38-BBIP1","BBIP1","10"
1.74114665576855e-18,0.417898687299577,0.185,0.132,1.25888385505378e-13,"GRCh38-ENSG00000260658","ENSG00000260658","10"
1.80520543092201e-18,0.582623518454999,0.68,0.732,1.30519963066523e-13,"GRCh38-PTPMT1","PTPMT1","10"
1.88044056386352e-18,0.458982115210548,0.996,0.996,1.3595961364846e-13,"GRCh38-RPS18","RPS18","10"
1.8952659806258e-18,0.327714073161123,0.51,0.482,1.37031520931207e-13,"GRCh38-CDK9","CDK9","10"
1.94535774768812e-18,0.348743450788689,0.589,0.578,1.40653255873347e-13,"GRCh38-VAC14","VAC14","10"
1.97191968381454e-18,0.347843507247081,0.492,0.451,1.42573736979159e-13,"GRCh38-TACC2","TACC2","10"
1.97700675537994e-18,0.650020321104945,0.868,0.946,1.42941542427481e-13,"GRCh38-CAVIN1","CAVIN1","10"
2.0889033250429e-18,0.479693032272375,0.684,0.723,1.51031888207252e-13,"GRCh38-GALNT7","GALNT7","10"
2.11534037931188e-18,0.350476730435658,0.561,0.523,1.52943340105008e-13,"GRCh38-TOX2","TOX2","10"
2.1712465348396e-18,0.648485105912163,0.8,0.904,1.56985466961972e-13,"GRCh38-YIF1A","YIF1A","10"
2.18688337006359e-18,0.50074394424687,0.797,0.891,1.58116041422338e-13,"GRCh38-UBN1","UBN1","10"
2.21582781870437e-18,0.441886528121425,0.716,0.759,1.60208782947963e-13,"GRCh38-TJP1","TJP1","10"
2.22372835282934e-18,0.321925261047204,0.132,0.087,1.60780007366267e-13,"GRCh38-ENSG00000287001","ENSG00000287001","10"
2.23329997753415e-18,0.422763363452346,0.518,0.456,1.61472054975674e-13,"GRCh38-FRMD5","FRMD5","10"
2.25725255539862e-18,0.463768074316445,0.854,0.931,1.63203874260431e-13,"GRCh38-SSU72","SSU72","10"
2.29364729917256e-18,0.610817559778751,0.858,0.922,1.65835287024775e-13,"GRCh38-ZNHIT6","ZNHIT6","10"
2.30008429139037e-18,0.371508947016805,0.761,0.854,1.66300694436106e-13,"GRCh38-CHASERR","CHASERR","10"
2.30848105313178e-18,0.58500364095344,0.771,0.864,1.66907797103534e-13,"GRCh38-NPTN","NPTN","10"
2.39180571883416e-18,0.569371612304666,0.865,0.948,1.72932337083148e-13,"GRCh38-ARL2","ARL2","10"
2.4174786210838e-18,0.398047396830722,0.633,0.652,1.74788539261601e-13,"GRCh38-RDH14","RDH14","10"
2.51720089446847e-18,0.662527210516608,0.805,0.955,1.81998659071859e-13,"GRCh38-JUN","JUN","10"
2.65127757262263e-18,0.454827880189132,0.49,0.468,1.91692671055761e-13,"GRCh38-NFKB2","NFKB2","10"
2.66779259424923e-18,0.313105853838647,0.581,0.558,1.92886740149408e-13,"GRCh38-CAMKK2","CAMKK2","10"
2.67856919760181e-18,0.375532928732435,0.706,0.76,1.93665910125006e-13,"GRCh38-SLC25A1","SLC25A1","10"
2.71562264827761e-18,0.287353238402689,0.593,0.58,1.96344948715768e-13,"GRCh38-CCZ1","CCZ1","10"
2.77515724049996e-18,0.392373375602256,0.56,0.547,2.00649418802628e-13,"GRCh38-SLC10A3","SLC10A3","10"
2.77599479609967e-18,0.590954084276422,0.848,0.945,2.00709975747599e-13,"GRCh38-DYNLT1","DYNLT1","10"
2.84634315127871e-18,0.272213516750301,0.468,0.424,2.05796302523753e-13,"GRCh38-CCDC115","CCDC115","10"
2.96622382846474e-18,0.450356260610264,0.703,0.738,2.14463915245657e-13,"GRCh38-RAB4A","RAB4A","10"
2.9798997158165e-18,0.632623432010782,0.72,0.752,2.15452709252965e-13,"GRCh38-MLF1","MLF1","10"
3.00586032812968e-18,0.301836245959811,0.509,0.476,2.17329713444432e-13,"GRCh38-DDI2","DDI2","10"
3.04886954063089e-18,0.328669469754261,0.549,0.533,2.20439365526694e-13,"GRCh38-RFXAP","RFXAP","10"
3.29684953744766e-18,0.338831357995504,0.619,0.616,2.38368815256541e-13,"GRCh38-WDR20","WDR20","10"
3.33616240159669e-18,0.622202523082305,0.836,0.936,2.41211213960244e-13,"GRCh38-MAP1B","MAP1B","10"
3.72983086306182e-18,0.579098092530892,0.735,0.807,2.69674231061095e-13,"GRCh38-ADAM17","ADAM17","10"
3.80498323276487e-18,0.291963129425846,0.633,0.628,2.75107897695365e-13,"GRCh38-LANCL1","LANCL1","10"
3.96432521617291e-18,0.529090686429256,0.9,0.968,2.86628641779734e-13,"GRCh38-NDUFA11","NDUFA11","10"
4.02915181839199e-18,0.478668386290113,0.667,0.705,2.91315734773377e-13,"GRCh38-LCOR","LCOR","10"
4.06633350130582e-18,0.365482018535357,0.644,0.656,2.94004044811414e-13,"GRCh38-FARP2","FARP2","10"
4.20589821523979e-18,0.457419282587532,0.63,0.625,3.04094852758267e-13,"GRCh38-ZNF544","ZNF544","10"
4.22503709729077e-18,0.292686619668456,0.363,0.305,3.05478632208317e-13,"GRCh38-BCL2","BCL2","10"
4.34846254318265e-18,0.404573957775402,0.571,0.548,3.14402538797192e-13,"GRCh38-TWSG1","TWSG1","10"
4.3609843785694e-18,0.422868973086809,0.722,0.752,3.15307892539325e-13,"GRCh38-GOLGA3","GOLGA3","10"
4.50703823816048e-18,0.447284201543585,0.663,0.707,3.25867878695479e-13,"GRCh38-PNKP","PNKP","10"
4.67283470819811e-18,0.413891902305819,0.637,0.656,3.3785529507214e-13,"GRCh38-INO80D","INO80D","10"
4.78829496671924e-18,0.613632865169167,0.314,0.256,3.46203302683734e-13,"GRCh38-DUSP2","DUSP2","10"
4.87853112209026e-18,0.694697807257147,0.941,0.981,3.5272755718937e-13,"GRCh38-IFI16","IFI16","10"
4.96735407724605e-18,0.338231239530709,0.442,0.394,3.59149634493044e-13,"GRCh38-PHF8","PHF8","10"
5.16254854495393e-18,0.442487627365294,0.717,0.767,3.73262584897259e-13,"GRCh38-INTS10","INTS10","10"
5.20450059547289e-18,0.372311736993597,0.624,0.634,3.76295802053881e-13,"GRCh38-NFXL1","NFXL1","10"
5.2124858004825e-18,0.421196636992787,0.802,0.899,3.76873148346486e-13,"GRCh38-SCARB2","SCARB2","10"
5.31703059480452e-18,0.69679454732907,0.584,0.57,3.84431946065557e-13,"GRCh38-EMP1","EMP1","10"
5.35222610473641e-18,0.252315144878882,0.228,0.169,3.86976651824652e-13,"GRCh38-ENSG00000263551","ENSG00000263551","10"
5.38811518236913e-18,0.414765522611034,0.794,0.899,3.89571503915653e-13,"GRCh38-ERLEC1","ERLEC1","10"
5.47314544673913e-18,0.386632133100139,0.805,0.895,3.95719362090132e-13,"GRCh38-NDUFA10","NDUFA10","10"
5.55283078332503e-18,0.566746488614159,0.819,0.945,4.01480771295967e-13,"GRCh38-SEC63","SEC63","10"
5.59139893313687e-18,0.452420741321982,0.761,0.857,4.04269325663662e-13,"GRCh38-CCDC12","CCDC12","10"
5.62859663547362e-18,0.53158698713975,0.217,0.167,4.06958793938014e-13,"GRCh38-LINC00243","LINC00243","10"
5.7220782503034e-18,0.468560367632795,0.798,0.904,4.13717701653437e-13,"GRCh38-PRKCSH","PRKCSH","10"
5.75532152457669e-18,0.481789787049847,0.727,0.799,4.16121256869944e-13,"GRCh38-MYO9B","MYO9B","10"
5.78041782550321e-18,0.560762508761177,0.765,0.85,4.17935769619533e-13,"GRCh38-SUPT6H","SUPT6H","10"
5.92187499893219e-18,0.369207733728966,0.517,0.49,4.28163406172795e-13,"GRCh38-NPEPL1","NPEPL1","10"
6.00780627397058e-18,0.443069802241232,0.826,0.908,4.34376409220621e-13,"GRCh38-EIF4E2","EIF4E2","10"
6.01307065380295e-18,0.323469551531319,0.404,0.359,4.34757034411261e-13,"GRCh38-NDFIP2","NDFIP2","10"
6.22811130859071e-18,0.399943386855027,0.727,0.776,4.50304903833725e-13,"GRCh38-CHD8","CHD8","10"
6.38247332109065e-18,0.379615165910101,0.755,0.844,4.61465586061496e-13,"GRCh38-SHTN1","SHTN1","10"
6.93750504430722e-18,0.483203396343183,0.505,0.48,5.01595489713501e-13,"GRCh38-RIN1","RIN1","10"
7.09707556405226e-18,0.316868826435163,0.474,0.437,5.13132757432107e-13,"GRCh38-RIPOR1","RIPOR1","10"
7.23783968056563e-18,0.32367098257913,0.605,0.595,5.23310284584256e-13,"GRCh38-QRSL1","QRSL1","10"
7.31756162246909e-18,0.303297460293769,0.761,0.809,5.2907434042776e-13,"GRCh38-OXR1","OXR1","10"
7.49448089195785e-18,0.305625976755609,0.431,0.378,5.41865957450336e-13,"GRCh38-LINC00944","LINC00944","10"
7.86286130365613e-18,0.33694775003782,0.594,0.584,5.68500597976946e-13,"GRCh38-SPTLC2","SPTLC2","10"
8.13738018862891e-18,0.285634776611304,0.436,0.388,5.88348862398248e-13,"GRCh38-APOL2","APOL2","10"
8.15452028265289e-18,0.263009974768202,0.432,0.375,5.89588125476369e-13,"GRCh38-COX10-DT","COX10-DT","10"
8.39499867054623e-18,0.348715098925757,0.632,0.644,6.06975193877834e-13,"GRCh38-GLT8D1","GLT8D1","10"
8.81783281919633e-18,0.254601667938422,0.314,0.247,6.37546948493533e-13,"GRCh38-HBE1","HBE1","10"
8.84310805031875e-18,0.458409577157578,0.665,0.673,6.39374398254146e-13,"GRCh38-MED17","MED17","10"
8.91021483710148e-18,0.273465676757704,0.507,0.472,6.44226353152111e-13,"GRCh38-GATB","GATB","10"
9.16480985255279e-18,0.271797210158629,0.443,0.395,6.62634081959271e-13,"GRCh38-PROSER3","PROSER3","10"
9.25417946280412e-18,0.291783653555202,0.243,0.185,6.69095683519664e-13,"GRCh38-TLE4","TLE4","10"
9.36428374588642e-18,0.350483265236399,0.64,0.649,6.7705644339508e-13,"GRCh38-STK38","STK38","10"
9.44698912293815e-18,0.52115219779208,0.764,0.863,6.83036207566674e-13,"GRCh38-SLC39A7","SLC39A7","10"
9.5931841156748e-18,0.469673316928927,0.747,0.814,6.9360639793152e-13,"GRCh38-CMC1","CMC1","10"
9.63127202716542e-18,0.284925006420257,0.512,0.478,6.96360230108114e-13,"GRCh38-TRAPPC13","TRAPPC13","10"
9.89582714455403e-18,0.427106195518538,0.874,0.96,7.15488094205546e-13,"GRCh38-ZNHIT1","ZNHIT1","10"
1.04381390844567e-17,0.286552322590872,0.419,0.374,7.54698332084387e-13,"GRCh38-TAF6L","TAF6L","10"
1.05391067313387e-17,0.386881602844739,0.672,0.689,7.61998494889252e-13,"GRCh38-IDE","IDE","10"
1.10414903851764e-17,0.300677887290165,0.503,0.469,7.98321837829025e-13,"GRCh38-GGA3","GGA3","10"
1.10696225541077e-17,-0.277749956144599,0.141,0.204,8.00355849907094e-13,"GRCh38-GLRA3","GLRA3","10"
1.10813084667004e-17,0.272831379022832,0.476,0.438,8.01200764759372e-13,"GRCh38-UCKL1","UCKL1","10"
1.12742049954193e-17,0.50186092831315,0.684,0.735,8.1514756957881e-13,"GRCh38-MICAL3","MICAL3","10"
1.12942222689777e-17,0.294653728538179,0.495,0.458,8.16594858491624e-13,"GRCh38-TLE3","TLE3","10"
1.16706828888507e-17,0.382807635685008,0.678,0.686,8.43813714229682e-13,"GRCh38-PPP1R18","PPP1R18","10"
1.27862087983241e-17,0.337721784390195,0.61,0.613,9.24468468536429e-13,"GRCh38-OARD1","OARD1","10"
1.30174627926085e-17,0.496910716481781,0.813,0.889,9.41188594831182e-13,"GRCh38-GTF2H5","GTF2H5","10"
1.33407845701097e-17,0.500622963050331,0.794,0.879,9.64565405988069e-13,"GRCh38-NDUFA8","NDUFA8","10"
1.34226075839535e-17,0.482958540793909,0.729,0.778,9.70481373535006e-13,"GRCh38-OSBP","OSBP","10"
1.40820550547558e-17,0.391707715368691,0.693,0.718,1.01816074456895e-12,"GRCh38-SLC44A1","SLC44A1","10"
1.41534646495515e-17,0.890484487521019,0.601,0.609,1.02332380109187e-12,"GRCh38-ICAM1","ICAM1","10"
1.41836039249324e-17,0.465883874773126,0.742,0.81,1.02550293098046e-12,"GRCh38-TRIM27","TRIM27","10"
1.44774138918075e-17,0.407294276331458,0.691,0.734,1.04674597920547e-12,"GRCh38-SURF6","SURF6","10"
1.48011232759983e-17,0.426302408891079,0.748,0.824,1.07015081510123e-12,"GRCh38-ESYT2","ESYT2","10"
1.48371098975664e-17,0.946332378474147,0.868,0.901,1.07275271981385e-12,"GRCh38-KRT7","KRT7","10"
1.51389399683913e-17,0.298399200382558,0.516,0.488,1.09457563759463e-12,"GRCh38-PKD1","PKD1","10"
1.53228752256091e-17,0.502117463173386,0.873,0.955,1.10787452456199e-12,"GRCh38-ETFB","ETFB","10"
1.54717931660534e-17,0.46106501764846,0.69,0.866,1.11864158949199e-12,"GRCh38-DUSP1","DUSP1","10"
1.58025121151987e-17,0.286534605256598,0.578,0.552,1.1425532309531e-12,"GRCh38-TRMT5","TRMT5","10"
1.59204097177792e-17,0.893066739798488,0.863,0.948,1.15107746341488e-12,"GRCh38-LINC00958","LINC00958","10"
1.62376455076204e-17,0.451445586757165,0.55,0.536,1.17401424549197e-12,"GRCh38-SIRT1","SIRT1","10"
1.6274625277139e-17,0.482201346056011,0.768,0.879,1.17668795678771e-12,"GRCh38-KAT6A","KAT6A","10"
1.6546262025602e-17,0.531035876447155,0.726,0.788,1.19632783697507e-12,"GRCh38-MED19","MED19","10"
1.76548809234517e-17,0.307890435445983,0.298,0.243,1.2764832005274e-12,"GRCh38-IFFO2","IFFO2","10"
1.78531231426012e-17,0.377820566561375,0.705,0.739,1.29081650945635e-12,"GRCh38-SCRN1","SCRN1","10"
1.83237599762288e-17,0.454606660175412,0.579,0.595,1.3248444938013e-12,"GRCh38-CYB561D2","CYB561D2","10"
2.10920462412001e-17,0.315603780210107,0.569,0.553,1.52499712733125e-12,"GRCh38-GTF3C2","GTF3C2","10"
2.17492139220494e-17,0.262222309723473,0.523,0.487,1.57251166499201e-12,"GRCh38-PHF2","PHF2","10"
2.18049629491046e-17,0.529178430278288,0.707,0.743,1.57654243114616e-12,"GRCh38-ABLIM1","ABLIM1","10"
2.18797787425981e-17,0.452358457298154,0.756,0.82,1.58195176264733e-12,"GRCh38-SPTAN1","SPTAN1","10"
2.25228463113118e-17,0.453604402749005,0.651,0.668,1.62844683400046e-12,"GRCh38-QDPR","QDPR","10"
2.26418816018933e-17,0.391635768326024,0.779,0.936,1.63705332358009e-12,"GRCh38-JUNB","JUNB","10"
2.29535110524408e-17,0.670062582398276,0.922,0.974,1.65958475611357e-12,"GRCh38-ATP5F1D","ATP5F1D","10"
2.4100657249062e-17,0.410370266098938,0.608,0.612,1.74252572042168e-12,"GRCh38-BTN2A1","BTN2A1","10"
2.41466140924927e-17,0.50023694865452,0.754,0.828,1.74584849211541e-12,"GRCh38-SHLD2","SHLD2","10"
2.49528115705666e-17,0.319043698119389,0.41,0.364,1.80413818217511e-12,"GRCh38-IKBKE","IKBKE","10"
2.53275289162428e-17,0.348001591636419,0.636,0.643,1.83123099570219e-12,"GRCh38-ASCC2","ASCC2","10"
2.54608071394787e-17,0.398081062422447,0.632,0.634,1.84086727779859e-12,"GRCh38-SAMD9","SAMD9","10"
2.55546482690931e-17,0.386892027953619,0.521,0.497,1.84765217915197e-12,"GRCh38-ZGPAT","ZGPAT","10"
2.64665957450133e-17,0.522979557052148,0.806,0.896,1.91358780555595e-12,"GRCh38-TRIP6","TRIP6","10"
2.65404859653112e-17,0.399730468378267,0.613,0.624,1.91893021626393e-12,"GRCh38-SCCPDH","SCCPDH","10"
2.75135922017267e-17,0.259569942013117,0.45,0.406,1.98928774336924e-12,"GRCh38-EIF3C","EIF3C","10"
2.96416454839551e-17,0.409184819816524,0.662,0.69,2.14315025178092e-12,"GRCh38-PKNOX1","PKNOX1","10"
2.99101348141928e-17,0.339111272345977,0.509,0.474,2.16256256733577e-12,"GRCh38-MTERF1","MTERF1","10"
3.00587495691186e-17,0.465868881960239,0.811,0.895,2.17330771134642e-12,"GRCh38-LYRM2","LYRM2","10"
3.25547276368312e-17,0.406301774249097,0.623,0.648,2.35377191759817e-12,"GRCh38-CEP250","CEP250","10"
3.30311770629223e-17,0.357796305484302,0.922,0.972,2.38822016400341e-12,"GRCh38-RBMX","RBMX","10"
3.45035236836506e-17,0.282377758543692,0.587,0.574,2.49467376937531e-12,"GRCh38-INTS8","INTS8","10"
3.47507059570254e-17,0.332663808514209,0.644,0.652,2.51254554210485e-12,"GRCh38-MCM3AP","MCM3AP","10"
3.5253946674496e-17,0.312376278263767,0.551,0.519,2.54893085245941e-12,"GRCh38-LINC00467","LINC00467","10"
3.67260216719371e-17,0.462128544217871,0.685,0.74,2.65536481892439e-12,"GRCh38-FAM13B","FAM13B","10"
3.83938472788539e-17,0.425207585376026,0.708,0.755,2.7759519459557e-12,"GRCh38-APTX","APTX","10"
3.92157641389612e-17,0.308327762856767,0.584,0.58,2.83537817877517e-12,"GRCh38-AKT2","AKT2","10"
3.98831948342904e-17,0.486214547962356,0.714,0.775,2.88363475290887e-12,"GRCh38-OGFR","OGFR","10"
4.14271508943371e-17,0.437632785982749,0.721,0.766,2.99526586396236e-12,"GRCh38-ACO1","ACO1","10"
4.24675284572055e-17,0.271869433895792,0.431,0.38,3.07048724251287e-12,"GRCh38-DNAAF4","DNAAF4","10"
4.31965636207049e-17,0.459851194356252,0.53,0.516,3.1231979429042e-12,"GRCh38-SLC35E4","SLC35E4","10"
4.3296317518439e-17,0.498101554539609,0.833,0.951,3.13041034921818e-12,"GRCh38-ZNF131","ZNF131","10"
4.51148035768039e-17,0.598508681200951,0.902,0.971,3.26189052821008e-12,"GRCh38-UBE2V1","UBE2V1","10"
4.67463788214437e-17,0.370400064292385,0.291,0.24,3.37985668154802e-12,"GRCh38-CORO2A","CORO2A","10"
4.76792400435437e-17,0.382063765912658,0.667,0.671,3.4473044136283e-12,"GRCh38-ATP6V1C1","ATP6V1C1","10"
4.91554619159335e-17,0.330235238345428,0.525,0.51,3.55403820744582e-12,"GRCh38-THAP7","THAP7","10"
5.12689949259629e-17,0.4944239729136,0.87,0.954,3.70685087113697e-12,"GRCh38-RWDD1","RWDD1","10"
5.2905268615078e-17,0.338210248053709,0.624,0.622,3.82515673140737e-12,"GRCh38-GPR107","GPR107","10"
5.4089149516227e-17,0.294377103124868,0.477,0.433,3.91075368832224e-12,"GRCh38-CRACR2A","CRACR2A","10"
5.49444595944465e-17,0.422731105170299,0.78,0.898,3.97259431759767e-12,"GRCh38-CEP290","CEP290","10"
5.63758709169862e-17,0.375484752008215,0.773,0.825,4.07608821903994e-12,"GRCh38-HNRNPH2","HNRNPH2","10"
5.69392019435554e-17,0.290654878483545,0.48,0.443,4.11681817892294e-12,"GRCh38-MTF1","MTF1","10"
6.29395607403549e-17,0.412504112621321,0.398,0.354,4.55065612064914e-12,"GRCh38-ADGRL2","ADGRL2","10"
6.43864183026611e-17,0.317859726766974,0.477,0.441,4.65526681611901e-12,"GRCh38-ARSK","ARSK","10"
6.5706563005018e-17,0.346266913682448,0.488,0.447,4.75071591838881e-12,"GRCh38-FAM53C","FAM53C","10"
7.04181538165808e-17,0.747254719082115,0.317,0.261,5.09137335724642e-12,"GRCh38-RBFOX1","RBFOX1","10"
7.05732282882509e-17,0.396695908033148,0.616,0.632,5.10258555169712e-12,"GRCh38-UNC50","UNC50","10"
7.29777783354512e-17,0.300490480548693,0.451,0.407,5.27643932920979e-12,"GRCh38-SNX21","SNX21","10"
7.41537683342284e-17,0.271427706613388,0.459,0.415,5.36146575810138e-12,"GRCh38-GORAB","GORAB","10"
7.44398514393908e-17,0.255916229470703,0.455,0.579,5.38215013877083e-12,"GRCh38-PDPN","PDPN","10"
7.79012788503274e-17,0.263544545225816,0.445,0.393,5.63241826343637e-12,"GRCh38-JADE3","JADE3","10"
7.86135177097728e-17,0.25568163492221,0.195,0.145,5.68391455745199e-12,"GRCh38-TNS4","TNS4","10"
8.24272324275634e-17,0.563524736558452,0.371,0.317,5.95965375897769e-12,"GRCh38-NRXN1","NRXN1","10"
8.24573071839341e-17,0.551801930911523,0.644,0.665,5.9618282240128e-12,"GRCh38-ITGA5","ITGA5","10"
8.50066114411406e-17,0.422747196710036,0.698,0.745,6.14614802041735e-12,"GRCh38-ASXL2","ASXL2","10"
8.59216929115883e-17,0.380165530325747,0.638,0.648,6.21231024089366e-12,"GRCh38-NUDT9","NUDT9","10"
8.64032062367918e-17,0.336938045113927,0.634,0.635,6.24712461733252e-12,"GRCh38-MICU2","MICU2","10"
8.71158164552698e-17,0.404417255334011,0.699,0.738,6.29864776134892e-12,"GRCh38-UMAD1","UMAD1","10"
8.73864777572795e-17,0.419565938395457,0.417,0.364,6.31821711480682e-12,"GRCh38-TNIK","TNIK","10"
9.16605381377792e-17,0.879176229094923,0.696,0.741,6.62724022843771e-12,"GRCh38-PROCR","PROCR","10"
9.31248563349978e-17,0.475000099990096,0.665,0.696,6.73311336273301e-12,"GRCh38-SLC30A7","SLC30A7","10"
9.43045251781367e-17,0.391171653219662,0.449,0.415,6.81840577942964e-12,"GRCh38-SLC35C1","SLC35C1","10"
9.60122703109027e-17,0.435015198815938,0.59,0.59,6.94187916801889e-12,"GRCh38-ENSG00000291073","ENSG00000291073","10"
9.72373068143211e-17,0.434937977371344,0.682,0.723,7.03045175728905e-12,"GRCh38-ENDOG","ENDOG","10"
9.93013908481968e-17,0.380547011470029,0.583,0.604,7.17968916110633e-12,"GRCh38-CGGBP1","CGGBP1","10"
1.01475935625393e-16,0.352586692301253,0.511,0.495,7.33691309758719e-12,"GRCh38-NACC2","NACC2","10"
1.03848797788883e-16,0.287690971746882,0.649,0.675,7.50847577773185e-12,"GRCh38-GUSB","GUSB","10"
1.06011768053136e-16,0.444571108183165,0.698,0.739,7.66486285377786e-12,"GRCh38-ANAPC13","ANAPC13","10"
1.06721786146702e-16,0.517380817727771,0.257,0.202,7.71619858197882e-12,"GRCh38-LINC00383","LINC00383","10"
1.0868774198211e-16,-0.513432014971726,0.245,0.303,7.85834112079054e-12,"GRCh38-MGAT4C","MGAT4C","10"
1.08964325297997e-16,0.273777271039165,0.551,0.533,7.87833864769576e-12,"GRCh38-TTC32","TTC32","10"
1.09009099507634e-16,0.401769203290063,0.816,0.92,7.88157591260097e-12,"GRCh38-MRPS5","MRPS5","10"
1.09294657270585e-16,0.429242960572208,0.698,0.746,7.9022223099778e-12,"GRCh38-PPIE","PPIE","10"
1.09750200967587e-16,0.35034905033131,0.713,0.762,7.93515903035849e-12,"GRCh38-ICE2","ICE2","10"
1.13307144395098e-16,0.509214689341698,0.789,0.869,8.19233315405439e-12,"GRCh38-ATP6V1D","ATP6V1D","10"
1.17568533000526e-16,0.334535109204347,0.637,0.638,8.50044007300406e-12,"GRCh38-ITPR1","ITPR1","10"
1.18334434767608e-16,0.341858138601131,0.481,0.455,8.55581630256758e-12,"GRCh38-HYAL2","HYAL2","10"
1.18424836481256e-16,0.338387325087825,0.627,0.636,8.56235252726774e-12,"GRCh38-FMC1","FMC1","10"
1.23182956635219e-16,0.388492437413805,0.645,0.647,8.90637413063963e-12,"GRCh38-RIOX2","RIOX2","10"
1.33283808964791e-16,0.347729531269774,0.682,0.709,9.6366859557723e-12,"GRCh38-RPP38","RPP38","10"
1.33577868965983e-16,0.360947178055833,0.726,0.79,9.65794708197854e-12,"GRCh38-ZDHHC4","ZDHHC4","10"
1.35405113248537e-16,0.341326303576925,0.495,0.459,9.79006049809573e-12,"GRCh38-SH2B3","SH2B3","10"
1.35753555285945e-16,0.415196094501616,0.85,0.933,9.81525355428441e-12,"GRCh38-SDCBP","SDCBP","10"
1.51512147165191e-16,0.329370015387602,0.584,0.551,1.09546312643376e-11,"GRCh38-RPGR","RPGR","10"
1.51668085784428e-16,0.33462637774462,0.529,0.508,1.09659059383857e-11,"GRCh38-ATG13","ATG13","10"
1.59424464760322e-16,0.55538277011005,0.673,0.742,1.15267076511008e-11,"GRCh38-CSPP1","CSPP1","10"
1.64423671565687e-16,0.313447005083386,0.63,0.631,1.18881603015423e-11,"GRCh38-USF2","USF2","10"
1.68222163291334e-16,0.329195700769201,0.607,0.601,1.21627988502901e-11,"GRCh38-GCFC2","GCFC2","10"
1.71968354384929e-16,0.538342691213118,0.896,0.968,1.24336559587391e-11,"GRCh38-CAPZB","CAPZB","10"
1.73007632080538e-16,0.326283005336607,0.623,0.629,1.25087978146871e-11,"GRCh38-COG4","COG4","10"
1.8180490354991e-16,0.635138137908451,0.32,0.263,1.31448581364656e-11,"GRCh38-CFAP20DC-DT","CFAP20DC-DT","10"
1.8408062791058e-16,0.750704447847352,0.834,0.92,1.33093975591908e-11,"GRCh38-PLIN3","PLIN3","10"
1.87868433548235e-16,0.301963987519142,0.575,0.566,1.35832634824045e-11,"GRCh38-C16orf87","C16orf87","10"
1.91261431064712e-16,0.998219744483082,0.631,0.666,1.38285839888408e-11,"GRCh38-FRMD4B","FRMD4B","10"
1.93138947583523e-16,0.333444917896449,0.484,0.455,1.39643321881839e-11,"GRCh38-KRT10-AS1","KRT10-AS1","10"
1.9711017071851e-16,0.258473392695185,0.308,0.257,1.42514595632897e-11,"GRCh38-ALDH1L1","ALDH1L1","10"
2.02924071966394e-16,0.452145632270432,0.802,0.941,1.46718162513143e-11,"GRCh38-KMT2E","KMT2E","10"
2.10217372194765e-16,0.391896096304241,0.665,0.686,1.51991364444259e-11,"GRCh38-THUMPD2","THUMPD2","10"
2.11626325813898e-16,0.461183244258286,0.813,0.911,1.53010066089964e-11,"GRCh38-GGNBP2","GGNBP2","10"
2.2037760200586e-16,0.391870176774461,0.65,0.685,1.59337413802277e-11,"GRCh38-PNPLA8","PNPLA8","10"
2.26842644009564e-16,0.418502935134366,0.728,0.791,1.64011768471795e-11,"GRCh38-DICER1","DICER1","10"
2.27943716868528e-16,0.277254454484369,0.517,0.487,1.64807866170283e-11,"GRCh38-TRMT2B","TRMT2B","10"
2.2958098050398e-16,0.297838544396288,0.361,0.301,1.65991640523987e-11,"GRCh38-LPAR1","LPAR1","10"
2.74696050105144e-16,0.289619790802305,0.424,0.384,1.98610738147022e-11,"GRCh38-PRKAB2","PRKAB2","10"
2.74798743971466e-16,0.27059319215173,0.505,0.479,1.98684987866249e-11,"GRCh38-MIS12","MIS12","10"
2.94152063243202e-16,0.42033889566787,0.594,0.612,2.126778247661e-11,"GRCh38-ERG28","ERG28","10"
3.12679430210971e-16,0.342572086761639,0.583,0.583,2.26073481631136e-11,"GRCh38-MMS19","MMS19","10"
3.20163370225944e-16,0.418002603519651,0.685,0.719,2.31484519940762e-11,"GRCh38-RAPGEF1","RAPGEF1","10"
3.20373190830581e-16,0.487859684885317,0.754,0.828,2.31636224434327e-11,"GRCh38-DCTN6","DCTN6","10"
3.20751124091694e-16,0.434908739174357,0.827,0.919,2.31909477740777e-11,"GRCh38-FRG1","FRG1","10"
3.69142260245232e-16,0.266659185152796,0.502,0.472,2.66897237002507e-11,"GRCh38-ZNF496","ZNF496","10"
3.91302249294653e-16,0.273537294738495,0.511,0.481,2.8291935228502e-11,"GRCh38-PIP4K2B","PIP4K2B","10"
4.01382329307423e-16,0.339123340779418,0.577,0.569,2.90207451735853e-11,"GRCh38-EID2","EID2","10"
4.02731014656884e-16,0.359386422961793,0.563,0.55,2.9118257821722e-11,"GRCh38-PI4KB","PI4KB","10"
4.20562513302856e-16,0.441330908589244,0.831,0.935,3.04075108368231e-11,"GRCh38-WNK1","WNK1","10"
4.22894153039945e-16,0.463658600205175,0.818,0.93,3.05760930530941e-11,"GRCh38-RBCK1","RBCK1","10"
4.30144293371653e-16,0.680433645607388,0.734,0.757,3.11002926993573e-11,"GRCh38-BASP1","BASP1","10"
4.31736265479421e-16,0.483623334574607,0.686,0.744,3.12153954666931e-11,"GRCh38-CSNK1G1","CSNK1G1","10"
4.32019131259824e-16,0.427339409396993,0.815,0.909,3.12358472283478e-11,"GRCh38-NDUFAF3","NDUFAF3","10"
4.37671132886734e-16,0.341777693979576,0.681,0.71,3.16444982499766e-11,"GRCh38-ASPSCR1","ASPSCR1","10"
4.50722255012841e-16,0.538808212220096,0.8,0.884,3.25881204819385e-11,"GRCh38-SINHCAF","SINHCAF","10"
4.55625777764057e-16,0.308587331584486,0.584,0.576,3.29426549838969e-11,"GRCh38-TBCE","TBCE","10"
4.6821966926398e-16,0.572641943939708,0.641,0.64,3.38532185271243e-11,"GRCh38-EPAS1","EPAS1","10"
5.06933774295612e-16,0.493536315897153,0.761,0.846,3.66523257491214e-11,"GRCh38-TLK2","TLK2","10"
5.26655429962365e-16,0.45249739912303,0.702,0.762,3.80782408971389e-11,"GRCh38-NAA25","NAA25","10"
5.27854109465204e-16,0.266563700102408,0.986,0.995,3.81649078225532e-11,"GRCh38-IFITM3","IFITM3","10"
5.85052776895374e-16,0.55664877670859,0.877,0.971,4.23004858750893e-11,"GRCh38-TMEM14C","TMEM14C","10"
5.85569078121443e-16,0.518712737388123,0.803,0.894,4.23378154863366e-11,"GRCh38-FUNDC2","FUNDC2","10"
5.85794323809801e-16,0.551370058645025,0.926,0.977,4.23541012000962e-11,"GRCh38-COX6B1","COX6B1","10"
5.88863486052291e-16,0.513250011009815,0.814,0.892,4.25760077685527e-11,"GRCh38-CYRIB","CYRIB","10"
5.95833787503105e-16,0.555669768378066,0.732,0.817,4.30799745040495e-11,"GRCh38-ABL2","ABL2","10"
5.97358695866402e-16,0.582912134379161,0.807,0.871,4.31902284285326e-11,"GRCh38-ERCC1","ERCC1","10"
6.35681404600682e-16,0.331166219976508,0.499,0.47,4.59610369154385e-11,"GRCh38-ARHGAP17","ARHGAP17","10"
6.61259535792503e-16,0.509740014936749,0.941,0.984,4.78103869568695e-11,"GRCh38-HSPB1","HSPB1","10"
6.81511856102636e-16,0.446875551662112,0.655,0.702,4.92746702199328e-11,"GRCh38-TMED1","TMED1","10"
6.83741448961867e-16,0.298742599769865,0.623,0.623,4.94358742428409e-11,"GRCh38-GNPAT","GNPAT","10"
7.23523413176134e-16,0.398451529346279,0.626,0.623,5.23121898194608e-11,"GRCh38-N4BP2","N4BP2","10"
7.27011996916359e-16,0.309765356483357,0.661,0.675,5.25644214010466e-11,"GRCh38-C15orf40","C15orf40","10"
7.91879701630825e-16,0.253833490768051,0.575,0.542,5.72544861873119e-11,"GRCh38-UBQLN2","UBQLN2","10"
8.00230388880048e-16,0.570822371904283,0.237,0.188,5.78582575768052e-11,"GRCh38-ENSG00000273118","ENSG00000273118","10"
8.27239834444018e-16,0.450785798159298,0.924,0.978,5.98110945099714e-11,"GRCh38-TBCA","TBCA","10"
8.29585079028457e-16,0.264796884159098,0.549,0.534,5.99806603839155e-11,"GRCh38-YAE1","YAE1","10"
8.82972146823945e-16,0.426896814471658,0.557,0.555,6.38406521596648e-11,"GRCh38-MFSD1","MFSD1","10"
8.90158206366554e-16,0.328483621382467,0.699,0.743,6.43602186367146e-11,"GRCh38-P3H1","P3H1","10"
9.13820327183312e-16,0.280537673189039,0.644,0.648,6.60710372960078e-11,"GRCh38-ATN1","ATN1","10"
9.2330695270205e-16,0.403807052786928,0.632,0.654,6.67569392942636e-11,"GRCh38-PEX14","PEX14","10"
9.30784373066053e-16,0.329842532933321,0.625,0.63,6.72975717414218e-11,"GRCh38-BRAT1","BRAT1","10"
9.49984720549775e-16,0.373294692312251,0.472,0.431,6.86857952651898e-11,"GRCh38-TPK1","TPK1","10"
9.64650167980019e-16,0.359760939025443,0.771,0.839,6.97461364452913e-11,"GRCh38-ARL5A","ARL5A","10"
9.88340633597373e-16,0.260090425498041,0.449,0.409,7.14590044903572e-11,"GRCh38-SMG9","SMG9","10"
9.97191889422258e-16,0.373323037364732,0.407,0.359,7.20989679890081e-11,"GRCh38-B4GALNT3","B4GALNT3","10"
9.99863032621782e-16,0.323817580790185,0.603,0.611,7.22920969846201e-11,"GRCh38-TCFL5","TCFL5","10"
1.01637023353862e-15,0.361349206657861,0.509,0.479,7.34856006253095e-11,"GRCh38-NBL1","NBL1","10"
1.03067613421255e-15,0.38952150641541,0.688,0.727,7.45199458558355e-11,"GRCh38-ADAM9","ADAM9","10"
1.09565045522482e-15,0.421052033365823,0.869,0.976,7.92177192136646e-11,"GRCh38-ASPH","ASPH","10"
1.10753508357427e-15,0.560574317117273,0.871,0.949,8.00770016125866e-11,"GRCh38-REXO2","REXO2","10"
1.11486440759919e-15,0.250193014075767,0.479,0.449,8.06069263982364e-11,"GRCh38-GET1","GET1","10"
1.12514010786423e-15,0.561625309663671,0.801,0.935,8.13498800787997e-11,"GRCh38-DLG1","DLG1","10"
1.16060593375562e-15,0.265296943249277,0.471,0.434,8.3914130222399e-11,"GRCh38-C18orf25","C18orf25","10"
1.17966368186241e-15,0.698083043326895,0.834,0.955,8.52920435260158e-11,"GRCh38-GPBP1","GPBP1","10"
1.30232960736942e-15,0.355043373166126,0.526,0.509,9.4161035272024e-11,"GRCh38-RIDA","RIDA","10"
1.31379191759917e-15,0.427581244274672,0.638,0.655,9.49897832262555e-11,"GRCh38-C5orf15","C5orf15","10"
1.33258626009235e-15,0.73217002418559,0.869,0.95,9.63486517771969e-11,"GRCh38-OCIAD2","OCIAD2","10"
1.35485084018551e-15,0.337439037059747,0.159,0.113,9.79584254470931e-11,"GRCh38-HBG2","HBG2","10"
1.41507265561973e-15,0.565677974745215,0.825,0.955,1.02312583146618e-10,"GRCh38-FNBP4","FNBP4","10"
1.42090704776164e-15,0.468504958060967,0.386,0.342,1.02734421367262e-10,"GRCh38-BTG2","BTG2","10"
1.42101667406937e-15,0.305750267188349,0.541,0.514,1.02742347568564e-10,"GRCh38-ZNF611","ZNF611","10"
1.44603090104916e-15,0.388378942579297,0.675,0.705,1.04550926207657e-10,"GRCh38-PIP4P2","PIP4P2","10"
1.49565451756588e-15,0.350117112164387,0.54,0.526,1.08138812929048e-10,"GRCh38-RRN3","RRN3","10"
1.51332064382712e-15,0.310838477041243,0.562,0.555,1.09416109189989e-10,"GRCh38-HNRNPA1L3","HNRNPA1L3","10"
1.5256159329339e-15,0.602354924606594,0.903,0.946,1.10305083182987e-10,"GRCh38-SOD2","SOD2","10"
1.55200417742447e-15,0.511708832074004,0.713,0.768,1.12213006036144e-10,"GRCh38-CTBP2","CTBP2","10"
1.5618755630938e-15,0.393597727957233,0.707,0.765,1.12926726962808e-10,"GRCh38-TUG1","TUG1","10"
1.65739724996888e-15,0.89825054456729,0.837,0.934,1.1983313596725e-10,"GRCh38-PERP","PERP","10"
1.67844858878162e-15,0.38282905010934,0.648,0.666,1.21355189866089e-10,"GRCh38-FKBP15","FKBP15","10"
1.72843080053438e-15,0.358139186215386,0.702,0.745,1.24969003740237e-10,"GRCh38-MRPS9","MRPS9","10"
1.73369188841815e-15,0.429847116376042,0.815,0.909,1.25349390916409e-10,"GRCh38-ECPAS","ECPAS","10"
1.75008542430869e-15,0.440750031139014,0.782,0.866,1.26534676348367e-10,"GRCh38-NDUFA3","NDUFA3","10"
1.80192541397409e-15,0.307908617566917,0.569,0.565,1.30282811281155e-10,"GRCh38-SUPV3L1","SUPV3L1","10"
1.80669182585056e-15,0.486592514174264,0.738,0.831,1.30627432392647e-10,"GRCh38-INO80","INO80","10"
1.86666123091033e-15,0.4459404337681,0.852,0.951,1.34963340317279e-10,"GRCh38-PRPF6","PRPF6","10"
1.87574821111177e-15,0.34701990993318,0.599,0.602,1.35620347159803e-10,"GRCh38-C8orf82","C8orf82","10"
1.89203491297272e-15,0.428335305255811,0.724,0.791,1.36797908277754e-10,"GRCh38-RUFY2","RUFY2","10"
1.89443186807844e-15,0.399750871752672,0.553,0.548,1.36971212925807e-10,"GRCh38-ERN1","ERN1","10"
1.90900799312578e-15,0.424246580466008,0.599,0.599,1.3802509591898e-10,"GRCh38-EEF2K","EEF2K","10"
1.92807389296374e-15,0.57048554173908,0.645,0.67,1.39403598609064e-10,"GRCh38-FAM168A","FAM168A","10"
1.99934095588099e-15,0.350834242110103,0.714,0.763,1.44556349792107e-10,"GRCh38-AQR","AQR","10"
2.00946235624967e-15,0.528704185870625,0.776,0.858,1.45288147281563e-10,"GRCh38-IMP3","IMP3","10"
2.01373627918293e-15,0.26893302924015,0.438,0.401,1.45597160457484e-10,"GRCh38-CIAO3","CIAO3","10"
2.03409170182515e-15,0.445242706228433,0.794,0.915,1.47068898225362e-10,"GRCh38-CD109","CD109","10"
2.05996978653011e-15,0.42864307468925,0.994,0.995,1.489399355057e-10,"GRCh38-RPS6","RPS6","10"
2.10001656097928e-15,0.283589247424709,0.517,0.491,1.51835397391924e-10,"GRCh38-ARFGAP1","ARFGAP1","10"
2.10228894016766e-15,0.32316694122568,0.46,0.428,1.51999694952002e-10,"GRCh38-RASSF7","RASSF7","10"
2.22097135710143e-15,0.332126240037595,0.628,0.638,1.60580671061148e-10,"GRCh38-INPP1","INPP1","10"
2.26859837302528e-15,0.433309293569803,0.778,0.861,1.64024199566474e-10,"GRCh38-ATG12","ATG12","10"
2.3262638010673e-15,0.372784043286626,0.588,0.607,1.68193525344768e-10,"GRCh38-KLHDC4","KLHDC4","10"
2.33075187000415e-15,0.322959040116247,0.614,0.621,1.6851802170504e-10,"GRCh38-IMPACT","IMPACT","10"
2.33521339167159e-15,0.392780694044738,0.678,0.702,1.68840598644639e-10,"GRCh38-USP11","USP11","10"
2.33722328964904e-15,0.512097505007736,0.485,0.465,1.68985918288205e-10,"GRCh38-ARL4D","ARL4D","10"
2.34288571260891e-15,0.316695694033807,0.509,0.483,1.69395322793049e-10,"GRCh38-TMEM164","TMEM164","10"
2.440525910719e-15,0.451698194005284,0.747,0.823,1.76454904396805e-10,"GRCh38-FERMT2","FERMT2","10"
2.59214219555113e-15,0.34056855005522,0.641,0.648,1.87417065022738e-10,"GRCh38-CRYBG3","CRYBG3","10"
2.62974886514752e-15,0.380861452811925,0.63,0.646,1.90136102447896e-10,"GRCh38-RAD54L2","RAD54L2","10"
2.82345880531026e-15,0.314399077021785,0.478,0.45,2.04141718541543e-10,"GRCh38-SNHG11","SNHG11","10"
2.88251505599486e-15,0.317721871816879,0.549,0.535,2.0841160357854e-10,"GRCh38-MED11","MED11","10"
2.94419978094867e-15,0.466589404364134,0.808,0.917,2.12871532562151e-10,"GRCh38-CAMTA1","CAMTA1","10"
3.00102339263411e-15,0.908260906847362,0.715,0.755,2.16979993334231e-10,"GRCh38-TNC","TNC","10"
3.07475057537131e-15,0.390657955407005,0.786,0.875,2.22310616100496e-10,"GRCh38-SUPT20H","SUPT20H","10"
3.11807036134498e-15,0.548991259216789,0.6,0.626,2.25442723265965e-10,"GRCh38-KLHL29","KLHL29","10"
3.16004162617837e-15,0.363856844795639,0.324,0.273,2.28477329655949e-10,"GRCh38-TENT5C","TENT5C","10"
3.20372366380967e-15,0.592153230598583,0.701,0.764,2.31635628340767e-10,"GRCh38-IFRD1","IFRD1","10"
3.29934618002345e-15,0.307710661919055,0.592,0.596,2.38549327508056e-10,"GRCh38-HTRA2","HTRA2","10"
3.38146070323262e-15,0.278454271566509,0.759,0.803,2.44486371765125e-10,"GRCh38-GRB10","GRB10","10"
3.43538797197243e-15,-0.323045461961132,0.138,0.194,2.48385421149551e-10,"GRCh38-CEMIP","CEMIP","10"
3.61021748225393e-15,0.493980912889671,0.844,0.943,2.61025944401924e-10,"GRCh38-FIS1","FIS1","10"
3.61352027147646e-15,0.334019873213899,0.707,0.746,2.61264742668291e-10,"GRCh38-CLPX","CLPX","10"
3.72177791854487e-15,0.388867839036158,0.538,0.534,2.69091987066631e-10,"GRCh38-NIPAL3","NIPAL3","10"
3.73027701245657e-15,0.383113811619698,0.592,0.581,2.69706488554635e-10,"GRCh38-PPARG","PPARG","10"
3.91219224003048e-15,0.439343216506651,0.994,0.995,2.82859323338684e-10,"GRCh38-RPL21","RPL21","10"
4.0752052666887e-15,0.65723818061269,0.889,0.971,2.94645491192126e-10,"GRCh38-AHNAK","AHNAK","10"
4.11184620264796e-15,0.379673176482788,0.659,0.688,2.97294704143853e-10,"GRCh38-NUDT2","NUDT2","10"
4.23304339307973e-15,0.383341101587716,0.632,0.653,3.0605750340645e-10,"GRCh38-B3GALNT2","B3GALNT2","10"
4.58107202342945e-15,0.588453977927822,0.651,0.677,3.31220669437996e-10,"GRCh38-MAGI3","MAGI3","10"
4.62559762591956e-15,0.934259470792115,0.583,0.606,3.34439959549236e-10,"GRCh38-ATF3","ATF3","10"
4.63056145733659e-15,0.309398943100009,0.648,0.661,3.3479885448835e-10,"GRCh38-VAMP7","VAMP7","10"
4.94210330780503e-15,0.481396901075817,0.717,0.788,3.57323953360919e-10,"GRCh38-RBM26","RBM26","10"
5.05722184204585e-15,0.275103671836404,0.456,0.428,3.65647253623599e-10,"GRCh38-TMEM128","TMEM128","10"
5.1663021327263e-15,0.276927236473742,0.452,0.405,3.73533976800377e-10,"GRCh38-RPS6KA5","RPS6KA5","10"
5.22867262028892e-15,0.363396319253669,0.674,0.701,3.78043487792129e-10,"GRCh38-WDFY1","WDFY1","10"
5.23961686046404e-15,0.263557821177037,0.492,0.465,3.78834778245271e-10,"GRCh38-SDHAP1","SDHAP1","10"
5.51529725909649e-15,0.260200724917119,0.577,0.564,3.98767022427195e-10,"GRCh38-ZMAT5","ZMAT5","10"
5.59643820776443e-15,0.420887938574371,0.538,0.525,4.04633675297784e-10,"GRCh38-PLEKHA1","PLEKHA1","10"
5.71269957657634e-15,0.430724576177645,0.636,0.659,4.13039604785622e-10,"GRCh38-QSOX1","QSOX1","10"
5.98764401239755e-15,0.453789375794771,0.892,0.968,4.32918637384367e-10,"GRCh38-CHD4","CHD4","10"
6.28246231294153e-15,0.602617579885733,0.777,0.885,4.54234590150299e-10,"GRCh38-ACACA","ACACA","10"
6.35004461140556e-15,0.461687776381154,0.797,0.894,4.59120925493845e-10,"GRCh38-NDUFS2","NDUFS2","10"
6.5813243259314e-15,0.41816481270684,0.657,0.679,4.75842911413492e-10,"GRCh38-FAHD1","FAHD1","10"
6.68922619795659e-15,0.599137530546129,0.709,0.798,4.83644432564657e-10,"GRCh38-LCORL","LCORL","10"
6.81115914686519e-15,0.284282095634024,0.557,0.508,4.92460428636647e-10,"GRCh38-ADD3","ADD3","10"
7.1096556374762e-15,0.338594966053504,0.6,0.592,5.14042321900804e-10,"GRCh38-POLR1A","POLR1A","10"
7.13136474011619e-15,0.473289971203513,0.501,0.487,5.15611933439881e-10,"GRCh38-SLC39A13","SLC39A13","10"
7.68857182127285e-15,0.504292787740146,0.652,0.699,5.5589911982167e-10,"GRCh38-FLOT2","FLOT2","10"
7.97323399036994e-15,0.398532041246208,0.705,0.762,5.76480763971727e-10,"GRCh38-GIPC1","GIPC1","10"
8.63685053474559e-15,0.350583342191254,0.471,0.44,6.24461567363176e-10,"GRCh38-COPZ2","COPZ2","10"
8.78230223046689e-15,0.407112080629887,0.75,0.811,6.34978015867217e-10,"GRCh38-ASAP2","ASAP2","10"
9.50243983808238e-15,0.646306499355728,0.788,0.893,6.87045405173032e-10,"GRCh38-EGFR","EGFR","10"
9.74920875131242e-15,0.569495249983245,0.842,0.929,7.0488729113739e-10,"GRCh38-MRPS18B","MRPS18B","10"
9.9577278266321e-15,0.258633857432248,0.467,0.437,7.19963637321154e-10,"GRCh38-ACTR8","ACTR8","10"
9.99891280659248e-15,0.273685850591677,0.539,0.522,7.22941393742249e-10,"GRCh38-NDUFAF7","NDUFAF7","10"
1.00069562931117e-14,0.510774297625572,0.787,0.862,7.2352295390456e-10,"GRCh38-PDCD2","PDCD2","10"
1.01428620403916e-14,0.39049172541343,0.699,0.765,7.33349211244394e-10,"GRCh38-CABIN1","CABIN1","10"
1.03297581912074e-14,0.274613296164496,0.539,0.524,7.4686217674068e-10,"GRCh38-EXOG","EXOG","10"
1.03653184013867e-14,0.44609071730718,0.99,0.993,7.49433251057063e-10,"GRCh38-RPS15","RPS15","10"
1.05953357178513e-14,0.282423336979059,0.502,0.471,7.66063963072082e-10,"GRCh38-RHBDD1","RHBDD1","10"
1.0851935780453e-14,0.466562432615089,0.703,0.737,7.84616660798315e-10,"GRCh38-CYSTM1","CYSTM1","10"
1.09085481759556e-14,0.377129027627888,0.63,0.631,7.88709850217939e-10,"GRCh38-CDR2","CDR2","10"
1.10186669488136e-14,0.404198370409557,0.737,0.819,7.96671657733118e-10,"GRCh38-TBC1D15","TBC1D15","10"
1.14784696239884e-14,0.463361805475711,0.763,0.827,8.29916310753609e-10,"GRCh38-CASP8","CASP8","10"
1.14903492100312e-14,0.280110783167633,0.48,0.45,8.30775228583676e-10,"GRCh38-ATP10D","ATP10D","10"
1.15769520173867e-14,0.426667273037295,0.794,0.886,8.37036784761096e-10,"GRCh38-SMAD5","SMAD5","10"
1.19600051588907e-14,0.283030402821244,0.566,0.547,8.64732292998114e-10,"GRCh38-SPAST","SPAST","10"
1.26256072155198e-14,0.282845789858483,0.601,0.591,9.12856652896512e-10,"GRCh38-CILK1","CILK1","10"
1.26748564773345e-14,0.355642126562611,0.602,0.572,9.16417473024242e-10,"GRCh38-BACH1","BACH1","10"
1.3105922764883e-14,0.362082146499412,0.763,0.851,9.47584427746568e-10,"GRCh38-ABI2","ABI2","10"
1.31770202756433e-14,0.500959022559038,0.789,0.87,9.52724919969561e-10,"GRCh38-CDC73","CDC73","10"
1.33931359225412e-14,0.279882921019484,0.492,0.469,9.68350513471572e-10,"GRCh38-ZNF394","ZNF394","10"
1.36184531529437e-14,0.47505867178541,0.699,0.755,9.84641399864137e-10,"GRCh38-POLR1H","POLR1H","10"
1.45070649868997e-14,0.384886620636839,0.362,0.307,1.04888981268282e-09,"GRCh38-NPW","NPW","10"
1.45327639869985e-14,0.321603473008432,0.598,0.599,1.05074790178796e-09,"GRCh38-CARNMT1","CARNMT1","10"
1.46771717118611e-14,0.39570539380517,0.771,0.863,1.06118886911098e-09,"GRCh38-FBXW11","FBXW11","10"
1.49213906605875e-14,0.394910786263695,0.541,0.513,1.0788463875418e-09,"GRCh38-GTDC1","GTDC1","10"
1.57896190816439e-14,0.264254804951754,0.498,0.469,1.14162103884101e-09,"GRCh38-ENSG00000290823","ENSG00000290823","10"
1.59079910737371e-14,0.503025713015777,0.843,0.931,1.15017957061334e-09,"GRCh38-NIFK","NIFK","10"
1.69021470229223e-14,0.520008063326577,0.708,0.78,1.22205903405133e-09,"GRCh38-UBE2G2","UBE2G2","10"
1.71088562556746e-14,0.343392609704286,0.576,0.576,1.23700452499778e-09,"GRCh38-FOXD1","FOXD1","10"
1.72729788422899e-14,0.455481666969905,0.695,0.742,1.24887091625525e-09,"GRCh38-FUNDC1","FUNDC1","10"
1.84036562857476e-14,0.445954083026917,0.627,0.647,1.33062115677212e-09,"GRCh38-ARFRP1","ARFRP1","10"
1.8661029316534e-14,0.370740009690852,0.721,0.785,1.34922974164404e-09,"GRCh38-AP2A1","AP2A1","10"
1.91619632200374e-14,0.447514478128229,0.747,0.832,1.38544826473514e-09,"GRCh38-WRN","WRN","10"
1.9229797278528e-14,0.817789078955744,0.49,0.473,1.39035280283213e-09,"GRCh38-ABTB2","ABTB2","10"
1.92516691528233e-14,0.377477401140719,0.606,0.617,1.39193418308743e-09,"GRCh38-LATS1","LATS1","10"
1.93684351203462e-14,0.269373833799284,0.708,0.859,1.40037659607127e-09,"GRCh38-DOCK5","DOCK5","10"
2.05512401492746e-14,0.276888359912194,0.481,0.451,1.48589576527285e-09,"GRCh38-MAPK12","MAPK12","10"
2.06475184006857e-14,0.418800885836853,0.679,0.733,1.49285687540638e-09,"GRCh38-FRS2","FRS2","10"
2.11054781715757e-14,0.526269964516063,0.882,0.959,1.52596828276127e-09,"GRCh38-SNRPB2","SNRPB2","10"
2.12248071284762e-14,0.368678760688671,0.667,0.703,1.53459600500309e-09,"GRCh38-RAB11B","RAB11B","10"
2.13084843751045e-14,0.354077997854115,0.607,0.612,1.54064603728881e-09,"GRCh38-VPS45","VPS45","10"
2.14587732419083e-14,0.388109284737329,0.99,0.992,1.55151222293645e-09,"GRCh38-RPL10A","RPL10A","10"
2.17250266167025e-14,0.451298851401661,0.804,0.906,1.57076287444083e-09,"GRCh38-FAAP20","FAAP20","10"
2.22853896094585e-14,0.457898680460301,0.643,0.682,1.61127823954307e-09,"GRCh38-SPNS1","SPNS1","10"
2.23075076470151e-14,0.431975839305202,0.628,0.644,1.61287741789449e-09,"GRCh38-UBTD2","UBTD2","10"
2.25440608885238e-14,0.538215109413347,0.838,0.955,1.62998069036205e-09,"GRCh38-ACBD6","ACBD6","10"
2.34890312817491e-14,0.288174266344729,0.585,0.582,1.69830393973303e-09,"GRCh38-CETN3","CETN3","10"
2.4084169016253e-14,0.329729408210623,0.574,0.567,1.74133358821312e-09,"GRCh38-THAP11","THAP11","10"
2.45821720629683e-14,0.318918638323166,0.471,0.433,1.77734020449674e-09,"GRCh38-CPEB2","CPEB2","10"
2.53822787992758e-14,0.300472294961856,0.506,0.484,1.83518952174524e-09,"GRCh38-MSANTD2","MSANTD2","10"
2.67793102038512e-14,0.6102683153637,0.807,0.91,1.93619768635885e-09,"GRCh38-REEP5","REEP5","10"
2.73493121283169e-14,0.382708810085209,0.637,0.664,1.97740996550157e-09,"GRCh38-SMAP2","SMAP2","10"
2.85146672186829e-14,0.516406587008357,0.852,0.941,2.06166746924521e-09,"GRCh38-HUWE1","HUWE1","10"
2.97118530311514e-14,0.395292373890432,0.711,0.767,2.14822639785831e-09,"GRCh38-MAP2K4","MAP2K4","10"
3.00180875877238e-14,0.348127480672967,0.249,0.201,2.1703677687676e-09,"GRCh38-ENSG00000287390","ENSG00000287390","10"
3.3938708818802e-14,0.296792799251591,0.536,0.512,2.45383652501702e-09,"GRCh38-TCP11L1","TCP11L1","10"
3.82219213024918e-14,0.31931463821117,0.596,0.608,2.76352135401276e-09,"GRCh38-NSDHL","NSDHL","10"
3.83062257061557e-14,0.43718322083554,0.622,0.651,2.76961673100647e-09,"GRCh38-TYW1","TYW1","10"
3.93982917808497e-14,0.406191574013176,0.808,0.87,2.84857529233899e-09,"GRCh38-NMT1","NMT1","10"
4.17329865354234e-14,0.385630612779367,0.61,0.621,3.01737839248419e-09,"GRCh38-WASF1","WASF1","10"
4.20814671679438e-14,0.269724407281355,0.504,0.48,3.04257423917667e-09,"GRCh38-PPIL2","PPIL2","10"
4.49200359076844e-14,0.698801623766186,0.876,0.978,3.24780843619740e-09,"GRCh38-CD151","CD151","10"
4.50990114978313e-14,0.262471210407032,0.444,0.413,3.2607487293162e-09,"GRCh38-DHX35","DHX35","10"
4.56499960515379e-14,0.35481949644967,0.499,0.484,3.30058601451829e-09,"GRCh38-BCR","BCR","10"
4.56538024903948e-14,0.431313439096794,0.547,0.538,3.30086122766052e-09,"GRCh38-STK10","STK10","10"
4.6274352400782e-14,0.371618198213568,0.787,0.874,3.34572822728134e-09,"GRCh38-ATP6V1E1","ATP6V1E1","10"
4.68108163229957e-14,0.349758616264898,0.599,0.61,3.38451564178524e-09,"GRCh38-FDX2","FDX2","10"
4.91485019116879e-14,0.320463913873194,0.341,0.299,3.55353498521886e-09,"GRCh38-FOXA2","FOXA2","10"
5.10843889685128e-14,0.347927441607057,0.809,0.897,3.69350349120141e-09,"GRCh38-PMPCB","PMPCB","10"
5.11873393668248e-14,0.287156113930604,0.743,0.898,3.70094701090016e-09,"GRCh38-BABAM2","BABAM2","10"
5.12013224821087e-14,0.395255181461514,0.539,0.524,3.70195801810142e-09,"GRCh38-ABR","ABR","10"
5.16530701248353e-14,0.424589276822459,0.677,0.72,3.73462027616585e-09,"GRCh38-N4BP1","N4BP1","10"
5.32754255560484e-14,0.469006187420064,0.755,0.85,3.85191981855341e-09,"GRCh38-COG5","COG5","10"
5.33675309045614e-14,0.471310764399774,0.758,0.84,3.8585792194616e-09,"GRCh38-CDC40","CDC40","10"
5.43450905752489e-14,0.594065089373686,0.819,0.932,3.92925873877164e-09,"GRCh38-AIG1","AIG1","10"
5.4552263342672e-14,0.711322851619532,0.822,0.951,3.94423774420187e-09,"GRCh38-FAF1","FAF1","10"
5.5100710512844e-14,0.337704522278855,0.547,0.542,3.98389157149965e-09,"GRCh38-SCAMP4","SCAMP4","10"
5.52437147222949e-14,0.285741083428918,0.558,0.545,3.99423106185137e-09,"GRCh38-SAMD8","SAMD8","10"
5.66669707003303e-14,0.663859048941459,0.687,0.714,4.09713531557528e-09,"GRCh38-BCL2L1","BCL2L1","10"
5.67237434506445e-14,0.419365696188878,0.727,0.793,4.1012400989685e-09,"GRCh38-ARFIP1","ARFIP1","10"
5.70047202281149e-14,0.440939124128223,0.565,0.587,4.12155528193316e-09,"GRCh38-FANCL","FANCL","10"
5.87649321452676e-14,0.546147008441994,0.852,0.96,4.24882212396714e-09,"GRCh38-VKORC1","VKORC1","10"
5.989683416471e-14,0.395751198262006,0.546,0.526,4.33066090377687e-09,"GRCh38-GALNT5","GALNT5","10"
6.19823292985557e-14,0.341312759628934,0.452,0.428,4.48144637294418e-09,"GRCh38-ACP2","ACP2","10"
6.26292393883437e-14,0.499880852983525,0.919,0.978,4.52821926625602e-09,"GRCh38-EID1","EID1","10"
6.28394048889399e-14,0.38824080111341,0.621,0.628,4.54341465228013e-09,"GRCh38-FAM216A","FAM216A","10"
6.45053595141514e-14,0.527478725079924,0.378,0.341,4.66386650359217e-09,"GRCh38-ITGB8","ITGB8","10"
6.5026014975675e-14,0.354213146420139,0.693,0.741,4.70151093477125e-09,"GRCh38-REV1","REV1","10"
6.5235924889403e-14,0.387895687628959,0.712,0.754,4.71668784135361e-09,"GRCh38-WDR75","WDR75","10"
6.70950429911821e-14,0.495970489236961,0.831,0.93,4.85110579834845e-09,"GRCh38-C1orf43","C1orf43","10"
7.12297977531292e-14,0.343956008437261,0.571,0.576,5.15005683714675e-09,"GRCh38-YARS2","YARS2","10"
7.26055222605835e-14,0.323714257519178,0.692,0.718,5.24952447048471e-09,"GRCh38-UBE2Q1","UBE2Q1","10"
7.28246763199435e-14,0.352267820098658,0.673,0.72,5.26536974728455e-09,"GRCh38-KEAP1","KEAP1","10"
7.48289000700421e-14,0.337729417234556,0.59,0.592,5.41027913286418e-09,"GRCh38-AGPAT1","AGPAT1","10"
7.55092427443718e-14,0.299529627996705,0.61,0.626,5.45946926890357e-09,"GRCh38-CLCC1","CLCC1","10"
7.55702018999675e-14,0.342310480653214,0.425,0.387,5.46387673777145e-09,"GRCh38-LRIG3","LRIG3","10"
7.56783038765759e-14,0.279704061467551,0.328,0.283,5.47169272688419e-09,"GRCh38-SPRY4","SPRY4","10"
7.76829398709607e-14,0.282314107483375,0.534,0.516,5.6166319185502e-09,"GRCh38-BTBD3","BTBD3","10"
9.30302580935731e-14,0.288111624761062,0.524,0.507,6.72627372068153e-09,"GRCh38-PRR12","PRR12","10"
9.34112712305221e-14,0.35357409360187,0.769,0.788,6.75382173250921e-09,"GRCh38-FKBP5","FKBP5","10"
9.45304997880026e-14,0.407383050685374,0.818,0.888,6.83474419567216e-09,"GRCh38-PAIP2","PAIP2","10"
9.59934129242401e-14,0.353034916521543,0.316,0.268,6.94051574124841e-09,"GRCh38-LINC02873","LINC02873","10"
9.7446151927287e-14,0.335044269135964,0.615,0.64,7.0455516766467e-09,"GRCh38-NOTCH2","NOTCH2","10"
1.00704670535853e-13,0.482161681781434,0.984,0.99,7.28114908908321e-09,"GRCh38-RPL38","RPL38","10"
1.05569288037954e-13,0.27800796484949,0.547,0.535,7.63287066372016e-09,"GRCh38-POGK","POGK","10"
1.07645520753651e-13,0.27074754509729,0.442,0.408,7.78298644153047e-09,"GRCh38-E4F1","E4F1","10"
1.07713465145187e-13,0.25480116993029,0.688,0.711,7.78789895692733e-09,"GRCh38-IGFBP6","IGFBP6","10"
1.08522422049279e-13,0.278543747330637,0.505,0.481,7.84638815900697e-09,"GRCh38-NDUFAF1","NDUFAF1","10"
1.11406005711166e-13,0.337768880042149,0.591,0.588,8.05487702492872e-09,"GRCh38-PLPP5","PLPP5","10"
1.12404042838347e-13,0.457618091880001,0.62,0.647,8.12703710529818e-09,"GRCh38-SRGAP2","SRGAP2","10"
1.15164844058364e-13,0.332974864346181,0.543,0.532,8.32664855510783e-09,"GRCh38-XPO4","XPO4","10"
1.18475355381114e-13,0.365139591079207,0.841,0.936,8.5660051447653e-09,"GRCh38-SH3GLB1","SH3GLB1","10"
1.25238372290564e-13,0.355539020579883,0.582,0.591,9.05498479335235e-09,"GRCh38-TMEM115","TMEM115","10"
1.28067283718381e-13,0.566618298981854,0.809,0.879,9.2595207474064e-09,"GRCh38-ITPA","ITPA","10"
1.33378714767192e-13,0.331127712715089,0.568,0.577,9.64354783509749e-09,"GRCh38-EDEM2","EDEM2","10"
1.3349031400031e-13,0.455967608527827,0.903,0.975,9.6516166828504e-09,"GRCh38-COX5B","COX5B","10"
1.35416598336418e-13,0.289136906050049,0.545,0.532,9.79089089291972e-09,"GRCh38-VRK3","VRK3","10"
1.36302117263682e-13,0.747509938513951,0.571,0.576,9.85491568239877e-09,"GRCh38-DOCK4","DOCK4","10"
1.42566094114083e-13,0.581523901867947,0.885,0.965,1.03078137366364e-08,"GRCh38-C19orf53","C19orf53","10"
1.42810719699467e-13,0.355920434921324,0.419,0.364,1.03255006557108e-08,"GRCh38-SIRLNT","SIRLNT","10"
1.45976197259951e-13,0.445839504239692,0.69,0.739,1.0554371014289e-08,"GRCh38-C6orf89","C6orf89","10"
1.50802116442276e-13,0.319087468476776,0.492,0.467,1.09032946230094e-08,"GRCh38-LSR","LSR","10"
1.61819581351576e-13,0.613242752287038,0.528,0.503,1.16998793708817e-08,"GRCh38-FJX1","FJX1","10"
1.62037432373687e-13,0.382013697366143,0.606,0.581,1.17156304354823e-08,"GRCh38-PHLDA1","PHLDA1","10"
1.69562484481396e-13,0.271145835519856,0.393,0.35,1.22597067529739e-08,"GRCh38-RADX","RADX","10"
1.72808168978657e-13,0.293820829485871,0.554,0.55,1.24943762334948e-08,"GRCh38-TRAPPC2","TRAPPC2","10"
1.76795419232269e-13,0.495325277999162,0.778,0.867,1.27826624013315e-08,"GRCh38-RANBP2","RANBP2","10"
1.84214198706885e-13,0.65104999662063,0.88,0.965,1.33190549949052e-08,"GRCh38-NDUFB11","NDUFB11","10"
1.85669319811567e-13,0.354726614292644,0.685,0.73,1.34242631610159e-08,"GRCh38-STK25","STK25","10"
1.91870086346561e-13,0.318075292602015,0.379,0.329,1.38725909830291e-08,"GRCh38-SYT1","SYT1","10"
1.94118338802952e-13,0.308501240363199,0.571,0.569,1.40351441321311e-08,"GRCh38-TSC2","TSC2","10"
1.95943180050001e-13,0.783728201375225,0.681,0.785,1.41670838039752e-08,"GRCh38-LINC01572","LINC01572","10"
1.9617732077377e-13,0.31484099324316,0.361,0.316,1.41840126465851e-08,"GRCh38-AADACL2-AS1","AADACL2-AS1","10"
1.99716772678061e-13,0.295730514680277,0.542,0.516,1.44399220981692e-08,"GRCh38-PCSK6","PCSK6","10"
2.01650060881664e-13,0.442765750054343,0.719,0.78,1.45797027018661e-08,"GRCh38-HTT","HTT","10"
2.21143558396418e-13,0.308609316714016,0.779,0.845,1.59891215591778e-08,"GRCh38-GFPT1","GFPT1","10"
2.27316480765e-13,0.32826805420734,0.545,0.552,1.64354361922711e-08,"GRCh38-FAM193B","FAM193B","10"
2.30082678317145e-13,-0.313245778169252,0.216,0.275,1.66354378076862e-08,"GRCh38-ENSG00000288321","ENSG00000288321","10"
2.31364832784262e-13,0.251717208312162,0.259,0.207,1.67281401399677e-08,"GRCh38-SEMA3D","SEMA3D","10"
2.34189884261283e-13,0.355919772916991,0.827,0.916,1.69323970118593e-08,"GRCh38-MFF","MFF","10"
2.35683578387999e-13,0.437942076711783,0.702,0.77,1.70403940846091e-08,"GRCh38-GOLGA7","GOLGA7","10"
2.51999534218886e-13,0.34839876727098,0.61,0.628,1.82200703230939e-08,"GRCh38-EXOC6","EXOC6","10"
2.52363235525869e-13,0.324968491450528,0.986,0.994,1.82463666549913e-08,"GRCh38-RPL37A","RPL37A","10"
2.62783293942477e-13,0.273699347307105,0.629,0.629,1.8999757718629e-08,"GRCh38-COQ10B","COQ10B","10"
2.79449267676126e-13,0.378105647317712,0.658,0.683,2.02047409515193e-08,"GRCh38-PCYT1A","PCYT1A","10"
2.93352390769481e-13,0.297768242367967,0.595,0.595,2.1209964557415e-08,"GRCh38-ZNF322","ZNF322","10"
2.94154374276198e-13,0.443544597048411,0.746,0.81,2.12679495689176e-08,"GRCh38-HSDL2","HSDL2","10"
2.95578522549591e-13,0.466524035546422,0.974,0.988,2.13709183373805e-08,"GRCh38-UBA52","UBA52","10"
3.03212884997003e-13,0.423461728078043,0.726,0.805,2.19228980110533e-08,"GRCh38-EP300","EP300","10"
3.04609466085609e-13,0.395371672026436,0.648,0.673,2.20238736169217e-08,"GRCh38-GOLGA1","GOLGA1","10"
3.23775082574514e-13,0.355940516559945,0.511,0.5,2.34095860203025e-08,"GRCh38-B3GALT6","B3GALT6","10"
3.26926023658173e-13,0.300198087806568,0.595,0.593,2.36374053625333e-08,"GRCh38-ELP3","ELP3","10"
3.27730607193974e-13,0.334856465749106,0.74,0.811,2.36955783613387e-08,"GRCh38-FBXO7","FBXO7","10"
3.40089475427476e-13,0.326876412584884,0.787,0.881,2.45891492523574e-08,"GRCh38-WASL","WASL","10"
3.42313296953152e-13,0.553575078754534,0.815,0.916,2.47499359963068e-08,"GRCh38-USP47","USP47","10"
3.49456313305346e-13,0.360789609587538,0.639,0.667,2.52663903646031e-08,"GRCh38-TRAPPC12","TRAPPC12","10"
3.64355170086943e-13,0.38802522632411,0.756,0.825,2.63436075076262e-08,"GRCh38-STAMBP","STAMBP","10"
3.90671045218442e-13,0.500622835768173,0.647,0.679,2.82462979113838e-08,"GRCh38-PLXNA1","PLXNA1","10"
3.98630641711902e-13,0.326266946875783,0.7,0.754,2.88217926570539e-08,"GRCh38-RPRD1A","RPRD1A","10"
4.11384870465237e-13,0.48103774029296,0.672,0.728,2.97439489043776e-08,"GRCh38-MED15","MED15","10"
4.1819770801349e-13,0.304761208379845,0.569,0.565,3.02365306847913e-08,"GRCh38-KLHL8","KLHL8","10"
4.31144070561559e-13,0.331981775645004,0.658,0.688,3.11725785897418e-08,"GRCh38-RAB11FIP2","RAB11FIP2","10"
4.43214185477634e-13,0.270496766546633,0.463,0.439,3.20452720384039e-08,"GRCh38-ABHD16A","ABHD16A","10"
4.69555918305332e-13,0.297719294840504,0.582,0.577,3.39498320053121e-08,"GRCh38-DDX31","DDX31","10"
4.98682154075183e-13,0.431948959579343,0.712,0.753,3.60557171039438e-08,"GRCh38-STK17B","STK17B","10"
5.14114318541779e-13,0.345848991498442,0.578,0.58,3.71714934592077e-08,"GRCh38-WARS2","WARS2","10"
5.21872726307312e-13,0.275220421953414,0.536,0.526,3.77324418574713e-08,"GRCh38-XPNPEP1","XPNPEP1","10"
5.30281993349994e-13,0.37231045489732,0.655,0.675,3.83404486831913e-08,"GRCh38-HS2ST1","HS2ST1","10"
5.32133336171975e-13,0.43403803767889,0.864,0.962,3.84743044719061e-08,"GRCh38-PCBP2","PCBP2","10"
5.45102112247553e-13,0.273466935465998,0.552,0.537,3.94119729197226e-08,"GRCh38-CCDC112","CCDC112","10"
5.53897759016434e-13,0.414568512550131,0.886,0.986,4.00479157724062e-08,"GRCh38-PDIA3","PDIA3","10"
5.6463236678917e-13,0.298094594603729,0.649,0.652,4.08240493835906e-08,"GRCh38-DDHD2","DDHD2","10"
5.66032060789614e-13,0.412577527499397,0.727,0.806,4.09252500592107e-08,"GRCh38-ADAM10","ADAM10","10"
5.69883886804351e-13,0.448844980242344,0.782,0.844,4.12037447837282e-08,"GRCh38-VAMP3","VAMP3","10"
5.70282090022137e-13,0.558495717014169,0.874,0.98,4.12325356727805e-08,"GRCh38-RCN1","RCN1","10"
6.01461996177271e-13,0.994348953318969,0.927,0.971,4.3486905247609e-08,"GRCh38-IFI27","IFI27","10"
6.08104176092087e-13,0.294012718027435,0.209,0.162,4.39671481398101e-08,"GRCh38-CDH18","CDH18","10"
6.51084426196287e-13,0.423022934234959,0.645,0.654,4.7074706182844e-08,"GRCh38-ACOT9","ACOT9","10"
6.51306341831683e-13,0.352020821847569,0.531,0.525,4.70907511271143e-08,"GRCh38-TRMT1","TRMT1","10"
6.56916513328121e-13,0.541641566000039,0.908,0.975,4.74963777466498e-08,"GRCh38-ARPC3","ARPC3","10"
6.5747553312467e-13,0.272160125449135,0.462,0.434,4.75367959959799e-08,"GRCh38-EARS2","EARS2","10"
6.720136093186e-13,0.346405999487012,0.58,0.588,4.85879279809534e-08,"GRCh38-TMEM161B","TMEM161B","10"
6.76895738343109e-13,0.301352445305584,0.588,0.601,4.89409156736835e-08,"GRCh38-ZNF830","ZNF830","10"
6.86981578442258e-13,0.430039592484164,0.681,0.713,4.96701420845321e-08,"GRCh38-CDC26","CDC26","10"
6.9044649833398e-13,0.261854307342917,0.4,0.358,4.99206627225434e-08,"GRCh38-NFKBIE","NFKBIE","10"
7.04590253355376e-13,0.373322824097802,0.619,0.632,5.09432844981004e-08,"GRCh38-PACRGL","PACRGL","10"
7.17611843882147e-13,0.422668146338154,0.815,0.901,5.1884771536367e-08,"GRCh38-DNPH1","DNPH1","10"
8.0808023458749e-13,0.374198903209546,0.712,0.789,5.84258171211447e-08,"GRCh38-RBM33","RBM33","10"
8.40205138564757e-13,0.307789673034456,0.479,0.44,6.07485119285091e-08,"GRCh38-HERC6","HERC6","10"
9.12958425279377e-13,0.541003769313018,0.727,0.81,6.60087200645495e-08,"GRCh38-ADGRE5","ADGRE5","10"
9.14949939571445e-13,0.330608283415764,0.647,0.671,6.61527105308946e-08,"GRCh38-FASTKD2","FASTKD2","10"
9.60117773788889e-13,0.276194245237174,0.353,0.313,6.94184352804842e-08,"GRCh38-FILIP1L","FILIP1L","10"
9.61852542340251e-13,0.611804614610358,0.773,0.879,6.95438625162848e-08,"GRCh38-RUNX1","RUNX1","10"
9.71824302684713e-13,0.269649039627189,0.588,0.589,7.02648407327102e-08,"GRCh38-SVIL-AS1","SVIL-AS1","10"
9.79068716239417e-13,0.335587176422687,0.704,0.745,7.07886263215423e-08,"GRCh38-RC3H2","RC3H2","10"
9.88769279155368e-13,0.291556412253909,0.398,0.369,7.14899964214914e-08,"GRCh38-MANEAL","MANEAL","10"
1.00871707108781e-12,0.431547063305768,0.524,0.525,7.29322616737905e-08,"GRCh38-CENPV","CENPV","10"
1.05457652796376e-12,0.522354841926421,0.769,0.907,7.62479921248355e-08,"GRCh38-AHI1","AHI1","10"
1.07952650409869e-12,0.505267533438324,0.674,0.707,7.80519252993436e-08,"GRCh38-FCHSD2","FCHSD2","10"
1.12713342235698e-12,0.432405449810549,0.752,0.826,8.1494000703254e-08,"GRCh38-RNF114","RNF114","10"
1.14363212867423e-12,0.413590423054533,0.816,0.911,8.26868901674044e-08,"GRCh38-VCL","VCL","10"
1.16982692396986e-12,0.322398264157033,0.711,0.738,8.45808262568689e-08,"GRCh38-CFL2","CFL2","10"
1.20951234823871e-12,0.818312170849762,0.788,0.832,8.74501618023553e-08,"GRCh38-RHOB","RHOB","10"
1.23913085218007e-12,0.445795039181394,0.689,0.756,8.95916388743236e-08,"GRCh38-TMEM9","TMEM9","10"
1.24361148880918e-12,0.44952354213837,0.793,0.912,8.99155978638813e-08,"GRCh38-PUM2","PUM2","10"
1.30733792541393e-12,0.325033158780984,0.567,0.566,9.45231466832778e-08,"GRCh38-DPF2","DPF2","10"
1.31917958239082e-12,0.351056675202446,0.589,0.598,9.53793221660213e-08,"GRCh38-KIAA1191","KIAA1191","10"
1.34870219629587e-12,0.520348333002417,0.698,0.783,9.75138661965838e-08,"GRCh38-CLSTN1","CLSTN1","10"
1.38731654908372e-12,0.313511081234435,0.506,0.484,1.00305761131851e-07,"GRCh38-PRRG1","PRRG1","10"
1.39265092407631e-12,0.566666997148299,0.713,0.783,1.00691447112565e-07,"GRCh38-MDN1","MDN1","10"
1.39995355573325e-12,0.380938959547207,0.831,0.963,1.01219441986625e-07,"GRCh38-THOC2","THOC2","10"
1.46690977552094e-12,0.473064401355863,0.643,0.682,1.06060510589715e-07,"GRCh38-ZNRF1","ZNRF1","10"
1.49565378096132e-12,0.495402112245545,0.755,0.873,1.08138759671065e-07,"GRCh38-ZFC3H1","ZFC3H1","10"
1.53346179397061e-12,0.345647457404525,0.71,0.766,1.10872354627663e-07,"GRCh38-MITD1","MITD1","10"
1.57439933948518e-12,0.542462644178844,0.7,0.77,1.13832221043457e-07,"GRCh38-MAGEA12","MAGEA12","10"
1.64620751909413e-12,0.377609633916206,0.746,0.826,1.19024096045544e-07,"GRCh38-THOC1","THOC1","10"
1.75340704230185e-12,0.509929874718138,0.852,0.949,1.26774835972508e-07,"GRCh38-RTF2","RTF2","10"
1.81883852997033e-12,0.41576002191129,0.747,0.821,1.31505663393915e-07,"GRCh38-DOCK7","DOCK7","10"
1.8649241337264e-12,0.324481603589782,0.738,0.823,1.34837744716686e-07,"GRCh38-POR","POR","10"
1.88135240230508e-12,0.474000119861283,0.871,0.959,1.36025541391462e-07,"GRCh38-SF3B6","SF3B6","10"
1.91751001384678e-12,0.421122065670982,0.731,0.803,1.3863980902115e-07,"GRCh38-SEC24D","SEC24D","10"
2.01077485714138e-12,0.390236232161298,0.651,0.671,1.45383043721036e-07,"GRCh38-DNAJC11","DNAJC11","10"
2.01794671964214e-12,0.512932791631937,0.688,0.757,1.45901583723566e-07,"GRCh38-USP36","USP36","10"
2.03074431350091e-12,0.47757015973289,0.691,0.735,1.46826875354743e-07,"GRCh38-NARF","NARF","10"
2.13975777980294e-12,0.267761970536209,0.592,0.59,1.54708766995312e-07,"GRCh38-TRIP10","TRIP10","10"
2.14995767532712e-12,0.394451178235985,0.614,0.632,1.55446239841502e-07,"GRCh38-ORAI1","ORAI1","10"
2.18166745500532e-12,0.372711759001088,0.679,0.733,1.57738920331794e-07,"GRCh38-CINP","CINP","10"
2.23294487805056e-12,0.467359393197115,0.596,0.616,1.61446380572811e-07,"GRCh38-FAM135A","FAM135A","10"
2.24697246584148e-12,0.457060091199931,0.876,0.957,1.62460603225271e-07,"GRCh38-SERP1","SERP1","10"
2.41650375023979e-12,0.474464888721198,0.615,0.634,1.74718054149837e-07,"GRCh38-NARS2","NARS2","10"
2.47859084009189e-12,0.486336464260692,0.784,0.873,1.79207074920324e-07,"GRCh38-NDFIP1","NDFIP1","10"
2.48416719884593e-12,0.443229837557017,0.737,0.818,1.79610256810959e-07,"GRCh38-TRIM33","TRIM33","10"
2.54256972340241e-12,0.35553042030424,0.318,0.277,1.83832876141441e-07,"GRCh38-MOB3B","MOB3B","10"
3.12503061167478e-12,0.415834562611113,0.834,0.923,2.2594596328531e-07,"GRCh38-ACAT1","ACAT1","10"
3.44166728766252e-12,0.417003796055705,0.757,0.829,2.48839428232576e-07,"GRCh38-ZNF622","ZNF622","10"
3.49313962339539e-12,0.741656627995444,0.536,0.516,2.52560981050733e-07,"GRCh38-NCKAP5","NCKAP5","10"
3.73428544852733e-12,0.3752169286391,0.847,0.957,2.69996306499423e-07,"GRCh38-ANAPC16","ANAPC16","10"
3.7401607854487e-12,0.306247519219403,0.579,0.591,2.70421105109512e-07,"GRCh38-MTRF1","MTRF1","10"
3.85291709285934e-12,0.397591669657179,0.817,0.912,2.78573611647916e-07,"GRCh38-TUBGCP2","TUBGCP2","10"
3.85312923309235e-12,0.404415424874049,0.756,0.851,2.78588949811043e-07,"GRCh38-WDR33","WDR33","10"
3.86661945585351e-12,0.359592364629441,0.653,0.688,2.7956431989712e-07,"GRCh38-ATXN7","ATXN7","10"
3.91414528606942e-12,0.586685089729071,0.871,0.954,2.83000532473391e-07,"GRCh38-MICOS13","MICOS13","10"
3.92583430669886e-12,0.484509215345416,0.763,0.868,2.83845672042941e-07,"GRCh38-SLC39A1","SLC39A1","10"
3.95891455167888e-12,0.278446875865704,0.603,0.611,2.86237439915486e-07,"GRCh38-EPS15L1","EPS15L1","10"
4.08239201480073e-12,0.447116710884857,0.388,0.35,2.95165107454122e-07,"GRCh38-ENSG00000289526","ENSG00000289526","10"
4.08509718008242e-12,0.440292194199229,0.712,0.754,2.95360696314319e-07,"GRCh38-ABHD17A","ABHD17A","10"
4.14717844747129e-12,0.397944313579429,0.715,0.79,2.99849296109069e-07,"GRCh38-ATAD1","ATAD1","10"
4.23665723622246e-12,0.318595925006877,0.559,0.556,3.06318791493356e-07,"GRCh38-NADSYN1","NADSYN1","10"
4.49906581656444e-12,0.347445207792123,0.607,0.64,3.25291456669242e-07,"GRCh38-OGFOD3","OGFOD3","10"
4.88991121351395e-12,0.388678403202224,0.54,0.53,3.53550360559486e-07,"GRCh38-PRKD2","PRKD2","10"
4.97161550544292e-12,0.297734515563454,0.614,0.621,3.59457744274534e-07,"GRCh38-PYM1","PYM1","10"
5.06126921676471e-12,0.392450886960258,0.691,0.739,3.65939886910522e-07,"GRCh38-BECN1","BECN1","10"
5.1707425470887e-12,0.511065796073712,0.656,0.694,3.73855027639607e-07,"GRCh38-BCAR1","BCAR1","10"
5.67750414187071e-12,0.401854166859402,0.756,0.835,4.10494904465536e-07,"GRCh38-SNTB2","SNTB2","10"
5.74582143235238e-12,0.443002499092111,0.833,0.951,4.15434381201942e-07,"GRCh38-MGST3","MGST3","10"
5.76687759126348e-12,0.386074574087693,0.751,0.831,4.16956783603532e-07,"GRCh38-TRIOBP","TRIOBP","10"
6.36732132766303e-12,0.481725653499252,0.63,0.657,4.60370066632692e-07,"GRCh38-LDLRAD3","LDLRAD3","10"
6.42251762800933e-12,0.325814978499054,0.623,0.646,4.64360869540331e-07,"GRCh38-TCTN3","TCTN3","10"
6.54375133868758e-12,0.275091701496189,0.531,0.52,4.73126309289789e-07,"GRCh38-ZNG1B","ZNG1B","10"
6.57954895572307e-12,0.255021695653467,0.461,0.439,4.7571454859669e-07,"GRCh38-SPEN-AS1","SPEN-AS1","10"
7.00022969622112e-12,0.302452147047239,0.778,0.936,5.06130607496179e-07,"GRCh38-GMDS","GMDS","10"
7.04568551442844e-12,0.281449256062009,0.598,0.617,5.09417154064205e-07,"GRCh38-CASP6","CASP6","10"
7.58154385485097e-12,0.424290895950628,0.987,0.993,5.48160783793435e-07,"GRCh38-RPS28","RPS28","10"
7.75083612188522e-12,0.557695187686271,0.764,0.865,5.60400953284545e-07,"GRCh38-SLMAP","SLMAP","10"
8.40288441210924e-12,0.451643318952791,0.511,0.5,6.07545348764322e-07,"GRCh38-AMIGO2","AMIGO2","10"
8.57308733377178e-12,0.303012527826403,0.586,0.584,6.19851360406367e-07,"GRCh38-ATE1","ATE1","10"
8.63789129369364e-12,0.451557421241739,0.85,0.97,6.24536816316637e-07,"GRCh38-GOLGA4","GOLGA4","10"
8.64622014068791e-12,0.254176794748211,0.541,0.534,6.25139008612017e-07,"GRCh38-PEX13","PEX13","10"
8.87803424525965e-12,0.46719053040278,0.754,0.848,6.41899632000764e-07,"GRCh38-SSBP4","SSBP4","10"
8.917587859141e-12,0.652539996851547,0.704,0.815,6.44759437391613e-07,"GRCh38-LINC01194","LINC01194","10"
9.42967298465493e-12,0.258459057402551,0.513,0.49,6.8178421613652e-07,"GRCh38-RFFL","RFFL","10"
9.43604394744638e-12,0.308318227721261,0.61,0.627,6.82244849488268e-07,"GRCh38-TRAPPC8","TRAPPC8","10"
9.9595548629909e-12,0.724634996397248,0.816,0.911,7.20095735703968e-07,"GRCh38-NAV1","NAV1","10"
1.00015257916264e-11,0.291456795982719,0.556,0.554,7.23130317786174e-07,"GRCh38-PTPDC1","PTPDC1","10"
1.04919194009728e-11,0.429264235457231,0.85,0.956,7.58586756529134e-07,"GRCh38-TRAM1","TRAM1","10"
1.04926430207218e-11,0.47906073158303,0.647,0.707,7.58639075684229e-07,"GRCh38-MAST2","MAST2","10"
1.07465447607516e-11,0.266968529629073,0.401,0.353,7.76996679291861e-07,"GRCh38-NEXN","NEXN","10"
1.08443406219507e-11,0.31972775380103,0.616,0.627,7.84067515648278e-07,"GRCh38-CCDC186","CCDC186","10"
1.08511067912076e-11,0.381230858462407,0.521,0.524,7.84556723217894e-07,"GRCh38-AGRN","AGRN","10"
1.10627598055717e-11,0.339933025162699,0.65,0.694,7.99859659462448e-07,"GRCh38-ING5","ING5","10"
1.14584971357419e-11,0.342473267063685,0.618,0.646,8.28472259908408e-07,"GRCh38-NAGK","NAGK","10"
1.16105226039552e-11,0.381530256352403,0.991,0.993,8.39464005311166e-07,"GRCh38-RPS27A","RPS27A","10"
1.16905019601973e-11,0.521470810140733,0.698,0.777,8.45246672726185e-07,"GRCh38-MFSD12","MFSD12","10"
1.19938564566139e-11,0.391922376861382,0.623,0.648,8.671798095261e-07,"GRCh38-CYLD","CYLD","10"
1.22620112363857e-11,0.469277064450153,0.616,0.632,8.86567936413159e-07,"GRCh38-CYTH1","CYTH1","10"
1.2410916617297e-11,0.319634783040131,0.403,0.371,8.97334093263811e-07,"GRCh38-RSL1D1-DT","RSL1D1-DT","10"
1.26222202302228e-11,0.33724835887934,0.633,0.651,9.12611767085572e-07,"GRCh38-SC5D","SC5D","10"
1.29370542303374e-11,0.362970311360853,0.758,0.831,9.35374894961856e-07,"GRCh38-TAF11","TAF11","10"
1.34272806075375e-11,0.454329996168658,0.768,0.839,9.70819242486175e-07,"GRCh38-MPRIP","MPRIP","10"
1.35256264000226e-11,0.756104306905734,0.579,0.592,9.77929839974437e-07,"GRCh38-KAZN","KAZN","10"
1.45831408636151e-11,0.461124840078503,0.987,0.991,1.0543902507211e-06,"GRCh38-RPS10","RPS10","10"
1.56893763322555e-11,0.440237489587159,0.688,0.743,1.13437328757473e-06,"GRCh38-UBAP1","UBAP1","10"
1.59455388543086e-11,0.300474568034669,0.211,0.169,1.15289435024422e-06,"GRCh38-DNAH6","DNAH6","10"
1.66874536051257e-11,0.420245753655832,0.448,0.423,1.2065362705578e-06,"GRCh38-ARHGAP22","ARHGAP22","10"
1.69421443359562e-11,0.396683036617761,0.707,0.747,1.2249509197783e-06,"GRCh38-RFK","RFK","10"
1.70089333646951e-11,0.342867675526452,0.747,0.833,1.22977990013418e-06,"GRCh38-WIPI2","WIPI2","10"
1.76385399849493e-11,0.31562924808247,0.679,0.739,1.2753017179918e-06,"GRCh38-BRD1","BRD1","10"
1.77873274057772e-11,0.656882617415616,0.733,0.788,1.28605934609251e-06,"GRCh38-ZFP36L2","ZFP36L2","10"
1.85054003803606e-11,0.31704184627771,0.581,0.579,1.33797745830083e-06,"GRCh38-TMEM87B","TMEM87B","10"
1.90692352443035e-11,0.334613444703322,0.518,0.516,1.37874384663363e-06,"GRCh38-SYDE1","SYDE1","10"
1.92603028916616e-11,0.313869406910977,0.507,0.496,1.39255841967292e-06,"GRCh38-TMEM167B","TMEM167B","10"
1.98392389741123e-11,0.295533166648312,0.656,0.684,1.43441665630627e-06,"GRCh38-DPP8","DPP8","10"
1.99199347626206e-11,0.296091320172246,0.539,0.534,1.44025112320699e-06,"GRCh38-MKNK1","MKNK1","10"
2.00398298743926e-11,0.30226983749684,0.528,0.513,1.44891977957833e-06,"GRCh38-ARAF","ARAF","10"
2.00828834168041e-11,0.495111395173438,0.837,0.924,1.45203263680177e-06,"GRCh38-NORAD","NORAD","10"
2.05985115205044e-11,0.523208718758042,0.893,0.969,1.48931357995551e-06,"GRCh38-SNX3","SNX3","10"
2.09158728012639e-11,0.393835898815966,0.655,0.677,1.51225943527698e-06,"GRCh38-NKIRAS2","NKIRAS2","10"
2.10291479190836e-11,0.317705137386056,0.539,0.538,1.52044945284558e-06,"GRCh38-PI4K2A","PI4K2A","10"
2.10474546761198e-11,0.266217529415366,0.453,0.43,1.52177306799281e-06,"GRCh38-FBXW9","FBXW9","10"
2.21634746963425e-11,0.357860638542069,0.892,0.971,1.60246354749496e-06,"GRCh38-NDUFA1","NDUFA1","10"
2.44706029007742e-11,0.258273887792747,0.485,0.468,1.76927353093178e-06,"GRCh38-ZFYVE27","ZFYVE27","10"
2.44993430272188e-11,0.342358764075282,0.575,0.572,1.77135149955397e-06,"GRCh38-ZNF281","ZNF281","10"
2.4685658173521e-11,0.317666189768423,0.605,0.635,1.78482245726192e-06,"GRCh38-MPP1","MPP1","10"
2.58702725598771e-11,0.437017953444024,0.585,0.602,1.87047244662424e-06,"GRCh38-TNFAIP1","TNFAIP1","10"
2.63867507140308e-11,0.458799372597264,0.679,0.721,1.90781485012586e-06,"GRCh38-ATP6V1H","ATP6V1H","10"
2.67315825003373e-11,0.414438810821998,0.704,0.777,1.93274687793939e-06,"GRCh38-ZFYVE16","ZFYVE16","10"
2.71554636625236e-11,0.658083442153208,0.741,0.834,1.96339433372778e-06,"GRCh38-VPS25","VPS25","10"
2.74709411189381e-11,0.369649258645256,0.711,0.778,1.98620398478146e-06,"GRCh38-IFT74","IFT74","10"
2.78729231780509e-11,0.467800806335257,0.749,0.824,2.01526809161944e-06,"GRCh38-MRPL24","MRPL24","10"
2.80291496819275e-11,0.27215937459539,0.63,0.655,2.02656358030272e-06,"GRCh38-RETREG2","RETREG2","10"
2.80318122614963e-11,0.317221063645291,0.509,0.5,2.02675609013071e-06,"GRCh38-CKMT2-AS1","CKMT2-AS1","10"
2.84990906814832e-11,0.308805147514451,0.584,0.588,2.0605412544526e-06,"GRCh38-RCL1","RCL1","10"
2.85921923309398e-11,0.309191362739194,0.626,0.674,2.06727268991161e-06,"GRCh38-KMT2B","KMT2B","10"
3.06021198698561e-11,0.46969401360051,0.788,0.848,2.21259447083033e-06,"GRCh38-NMD3","NMD3","10"
3.09509531574697e-11,0.639853302397811,0.691,0.773,2.23781581519138e-06,"GRCh38-TNFRSF10B","TNFRSF10B","10"
3.27227386230204e-11,0.3784974782364,0.756,0.834,2.36591944792162e-06,"GRCh38-MTX2","MTX2","10"
3.28288244800232e-11,0.380483719106794,0.799,0.883,2.37358966755464e-06,"GRCh38-ADD1","ADD1","10"
3.30661986791884e-11,0.298132873168047,0.728,0.817,2.39075229690268e-06,"GRCh38-RSBN1L","RSBN1L","10"
3.39817520615927e-11,0.461066460260816,0.849,0.94,2.45694863755728e-06,"GRCh38-RAB1A","RAB1A","10"
3.45646668662167e-11,0.303461958915748,0.655,0.693,2.4990945437612e-06,"GRCh38-R3HCC1L","R3HCC1L","10"
3.46450786608986e-11,0.46538755218541,0.628,0.669,2.50490847734029e-06,"GRCh38-SMOC1","SMOC1","10"
3.66856912675694e-11,0.622849634780117,0.686,0.765,2.6524488500278e-06,"GRCh38-DGKH","DGKH","10"
3.68579954342111e-11,0.431387530939173,0.731,0.788,2.66490678588433e-06,"GRCh38-ILRUN","ILRUN","10"
3.7158437259188e-11,0.309640056705499,0.546,0.55,2.68662933071381e-06,"GRCh38-YJU2","YJU2","10"
3.86408199077576e-11,0.296639732335733,0.306,0.272,2.79380856097069e-06,"GRCh38-SEMA3F","SEMA3F","10"
3.87204574202332e-11,0.31850693912083,0.535,0.515,2.7995665123977e-06,"GRCh38-NECTIN3-AS1","NECTIN3-AS1","10"
3.97243958957985e-11,0.292064954975929,0.591,0.596,2.87215327205802e-06,"GRCh38-BET1L","BET1L","10"
3.97773583981437e-11,0.457210112626159,0.766,0.885,2.87598256690258e-06,"GRCh38-TMEM87A","TMEM87A","10"
4.05161653321421e-11,0.279386965747541,0.602,0.607,2.92939978584454e-06,"GRCh38-METTL6","METTL6","10"
4.23552392761240e-11,0.538383556055195,0.604,0.628,3.06236851014232e-06,"GRCh38-NLK","NLK","10"
4.28031005757272e-11,0.435578814883492,0.685,0.747,3.09474977782623e-06,"GRCh38-CERT1","CERT1","10"
4.42875341074169e-11,0.427419403486511,0.991,0.993,3.20207729103446e-06,"GRCh38-RPS16","RPS16","10"
4.5059410760148e-11,0.52403139085024,0.787,0.896,3.25788551678022e-06,"GRCh38-CELF1","CELF1","10"
4.6627050922663e-11,0.385458312594644,0.811,0.873,3.37122903581038e-06,"GRCh38-C4orf3","C4orf3","10"
4.94550145780418e-11,0.358484820057399,0.566,0.573,3.57569646402158e-06,"GRCh38-TOLLIP","TOLLIP","10"
5.02150301602297e-11,0.431114684009467,0.759,0.819,3.63064711064493e-06,"GRCh38-ARHGEF12","ARHGEF12","10"
5.04730797879435e-11,0.317532723289035,0.528,0.514,3.64930461482789e-06,"GRCh38-ZNF124","ZNF124","10"
5.1004007339679e-11,0.483566059291101,0.706,0.791,3.68769173867347e-06,"GRCh38-CEP164","CEP164","10"
5.29626563952678e-11,0.265277537199966,0.597,0.614,3.82930598269065e-06,"GRCh38-DNAJC17","DNAJC17","10"
5.6340055794719e-11,0.444308691893919,0.66,0.701,4.07349871406977e-06,"GRCh38-POLR1C","POLR1C","10"
5.69301748741586e-11,0.35059942738212,0.809,0.948,4.11616550375141e-06,"GRCh38-ERP29","ERP29","10"
5.7899437617351e-11,0.489503793264537,0.781,0.883,4.18624513860971e-06,"GRCh38-HLTF","HLTF","10"
5.92420453880564e-11,0.317860344637096,0.585,0.602,4.28331836564726e-06,"GRCh38-SMUG1","SMUG1","10"
5.95866610714098e-11,0.351108097219815,0.589,0.589,4.30823476878507e-06,"GRCh38-CARMIL1","CARMIL1","10"
6.12127991236524e-11,0.629262662125954,0.981,0.989,4.42580780223831e-06,"GRCh38-EIF4A1","EIF4A1","10"
6.20168375164149e-11,0.440392523328863,0.742,0.828,4.48394138611183e-06,"GRCh38-MACROD1","MACROD1","10"
6.34988935994053e-11,0.409777280900784,0.372,0.34,4.5910970050242e-06,"GRCh38-CADPS2","CADPS2","10"
6.45090892622765e-11,0.395389708111562,0.792,0.873,4.66413617184112e-06,"GRCh38-DAZAP2","DAZAP2","10"
7.05200712974706e-11,0.465650229151178,0.602,0.631,5.09874219494972e-06,"GRCh38-MSMO1","MSMO1","10"
7.11601393111168e-11,0.286628320616465,0.554,0.543,5.14502039247236e-06,"GRCh38-SANBR","SANBR","10"
7.26774560297832e-11,0.340947660496432,0.626,0.627,5.25472542586538e-06,"GRCh38-TENT5A","TENT5A","10"
7.43876038243735e-11,0.470620265497113,0.748,0.836,5.37837253170985e-06,"GRCh38-AKR7A2","AKR7A2","10"
7.66685169380195e-11,0.468044844540156,0.693,0.761,5.54328711165269e-06,"GRCh38-LEPROTL1","LEPROTL1","10"
7.91859729583537e-11,0.456134139423237,0.692,0.762,5.72530421683489e-06,"GRCh38-RASA2","RASA2","10"
8.45145666863066e-11,0.382743790232534,0.741,0.831,6.11057220055334e-06,"GRCh38-RAB3GAP1","RAB3GAP1","10"
8.52210174196595e-11,0.554910309071129,0.901,0.97,6.16165000147622e-06,"GRCh38-NDUFV2","NDUFV2","10"
8.64278659752359e-11,0.299242419836365,0.59,0.597,6.2489075657415e-06,"GRCh38-TOP1MT","TOP1MT","10"
8.74706829516622e-11,0.374057090002095,0.744,0.824,6.32430531877108e-06,"GRCh38-TBRG1","TBRG1","10"
8.76312884678816e-11,0.345680271276702,0.419,0.399,6.33591741880477e-06,"GRCh38-ANKRD42-DT","ANKRD42-DT","10"
8.99205640680074e-11,0.35716254226412,0.574,0.576,6.50143662324507e-06,"GRCh38-SNX25","SNX25","10"
9.17931178695037e-11,0.380735908958823,0.731,0.786,6.63682600820086e-06,"GRCh38-C5orf24","C5orf24","10"
9.29212521322282e-11,0.486855970550383,0.846,0.943,6.71839237166436e-06,"GRCh38-RAB34","RAB34","10"
9.83910291967261e-11,0.448548829270383,0.833,0.956,7.11386819298169e-06,"GRCh38-LAMP1","LAMP1","10"
9.87204347182297e-11,0.470960943668776,0.729,0.798,7.13768487099744e-06,"GRCh38-ITPRIPL2","ITPRIPL2","10"
1.01576599454455e-10,0.562387657511221,0.828,0.911,7.34419129375599e-06,"GRCh38-ARHGAP18","ARHGAP18","10"
1.08004124745115e-10,0.388512240619463,0.992,0.993,7.80891422732129e-06,"GRCh38-RPS19","RPS19","10"
1.12401026598798e-10,0.333181944812048,0.689,0.747,8.12681902514632e-06,"GRCh38-ATF2","ATF2","10"
1.14628753876503e-10,0.358294528270454,0.729,0.787,8.28788816277889e-06,"GRCh38-TWF2","TWF2","10"
1.15145563811712e-10,0.451029088248283,0.801,0.889,8.3252545547144e-06,"GRCh38-TSG101","TSG101","10"
1.15291390993363e-10,0.443178262713712,0.788,0.891,8.33579815160216e-06,"GRCh38-TSPAN3","TSPAN3","10"
1.15688159213968e-10,0.50730653335707,0.826,0.92,8.36448528748829e-06,"GRCh38-TRAPPC1","TRAPPC1","10"
1.17476748108243e-10,0.652794582410703,0.832,0.907,8.49380384172219e-06,"GRCh38-MCL1","MCL1","10"
1.22469572264884e-10,0.466660446610278,0.926,0.977,8.85479501389563e-06,"GRCh38-TSPO","TSPO","10"
1.23049138173622e-10,0.380673730078569,0.756,0.841,8.89669878822922e-06,"GRCh38-HIBADH","HIBADH","10"
1.2921682488049e-10,0.576305177322415,0.678,0.765,9.34263487250916e-06,"GRCh38-WDPCP","WDPCP","10"
1.30068071574849e-10,0.363024362048004,0.738,0.781,9.40418171100476e-06,"GRCh38-USP24","USP24","10"
1.3015058789987e-10,0.377820889375727,0.666,0.707,9.41014780633642e-06,"GRCh38-POLR3D","POLR3D","10"
1.31371495112787e-10,0.257080740257039,0.563,0.569,9.49842183964472e-06,"GRCh38-PTPN18","PTPN18","10"
1.31658717069444e-10,0.365423534317169,0.641,0.687,9.51918856155491e-06,"GRCh38-NSUN6","NSUN6","10"
1.32031084790681e-10,0.439035150824875,0.689,0.765,9.54611149253583e-06,"GRCh38-MACO1","MACO1","10"
1.32923481246403e-10,0.298540974809566,0.429,0.4,9.61063354107746e-06,"GRCh38-C6orf141","C6orf141","10"
1.33322283692363e-10,0.271134954012316,0.597,0.602,9.63946775552525e-06,"GRCh38-AVPI1","AVPI1","10"
1.34554557096836e-10,0.261922660312532,0.265,0.224,9.72856358721543e-06,"GRCh38-ENSG00000273132","ENSG00000273132","10"
1.35872141700478e-10,0.292062297922349,0.596,0.612,9.823827589228e-06,"GRCh38-PCGF3","PCGF3","10"
1.41739048786861e-10,0.407569912221607,0.641,0.674,1.02480167053876e-05,"GRCh38-SNHG9","SNHG9","10"
1.50720310524756e-10,0.353893567616967,0.14,0.107,1.08973798915609e-05,"GRCh38-RARRES2","RARRES2","10"
1.51477962340923e-10,0.307973369337424,0.585,0.567,1.09521596331734e-05,"GRCh38-RCAN3","RCAN3","10"
1.55217749642408e-10,0.314752752665918,0.661,0.691,1.12225537346454e-05,"GRCh38-USP25","USP25","10"
1.56849272475161e-10,0.456274799469633,0.78,0.892,1.13405160984991e-05,"GRCh38-PRPF38B","PRPF38B","10"
1.58456121544102e-10,0.257913763232184,0.223,0.183,1.14566944998817e-05,"GRCh38-NOTCH3","NOTCH3","10"
1.61722499890099e-10,0.394681199169344,0.626,0.658,1.16928601870539e-05,"GRCh38-MBTPS2","MBTPS2","10"
1.62208952925704e-10,0.257347827244781,0.424,0.401,1.17280317144342e-05,"GRCh38-SH3TC1","SH3TC1","10"
1.67674486197796e-10,0.316289369136431,0.729,0.798,1.2123200701073e-05,"GRCh38-PTCD3","PTCD3","10"
1.72541134008835e-10,0.510268386944553,0.405,0.375,1.24750690711068e-05,"GRCh38-LYPLAL1-DT","LYPLAL1-DT","10"
1.76797597054783e-10,0.34477585591638,0.663,0.711,1.27828198622549e-05,"GRCh38-GGPS1","GGPS1","10"
1.77448708874907e-10,0.292399785297558,0.988,0.994,1.28298965490736e-05,"GRCh38-RPL3","RPL3","10"
1.84282096877494e-10,0.356274130299554,0.839,0.929,1.33239641684366e-05,"GRCh38-DCTN2","DCTN2","10"
1.85974972586341e-10,0.293378001806318,0.137,0.101,1.34463624679376e-05,"GRCh38-EPHA6","EPHA6","10"
1.89050977842075e-10,0.341917716448821,0.687,0.728,1.36687637999377e-05,"GRCh38-EXOC2","EXOC2","10"
1.90526391381602e-10,0.704837888213549,0.822,0.934,1.37754391496726e-05,"GRCh38-CDCP1","CDCP1","10"
1.97576992184034e-10,0.288313530096164,0.741,0.821,1.428521168889e-05,"GRCh38-TMEM106B","TMEM106B","10"
2.05659508091843e-10,0.315892464207197,0.513,0.503,1.48695937540565e-05,"GRCh38-LINC01004","LINC01004","10"
2.15328969554025e-10,0.337573046477938,0.534,0.537,1.55687151566951e-05,"GRCh38-PCBP4","PCBP4","10"
2.15616683830445e-10,0.428989587603156,0.546,0.569,1.55895174743089e-05,"GRCh38-PCSK7","PCSK7","10"
2.18614151561636e-10,-0.252022900554266,0.34,0.399,1.58062403862094e-05,"GRCh38-COL21A1","COL21A1","10"
2.34708965844682e-10,0.428733307741864,0.791,0.885,1.69699276485022e-05,"GRCh38-KNOP1","KNOP1","10"
2.38687671368854e-10,0.716331911657118,0.704,0.786,1.72575960153109e-05,"GRCh38-CREB5","CREB5","10"
2.40557229937207e-10,0.381955298547425,0.82,0.922,1.73927688389199e-05,"GRCh38-MAP3K2","MAP3K2","10"
2.63923520427436e-10,0.342681275621776,0.669,0.722,1.90821983739445e-05,"GRCh38-LMBR1","LMBR1","10"
2.65121125545417e-10,0.434331257282867,0.757,0.842,1.91687876191847e-05,"GRCh38-GOPC","GOPC","10"
2.81152910092761e-10,0.330548248000834,0.546,0.551,2.03279177055268e-05,"GRCh38-ZNG1A","ZNG1A","10"
2.97181094225612e-10,0.505997649055738,0.739,0.84,2.14867874747002e-05,"GRCh38-UVRAG","UVRAG","10"
3.18941058132999e-10,0.363974165899368,0.512,0.513,2.30600763851321e-05,"GRCh38-NUDT16L1","NUDT16L1","10"
3.3967598666464e-10,0.321184767035582,0.748,0.812,2.45592531878268e-05,"GRCh38-STX10","STX10","10"
3.44572394884569e-10,0.398803955897022,0.746,0.822,2.49132732949441e-05,"GRCh38-LARP1B","LARP1B","10"
3.46941479232042e-10,0.562740401650398,0.892,0.965,2.50845628314351e-05,"GRCh38-CSNK2B","CSNK2B","10"
3.56623818308126e-10,0.636617893103487,0.649,0.689,2.57846153113141e-05,"GRCh38-LRRC23","LRRC23","10"
3.63214207805123e-10,0.274647705756138,0.807,0.961,2.6261113652726e-05,"GRCh38-COL5A2","COL5A2","10"
3.6383407446959e-10,0.307023835458232,0.567,0.569,2.63059312523003e-05,"GRCh38-OTUD7B","OTUD7B","10"
4.02636490285877e-10,0.42346997960186,0.602,0.631,2.91114235206495e-05,"GRCh38-C1orf159","C1orf159","10"
4.15781159115322e-10,0.443493117373231,0.721,0.797,3.0061809366356e-05,"GRCh38-SCAF8","SCAF8","10"
4.16419013778029e-10,0.340132198400629,0.666,0.707,3.01079275341791e-05,"GRCh38-CRIPT","CRIPT","10"
4.46082937510332e-10,0.288068598572921,0.771,0.867,3.22526885478721e-05,"GRCh38-ARHGAP35","ARHGAP35","10"
4.59236424754221e-10,0.367805021223413,0.735,0.786,3.32037119825797e-05,"GRCh38-FAM32A","FAM32A","10"
4.93425755214381e-10,0.250733877575749,0.478,0.463,3.56756689535102e-05,"GRCh38-PEX7","PEX7","10"
4.97076566307387e-10,0.305537660240923,0.527,0.536,3.59396298971567e-05,"GRCh38-SCAP","SCAP","10"
5.05667580916513e-10,0.4391066365842,0.764,0.859,3.65607774354257e-05,"GRCh38-FOXJ3","FOXJ3","10"
5.05712814904462e-10,0.345637068424399,0.81,0.89,3.65640479432224e-05,"GRCh38-ACADVL","ACADVL","10"
5.07266627609544e-10,0.356103572526588,0.75,0.817,3.66763917094252e-05,"GRCh38-SNX2","SNX2","10"
5.14541755511704e-10,0.332420505815024,0.473,0.461,3.72023980070072e-05,"GRCh38-FGF2","FGF2","10"
5.46722615173992e-10,0.303073384698976,0.608,0.628,3.952913852231e-05,"GRCh38-DTNBP1","DTNBP1","10"
5.96032267888642e-10,0.480114433588734,0.694,0.803,4.30943250328846e-05,"GRCh38-LINC03009","LINC03009","10"
6.00017482917543e-10,0.466928834991608,0.265,0.225,4.33824640499042e-05,"GRCh38-MEG3","MEG3","10"
6.07342029168529e-10,0.429859716249877,0.421,0.402,4.39120433929429e-05,"GRCh38-PLK3","PLK3","10"
6.26026036898929e-10,0.286615180755882,0.615,0.636,4.52629345198664e-05,"GRCh38-ETAA1","ETAA1","10"
6.27402860562543e-10,0.349406435243638,0.387,0.364,4.5362481624393e-05,"GRCh38-RNF213-AS1","RNF213-AS1","10"
6.35318808467365e-10,0.30304091162617,0.997,0.996,4.59348204898074e-05,"GRCh38-RPS24","RPS24","10"
6.44126444143346e-10,0.256336036938297,0.656,0.672,4.65716301644522e-05,"GRCh38-NMT2","NMT2","10"
6.47382854806568e-10,0.319130575357695,0.535,0.538,4.68070751682245e-05,"GRCh38-SLC27A5","SLC27A5","10"
6.47684541302873e-10,0.52036470863878,0.862,0.949,4.68288877052803e-05,"GRCh38-METTL26","METTL26","10"
6.51561851766625e-10,0.347561374989033,0.629,0.662,4.71092250064305e-05,"GRCh38-SYMPK","SYMPK","10"
6.64640571046062e-10,0.381191132525022,0.868,0.969,4.80548425677724e-05,"GRCh38-BRI3","BRI3","10"
6.68593815134547e-10,0.268367073112345,0.427,0.4,4.8340670021858e-05,"GRCh38-TEX9","TEX9","10"
6.77094116609611e-10,0.266098392887542,0.476,0.453,4.89552588191081e-05,"GRCh38-IQCK","IQCK","10"
6.9362626781994e-10,0.298904810378809,0.564,0.563,5.01505664159173e-05,"GRCh38-BCOR","BCOR","10"
6.93703694186889e-10,0.435058936315595,0.797,0.873,5.01561644971004e-05,"GRCh38-CHMP5","CHMP5","10"
6.94624322204178e-10,0.382602883389586,0.76,0.856,5.02227277440064e-05,"GRCh38-AKR1A1","AKR1A1","10"
6.94673473240708e-10,0.468582482011753,0.761,0.846,5.02262814622497e-05,"GRCh38-BFAR","BFAR","10"
7.30949851767623e-10,0.359116859879504,0.58,0.597,5.28491361825027e-05,"GRCh38-KATNIP","KATNIP","10"
7.4280219831057e-10,0.348809439229478,0.75,0.836,5.37060845422508e-05,"GRCh38-RNF115","RNF115","10"
7.59832226197173e-10,0.339774473720269,0.619,0.658,5.4937389618508e-05,"GRCh38-LNPEP","LNPEP","10"
7.73677418687179e-10,0.527412251634032,0.802,0.93,5.59384247259204e-05,"GRCh38-NSMCE2","NSMCE2","10"
7.78681437959649e-10,0.675428345816703,0.875,0.953,5.63002253273585e-05,"GRCh38-RHOC","RHOC","10"
8.15745956782145e-10,0.772690795789587,0.694,0.733,5.89800641672626e-05,"GRCh38-VEGFC","VEGFC","10"
8.2932833691328e-10,0.34380263461344,0.668,0.712,5.9962097415504e-05,"GRCh38-RALGAPB","RALGAPB","10"
8.35186650567504e-10,0.405945207730456,0.814,0.93,6.03856652093317e-05,"GRCh38-ACAP2","ACAP2","10"
8.39753445541968e-10,0.381611220865522,0.634,0.672,6.07158536195754e-05,"GRCh38-EYA3","EYA3","10"
8.43085802525507e-10,0.370245891267482,0.699,0.769,6.09567896941992e-05,"GRCh38-YTHDC2","YTHDC2","10"
8.77326944985793e-10,0.495134637902932,0.735,0.858,6.34324927763628e-05,"GRCh38-FAM193A","FAM193A","10"
9.0349610203651e-10,0.333841812823671,0.211,0.174,6.53245751694437e-05,"GRCh38-LINC02566","LINC02566","10"
9.08515280702862e-10,0.284318614523519,0.635,0.656,6.56874718253783e-05,"GRCh38-RBM7","RBM7","10"
9.15100901592215e-10,0.402027153143844,0.635,0.684,6.61636253869204e-05,"GRCh38-TTC9C","TTC9C","10"
9.47959809623057e-10,0.763840581939197,0.135,0.102,6.85393901553663e-05,"GRCh38-ENSG00000259560","ENSG00000259560","10"
9.51679265158017e-10,0.35978477228367,0.683,0.739,6.8808314229455e-05,"GRCh38-RNF216P1","RNF216P1","10"
1.02111626923408e-09,0.369118197232073,0.719,0.78,7.38287484981627e-05,"GRCh38-FGFR1OP2","FGFR1OP2","10"
1.0815996864134e-09,0.28655221787559,0.708,0.758,7.82018205270614e-05,"GRCh38-ZNF24","ZNF24","10"
1.09167530346604e-09,0.286819162318371,0.424,0.404,7.89303077912017e-05,"GRCh38-TMEM234","TMEM234","10"
1.10185433365726e-09,0.424447817856441,0.67,0.71,7.96662720320873e-05,"GRCh38-ELP4","ELP4","10"
1.21513110008979e-09,0.260959189669527,0.843,0.975,8.78564087986917e-05,"GRCh38-HLA-E","HLA-E","10"
1.23065860080797e-09,0.390660047357955,0.709,0.779,8.89790781556179e-05,"GRCh38-RNF169","RNF169","10"
1.29114947600225e-09,0.426311377647531,0.238,0.199,9.33526894139146e-05,"GRCh38-DKK1","DKK1","10"
1.34432469464922e-09,0.420733811595445,0.644,0.685,9.71973640725278e-05,"GRCh38-BLZF1","BLZF1","10"
1.4042769993012e-09,0.329517623605479,0.692,0.758,0.000101532035603475,"GRCh38-MED6","MED6","10"
1.517964294889e-09,0.314380156214934,0.7,0.777,0.000109751854449065,"GRCh38-ACTR6","ACTR6","10"
1.53980778801713e-09,0.321210036129892,0.667,0.728,0.000111331182689214,"GRCh38-SCAMP2","SCAMP2","10"
1.5580500425997e-09,0.292346902508389,0.761,0.831,0.000112650134180044,"GRCh38-SPG21","SPG21","10"
1.58655192451695e-09,0.366281464424921,0.863,0.961,0.000114710877246424,"GRCh38-UPF3A","UPF3A","10"
1.62250182706798e-09,0.371842968404326,0.628,0.667,0.000117310127100669,"GRCh38-ZNRF3","ZNRF3","10"
1.65237386394216e-09,0.344714300430728,0.981,0.992,0.000119469935110746,"GRCh38-RPS27","RPS27","10"
1.71934272250721e-09,0.305346492175953,0.525,0.516,0.000124311917522716,"GRCh38-SPICE1","SPICE1","10"
1.81762899233542e-09,0.320961539759298,0.596,0.615,0.000131418211403836,"GRCh38-IL15RA","IL15RA","10"
1.96504194525381e-09,0.457183761311886,0.769,0.847,0.000142076462725741,"GRCh38-SPTSSA","SPTSSA","10"
1.97705596997698e-09,0.464862982289543,0.674,0.725,0.000142945100741276,"GRCh38-STX6","STX6","10"
1.98521909901753e-09,0.360853562900924,0.658,0.728,0.000143535311297165,"GRCh38-FAM234A","FAM234A","10"
1.99743723561822e-09,0.418194903361991,0.77,0.846,0.000144418707009668,"GRCh38-FYTTD1","FYTTD1","10"
2.01943504338454e-09,0.477119769352706,0.453,0.44,0.000146009192506789,"GRCh38-MAFF","MAFF","10"
2.08336709761837e-09,0.379155606710884,0.658,0.713,0.000150631607892003,"GRCh38-ERAP2","ERAP2","10"
2.16942792429626e-09,0.475118951500725,0.779,0.871,0.000156853977782468,"GRCh38-PTPN2","PTPN2","10"
2.18928922241237e-09,0.34902273507532,0.382,0.358,0.000158289989358859,"GRCh38-LINC00513","LINC00513","10"
2.2752033796803e-09,0.342621392007148,0.695,0.742,0.000164501754757645,"GRCh38-NSMAF","NSMAF","10"
2.28112119242718e-09,0.420977884625477,0.719,0.779,0.00016492962445487,"GRCh38-GBP1","GBP1","10"
2.3207009729788e-09,0.606035518084613,0.846,0.941,0.000167791321748313,"GRCh38-GLS","GLS","10"
2.34511599925609e-09,0.638723831232907,0.81,0.899,0.000169556576978213,"GRCh38-SHISA5","SHISA5","10"
2.35642888053009e-09,0.318815953704786,0.553,0.557,0.000170374520920086,"GRCh38-WDR37","WDR37","10"
2.38218777041897e-09,0.344482695972115,0.532,0.537,0.000172236940176832,"GRCh38-ACAD11","ACAD11","10"
2.51205146577141e-09,0.517237962125277,0.915,0.976,0.000181626345078204,"GRCh38-EDF1","EDF1","10"
2.53035248996105e-09,0.282023480584596,0.504,0.498,0.000182949545729164,"GRCh38-ENSG00000290832","ENSG00000290832","10"
2.71161712055422e-09,0.643684052052143,0.738,0.851,0.000196055341050311,"GRCh38-CDKAL1","CDKAL1","10"
2.7932944328491e-09,0.573584473432474,0.884,0.96,0.000201960774083855,"GRCh38-CLNS1A","CLNS1A","10"
2.97008777909902e-09,0.453606349196595,0.838,0.946,0.000214743286604418,"GRCh38-CFDP1","CFDP1","10"
2.99263932210325e-09,0.514583956161728,0.785,0.896,0.000216373808266709,"GRCh38-PPFIA1","PPFIA1","10"
3.0588853273746e-09,0.2954952621641,0.117,0.086,0.000221163526939838,"GRCh38-HBB","HBB","10"
3.11165218014022e-09,0.482697359295825,0.737,0.825,0.000224978675928498,"GRCh38-IGF2R","IGF2R","10"
3.1510530153256e-09,0.430859245501757,0.664,0.724,0.000227827435114072,"GRCh38-MTG2","MTG2","10"
3.1620571077399e-09,0.384297807409463,0.765,0.835,0.00022862305300381,"GRCh38-RAP1A","RAP1A","10"
3.24936707185405e-09,0.298368478024743,0.664,0.699,0.000234935738029191,"GRCh38-REPS1","REPS1","10"
3.32156836431552e-09,0.47933187081174,0.745,0.847,0.00024015603587674,"GRCh38-ATR","ATR","10"
3.48786778992616e-09,0.258187649571394,0.49,0.477,0.000252179816947241,"GRCh38-BRF1","BRF1","10"
3.64967455943038e-09,0.407640496758674,0.675,0.74,0.000263878769995936,"GRCh38-PRDM2","PRDM2","10"
3.80543950391898e-09,0.340846419621346,0.741,0.825,0.00027514088701235,"GRCh38-SNAP29","SNAP29","10"
3.95289868210208e-09,0.427907864203465,0.728,0.866,0.000285802480513345,"GRCh38-IRF1","IRF1","10"
4.00533689207182e-09,0.504814404072321,0.755,0.85,0.000289593867970577,"GRCh38-RLF","RLF","10"
4.22683641745202e-09,0.553870218787758,0.802,0.905,0.000305608726654616,"GRCh38-BAD","BAD","10"
4.22850693268816e-09,0.400149601787373,0.65,0.707,0.000305729508247219,"GRCh38-ZNF75A","ZNF75A","10"
4.35850419797559e-09,0.369999562686268,0.589,0.613,0.000315128570522031,"GRCh38-LPCAT3","LPCAT3","10"
4.43696604846012e-09,0.277915965745299,0.681,0.846,0.000320801519235763,"GRCh38-ENSG00000266602","ENSG00000266602","10"
4.60653492904888e-09,0.331544608777809,0.577,0.59,0.000333061688440092,"GRCh38-SREBF1","SREBF1","10"
4.62691820613763e-09,0.307560063128095,0.517,0.519,0.000334535440140163,"GRCh38-PCK2","PCK2","10"
4.96305885134376e-09,0.318764481222012,0.535,0.533,0.000358839081069857,"GRCh38-TBC1D9","TBC1D9","10"
4.99519677855005e-09,0.490624769924618,0.82,0.926,0.000361162717482725,"GRCh38-TXN2","TXN2","10"
5.0014112810522e-09,0.272395640957524,0.37,0.336,0.000361612038442636,"GRCh38-PELI1","PELI1","10"
5.05846140445437e-09,0.281907233319921,0.361,0.449,0.00036573687646486,"GRCh38-MIR99AHG","MIR99AHG","10"
5.14383026793791e-09,0.285365773943955,0.534,0.539,0.000371909216032447,"GRCh38-ACVR1","ACVR1","10"
5.15727236162139e-09,0.363149912074737,0.444,0.421,0.00037288110628995,"GRCh38-RBM47","RBM47","10"
5.23609509135421e-09,0.362437193883141,0.7,0.766,0.000378580147295092,"GRCh38-ANO10","ANO10","10"
5.45220257255152e-09,0.31462897426177,0.706,0.766,0.00039420515040062,"GRCh38-TMEM65","TMEM65","10"
5.46147696490672e-09,0.397619433083966,0.776,0.875,0.000394875707516686,"GRCh38-GOSR1","GOSR1","10"
5.51385217028515e-09,0.461539615460448,0.992,0.991,0.000398662539615957,"GRCh38-RPL24","RPL24","10"
5.54059218418343e-09,0.424116518657555,0.799,0.879,0.00040059589610083,"GRCh38-MAGEC2","MAGEC2","10"
5.6382568315264e-09,0.344259104454572,0.616,0.643,0.000407657245433022,"GRCh38-MIDEAS","MIDEAS","10"
5.67591735621191e-09,0.315815167181752,0.595,0.614,0.000410380176688833,"GRCh38-VPS26B","VPS26B","10"
5.96562529442043e-09,0.401460050174769,0.767,0.893,0.000431326640037186,"GRCh38-CDK13","CDK13","10"
6.19710374355385e-09,0.29284441335823,0.563,0.577,0.000448062994866431,"GRCh38-TAMM41","TAMM41","10"
6.39583988516263e-09,0.449867830917572,0.642,0.699,0.000462432015377028,"GRCh38-CSKMT","CSKMT","10"
6.45556229095095e-09,0.285499954318619,0.51,0.593,0.000466750064760336,"GRCh38-SLPI","SLPI","10"
6.50730147740139e-09,0.385400543339827,0.864,0.968,0.000470490911419075,"GRCh38-SCAF11","SCAF11","10"
6.50866654984067e-09,0.417283861542272,0.742,0.839,0.00047058960888658,"GRCh38-PLOD1","PLOD1","10"
6.57484976373849e-09,0.477534832249444,0.268,0.228,0.00047537478761782,"GRCh38-LINC01060","LINC01060","10"
6.61170383429157e-09,0.371814304715865,0.831,0.935,0.000478039410626949,"GRCh38-COPA","COPA","10"
6.90190609196157e-09,0.412991234053287,0.244,0.31,0.000499021614261005,"GRCh38-ENSG00000249631","ENSG00000249631","10"
7.04617729728262e-09,0.259296094279454,0.583,0.6,0.000509452710948128,"GRCh38-CERS5","CERS5","10"
7.53937649133995e-09,0.666149453928962,0.732,0.81,0.000545111999076861,"GRCh38-HIVEP2","HIVEP2","10"
7.60952810659125e-09,0.394096026396064,0.79,0.885,0.000550184101162761,"GRCh38-NDUFV3","NDUFV3","10"
7.75734106847736e-09,0.464924480603471,0.812,0.945,0.00056087127393305,"GRCh38-PTPRA","PTPRA","10"
7.81950683530536e-09,0.418631769303778,0.736,0.816,0.000565365983206248,"GRCh38-JAGN1","JAGN1","10"
8.40309131383558e-09,0.457953292209662,0.228,0.192,0.00060756030817294,"GRCh38-EMCN","EMCN","10"
8.52481415304171e-09,0.383681409737511,0.698,0.774,0.000616361112893222,"GRCh38-ATP11B","ATP11B","10"
8.64661214936504e-09,0.465582579397537,0.799,0.891,0.000625167351623391,"GRCh38-CEP170","CEP170","10"
8.69587956888077e-09,0.285308051169503,0.602,0.627,0.000628729484589217,"GRCh38-ERCC3","ERCC3","10"
8.95377448539822e-09,0.328462500334383,0.734,0.842,0.000647375802843262,"GRCh38-CNOT4","CNOT4","10"
9.18260727885558e-09,0.479220098515606,0.695,0.758,0.000663920871475816,"GRCh38-MCTP2","MCTP2","10"
9.24127818327857e-09,0.452157195627914,0.901,0.974,0.000668162895207407,"GRCh38-NDUFA13","NDUFA13","10"
9.3091332262163e-09,0.498356290687627,0.726,0.816,0.000673068950521891,"GRCh38-PPP1R10","PPP1R10","10"
9.31999202029137e-09,0.421590891200542,0.435,0.409,0.000673854063051107,"GRCh38-ADM","ADM","10"
9.40219615165946e-09,0.371845554003523,0.658,0.722,0.000679797586157282,"GRCh38-KIAA1586","KIAA1586","10"
9.68108996785019e-09,0.49295856189161,0.629,0.674,0.000699962166855504,"GRCh38-ARHGAP26","ARHGAP26","10"
9.74251621958754e-09,0.268541458743703,0.724,0.785,0.000704403407708618,"GRCh38-SNX1","SNX1","10"
9.86566542642275e-09,0.284490573992874,0.464,0.451,0.000713307341661217,"GRCh38-GABPB2","GABPB2","10"
1.02769325656259e-08,0.402207105626033,0.716,0.807,0.000743042778359885,"GRCh38-MTRFR","MTRFR","10"
1.06874334297552e-08,0.45297350736629,0.881,0.964,0.000772722811838164,"GRCh38-ATP5PD","ATP5PD","10"
1.08015997235116e-08,0.324570451420618,0.766,0.842,0.000780977263209337,"GRCh38-SMAD2","SMAD2","10"
1.15899165307915e-08,0.481403459560298,0.702,0.77,0.000837974145009288,"GRCh38-CDK8","CDK8","10"
1.16221366361129e-08,0.331115706904595,0.623,0.649,0.000840303723064233,"GRCh38-NFRKB","NFRKB","10"
1.16665275183203e-08,0.369222688275319,0.988,0.992,0.000843513272629594,"GRCh38-RPS7","RPS7","10"
1.17654430943438e-08,0.283724478837451,0.781,0.877,0.000850665066607244,"GRCh38-FRA10AC1","FRA10AC1","10"
1.29802505978035e-08,0.631836283404172,0.863,0.98,0.000938498078722387,"GRCh38-APLP2","APLP2","10"
1.30649384429392e-08,0.430474224068813,0.753,0.85,0.00094462117930139,"GRCh38-ZBTB7A","ZBTB7A","10"
1.31912008771927e-08,0.252433857083476,0.436,0.418,0.000953750205822783,"GRCh38-RSAD1","RSAD1","10"
1.35737784829418e-08,0.363978012907093,0.602,0.633,0.000981411331873658,"GRCh38-RAD9A","RAD9A","10"
1.38017804493086e-08,0.31898854868403,0.548,0.555,0.000997896330045908,"GRCh38-SCAI","SCAI","10"
1.39898162853084e-08,0.254710305990236,0.899,0.989,0.00101149169706037,"GRCh38-HLA-B","HLA-B","10"
1.41203847075148e-08,0.355155302047486,0.712,0.784,0.00102093205512274,"GRCh38-RBL2","RBL2","10"
1.41530337899535e-08,0.438661358647221,0.45,0.44,0.00102329264908122,"GRCh38-TBC1D2","TBC1D2","10"
1.49452179375611e-08,0.407672563095275,0.785,0.878,0.00108056914732154,"GRCh38-TIMMDC1","TIMMDC1","10"
1.49865830274455e-08,0.291556653146546,0.469,0.466,0.00108355992605037,"GRCh38-UNKL","UNKL","10"
1.53577250116161e-08,0.25365438338946,0.558,0.566,0.00111039423378987,"GRCh38-C2orf74-DT","C2orf74-DT","10"
1.5608369871175e-08,0.458371733646046,0.893,0.979,0.0011285163584257,"GRCh38-SRRM2","SRRM2","10"
1.67111179670254e-08,0.362419213644272,0.777,0.893,0.00120824725125187,"GRCh38-RCN3","RCN3","10"
1.67840024052766e-08,0.259330981978379,0.605,0.62,0.00121351694190631,"GRCh38-TULP3","TULP3","10"
1.71039350073516e-08,0.385623432353633,0.78,0.865,0.00123664870890153,"GRCh38-HPCAL1","HPCAL1","10"
1.73213174510805e-08,0.36449014751129,0.759,0.826,0.00125236589434802,"GRCh38-PDLIM5","PDLIM5","10"
1.85624155840432e-08,0.385786512955135,0.729,0.789,0.00134209977155749,"GRCh38-C14orf119","C14orf119","10"
1.89395960972936e-08,0.525568014405169,0.83,0.903,0.00136937067702652,"GRCh38-CTTN","CTTN","10"
1.91817720945224e-08,0.257664943841062,0.678,0.706,0.00138688048597816,"GRCh38-RNF11","RNF11","10"
1.93001136377596e-08,0.652397980206962,0.89,0.965,0.0013954368162373,"GRCh38-LIMA1","LIMA1","10"
1.94775015168232e-08,0.335603735387787,0.601,0.618,0.00140826231466935,"GRCh38-GYG1","GYG1","10"
1.95782166048628e-08,0.358199827588615,0.65,0.683,0.00141554421696479,"GRCh38-RSPRY1","RSPRY1","10"
2.05116867497354e-08,0.314579992792959,0.693,0.743,0.00148303597537937,"GRCh38-MAP4K5","MAP4K5","10"
2.13442319794647e-08,0.458413461150168,0.692,0.743,0.00154323066057925,"GRCh38-ARSJ","ARSJ","10"
2.1598536077321e-08,0.421187456987754,0.645,0.702,0.00156161735546246,"GRCh38-LMO4","LMO4","10"
2.1995072281566e-08,0.516546429576683,0.982,0.99,0.00159028771610179,"GRCh38-FAU","FAU","10"
2.20041480923436e-08,0.324350537504098,0.115,0.087,0.00159094391537262,"GRCh38-EDN1","EDN1","10"
2.2429591961634e-08,0.253718110328244,0.46,0.442,0.00162170435801006,"GRCh38-SUFU","SUFU","10"
2.31339056980252e-08,0.305609886843156,0.645,0.681,0.00167262764977862,"GRCh38-IFT52","IFT52","10"
2.41967198939152e-08,0.361793022923304,0.498,0.494,0.00174947124176986,"GRCh38-MEAK7","MEAK7","10"
2.42018151216746e-08,0.597431397314598,0.555,0.568,0.00174983963692732,"GRCh38-LINC01619","LINC01619","10"
2.4517116932623e-08,0.285132467668265,0.779,0.872,0.00177263658846251,"GRCh38-BLVRA","BLVRA","10"
2.61348296348094e-08,0.367159464172753,0.666,0.72,0.00188960045225599,"GRCh38-TMEM245","TMEM245","10"
2.66974041016041e-08,0.451665900257792,0.904,0.962,0.00193027571135418,"GRCh38-APEX1","APEX1","10"
2.67969510292654e-08,0.446332099937887,0.752,0.844,0.00193747315331794,"GRCh38-SETX","SETX","10"
2.81103841614377e-08,0.470487365930628,0.807,0.895,0.00203243699564027,"GRCh38-GNPDA1","GNPDA1","10"
2.97546881553913e-08,0.370107212237768,0.361,0.334,0.0021513234630111,"GRCh38-NR4A2","NR4A2","10"
3.10571583131621e-08,0.303028568642539,0.663,0.708,0.00224549466035824,"GRCh38-CAAP1","CAAP1","10"
3.23372835750064e-08,0.338322247694566,0.784,0.886,0.00233805027704011,"GRCh38-ARFGAP3","ARFGAP3","10"
3.25085314006284e-08,0.297077583424733,0.705,0.768,0.00235043183732824,"GRCh38-STXBP3","STXBP3","10"
3.28673720404422e-08,0.381508568362131,0.734,0.787,0.00237637673326805,"GRCh38-MXRA7","MXRA7","10"
3.29783432029735e-08,0.279622352222768,0.588,0.61,0.00238440017026139,"GRCh38-PITPNA-AS1","PITPNA-AS1","10"
3.4161778968255e-08,0.461790914127048,0.772,0.858,0.00246996494296277,"GRCh38-KIF1B","KIF1B","10"
3.43853700710746e-08,0.497807834412198,0.713,0.772,0.00248613102687883,"GRCh38-HOMER3","HOMER3","10"
3.55139771208191e-08,0.575052288141694,0.791,0.894,0.00256773157378946,"GRCh38-DDIT4","DDIT4","10"
3.60470544080467e-08,0.298714228191846,0.771,0.883,0.00260627412781059,"GRCh38-ERRFI1","ERRFI1","10"
3.61440534958445e-08,0.510916164646185,0.85,0.94,0.00261328735585655,"GRCh38-TBL1XR1","TBL1XR1","10"
3.67196200476211e-08,0.281752320405878,0.462,0.442,0.0026549019686831,"GRCh38-CCNG2","CCNG2","10"
3.71066827620058e-08,0.302676111479778,0.681,0.733,0.00268288737705854,"GRCh38-MYSM1","MYSM1","10"
3.78559833868888e-08,0.258473411679826,0.493,0.484,0.00273706331083884,"GRCh38-NAT9","NAT9","10"
3.94217155692902e-08,0.287893004287232,0.981,0.99,0.00285026887909082,"GRCh38-RPL31","RPL31","10"
4.21808957611422e-08,0.457488148525713,0.361,0.343,0.00304976312532211,"GRCh38-CNTNAP3B","CNTNAP3B","10"
4.22836208832082e-08,0.401157206688642,0.753,0.837,0.00305719035709772,"GRCh38-PURA","PURA","10"
4.29012816374331e-08,0.342763469242555,0.528,0.53,0.00310184846494969,"GRCh38-EIF2AK3","EIF2AK3","10"
4.44641478752267e-08,0.509822888876653,0.657,0.723,0.00321484681967464,"GRCh38-KHDC4","KHDC4","10"
4.53817475435808e-08,0.27099038803971,0.529,0.542,0.00328119111089598,"GRCh38-RMND5B","RMND5B","10"
4.55141498617068e-08,0.39282498768597,0.736,0.836,0.00329076406330113,"GRCh38-ZNF721","ZNF721","10"
4.60923703077283e-08,0.380281499658115,0.798,0.909,0.00333257055798937,"GRCh38-UBE3A","UBE3A","10"
4.76707950035466e-08,0.317914107398441,0.524,0.534,0.00344669382034643,"GRCh38-CAPRIN2","CAPRIN2","10"
4.77102828714555e-08,0.592582471042157,0.725,0.846,0.00344954887217197,"GRCh38-RAD51B","RAD51B","10"
4.97897127850394e-08,0.287760316512573,0.553,0.575,0.00359989581378392,"GRCh38-ZNF767P","ZNF767P","10"
4.99743655889245e-08,0.320207398443801,0.679,0.719,0.00361324658081042,"GRCh38-ADAMTS12","ADAMTS12","10"
5.02293686304019e-08,0.45530007802086,0.681,0.763,0.00363168381071532,"GRCh38-RAB30-DT","RAB30-DT","10"
5.03356149315922e-08,0.287652106621504,0.411,0.396,0.00363936563078398,"GRCh38-VDR","VDR","10"
5.20524641648336e-08,0.370813068677984,0.675,0.747,0.0037634972640458,"GRCh38-LCMT1","LCMT1","10"
5.2088249353131e-08,0.439170232414208,0.658,0.708,0.00376608460473008,"GRCh38-CPQ","CPQ","10"
5.35838491830886e-08,0.338302529932027,0.844,0.964,0.00387421946363567,"GRCh38-BBX","BBX","10"
5.45614161645206e-08,0.393125234408129,0.569,0.573,0.00394489951152717,"GRCh38-PUDP","PUDP","10"
5.49483761271481e-08,0.261237374075201,0.584,0.597,0.00397287749074506,"GRCh38-ASB8","ASB8","10"
5.58232499651087e-08,0.442412307239471,0.869,0.957,0.00403613261897729,"GRCh38-ADH5","ADH5","10"
5.68018224446024e-08,0.435592533634386,0.687,0.747,0.00410688536638964,"GRCh38-ARHGAP32","ARHGAP32","10"
6.11050290610481e-08,0.251950435223896,0.583,0.601,0.0044180158111719,"GRCh38-ZFYVE21","ZFYVE21","10"
6.16886040048539e-08,0.278213299701539,0.481,0.477,0.00446020944675895,"GRCh38-BCAS4","BCAS4","10"
6.21025121412148e-08,0.297206564226816,0.703,0.766,0.00449013583283412,"GRCh38-CZIB","CZIB","10"
6.63829165919823e-08,0.469142240261781,0.79,0.853,0.0047996176354335,"GRCh38-ETS1","ETS1","10"
6.80729219925762e-08,0.646072522145235,0.743,0.837,0.00492180840590725,"GRCh38-CRIM1","CRIM1","10"
6.81794920646266e-08,0.484864091122911,0.764,0.882,0.00492951363525663,"GRCh38-FBXO11","FBXO11","10"
6.8282938319564e-08,0.330190651307231,0.673,0.76,0.00493699300638112,"GRCh38-CNPY3","CNPY3","10"
7.02294568054825e-08,0.356881811239308,0.843,0.939,0.00507773018595,"GRCh38-ATXN10","ATXN10","10"
7.22961658059127e-08,0.390575464293569,0.765,0.86,0.0052271573800991,"GRCh38-NTPCR","NTPCR","10"
7.4313277297992e-08,0.267453829581588,0.61,0.628,0.00537299857519942,"GRCh38-ATMIN","ATMIN","10"
7.9058740654706e-08,0.431049854300702,0.791,0.901,0.00571610506681655,"GRCh38-UBR5","UBR5","10"
8.23657005553203e-08,0.484797178002922,0.636,0.701,0.00595520488155077,"GRCh38-PTGFRN","PTGFRN","10"
8.44236594092181e-08,0.319052345450472,0.653,0.696,0.00610399942260529,"GRCh38-PAPSS1","PAPSS1","10"
8.55166757841966e-08,0.3866865721942,0.625,0.643,0.00618302669254898,"GRCh38-PARP9","PARP9","10"
8.5602815001464e-08,0.437619569665432,0.824,0.927,0.00618925473023585,"GRCh38-YTHDC1","YTHDC1","10"
8.84406060644506e-08,0.339805929581551,0.259,0.223,0.00639443269967191,"GRCh38-TNFSF10","TNFSF10","10"
9.18357037260396e-08,0.419631872181969,0.742,0.831,0.00663990505080011,"GRCh38-TMEM141","TMEM141","10"
9.43306433602288e-08,0.509982959476843,0.846,0.937,0.00682029417623126,"GRCh38-TRAPPC5","TRAPPC5","10"
9.53602854549738e-08,0.499552601624373,0.682,0.732,0.00689473935896552,"GRCh38-KIFC3","KIFC3","10"
1.00263451069724e-07,0.328249393114708,0.678,0.734,0.00724924803924321,"GRCh38-THEM4","THEM4","10"
1.03126427305673e-07,0.312186287171054,0.552,0.563,0.00745624694705475,"GRCh38-SLC7A6","SLC7A6","10"
1.07878928817203e-07,0.309935394683027,0.679,0.734,0.00779986231134138,"GRCh38-PRPF3","PRPF3","10"
1.08445189789806e-07,0.430564912894825,0.591,0.625,0.00784080411218252,"GRCh38-PEX16","PEX16","10"
1.08653982694618e-07,0.298589219854061,0.821,0.924,0.00785590025678628,"GRCh38-EIF2AK4","EIF2AK4","10"
1.08885926248058e-07,0.42589703314715,0.798,0.876,0.00787267023958707,"GRCh38-DNTTIP1","DNTTIP1","10"
1.10406413103976e-07,0.391483382004364,0.343,0.322,0.0079826044802437,"GRCh38-SOCS1","SOCS1","10"
1.11844680056749e-07,0.404491928790602,0.819,0.95,0.00808659405746306,"GRCh38-BOD1L1","BOD1L1","10"
1.13549791307269e-07,0.418814258686494,0.166,0.134,0.00820987701109814,"GRCh38-LINC02141","LINC02141","10"
1.14469639038642e-07,0.441987653722095,0.739,0.837,0.00827638384177191,"GRCh38-FRYL","FRYL","10"
1.18024384094344e-07,0.288336731983561,0.585,0.604,0.00853339901878927,"GRCh38-KIAA0753","KIAA0753","10"
1.19791451622765e-07,0.484027741749824,0.783,0.88,0.00866116153522917,"GRCh38-NT5C","NT5C","10"
1.21158371843721e-07,0.313403682136559,0.7,0.761,0.00875999260104474,"GRCh38-CDK11A","CDK11A","10"
1.23508107318304e-07,0.356553857467428,0.888,0.957,0.00892988317532802,"GRCh38-PABPC4","PABPC4","10"
1.25235973675158e-07,0.481563394581739,0.852,0.948,0.00905481136866129,"GRCh38-USP9X","USP9X","10"
1.26339146728279e-07,0.321092399163888,0.687,0.733,0.00913457298674803,"GRCh38-RAB9A","RAB9A","10"
1.33988995223111e-07,0.397728122935476,0.794,0.907,0.0096876723326214,"GRCh38-TRPC4AP","TRPC4AP","10"
1.36753414429776e-07,0.537038455117619,0.808,0.941,0.0098875453701017,"GRCh38-CYBA","CYBA","10"
1.38582305068049e-07,0.488812974155752,0.781,0.907,0.0100197778210301,"GRCh38-EHMT1","EHMT1","10"
1.41023920479694e-07,0.300110692501553,0.457,0.444,0.0101963114985228,"GRCh38-PER1","PER1","10"
1.4371813244938e-07,0.314688329485985,0.47,0.462,0.010391108412355,"GRCh38-PLEKHM3","PLEKHM3","10"
1.48306669410078e-07,0.429420005841887,0.83,0.918,0.0107228688116874,"GRCh38-AKAP11","AKAP11","10"
1.48707772765293e-07,0.440606113195923,0.788,0.901,0.0107518693864762,"GRCh38-NSD1","NSD1","10"
1.56847928222395e-07,0.350471000324299,0.907,0.986,0.0113404189063356,"GRCh38-CD63","CD63","10"
1.62637867701316e-07,0.473824743317865,0.529,0.535,0.0117590431105406,"GRCh38-ENSG00000289944","ENSG00000289944","10"
1.6264147277796e-07,0.256609283190229,0.634,0.659,0.0117593037647921,"GRCh38-STX7","STX7","10"
1.71291329223687e-07,0.298204123270958,0.561,0.582,0.012384705685531,"GRCh38-CTU1","CTU1","10"
1.74375402893915e-07,0.373706765853347,0.733,0.796,0.0126076903800359,"GRCh38-INTS11","INTS11","10"
1.87313356148901e-07,0.587836086545993,0.843,0.928,0.0135431302762778,"GRCh38-PALM2AKAP2","PALM2AKAP2","10"
1.88187406708435e-07,0.254805982499845,0.447,0.432,0.0136063258798333,"GRCh38-ABHD14A","ABHD14A","10"
1.8836270559569e-07,0.35799467532632,0.793,0.88,0.0136190003399796,"GRCh38-YTHDF2","YTHDF2","10"
1.91361966845987e-07,0.446923000745439,0.816,0.941,0.0138358529268985,"GRCh38-DDOST","DDOST","10"
1.92723591004122e-07,0.480835525319595,0.812,0.904,0.01393430107678,"GRCh38-PPP2R1A","PPP2R1A","10"
1.98412608206428e-07,0.319612467373402,0.689,0.756,0.0143456283985412,"GRCh38-KLHDC10","KLHDC10","10"
2.1029783736511e-07,0.341705993811367,0.748,0.834,0.0152049542371722,"GRCh38-ZFX","ZFX","10"
2.13119430147625e-07,0.309968377766578,0.632,0.66,0.0154089610385336,"GRCh38-ATP6V1A","ATP6V1A","10"
2.16789997620318e-07,0.500190746522363,0.794,0.899,0.0156743504079442,"GRCh38-C19orf33","C19orf33","10"
2.28490662806835e-07,0.347943848234055,0.719,0.795,0.0165203319022598,"GRCh38-KLF3","KLF3","10"
2.31080328953803e-07,0.268360733222223,0.632,0.665,0.0167075699440178,"GRCh38-YY1AP1","YY1AP1","10"
2.39646523886356e-07,0.267636897682216,0.497,0.493,0.0173269229700313,"GRCh38-RANBP10","RANBP10","10"
2.40337778285199e-07,0.383381685968476,0.788,0.89,0.0173769020455765,"GRCh38-LAMTOR2","LAMTOR2","10"
2.43668768819168e-07,0.44302138973442,0.735,0.823,0.0176177393231635,"GRCh38-NUMA1","NUMA1","10"
2.45408853641276e-07,0.286372677154331,0.623,0.659,0.0177435509359716,"GRCh38-MOB2","MOB2","10"
2.47848259067174e-07,0.391475227138922,0.721,0.799,0.0179199248270748,"GRCh38-EFR3A","EFR3A","10"
2.54153799837259e-07,0.257289172517696,0.455,0.444,0.0183758280358335,"GRCh38-ZNHIT2","ZNHIT2","10"
2.58477442115206e-07,0.341208649915993,0.73,0.81,0.0186884360198136,"GRCh38-SCAMP1","SCAMP1","10"
2.61344810422618e-07,0.309686837141505,0.647,0.705,0.0188957524831761,"GRCh38-CROCCP2","CROCCP2","10"
2.62380231852144e-07,0.26432401123617,0.633,0.667,0.0189706155233737,"GRCh38-LINC02616","LINC02616","10"
2.6641388437131e-07,0.285620411040967,0.403,0.378,0.0192622566678145,"GRCh38-CCDC40","CCDC40","10"
2.70000576651974e-07,0.497466789913316,0.513,0.533,0.019521581693091,"GRCh38-DNM3","DNM3","10"
2.72232841423143e-07,0.261773956642803,0.576,0.587,0.0196829789005761,"GRCh38-ZNF346","ZNF346","10"
2.75617856192453e-07,0.378204563168395,0.666,0.714,0.0199277222384267,"GRCh38-MRPL10","MRPL10","10"
2.87674766191875e-07,0.305763419605476,0.728,0.799,0.0207994609452049,"GRCh38-OGDH","OGDH","10"
2.95658750535557e-07,0.368714901848402,0.725,0.795,0.0213767189812218,"GRCh38-CAPN1","CAPN1","10"
2.97455946274518e-07,0.413385075337879,0.669,0.749,0.0215066598275402,"GRCh38-IQCB1","IQCB1","10"
2.99715830589848e-07,0.299107995066657,0.769,0.885,0.0216700539833072,"GRCh38-XIAP","XIAP","10"
3.02474891588017e-07,0.335997236110829,0.612,0.642,0.0218695396115968,"GRCh38-APOOL","APOOL","10"
3.07883615763505e-07,0.447988531370547,0.966,0.988,0.0222606011869329,"GRCh38-EIF1","EIF1","10"
3.09175512142118e-07,0.473706150501919,0.652,0.682,0.0223540078788994,"GRCh38-PHEX","PHEX","10"
3.12676230724614e-07,0.405140515137232,0.696,0.764,0.0226071168338511,"GRCh38-NCBP2AS2","NCBP2AS2","10"
3.18165451627876e-07,0.307896484990905,0.716,0.778,0.0230039984835987,"GRCh38-METTL16","METTL16","10"
3.19044655146007e-07,0.676698778284753,0.686,0.767,0.0230675666563666,"GRCh38-SCFD2","SCFD2","10"
3.19321150350161e-07,0.421666409846008,0.697,0.779,0.0230875578126173,"GRCh38-GATAD2B","GATAD2B","10"
3.19471702210088e-07,0.454668332215353,0.647,0.687,0.0230984430131938,"GRCh38-DBN1","DBN1","10"
3.19628051145793e-07,0.464106965791865,0.773,0.876,0.0231097473539431,"GRCh38-CIAO1","CIAO1","10"
3.19759633793165e-07,0.305904530612938,0.717,0.778,0.0231192610425134,"GRCh38-PTRHD1","PTRHD1","10"
3.20143159865468e-07,0.442919924323115,0.774,0.867,0.023146990744593,"GRCh38-TAOK1","TAOK1","10"
3.20496614162101e-07,0.487576463363181,0.849,0.955,0.0231725461971483,"GRCh38-PPP3CA","PPP3CA","10"
3.25392771907295e-07,0.266173708499376,0.496,0.504,0.0235265481944412,"GRCh38-TMEM39B","TMEM39B","10"
3.28668024431047e-07,0.271138110012439,0.564,0.568,0.0237633555024135,"GRCh38-MGAT5","MGAT5","10"
3.48493046345055e-07,0.428033628598852,0.873,0.961,0.0251967442368402,"GRCh38-ENAH","ENAH","10"
3.54124534918847e-07,0.418761846189297,0.78,0.868,0.0256039121237025,"GRCh38-CFAP298","CFAP298","10"
3.55957409618077e-07,0.442978646595672,0.878,0.959,0.0257364326302062,"GRCh38-SNHG16","SNHG16","10"
3.56562141741407e-07,0.35675692680123,0.524,0.536,0.0257801559721872,"GRCh38-SS18L1","SS18L1","10"
3.70090646347062e-07,0.321318287710249,0.475,0.464,0.0267582939121853,"GRCh38-DUSP16","DUSP16","10"
3.84345581062758e-07,0.257806963845065,0.414,0.393,0.0277889542019995,"GRCh38-BDKRB2","BDKRB2","10"
3.85060757384602e-07,0.335922166684505,0.706,0.786,0.0278406628804215,"GRCh38-BTBD7","BTBD7","10"
3.87676649322129e-07,0.418984515186576,0.842,0.962,0.0280297970992886,"GRCh38-EEA1","EEA1","10"
3.95531562945518e-07,0.489656415837682,0.766,0.893,0.0285977230640868,"GRCh38-STK3","STK3","10"
3.98644017656439e-07,0.423682034240879,0.795,0.906,0.0288227597645958,"GRCh38-ITCH","ITCH","10"
4.09902302212537e-07,0.413815681718332,0.698,0.78,0.0296367562545709,"GRCh38-MFSD10","MFSD10","10"
4.13065827070803e-07,0.311217167900656,0.607,0.643,0.0298654854288732,"GRCh38-ARMC8","ARMC8","10"
4.14309142330575e-07,0.393563193514813,0.775,0.886,0.0299553796087852,"GRCh38-PNKD","PNKD","10"
4.21148866924051e-07,0.39246317369138,0.613,0.639,0.0304499053763427,"GRCh38-JAZF1","JAZF1","10"
4.29840832724927e-07,0.34882427384422,0.745,0.849,0.0310783518876777,"GRCh38-RC3H1","RC3H1","10"
4.30196486848598e-07,0.475015029890019,0.632,0.685,0.0311040663921274,"GRCh38-TRAF3IP2","TRAF3IP2","10"
4.38882629068262e-07,0.260491655691524,0.351,0.322,0.0317320918468935,"GRCh38-LINC00571","LINC00571","10"
4.42183460193184e-07,0.419506010863484,0.647,0.725,0.0319707485388876,"GRCh38-REL","REL","10"
4.46562274763252e-07,0.336804464520814,0.446,0.441,0.0322873455899327,"GRCh38-TGIF2","TGIF2","10"
4.50705770635825e-07,0.30695955029328,0.744,0.835,0.0325869286285114,"GRCh38-ZMYND11","ZMYND11","10"
4.67641324696014e-07,0.325266003577447,0.646,0.691,0.0338114030581712,"GRCh38-HSCB","HSCB","10"
4.78820723287925e-07,0.452479156513026,0.738,0.827,0.0346196959351636,"GRCh38-PLPP1","PLPP1","10"
4.82507297900296e-07,0.279491136417738,0.614,0.636,0.0348862426527872,"GRCh38-DHX57","DHX57","10"
4.85776240736758e-07,0.421831803689921,0.583,0.616,0.0351225937577491,"GRCh38-TMEM131L","TMEM131L","10"
4.86852686081501e-07,0.25364756446312,0.517,0.514,0.0352004229090647,"GRCh38-USF3","USF3","10"
4.93779605465991e-07,0.382828782032901,0.821,0.928,0.0357012530344021,"GRCh38-MRPS31","MRPS31","10"
4.95606461974349e-07,0.33711304945793,0.844,0.941,0.0358333384136694,"GRCh38-NIPSNAP2","NIPSNAP2","10"
5.13959325866725e-07,0.440449985466868,0.989,0.991,0.0371602871788159,"GRCh38-RPL23","RPL23","10"
5.21470082145422e-07,0.410006252224695,0.786,0.861,0.0377033298792783,"GRCh38-ISCU","ISCU","10"
5.28170942617714e-07,0.778253708217528,0.868,0.97,0.038187815493146,"GRCh38-IER3","IER3","10"
5.41741287750003e-07,0.352770254110071,0.855,0.977,0.0391689785869007,"GRCh38-LAMP2","LAMP2","10"
5.46947512740074e-07,0.38675256173274,0.76,0.865,0.0395453990661328,"GRCh38-SMIM7","SMIM7","10"
5.53020132914869e-07,0.321028856753243,0.839,0.935,0.0399844616500109,"GRCh38-GTF2F1","GTF2F1","10"
5.69548478415894e-07,0.373393692884064,0.532,0.542,0.041179494086426,"GRCh38-DOCK9","DOCK9","10"
5.75172975616712e-07,0.481992168831423,0.721,0.822,0.0415861564830395,"GRCh38-VTI1A","VTI1A","10"
6.10330633217418e-07,0.550752561267117,0.616,0.671,0.0441281254428858,"GRCh38-PHLDA3","PHLDA3","10"
6.20547601938738e-07,0.354657246663787,0.848,0.972,0.0448668327153746,"GRCh38-LMAN1","LMAN1","10"
6.24724290291545e-07,0.29837337687895,0.344,0.315,0.0451688156366593,"GRCh38-LINC02542","LINC02542","10"
6.43058116730519e-07,0.455816886202279,0.688,0.76,0.04649438795585,"GRCh38-THYN1","THYN1","10"
6.55956857268682e-07,0.308649153555667,0.47,0.46,0.0474269926942403,"GRCh38-SAMD9L","SAMD9L","10"
6.68759285902619e-07,0.441696021796057,0.919,0.975,0.0483526338893312,"GRCh38-EIF3F","EIF3F","10"
6.84008360073898e-07,0.321333972392795,0.54,0.558,0.049455172450063,"GRCh38-PRKX","PRKX","10"
6.87611003476087e-07,0.323440666618912,0.729,0.78,0.0497156507733281,"GRCh38-RPS6KA3","RPS6KA3","10"
7.28203256003222e-07,0.537883921463198,0.589,0.633,0.0526505518155449,"GRCh38-IL4R","IL4R","10"
7.74091111688511e-07,0.344359273366456,0.423,0.511,0.0559683355573027,"GRCh38-LINC02882","LINC02882","10"
7.77469645909831e-07,0.357554521915101,0.393,0.369,0.0562126103385726,"GRCh38-RRAGC-DT","RRAGC-DT","10"
7.78942962904835e-07,0.297638846048194,0.649,0.821,0.0563191341039454,"GRCh38-HLA-F","HLA-F","10"
7.80196648792377e-07,0.292781357084657,0.514,0.524,0.0564097781009865,"GRCh38-STK40","STK40","10"
7.91643843302391e-07,0.426488746187345,0.714,0.801,0.0572374331584494,"GRCh38-SMAD3","SMAD3","10"
8.18410523662208e-07,0.286889775309229,0.627,0.673,0.0591727176818249,"GRCh38-CCNT2","CCNT2","10"
8.21336551938542e-07,0.266016415392569,0.407,0.388,0.0593842753782605,"GRCh38-WHRN","WHRN","10"
8.36533491327108e-07,0.451068337818519,0.789,0.892,0.0604830444899325,"GRCh38-CTDNEP1","CTDNEP1","10"
8.40840096705911e-07,0.355099017464569,0.736,0.818,0.0607944206720308,"GRCh38-DCTN4","DCTN4","10"
9.19953231986385e-07,0.308594484390416,0.305,0.28,0.0665144585790796,"GRCh38-ATP2B1-AS1","ATP2B1-AS1","10"
9.23840124101018e-07,0.263660263532052,0.687,0.729,0.0667954886527518,"GRCh38-TIA1","TIA1","10"
9.2728416869453e-07,0.29697535232294,0.819,0.918,0.0670444999649519,"GRCh38-MRPS33","MRPS33","10"
9.45585919778933e-07,0.546824903018253,0.861,0.953,0.0683677531718564,"GRCh38-UXT","UXT","10"
9.97788620357915e-07,0.338267419766217,0.679,0.753,0.072142112829118,"GRCh38-SHARPIN","SHARPIN","10"
1.01719824450689e-06,0.426359911436016,0.803,0.909,0.0735454674743375,"GRCh38-TMEM230","TMEM230","10"
1.03478308140376e-06,0.447233906054607,0.841,0.941,0.0748168863516544,"GRCh38-SUCLG1","SUCLG1","10"
1.04938883944653e-06,0.257532092553489,0.522,0.521,0.0758729118696629,"GRCh38-PHLPP2","PHLPP2","10"
1.0699953774621e-06,0.38100445221088,0.987,0.991,0.0773628057812651,"GRCh38-RPL9","RPL9","10"
1.07589926266664e-06,0.449105367734615,0.533,0.543,0.0777896684893233,"GRCh38-ST3GAL1","ST3GAL1","10"
1.09674969328075e-06,0.481276172341398,0.802,0.911,0.0792971963235845,"GRCh38-UBE2B","UBE2B","10"
1.17262287370219e-06,0.260658868965192,0.603,0.628,0.084782979014416,"GRCh38-SLC35A3","SLC35A3","10"
1.18496016325781e-06,0.433580929411675,0.811,0.935,0.0856749897238664,"GRCh38-TMED3","TMED3","10"
1.25410158109685e-06,0.370039892879668,0.763,0.874,0.0906740525164648,"GRCh38-KATNBL1","KATNBL1","10"
1.26470475746768e-06,0.477316251263832,0.988,0.991,0.0914406833744281,"GRCh38-RPL23A","RPL23A","10"
1.27515463141779e-06,0.27967791524929,0.626,0.657,0.0921962301607694,"GRCh38-FBXO28","FBXO28","10"
1.27689483610274e-06,0.276249973064422,0.987,0.99,0.0923220504399002,"GRCh38-RPL4","RPL4","10"
1.31533323616461e-06,0.49562580573537,0.809,0.94,0.0951012236411736,"GRCh38-ANKHD1","ANKHD1","10"
1.36292602416511e-06,0.374236470319471,0.632,0.669,0.0985422773991859,"GRCh38-CD2BP2","CD2BP2","10"
1.36426989203281e-06,0.493779438257726,0.776,0.889,0.0986394417337562,"GRCh38-LUZP1","LUZP1","10"
1.36748993219154e-06,0.550835243391592,0.88,0.954,0.0988722570773129,"GRCh38-MT1X","MT1X","10"
1.45187462645014e-06,0.597256811025509,0.647,0.69,0.104973439241598,"GRCh38-LAMB3","LAMB3","10"
1.50495073798968e-06,0.457221662529253,0.697,0.8,0.10881094825813,"GRCh38-RPTOR","RPTOR","10"
1.52593929415933e-06,0.279858802838991,0.331,0.302,0.110328462846308,"GRCh38-EPHA4","EPHA4","10"
1.53182268771238e-06,0.361059407011791,0.689,0.755,0.110753843966981,"GRCh38-RPRD2","RPRD2","10"
1.56486507891659e-06,0.495252208119086,0.111,0.087,0.113142874935827,"GRCh38-CSF2","CSF2","10"
1.56592496791759e-06,0.298872298139462,0.52,0.528,0.113219507030378,"GRCh38-TNKS1BP1","TNKS1BP1","10"
1.60663062088004e-06,0.439293696516596,0.689,0.767,0.116162607150868,"GRCh38-MSI2","MSI2","10"
1.63816975831694e-06,0.458493054345367,0.638,0.695,0.118442949865831,"GRCh38-ZHX1","ZHX1","10"
1.68904032962238e-06,0.257215666981161,0.986,0.995,0.122120993912357,"GRCh38-FTL","FTL","10"
1.70220327424223e-06,0.532067205344173,0.751,0.83,0.123072701134262,"GRCh38-NEK7","NEK7","10"
1.73022498679307e-06,0.380917897987667,0.761,0.89,0.125098726995113,"GRCh38-FNIP1","FNIP1","10"
1.74304925966729e-06,0.369703136798257,0.61,0.66,0.126025947572464,"GRCh38-TXNDC15","TXNDC15","10"
1.75559637536764e-06,0.414365086324545,0.674,0.743,0.126933129131831,"GRCh38-PDSS2","PDSS2","10"
1.7646866617283e-06,0.311036086829833,0.63,0.656,0.127590375016279,"GRCh38-AKT1S1","AKT1S1","10"
1.77990336604716e-06,0.395177237738481,0.238,0.205,0.128690573171942,"GRCh38-CSMD3","CSMD3","10"
1.79905988694349e-06,0.264656911213816,0.29,0.264,0.130075627945788,"GRCh38-WNT7B","WNT7B","10"
1.9229342752012e-06,0.394111331099132,0.718,0.816,0.139031993965597,"GRCh38-NFX1","NFX1","10"
1.9245385812056e-06,0.470743815548272,0.853,0.953,0.139147988498327,"GRCh38-LAMTOR5","LAMTOR5","10"
1.93425532889826e-06,0.293305953570204,0.94,0.982,0.139850528790002,"GRCh38-TOMM7","TOMM7","10"
1.96105224353941e-06,0.517326501582758,0.898,0.977,0.141787999312386,"GRCh38-CSNK1A1","CSNK1A1","10"
1.98481192382269e-06,0.292020926831401,0.624,0.652,0.143505871716228,"GRCh38-DEXI","DEXI","10"
2.01019999668003e-06,0.401523011186623,0.664,0.726,0.14534148015996,"GRCh38-SLC20A2","SLC20A2","10"
2.04316637937425e-06,0.456912172934632,0.624,0.66,0.147725015561517,"GRCh38-SQOR","SQOR","10"
2.17489511115244e-06,0.278890606423607,0.675,0.745,0.157249266326543,"GRCh38-SMIM19","SMIM19","10"
2.22523428841934e-06,0.386549813253858,0.721,0.798,0.160888889521295,"GRCh38-TRIM16","TRIM16","10"
2.25172467187472e-06,0.41735940286458,0.77,0.872,0.162804197225886,"GRCh38-ZBTB38","ZBTB38","10"
2.28000336748801e-06,0.273787242967421,0.339,0.312,0.164848803476118,"GRCh38-SPRY4-AS1","SPRY4-AS1","10"
2.28678364547765e-06,0.282435258552214,0.192,0.16,0.165339031135325,"GRCh38-GALNTL6","GALNTL6","10"
2.32063493139874e-06,0.268911564544841,0.784,0.931,0.167786546809991,"GRCh38-EHBP1","EHBP1","10"
2.35023993819619e-06,0.403358360692477,0.566,0.683,0.169927048011461,"GRCh38-CDH11","CDH11","10"
2.35573656760642e-06,0.329531991681509,0.732,0.829,0.170324465311079,"GRCh38-IRF2","IRF2","10"
2.57470497831925e-06,0.469830585969335,0.748,0.827,0.186156319342439,"GRCh38-SDHC","SDHC","10"
2.58870862676608e-06,0.319605156597589,0.643,0.69,0.187168811132441,"GRCh38-MIGA1","MIGA1","10"
2.61230300229485e-06,0.372023188415831,0.994,0.994,0.188874731671923,"GRCh38-RPL32","RPL32","10"
2.64791643741019e-06,0.424750952872616,0.989,0.993,0.191449654257631,"GRCh38-RPS25","RPS25","10"
2.74063402568334e-06,0.31434158528124,0.773,0.843,0.198153321324957,"GRCh38-NCOA4","NCOA4","10"
2.75329362988012e-06,0.371102055818556,0.781,0.894,0.199068636027592,"GRCh38-MBTPS1","MBTPS1","10"
2.83949217498373e-06,0.390929833484932,0.687,0.757,0.205300963235674,"GRCh38-TTLL5","TTLL5","10"
2.84049825598135e-06,0.31585225079311,0.705,0.777,0.205373704903964,"GRCh38-GPBP1L1","GPBP1L1","10"
2.89534403273981e-06,0.299630208104292,0.981,0.99,0.209339164255154,"GRCh38-RPL22","RPL22","10"
3.03285391422858e-06,0.265336554934222,0.602,0.633,0.219281403706555,"GRCh38-SMIM29","SMIM29","10"
3.04768856613559e-06,0.451851176540358,0.768,0.899,0.220353978708735,"GRCh38-NKTR","NKTR","10"
3.16206455400061e-06,0.35060866898212,0.684,0.746,0.228623591383352,"GRCh38-TAF1","TAF1","10"
3.26419723746148e-06,0.258876430376366,0.521,0.525,0.23600798866294,"GRCh38-MINK1","MINK1","10"
3.3073078541008e-06,0.32311719045201,0.865,0.967,0.239124972467196,"GRCh38-NFE2L2","NFE2L2","10"
3.32442958845615e-06,0.575127709929087,0.454,0.446,0.240362908104557,"GRCh38-NEDD9","NEDD9","10"
3.36179578534073e-06,0.401564190799323,0.804,0.922,0.243064558871706,"GRCh38-MARK3","MARK3","10"
3.39097056303128e-06,0.363056376317074,0.752,0.832,0.245173953648288,"GRCh38-COMMD7","COMMD7","10"
3.44882733394063e-06,0.476271128418492,0.735,0.85,0.249357113898575,"GRCh38-PDE7A","PDE7A","10"
3.55993414734404e-06,0.429995906455086,0.796,0.896,0.257390358721269,"GRCh38-SUCLG2","SUCLG2","10"
3.56501697432966e-06,0.337973138045185,0.571,0.605,0.257757857277983,"GRCh38-DZIP1","DZIP1","10"
3.60198039370752e-06,0.478547174162084,0.803,0.911,0.260430386425841,"GRCh38-SNAPC1","SNAPC1","10"
3.63996069885305e-06,0.417195563785803,0.645,0.706,0.263176438448473,"GRCh38-SGMS1","SGMS1","10"
3.87959962409266e-06,0.267115268996749,0.523,0.534,0.280502812021148,"GRCh38-FBRS","FBRS","10"
3.90888664913824e-06,0.843182564401766,0.781,0.887,0.282620322505993,"GRCh38-KLF6","KLF6","10"
3.96248330764035e-06,0.365946374835583,0.567,0.592,0.286495468109013,"GRCh38-RAB29","RAB29","10"
4.07708559443979e-06,0.251852018239753,0.589,0.602,0.294781442649186,"GRCh38-CHP1","CHP1","10"
4.08467358617599e-06,0.443658091049902,0.758,0.855,0.295330069627697,"GRCh38-RBM4","RBM4","10"
4.25068239578555e-06,0.262952490889681,0.601,0.634,0.307332838580087,"GRCh38-ENSG00000226824","ENSG00000226824","10"
4.4021643398747e-06,0.446477277290389,0.904,0.972,0.31828528610162,"GRCh38-UQCR11","UQCR11","10"
4.60558646930097e-06,0.348859540526098,0.82,0.928,0.332993112903399,"GRCh38-FKBP8","FKBP8","10"
4.72509169484076e-06,0.308534034889122,0.645,0.694,0.341633579720377,"GRCh38-CEP104","CEP104","10"
4.7371691041664e-06,0.262541338525753,0.322,0.295,0.342506800569439,"GRCh38-CRISPLD2","CRISPLD2","10"
4.82119176851736e-06,0.494305258592696,0.832,0.963,0.348581807247343,"GRCh38-CTSZ","CTSZ","10"
4.91870974922679e-06,0.452769928680442,0.681,0.795,0.355632552288595,"GRCh38-ID3","ID3","10"
4.92211775998135e-06,0.250142984585045,0.592,0.62,0.355878958282172,"GRCh38-TTC21B","TTC21B","10"
4.95339360068069e-06,0.690493835743749,0.861,0.934,0.358140264116415,"GRCh38-PPFIBP1","PPFIBP1","10"
4.97321573636311e-06,0.417594941346808,0.224,0.198,0.359573444170526,"GRCh38-GPRC5A","GPRC5A","10"
5.08358352378975e-06,0.420294745992179,0.833,0.931,0.367553255937047,"GRCh38-MRPS36","MRPS36","10"
5.10152776541058e-06,0.325537063915084,0.767,0.867,0.368850660494716,"GRCh38-USO1","USO1","10"
5.21078782228955e-06,0.420233870170807,0.886,0.972,0.376750381127179,"GRCh38-PDCD6","PDCD6","10"
5.24171292032862e-06,0.354899021814959,0.762,0.848,0.3789863275656,"GRCh38-CYFIP1","CYFIP1","10"
5.32674374840216e-06,0.299199501022712,0.644,0.7,0.385134226496973,"GRCh38-USP28","USP28","10"
5.33051216636316e-06,0.36651299628372,0.775,0.85,0.38540669065239,"GRCh38-AZI2","AZI2","10"
5.67011522250747e-06,0.39013944045355,0.872,0.956,0.409960670817735,"GRCh38-EIF3D","EIF3D","10"
5.74608188789121e-06,0.28282864115096,0.593,0.624,0.41545321265831,"GRCh38-DELE1","DELE1","10"
6.28017695494429e-06,0.343589801261046,0.485,0.482,0.454069354196382,"GRCh38-GPR39","GPR39","10"
6.37712190155858e-06,0.376100703857445,0.709,0.792,0.461078667726488,"GRCh38-TBL1X","TBL1X","10"
6.40691584230066e-06,0.499804786225452,0.525,0.54,0.463232829230022,"GRCh38-TAF4B","TAF4B","10"
6.44495569368624e-06,0.309093356931521,0.743,0.825,0.465983186564903,"GRCh38-SMARCAD1","SMARCAD1","10"
6.55003970495586e-06,0.330770539229132,0.697,0.793,0.473580970747719,"GRCh38-NQO2","NQO2","10"
6.62835112316397e-06,0.525626353477747,0.783,0.918,0.479243042907002,"GRCh38-SERPINE1","SERPINE1","10"
6.67780805753623e-06,0.396783665148392,0.337,0.321,0.482818878175985,"GRCh38-SRGAP3","SRGAP3","10"
6.77689824270119e-06,0.591296771997626,0.979,0.989,0.489983296743781,"GRCh38-RPS5","RPS5","10"
6.83630370565288e-06,0.300574023897329,0.559,0.598,0.494278430526114,"GRCh38-CDK10","CDK10","10"
6.83754786996776e-06,0.950057419231969,0.662,0.739,0.494368386094409,"GRCh38-KIAA1217","KIAA1217","10"
7.35116224344214e-06,0.268393318051308,0.273,0.235,0.531503732525353,"GRCh38-ENSG00000286147","ENSG00000286147","10"
7.3776478104531e-06,0.359622103435663,0.857,0.955,0.53341869199138,"GRCh38-ETFA","ETFA","10"
7.51732875624541e-06,0.253637333489982,0.613,0.631,0.543517903734056,"GRCh38-PCGF5","PCGF5","10"
7.56880907204751e-06,0.29510742118326,0.628,0.672,0.547240033527179,"GRCh38-ALG2","ALG2","10"
7.59371849470358e-06,0.421440660728313,0.667,0.716,0.549041034604058,"GRCh38-NEK6","NEK6","10"
7.69078409354588e-06,0.345339612379444,0.744,0.847,0.556059071531555,"GRCh38-TTC19","TTC19","10"
7.80671304637587e-06,0.456167831395217,0.776,0.852,0.564440966679068,"GRCh38-PQBP1","PQBP1","10"
7.98686792646455e-06,0.298356692119018,0.631,0.673,0.57746652481924,"GRCh38-COASY","COASY","10"
8.20478436390717e-06,0.432640906517327,0.688,0.766,0.593222319079216,"GRCh38-UGGT2","UGGT2","10"
8.22985219805935e-06,0.443521502429673,0.696,0.785,0.595034773624087,"GRCh38-PIBF1","PIBF1","10"
8.27919421452134e-06,0.487286981376209,0.52,0.541,0.598602300098322,"GRCh38-SERTAD1","SERTAD1","10"
8.44386369972772e-06,0.411793987309294,0.743,0.861,0.610508233217714,"GRCh38-TMEM131","TMEM131","10"
8.46108496887856e-06,0.368902016365606,0.628,0.657,0.611753365419858,"GRCh38-DPH6","DPH6","10"
8.62759484248657e-06,0.474073716827041,0.61,0.657,0.623792362301464,"GRCh38-SNHG12","SNHG12","10"
8.64017139725726e-06,0.269684766959172,0.759,0.947,0.624701672364494,"GRCh38-LINC-PINT","LINC-PINT","10"
8.64627579834935e-06,0.591343465606587,0.681,0.761,0.625143032772255,"GRCh38-LDLR","LDLR","10"
8.8415429114781e-06,0.291110541793339,0.611,0.641,0.639261235585689,"GRCh38-WDR73","WDR73","10"
8.84608161523951e-06,0.364486682435254,0.693,0.757,0.639589392945047,"GRCh38-SPRED2","SPRED2","10"
8.87946110044646e-06,0.268010073429159,0.551,0.572,0.64200279648448,"GRCh38-ZBED3","ZBED3","10"
8.94490445797659e-06,0.374899493312443,0.808,0.893,0.646734482120623,"GRCh38-ZFAND5","ZFAND5","10"
9.37229325310148e-06,0.352161453498329,0.718,0.799,0.677635546785743,"GRCh38-MTR","MTR","10"
9.39531293351517e-06,0.28643385811545,0.826,0.962,0.679299915719014,"GRCh38-ARL6IP5","ARL6IP5","10"
9.79974173591577e-06,0.338013515976021,0.834,0.967,0.708540926990182,"GRCh38-LAPTM4A","LAPTM4A","10"
9.86528120720275e-06,0.370890956682063,0.811,0.948,0.713279561843173,"GRCh38-SRPK2","SRPK2","10"
1.01337978797604e-05,0.459083615347819,0.93,0.982,0.732693854302438,"GRCh38-PRDX5","PRDX5","10"
1.05020951217569e-05,0.251522630157451,0.734,0.882,0.759322481493266,"GRCh38-SSH2","SSH2","10"
1.05229437551756e-05,0.343632474208221,0.844,0.934,0.760829879386704,"GRCh38-ACAA2","ACAA2","10"
1.06326205167223e-05,0.285485667586808,0.518,0.524,0.768759728600055,"GRCh38-KSR1","KSR1","10"
1.06358324885721e-05,0.342883559536239,0.716,0.812,0.768991960588743,"GRCh38-VEZT","VEZT","10"
1.06698262418009e-05,0.341901005963136,0.636,0.691,0.771449776934686,"GRCh38-MOSMO","MOSMO","10"
1.08478723940472e-05,0.450905346414078,0.803,0.895,0.784322869834397,"GRCh38-ARL2BP","ARL2BP","10"
1.08726933515676e-05,0.263495633689508,0.498,0.496,0.786117474705044,"GRCh38-SERINC5","SERINC5","10"
1.10492044842978e-05,0.271995782877648,0.48,0.487,0.798879582623703,"GRCh38-ENSG00000291079","ENSG00000291079","10"
1.14501329672163e-05,0.561418704499981,0.924,0.977,0.827867513795671,"GRCh38-PRDX2","PRDX2","10"
1.16782648003185e-05,0.281670473594234,0.603,0.633,0.844361901592628,"GRCh38-RIT1","RIT1","10"
1.17431847038415e-05,0.338035508391272,0.845,0.954,0.849055740457149,"GRCh38-URI1","URI1","10"
1.17981415677946e-05,0.602128908698401,0.693,0.765,0.853029231634687,"GRCh38-FRMD6","FRMD6","10"
1.21418399848331e-05,0.386138865506929,0.722,0.791,0.8778793145834,"GRCh38-EBPL","EBPL","10"
1.26168744576549e-05,0.412694163372049,0.582,0.692,0.912225257037368,"GRCh38-IGF2BP2","IGF2BP2","10"
1.27391325615721e-05,0.488741205317818,0.681,0.78,0.921064762466785,"GRCh38-AGPAT4","AGPAT4","10"
1.2810465104452e-05,0.560296010662355,0.57,0.683,0.926222247982088,"GRCh38-ENSG00000284837","ENSG00000284837","10"
1.28773006299054e-05,0.3216002106068,0.746,0.849,0.931054590143423,"GRCh38-ACADM","ACADM","10"
1.29690676348704e-05,0.356625621661293,0.844,0.949,0.937689528136401,"GRCh38-MAP2K2","MAP2K2","10"
1.29817101346279e-05,0.370477708629107,0.703,0.782,0.938603606153866,"GRCh38-RNF13","RNF13","10"
1.35074099537147e-05,0.25432594793684,0.812,0.97,0.976612754473484,"GRCh38-GOLGB1","GOLGB1","10"
1.35116409669172e-05,0.265746409154688,0.209,0.178,0.97691866519005,"GRCh38-ENSG00000223786","ENSG00000223786","10"
1.35608851658071e-05,0.465899950826927,0.712,0.79,0.980479119258182,"GRCh38-FARS2","FARS2","10"
1.36913944455619e-05,0.538670042524778,0.904,0.987,0.989915201203017,"GRCh38-CD44","CD44","10"
0.904129074547988,1.40082384538803,0.404,0.422,1,"GRCh38-S100A9","S100A9","10"
0.0710177767483934,0.944512827523853,0.636,0.747,1,"GRCh38-CD82","CD82","10"
0.170935911869721,0.861404208609065,0.797,0.905,1,"GRCh38-NFKBIA","NFKBIA","10"
0.0148171649200397,0.860502440963907,0.699,0.788,1,"GRCh38-KCNQ5","KCNQ5","10"
0.522517800137822,0.804438783398606,0.899,0.984,1,"GRCh38-CD59","CD59","10"
0.0702375212817328,0.796732892387284,0.805,0.933,1,"GRCh38-IER2","IER2","10"
0.00121247517715037,0.715184041601067,0.581,0.606,1,"GRCh38-F3","F3","10"
0.00482970680729221,0.695492915508074,0.695,0.781,1,"GRCh38-DENND2B","DENND2B","10"
7.91231763964387e-05,0.692181562218867,0.654,0.724,1,"GRCh38-GJA1","GJA1","10"
0.0539589704998538,0.679687710643845,0.761,0.885,1,"GRCh38-PPP1R15A","PPP1R15A","10"
0.0730754478825739,0.669832427247574,0.521,0.584,1,"GRCh38-NFATC2","NFATC2","10"
0.000252594092040218,0.665705761720849,0.431,0.457,1,"GRCh38-EFNB1","EFNB1","10"
1.97046879539613e-05,0.648430725355111,0.833,0.959,1,"GRCh38-MACF1","MACF1","10"
0.00119300825545739,0.647901902812554,0.364,0.356,1,"GRCh38-KLF2","KLF2","10"
0.71360824174796,0.643082897087617,0.81,0.908,1,"GRCh38-TYMP","TYMP","10"
2.46120572872349e-05,0.641497178350001,0.837,0.938,1,"GRCh38-BNIP3","BNIP3","10"
0.00018778888665368,0.635855102801709,0.732,0.83,1,"GRCh38-IL1RAP","IL1RAP","10"
0.71606634384211,0.627543564943153,0.781,0.923,1,"GRCh38-ITGA3","ITGA3","10"
0.368961087676159,0.611458397164476,0.922,0.972,1,"GRCh38-IL32","IL32","10"
0.315750125786982,0.610564380832709,0.757,0.875,1,"GRCh38-AKR1C3","AKR1C3","10"
0.184087466454819,0.609506001913553,0.837,0.901,1,"GRCh38-CCND1","CCND1","10"
0.0241547073721727,0.60249844740992,0.658,0.797,1,"GRCh38-EGR1","EGR1","10"
0.000181910178185923,0.60019355638475,0.817,0.923,1,"GRCh38-JUND","JUND","10"
0.248134971809475,0.596624114859684,0.697,0.797,1,"GRCh38-ENSG00000250954","ENSG00000250954","10"
0.000426153106393558,0.592211493409955,0.75,0.87,1,"GRCh38-FMNL2","FMNL2","10"
0.0127001940193377,0.589173384568838,0.851,0.964,1,"GRCh38-SLC38A2","SLC38A2","10"
0.0123731346191278,0.588670876139368,0.85,0.946,1,"GRCh38-PICALM","PICALM","10"
0.00017233010929914,0.58477381066362,0.785,0.877,1,"GRCh38-GLIPR1","GLIPR1","10"
0.772601493759839,0.578558038184635,0.5,0.588,1,"GRCh38-MCC","MCC","10"
8.34649284082505e-05,0.575816687581842,0.79,0.893,1,"GRCh38-CLMP","CLMP","10"
0.000991393447039624,0.57494260610622,0.754,0.868,1,"GRCh38-PHACTR2","PHACTR2","10"
5.33604724823658e-05,-0.574491606982617,0.146,0.174,1,"GRCh38-IFIT2","IFIT2","10"
0.000918939113131805,0.572114270625158,0.391,0.401,1,"GRCh38-ENSG00000285751","ENSG00000285751","10"
0.248512433439551,0.569670701610154,0.782,0.936,1,"GRCh38-SPIDR","SPIDR","10"
0.00354948743555359,0.56869057086966,0.697,0.825,1,"GRCh38-PMEPA1","PMEPA1","10"
0.0517976078894032,0.564048268744506,0.829,0.928,1,"GRCh38-DANCR","DANCR","10"
0.188134532091373,0.561959814754166,0.696,0.813,1,"GRCh38-SIPA1L3","SIPA1L3","10"
0.000239991986139593,0.561706486987936,0.796,0.91,1,"GRCh38-KDM2A","KDM2A","10"
0.024578496665968,0.557366640416354,0.916,0.986,1,"GRCh38-SQSTM1","SQSTM1","10"
0.102883549753412,0.548662598551023,0.58,0.635,1,"GRCh38-NEDD4L","NEDD4L","10"
0.0876951068413728,0.546497080441818,0.613,0.697,1,"GRCh38-HIVEP3","HIVEP3","10"
0.00207466753393663,0.539494901280772,0.893,0.967,1,"GRCh38-FKBP1A","FKBP1A","10"
2.62020319596281e-05,0.537266637279826,0.826,0.936,1,"GRCh38-C4orf48","C4orf48","10"
0.0859140063777769,0.536957980571675,0.812,0.936,1,"GRCh38-ZMYND8","ZMYND8","10"
0.0108579772275907,0.526336248640913,0.669,0.757,1,"GRCh38-ANTXR2","ANTXR2","10"
0.00111691290585536,0.525520951868233,0.711,0.793,1,"GRCh38-HMOX2","HMOX2","10"
2.22009428490375e-05,0.525270272968738,0.646,0.688,1,"GRCh38-MARCKSL1","MARCKSL1","10"
2.30354481516471e-05,0.525175284887803,0.824,0.917,1,"GRCh38-STAT3","STAT3","10"
0.0560471621114664,0.520648292254716,0.456,0.496,1,"GRCh38-ZFPM2","ZFPM2","10"
0.00298254184592822,0.51865172764856,0.32,0.302,1,"GRCh38-SERPINB3","SERPINB3","10"
0.00958184341021157,0.517995120166892,0.722,0.804,1,"GRCh38-PYDC2-AS1","PYDC2-AS1","10"
9.9091349988076e-05,0.515686890683726,0.639,0.76,1,"GRCh38-GADD45B","GADD45B","10"
7.58847489758056e-05,0.515578409401718,0.771,0.907,1,"GRCh38-TSPAN4","TSPAN4","10"
0.0709057663344801,0.515368330935714,0.977,0.991,1,"GRCh38-IRX2","IRX2","10"
0.215695542241711,0.515325766901336,0.691,0.815,1,"GRCh38-SYNGR2","SYNGR2","10"
0.228866279135305,0.511977360302159,0.789,0.894,1,"GRCh38-RAC2","RAC2","10"
0.0020430491231129,0.510909933463822,0.921,0.975,1,"GRCh38-RSL1D1","RSL1D1","10"
3.79343212177658e-05,0.50876413426679,0.732,0.846,1,"GRCh38-COMMD10","COMMD10","10"
0.174691486472052,0.504788830427665,0.362,0.372,1,"GRCh38-TEX14","TEX14","10"
0.000206354463772539,0.503156210933767,0.653,0.715,1,"GRCh38-SLC39A11","SLC39A11","10"
0.0150731526445327,0.502937403022277,0.567,0.672,1,"GRCh38-MIR23AHG","MIR23AHG","10"
0.000144317758720958,0.499692883461699,0.672,0.731,1,"GRCh38-ENSG00000227681","ENSG00000227681","10"
0.644609717235833,0.499258483704652,0.651,0.747,1,"GRCh38-RELB","RELB","10"
0.00148817681940061,0.498260516900439,0.725,0.819,1,"GRCh38-ANKH","ANKH","10"
0.364913218920218,0.497782095695595,0.493,0.55,1,"GRCh38-NFKBIZ","NFKBIZ","10"
0.00187783088852566,0.49494091694684,0.981,0.99,1,"GRCh38-BTF3","BTF3","10"
0.000433948304636991,0.493456309485351,0.92,0.975,1,"GRCh38-KRT8","KRT8","10"
0.0210867555482116,0.493343747733848,0.366,0.362,1,"GRCh38-ENSG00000287474","ENSG00000287474","10"
0.00182060173808747,0.49308556407447,0.751,0.851,1,"GRCh38-SP110","SP110","10"
0.00131116935610885,0.491357942640418,0.873,0.976,1,"GRCh38-FXYD5","FXYD5","10"
1.88977941971719e-05,0.490407953686901,0.627,0.674,1,"GRCh38-INTS6","INTS6","10"
0.521282124995245,0.489836871390007,0.547,0.597,1,"GRCh38-CD74","CD74","10"
0.00161123147559101,0.488023279772625,0.856,0.967,1,"GRCh38-ASAP1","ASAP1","10"
0.00980590847487608,0.487747855402359,0.936,0.986,1,"GRCh38-HIF1A","HIF1A","10"
3.56771577825048e-05,0.48750516594626,0.489,0.491,1,"GRCh38-WWC1","WWC1","10"
5.34274262909093e-05,0.487010106635383,0.802,0.912,1,"GRCh38-PLSCR1","PLSCR1","10"
2.46474548187221e-05,0.4867048291841,0.777,0.871,1,"GRCh38-GSK3B","GSK3B","10"
0.0986368434961051,0.485597571969588,0.853,0.967,1,"GRCh38-FNDC3B","FNDC3B","10"
0.0018838411477495,0.485331928833796,0.836,0.965,1,"GRCh38-HM13","HM13","10"
0.00103232102905617,0.479633964857277,0.991,0.993,1,"GRCh38-RPS13","RPS13","10"
0.000607499997052141,0.479602941426856,0.58,0.627,1,"GRCh38-DTNB","DTNB","10"
0.00410492038271194,0.478599296779365,0.766,0.881,1,"GRCh38-FOXP1","FOXP1","10"
0.175448299298205,0.476618449195224,0.668,0.75,1,"GRCh38-SLIT2","SLIT2","10"
0.00224806282317325,0.47625258118778,0.671,0.737,1,"GRCh38-KIZ","KIZ","10"
0.539286389380752,0.475813715072908,0.777,0.937,1,"GRCh38-ZSWIM6","ZSWIM6","10"
0.366149087625325,0.474625833052695,0.79,0.909,1,"GRCh38-PACS1","PACS1","10"
0.011389517650122,0.474484876917941,0.753,0.884,1,"GRCh38-PTPRK","PTPRK","10"
0.000302265478143745,0.473474752639961,0.52,0.517,1,"GRCh38-IL13RA2","IL13RA2","10"
0.00102333303857881,0.470318822835835,0.715,0.841,1,"GRCh38-FBXW7","FBXW7","10"
0.0794065616413614,0.461651961657424,0.793,0.932,1,"GRCh38-VMP1","VMP1","10"
0.0119178444468307,0.460179340767412,0.993,0.994,1,"GRCh38-S100A6","S100A6","10"
0.00755312573862034,0.459863506186591,0.169,0.154,1,"GRCh38-BRINP3","BRINP3","10"
0.0264674858216294,0.458085161191732,0.793,0.94,1,"GRCh38-ARID4B","ARID4B","10"
0.0888551564446837,0.457436825533252,0.601,0.706,1,"GRCh38-SLC16A3","SLC16A3","10"
1.96112827238258e-05,0.454589652688866,0.85,0.952,1,"GRCh38-RNF7","RNF7","10"
0.0331417029936828,0.454545514406967,0.747,0.892,1,"GRCh38-TANC2","TANC2","10"
0.00602956048261518,0.4540871046262,0.64,0.715,1,"GRCh38-SMURF2","SMURF2","10"
0.922774607994896,0.453784707222145,0.799,0.918,1,"GRCh38-PLOD2","PLOD2","10"
7.49102623374891e-05,0.452119365123164,0.785,0.919,1,"GRCh38-LRPAP1","LRPAP1","10"
0.0223704234537096,0.450339204919776,0.665,0.782,1,"GRCh38-MGST2","MGST2","10"
0.000269731381395817,0.449535511562597,0.519,0.627,1,"GRCh38-NLRP1","NLRP1","10"
0.411457920318614,0.449261421310213,0.775,0.924,1,"GRCh38-ARIH1","ARIH1","10"
0.235613051367443,0.448963675501516,0.497,0.564,1,"GRCh38-HLA-DPA1","HLA-DPA1","10"
7.17486847114773e-05,0.447409458826669,0.772,0.866,1,"GRCh38-HES1","HES1","10"
0.218239620038263,0.446850876513804,0.8,0.911,1,"GRCh38-ELL2","ELL2","10"
0.840358467795111,0.445229294339201,0.769,0.876,1,"GRCh38-PIK3R1","PIK3R1","10"
0.0269195056973613,0.445205584022608,0.948,0.983,1,"GRCh38-EEF1D","EEF1D","10"
0.00144138586273069,0.444311886012179,0.845,0.973,1,"GRCh38-CTSB","CTSB","10"
0.0481191903488704,0.44330585966867,0.858,0.958,1,"GRCh38-BRK1","BRK1","10"
0.0100191955526229,0.442709363653613,0.683,0.812,1,"GRCh38-MYADM","MYADM","10"
0.0310262649509753,0.442256524365685,0.774,0.874,1,"GRCh38-SUPT4H1","SUPT4H1","10"
0.411070438937883,0.440882556169385,0.624,0.717,1,"GRCh38-APCDD1L-DT","APCDD1L-DT","10"
0.00297798266122508,0.439087439870938,0.746,0.849,1,"GRCh38-SIPA1L1","SIPA1L1","10"
0.0824596557336461,0.438549300937534,0.657,0.76,1,"GRCh38-RFX3","RFX3","10"
0.0449204612905895,0.436477474710491,0.884,0.963,1,"GRCh38-EIF3G","EIF3G","10"
0.0361291347781837,0.436462040844059,0.913,0.985,1,"GRCh38-DST","DST","10"
0.000342613638724743,0.435313612365325,0.807,0.937,1,"GRCh38-SDF4","SDF4","10"
0.000671345905478532,0.434318478979212,0.636,0.716,1,"GRCh38-TMEM43","TMEM43","10"
0.197112415127529,0.433960654851578,0.714,0.799,1,"GRCh38-DKK3","DKK3","10"
1.50971327767521e-05,0.433693248664005,0.833,0.958,1,"GRCh38-BPTF","BPTF","10"
0.00112764796844087,0.432698854694139,0.725,0.809,1,"GRCh38-EFEMP1","EFEMP1","10"
0.282489230257487,0.432098814934714,0.466,0.511,1,"GRCh38-ZFP36","ZFP36","10"
0.000556870887364681,0.430641174580177,0.791,0.901,1,"GRCh38-MYC","MYC","10"
0.0742594844686432,0.430615596536271,0.773,0.903,1,"GRCh38-APBB2","APBB2","10"
0.00946646320468933,0.430615374394703,0.805,0.928,1,"GRCh38-ELF1","ELF1","10"
0.0300074508287231,0.429984085453325,0.785,0.901,1,"GRCh38-PLEKHA5","PLEKHA5","10"
0.00614312409832904,0.429276940300688,0.43,0.437,1,"GRCh38-CLEC2B","CLEC2B","10"
0.0175169324023492,0.427600475698833,0.827,0.973,1,"GRCh38-EXT1","EXT1","10"
0.0917641254737829,0.426727356812947,0.771,0.902,1,"GRCh38-CTSL","CTSL","10"
0.524618086655112,0.426335464473738,0.796,0.944,1,"GRCh38-ZFAND3","ZFAND3","10"
0.0329391434076594,0.426085450105534,0.874,0.971,1,"GRCh38-LY6E","LY6E","10"
0.249396605531428,0.425906816662101,0.735,0.859,1,"GRCh38-ATG7","ATG7","10"
0.0211307811197615,0.425512097643526,0.709,0.822,1,"GRCh38-MYCBP2","MYCBP2","10"
0.372988017087265,0.425120208699174,0.734,0.858,1,"GRCh38-CRADD","CRADD","10"
0.000150771899853332,0.424774086792373,0.713,0.81,1,"GRCh38-TMEM41B","TMEM41B","10"
0.000229257792029381,0.42350668528001,0.779,0.883,1,"GRCh38-VAMP8","VAMP8","10"
9.54078009411172e-05,0.423359452912767,0.808,0.942,1,"GRCh38-KMT2A","KMT2A","10"
0.00625914726039279,0.422408339465013,0.793,0.902,1,"GRCh38-YAP1","YAP1","10"
9.66546079210901e-05,0.422129898170251,0.744,0.859,1,"GRCh38-MED13","MED13","10"
0.439337272411467,0.421272304693197,0.273,0.274,1,"GRCh38-SERPINB4","SERPINB4","10"
6.07537725737399e-05,0.420545218521039,0.633,0.708,1,"GRCh38-LAMA3","LAMA3","10"
0.738301736938166,0.419761772289557,0.65,0.729,1,"GRCh38-XAF1","XAF1","10"
0.0656189757497688,0.419434093534243,0.797,0.909,1,"GRCh38-CAMSAP2","CAMSAP2","10"
0.814979913999293,0.41820530970633,0.942,0.973,1,"GRCh38-KRT18","KRT18","10"
0.000733411160995927,0.417544910593714,0.695,0.79,1,"GRCh38-TMEM259","TMEM259","10"
0.324740250421484,0.417264522662171,0.766,0.928,1,"GRCh38-KANSL1","KANSL1","10"
3.38442560787156e-05,0.416381598447146,0.625,0.705,1,"GRCh38-MIRLET7BHG","MIRLET7BHG","10"
0.000131312674278557,0.416168763717795,0.713,0.815,1,"GRCh38-POU2F1","POU2F1","10"
0.556417377692565,0.415972372590305,0.717,0.838,1,"GRCh38-TENM3","TENM3","10"
0.00114660902920437,0.415912356093812,0.882,0.978,1,"GRCh38-CD99","CD99","10"
0.00171312097242435,0.415253735929253,0.745,0.872,1,"GRCh38-WSB1","WSB1","10"
0.146409462586296,0.415253040960337,0.728,0.831,1,"GRCh38-ACER3","ACER3","10"
0.182360447955911,0.41466286159502,0.853,0.969,1,"GRCh38-ATP6V0E1","ATP6V0E1","10"
0.87970312096732,0.414372219394875,0.585,0.67,1,"GRCh38-CASC9","CASC9","10"
0.0306784716550017,0.41418649065136,0.784,0.935,1,"GRCh38-GLG1","GLG1","10"
0.0681961780309793,0.413675588722102,0.183,0.175,1,"GRCh38-ENSG00000232855","ENSG00000232855","10"
1.63355403350251e-05,0.413430531577482,0.998,0.997,1,"GRCh38-RPS2","RPS2","10"
0.00481221683234402,0.411879577925855,0.798,0.907,1,"GRCh38-MIEN1","MIEN1","10"
7.9612589320782e-05,0.411722502051721,0.994,0.994,1,"GRCh38-RPL8","RPL8","10"
0.0314685379458515,0.411657843987559,0.758,0.907,1,"GRCh38-RASAL2","RASAL2","10"
0.00109893352814778,0.411594124724879,0.923,0.976,1,"GRCh38-ESD","ESD","10"
0.551304087256205,0.409620207484861,0.724,0.826,1,"GRCh38-FER","FER","10"
0.0105727650284621,0.407499288260312,0.489,0.506,1,"GRCh38-GDF15","GDF15","10"
0.17543371979404,0.407169023540504,0.792,0.915,1,"GRCh38-NCOA3","NCOA3","10"
2.52569496452113e-05,0.406758729735218,0.413,0.41,1,"GRCh38-SLC8B1","SLC8B1","10"
0.0336387762168039,0.406222790693627,0.84,0.96,1,"GRCh38-LUC7L3","LUC7L3","10"
7.91191332855367e-05,0.406009572877147,0.828,0.958,1,"GRCh38-SENP6","SENP6","10"
0.00027243203391971,0.405661415614304,0.741,0.861,1,"GRCh38-MLLT10","MLLT10","10"
1.91560330369702e-05,0.405014609117225,0.735,0.81,1,"GRCh38-BCKDK","BCKDK","10"
0.0254760630145021,0.404756304039802,0.825,0.93,1,"GRCh38-RBMS1","RBMS1","10"
0.000507005786434618,0.404565117974065,0.659,0.808,1,"GRCh38-PTPN13","PTPN13","10"
0.00617894857360843,0.404397648615594,0.943,0.987,1,"GRCh38-GNAS","GNAS","10"
6.43950368815914e-05,0.40397286696995,0.38,0.37,1,"GRCh38-DELEC1","DELEC1","10"
0.126101599686769,0.402945050092951,0.993,0.995,1,"GRCh38-RPS3","RPS3","10"
5.16098585444433e-05,0.402377330685482,0.745,0.86,1,"GRCh38-DDRGK1","DDRGK1","10"
0.00650339154777711,0.402176360035297,0.745,0.839,1,"GRCh38-COL1A1","COL1A1","10"
0.00035725176887825,0.401259634909099,0.763,0.884,1,"GRCh38-COP1","COP1","10"
0.0286365362398435,0.401255427613391,0.668,0.771,1,"GRCh38-CHD7","CHD7","10"
0.1343844353379,0.401074589246313,0.669,0.739,1,"GRCh38-EPSTI1","EPSTI1","10"
0.0295553208949571,0.400725080230084,0.755,0.888,1,"GRCh38-SNHG3","SNHG3","10"
0.977753897573277,0.399525484036624,0.822,0.954,1,"GRCh38-PTK2","PTK2","10"
0.267714024440443,0.399180090278308,0.753,0.911,1,"GRCh38-ANO5","ANO5","10"
0.907003585917177,0.399102803528359,0.502,0.575,1,"GRCh38-COL27A1","COL27A1","10"
0.000679828470706918,0.39697907212763,0.732,0.883,1,"GRCh38-LINC02055","LINC02055","10"
0.0598491231809711,0.396516167063796,0.774,0.893,1,"GRCh38-MAD1L1","MAD1L1","10"
0.052126655187456,0.396392639881908,0.74,0.86,1,"GRCh38-LUC7L","LUC7L","10"
0.00425755055328769,0.395984805241521,0.67,0.746,1,"GRCh38-STX5","STX5","10"
0.000173789590766305,0.395900362514107,0.732,0.829,1,"GRCh38-GSDMD","GSDMD","10"
0.00125883527931151,0.395350398678272,0.766,0.892,1,"GRCh38-TNKS","TNKS","10"
8.58537843357041e-05,0.394856074168981,0.853,0.962,1,"GRCh38-SUCLA2","SUCLA2","10"
0.161716848776927,0.393889690687067,0.784,0.899,1,"GRCh38-LY6K","LY6K","10"
0.00261319289760819,0.393866282751091,0.882,0.968,1,"GRCh38-ACTN1","ACTN1","10"
2.02692379094834e-05,0.393396938589784,0.845,0.929,1,"GRCh38-CAPNS1","CAPNS1","10"
0.000281354345169778,0.393167215010855,0.519,0.539,1,"GRCh38-TNFRSF10D","TNFRSF10D","10"
0.00969583928271183,0.392883691015421,0.721,0.861,1,"GRCh38-SRGAP1","SRGAP1","10"
0.933494655505829,0.392841181802912,0.512,0.563,1,"GRCh38-GRK5","GRK5","10"
0.152700564993277,0.392832731563951,0.774,0.894,1,"GRCh38-WWC2","WWC2","10"
4.25203360406252e-05,0.392761789820486,0.707,0.795,1,"GRCh38-THADA","THADA","10"
0.00547250115096574,0.392171807930037,0.71,0.805,1,"GRCh38-VPS53","VPS53","10"
0.00756083027452082,0.391631627593586,0.748,0.878,1,"GRCh38-CREBBP","CREBBP","10"
0.583721065693975,0.391185629017312,0.455,0.502,1,"GRCh38-IRAK2","IRAK2","10"
1.55392915485061e-05,0.390951726273658,0.768,0.864,1,"GRCh38-WWTR1","WWTR1","10"
0.743400036927483,-0.390580705943131,0.294,0.297,1,"GRCh38-CCL5","CCL5","10"
0.239188136472253,0.390077456500314,0.259,0.26,1,"GRCh38-HLA-DRA","HLA-DRA","10"
0.687225766634111,0.389582056372397,0.712,0.83,1,"GRCh38-JARID2","JARID2","10"
0.000190942526325683,0.388706291061897,0.582,0.635,1,"GRCh38-KANTR","KANTR","10"
0.000250288164667288,0.387265880801292,0.772,0.938,1,"GRCh38-GPHN","GPHN","10"
0.797142169229736,0.386955203255714,0.634,0.705,1,"GRCh38-UBE2E2","UBE2E2","10"
0.0559098269803885,0.386713306746376,0.799,0.948,1,"GRCh38-CD46","CD46","10"
0.00027934110090539,0.386550866168602,0.763,0.848,1,"GRCh38-PIN4","PIN4","10"
0.00297371435010619,0.386287564138208,0.688,0.759,1,"GRCh38-TRUB2","TRUB2","10"
0.00925627579753112,0.385882716486407,0.603,0.656,1,"GRCh38-TRAK1","TRAK1","10"
0.0299007099923398,0.385770216164171,0.872,0.963,1,"GRCh38-MRPS21","MRPS21","10"
0.434611726786225,0.385396182511605,0.663,0.749,1,"GRCh38-PLK2","PLK2","10"
0.524173623887398,0.385232126800412,0.669,0.732,1,"GRCh38-WWOX","WWOX","10"
0.0250042411306029,0.385050611978196,0.765,0.874,1,"GRCh38-MAP7D3","MAP7D3","10"
3.66947296648706e-05,0.384909020046064,0.672,0.735,1,"GRCh38-RPS6KC1","RPS6KC1","10"
0.280215280306061,0.384327070438415,0.906,0.985,1,"GRCh38-PVT1","PVT1","10"
0.838043355092091,0.384180684789149,0.851,0.937,1,"GRCh38-CHCHD10","CHCHD10","10"
0.583256569983645,0.382380762746879,0.733,0.861,1,"GRCh38-CSTPP1","CSTPP1","10"
0.000912370667043592,0.382172612385172,0.589,0.636,1,"GRCh38-MYO1E","MYO1E","10"
0.0450133646863606,0.381459848938674,0.74,0.852,1,"GRCh38-TSEN34","TSEN34","10"
0.0257935373376532,0.381061909129483,0.778,0.883,1,"GRCh38-PSMB10","PSMB10","10"
0.314703977996296,0.380807741025158,0.676,0.752,1,"GRCh38-IFI35","IFI35","10"
0.000963101335833781,0.3804753460997,0.686,0.777,1,"GRCh38-TIMM23B","TIMM23B","10"
9.49148876499028e-05,0.380406394560056,0.532,0.55,1,"GRCh38-PER2","PER2","10"
0.6446665029613,0.378224239447506,0.637,0.746,1,"GRCh38-CAMKMT","CAMKMT","10"
4.64186621606171e-05,0.377668358983567,0.769,0.862,1,"GRCh38-JOSD2","JOSD2","10"
0.550865811640589,0.37766228610122,0.771,0.892,1,"GRCh38-TGFB1","TGFB1","10"
0.0465630881819203,0.37756332194591,0.878,0.967,1,"GRCh38-CSTB","CSTB","10"
0.345228971540122,0.377399878709465,0.809,0.957,1,"GRCh38-ASH1L","ASH1L","10"
0.000175665235556277,0.377377079678047,0.864,0.965,1,"GRCh38-WDR83OS","WDR83OS","10"
0.575916289257919,0.376934055369218,0.458,0.501,1,"GRCh38-TENM1","TENM1","10"
0.055004246192658,0.376746396406102,0.72,0.839,1,"GRCh38-SPG7","SPG7","10"
0.0187395033669166,0.376718419944729,0.686,0.775,1,"GRCh38-RAPGEF2","RAPGEF2","10"
4.37441026277221e-05,0.376039304115007,0.696,0.768,1,"GRCh38-NUDT22","NUDT22","10"
0.540803132037132,0.375938463338791,0.878,0.966,1,"GRCh38-RBIS","RBIS","10"
1.66491110732965e-05,0.375437511704602,0.651,0.739,1,"GRCh38-PILRB","PILRB","10"
0.0877860147679039,0.375049115337043,0.371,0.382,1,"GRCh38-IL6","IL6","10"
0.00023817091523367,0.374390614891679,0.988,0.993,1,"GRCh38-RPL30","RPL30","10"
0.00284883607321769,0.373773263961115,0.765,0.935,1,"GRCh38-PTPRG","PTPRG","10"
2.36811050651344e-05,0.373706638653348,0.697,0.779,1,"GRCh38-RNF19A","RNF19A","10"
1.75887241085662e-05,0.373331982660938,0.607,0.658,1,"GRCh38-UBAC2","UBAC2","10"
0.0318063638111116,0.373286917903972,0.795,0.905,1,"GRCh38-BID","BID","10"
0.206063923264305,0.37266390973852,0.74,0.865,1,"GRCh38-FTO","FTO","10"
0.730060240569096,0.372409947953195,0.826,0.942,1,"GRCh38-PTPN14","PTPN14","10"
0.00875003581534644,0.372071527569623,0.838,0.947,1,"GRCh38-MAP1LC3B","MAP1LC3B","10"
0.201242132434614,0.371951282964899,0.987,0.991,1,"GRCh38-RPL7","RPL7","10"
0.000639902586336878,0.3713237140517,0.74,0.911,1,"GRCh38-CDH12","CDH12","10"
0.07183483144724,0.370857535098261,0.996,0.998,1,"GRCh38-VIM","VIM","10"
0.138576365102272,0.370466306974376,0.86,0.984,1,"GRCh38-HLA-C","HLA-C","10"
0.442497013532886,0.369099078426511,0.762,0.91,1,"GRCh38-VWA8","VWA8","10"
0.0441959993251407,0.368861811047434,0.524,0.552,1,"GRCh38-STC1","STC1","10"
0.000633288398584734,0.36835852830693,0.981,0.989,1,"GRCh38-RPS26","RPS26","10"
0.000142221252830887,0.368202998736598,0.995,0.996,1,"GRCh38-RPS12","RPS12","10"
0.000629969356996431,0.368137189603493,0.954,0.982,1,"GRCh38-COX7C","COX7C","10"
0.000289993829097496,0.367544773256531,0.704,0.809,1,"GRCh38-GPATCH2L","GPATCH2L","10"
8.61608973536232e-05,0.367389500275872,0.858,0.954,1,"GRCh38-SF1","SF1","10"
0.356555101645081,0.367181085773379,0.836,0.959,1,"GRCh38-PHF14","PHF14","10"
0.141768197430105,0.366537607860201,0.722,0.818,1,"GRCh38-CFLAR","CFLAR","10"
0.12863430100135,0.366308562613521,0.694,0.779,1,"GRCh38-UBE4B","UBE4B","10"
2.81664703691411e-05,0.366042519163441,0.575,0.656,1,"GRCh38-PRSS23","PRSS23","10"
0.0341933851724451,0.365666033814711,0.767,0.9,1,"GRCh38-EMC3","EMC3","10"
0.198591331900957,0.365559011333989,0.778,0.927,1,"GRCh38-MED13L","MED13L","10"
0.321306167751993,0.365441192935952,0.828,0.949,1,"GRCh38-RHOBTB3","RHOBTB3","10"
0.104190759741705,0.365398488534115,0.71,0.831,1,"GRCh38-KDM6A","KDM6A","10"
0.000418711122165496,0.365327565661416,0.729,0.812,1,"GRCh38-RAP1GDS1","RAP1GDS1","10"
0.0446057289067655,0.365184326596732,0.9,0.977,1,"GRCh38-RBM39","RBM39","10"
0.0900954215268874,0.364891439747023,0.783,0.94,1,"GRCh38-ARID1B","ARID1B","10"
0.0117579556915727,0.364633903287492,0.595,0.687,1,"GRCh38-ANKRD36C","ANKRD36C","10"
0.17028091430663,0.364548344585889,0.785,0.884,1,"GRCh38-ILK","ILK","10"
1.6502213094995e-05,0.364027010061023,0.835,0.953,1,"GRCh38-NCOR1","NCOR1","10"
0.264012173625349,0.363958302489645,0.776,0.945,1,"GRCh38-PRKCA","PRKCA","10"
3.37027158285562e-05,0.362546699553829,0.577,0.604,1,"GRCh38-MOB3A","MOB3A","10"
0.0598307572634631,0.362492393495663,0.773,0.895,1,"GRCh38-TERF2IP","TERF2IP","10"
0.00268751506798204,0.362275024418522,0.805,0.905,1,"GRCh38-CSNK1E","CSNK1E","10"
0.004069053690892,0.361887921949333,0.761,0.851,1,"GRCh38-NT5C3B","NT5C3B","10"
0.00160328853931111,0.361811984189476,0.685,0.767,1,"GRCh38-PDE8A","PDE8A","10"
3.54256461804768e-05,0.36128899010901,0.69,0.766,1,"GRCh38-RYBP","RYBP","10"
0.743006314234306,0.361098288506234,0.763,0.916,1,"GRCh38-SCMH1","SCMH1","10"
0.001595579059549,0.36099662987366,0.778,0.884,1,"GRCh38-HOOK3","HOOK3","10"
0.152804084493423,0.360769217359445,0.725,0.844,1,"GRCh38-PCNX1","PCNX1","10"
0.086389884450529,0.36031167208908,0.701,0.815,1,"GRCh38-SREBF2","SREBF2","10"
8.22138877667979e-05,0.360271370888174,0.702,0.799,1,"GRCh38-B4GALT5","B4GALT5","10"
0.129355160044871,0.360146001342652,0.555,0.597,1,"GRCh38-INPP4B","INPP4B","10"
0.000299893640337597,0.360098504100481,0.765,0.921,1,"GRCh38-CCNL1","CCNL1","10"
7.19677796742556e-05,0.35967745169263,0.691,0.786,1,"GRCh38-SMARCA2","SMARCA2","10"
0.546419154415187,0.359291813026096,0.654,0.726,1,"GRCh38-ROS1","ROS1","10"
0.0437900209375119,-0.358593586809228,0.205,0.186,1,"GRCh38-LSAMP","LSAMP","10"
2.75263995227072e-05,0.35798945833126,0.842,0.961,1,"GRCh38-RAD50","RAD50","10"
0.871097331416577,0.3577225475701,0.732,0.891,1,"GRCh38-TCF7L2","TCF7L2","10"
8.14166963375059e-05,0.357663861764044,0.99,0.994,1,"GRCh38-RPL18A","RPL18A","10"
0.0730408748583863,0.357224944169407,0.325,0.317,1,"GRCh38-ENSG00000243276","ENSG00000243276","10"
0.00340350165639706,0.357056604132008,0.803,0.917,1,"GRCh38-SHC1","SHC1","10"
0.876073386755508,0.357022638495782,0.593,0.676,1,"GRCh38-IER5L","IER5L","10"
0.79859915927268,0.35696200667701,0.544,0.64,1,"GRCh38-LINC00342","LINC00342","10"
0.0387013456525303,0.35662624511044,0.827,0.951,1,"GRCh38-ERBIN","ERBIN","10"
0.00851776642645255,0.356259499322927,0.996,0.996,1,"GRCh38-RPL19","RPL19","10"
2.02036302158755e-05,0.355872571187439,0.819,0.937,1,"GRCh38-DYNC1LI2","DYNC1LI2","10"
5.51491592098133e-05,0.355537984970469,0.684,0.745,1,"GRCh38-DRG2","DRG2","10"
0.18465656499903,0.355026868461991,0.772,0.883,1,"GRCh38-DFFA","DFFA","10"
0.0105062889493083,0.354942619431557,0.73,0.838,1,"GRCh38-ETV6","ETV6","10"
0.000755234086944381,0.354922933171217,0.71,0.803,1,"GRCh38-CBR4","CBR4","10"
0.404488010038607,0.354309110735367,0.736,0.868,1,"GRCh38-XRRA1","XRRA1","10"
0.435582428166325,0.354260148985802,0.764,0.881,1,"GRCh38-MAN1A2","MAN1A2","10"
0.819502469394785,0.354110364080317,0.572,0.614,1,"GRCh38-PRR16","PRR16","10"
0.0378316185799931,0.353756757326777,0.774,0.866,1,"GRCh38-RAB6A","RAB6A","10"
0.0110278863735546,0.353218132602524,0.807,0.932,1,"GRCh38-PRRC2B","PRRC2B","10"
0.0168220444994501,0.352543217735203,0.616,0.665,1,"GRCh38-SIGIRR","SIGIRR","10"
0.985209461687254,0.352085385396775,0.79,0.925,1,"GRCh38-LTBR","LTBR","10"
0.000629039449144525,0.350518435141462,0.702,0.814,1,"GRCh38-DIS3L2","DIS3L2","10"
0.194841128263199,0.350474816796916,0.694,0.796,1,"GRCh38-ZNFX1","ZNFX1","10"
0.00378248153266642,0.350329970780455,0.752,0.889,1,"GRCh38-CHID1","CHID1","10"
0.000563950253421243,0.35013605163535,0.535,0.587,1,"GRCh38-EIF5AL1","EIF5AL1","10"
0.000191137772606984,0.350057143456058,0.87,0.972,1,"GRCh38-SRSF11","SRSF11","10"
0.000688635349757208,0.349856453398992,0.766,0.878,1,"GRCh38-ARFGEF2","ARFGEF2","10"
0.59510797671065,0.34944148799671,0.36,0.371,1,"GRCh38-LINC01091","LINC01091","10"
0.00879219751318599,0.349089996548781,0.773,0.901,1,"GRCh38-PHF20","PHF20","10"
0.00301954395946566,0.348888050724783,0.759,0.883,1,"GRCh38-TRA2A","TRA2A","10"
0.387958816801138,0.348588160025677,0.781,0.886,1,"GRCh38-SYNJ2","SYNJ2","10"
0.309287442304575,0.348499047271903,0.835,0.951,1,"GRCh38-HEBP2","HEBP2","10"
0.000624690019590716,0.348386451091698,0.765,0.859,1,"GRCh38-IDH3B","IDH3B","10"
0.0345584028991554,0.348333024351858,0.552,0.655,1,"GRCh38-NEU1","NEU1","10"
0.00184913380725786,0.348069362059041,0.638,0.717,1,"GRCh38-AAMDC","AAMDC","10"
1.97549992515989e-05,0.347917342324085,0.716,0.793,1,"GRCh38-PRKAG1","PRKAG1","10"
0.618673069971402,0.347766159418804,0.874,0.973,1,"GRCh38-CUTA","CUTA","10"
0.468567347859971,0.347414202932427,0.778,0.901,1,"GRCh38-CUL5","CUL5","10"
0.012086771259045,0.347383087783802,0.849,0.969,1,"GRCh38-OCIAD1","OCIAD1","10"
0.000322390371774635,0.347017662993651,0.858,0.951,1,"GRCh38-MCTS1","MCTS1","10"
0.0365627026588305,0.346789234433629,0.854,0.958,1,"GRCh38-CIAO2B","CIAO2B","10"
0.0438335133013816,0.346727660648892,0.854,0.961,1,"GRCh38-GTF2F2","GTF2F2","10"
1.76573307514591e-05,0.346457924405166,0.783,0.893,1,"GRCh38-CNOT2","CNOT2","10"
3.01395671215681e-05,0.346406713460671,0.324,0.303,1,"GRCh38-HULC","HULC","10"
0.00750899987759358,0.346149078895966,0.727,0.803,1,"GRCh38-SEPHS2","SEPHS2","10"
1.56222949956629e-05,0.345471589778198,0.629,0.689,1,"GRCh38-PIGL","PIGL","10"
0.0639044506060527,0.345132075735267,0.838,0.959,1,"GRCh38-CNPY2","CNPY2","10"
0.00331009771370993,0.344955117445708,0.775,0.88,1,"GRCh38-COX14","COX14","10"
0.00860308968296599,0.344609837719539,0.759,0.848,1,"GRCh38-MYG1","MYG1","10"
0.834785585231189,0.344555072553808,0.801,0.921,1,"GRCh38-GABARAPL2","GABARAPL2","10"
0.0707009567736794,0.344446036253514,0.81,0.953,1,"GRCh38-ERC1","ERC1","10"
0.000677996902853209,0.343621224360163,0.804,0.916,1,"GRCh38-PARP4","PARP4","10"
0.537230981787542,0.343116683979442,0.713,0.828,1,"GRCh38-HELZ","HELZ","10"
0.000785263086434534,0.34291476891314,0.872,0.964,1,"GRCh38-PDLIM1","PDLIM1","10"
0.0590164338999447,0.34281443426572,0.437,0.464,1,"GRCh38-KDM7A","KDM7A","10"
0.0498625370479064,0.3425775548192,0.685,0.785,1,"GRCh38-MAPK8","MAPK8","10"
0.111963366659999,0.34239092319586,0.745,0.878,1,"GRCh38-AGO3","AGO3","10"
0.0021704305156145,0.342165459524496,0.718,0.836,1,"GRCh38-ARID2","ARID2","10"
0.00137893870765871,0.341947161704373,0.78,0.877,1,"GRCh38-ATF7IP","ATF7IP","10"
0.264292178001537,0.341520908937713,0.878,0.974,1,"GRCh38-TAF1D","TAF1D","10"
0.00746328424815202,0.341183904660382,0.867,0.979,1,"GRCh38-BSG","BSG","10"
0.899616571272248,0.340889762455161,0.57,0.651,1,"GRCh38-TTC28","TTC28","10"
0.0192719075909983,0.340342269703175,0.754,0.869,1,"GRCh38-COMMD1","COMMD1","10"
0.748501614282304,0.33940186886312,0.752,0.874,1,"GRCh38-UBE2L6","UBE2L6","10"
0.38914463472787,0.339387648194449,0.565,0.627,1,"GRCh38-TRIM5","TRIM5","10"
1.47081619852249e-05,0.339299534821384,0.766,0.859,1,"GRCh38-MVB12A","MVB12A","10"
0.0129068553643858,0.337733430053464,0.706,0.81,1,"GRCh38-GON4L","GON4L","10"
0.675782741689904,0.337719170586996,0.877,0.954,1,"GRCh38-EIF2A","EIF2A","10"
0.00228287201273872,0.337537957093612,0.642,0.714,1,"GRCh38-RREB1","RREB1","10"
0.00388098084463276,0.337284490635559,0.653,0.739,1,"GRCh38-MAN1B1","MAN1B1","10"
0.625140747056113,0.337105864735788,0.778,0.909,1,"GRCh38-ATP6AP2","ATP6AP2","10"
0.00335084482377182,0.337083547626409,0.69,0.762,1,"GRCh38-TRIM25","TRIM25","10"
0.0459593922325209,0.336079934982825,0.762,0.844,1,"GRCh38-CASK","CASK","10"
0.15272872588656,0.335847360853302,0.644,0.735,1,"GRCh38-ATRN","ATRN","10"
8.89670997930499e-05,0.335103520764985,0.601,0.66,1,"GRCh38-SBNO2","SBNO2","10"
0.122262034939343,0.335081538841825,0.926,0.98,1,"GRCh38-EIF2S3","EIF2S3","10"
0.97654471444502,0.335050765696872,0.746,0.894,1,"GRCh38-TBC1D22A","TBC1D22A","10"
0.00898987522223462,0.334940718196375,0.698,0.783,1,"GRCh38-HIPK3","HIPK3","10"
0.410584732701295,0.334929864046862,0.542,0.591,1,"GRCh38-SASH1","SASH1","10"
0.0305804239844723,0.334847775875871,0.799,0.917,1,"GRCh38-UBE2E1","UBE2E1","10"
0.0501528300890674,0.334736836857794,0.291,0.283,1,"GRCh38-ERRFI1-DT","ERRFI1-DT","10"
0.193569934523904,0.334621483639692,0.747,0.894,1,"GRCh38-BRAF","BRAF","10"
0.101842337080152,0.334540555753474,0.763,0.887,1,"GRCh38-OFD1","OFD1","10"
0.0682281505303104,0.334270256652107,0.855,0.975,1,"GRCh38-TRIO","TRIO","10"
0.0592713732110963,0.334211524182948,0.21,0.203,1,"GRCh38-HLA-DRB1","HLA-DRB1","10"
0.0180914952961638,0.333780520836794,0.706,0.795,1,"GRCh38-OSER1","OSER1","10"
0.0825394889079391,0.333759583714098,0.783,0.922,1,"GRCh38-UFL1","UFL1","10"
0.917047735121505,0.333739197808002,0.401,0.435,1,"GRCh38-FSTL3","FSTL3","10"
0.536883281864167,0.333634672335031,0.785,0.89,1,"GRCh38-METRN","METRN","10"
0.23121593155108,0.333073135721916,0.697,0.824,1,"GRCh38-CDK14","CDK14","10"
0.0051391222082488,0.332255298466849,0.668,0.731,1,"GRCh38-KDM5C","KDM5C","10"
0.00145993299612324,0.331800388943083,0.81,0.925,1,"GRCh38-CNIH1","CNIH1","10"
0.00798866861515339,0.33179529493229,0.68,0.772,1,"GRCh38-SLC35C2","SLC35C2","10"
0.000449391628126886,0.331767332454105,0.649,0.716,1,"GRCh38-YIPF6","YIPF6","10"
7.08444826639637e-05,0.331658963425545,0.799,0.943,1,"GRCh38-ANKIB1","ANKIB1","10"
0.131281394572541,0.331359269486472,0.755,0.866,1,"GRCh38-SPATS2","SPATS2","10"
0.476704690270338,0.331312919653858,0.203,0.218,1,"GRCh38-FBXL7","FBXL7","10"
0.000372647491937928,0.331265328254005,0.782,0.88,1,"GRCh38-OXA1L","OXA1L","10"
0.000772951827702333,0.331140780681921,0.727,0.824,1,"GRCh38-PLEKHM2","PLEKHM2","10"
0.00695660312384486,0.331046945927841,0.618,0.683,1,"GRCh38-ANTKMT","ANTKMT","10"
7.43108857599823e-05,0.330826969384125,0.375,0.367,1,"GRCh38-TRIM22","TRIM22","10"
0.000684563888141831,0.330225349393146,0.806,0.932,1,"GRCh38-SREK1","SREK1","10"
0.0732748913743813,0.330072412440063,0.703,0.812,1,"GRCh38-TEX264","TEX264","10"
0.000262521826398646,0.329026228657112,0.609,0.657,1,"GRCh38-TMBIM1","TMBIM1","10"
0.244732560048258,0.328857651881051,0.791,0.939,1,"GRCh38-TAPBP","TAPBP","10"
0.031673474748352,0.328301128710115,0.724,0.82,1,"GRCh38-CACUL1","CACUL1","10"
0.00728226207197106,0.32804903109188,0.659,0.733,1,"GRCh38-SEC22A","SEC22A","10"
0.0483128202261255,0.328026240266813,0.625,0.704,1,"GRCh38-MICA","MICA","10"
0.0223849788647761,0.327996258988087,0.92,0.979,1,"GRCh38-EIF3H","EIF3H","10"
0.000381292451597791,0.327812382209584,0.756,0.843,1,"GRCh38-TADA3","TADA3","10"
0.000664872635878261,0.327725910120144,0.446,0.456,1,"GRCh38-AFMID","AFMID","10"
0.00086194920075612,0.32741258058715,0.631,0.672,1,"GRCh38-BIN1","BIN1","10"
0.00232964317904841,0.326889984639043,0.548,0.577,1,"GRCh38-ATF7IP2","ATF7IP2","10"
0.000197354838976439,0.326588327699089,0.7,0.799,1,"GRCh38-ACO2","ACO2","10"
0.488340765133262,0.32657518459158,0.683,0.812,1,"GRCh38-ANKRD36","ANKRD36","10"
0.0122229826469281,0.325947830835931,0.563,0.612,1,"GRCh38-SNX29","SNX29","10"
0.342532142998279,0.325850857118693,0.779,0.903,1,"GRCh38-C1orf122","C1orf122","10"
0.0109195320569215,0.325816013685517,0.783,0.888,1,"GRCh38-TATDN1","TATDN1","10"
0.0002269057847609,0.325760587371943,0.657,0.731,1,"GRCh38-MFSD14CP","MFSD14CP","10"
0.549959920850185,0.325706444883931,0.366,0.383,1,"GRCh38-GPR176","GPR176","10"
0.000126674982232364,0.325481817439246,0.691,0.761,1,"GRCh38-GTF2B","GTF2B","10"
0.729526785613805,0.325405077981307,0.668,0.768,1,"GRCh38-MIDN","MIDN","10"
4.4586219759752e-05,0.325386828647855,0.685,0.74,1,"GRCh38-WDR72","WDR72","10"
0.881852338152772,0.325243098532553,0.957,0.986,1,"GRCh38-PABPC1","PABPC1","10"
0.016598043235509,0.325066990134108,0.69,0.789,1,"GRCh38-RNF214","RNF214","10"
0.176271993246807,0.325042529518032,0.941,0.981,1,"GRCh38-UQCRB","UQCRB","10"
9.97205080033803e-05,0.324803287854672,0.674,0.745,1,"GRCh38-ABI1","ABI1","10"
0.0876587452513971,0.32431750502027,0.51,0.522,1,"GRCh38-PURPL","PURPL","10"
0.168341125552347,0.323612863664803,0.759,0.861,1,"GRCh38-PDHB","PDHB","10"
0.0446482703200692,0.323527521600008,0.721,0.824,1,"GRCh38-UBR3","UBR3","10"
0.0190642946822596,0.323510849384791,0.679,0.767,1,"GRCh38-NME7","NME7","10"
0.000658132120626966,0.323359572972719,0.788,0.945,1,"GRCh38-SBF2","SBF2","10"
0.00944022288572897,0.323347749887863,0.659,0.737,1,"GRCh38-TASP1","TASP1","10"
0.0026851563795942,0.32327501510111,0.512,0.548,1,"GRCh38-PTDSS2","PTDSS2","10"
0.517574717469465,0.323186996571924,0.744,0.901,1,"GRCh38-VPS13B","VPS13B","10"
0.000112779268350707,0.322694582789189,0.686,0.766,1,"GRCh38-ERCC8","ERCC8","10"
0.443189094144857,0.32244754235007,0.774,0.926,1,"GRCh38-AGAP1","AGAP1","10"
0.335837207398176,0.322156060530436,0.54,0.599,1,"GRCh38-CPEB4","CPEB4","10"
0.00141704620694764,0.322154354242274,0.774,0.887,1,"GRCh38-PIK3C2A","PIK3C2A","10"
0.329561800898257,0.321929827238664,0.713,0.852,1,"GRCh38-RABGAP1L","RABGAP1L","10"
8.3617856091768e-05,0.321855321804996,0.41,0.402,1,"GRCh38-SLCO3A1","SLCO3A1","10"
0.0015424816799138,0.3216500139628,0.679,0.766,1,"GRCh38-COMMD3","COMMD3","10"
0.000972522071082714,0.321305572170579,0.993,0.995,1,"GRCh38-RPL14","RPL14","10"
1.76162964938676e-05,0.321175760215684,0.747,0.846,1,"GRCh38-IST1","IST1","10"
0.00544879250632333,0.321070589758234,0.293,0.288,1,"GRCh38-ENSG00000289340","ENSG00000289340","10"
0.00602590805454068,0.320811966810209,0.654,0.74,1,"GRCh38-SDF2","SDF2","10"
0.277452886262721,0.320637770955197,0.597,0.677,1,"GRCh38-SYNE1","SYNE1","10"
0.0575509824207059,0.320487035565508,0.833,0.964,1,"GRCh38-APP","APP","10"
0.0841239822608073,0.320302850412208,0.789,0.921,1,"GRCh38-ZNF644","ZNF644","10"
9.16508034743877e-05,0.320202080722431,0.777,0.89,1,"GRCh38-PDXDC1","PDXDC1","10"
0.029778237486816,0.319969690828765,0.679,0.796,1,"GRCh38-EFNA5","EFNA5","10"
0.000464206145603661,0.319834408820825,0.803,0.921,1,"GRCh38-HECTD1","HECTD1","10"
0.0671941898465977,0.319743517522566,0.607,0.642,1,"GRCh38-TMEM45A","TMEM45A","10"
0.0141800223912125,0.319457692807885,0.804,0.934,1,"GRCh38-ZNF148","ZNF148","10"
0.747268313775183,0.318764908609246,0.79,0.938,1,"GRCh38-PUM1","PUM1","10"
0.000176530032148201,0.318751465482307,0.709,0.796,1,"GRCh38-TBK1","TBK1","10"
0.00952803079107291,0.318180220833544,0.771,0.855,1,"GRCh38-SNX17","SNX17","10"
0.00595768976041553,0.317781133800973,0.681,0.783,1,"GRCh38-CMC4","CMC4","10"
0.159423847828017,0.317696190754457,0.731,0.878,1,"GRCh38-DYNC2H1","DYNC2H1","10"
0.000128338958353196,0.317208039655921,0.558,0.588,1,"GRCh38-FGD6","FGD6","10"
0.00508870285722107,0.316341706405974,0.632,0.696,1,"GRCh38-ANKRD13D","ANKRD13D","10"
0.131298078788834,0.31626012231837,0.773,0.923,1,"GRCh38-ITFG1","ITFG1","10"
0.715273602283496,0.316129264878756,0.75,0.877,1,"GRCh38-NUMB","NUMB","10"
0.000164259414024863,0.31529315071105,0.651,0.693,1,"GRCh38-PCOLCE2","PCOLCE2","10"
8.86070886126791e-05,0.315050973368904,0.752,0.852,1,"GRCh38-PAWR","PAWR","10"
0.00206652723977138,0.315043078055271,0.558,0.59,1,"GRCh38-CBX4","CBX4","10"
0.0106335333799584,0.314776838944458,0.326,0.318,1,"GRCh38-ENSG00000286533","ENSG00000286533","10"
0.000992858359497318,0.314757770983997,0.653,0.714,1,"GRCh38-SIK2","SIK2","10"
0.336837530790381,0.314588347508207,0.726,0.828,1,"GRCh38-CA12","CA12","10"
0.293969423148887,0.313959803591885,0.598,0.641,1,"GRCh38-PIK3R3","PIK3R3","10"
0.00019483781908821,0.313499235298869,0.703,0.787,1,"GRCh38-CYP20A1","CYP20A1","10"
0.168190168209353,0.313315327075,0.448,0.466,1,"GRCh38-ENSG00000286133","ENSG00000286133","10"
0.00911374817918751,0.312561877413297,0.753,0.872,1,"GRCh38-SMG6","SMG6","10"
0.000878890024258105,0.312038349446361,0.755,0.818,1,"GRCh38-TAF7","TAF7","10"
0.244649669732266,0.31151515379869,0.841,0.954,1,"GRCh38-UBE2R2","UBE2R2","10"
0.00774707192266238,0.311085910242499,0.752,0.864,1,"GRCh38-KDSR","KDSR","10"
0.228655201344555,0.31053304821998,0.948,0.984,1,"GRCh38-H3-3A","H3-3A","10"
7.14798234639555e-05,0.310178792081915,0.565,0.598,1,"GRCh38-CENATAC","CENATAC","10"
0.00224421740074993,0.31014143330839,0.591,0.633,1,"GRCh38-SPANXC","SPANXC","10"
0.00429688294047597,0.310049923182427,0.702,0.8,1,"GRCh38-KIDINS220","KIDINS220","10"
0.0314937422524239,0.309983500791597,0.674,0.755,1,"GRCh38-TFCP2","TFCP2","10"
0.0435142354289321,0.309412001997423,0.688,0.781,1,"GRCh38-TUT7","TUT7","10"
0.636733702663749,0.309132563251288,0.895,0.979,1,"GRCh38-RNASEK","RNASEK","10"
0.606898431941441,0.308529355884817,0.67,0.768,1,"GRCh38-ITPR2","ITPR2","10"
0.000168991867091565,0.308369301213722,0.736,0.823,1,"GRCh38-TNKS2","TNKS2","10"
0.398316483749629,0.308236631248179,0.784,0.932,1,"GRCh38-UTRN","UTRN","10"
0.783986237732553,0.308075941824256,0.785,0.907,1,"GRCh38-SERINC3","SERINC3","10"
0.00273085300788107,0.307985963645138,0.631,0.698,1,"GRCh38-ACAA1","ACAA1","10"
0.942248124777311,0.307869996068271,0.759,0.9,1,"GRCh38-ENOSF1","ENOSF1","10"
2.13994142690555e-05,0.307853056737715,0.987,0.992,1,"GRCh38-RPL36A","RPL36A","10"
0.815815048787595,0.307734664958929,0.459,0.494,1,"GRCh38-LINC02241","LINC02241","10"
0.00473643512280893,0.307586701387662,0.664,0.724,1,"GRCh38-DBNDD2","DBNDD2","10"
0.0293857627275509,0.30754751239373,0.828,0.944,1,"GRCh38-UQCRC2","UQCRC2","10"
2.017564605066e-05,0.307483387910995,0.579,0.626,1,"GRCh38-RSBN1","RSBN1","10"
0.0111172840116776,0.307214757287346,0.742,0.845,1,"GRCh38-ERGIC1","ERGIC1","10"
0.00165220039951959,0.30711077495591,0.756,0.867,1,"GRCh38-NCOA6","NCOA6","10"
0.00144554030123327,-0.306773350530332,0.412,0.417,1,"GRCh38-ENSG00000289450","ENSG00000289450","10"
0.000115726265047352,0.306727656207428,0.677,0.745,1,"GRCh38-RXYLT1","RXYLT1","10"
1.68180170834314e-05,0.3066858630902,0.626,0.67,1,"GRCh38-TEN1","TEN1","10"
0.000141414975317376,0.306676166733054,0.991,0.993,1,"GRCh38-RPL26","RPL26","10"
0.000202509952475197,0.306586855827595,0.714,0.797,1,"GRCh38-TULP4","TULP4","10"
0.618053683638082,0.306232784264107,0.786,0.899,1,"GRCh38-FBXO9","FBXO9","10"
0.000911548628428627,0.306160790754667,0.607,0.665,1,"GRCh38-TMEM101","TMEM101","10"
0.000103255765975897,0.305847090557093,0.561,0.592,1,"GRCh38-ARHGEF18","ARHGEF18","10"
0.310382422375401,0.305724235039272,0.777,0.918,1,"GRCh38-FHAD1","FHAD1","10"
1.46748480197459e-05,0.30554594917427,0.675,0.736,1,"GRCh38-UBE2D1","UBE2D1","10"
0.0018758285878112,0.305451200407225,0.635,0.7,1,"GRCh38-CYBC1","CYBC1","10"
0.00540053973147836,0.305254642774059,0.686,0.736,1,"GRCh38-DUSP3","DUSP3","10"
0.0959782392580384,0.305142502346572,0.746,0.9,1,"GRCh38-PTBP2","PTBP2","10"
0.000994011147286263,0.304451608783451,0.662,0.741,1,"GRCh38-SYNRG","SYNRG","10"
0.00469057336071594,0.304035181992647,0.991,0.994,1,"GRCh38-RPS14","RPS14","10"
0.0305287025917744,0.303858307761305,0.756,0.856,1,"GRCh38-PPIL4","PPIL4","10"
0.167366660220175,0.303634306883297,0.729,0.832,1,"GRCh38-MTHFD2L","MTHFD2L","10"
0.866090615364462,0.303462070755005,0.677,0.78,1,"GRCh38-EXOSC5","EXOSC5","10"
0.000102737567853722,0.303347615779124,0.587,0.602,1,"GRCh38-FAR2","FAR2","10"
7.36676820679561e-05,0.302859692870503,0.726,0.825,1,"GRCh38-ANO6","ANO6","10"
0.000517491127221435,0.302753564908169,0.735,0.813,1,"GRCh38-SLU7","SLU7","10"
0.654612141001211,0.302534739131815,0.702,0.812,1,"GRCh38-NXN","NXN","10"
0.017921983070157,0.302018752994626,0.318,0.311,1,"GRCh38-CCN2","CCN2","10"
0.000503189282957968,0.301940169935482,0.541,0.558,1,"GRCh38-PLAUR","PLAUR","10"
0.00776221066026501,0.301887041645927,0.518,0.546,1,"GRCh38-DOP1A","DOP1A","10"
0.00163790762121172,0.301874817160265,0.995,0.995,1,"GRCh38-RPL6","RPL6","10"
0.00108510986798709,0.301801789062329,0.802,0.917,1,"GRCh38-RBPJ","RBPJ","10"
0.238831095600435,0.301452137088494,0.806,0.95,1,"GRCh38-ANKRD17","ANKRD17","10"
0.138447546086572,0.301300129495744,0.719,0.836,1,"GRCh38-NEK1","NEK1","10"
0.175986420919525,0.300693288748779,0.739,0.862,1,"GRCh38-RABGEF1","RABGEF1","10"
2.40823962979455e-05,0.300686268869931,0.718,0.806,1,"GRCh38-CEP95","CEP95","10"
9.58919685707874e-05,0.300671716898641,0.876,0.96,1,"GRCh38-GNG12","GNG12","10"
0.299857224870667,0.300417292577459,0.667,0.784,1,"GRCh38-WDFY2","WDFY2","10"
0.00197710241882978,0.300405276352643,0.775,0.861,1,"GRCh38-PHC2","PHC2","10"
0.106436599658781,0.299991331996487,0.66,0.742,1,"GRCh38-COQ9","COQ9","10"
0.829127025622224,0.299972698637299,0.506,0.566,1,"GRCh38-IRF9","IRF9","10"
2.99366422890404e-05,0.299606132383228,0.626,0.683,1,"GRCh38-HAGH","HAGH","10"
0.393263803217893,0.299269779756622,0.576,0.645,1,"GRCh38-LGR4","LGR4","10"
0.24469830477219,0.299167883807779,0.827,0.945,1,"GRCh38-AFF4","AFF4","10"
7.84064609662938e-05,0.299090803461613,0.627,0.675,1,"GRCh38-GPANK1","GPANK1","10"
0.0287164644078733,0.298981667119293,0.999,0.996,1,"GRCh38-RPL13","RPL13","10"
0.00270321226680084,0.298408098981523,0.572,0.622,1,"GRCh38-QTRT1","QTRT1","10"
0.109781620511915,0.298127743230576,0.702,0.803,1,"GRCh38-HIBCH","HIBCH","10"
0.149162921488944,0.297525005174164,0.612,0.675,1,"GRCh38-DCBLD1","DCBLD1","10"
0.0427777046845442,0.297342019231512,0.633,0.707,1,"GRCh38-ZDHHC24","ZDHHC24","10"
0.000263986707876233,0.297221879396311,0.669,0.74,1,"GRCh38-CDC42SE2","CDC42SE2","10"
0.0490416998044977,0.297199246593342,0.779,0.903,1,"GRCh38-PDGFC","PDGFC","10"
0.23384828674199,0.297134060132429,0.885,0.968,1,"GRCh38-OST4","OST4","10"
0.0240958797572729,0.297081104104731,0.328,0.329,1,"GRCh38-GAGE12F","GAGE12F","10"
0.00463793616420152,0.297069985911236,0.696,0.772,1,"GRCh38-VHL","VHL","10"
0.00262616794141148,0.296943878119365,0.581,0.623,1,"GRCh38-ANKRD10","ANKRD10","10"
0.174303431408191,0.296931654024744,0.711,0.834,1,"GRCh38-USPL1","USPL1","10"
0.000131832888778508,0.29657975816363,0.76,0.856,1,"GRCh38-USP3","USP3","10"
0.933868465651246,0.296332224116222,0.818,0.929,1,"GRCh38-CISD1","CISD1","10"
0.0431458365406222,0.295887466050279,0.574,0.623,1,"GRCh38-C11orf80","C11orf80","10"
0.000204482211561437,0.295850908204981,0.715,0.798,1,"GRCh38-ORC2","ORC2","10"
0.0397729533434506,0.295817969324423,0.771,0.867,1,"GRCh38-SMAP1","SMAP1","10"
4.87744774492744e-05,0.295484049672986,0.603,0.747,1,"GRCh38-TMEM132A","TMEM132A","10"
0.00049064626408706,0.295237975470001,0.64,0.691,1,"GRCh38-MED29","MED29","10"
0.730702215997106,0.295175165977271,0.768,0.909,1,"GRCh38-ITGAV","ITGAV","10"
0.01415676033499,0.295149576933573,0.715,0.811,1,"GRCh38-SEC24B","SEC24B","10"
0.394379456799674,0.295038759180798,0.724,0.847,1,"GRCh38-MCPH1","MCPH1","10"
0.000166111603299678,0.295004496523598,0.734,0.844,1,"GRCh38-CHMP4A","CHMP4A","10"
0.295801717599229,0.294954746171229,0.985,0.992,1,"GRCh38-RPS15A","RPS15A","10"
9.38655949662675e-05,0.29480567301134,0.836,0.927,1,"GRCh38-COPS2","COPS2","10"
0.00583396024151263,0.294674087523661,0.543,0.584,1,"GRCh38-CHST3","CHST3","10"
0.515240116021009,0.294613795968889,0.737,0.869,1,"GRCh38-STX8","STX8","10"
0.00695207774414479,0.29459022267519,0.712,0.812,1,"GRCh38-PRKCI","PRKCI","10"
2.87254412224225e-05,0.294489706568698,0.702,0.831,1,"GRCh38-DLGAP4","DLGAP4","10"
0.0117043761686786,0.294412425670753,0.809,0.959,1,"GRCh38-REV3L","REV3L","10"
0.00104767885199549,0.294173315919857,0.717,0.787,1,"GRCh38-SNX4","SNX4","10"
0.0269206664397437,0.293746378009241,0.692,0.787,1,"GRCh38-RBFA","RBFA","10"
0.0102973856235026,0.293699794624281,0.593,0.648,1,"GRCh38-CEP85L","CEP85L","10"
0.00240558290899863,0.29367226432618,0.634,0.71,1,"GRCh38-ENSG00000290833","ENSG00000290833","10"
0.0721943102155202,0.29365446288608,0.789,0.934,1,"GRCh38-GPATCH8","GPATCH8","10"
0.00010811440881509,0.293613401416083,0.605,0.655,1,"GRCh38-PAAF1","PAAF1","10"
0.164425327082651,0.293482181834176,0.79,0.915,1,"GRCh38-OGA","OGA","10"
0.298640336813653,0.293246139293453,0.793,0.928,1,"GRCh38-CSAG1","CSAG1","10"
0.128987623935377,0.29310333454808,0.745,0.861,1,"GRCh38-ABL1","ABL1","10"
0.832148485787794,0.292938734917643,0.66,0.729,1,"GRCh38-BCAR3","BCAR3","10"
0.000220549911672649,0.292832640287203,0.734,0.814,1,"GRCh38-TAF12","TAF12","10"
0.0118565790727898,0.292047741890039,0.725,0.824,1,"GRCh38-ERP44","ERP44","10"
0.740227977416704,0.291940109524165,0.795,0.941,1,"GRCh38-MARCHF6","MARCHF6","10"
0.0406598130045827,0.291917182426179,0.651,0.745,1,"GRCh38-DCP1A","DCP1A","10"
0.00127389773881497,0.291764187179379,0.673,0.772,1,"GRCh38-STAG3L5P","STAG3L5P","10"
0.0315560600075504,0.291159488791933,0.715,0.848,1,"GRCh38-ZFHX3","ZFHX3","10"
0.597721220702274,0.290921706944219,0.653,0.749,1,"GRCh38-PIP5K1A","PIP5K1A","10"
0.663341906409288,0.29061314854095,0.542,0.609,1,"GRCh38-RANBP17","RANBP17","10"
0.0180165786651377,0.290338942526321,0.566,0.609,1,"GRCh38-EFHC1","EFHC1","10"
0.000303212495884187,0.290331186455269,0.799,0.897,1,"GRCh38-VTI1B","VTI1B","10"
0.000134300137635869,0.290302658321239,0.748,0.852,1,"GRCh38-MIB1","MIB1","10"
0.29578481208886,0.290088341444253,0.669,0.772,1,"GRCh38-CDIPT","CDIPT","10"
0.00716604339862942,0.289604206740572,0.864,0.959,1,"GRCh38-TLE5","TLE5","10"
0.000410054873889433,0.289561962176493,0.667,0.726,1,"GRCh38-RBM23","RBM23","10"
0.118437711562983,0.289394585073293,0.775,0.941,1,"GRCh38-EXOC4","EXOC4","10"
0.00110067081081784,0.289341383501293,0.642,0.726,1,"GRCh38-KIN","KIN","10"
0.000400013175603201,0.289143694858865,0.312,0.293,1,"GRCh38-ANKRD33B","ANKRD33B","10"
0.625236353786103,0.288802411772256,0.833,0.948,1,"GRCh38-CIRBP","CIRBP","10"
0.000532083149822693,0.288520139858439,0.624,0.675,1,"GRCh38-RAI1","RAI1","10"
0.391283725007848,0.288164460034224,0.678,0.78,1,"GRCh38-ESRRA","ESRRA","10"
0.00459503943648996,0.287542352664422,0.876,0.976,1,"GRCh38-IL6ST","IL6ST","10"
0.757319078100482,0.287165184337689,0.733,0.849,1,"GRCh38-VPS51","VPS51","10"
0.274673692388076,0.286939271678686,0.542,0.59,1,"GRCh38-FBXL2","FBXL2","10"
0.410207350670131,0.286666152958285,0.989,0.992,1,"GRCh38-RPL35A","RPL35A","10"
0.00122653110619323,0.286458366391606,0.675,0.748,1,"GRCh38-MFSD14A","MFSD14A","10"
0.00205711084833661,0.286398598305593,0.536,0.51,1,"GRCh38-ENSG00000234147","ENSG00000234147","10"
0.0375498486059558,0.285910837431661,0.591,0.639,1,"GRCh38-BCKDHB","BCKDHB","10"
0.0735867438057493,0.285812519519465,0.747,0.875,1,"GRCh38-RNF149","RNF149","10"
0.048007176948398,0.28573171807462,0.73,0.823,1,"GRCh38-MRTFB","MRTFB","10"
0.414212359627431,0.285454452032393,0.786,0.927,1,"GRCh38-PIGT","PIGT","10"
0.0337701443349731,0.285401395265281,0.815,0.916,1,"GRCh38-HADHB","HADHB","10"
0.229963767729923,0.28537647000646,0.797,0.951,1,"GRCh38-SETD5","SETD5","10"
0.0047757918062165,0.285232167032627,0.616,0.662,1,"GRCh38-NHERF1","NHERF1","10"
0.0173247966558987,0.285032242052584,0.709,0.82,1,"GRCh38-MAGEA3-DT","MAGEA3-DT","10"
0.0100512491239468,0.284785028607071,0.639,0.686,1,"GRCh38-SFXN4","SFXN4","10"
0.539182174156236,0.284560257513831,0.673,0.749,1,"GRCh38-TMTC1","TMTC1","10"
0.018379866309195,0.284487787791249,0.804,0.965,1,"GRCh38-JMJD1C","JMJD1C","10"
0.189994262916269,0.284484261742123,0.716,0.824,1,"GRCh38-LINC02577","LINC02577","10"
0.0553672005876636,0.284385204299984,0.495,0.536,1,"GRCh38-TRABD2A","TRABD2A","10"
0.22451918760048,0.284321845662942,0.854,0.959,1,"GRCh38-SKIC3","SKIC3","10"
0.00371116240605536,0.284254365987343,0.852,0.972,1,"GRCh38-UBXN4","UBXN4","10"
0.00312396102504094,0.283843691094046,0.739,0.843,1,"GRCh38-MAF1","MAF1","10"
0.0414683849712374,0.283574853176273,0.8,0.914,1,"GRCh38-MNAT1","MNAT1","10"
0.814746877408543,0.283524609909099,0.552,0.621,1,"GRCh38-PPP1R13L","PPP1R13L","10"
0.345921402352922,0.283515155615057,0.66,0.757,1,"GRCh38-ANKS1A","ANKS1A","10"
0.00273922899834532,0.283450531119795,0.807,0.944,1,"GRCh38-CLIP1","CLIP1","10"
2.57739223501532e-05,0.283418198003982,0.67,0.723,1,"GRCh38-EPC2","EPC2","10"
0.494938776999691,0.283145356526593,0.313,0.332,1,"GRCh38-UBBP4","UBBP4","10"
0.587848404198221,0.283106406901148,0.593,0.649,1,"GRCh38-DSEL","DSEL","10"
0.0854739580279359,0.282927748111225,0.806,0.904,1,"GRCh38-HDAC1","HDAC1","10"
5.24045738205364e-05,0.282820148881424,0.751,0.855,1,"GRCh38-KRIT1","KRIT1","10"
0.0020721550423539,0.282528587985228,0.428,0.441,1,"GRCh38-FAM161A","FAM161A","10"
0.124825284012565,0.282406928557866,0.811,0.933,1,"GRCh38-SMIM26","SMIM26","10"
0.0209625409559247,0.28240131660016,0.607,0.67,1,"GRCh38-PSEN1","PSEN1","10"
0.518063568935417,0.282330740492803,0.663,0.774,1,"GRCh38-ZNF462","ZNF462","10"
0.275794731714201,0.282125277190819,0.752,0.868,1,"GRCh38-HERC2","HERC2","10"
0.00374900224539001,0.282090449465475,0.439,0.442,1,"GRCh38-DUSP10","DUSP10","10"
0.495730352583771,0.281592819751492,0.727,0.858,1,"GRCh38-TRERF1","TRERF1","10"
0.00329011830224452,0.281526682217127,0.541,0.636,1,"GRCh38-LINC01446","LINC01446","10"
0.340532786104867,0.281501295167773,0.611,0.679,1,"GRCh38-MEIS2","MEIS2","10"
0.113379219483853,0.280981161193254,0.387,0.396,1,"GRCh38-ENOX1","ENOX1","10"
0.54749317356563,0.280833625925114,0.764,0.877,1,"GRCh38-NT5DC1","NT5DC1","10"
0.00010431260123037,0.28075161592674,0.664,0.734,1,"GRCh38-PMS1","PMS1","10"
0.213106469214738,0.280508576056797,0.827,0.959,1,"GRCh38-SARAF","SARAF","10"
0.231778886870674,0.280446482381916,0.746,0.868,1,"GRCh38-TNRC18","TNRC18","10"
1.56957973285239e-05,0.280437774086008,0.281,0.259,1,"GRCh38-VGLL3","VGLL3","10"
2.15215788103848e-05,0.28015219024693,0.579,0.611,1,"GRCh38-STIM1","STIM1","10"
8.59638627530669e-05,0.280026622765573,0.655,0.725,1,"GRCh38-CLASRP","CLASRP","10"
0.810566010395767,0.279832800005189,0.72,0.819,1,"GRCh38-PEDS1","PEDS1","10"
0.0316968555680183,0.279732609768842,0.573,0.634,1,"GRCh38-SLC23A2","SLC23A2","10"
0.000455899146120893,0.279428290046416,0.76,0.841,1,"GRCh38-CDC42BPB","CDC42BPB","10"
1.56630622408107e-05,0.279268835721781,0.595,0.633,1,"GRCh38-ZNF431","ZNF431","10"
0.000354606295703579,0.27919841071838,0.753,0.858,1,"GRCh38-LPGAT1","LPGAT1","10"
0.299087682560792,0.279013552896493,0.699,0.797,1,"GRCh38-ZNHIT3","ZNHIT3","10"
0.968203414751748,0.278730227782048,0.651,0.754,1,"GRCh38-EMC10","EMC10","10"
2.65783686541163e-05,0.278596051645183,0.627,0.67,1,"GRCh38-DNAAF2","DNAAF2","10"
0.324551954621301,0.278453528966833,0.667,0.74,1,"GRCh38-NDRG3","NDRG3","10"
0.488983932910205,0.278362066517172,0.674,0.771,1,"GRCh38-CCDC57","CCDC57","10"
0.626855151427984,0.278352260965573,0.703,0.82,1,"GRCh38-ATG10","ATG10","10"
0.207130110062204,0.278321685733574,0.83,0.956,1,"GRCh38-WDR70","WDR70","10"
0.00171779590818267,0.277554157049832,0.733,0.871,1,"GRCh38-USP32","USP32","10"
0.00273721229652981,0.277192082120976,0.752,0.835,1,"GRCh38-FAM200B","FAM200B","10"
0.0898175650374122,0.276963744138527,0.799,0.925,1,"GRCh38-UBE2H","UBE2H","10"
0.257495387406689,0.276751961416575,0.713,0.835,1,"GRCh38-MECOM","MECOM","10"
0.0821132060662301,0.27617845943995,0.251,0.279,1,"GRCh38-ENSG00000251199","ENSG00000251199","10"
1.57408523795975e-05,0.275991022944984,0.603,0.637,1,"GRCh38-ARHGEF11","ARHGEF11","10"
1.78036331205731e-05,0.27542121760811,0.782,0.87,1,"GRCh38-EML4","EML4","10"
5.32775706343594e-05,0.275202406871411,0.495,0.51,1,"GRCh38-TSEN54","TSEN54","10"
0.15087027434961,0.274815901948529,0.634,0.712,1,"GRCh38-PEAK1","PEAK1","10"
1.8499447386598e-05,0.27461051154306,0.344,0.313,1,"GRCh38-SPOCK3","SPOCK3","10"
0.458333826074311,0.274544426109807,0.759,0.87,1,"GRCh38-MGAT4B","MGAT4B","10"
0.052206185452057,0.274543142057378,0.709,0.814,1,"GRCh38-HERC1","HERC1","10"
0.0709542074502258,0.274489605694944,0.723,0.832,1,"GRCh38-ABCC1","ABCC1","10"
0.000915822653272669,0.274012644458137,0.178,0.158,1,"GRCh38-CDH8","CDH8","10"
0.0623235024424845,0.27368159199407,0.543,0.576,1,"GRCh38-KLF12","KLF12","10"
0.0441325165118486,0.273403084378217,0.643,0.718,1,"GRCh38-SESTD1","SESTD1","10"
0.00021791089650977,0.273380953764339,0.763,0.855,1,"GRCh38-WASHC3","WASHC3","10"
0.426033205638922,0.273245996911645,0.638,0.717,1,"GRCh38-TPST2","TPST2","10"
0.0046267583937442,0.273180451632121,0.59,0.642,1,"GRCh38-ST7L","ST7L","10"
0.820860217900005,0.273139757228547,0.738,0.843,1,"GRCh38-CCNH","CCNH","10"
3.1797680242616e-05,0.272372271125415,0.607,0.651,1,"GRCh38-WDR44","WDR44","10"
0.0322753830819903,0.272309205136622,0.674,0.759,1,"GRCh38-ZNF618","ZNF618","10"
0.602694766622313,0.272239294685456,0.77,0.872,1,"GRCh38-ZNF428","ZNF428","10"
0.00123080454381976,0.272147493033074,0.389,0.384,1,"GRCh38-ANKUB1","ANKUB1","10"
0.428234391406757,0.272126010248311,0.864,0.958,1,"GRCh38-RALA","RALA","10"
0.190238837403172,0.272017489386661,0.789,0.905,1,"GRCh38-CARS1","CARS1","10"
0.0315301639909482,0.271800497333206,0.989,0.991,1,"GRCh38-RPS9","RPS9","10"
0.00285619715973281,0.2714462744214,0.547,0.593,1,"GRCh38-POGLUT1","POGLUT1","10"
0.271067885408438,0.27137887682626,0.58,0.667,1,"GRCh38-FAM222B","FAM222B","10"
0.000123922458644126,0.27133811129227,0.661,0.729,1,"GRCh38-MORC3","MORC3","10"
0.373663718174641,0.271135671011367,0.795,0.926,1,"GRCh38-GSTK1","GSTK1","10"
0.183950209804831,0.271057117622404,0.786,0.925,1,"GRCh38-ODF2L","ODF2L","10"
0.00453967023984638,0.270839555040423,0.713,0.819,1,"GRCh38-WDR13","WDR13","10"
0.474142034375885,0.270778134991706,0.736,0.882,1,"GRCh38-RFX7","RFX7","10"
0.0426405645479943,0.270768056458056,0.707,0.85,1,"GRCh38-INVS","INVS","10"
0.119708092927883,0.270628402937835,0.732,0.864,1,"GRCh38-UBR2","UBR2","10"
0.480965363767855,0.27001352779068,0.705,0.791,1,"GRCh38-SKIL","SKIL","10"
0.692775833867948,0.269887220534298,0.754,0.886,1,"GRCh38-NSMCE1","NSMCE1","10"
2.68797719842946e-05,0.269830549093261,0.699,0.776,1,"GRCh38-PRKD3","PRKD3","10"
0.925376670028681,0.269755823588837,0.762,0.889,1,"GRCh38-ARFGEF1","ARFGEF1","10"
0.0151224993614272,0.269705417359471,0.885,0.972,1,"GRCh38-FXR1","FXR1","10"
0.00123399817804392,0.269533494814271,0.632,0.674,1,"GRCh38-GSDME","GSDME","10"
5.11251164925231e-05,0.269333401943617,0.592,0.629,1,"GRCh38-MAGEF1","MAGEF1","10"
0.00351566827273912,0.269209045856039,0.67,0.739,1,"GRCh38-BCL9L","BCL9L","10"
0.862894610478667,0.269029017752931,0.406,0.431,1,"GRCh38-ENSG00000243797","ENSG00000243797","10"
0.408132667240432,0.268889123919541,0.686,0.8,1,"GRCh38-MBOAT7","MBOAT7","10"
2.93567759486666e-05,0.268809699690542,0.389,0.458,1,"GRCh38-SNAI1","SNAI1","10"
0.00434199018344308,0.268198935621614,0.646,0.716,1,"GRCh38-ZZEF1","ZZEF1","10"
0.718978352096051,0.268182280274012,0.674,0.79,1,"GRCh38-VPS13A","VPS13A","10"
0.0770506203443768,0.268173120205617,0.305,0.31,1,"GRCh38-LRG1","LRG1","10"
0.000258201943881202,0.268002224868008,0.656,0.718,1,"GRCh38-ZXDC","ZXDC","10"
0.227309054102439,0.267902597404732,0.994,0.993,1,"GRCh38-RPL7A","RPL7A","10"
0.008435188761388,0.267841310338091,0.528,0.625,1,"GRCh38-SAMD1","SAMD1","10"
0.0068507560642803,0.267800697602161,0.591,0.627,1,"GRCh38-NECAP2","NECAP2","10"
0.510985104853455,0.267692401355675,0.769,0.911,1,"GRCh38-ZNF292","ZNF292","10"
1.39483863586148e-05,0.267612345483447,0.493,0.507,1,"GRCh38-FLYWCH1","FLYWCH1","10"
0.00485446162481227,-0.26733802658571,0.085,0.1,1,"GRCh38-ENSG00000289309","ENSG00000289309","10"
1.82652006899017e-05,0.26718018075758,0.617,0.648,1,"GRCh38-NCK2","NCK2","10"
0.00905114187726227,0.266983889927385,0.579,0.629,1,"GRCh38-RFNG","RFNG","10"
0.000290203456390629,0.266707543320896,0.624,0.672,1,"GRCh38-ZNF655","ZNF655","10"
3.33793140706077e-05,0.266583143357539,0.673,0.725,1,"GRCh38-CREG1","CREG1","10"
0.0839832686813607,0.266467863971835,0.423,0.467,1,"GRCh38-CHSY3","CHSY3","10"
0.0285942493381221,0.266382576950706,0.679,0.762,1,"GRCh38-SIN3B","SIN3B","10"
0.813453420959146,0.266160038416777,0.991,0.993,1,"GRCh38-RPS3A","RPS3A","10"
0.00833990475132662,0.265863464853091,0.434,0.455,1,"GRCh38-TMEM98","TMEM98","10"
0.754756748178733,0.265688055872943,0.804,0.932,1,"GRCh38-SNX9","SNX9","10"
5.03018392527003e-05,0.265578980881529,0.609,0.652,1,"GRCh38-SLC9A8","SLC9A8","10"
0.00019638926372064,0.265131685980353,0.774,0.855,1,"GRCh38-SUPT5H","SUPT5H","10"
0.0402648291527402,0.265095538433976,0.782,0.92,1,"GRCh38-ARGLU1","ARGLU1","10"
0.00223740070894542,0.265060498056792,0.689,0.76,1,"GRCh38-JKAMP","JKAMP","10"
2.04280279584263e-05,0.264941655539189,0.596,0.622,1,"GRCh38-FAH","FAH","10"
4.43491023899349e-05,0.264906242995243,0.553,0.573,1,"GRCh38-DZIP3","DZIP3","10"
0.0110610401240043,0.264402630651641,0.654,0.721,1,"GRCh38-USP4","USP4","10"
0.686979543438537,0.264329749279402,0.75,0.862,1,"GRCh38-TIMM9","TIMM9","10"
0.0139968280214157,0.264325329809697,0.752,0.856,1,"GRCh38-FNTA","FNTA","10"
1.9910138961337e-05,0.264082809150599,0.477,0.486,1,"GRCh38-GLMP","GLMP","10"
7.14892916535751e-05,0.263952002072002,0.624,0.659,1,"GRCh38-BLMH","BLMH","10"
0.241071662575603,0.263901600675668,0.868,0.967,1,"GRCh38-SNX6","SNX6","10"
0.916519167639602,0.263851113439548,0.806,0.953,1,"GRCh38-CHD9","CHD9","10"
0.355531274378569,0.263820194023419,0.797,0.921,1,"GRCh38-RTL8A","RTL8A","10"
0.0038020914394809,0.263744456842334,0.53,0.557,1,"GRCh38-PC","PC","10"
0.00313116089035892,0.263480176715505,0.653,0.705,1,"GRCh38-BLOC1S4","BLOC1S4","10"
0.0135338255792238,0.263418686577856,0.684,0.769,1,"GRCh38-ADGRA3","ADGRA3","10"
0.000180142031555205,0.263410141699079,0.582,0.617,1,"GRCh38-ENSG00000291203","ENSG00000291203","10"
7.7748287331087e-05,0.263340905990381,0.372,0.362,1,"GRCh38-COL4A2","COL4A2","10"
0.115620988821914,0.263145509458977,0.765,0.911,1,"GRCh38-XRN1","XRN1","10"
0.0407980662533777,0.262985512501387,0.529,0.599,1,"GRCh38-CXADR","CXADR","10"
0.0913185285517866,0.262878302893669,0.902,0.986,1,"GRCh38-PPIB","PPIB","10"
0.00969812732809163,0.262579933492109,0.673,0.757,1,"GRCh38-CCDC66","CCDC66","10"
0.620092161544194,0.262517714311179,0.727,0.855,1,"GRCh38-MPST","MPST","10"
0.410666567904597,0.262198516748024,0.516,0.561,1,"GRCh38-TMEM67","TMEM67","10"
0.74699833923294,0.261770806751946,0.679,0.811,1,"GRCh38-POLR2J3","POLR2J3","10"
0.0624779797385919,0.261234654121632,0.605,0.668,1,"GRCh38-PML","PML","10"
0.142683722476569,0.260706598761041,0.653,0.735,1,"GRCh38-RNF38","RNF38","10"
0.0019187151499659,0.260588735791891,0.58,0.618,1,"GRCh38-HACL1","HACL1","10"
0.589184531449174,0.260250587283109,0.85,0.959,1,"GRCh38-ZRANB2","ZRANB2","10"
0.00823906334023678,0.260167434819412,0.471,0.497,1,"GRCh38-TMEM63B","TMEM63B","10"
0.00742840314228378,0.260044888494977,0.473,0.494,1,"GRCh38-ENSG00000291067","ENSG00000291067","10"
0.649164849081788,0.259998330872941,0.54,0.594,1,"GRCh38-NECTIN3","NECTIN3","10"
0.926679527562921,0.259920884921376,0.7,0.818,1,"GRCh38-POGZ","POGZ","10"
0.00751976598524672,0.259835798857979,0.627,0.691,1,"GRCh38-MRTFA","MRTFA","10"
0.00853388693432698,0.259812150737958,0.747,0.845,1,"GRCh38-DNPEP","DNPEP","10"
0.0330005870062234,0.259766403746226,0.661,0.747,1,"GRCh38-FAM3A","FAM3A","10"
0.0123198873557014,0.259504074333526,0.791,0.934,1,"GRCh38-MKLN1","MKLN1","10"
0.0270411267926003,0.259412349550613,0.758,0.899,1,"GRCh38-LAMC1","LAMC1","10"
0.0776936159736056,0.25924094288583,0.937,0.984,1,"GRCh38-IRX2-DT","IRX2-DT","10"
0.167827071577708,0.259221752774998,0.713,0.821,1,"GRCh38-SPOP","SPOP","10"
0.259189651805654,0.259179005326618,0.695,0.785,1,"GRCh38-SLC25A26","SLC25A26","10"
0.000337384455123505,0.259029482272196,0.568,0.587,1,"GRCh38-MBOAT2","MBOAT2","10"
0.0341615465972942,0.258722063459953,0.635,0.705,1,"GRCh38-SLX4IP","SLX4IP","10"
0.39182658293761,0.258703715334574,0.818,0.938,1,"GRCh38-NSRP1","NSRP1","10"
1.62112867303148e-05,0.258370318506062,0.998,0.997,1,"GRCh38-RPL37","RPL37","10"
0.677223598642823,0.258078298834563,0.679,0.775,1,"GRCh38-ARHGEF10","ARHGEF10","10"
0.000614813184546458,0.258034254931297,0.707,0.783,1,"GRCh38-DCUN1D4","DCUN1D4","10"
0.0632294428721022,0.257758551334001,0.584,0.676,1,"GRCh38-BAIAP2","BAIAP2","10"
0.00140275564945945,0.257440586733837,0.853,0.974,1,"GRCh38-NPC2","NPC2","10"
0.0642495446475201,0.257387887355113,0.791,0.9,1,"GRCh38-MRPL34","MRPL34","10"
5.96275879255968e-05,0.257356330247946,0.728,0.812,1,"GRCh38-ARMC10","ARMC10","10"
0.873823589984239,0.257326856672652,0.754,0.902,1,"GRCh38-ATXN2","ATXN2","10"
0.0115682930152839,0.257213497556467,0.665,0.711,1,"GRCh38-CCDC91","CCDC91","10"
0.840590812724936,0.257164714170118,0.732,0.862,1,"GRCh38-SNX14","SNX14","10"
4.59087380945827e-05,0.25697818837104,0.719,0.846,1,"GRCh38-RIN2","RIN2","10"
0.49685340125733,0.256627398107579,0.826,0.954,1,"GRCh38-VEGFB","VEGFB","10"
0.150723821258898,0.256576060716458,0.608,0.674,1,"GRCh38-SH3RF1","SH3RF1","10"
4.79336076456266e-05,0.256422310262655,0.72,0.793,1,"GRCh38-CAPN7","CAPN7","10"
0.0200796096925065,0.256170963032592,0.697,0.798,1,"GRCh38-MDM4","MDM4","10"
0.0933927206872121,0.256107700827268,0.619,0.666,1,"GRCh38-DAPK3","DAPK3","10"
0.17765215481426,0.255289578117649,0.548,0.634,1,"GRCh38-DDR1","DDR1","10"
0.0117840245432459,0.255167093710033,0.428,0.428,1,"GRCh38-LINC02438","LINC02438","10"
0.725305744339707,0.254966352231188,0.672,0.755,1,"GRCh38-CORO1B","CORO1B","10"
0.00503317512090226,0.254961824494506,0.639,0.756,1,"GRCh38-LINC00470","LINC00470","10"
0.273691246751547,0.254581265200332,0.54,0.589,1,"GRCh38-GYS1","GYS1","10"
0.347368100979784,0.254527523600627,0.766,0.896,1,"GRCh38-VCAN","VCAN","10"
0.957076302807622,0.254421494951288,0.918,0.977,1,"GRCh38-POLR1D","POLR1D","10"
0.00847409943144714,0.254314953434031,0.574,0.626,1,"GRCh38-SIRT2","SIRT2","10"
0.139922613359779,0.254129672926403,0.669,0.759,1,"GRCh38-SCO2","SCO2","10"
0.93145381865661,0.253851158579206,0.721,0.853,1,"GRCh38-EPC1","EPC1","10"
0.0473811552236315,0.25351665215205,0.611,0.72,1,"GRCh38-PCCA","PCCA","10"
0.00179121360814644,0.253491681931803,0.666,0.727,1,"GRCh38-AGPAT3","AGPAT3","10"
2.20018501400228e-05,0.253453996696333,0.564,0.598,1,"GRCh38-ATF6B","ATF6B","10"
0.000273030708375364,0.253329650381534,0.384,0.379,1,"GRCh38-GRK4","GRK4","10"
0.0337999437128032,0.252864902766282,0.63,0.755,1,"GRCh38-PPP1R12B","PPP1R12B","10"
5.29780003402699e-05,0.252757929967038,0.551,0.577,1,"GRCh38-RELCH","RELCH","10"
0.00476157654200874,0.252617248698911,0.691,0.763,1,"GRCh38-ATF1","ATF1","10"
0.24290026555272,0.252590202711319,0.699,0.803,1,"GRCh38-BAIAP2L1","BAIAP2L1","10"
0.3976419028027,0.252446690408443,0.796,0.918,1,"GRCh38-CALCOCO2","CALCOCO2","10"
0.0719749757891324,0.251868395018287,0.989,0.99,1,"GRCh38-RPL17","RPL17","10"
0.89691058325627,0.251863007573202,0.728,0.848,1,"GRCh38-RALGAPA1","RALGAPA1","10"
0.000164912209756983,0.251748549716953,0.647,0.69,1,"GRCh38-SEC22B","SEC22B","10"
0.054978574600631,0.251729770563888,0.462,0.488,1,"GRCh38-IL6R","IL6R","10"
0.732994298174916,0.251389946962844,0.996,0.996,1,"GRCh38-RPL11","RPL11","10"
0.151413446212883,0.251242808288664,0.77,0.889,1,"GRCh38-TMED4","TMED4","10"
0.387919816919678,0.250640708945395,0.641,0.733,1,"GRCh38-SSBP3","SSBP3","10"
0.00935509942202523,0.25045894458671,0.852,0.958,1,"GRCh38-CHCHD3","CHCHD3","10"
0.00198517758342203,0.250066693772314,0.489,0.496,1,"GRCh38-MSC","MSC","10"
