"p_val","avg_log2FC","pct.1","pct.2","p_val_adj","gene","gene_symbol","cluster"
3.66714174319354e-233,0.513835621198247,0.262,0.011,2.65141682316379e-228,"GRCh38-DLX3","DLX3","14"
4.39156214586989e-233,2.30530856049416,0.871,0.142,3.17518726270685e-228,"GRCh38-SMAD9","SMAD9","14"
7.11265063028554e-230,0.883126467459756,0.333,0.018,5.14258865870905e-225,"GRCh38-ENSG00000286387","ENSG00000286387","14"
9.08065504998329e-213,0.471436947452296,0.205,0.007,6.56549521423892e-208,"GRCh38-IL21-AS1","IL21-AS1","14"
3.49160091785482e-208,1.28818616610793,0.652,0.08,2.52449729562739e-203,"GRCh38-GPRIN3","GPRIN3","14"
1.15959060321426e-200,0.307861212845182,0.2,0.007,8.38407197935976e-196,"GRCh38-ACVRL1","ACVRL1","14"
2.42216102351016e-197,1.3462515280643,0.686,0.098,1.75127086321832e-192,"GRCh38-DLX2","DLX2","14"
5.34389521355629e-151,0.468062811752332,0.219,0.012,3.86374311730547e-146,"GRCh38-PRRX2","PRRX2","14"
1.69590053068083e-134,2.58773267862259,0.895,0.25,1.22617000169285e-129,"GRCh38-TRDN","TRDN","14"
9.0838938874139e-129,0.298672382993485,0.11,0.003,6.567836958478e-124,"GRCh38-ENSG00000285981","ENSG00000285981","14"
1.31877477176004e-127,0.264989256737196,0.124,0.004,9.53500535477942e-123,"GRCh38-ENSG00000259977","ENSG00000259977","14"
5.91476021362106e-126,1.4830657940743,0.838,0.24,4.2764899296523e-121,"GRCh38-DLX1","DLX1","14"
9.88082285034907e-126,0.532702997004769,0.186,0.01,7.14403253725939e-121,"GRCh38-ENSG00000251033","ENSG00000251033","14"
5.55073152743973e-125,0.527584624555097,0.19,0.011,4.01328990896947e-120,"GRCh38-SYTL5","SYTL5","14"
1.3141889882277e-122,0.611238435279112,0.367,0.041,9.50184922268392e-118,"GRCh38-MUC13","MUC13","14"
1.38546368431046e-121,1.55855490565423,0.762,0.184,1.00171795303015e-116,"GRCh38-CBLN2","CBLN2","14"
4.20544734443277e-121,1.74339853847301,0.905,0.281,3.04062253897178e-116,"GRCh38-ID2","ID2","14"
1.54008048824013e-117,0.962852509772631,0.31,0.03,1.11350899460738e-112,"GRCh38-LINC02462","LINC02462","14"
5.67812330855824e-111,2.86152763508193,0.986,0.784,4.10539671455378e-106,"GRCh38-ID3","ID3","14"
6.60904302317725e-108,1.89515112971616,0.671,0.146,4.77847028661762e-103,"GRCh38-LINC01541","LINC01541","14"
9.02057867482812e-106,2.05207845047229,0.805,0.234,6.52205879347423e-101,"GRCh38-TSPAN8","TSPAN8","14"
1.49284232153987e-102,1.29864185518361,0.619,0.137,1.07935485531976e-97,"GRCh38-CASC17","CASC17","14"
1.84834911891038e-100,0.428070464956611,0.233,0.02,1.33639337995458e-95,"GRCh38-LINC02501","LINC02501","14"
7.10521410938071e-100,1.08371064342148,0.538,0.102,5.13721190536444e-95,"GRCh38-LNC-LBCS","LNC-LBCS","14"
7.24986568913385e-100,1.46402407926486,0.733,0.206,5.24179789055756e-95,"GRCh38-RASL11A","RASL11A","14"
5.76169163407389e-99,1.97104516076502,0.867,0.345,4.1658182852681e-94,"GRCh38-MEF2C","MEF2C","14"
1.08842593944034e-97,3.15538113175399,0.833,0.295,7.86953722734158e-93,"GRCh38-MGAT4C","MGAT4C","14"
3.18675501242293e-97,1.58255726575085,0.729,0.189,2.30408760908203e-92,"GRCh38-HPGD","HPGD","14"
6.18850789215219e-97,2.42376825315248,0.99,0.797,4.47441497618387e-92,"GRCh38-ID1","ID1","14"
4.83764815686406e-95,1.56981634654617,0.81,0.276,3.49771637037586e-90,"GRCh38-EFHD1","EFHD1","14"
5.42023949153514e-95,0.918409317717406,0.481,0.085,3.91894155716973e-90,"GRCh38-ENSG00000288560","ENSG00000288560","14"
4.79961105923043e-94,1.2582929883225,0.648,0.153,3.47021478804478e-89,"GRCh38-CARD18","CARD18","14"
1.93714053335788e-93,2.13996526830299,0.986,0.779,1.40059134842841e-88,"GRCh38-LIMCH1","LIMCH1","14"
5.51560349686216e-93,1.91717145009181,0.976,0.618,3.98789164030128e-88,"GRCh38-SAMD11","SAMD11","14"
6.59736829082321e-92,1.03279303530599,0.543,0.108,4.770029221631e-87,"GRCh38-VIT","VIT","14"
5.11120244468029e-90,0.346477204252581,0.138,0.008,3.69550159155275e-85,"GRCh38-MAGEB3","MAGEB3","14"
1.69459119883276e-86,0.836816385488912,0.41,0.068,1.22522332858006e-81,"GRCh38-DOK5","DOK5","14"
4.46007942595563e-84,1.99352373219668,0.705,0.208,3.22472662655444e-79,"GRCh38-CCSER1","CCSER1","14"
1.50643949883806e-83,0.401149157423581,0.224,0.022,1.0891858864499e-78,"GRCh38-TSPAN11","TSPAN11","14"
6.00422590341992e-83,1.69708691559318,0.99,0.546,4.34117541269067e-78,"GRCh38-ANGPT1","ANGPT1","14"
1.45819201025689e-82,2.15236994518633,0.99,0.855,1.05430198725594e-77,"GRCh38-PCDH7","PCDH7","14"
1.93565035288582e-82,1.78339211198066,0.99,0.858,1.3995139181435e-77,"GRCh38-CARD16","CARD16","14"
3.57254139496551e-82,1.26433674363245,0.79,0.298,2.58301887938796e-77,"GRCh38-SMAD6","SMAD6","14"
3.79994596148287e-80,1.9917939584213,0.857,0.363,2.74743692907135e-75,"GRCh38-IGFBP5","IGFBP5","14"
7.90670888384727e-78,1.07682578234867,0.59,0.152,5.71670865719925e-73,"GRCh38-BAMBI","BAMBI","14"
2.61292928734236e-76,0.846344045264713,0.3,0.042,1.88920013333427e-71,"GRCh38-ENSG00000253659","ENSG00000253659","14"
3.99483220118358e-76,1.83274964112758,0.795,0.317,2.88834357809975e-71,"GRCh38-CAP2","CAP2","14"
5.35560780194248e-74,0.774680867487413,0.371,0.064,3.87221155296045e-69,"GRCh38-LINC01374","LINC01374","14"
7.50627324971893e-74,0.580392745363898,0.257,0.032,5.42718568501178e-69,"GRCh38-ENSG00000254366","ENSG00000254366","14"
3.22746028740296e-73,1.71546877830254,0.819,0.331,2.33351833699809e-68,"GRCh38-AKAP6","AKAP6","14"
9.2168591166874e-73,1.07412096732398,0.614,0.175,6.66397347854732e-68,"GRCh38-ADGRB3-DT","ADGRB3-DT","14"
3.91510011523471e-72,0.830578141064002,0.519,0.121,2.830695685317e-67,"GRCh38-TMEM100","TMEM100","14"
9.60102842213902e-71,1.18546054401704,0.81,0.336,6.94173556977495e-66,"GRCh38-ATOH8","ATOH8","14"
2.50438488695268e-70,1.62438887947232,0.867,0.425,1.81072036096452e-65,"GRCh38-SCN9A","SCN9A","14"
9.14972490706249e-70,1.89315028427947,0.748,0.261,6.61543410230432e-65,"GRCh38-NTNG1","NTNG1","14"
2.80381964305242e-68,0.950952090203343,0.571,0.156,2.02721767831976e-63,"GRCh38-ENSG00000226043","ENSG00000226043","14"
1.86338299309739e-67,1.35849946405271,0.99,0.694,1.34726317166928e-62,"GRCh38-CFI","CFI","14"
3.0357816166284e-67,1.39810422343972,0.495,0.117,2.19493082445466e-62,"GRCh38-ENSG00000287352","ENSG00000287352","14"
2.52037596172929e-65,0.577178948937856,0.4,0.082,1.82228222784951e-60,"GRCh38-LINC02593","LINC02593","14"
5.08114378921547e-65,1.49842843209099,0.986,0.864,3.67376858247857e-60,"GRCh38-ITPRID2","ITPRID2","14"
3.72896250322075e-64,1.13972544763597,1,0.934,2.69611446907867e-59,"GRCh38-AOPEP","AOPEP","14"
2.73986063015647e-63,1.05128105550503,0.529,0.146,1.98097403281573e-58,"GRCh38-CCDC68","CCDC68","14"
3.55512408081727e-62,1.28555437780119,0.952,0.659,2.5704258129125e-57,"GRCh38-CDON","CDON","14"
6.03087543953592e-62,0.467312869370504,0.248,0.035,4.36044356029326e-57,"GRCh38-UGT1A8","UGT1A8","14"
9.54904778916137e-62,0.410381250493112,0.248,0.035,6.90415253251945e-57,"GRCh38-TTLL6","TTLL6","14"
1.85006442366002e-60,1.48072049006412,1,0.83,1.33763357959467e-55,"GRCh38-CHRM3","CHRM3","14"
1.03141495329885e-59,1.83317755200558,0.995,0.764,7.45733639534132e-55,"GRCh38-PTN","PTN","14"
1.16204197245562e-59,1.92174104820221,0.781,0.355,8.4017958692486e-55,"GRCh38-ADGRB3","ADGRB3","14"
2.48101435164912e-59,1.09811069919528,0.971,0.737,1.79382299652935e-54,"GRCh38-TBX3","TBX3","14"
5.38137933857387e-59,1.71926497863333,0.795,0.357,3.89084488937568e-54,"GRCh38-AKAP12","AKAP12","14"
7.07125140163593e-59,1.50976029075149,0.924,0.553,5.11265618841081e-54,"GRCh38-IL7","IL7","14"
5.62164795478948e-58,1.10997003373838,0.586,0.179,4.06456390427189e-53,"GRCh38-ENSG00000289612","ENSG00000289612","14"
2.0955602218447e-57,0.551705035606025,0.329,0.062,1.51513195159815e-52,"GRCh38-ENSG00000287306","ENSG00000287306","14"
2.58438373647869e-57,0.801648164418239,0.262,0.041,1.86856112914882e-52,"GRCh38-UGT2B11","UGT2B11","14"
2.30130111529182e-56,1.50871022550599,0.838,0.485,1.66388673237829e-51,"GRCh38-RMDN2","RMDN2","14"
3.31557845981925e-56,1.16544622788717,1,0.938,2.39722953801852e-51,"GRCh38-RHOBTB3","RHOBTB3","14"
1.19808142316499e-55,1.01327549535829,0.567,0.169,8.66236830576747e-51,"GRCh38-ENSG00000286494","ENSG00000286494","14"
3.06248002645182e-55,1.49862172173148,0.99,0.897,2.2142343087252e-50,"GRCh38-MGP","MGP","14"
2.25736243670188e-54,0.945017423597714,0.714,0.276,1.63211818898419e-49,"GRCh38-TSPAN15","TSPAN15","14"
5.09769692578632e-54,1.21872818988023,0.995,0.91,3.68573683128203e-49,"GRCh38-CCDC102B","CCDC102B","14"
7.21179243995291e-54,0.422340227537403,0.281,0.049,5.21427016993475e-49,"GRCh38-HEY1","HEY1","14"
3.1361745405991e-53,0.31592568994607,0.19,0.024,2.26751691634396e-48,"GRCh38-LINC02387","LINC02387","14"
1.25012973854562e-52,0.924487187074567,1,0.971,9.03868803563254e-48,"GRCh38-CD81","CD81","14"
1.36978014851801e-52,1.1495226130119,0.857,0.431,9.90378442981489e-48,"GRCh38-ABLIM3","ABLIM3","14"
1.40455119465905e-52,1.48682875174935,0.971,0.678,1.01551860476239e-47,"GRCh38-EYS","EYS","14"
2.44026877721074e-52,1.29392352188464,0.662,0.254,1.76436313129891e-47,"GRCh38-ANKFN1","ANKFN1","14"
5.74634462978786e-52,0.266275265068449,0.2,0.027,4.15472209422922e-47,"GRCh38-CCDC74B","CCDC74B","14"
1.68482127652047e-51,1.35759061756583,0.876,0.55,1.21815947934983e-46,"GRCh38-LINC01687","LINC01687","14"
1.77161158871399e-51,0.948826475330836,0.986,0.858,1.28091061087199e-46,"GRCh38-SAT1","SAT1","14"
8.22250425319203e-51,0.87884026320398,0.457,0.124,5.9450350251429e-46,"GRCh38-ENSG00000230333","ENSG00000230333","14"
5.0976169014551e-50,1.19597400050453,0.986,0.836,3.68567897209006e-45,"GRCh38-ENSG00000259345","ENSG00000259345","14"
6.98246370882257e-50,1.06689390080616,0.952,0.628,5.0484609107529e-45,"GRCh38-SELENBP1","SELENBP1","14"
8.96346419380863e-50,1.58931908801123,0.862,0.471,6.48076388140751e-45,"GRCh38-IL1RAPL1","IL1RAPL1","14"
1.28638900176377e-49,0.746250115675101,0.29,0.055,9.30084976055243e-45,"GRCh38-LINC03000","LINC03000","14"
2.48993786014807e-49,0.973160546791624,0.757,0.344,1.80027487164426e-44,"GRCh38-GDF11","GDF11","14"
2.58370809563132e-49,1.23573904172021,0.99,0.854,1.86807262730335e-44,"GRCh38-ENSG00000227400","ENSG00000227400","14"
3.75722771313019e-49,1.10384850659595,0.733,0.319,2.71655078114739e-44,"GRCh38-ENSG00000230972","ENSG00000230972","14"
4.54387764793283e-49,0.947482577141678,1,0.912,3.28531441700839e-44,"GRCh38-F10","F10","14"
5.47661803163703e-49,1.34476297233244,0.571,0.196,3.95970436923421e-44,"GRCh38-GLRA3","GLRA3","14"
2.2275216527139e-48,1.0977309077428,0.986,0.763,1.61054270534521e-43,"GRCh38-AHRR","AHRR","14"
2.6502199773885e-48,0.871177693763017,0.995,0.927,1.91616204805143e-43,"GRCh38-RDX","RDX","14"
3.73805712455761e-48,1.54717496753164,0.905,0.53,2.70269006219765e-43,"GRCh38-LRP1B","LRP1B","14"
4.1317177521154e-48,1.09078441935458,0.995,0.891,2.98731456913448e-43,"GRCh38-UBE2E3","UBE2E3","14"
4.47593350991085e-48,1.06558734172679,0.976,0.769,3.23618944633574e-43,"GRCh38-TANC1","TANC1","14"
2.08521015705945e-47,1.17834063709071,0.624,0.231,1.50764864775712e-42,"GRCh38-CDH9","CDH9","14"
3.41377634111071e-47,0.873210747791065,0.748,0.341,2.46822857014986e-42,"GRCh38-TLCD4","TLCD4","14"
1.28042532721374e-46,0.462483007729427,0.286,0.056,9.25773120082076e-42,"GRCh38-ENSG00000288088","ENSG00000288088","14"
4.03743967402637e-46,0.533912259598491,0.219,0.035,2.91914963311455e-41,"GRCh38-ENSG00000251567","ENSG00000251567","14"
8.20991834729797e-46,0.814528439729583,0.176,0.024,5.93593516346338e-41,"GRCh38-SUCNR1","SUCNR1","14"
1.39700873929303e-45,0.442957522694662,0.257,0.048,1.01006525868365e-40,"GRCh38-ENSG00000257022","ENSG00000257022","14"
1.39814673802595e-45,0.639775163369074,0.471,0.141,1.01088805452753e-40,"GRCh38-PROC","PROC","14"
1.7826356467264e-45,1.11169075546433,0.981,0.875,1.28888122529612e-40,"GRCh38-ENSG00000249413","ENSG00000249413","14"
1.83075289105835e-45,0.845261474446572,0.995,0.865,1.32367095529301e-40,"GRCh38-CLASP1","CLASP1","14"
2.20462450024865e-45,1.19295537039841,0.99,0.812,1.59398760616978e-40,"GRCh38-SLC38A4-AS1","SLC38A4-AS1","14"
2.84216400339103e-45,1.43519442994737,0.738,0.37,2.05494141773178e-40,"GRCh38-PTPRR","PTPRR","14"
5.38475014116734e-45,0.435877282751569,0.124,0.013,3.89328204706681e-40,"GRCh38-LINC00613","LINC00613","14"
1.40770054170719e-44,1.21130883451199,0.9,0.58,1.01779564566513e-39,"GRCh38-KLRC2","KLRC2","14"
1.77785617575196e-44,1.04889654920895,0.724,0.331,1.28542557219218e-39,"GRCh38-PTPRJ","PTPRJ","14"
2.31607329732246e-44,0.905141701925317,1,0.913,1.67456731543008e-39,"GRCh38-CPE","CPE","14"
3.44738286618221e-44,0.974598622135218,0.776,0.355,2.49252675990706e-39,"GRCh38-MIR3681HG","MIR3681HG","14"
3.45117203310498e-44,0.382823780476562,0.105,0.009,2.49526640337557e-39,"GRCh38-STMN2","STMN2","14"
3.72283317125635e-44,0.419047249053775,0.229,0.04,2.69168283948177e-39,"GRCh38-NOG","NOG","14"
4.66271885569637e-44,0.380996656204623,0.252,0.047,3.37123898704559e-39,"GRCh38-SOBP","SOBP","14"
4.83603150572884e-44,1.08939992919142,0.724,0.319,3.49654749927207e-39,"GRCh38-LSP1","LSP1","14"
5.87148226828465e-44,1.39952071938971,0.524,0.18,4.24519910961517e-39,"GRCh38-NALF1","NALF1","14"
5.97343347745598e-44,0.649573623672463,0.457,0.138,4.31891187287023e-39,"GRCh38-COL9A2","COL9A2","14"
6.12604537159003e-44,1.0662495249647,0.976,0.789,4.42925332456703e-39,"GRCh38-GPCPD1","GPCPD1","14"
1.02604172822742e-43,0.84892924213331,0.743,0.34,7.41848690342991e-39,"GRCh38-GRAMD1B","GRAMD1B","14"
1.28605691707464e-43,0.467881614463406,0.281,0.057,9.29844872183307e-39,"GRCh38-ENSG00000285691","ENSG00000285691","14"
1.91334615914901e-43,0.943056777135393,0.829,0.459,1.38338753998792e-38,"GRCh38-IFITM10","IFITM10","14"
2.21194463951664e-43,1.39913914987685,0.905,0.599,1.59928021326332e-38,"GRCh38-PLAC8","PLAC8","14"
2.86679936787705e-43,0.936702459391279,0.867,0.465,2.07275327896247e-38,"GRCh38-TPST1","TPST1","14"
4.21158058545488e-43,0.877429512048197,0.61,0.239,3.04505699489559e-38,"GRCh38-ENSG00000289368","ENSG00000289368","14"
7.349114069157e-43,0.707159692102332,1,0.979,5.31355645428189e-38,"GRCh38-SRP14","SRP14","14"
7.99027351826727e-43,0.450932658754471,0.99,0.728,5.7771275591776e-38,"GRCh38-VEGFC","VEGFC","14"
9.81475223428733e-43,1.24851424134446,0.6,0.241,7.09626216043443e-38,"GRCh38-TAFA2","TAFA2","14"
1.4523076829862e-42,0.834164638053601,0.99,0.933,1.05004750095268e-37,"GRCh38-CASP4","CASP4","14"
1.82376178039015e-42,0.963926681576794,0.91,0.647,1.31861624245768e-37,"GRCh38-PRSS23","PRSS23","14"
3.05663493832292e-42,1.44127873585666,0.943,0.664,2.21000819310624e-37,"GRCh38-GRIK2","GRIK2","14"
3.4721356015978e-42,0.701969114308815,0.581,0.223,2.51042348266724e-37,"GRCh38-LIN7B","LIN7B","14"
3.47225115108833e-42,0.949431693545173,0.962,0.752,2.51050702725989e-37,"GRCh38-SLC25A12","SLC25A12","14"
4.06593045746686e-42,0.800001149630821,0.995,0.893,2.93974903935769e-37,"GRCh38-TUBA1A","TUBA1A","14"
5.55430183291297e-42,1.08254401124929,1,0.943,4.01587131123274e-37,"GRCh38-EDIL3","EDIL3","14"
5.61676568378129e-42,0.751306644854772,0.686,0.293,4.06103392468755e-37,"GRCh38-PLCD4","PLCD4","14"
1.1317579836463e-41,0.851569368253485,1,0.896,8.1828365733595e-37,"GRCh38-SH3BGRL","SH3BGRL","14"
1.22077933468373e-41,-3.96406803604623,0.252,0.685,8.82647874563028e-37,"GRCh38-KRT17","KRT17","14"
1.41533309010199e-41,0.288564948705808,0.162,0.022,1.02331413080554e-36,"GRCh38-ZFHX4","ZFHX4","14"
1.44887084349743e-41,0.815923241082452,0.79,0.404,1.04756259726551e-36,"GRCh38-TMEM37","TMEM37","14"
1.60080459782606e-41,0.791616406945994,0.776,0.384,1.1574137403202e-36,"GRCh38-BMF","BMF","14"
1.60974386628123e-41,1.08356728202601,0.91,0.603,1.16387701019865e-36,"GRCh38-RHOBTB1","RHOBTB1","14"
1.95151652847113e-41,1.00621697655812,1,0.922,1.41098548041519e-36,"GRCh38-PSD3","PSD3","14"
2.75178078560282e-41,1.24423220454405,0.81,0.455,1.98959254360655e-36,"GRCh38-SLITRK6","SLITRK6","14"
2.81880854705139e-41,0.962997267976887,0.848,0.493,2.0380549556891e-36,"GRCh38-DAAM1","DAAM1","14"
3.6268312418883e-41,0.652128483954768,0.7,0.306,2.62227152451008e-36,"GRCh38-ENSG00000287763","ENSG00000287763","14"
3.85987524458698e-41,0.871641780654156,0.924,0.655,2.79076699934128e-36,"GRCh38-TACC1","TACC1","14"
4.08349413076117e-41,0.918684270878521,0.729,0.359,2.95244792642294e-36,"GRCh38-ZBTB46","ZBTB46","14"
6.07450402308785e-41,0.827528921171696,0.857,0.536,4.39198789877298e-36,"GRCh38-CDKN2C","CDKN2C","14"
7.89159964879225e-41,0.765864070204545,0.919,0.561,5.70578437806977e-36,"GRCh38-CRIP2","CRIP2","14"
1.94554826096559e-40,0.90971835380544,0.91,0.67,1.40667030364334e-35,"GRCh38-PEX2","PEX2","14"
2.93263436860276e-40,1.18657000640535,0.862,0.546,2.12035330118717e-35,"GRCh38-PPM1L","PPM1L","14"
3.15651094108682e-40,0.443842436558704,0.19,0.031,2.28222054062459e-35,"GRCh38-TNNT3","TNNT3","14"
3.39814079072125e-40,0.816799215092194,1,0.874,2.45692375450728e-35,"GRCh38-SEZ6L2","SEZ6L2","14"
4.26125627557068e-40,0.671819306951185,0.357,0.095,3.08097351236311e-35,"GRCh38-ENSG00000286212","ENSG00000286212","14"
6.22557020590286e-40,0.845327039693762,0.981,0.744,4.50121177027189e-35,"GRCh38-ZC2HC1A","ZC2HC1A","14"
1.73072919123487e-39,0.958161574467308,0.986,0.849,1.25135181984664e-34,"GRCh38-CYB5A","CYB5A","14"
2.28495946709017e-39,0.903162617196361,0.995,0.87,1.65207139389553e-34,"GRCh38-BMPR2","BMPR2","14"
2.97343143533774e-39,0.812427070631768,0.276,0.059,2.14985039637789e-34,"GRCh38-LINC02232","LINC02232","14"
3.41406974625613e-39,0.987453744497346,0.995,0.925,2.46844070793811e-34,"GRCh38-MIR548XHG","MIR548XHG","14"
3.84686819825365e-39,0.553874802677152,0.486,0.159,2.78136264470135e-34,"GRCh38-GAB3","GAB3","14"
4.64786080994357e-39,0.940570178045335,0.929,0.708,3.3604963228054e-34,"GRCh38-AR","AR","14"
5.03789806234223e-39,0.633348295160495,0.448,0.142,3.64250105703468e-34,"GRCh38-C1orf54","C1orf54","14"
5.05750844282592e-39,0.801239935113704,0.995,0.931,3.656679754332e-34,"GRCh38-STXBP5","STXBP5","14"
6.23637132774111e-39,0.6753437422894,0.414,0.125,4.50902119738338e-34,"GRCh38-SCARA5","SCARA5","14"
1.59172132324787e-38,0.398584713550142,0.31,0.075,1.15084635113467e-33,"GRCh38-ENSG00000249678","ENSG00000249678","14"
1.74399722589058e-38,0.77756205399202,1,0.953,1.26094487426341e-33,"GRCh38-S100A13","S100A13","14"
2.08067392612679e-38,0.946704786410988,0.652,0.285,1.50436886206819e-33,"GRCh38-LINC01524","LINC01524","14"
3.0644006392721e-38,0.748909714999452,0.314,0.077,2.21562295020651e-33,"GRCh38-PPP2R2B","PPP2R2B","14"
4.11079775793036e-38,0.474243970178129,0.243,0.049,2.97218899493881e-33,"GRCh38-TRDN-AS1","TRDN-AS1","14"
5.02379331303006e-38,0.821186155607188,0.629,0.265,3.632303041187e-33,"GRCh38-FOLR1","FOLR1","14"
6.53437504256425e-38,-1.46063790570581,0.767,0.892,4.7244838432748e-33,"GRCh38-MYC","MYC","14"
7.74139184551568e-38,0.524042861934986,0.29,0.067,5.59718113214474e-33,"GRCh38-EPHA5","EPHA5","14"
8.45941338016815e-38,0.714400878348443,0.576,0.234,6.11632506212917e-33,"GRCh38-STON1","STON1","14"
9.9900649303085e-38,0.746702875658945,0.976,0.755,7.22301674591165e-33,"GRCh38-WBP1","WBP1","14"
1.10621711129311e-37,0.665786661966179,0.671,0.293,7.99817095807145e-33,"GRCh38-LTBP1","LTBP1","14"
1.16134527236409e-37,1.05523226766703,0.633,0.268,8.39675858824681e-33,"GRCh38-ENSG00000288321","ENSG00000288321","14"
2.02357017212094e-37,1.23554664215265,0.967,0.813,1.46308170584689e-32,"GRCh38-ROBO1","ROBO1","14"
2.56038563236873e-37,0.799103794404739,0.752,0.406,1.85121001991524e-32,"GRCh38-GPRC5C","GPRC5C","14"
2.82474167789223e-37,0.814650760772718,0.91,0.603,2.04234472794964e-32,"GRCh38-FHL1","FHL1","14"
3.14715368537006e-37,1.01201449184683,0.905,0.603,2.27545505759626e-32,"GRCh38-ABCC4","ABCC4","14"
4.30248054888732e-37,1.05512925474663,0.929,0.683,3.11077948645651e-32,"GRCh38-NAALADL2","NAALADL2","14"
6.16308369233148e-37,0.706782104155968,1,0.959,4.45603277122951e-32,"GRCh38-N4BP2L2","N4BP2L2","14"
7.20422411865563e-37,1.07053040969677,0.362,0.103,5.2087981222704e-32,"GRCh38-ENSG00000289084","ENSG00000289084","14"
9.68030517794817e-37,0.761387793532705,0.952,0.818,6.99905424976009e-32,"GRCh38-ITGA2","ITGA2","14"
1.00098050719141e-36,0.882409526535982,0.962,0.774,7.23728926309532e-32,"GRCh38-RPS6KA3","RPS6KA3","14"
1.44594840591549e-36,0.903517037592418,0.743,0.352,1.04544961644502e-31,"GRCh38-PTPRC","PTPRC","14"
1.69355661248113e-36,0.798439772394446,0.905,0.639,1.2244753019561e-31,"GRCh38-KANK2","KANK2","14"
2.02048079055537e-36,0.969200942050839,0.962,0.752,1.46084802118734e-31,"GRCh38-SEMA3A","SEMA3A","14"
2.10691029522849e-36,0.893135859561434,0.976,0.768,1.5233382816561e-31,"GRCh38-CDK19","CDK19","14"
4.45040648924363e-36,0.839119292604567,0.733,0.328,3.21773289985293e-31,"GRCh38-UBBP4","UBBP4","14"
4.92845216487308e-36,0.254705849603147,0.11,0.012,3.56336948424653e-31,"GRCh38-ENSG00000287150","ENSG00000287150","14"
6.29930641774622e-36,0.437442234502461,0.314,0.081,4.55452452615887e-31,"GRCh38-NAALAD2","NAALAD2","14"
6.78176743094931e-36,-1.81577266728332,0.667,0.871,4.90335348792497e-31,"GRCh38-VEGFA","VEGFA","14"
7.30769931420272e-36,0.484290592419903,0.3,0.075,5.28361275815485e-31,"GRCh38-ENSG00000289611","ENSG00000289611","14"
7.445042475138e-36,0.975843163905209,0.929,0.728,5.38291461037427e-31,"GRCh38-IGSF1","IGSF1","14"
8.50339989109627e-36,0.843011601497202,0.986,0.873,6.14812818926042e-31,"GRCh38-CASP1","CASP1","14"
9.05217690951163e-36,0.807144965357321,0.271,0.063,6.5449049491151e-31,"GRCh38-GHR","GHR","14"
1.23833480780832e-35,-1.25047012783412,0.919,0.951,8.95340832741572e-31,"GRCh38-DDX21","DDX21","14"
1.3922240826339e-35,0.886366126745116,0.829,0.501,1.00660585622596e-30,"GRCh38-HNF4G","HNF4G","14"
1.47182130282617e-35,1.05517569811359,0.643,0.297,1.06415623836938e-30,"GRCh38-ST6GALNAC3","ST6GALNAC3","14"
1.5831709070672e-35,0.852569749019004,0.781,0.401,1.14466422922773e-30,"GRCh38-DIRC3","DIRC3","14"
1.67372504049905e-35,0.843441378759763,0.948,0.779,1.21013667878162e-30,"GRCh38-SOS2","SOS2","14"
2.07056686448116e-35,1.14694905700026,0.981,0.884,1.49706125435717e-30,"GRCh38-VCAN","VCAN","14"
2.20664490105517e-35,0.934856558224854,0.49,0.18,1.59544839636091e-30,"GRCh38-BDNF","BDNF","14"
2.31619336964047e-35,0.978783056655203,1,0.917,1.67465413011745e-30,"GRCh38-TMPRSS15","TMPRSS15","14"
3.10133654014823e-35,0.780716449316197,0.905,0.619,2.24232834525797e-30,"GRCh38-GATA2-AS1","GATA2-AS1","14"
3.19409371640376e-35,0.745127000296582,0.99,0.849,2.30939363883424e-30,"GRCh38-MXD4","MXD4","14"
3.63641114556319e-35,0.970800365963022,0.976,0.794,2.6291979864651e-30,"GRCh38-TDO2","TDO2","14"
3.81873884167811e-35,0.33339324166849,0.286,0.069,2.76102455731011e-30,"GRCh38-ABCC6","ABCC6","14"
4.77047420491778e-35,0.258182329688145,0.186,0.033,3.44914825963966e-30,"GRCh38-ENSG00000251185","ENSG00000251185","14"
4.89305187761862e-35,0.988663590579801,0.967,0.833,3.53777436855582e-30,"GRCh38-HIBADH","HIBADH","14"
6.57325559781827e-35,0.81641754825784,1,0.961,4.75259526233456e-30,"GRCh38-S100A4","S100A4","14"
7.86357307171066e-35,0.850586229016959,0.971,0.822,5.68552060230824e-30,"GRCh38-MAP3K5","MAP3K5","14"
8.74292409999011e-35,-1.24427966647407,1,0.989,6.32130898277485e-30,"GRCh38-IRX2","IRX2","14"
1.02776786179532e-34,0.646072911761849,0.605,0.247,7.43096719435252e-30,"GRCh38-RAB27B","RAB27B","14"
2.65098130304411e-34,0.754579788286042,0.981,0.829,1.91671250172695e-29,"GRCh38-CAMK2N1","CAMK2N1","14"
3.44845773392638e-34,0.738758562408299,0.833,0.498,2.49330391078345e-29,"GRCh38-RNF43","RNF43","14"
4.22673481247718e-34,-2.14877852699936,0.167,0.596,3.05601380411725e-29,"GRCh38-KRT75","KRT75","14"
4.31929666412234e-34,0.644000079588622,0.657,0.295,3.12293787409373e-29,"GRCh38-PCDH18","PCDH18","14"
6.03883053419906e-34,0.803953941710985,0.919,0.662,4.3661952528366e-29,"GRCh38-DENND5B","DENND5B","14"
8.33562037550738e-34,0.360245357703663,0.3,0.077,6.02682024389934e-29,"GRCh38-HHIPL2","HHIPL2","14"
8.41842078831631e-34,0.674407121889681,0.995,0.948,6.08668659836846e-29,"GRCh38-RAB31","RAB31","14"
1.02475268974015e-33,0.79245842355217,0.995,0.856,7.40916689735921e-29,"GRCh38-MAGED2","MAGED2","14"
1.09370430822756e-33,0.819132292282952,0.848,0.471,7.90770088934691e-29,"GRCh38-ENSG00000285744","ENSG00000285744","14"
1.09588230722718e-33,0.638920023327394,0.886,0.569,7.92344825771397e-29,"GRCh38-PLAAT4","PLAAT4","14"
1.71186927832596e-33,0.804483900301099,0.986,0.894,1.23771572561523e-28,"GRCh38-AHR","AHR","14"
2.01077777094786e-33,0.815258234017651,0.686,0.337,1.45383254395072e-28,"GRCh38-GMFG","GMFG","14"
2.12198450880805e-33,0.399454117546485,0.362,0.106,1.53423723955839e-28,"GRCh38-PRSS23-AS1","PRSS23-AS1","14"
2.39802654396201e-33,0.658060415863196,1,0.94,1.73382115181541e-28,"GRCh38-ZBTB20","ZBTB20","14"
2.81679681834623e-33,0.745216465469244,0.486,0.173,2.03660043560069e-28,"GRCh38-TOX","TOX","14"
3.20765764798811e-33,0.600504042683158,0.39,0.123,2.31920063264836e-28,"GRCh38-IDO1","IDO1","14"
4.57262300952684e-33,0.909353499817223,0.71,0.342,3.3060978883481e-28,"GRCh38-CDH6","CDH6","14"
5.19201468676696e-33,0.732698471848368,0.952,0.763,3.75393045882625e-28,"GRCh38-MIA2","MIA2","14"
6.145516736658e-33,0.390959265277024,0.238,0.053,4.44333151093847e-28,"GRCh38-CT75","CT75","14"
6.25634416184474e-33,0.666558089887927,1,0.939,4.52346195589698e-28,"GRCh38-SSBP2","SSBP2","14"
7.34967400326763e-33,0.526799460425883,0.338,0.098,5.31396129784256e-28,"GRCh38-SLCO1B3","SLCO1B3","14"
7.43024971201918e-33,0.899792684412338,0.838,0.588,5.37221914678411e-28,"GRCh38-NECTIN3","NECTIN3","14"
8.04258063700021e-33,0.619943874432518,0.657,0.29,5.81494665216389e-28,"GRCh38-PLEKHS1","PLEKHS1","14"
8.09296431783676e-33,0.864419821065478,0.852,0.556,5.85137506108233e-28,"GRCh38-ENSG00000285407","ENSG00000285407","14"
8.18411623310666e-33,0.7788644282137,0.51,0.2,5.91727971886077e-28,"GRCh38-DKK1","DKK1","14"
9.05226670230363e-33,0.807553943690376,0.962,0.862,6.54496987109957e-28,"GRCh38-EML4","EML4","14"
1.21748457441242e-32,0.880507586090089,0.971,0.868,8.80265696991668e-28,"GRCh38-CFH","CFH","14"
1.41529139344488e-32,0.466670513119567,0.338,0.098,1.02328398328852e-27,"GRCh38-KLRD1","KLRD1","14"
1.69514687628994e-32,0.774488963297378,0.757,0.397,1.22562509449515e-27,"GRCh38-KLRC3","KLRC3","14"
1.75849865199267e-32,0.472652273970247,1,0.973,1.27142969536374e-27,"GRCh38-MARCKS","MARCKS","14"
1.89947777098284e-32,0.653432280221102,0.995,0.924,1.37336041797602e-27,"GRCh38-TCEAL8","TCEAL8","14"
1.95628011823858e-32,0.742894302170574,1,0.932,1.41442965108886e-27,"GRCh38-FTX","FTX","14"
2.26784876286847e-32,0.981712214141068,0.824,0.528,1.63970001252916e-27,"GRCh38-DCLK2","DCLK2","14"
2.28117537688417e-32,0.663093580633234,0.343,0.1,1.64933542099479e-27,"GRCh38-GULP1","GULP1","14"
3.10269286034787e-32,0.563504716345361,1,0.943,2.24330899188872e-27,"GRCh38-TSHZ2","TSHZ2","14"
3.25134075220339e-32,0.375207879992703,0.238,0.053,2.3507843906581e-27,"GRCh38-PCDH10","PCDH10","14"
3.35311439329693e-32,0.721033230904402,0.733,0.356,2.42436876864155e-27,"GRCh38-HTR2C","HTR2C","14"
4.32292925354834e-32,0.634174214418252,0.995,0.928,3.12556430890052e-27,"GRCh38-SOX4","SOX4","14"
4.5326448457639e-32,0.607941099839891,0.538,0.22,3.27719287638422e-27,"GRCh38-CXXC4","CXXC4","14"
6.16132342661688e-32,0.800781246121685,0.833,0.541,4.45476006391254e-27,"GRCh38-KIF7","KIF7","14"
9.21890936601089e-32,0.892654872280858,0.833,0.529,6.6654558498132e-27,"GRCh38-PPP1R1C","PPP1R1C","14"
9.2449504340227e-32,0.517623030599253,0.243,0.056,6.68428406280709e-27,"GRCh38-LINC02307","LINC02307","14"
1.34005635491705e-31,0.716501770391107,0.867,0.533,9.68887545732129e-27,"GRCh38-CXXC5","CXXC5","14"
1.34400489932858e-31,0.795144491426643,0.933,0.757,9.71742422312547e-27,"GRCh38-MIPOL1","MIPOL1","14"
1.46661690094576e-31,0.740745771986187,0.7,0.351,1.0603933517218e-26,"GRCh38-AP1S3","AP1S3","14"
1.5018466191458e-31,0.645456857856852,0.924,0.69,1.08586514257479e-26,"GRCh38-ING4","ING4","14"
1.82520379578689e-31,0.253745802282998,0.162,0.028,1.31965884842984e-26,"GRCh38-ENSG00000258580","ENSG00000258580","14"
2.06384402821731e-31,0.675478033131497,0.986,0.882,1.49220050928168e-26,"GRCh38-SCPEP1","SCPEP1","14"
2.0920817690253e-31,0.6466874693791,0.581,0.264,1.51261696064068e-26,"GRCh38-ENSG00000289189","ENSG00000289189","14"
2.11545495757905e-31,0.65525732890947,0.738,0.377,1.5295162434288e-26,"GRCh38-ARRB1","ARRB1","14"
2.44057784035007e-31,0.932768723393441,0.814,0.497,1.76458659012991e-26,"GRCh38-ENSG00000280241","ENSG00000280241","14"
2.54163100180254e-31,0.812608276692918,0.719,0.385,1.83765004692327e-26,"GRCh38-SH2D4A","SH2D4A","14"
3.02832328580116e-31,0.729753451931063,0.924,0.626,2.18953830209995e-26,"GRCh38-MAP9","MAP9","14"
3.92838410432964e-31,0.65272252509489,0.995,0.902,2.84030027511242e-26,"GRCh38-TCEAL3","TCEAL3","14"
4.02520405151029e-31,0.498806200519202,0.319,0.094,2.91030303332297e-26,"GRCh38-MYRF","MYRF","14"
4.13391788265205e-31,0.673388659500021,0.933,0.751,2.98890530751508e-26,"GRCh38-TET2","TET2","14"
4.6227643105654e-31,0.952097616802591,0.838,0.519,3.34235105182499e-26,"GRCh38-PURPL","PURPL","14"
5.20130412226524e-31,0.694937914611427,0.99,0.806,3.76064690648021e-26,"GRCh38-LINC02315","LINC02315","14"
5.26747328669461e-31,0.700762515022845,0.514,0.202,3.80848853574594e-26,"GRCh38-LINC01707","LINC01707","14"
5.53638073857735e-31,0.704848999594404,0.995,0.879,4.0029140016062e-26,"GRCh38-BAZ2B","BAZ2B","14"
6.26821983379097e-31,-2.84300885807355,0.895,0.943,4.53204830422755e-26,"GRCh38-SOD2","SOD2","14"
7.3600329203535e-31,0.456878977498292,0.205,0.043,5.32145100207399e-26,"GRCh38-LINC02233","LINC02233","14"
7.80843756757713e-31,0.952750157763122,0.648,0.315,5.64565653010962e-26,"GRCh38-EDNRA","EDNRA","14"
8.30041059359946e-31,0.860931624608925,0.657,0.343,6.00136286738428e-26,"GRCh38-MITF","MITF","14"
1.05486374884732e-30,0.986873763447729,0.867,0.645,7.62687587691589e-26,"GRCh38-TBC1D19","TBC1D19","14"
1.10295885962458e-30,0.653617659445221,0.99,0.808,7.97461314685765e-26,"GRCh38-EBF1","EBF1","14"
1.18512720093586e-30,0.672143713775225,0.962,0.796,8.56870668820642e-26,"GRCh38-CTSF","CTSF","14"
1.2568179949358e-30,0.82906978740814,0.829,0.547,9.08704546698482e-26,"GRCh38-SMARCA1","SMARCA1","14"
1.26998744731782e-30,0.67362572723234,0.867,0.565,9.1822632415973e-26,"GRCh38-ASAP3","ASAP3","14"
1.37522621109028e-30,0.397275588330029,0.314,0.089,9.94316055142495e-26,"GRCh38-LINC02518","LINC02518","14"
1.41933486720821e-30,0.762598494362474,0.99,0.867,1.02620749568888e-25,"GRCh38-TLL1","TLL1","14"
1.63011697400927e-30,0.64267898421595,1,0.919,1.17860717454818e-25,"GRCh38-PLD3","PLD3","14"
1.72396762653232e-30,0.654293116354794,0.929,0.657,1.2464630733354e-25,"GRCh38-AGO4","AGO4","14"
1.88004616006263e-30,0.596558645194369,0.986,0.83,1.35931097464848e-25,"GRCh38-CARHSP1","CARHSP1","14"
1.9918406487054e-30,0.413439865153925,0.181,0.035,1.44014062582698e-25,"GRCh38-LINC02197","LINC02197","14"
2.13689828517713e-30,0.712497127834911,0.429,0.15,1.54502019814877e-25,"GRCh38-ENSG00000290075","ENSG00000290075","14"
3.08017147002341e-30,0.84222053892568,0.862,0.562,2.22702557625633e-25,"GRCh38-EPS8","EPS8","14"
3.55101028341342e-30,-1.09037952951252,0.719,0.86,2.56745145511357e-25,"GRCh38-GGCT","GGCT","14"
4.52347536334299e-30,0.529707659843015,1,0.969,3.27056315720425e-25,"GRCh38-SPARC","SPARC","14"
4.66158676480669e-30,0.893292035291271,0.81,0.485,3.37042046269053e-25,"GRCh38-NEK10","NEK10","14"
5.92954824260429e-30,0.698408206939996,0.771,0.457,4.28718197036775e-25,"GRCh38-TRIB2","TRIB2","14"
7.1445394393053e-30,0.770817234892188,0.829,0.51,5.16564490540652e-25,"GRCh38-ADD3","ADD3","14"
9.36189884079799e-30,0.774807343591381,0.871,0.614,6.76884009987377e-25,"GRCh38-DBP","DBP","14"
1.10823815838222e-29,0.600251018149556,1,0.891,8.01278353273515e-25,"GRCh38-PLEKHA5","PLEKHA5","14"
1.15929258339737e-29,-0.951909954245405,0.929,0.944,8.38191723647969e-25,"GRCh38-GNL3","GNL3","14"
1.51787418142148e-29,0.750828609101031,0.71,0.367,1.09745339065136e-24,"GRCh38-SIRLNT","SIRLNT","14"
1.61077660231433e-29,0.568746823114759,0.476,0.179,1.1646236990053e-24,"GRCh38-ENSG00000286625","ENSG00000286625","14"
2.0635899419108e-29,0.772641119602259,0.952,0.772,1.49201679980035e-24,"GRCh38-MRC2","MRC2","14"
2.20678705582748e-29,-3.29915782128507,0.124,0.519,1.59555117710438e-24,"GRCh38-S100A8","S100A8","14"
2.20960419716869e-29,0.378017888951999,0.405,0.137,1.59758802663691e-24,"GRCh38-SCN1A-AS1","SCN1A-AS1","14"
2.80644140043339e-29,0.66703714010428,0.976,0.804,2.02911326134135e-24,"GRCh38-RUFY3","RUFY3","14"
3.17721776033284e-29,0.544313618012922,1,0.969,2.29719198507585e-24,"GRCh38-CD99","CD99","14"
3.93833801917252e-29,0.627918603903346,0.957,0.68,2.84749715462211e-24,"GRCh38-YPEL3","YPEL3","14"
4.96789296920652e-29,0.776096325704476,0.486,0.194,3.5918859745957e-24,"GRCh38-LINC02889","LINC02889","14"
5.02230927189886e-29,0.708630897825713,0.833,0.577,3.63123004976832e-24,"GRCh38-METAP1D","METAP1D","14"
6.37600310760984e-29,0.68803627741097,1,0.982,4.60997776686407e-24,"GRCh38-TIMP1","TIMP1","14"
7.73878751700241e-29,0.68785683797955,0.848,0.542,5.59529815054309e-24,"GRCh38-SANBR","SANBR","14"
7.81482106169678e-29,0.582358042999677,1,0.967,5.65027192402801e-24,"GRCh38-PTMS","PTMS","14"
8.05661317412587e-29,1.22799947871796,0.724,0.392,5.82509245715649e-24,"GRCh38-COL21A1","COL21A1","14"
8.16820125084433e-29,0.489566619418759,1,0.969,5.90577286838547e-24,"GRCh38-GABARAP","GABARAP","14"
9.18923756113303e-29,0.549496618978669,0.362,0.119,6.6440025414504e-24,"GRCh38-CLIC3","CLIC3","14"
9.96507014647352e-29,0.891947403467668,0.876,0.643,7.20494501730329e-24,"GRCh38-DSEL","DSEL","14"
1.02001255680454e-28,0.913055849260208,0.719,0.408,7.37489478820818e-24,"GRCh38-MMP16","MMP16","14"
1.26068009724782e-28,0.774499045763533,0.852,0.559,9.11496923912117e-24,"GRCh38-MAPK10","MAPK10","14"
1.57937802600476e-28,0.80866461201736,0.852,0.513,1.14192190036196e-23,"GRCh38-FMO3","FMO3","14"
1.59907198778162e-28,0.678486499661757,0.9,0.628,1.15616102860587e-23,"GRCh38-ENSG00000291100","ENSG00000291100","14"
1.60284241994411e-28,0.844486878295055,0.371,0.129,1.15888712646799e-23,"GRCh38-SEMA3E","SEMA3E","14"
1.90771073235211e-28,0.542740627148845,0.514,0.207,1.37931301370522e-23,"GRCh38-ATP8A1","ATP8A1","14"
2.13069079451288e-28,0.82747652638207,0.857,0.516,1.5405320582487e-23,"GRCh38-IL13RA2","IL13RA2","14"
2.51646901791884e-28,0.641554480352007,1,0.946,1.81945742933568e-23,"GRCh38-NQO1","NQO1","14"
3.58132566318779e-28,0.786986557961367,0.867,0.598,2.58937008099804e-23,"GRCh38-LINC01885","LINC01885","14"
4.16710251987785e-28,0.298326136659591,0.176,0.035,3.01289846392209e-23,"GRCh38-FGF7","FGF7","14"
4.47262913296339e-28,0.566286587666573,0.99,0.868,3.23380031571519e-23,"GRCh38-ANK3","ANK3","14"
4.65753591780243e-28,0.938925632644921,0.848,0.649,3.36749161928952e-23,"GRCh38-SC5D","SC5D","14"
5.61221241773528e-28,0.843416882221119,0.681,0.326,4.05774182227096e-23,"GRCh38-ENSG00000288714","ENSG00000288714","14"
6.45685112851647e-28,0.621074996312919,0.667,0.353,4.66843250293998e-23,"GRCh38-SMAD7","SMAD7","14"
8.42055667294638e-28,0.679012131147657,0.99,0.917,6.08823088567369e-23,"GRCh38-GNG11","GNG11","14"
9.61207694256563e-28,0.687478059135679,0.39,0.139,6.9497238710138e-23,"GRCh38-SHC4","SHC4","14"
1.03585577330636e-27,1.0011969018618,0.943,0.781,7.48944441215968e-23,"GRCh38-CLU","CLU","14"
1.21745720239603e-27,0.67970897307437,0.795,0.501,8.80245906476376e-23,"GRCh38-CAPS2","CAPS2","14"
1.41539408542907e-27,-1.16545341400085,0.852,0.917,1.02335823164692e-22,"GRCh38-SRM","SRM","14"
1.6218318135135e-27,0.565809550415566,0.619,0.313,1.17261683780653e-22,"GRCh38-ACSF2","ACSF2","14"
1.74916921632196e-27,0.594856220572592,0.99,0.897,1.2646843267851e-22,"GRCh38-PCOLCE","PCOLCE","14"
1.77451790128796e-27,0.623366497406667,0.871,0.616,1.28301193298922e-22,"GRCh38-VASN","VASN","14"
1.82244710610779e-27,0.691760695965441,0.81,0.439,1.31766570665806e-22,"GRCh38-MIR99AHG","MIR99AHG","14"
2.18122860742368e-27,0.734888476785339,0.976,0.823,1.57707190773947e-22,"GRCh38-DDR2","DDR2","14"
2.31300444946961e-27,0.659087398202525,0.995,0.868,1.67234847705551e-22,"GRCh38-ATF7IP","ATF7IP","14"
2.46533460475871e-27,0.631932440790295,0.843,0.555,1.78248622593265e-22,"GRCh38-ITM2C","ITM2C","14"
2.70243814554002e-27,0.617605803686699,0.857,0.535,1.95391682798835e-22,"GRCh38-PBX1","PBX1","14"
2.89517007526241e-27,0.592688344370369,1,0.882,2.09326586781623e-22,"GRCh38-MMP2","MMP2","14"
3.10184045865918e-27,0.624555384365927,0.571,0.26,2.24269268841976e-22,"GRCh38-WNT6","WNT6","14"
3.22341952635039e-27,0.510836496861833,1,0.965,2.33059678594186e-22,"GRCh38-KDELR1","KDELR1","14"
3.24538750569363e-27,0.499593395634362,0.443,0.171,2.34648007436661e-22,"GRCh38-TSPAN32","TSPAN32","14"
3.52270998942052e-27,0.737301569486606,0.324,0.103,2.54698977655082e-22,"GRCh38-SNAP25","SNAP25","14"
3.69794473172465e-27,0.976334597708365,0.543,0.255,2.67368799993156e-22,"GRCh38-MGC27382","MGC27382","14"
3.96110693097444e-27,0.708965550870825,0.971,0.846,2.86395953323314e-22,"GRCh38-SLC44A5","SLC44A5","14"
4.42689244222757e-27,0.707025475092188,0.895,0.651,3.20073177357938e-22,"GRCh38-CEP126","CEP126","14"
4.79991375744793e-27,0.660385310800284,0.776,0.434,3.47043364491e-22,"GRCh38-STRA6","STRA6","14"
4.87824872258297e-27,0.597775142277964,0.971,0.794,3.52707139140194e-22,"GRCh38-PTPN13","PTPN13","14"
5.80235962742048e-27,0.557250539361771,0.324,0.103,4.19522205781755e-22,"GRCh38-LYPD6B","LYPD6B","14"
5.95174398638784e-27,0.498412206575606,1,0.973,4.30322993703814e-22,"GRCh38-EID1","EID1","14"
6.04902194941304e-27,0.484343394484582,1,0.973,4.37356384986462e-22,"GRCh38-KTN1","KTN1","14"
6.19621939530879e-27,0.624113662554262,0.971,0.785,4.47999054719616e-22,"GRCh38-SECISBP2L","SECISBP2L","14"
6.586052348109e-27,0.646344462440323,0.833,0.495,4.76184756872977e-22,"GRCh38-TENM1","TENM1","14"
7.63569840225466e-27,-1.102123654658,0.476,0.753,5.52076265879816e-22,"GRCh38-SLC7A1","SLC7A1","14"
7.67388760275343e-27,0.543812133114737,0.99,0.902,5.54837421454278e-22,"GRCh38-FAM114A1","FAM114A1","14"
7.77984520444518e-27,0.641173129931273,0.781,0.493,5.62498367971795e-22,"GRCh38-SMPD1","SMPD1","14"
8.26626565546838e-27,0.599640259846662,0.824,0.532,5.97667539421675e-22,"GRCh38-DNAJC22","DNAJC22","14"
8.58362659404353e-27,0.358278101920926,0.276,0.078,6.20613370002535e-22,"GRCh38-CAMP","CAMP","14"
8.64869714939345e-27,0.681633353118529,0.2,0.046,6.25318101295445e-22,"GRCh38-PDE3A","PDE3A","14"
8.84176625709479e-27,0.653730049568338,0.967,0.822,6.39277383920468e-22,"GRCh38-ABCC1","ABCC1","14"
9.16465738724105e-27,0.335472599473098,1,0.99,6.62623058412302e-22,"GRCh38-MALAT1","MALAT1","14"
1.01846693589071e-26,0.275816998020735,0.119,0.018,7.36371963987703e-22,"GRCh38-ENSG00000257729","ENSG00000257729","14"
1.11353360234606e-26,-0.97296005639212,0.162,0.523,8.05107065168246e-22,"GRCh38-ELFN1-AS1","ELFN1-AS1","14"
1.26344264746946e-26,0.312006122185715,0.119,0.018,9.13494302973372e-22,"GRCh38-ENSG00000286961","ENSG00000286961","14"
1.37653551811805e-26,0.295577934482439,0.162,0.032,9.95262710309713e-22,"GRCh38-ENSG00000249330","ENSG00000249330","14"
1.45253280479773e-26,0.485769375212502,0.448,0.178,1.05021026852486e-21,"GRCh38-CHRM3-AS2","CHRM3-AS2","14"
1.87780198919641e-26,0.614108893803591,0.995,0.929,1.35768839422879e-21,"GRCh38-SERPINB6","SERPINB6","14"
2.02530848430922e-26,0.38406064522964,0.995,0.946,1.46433854032525e-21,"GRCh38-ITM2B","ITM2B","14"
2.15731144812724e-26,0.666904717526831,1,0.936,1.55977932322495e-21,"GRCh38-TXNIP","TXNIP","14"
2.32891523159524e-26,-0.985648966645816,0.138,0.508,1.68385229074799e-21,"GRCh38-FJX1","FJX1","14"
2.34322214340028e-26,0.608693122026087,0.867,0.571,1.69419647412127e-21,"GRCh38-KLF12","KLF12","14"
2.36840816405184e-26,0.792442592145703,0.195,0.044,1.71240647077276e-21,"GRCh38-ENSG00000237527","ENSG00000237527","14"
2.55697091525757e-26,0.317396530819193,0.233,0.06,1.84874111114953e-21,"GRCh38-FZD1","FZD1","14"
2.84901879987887e-26,0.572874425455183,0.405,0.153,2.05989757268842e-21,"GRCh38-SYDE2","SYDE2","14"
3.02755831167201e-26,0.394159615108172,0.462,0.18,2.1889852105051e-21,"GRCh38-B3GALT4","B3GALT4","14"
3.50922734457431e-26,0.463945359015258,0.348,0.115,2.53724155467412e-21,"GRCh38-LIPG","LIPG","14"
3.68118634236581e-26,-1.34388429343471,0.905,0.933,2.66157134925733e-21,"GRCh38-NME1","NME1","14"
3.83137363084599e-26,0.484804607738672,0.286,0.086,2.77015976257427e-21,"GRCh38-C2CD5-AS1","C2CD5-AS1","14"
3.99047269619987e-26,0.678425490887103,0.7,0.408,2.88519156880643e-21,"GRCh38-ARHGEF17","ARHGEF17","14"
4.33546454114183e-26,0.598704647706869,0.981,0.827,3.13462757253636e-21,"GRCh38-TENM3","TENM3","14"
4.58645493516438e-26,0.514678347990391,0.976,0.867,3.31609864722255e-21,"GRCh38-RRAS","RRAS","14"
4.62617784218748e-26,0.453103497132303,0.424,0.157,3.34481910345839e-21,"GRCh38-SHOC1","SHOC1","14"
4.66623320638496e-26,0.748042720767622,0.905,0.715,3.37377993288045e-21,"GRCh38-ETV1","ETV1","14"
4.99815171599773e-26,0.548706369457563,0.995,0.924,3.61376365370068e-21,"GRCh38-TNRC6A","TNRC6A","14"
5.31710945059424e-26,0.624587818001887,0.99,0.909,3.84437647496865e-21,"GRCh38-ARHGAP24","ARHGAP24","14"
6.96490446730898e-26,0.608230946457887,0.867,0.606,5.03576522795374e-21,"GRCh38-SMIM14","SMIM14","14"
8.53500435196497e-26,0.687559651102818,0.51,0.229,6.17097884655771e-21,"GRCh38-SSC4D","SSC4D","14"
9.02924747057386e-26,0.608420163317604,0.905,0.669,6.52832650617431e-21,"GRCh38-RASSF8","RASSF8","14"
1.02417289333313e-25,-0.85155995010414,0.29,0.639,7.40497485337716e-21,"GRCh38-LRIG1","LRIG1","14"
1.03395539045722e-25,0.478444801263181,0.286,0.084,7.47570426408376e-21,"GRCh38-ST8SIA1","ST8SIA1","14"
1.13758841717339e-25,0.571351826853673,0.986,0.921,8.22499177384706e-21,"GRCh38-CAPNS1","CAPNS1","14"
1.14886767691783e-25,0.513251308784035,0.995,0.936,8.30654307765128e-21,"GRCh38-NBDY","NBDY","14"
1.29115269502551e-25,0.295411631221128,0.257,0.071,9.33529221557345e-21,"GRCh38-NRXN2","NRXN2","14"
1.37721526943688e-25,0.516567290980961,0.314,0.1,9.95754184108255e-21,"GRCh38-BMP5","BMP5","14"
1.49236553995695e-25,0.671222335000226,0.881,0.569,1.07901013269967e-20,"GRCh38-ENSG00000256417","ENSG00000256417","14"
1.60725037102655e-25,1.1313351975467,0.786,0.538,1.16207416325961e-20,"GRCh38-TMTC2","TMTC2","14"
1.66130189151344e-25,0.564632901634764,0.519,0.219,1.20115449360205e-20,"GRCh38-RTN1","RTN1","14"
1.87736512621626e-25,0.293705699462967,0.233,0.061,1.35737253355688e-20,"GRCh38-CLUL1","CLUL1","14"
2.29296981739296e-25,0.69458004836817,0.319,0.102,1.65786303737146e-20,"GRCh38-ENSG00000259072","ENSG00000259072","14"
2.30252218407265e-25,0.484648220986957,0.962,0.836,1.66476958952821e-20,"GRCh38-RNF145","RNF145","14"
2.625260206288e-25,0.589904041861441,1,0.953,1.89811563435035e-20,"GRCh38-ENAH","ENAH","14"
2.6299700974729e-25,0.435082365633607,0.4,0.145,1.90152097987486e-20,"GRCh38-ENSG00000285941","ENSG00000285941","14"
2.63917007859081e-25,0.534056713777455,0.557,0.255,1.90817275022273e-20,"GRCh38-S1PR3","S1PR3","14"
2.64951000287973e-25,0.639185232390591,0.9,0.714,1.9156487222821e-20,"GRCh38-TMEM245","TMEM245","14"
2.87975781430791e-25,0.750872346209004,0.495,0.205,2.08212249490091e-20,"GRCh38-LINC00383","LINC00383","14"
2.94772567628856e-25,-3.37216882078029,0.057,0.423,2.13126461847015e-20,"GRCh38-S100A9","S100A9","14"
3.30473367187907e-25,0.516333200654983,0.986,0.869,2.38938853944201e-20,"GRCh38-PTOV1","PTOV1","14"
3.71383466881324e-25,0.519383263999093,0.443,0.177,2.68517674224535e-20,"GRCh38-ENSG00000285473","ENSG00000285473","14"
3.84887992863797e-25,-0.830415915525683,0.962,0.955,2.78281716600382e-20,"GRCh38-IMPDH2","IMPDH2","14"
4.0942826361142e-25,0.530116850599801,0.962,0.825,2.96024823156329e-20,"GRCh38-DNAJC4","DNAJC4","14"
4.10448037980723e-25,1.17115141776588,0.529,0.236,2.96762140420822e-20,"GRCh38-ENSG00000286147","ENSG00000286147","14"
4.90221743867611e-25,0.375123720088546,0.219,0.056,3.5444012525116e-20,"GRCh38-LINC02237","LINC02237","14"
5.19710211574209e-25,-1.04624754676803,0.229,0.57,3.75760877172385e-20,"GRCh38-PDPN","PDPN","14"
5.32837686273932e-25,-1.10603559191811,0.4,0.693,3.85252303929778e-20,"GRCh38-PDGFA","PDGFA","14"
5.33986118858254e-25,0.599547688308162,0.51,0.227,3.86082643656895e-20,"GRCh38-CYP1B1-AS1","CYP1B1-AS1","14"
5.37437921474995e-25,0.559724865629322,0.862,0.652,3.88578365984851e-20,"GRCh38-SHISA4","SHISA4","14"
5.58139933321405e-25,-1.24405532874191,0.871,0.908,4.03546334590042e-20,"GRCh38-EIF4EBP1","EIF4EBP1","14"
5.6199121802449e-25,0.659430018580942,0.948,0.755,4.06330890456067e-20,"GRCh38-RGS6","RGS6","14"
5.78720657682021e-25,0.751033145400599,0.967,0.834,4.18426609917255e-20,"GRCh38-GUSBP1","GUSBP1","14"
5.86605371116646e-25,0.666035328810969,0.938,0.717,4.24127415424758e-20,"GRCh38-MGLL","MGLL","14"
7.11046913382058e-25,0.585572477231811,0.267,0.078,5.14101139313496e-20,"GRCh38-UNC13C","UNC13C","14"
7.76658416240233e-25,0.528350548177723,0.929,0.724,5.61539568110013e-20,"GRCh38-SSBP3","SSBP3","14"
7.86733279687255e-25,0.671213485064055,0.986,0.773,5.68823895879479e-20,"GRCh38-SNED1","SNED1","14"
8.86133765126165e-25,0.601815363459122,0.986,0.899,6.4069243486152e-20,"GRCh38-MBD5","MBD5","14"
9.42861951254964e-25,0.723571168682217,0.471,0.193,6.81708047996364e-20,"GRCh38-EMCN","EMCN","14"
1.06051212365615e-24,0.583413939543078,0.643,0.306,7.66771475645868e-20,"GRCh38-B3GALT1","B3GALT1","14"
1.22665630716846e-24,0.583639074866069,0.962,0.789,8.8689704320894e-20,"GRCh38-BMPR1A","BMPR1A","14"
1.29213659159011e-24,0.627362987355892,0.857,0.583,9.34240598451485e-20,"GRCh38-MBOAT2","MBOAT2","14"
1.29700297970587e-24,0.571492359007711,0.838,0.515,9.37759094386941e-20,"GRCh38-EMP2","EMP2","14"
1.30180029387191e-24,0.287644469864241,0.157,0.032,9.41227648475271e-20,"GRCh38-ADRB1","ADRB1","14"
1.46148672582624e-24,0.955375760049486,0.862,0.608,1.05668413250689e-19,"GRCh38-DIO2","DIO2","14"
1.69760005704671e-24,0.529573259734493,0.976,0.891,1.22739879324591e-19,"GRCh38-CTNND1","CTNND1","14"
2.03998572099149e-24,0.515236639708298,1,0.912,1.47495047599126e-19,"GRCh38-MAP3K2","MAP3K2","14"
2.33477436087736e-24,1.00341935209586,0.729,0.437,1.68808855840155e-19,"GRCh38-RAMP1","RAMP1","14"
2.54630403432604e-24,0.642172659851036,0.743,0.459,1.84102874289842e-19,"GRCh38-ENSG00000291220","ENSG00000291220","14"
3.33903584019302e-24,0.562726442774184,0.929,0.707,2.41418969317635e-19,"GRCh38-CITED2","CITED2","14"
3.5077656977397e-24,0.289042116998854,0.252,0.072,2.53618475477976e-19,"GRCh38-ENSG00000230699","ENSG00000230699","14"
3.55646669539484e-24,0.5978429132728,0.995,0.957,2.57139655010438e-19,"GRCh38-ATRX","ATRX","14"
4.10792233478287e-24,0.769653530057114,0.881,0.733,2.97011000649471e-19,"GRCh38-UGT2B7","UGT2B7","14"
4.36456220517581e-24,0.496589591069287,1,0.956,3.15566576558622e-19,"GRCh38-NR3C1","NR3C1","14"
4.36802110096379e-24,0.530405840585567,1,0.951,3.15816661641884e-19,"GRCh38-PNISR","PNISR","14"
4.8053424822686e-24,0.595889105538293,0.8,0.52,3.47435872152984e-19,"GRCh38-SDC3","SDC3","14"
5.27736234937052e-24,0.530730710574485,0.995,0.903,3.81563852584187e-19,"GRCh38-CIR1","CIR1","14"
5.35716569743935e-24,0.559884885760181,0.624,0.322,3.8733379425626e-19,"GRCh38-SPAG1","SPAG1","14"
5.39915605793299e-24,0.6615267896487,0.995,0.898,3.90369781300671e-19,"GRCh38-IGFBP7","IGFBP7","14"
5.95585478789468e-24,0.685471470205542,0.986,0.849,4.30620212874361e-19,"GRCh38-VAV3","VAV3","14"
6.39151623188749e-24,0.623290725963948,0.938,0.783,4.62119406597929e-19,"GRCh38-SKIL","SKIL","14"
7.32239857373937e-24,0.5803878307406,0.876,0.631,5.29424061678504e-19,"GRCh38-MEIS3","MEIS3","14"
7.76870089058613e-24,0.471434739906175,0.286,0.09,5.61692611791158e-19,"GRCh38-GSTA3","GSTA3","14"
7.91466618549201e-24,1.38483749005985,0.681,0.389,5.72246194543443e-19,"GRCh38-PCDH9","PCDH9","14"
8.14645645856205e-24,0.597023688266646,0.795,0.546,5.89005094866953e-19,"GRCh38-RASSF8-AS1","RASSF8-AS1","14"
1.01952677527124e-23,0.560116958733171,0.962,0.818,7.37138249056613e-19,"GRCh38-TPD52","TPD52","14"
1.13935827842499e-23,0.73595986096356,0.676,0.367,8.23778822466835e-19,"GRCh38-GRIN2A","GRIN2A","14"
1.14185831018616e-23,0.560310864687165,0.99,0.927,8.25586395430795e-19,"GRCh38-JPX","JPX","14"
1.14812014186541e-23,0.685201234971001,0.967,0.87,8.30113824971526e-19,"GRCh38-NBEA","NBEA","14"
1.17849843617147e-23,0.583384689586743,0.752,0.453,8.52077939320696e-19,"GRCh38-ENSG00000257496","ENSG00000257496","14"
1.30373560011426e-23,0.601367546292733,0.824,0.575,9.42626913594611e-19,"GRCh38-TTLL3","TTLL3","14"
1.32961614656705e-23,0.532944513306706,0.9,0.616,9.61339066290911e-19,"GRCh38-PBXIP1","PBXIP1","14"
1.54087101072145e-23,0.336833840594127,0.69,0.375,1.11408055817182e-18,"GRCh38-KIF18A","KIF18A","14"
1.6119695165049e-23,0.52140840118219,0.59,0.295,1.16548619982337e-18,"GRCh38-TMEM38A","TMEM38A","14"
1.66053477936472e-23,0.584122656651115,0.552,0.262,1.20059985617628e-18,"GRCh38-SOX9","SOX9","14"
1.71291487677096e-23,0.5822811429776,0.767,0.501,1.23847171420294e-18,"GRCh38-ENSG00000228933","ENSG00000228933","14"
1.79862059630147e-23,0.612849987033027,0.605,0.305,1.30043866353789e-18,"GRCh38-LINC02240","LINC02240","14"
1.84405062585271e-23,0.471842261188733,1,0.979,1.33328548350403e-18,"GRCh38-CD63","CD63","14"
2.05131926913981e-23,0.699785679653087,0.333,0.115,1.48314485797347e-18,"GRCh38-AGMO","AGMO","14"
2.23315088512644e-23,0.536350933333021,0.705,0.417,1.61461275296412e-18,"GRCh38-RARG","RARG","14"
2.32938217655714e-23,0.446297287904197,0.995,0.919,1.68418990129434e-18,"GRCh38-VMP1","VMP1","14"
2.48359609433829e-23,0.544875129687418,0.995,0.897,1.79568964812847e-18,"GRCh38-SERPINE2","SERPINE2","14"
2.62646664080311e-23,0.601694189417937,0.981,0.839,1.89898791063347e-18,"GRCh38-SIPA1L1","SIPA1L1","14"
2.7625773475517e-23,0.457256280053033,1,0.961,1.99739867382683e-18,"GRCh38-CHD4","CHD4","14"
2.9265164036059e-23,0.753925393560122,0.224,0.061,2.11592989013514e-18,"GRCh38-ENSG00000253693","ENSG00000253693","14"
3.09570636170166e-23,0.658334979573072,0.91,0.69,2.23825761363753e-18,"GRCh38-DYNLT3","DYNLT3","14"
3.16931519171923e-23,0.330305916666783,0.233,0.065,2.29147826991684e-18,"GRCh38-ENSG00000229491","ENSG00000229491","14"
3.17566120723898e-23,0.648620567310963,0.786,0.488,2.29606656605793e-18,"GRCh38-GLDN","GLDN","14"
3.24175055618375e-23,0.70080871347737,0.662,0.365,2.34385048713198e-18,"GRCh38-PDE7B","PDE7B","14"
3.28059858835933e-23,-1.00867172700085,0.495,0.739,2.37193839135556e-18,"GRCh38-NOP16","NOP16","14"
3.58272321459727e-23,0.588206628246832,0.605,0.305,2.59038053861812e-18,"GRCh38-LINC02360","LINC02360","14"
4.70184190268614e-23,0.661407336235708,0.605,0.316,3.39952573248013e-18,"GRCh38-MYPN","MYPN","14"
5.18095069823001e-23,0.614299954912128,0.957,0.784,3.74593097383426e-18,"GRCh38-ENSG00000285280","ENSG00000285280","14"
5.67485951778859e-23,0.488750509677955,0.99,0.916,4.10303692855151e-18,"GRCh38-MYL6B","MYL6B","14"
5.91631480071115e-23,0.744277747474776,0.967,0.823,4.27761392721018e-18,"GRCh38-HIP1","HIP1","14"
6.43348008218133e-23,-1.02257092336163,0.286,0.591,4.65153476901875e-18,"GRCh38-POLR1G","POLR1G","14"
7.96477474171472e-23,0.753513586945963,0.924,0.733,5.75869143375458e-18,"GRCh38-PCED1B","PCED1B","14"
8.19619662162826e-23,-1.01535473502818,0.329,0.65,5.92601408136967e-18,"GRCh38-ADAM12","ADAM12","14"
8.4228792376629e-23,0.528501491639662,0.919,0.709,6.08991014641503e-18,"GRCh38-AAMDC","AAMDC","14"
8.5221813797568e-23,0.266938428867797,0.181,0.043,6.16170758119176e-18,"GRCh38-ENSG00000233539","ENSG00000233539","14"
8.91437187510206e-23,-0.869652950985325,0.929,0.932,6.44526915313629e-18,"GRCh38-MIR4435-2HG","MIR4435-2HG","14"
9.25175202269393e-23,0.507019959917428,0.986,0.922,6.68920174744816e-18,"GRCh38-IL13RA1","IL13RA1","14"
9.3832335562273e-23,0.479247703885494,0.986,0.869,6.78426552582346e-18,"GRCh38-POLD4","POLD4","14"
1.25907247229956e-22,0.553974783657982,0.786,0.46,9.10334578922024e-18,"GRCh38-GNG2","GNG2","14"
1.35510932430062e-22,0.666462680635,0.543,0.266,9.79771143655832e-18,"GRCh38-MEF2C-AS1","MEF2C-AS1","14"
1.3814883745992e-22,0.558083568704099,1,0.957,9.98843724602712e-18,"GRCh38-TFPI","TFPI","14"
1.48426310347105e-22,0.472730370703065,0.933,0.712,1.07315190907164e-17,"GRCh38-BDH2","BDH2","14"
1.5014010204223e-22,-0.955587321438581,0.743,0.883,1.08554296578573e-17,"GRCh38-SH3PXD2B","SH3PXD2B","14"
1.60212275944979e-22,0.377890663029602,0.49,0.215,1.15836679753738e-17,"GRCh38-CNRIP1","CNRIP1","14"
1.66262578721846e-22,0.582452746683177,0.91,0.692,1.20211169667469e-17,"GRCh38-FBN1","FBN1","14"
1.70647011037333e-22,0.460011480871786,0.995,0.924,1.23381201920213e-17,"GRCh38-CPLANE1","CPLANE1","14"
1.786117659962e-22,0.463259832119107,1,0.952,1.29139879050573e-17,"GRCh38-TMEM59","TMEM59","14"
1.8473063705307e-22,0.328230839374415,0.252,0.074,1.33563945202111e-17,"GRCh38-ENSG00000232072","ENSG00000232072","14"
1.86573657590532e-22,0.499302002361694,0.981,0.817,1.34896485911107e-17,"GRCh38-TAOK3","TAOK3","14"
2.00809405331861e-22,0.556646179434518,0.862,0.614,1.45189216243042e-17,"GRCh38-CASP6","CASP6","14"
2.07451978946657e-22,0.560485912578261,0.848,0.553,1.49991929818012e-17,"GRCh38-SHLD1","SHLD1","14"
2.66527409135556e-22,0.320276165762283,1,0.972,1.9270464735319e-17,"GRCh38-UBB","UBB","14"
3.09645502477724e-22,0.728027413895175,0.867,0.605,2.23879891201444e-17,"GRCh38-ZSCAN31","ZSCAN31","14"
3.21283660247291e-22,0.667653834988834,0.852,0.652,2.32294512031996e-17,"GRCh38-MDFIC","MDFIC","14"
3.44348759298873e-22,-1.06653500087583,1,0.991,2.48971039948271e-17,"GRCh38-MIF","MIF","14"
3.69567794861044e-22,0.711863046271659,0.395,0.154,2.67204907040432e-17,"GRCh38-BRINP3","BRINP3","14"
4.00819781586296e-22,0.426598286539322,0.386,0.149,2.89800718482524e-17,"GRCh38-ACOT12","ACOT12","14"
4.14894590380056e-22,0.488141456601984,0.405,0.161,2.99977086736588e-17,"GRCh38-COL24A1","COL24A1","14"
4.39088433539956e-22,0.431465382075368,0.39,0.153,3.17469719218059e-17,"GRCh38-ADRA1D","ADRA1D","14"
4.69156357143161e-22,-1.65330782841069,0.267,0.587,3.39209429341648e-17,"GRCh38-SLPI","SLPI","14"
4.80303063389945e-22,0.41539814486593,0.995,0.961,3.47268720892198e-17,"GRCh38-FKBP1A","FKBP1A","14"
5.02401415992523e-22,0.410470005059453,1,0.977,3.63246271790914e-17,"GRCh38-CALD1","CALD1","14"
5.46356873526994e-22,0.408118331754682,0.995,0.912,3.95026946697487e-17,"GRCh38-SH3KBP1","SH3KBP1","14"
6.06027449018585e-22,0.5575385848879,0.981,0.87,4.38169966189417e-17,"GRCh38-EPHX1","EPHX1","14"
6.14323386855244e-22,0.544965750146688,0.424,0.177,4.44168095164079e-17,"GRCh38-ENSG00000284977","ENSG00000284977","14"
6.17132207017519e-22,0.702954847782582,0.81,0.565,4.46198928317807e-17,"GRCh38-ENSG00000229618","ENSG00000229618","14"
7.42927291506366e-22,0.398085816334476,0.271,0.087,5.37151290304932e-17,"GRCh38-LINC01902","LINC01902","14"
8.19349335880585e-22,0.49539265025557,0.995,0.92,5.92405956828381e-17,"GRCh38-RBMS1","RBMS1","14"
9.45924791501058e-22,0.274587697486193,0.181,0.044,6.83922542751095e-17,"GRCh38-RMDN2-AS1","RMDN2-AS1","14"
1.00110564823214e-21,-1.03316339112229,0.286,0.59,7.23819405784803e-17,"GRCh38-SNTB1","SNTB1","14"
1.06532082941592e-21,0.586520373636171,0.962,0.806,7.70248266084299e-17,"GRCh38-ENSG00000227088","ENSG00000227088","14"
1.09309807831119e-21,0.604632105402709,0.986,0.893,7.90331772580555e-17,"GRCh38-SOS1","SOS1","14"
1.11330856883097e-21,0.634278433066982,0.762,0.466,8.04944361436171e-17,"GRCh38-SUCLG2-DT","SUCLG2-DT","14"
1.23919741239575e-21,0.383031913145843,0.99,0.891,8.95964513110378e-17,"GRCh38-RSRP1","RSRP1","14"
1.28546713952919e-21,1.05959469454288,0.738,0.462,9.29418451222392e-17,"GRCh38-LRRC7","LRRC7","14"
1.28887113220941e-21,0.498888973459934,0.938,0.766,9.31879606010045e-17,"GRCh38-RAPGEF2","RAPGEF2","14"
1.32853757925509e-21,0.489878907376592,0.981,0.917,9.60559240553017e-17,"GRCh38-RTL8C","RTL8C","14"
1.32942535874125e-21,0.593856948248409,0.767,0.503,9.612011228771e-17,"GRCh38-DGKI","DGKI","14"
1.3478230667168e-21,0.463866031504337,1,0.925,9.74503033697583e-17,"GRCh38-HCFC1R1","HCFC1R1","14"
1.37198677741514e-21,0.455125614252366,1,0.966,9.91973879806691e-17,"GRCh38-MT-ND3","MT-ND3","14"
1.67508667995237e-21,0.529949005306891,1,0.946,1.21112117133916e-16,"GRCh38-NRP1","NRP1","14"
1.70195509739559e-21,0.845429652035904,0.248,0.075,1.23054757451896e-16,"GRCh38-CADM2","CADM2","14"
1.90526108143027e-21,-1.62250321905816,0.495,0.728,1.37754186709571e-16,"GRCh38-ETS2","ETS2","14"
2.00627539842835e-21,0.443071708244936,1,0.949,1.45057723857166e-16,"GRCh38-RALA","RALA","14"
2.17347637338747e-21,0.613755830602171,0.757,0.474,1.57146688748661e-16,"GRCh38-BMERB1","BMERB1","14"
2.18641107375064e-21,0.581484928443816,0.214,0.059,1.58081893454319e-16,"GRCh38-ENSG00000255477","ENSG00000255477","14"
2.48319254369102e-21,0.405569417882909,1,0.941,1.79539787293948e-16,"GRCh38-CYB5R3","CYB5R3","14"
2.60470921438433e-21,0.595001712450489,0.933,0.755,1.88325685618416e-16,"GRCh38-LEO1","LEO1","14"
2.60837926745829e-21,0.621076498614008,0.776,0.518,1.8859103779577e-16,"GRCh38-LLGL2","LLGL2","14"
2.79890426251378e-21,0.437687822686503,0.514,0.244,2.02366375988271e-16,"GRCh38-FOXF1","FOXF1","14"
2.90916449549368e-21,0.582122834681748,0.924,0.782,2.10338411353184e-16,"GRCh38-CCDC18-AS1","CCDC18-AS1","14"
2.90983828000245e-21,0.712186328663783,0.967,0.843,2.10387127320737e-16,"GRCh38-ENSG00000290548","ENSG00000290548","14"
3.07808951075361e-21,0.425777738822538,1,0.982,2.22552027806507e-16,"GRCh38-SERF2","SERF2","14"
3.73206020935061e-21,0.544920503067545,0.552,0.286,2.69835417256468e-16,"GRCh38-FUCA1","FUCA1","14"
4.14760940465769e-21,0.563312581812977,0.919,0.74,2.9988045517556e-16,"GRCh38-CYB561","CYB561","14"
4.46776208576379e-21,-0.916211049279574,0.957,0.954,3.23028134324894e-16,"GRCh38-NHP2","NHP2","14"
4.68251447216666e-21,0.454273535854839,0.71,0.393,3.38555161366594e-16,"GRCh38-GRM7","GRM7","14"
4.97814673454426e-21,0.324737011374654,0.243,0.074,3.59929965201019e-16,"GRCh38-ENSG00000223523","ENSG00000223523","14"
4.98410686971656e-21,0.450228795349413,0.281,0.092,3.60360894894247e-16,"GRCh38-ZNF608","ZNF608","14"
4.98957916777695e-21,0.564627460144077,0.99,0.904,3.60756552988609e-16,"GRCh38-PPA2","PPA2","14"
5.2052685722939e-21,0.531896391969033,0.776,0.496,3.76351328313993e-16,"GRCh38-PLXND1","PLXND1","14"
5.94764035544394e-21,0.735419655169213,0.867,0.672,4.30026292979308e-16,"GRCh38-PTGFR","PTGFR","14"
6.01077643359438e-21,0.552659648896688,0.871,0.654,4.34591157701741e-16,"GRCh38-MAP1LC3A","MAP1LC3A","14"
6.64089884835526e-21,0.545632578445522,0.943,0.815,4.80150268533782e-16,"GRCh38-CCPG1","CCPG1","14"
7.67542579852432e-21,0.542313907469366,0.643,0.368,5.54948636084905e-16,"GRCh38-LINC00648","LINC00648","14"
8.43499078897228e-21,0.632664374374759,0.871,0.685,6.09866704024274e-16,"GRCh38-ZNF532","ZNF532","14"
8.47381079065085e-21,0.278466433633252,0.129,0.026,6.12673467785638e-16,"GRCh38-ENSG00000248491","ENSG00000248491","14"
8.5311903361161e-21,0.576020898960524,0.662,0.39,6.16822123681866e-16,"GRCh38-ENSG00000235743","ENSG00000235743","14"
9.02270332453093e-21,0.769422397746071,0.971,0.896,6.52359495770236e-16,"GRCh38-CDH12","CDH12","14"
9.2792282645525e-21,0.440388025887463,1,0.942,6.70906761983675e-16,"GRCh38-NCOR1","NCOR1","14"
9.43625639993816e-21,0.343731572231365,1,0.983,6.82260210228329e-16,"GRCh38-GNAS","GNAS","14"
1.11615202456168e-20,0.597092681597491,0.929,0.768,8.07000236798583e-16,"GRCh38-RIPK2-DT","RIPK2-DT","14"
1.16962772813009e-20,0.294730942920415,0.995,0.954,8.45664239992619e-16,"GRCh38-SLC38A2","SLC38A2","14"
1.18433868725755e-20,0.571363225875939,0.89,0.678,8.56300557660953e-16,"GRCh38-GLT8D2","GLT8D2","14"
1.20640199307343e-20,0.589051365400716,0.795,0.588,8.72252769031953e-16,"GRCh38-MFSD6","MFSD6","14"
1.32799336817319e-20,0.612267831561258,0.448,0.2,9.60165765056582e-16,"GRCh38-SLC25A21","SLC25A21","14"
1.32803757257215e-20,0.27520099276417,0.162,0.038,9.60197725721116e-16,"GRCh38-ENSG00000250064","ENSG00000250064","14"
1.3969523359913e-20,0.407683638562683,0.829,0.565,1.01002447796843e-15,"GRCh38-FNBP1L","FNBP1L","14"
1.44656985932431e-20,0.418820946635504,1,0.98,1.04589893968867e-15,"GRCh38-H3-3A","H3-3A","14"
1.61319285569291e-20,0.485853729933207,0.729,0.428,1.16637069852309e-15,"GRCh38-PDK3","PDK3","14"
1.69005808838516e-20,0.596757095028366,0.948,0.825,1.22194579906424e-15,"GRCh38-ARID2","ARID2","14"
1.75406245659123e-20,0.410635429506783,1,0.96,1.26822223736459e-15,"GRCh38-OST4","OST4","14"
1.96279464122313e-20,-1.71954874508986,0.586,0.786,1.41913978149715e-15,"GRCh38-TNFRSF12A","TNFRSF12A","14"
2.06424362544306e-20,0.522228119434583,0.895,0.718,1.49248942606784e-15,"GRCh38-DHRS4L2","DHRS4L2","14"
2.07943429508425e-20,0.363055232221626,1,0.964,1.50347258403181e-15,"GRCh38-UBL5","UBL5","14"
2.3729840973209e-20,0.525537184848923,0.981,0.915,1.71571496204496e-15,"GRCh38-FLOT1","FLOT1","14"
2.54949795814703e-20,0.83404174469304,0.705,0.415,1.84333801369947e-15,"GRCh38-ENSG00000289450","ENSG00000289450","14"
2.57635250814714e-20,0.469859413570338,0.462,0.207,1.86275439044055e-15,"GRCh38-VAT1L","VAT1L","14"
2.74811246687999e-20,0.444859996348736,1,0.939,1.98694027580357e-15,"GRCh38-ARID5B","ARID5B","14"
2.76817011837678e-20,-1.01467452709555,0.662,0.795,2.00144235898878e-15,"GRCh38-NOLC1","NOLC1","14"
2.83452655519335e-20,0.271872145738871,0.267,0.087,2.0494193899359e-15,"GRCh38-TMEM121","TMEM121","14"
2.90009508828688e-20,0.526719201307154,0.871,0.71,2.09682675073318e-15,"GRCh38-FLYWCH2","FLYWCH2","14"
2.93383613531121e-20,0.476001345901016,1,0.939,2.12122220255271e-15,"GRCh38-DYNC1I2","DYNC1I2","14"
3.01209626798744e-20,0.351501673482871,0.338,0.129,2.17780584368028e-15,"GRCh38-LINC02202","LINC02202","14"
3.39232355991028e-20,0.656372873694913,0.919,0.741,2.45271778028633e-15,"GRCh38-SLIT2","SLIT2","14"
3.49371359447791e-20,-1.42477103997463,0.433,0.667,2.52602480307942e-15,"GRCh38-TFRC","TFRC","14"
3.50463830152395e-20,0.546823646320449,0.648,0.355,2.53392358476784e-15,"GRCh38-NEXN","NEXN","14"
4.13268818191119e-20,0.454579563618665,0.4,0.174,2.98801620928543e-15,"GRCh38-KAZALD1","KAZALD1","14"
4.33664570014795e-20,0.448739659685716,1,0.946,3.13548157412097e-15,"GRCh38-EIF4G3","EIF4G3","14"
4.35570703937293e-20,0.565067020705802,0.971,0.824,3.14926330360742e-15,"GRCh38-NIHCOLE","NIHCOLE","14"
4.39854272876875e-20,-0.890182624770539,0.971,0.964,3.18023436375438e-15,"GRCh38-PPA1","PPA1","14"
5.31088874307375e-20,0.332908876897059,1,0.982,3.83987877901719e-15,"GRCh38-DSTN","DSTN","14"
6.02337101008796e-20,0.573916739021134,0.976,0.858,4.3550177077138e-15,"GRCh38-CBLB","CBLB","14"
6.06302102858943e-20,0.445733135329148,0.962,0.855,4.38368546409073e-15,"GRCh38-SPATS2","SPATS2","14"
6.09043019774474e-20,0.552288942805769,0.843,0.61,4.4035028415734e-15,"GRCh38-EYA1","EYA1","14"
6.15331040329562e-20,0.654935720565348,0.952,0.823,4.4489664877908e-15,"GRCh38-ENSG00000287176","ENSG00000287176","14"
6.59796757380119e-20,1.04112239696575,0.314,0.121,4.77046251520974e-15,"GRCh38-SCN3A","SCN3A","14"
6.79378371559695e-20,0.67809493406175,0.557,0.284,4.91204150205091e-15,"GRCh38-RAPGEF4","RAPGEF4","14"
6.97893184682152e-20,0.45846759814986,1,0.945,5.0459073038889e-15,"GRCh38-BEX3","BEX3","14"
7.09914151974528e-20,0.442267692258476,0.348,0.135,5.13282130160623e-15,"GRCh38-CACNA1A","CACNA1A","14"
7.25323543431003e-20,0.534800909233129,0.781,0.5,5.24423428371483e-15,"GRCh38-LINC01050","LINC01050","14"
7.36851558260559e-20,-0.937718571383435,0.876,0.923,5.32758413653549e-15,"GRCh38-PAICS","PAICS","14"
7.36966607706808e-20,0.655218759317555,0.91,0.776,5.32841596704176e-15,"GRCh38-NAV2","NAV2","14"
7.43290624156584e-20,0.488882634155502,0.99,0.926,5.37413987077693e-15,"GRCh38-IGBP1","IGBP1","14"
7.6471449210485e-20,0.433329229017489,0.99,0.913,5.52903872081649e-15,"GRCh38-H1-10","H1-10","14"
7.85343401176268e-20,0.548688442015621,0.686,0.39,5.67818985918465e-15,"GRCh38-NKD2","NKD2","14"
9.47229153641996e-20,0.428091017662875,0.957,0.813,6.84865622666236e-15,"GRCh38-ARHGEF12","ARHGEF12","14"
9.85059312607258e-20,0.552891055440827,0.89,0.673,7.12217584201299e-15,"GRCh38-RUNX2","RUNX2","14"
1.05817009249276e-19,0.518821339984335,0.967,0.852,7.65078140274118e-15,"GRCh38-ZNF609","ZNF609","14"
1.1230789655693e-19,0.499907424001372,0.9,0.681,8.12008553685912e-15,"GRCh38-GABRE","GABRE","14"
1.13065409083398e-19,0.587446613651936,0.29,0.102,8.17485520754781e-15,"GRCh38-HS6ST2","HS6ST2","14"
1.13354097533815e-19,0.502720986961449,0.71,0.435,8.19572795988986e-15,"GRCh38-GABARAPL1","GABARAPL1","14"
1.15798980417339e-19,-3.98417447669707,0.052,0.355,8.37249788213441e-15,"GRCh38-SAA1","SAA1","14"
1.21741393501053e-19,0.466309400864009,0.976,0.889,8.8021462329131e-15,"GRCh38-EVI5","EVI5","14"
1.40431037213235e-19,0.565721225998608,0.829,0.575,1.01534448525913e-14,"GRCh38-ENSG00000271774","ENSG00000271774","14"
1.53588194530122e-19,0.549297091827545,0.857,0.612,1.11047336409169e-14,"GRCh38-RAB30","RAB30","14"
1.59815783714882e-19,0.405962512089586,0.99,0.91,1.15550007941534e-14,"GRCh38-GABARAPL2","GABARAPL2","14"
1.66351512810418e-19,0.397457821562944,0.852,0.613,1.20275470792188e-14,"GRCh38-PID1","PID1","14"
1.75149721178925e-19,0.3950313264591,0.99,0.963,1.26636751406786e-14,"GRCh38-SEC31A","SEC31A","14"
2.08938373794724e-19,0.513671769978675,0.933,0.785,1.51066623021062e-14,"GRCh38-MYO6","MYO6","14"
2.17358020160717e-19,0.447981126519853,0.938,0.79,1.57154195736602e-14,"GRCh38-VAMP2","VAMP2","14"
2.18192833067726e-19,0.405199999378008,0.995,0.94,1.57757782164627e-14,"GRCh38-RSF1","RSF1","14"
2.29459193061774e-19,0.304814259361316,0.271,0.092,1.65903585767524e-14,"GRCh38-TOX-DT","TOX-DT","14"
2.3217224466255e-19,0.746975318860783,0.795,0.567,1.67865176335917e-14,"GRCh38-PITPNC1","PITPNC1","14"
2.36652303760087e-19,0.551119103797765,0.957,0.757,1.71104348664618e-14,"GRCh38-ZNF804A","ZNF804A","14"
2.39216639959385e-19,0.54533166155093,0.971,0.85,1.72958415023435e-14,"GRCh38-TBCK","TBCK","14"
2.58435563969748e-19,0.444075220975591,0.986,0.926,1.86854081461407e-14,"GRCh38-ACAA2","ACAA2","14"
2.9280992814419e-19,0.636392174707527,0.743,0.452,2.11707434246812e-14,"GRCh38-BGN","BGN","14"
2.98370921968279e-19,0.533717932424204,0.795,0.564,2.15728144001505e-14,"GRCh38-SH2B1","SH2B1","14"
3.01382965654893e-19,0.512158027568931,0.971,0.81,2.17905911827801e-14,"GRCh38-PPIC","PPIC","14"
3.0186454981389e-19,0.387126168578306,1,0.947,2.18254106806439e-14,"GRCh38-ETFB","ETFB","14"
3.0579210434462e-19,-1.0828930903603,0.343,0.602,2.21093807283247e-14,"GRCh38-PPIF","PPIF","14"
3.14900776638199e-19,0.556278015629112,0.752,0.465,2.2767955952495e-14,"GRCh38-ENSG00000257869","ENSG00000257869","14"
3.39378489888307e-19,0.492582120335547,0.848,0.6,2.45377435759044e-14,"GRCh38-ZNF75D","ZNF75D","14"
3.52387193654066e-19,0.604247545946484,0.295,0.105,2.54782988755763e-14,"GRCh38-SOST","SOST","14"
3.56860496817985e-19,0.482537251791909,0.89,0.649,2.58017276409339e-14,"GRCh38-CYTH2","CYTH2","14"
3.69778886963165e-19,0.419440720494446,0.729,0.434,2.67357530852108e-14,"GRCh38-SERTAD3","SERTAD3","14"
3.76701379188289e-19,0.560942299082404,0.848,0.628,2.72362631180716e-14,"GRCh38-PARVA","PARVA","14"
3.90026911830179e-19,0.486036292605225,0.948,0.827,2.81997257791456e-14,"GRCh38-KCMF1","KCMF1","14"
3.93451233349824e-19,0.340285978485625,1,0.972,2.8447311073659e-14,"GRCh38-NDUFA4","NDUFA4","14"
4.0986654836335e-19,0.367523619500753,0.39,0.168,2.9634171179767e-14,"GRCh38-HR","HR","14"
4.16299189117632e-19,0.372449964050048,1,0.95,3.0099263971583e-14,"GRCh38-SMARCE1","SMARCE1","14"
4.86309027348035e-19,0.480528859592495,1,0.943,3.51611152953176e-14,"GRCh38-RERE","RERE","14"
5.17048553034756e-19,0.473297467685617,0.986,0.91,3.73836444815189e-14,"GRCh38-VPS4B","VPS4B","14"
5.19642878576071e-19,-0.787659680525821,0.49,0.711,3.75712194068071e-14,"GRCh38-TPST2","TPST2","14"
5.64673054075519e-19,0.404872812059852,0.348,0.136,4.08269911557682e-14,"GRCh38-TRIM15","TRIM15","14"
6.19867285052575e-19,0.513682127682915,0.943,0.75,4.48176444438713e-14,"GRCh38-SLC27A4","SLC27A4","14"
6.27223116995874e-19,0.504862590262223,0.733,0.472,4.53494858050357e-14,"GRCh38-ENSG00000290560","ENSG00000290560","14"
6.59453109586435e-19,-0.813774791884653,0.938,0.929,4.76797787293184e-14,"GRCh38-CHCHD10","CHCHD10","14"
6.86651444512452e-19,0.40744850837978,0.986,0.901,4.96462727411393e-14,"GRCh38-MLF2","MLF2","14"
7.5745942839495e-19,0.416760169252315,0.986,0.932,5.47658315918117e-14,"GRCh38-GNGT1","GNGT1","14"
7.59874785035453e-19,0.42804062850222,0.524,0.267,5.49404667076333e-14,"GRCh38-LIMD2","LIMD2","14"
7.83390622264891e-19,0.570439609368371,0.757,0.509,5.66407087709962e-14,"GRCh38-ATOSA","ATOSA","14"
7.88380339603489e-19,0.409991438402904,1,0.946,5.70014753140115e-14,"GRCh38-PPP3CA","PPP3CA","14"
7.99624259584885e-19,0.587201044187486,0.952,0.784,5.78144332165063e-14,"GRCh38-LIFR","LIFR","14"
8.36191926712967e-19,-1.60381937081735,0.105,0.398,6.04583486852009e-14,"GRCh38-MCTP1","MCTP1","14"
8.44633242685023e-19,0.255670946243972,0.214,0.064,6.10686727126125e-14,"GRCh38-ARHGEF38","ARHGEF38","14"
8.47159371327119e-19,-1.44997707827321,0.214,0.506,6.12513168656934e-14,"GRCh38-GDF15","GDF15","14"
8.59581205301083e-19,0.465460324686104,0.533,0.265,6.21494403056789e-14,"GRCh38-NHSL2","NHSL2","14"
8.62969688551414e-19,0.420951315704465,0.314,0.118,6.23944344216443e-14,"GRCh38-LINC01013","LINC01013","14"
9.60396842203014e-19,0.386274321038963,0.448,0.206,6.94386124849623e-14,"GRCh38-THORLNC","THORLNC","14"
1.09315687095534e-18,0.473520588746022,0.99,0.929,7.9037428083813e-14,"GRCh38-G6PD","G6PD","14"
1.11987646603985e-18,0.267716845060687,0.286,0.102,8.09693082476134e-14,"GRCh38-INMT","INMT","14"
1.16845438454569e-18,0.452030091133012,0.976,0.868,8.44815889114227e-14,"GRCh38-MECP2","MECP2","14"
1.41520422366092e-18,0.660113228131361,0.729,0.481,1.02322095779132e-13,"GRCh38-BHLHE41","BHLHE41","14"
1.50785250638962e-18,0.474281650187721,1,0.958,1.09020751916982e-13,"GRCh38-SCAF11","SCAF11","14"
1.51240033180437e-18,0.501572674205303,0.633,0.371,1.0934956879012e-13,"GRCh38-CBR3","CBR3","14"
1.55996146625676e-18,0.408012858620959,0.448,0.207,1.12788333933296e-13,"GRCh38-ENSG00000230234","ENSG00000230234","14"
1.60892619037317e-18,-0.829588926428697,0.667,0.818,1.16328581416361e-13,"GRCh38-PTPRE","PTPRE","14"
1.68910166716602e-18,0.346679282193451,0.252,0.085,1.22125428739438e-13,"GRCh38-TMC4","TMC4","14"
1.8852960685108e-18,0.510721010940727,0.938,0.821,1.36310676345468e-13,"GRCh38-ATXN3","ATXN3","14"
1.93987175914968e-18,0.413092245637748,1,0.953,1.4025660793004e-13,"GRCh38-GNG12","GNG12","14"
2.16732701638002e-18,0.54003750403307,0.848,0.618,1.56702077938309e-13,"GRCh38-ANXA2R-AS1","ANXA2R-AS1","14"
2.20538547515881e-18,0.35067547286857,0.438,0.204,1.59453780624932e-13,"GRCh38-TMEM140","TMEM140","14"
2.24005293053167e-18,0.269332715538069,0.967,0.847,1.61960306983301e-13,"GRCh38-FOSB","FOSB","14"
2.35906081945318e-18,0.455939094885177,0.976,0.877,1.70564815368104e-13,"GRCh38-EXOC6B","EXOC6B","14"
2.40104192927374e-18,0.484850997794804,0.524,0.275,1.7360013357035e-13,"GRCh38-SYNM","SYNM","14"
2.4127248296373e-18,0.499933248343241,0.852,0.652,1.74444830632436e-13,"GRCh38-TOM1L2","TOM1L2","14"
2.57356499275224e-18,0.427328111551474,1,0.953,1.86073896105972e-13,"GRCh38-SRSF5","SRSF5","14"
2.63953772697893e-18,0.556009634507033,0.71,0.455,1.90843856736031e-13,"GRCh38-GPAT3","GPAT3","14"
2.78609685737305e-18,0.346350462961506,0.986,0.927,2.01440374981787e-13,"GRCh38-MAP1B","MAP1B","14"
2.82747216043242e-18,0.437542035315003,0.524,0.276,2.04431892143585e-13,"GRCh38-RTN2","RTN2","14"
2.96713835320983e-18,0.463166497490467,1,0.935,2.14530037213777e-13,"GRCh38-CTSA","CTSA","14"
3.11025174965416e-18,0.458644291169148,0.981,0.881,2.24877422003495e-13,"GRCh38-USP33","USP33","14"
3.18390306904606e-18,0.295854103428533,1,0.926,2.30202559698168e-13,"GRCh38-HMGN3","HMGN3","14"
3.20125198443609e-18,0.463079727698076,0.619,0.354,2.31456920978698e-13,"GRCh38-NAIP","NAIP","14"
3.3044587974184e-18,0.384836315615716,0.757,0.463,2.38918979970945e-13,"GRCh38-ENSG00000286133","ENSG00000286133","14"
3.41015157124443e-18,0.440284215789681,0.91,0.755,2.46560778904115e-13,"GRCh38-TNRC6C","TNRC6C","14"
3.45554915722277e-18,0.658685245753542,0.524,0.271,2.49843115165521e-13,"GRCh38-KCNK2","KCNK2","14"
3.47882480837657e-18,0.382858063116802,0.648,0.367,2.51525991295243e-13,"GRCh38-IFFO1","IFFO1","14"
3.6526910856376e-18,0.305929948310192,0.357,0.144,2.6409687087377e-13,"GRCh38-ANKRD55","ANKRD55","14"
3.65445181246779e-18,0.402832305025886,0.795,0.551,2.64224174945046e-13,"GRCh38-A4GALT","A4GALT","14"
3.76404659220907e-18,0.665758527905873,0.29,0.107,2.721480967099e-13,"GRCh38-FAM9A","FAM9A","14"
3.81292698091396e-18,0.572422365551058,0.543,0.29,2.75682246574041e-13,"GRCh38-ITGA11","ITGA11","14"
3.9765134364103e-18,0.5094541187371,0.143,0.034,2.87509874479338e-13,"GRCh38-TNFRSF11B","TNFRSF11B","14"
4.02365991211881e-18,0.538879501737204,0.924,0.773,2.90918658966014e-13,"GRCh38-TET1","TET1","14"
4.10234115993972e-18,0.479758422470788,0.995,0.888,2.96607470545962e-13,"GRCh38-HDAC8","HDAC8","14"
4.52297601466961e-18,0.419109247353157,0.967,0.875,3.27020211812642e-13,"GRCh38-ADD1","ADD1","14"
4.69963798617946e-18,0.53765092427007,0.99,0.916,3.39793225676747e-13,"GRCh38-SLC4A7","SLC4A7","14"
4.76760212399145e-18,0.56847953978432,0.69,0.444,3.4470716876883e-13,"GRCh38-ENSG00000228708","ENSG00000228708","14"
4.78674522367049e-18,0.507233901269113,0.271,0.098,3.46091253161824e-13,"GRCh38-ENSG00000287014","ENSG00000287014","14"
4.80086995676027e-18,0.327705802968974,0.576,0.303,3.47112499613681e-13,"GRCh38-ENSG00000249631","ENSG00000249631","14"
5.03351461276309e-18,0.314185080016507,1,0.95,3.63933173531997e-13,"GRCh38-ARL6IP5","ARL6IP5","14"
5.27084546361351e-18,0.430377861261041,0.995,0.921,3.81092668710184e-13,"GRCh38-GPATCH8","GPATCH8","14"
5.46678533153749e-18,0.52737446776542,0.262,0.092,3.95259513040823e-13,"GRCh38-ENSG00000225885","ENSG00000225885","14"
5.55916591980405e-18,0.46770609511246,0.695,0.417,4.01938814333673e-13,"GRCh38-SCN1B","SCN1B","14"
5.56119636067303e-18,0.606887536924691,0.362,0.152,4.02085619269381e-13,"GRCh38-TEX41","TEX41","14"
5.97127271389856e-18,0.432835925943165,0.871,0.649,4.31734959760294e-13,"GRCh38-CPT1A","CPT1A","14"
6.10512491824778e-18,0.474750368866649,0.233,0.077,4.41412741839151e-13,"GRCh38-NR2F1","NR2F1","14"
6.46062562150194e-18,0.635028063433403,0.448,0.211,4.67116153685833e-13,"GRCh38-ADGRL4","ADGRL4","14"
6.51873100598568e-18,0.508434229662061,0.195,0.057,4.71317289194776e-13,"GRCh38-ENSG00000258751","ENSG00000258751","14"
6.53249569783182e-18,0.456643454164618,0.629,0.361,4.72312503944636e-13,"GRCh38-CFAP210","CFAP210","14"
6.55115782415312e-18,0.356031109177301,1,0.951,4.73661813001919e-13,"GRCh38-CTSZ","CTSZ","14"
6.66984119212012e-18,0.353677608418212,0.99,0.913,4.82242857872669e-13,"GRCh38-ATXN1","ATXN1","14"
6.74854404577765e-18,0.380378868806776,0.529,0.275,4.87933231597816e-13,"GRCh38-ENSG00000259755","ENSG00000259755","14"
7.20982145490145e-18,0.459201953176885,0.919,0.743,5.21284510832284e-13,"GRCh38-ATF7","ATF7","14"
7.22490009632226e-18,0.525148021586195,0.343,0.142,5.22374726764292e-13,"GRCh38-SGPP2","SGPP2","14"
7.30433594367427e-18,0.389411922154245,1,0.962,5.28118097399537e-13,"GRCh38-UBXN4","UBXN4","14"
7.45689271791458e-18,0.51321083632815,0.99,0.933,5.3914825729066e-13,"GRCh38-COL4A5","COL4A5","14"
7.47492943695941e-18,0.460694017807798,0.948,0.807,5.40452348151039e-13,"GRCh38-CERCAM","CERCAM","14"
7.49521401842898e-18,0.38671664590367,1,0.889,5.41918963960452e-13,"GRCh38-IDS","IDS","14"
8.1168433242782e-18,0.546419723633816,0.538,0.275,5.86864006031963e-13,"GRCh38-ENSG00000251199","ENSG00000251199","14"
8.32110489362597e-18,0.525349747976547,0.848,0.638,6.01632526018945e-13,"GRCh38-TLE2","TLE2","14"
8.91939384640481e-18,0.423596321481866,0.995,0.938,6.4489001388276e-13,"GRCh38-MTIF3","MTIF3","14"
9.48316433498867e-18,0.458682176268102,0.495,0.261,6.85651747748351e-13,"GRCh38-TCEA3","TCEA3","14"
9.90179951304571e-18,0.40960303468999,0.986,0.911,7.15919908392231e-13,"GRCh38-FRG1","FRG1","14"
1.00476891859202e-17,0.538686204174922,0.89,0.675,7.26468023520404e-13,"GRCh38-TBC1D8","TBC1D8","14"
1.02812523325705e-17,0.403281232576942,0.976,0.903,7.43355106149513e-13,"GRCh38-GNG10","GNG10","14"
1.10984326822801e-17,0.457842555429718,0.967,0.87,8.02438879794216e-13,"GRCh38-EAPP","EAPP","14"
1.14556140799822e-17,0.793687061170473,0.505,0.282,8.28263809210872e-13,"GRCh38-PTPRB","PTPRB","14"
1.21419542992595e-17,0.443552156598709,0.729,0.473,8.77887579745064e-13,"GRCh38-FOXO1","FOXO1","14"
1.22256692422152e-17,0.587744073580344,0.467,0.241,8.83940337550645e-13,"GRCh38-PDE5A","PDE5A","14"
1.2521559805379e-17,0.647518886659838,0.7,0.462,9.05333817048516e-13,"GRCh38-LINC01807","LINC01807","14"
1.25423782823541e-17,0.362762589418651,1,0.963,9.06839034570764e-13,"GRCh38-DDX17","DDX17","14"
1.25722267017651e-17,0.437476124480701,0.952,0.845,9.08997134991018e-13,"GRCh38-CCS","CCS","14"
1.30443042779298e-17,0.494608778564186,0.99,0.935,9.43129287902879e-13,"GRCh38-KLHL5","KLHL5","14"
1.32887687802962e-17,0.434620331440523,0.881,0.67,9.60804560352973e-13,"GRCh38-FBXO38-DT","FBXO38-DT","14"
1.34136605235026e-17,0.72904769363135,0.771,0.521,9.69834483170286e-13,"GRCh38-LINC02997","LINC02997","14"
1.34869920976927e-17,0.519290870295522,0.848,0.637,9.7513650264738e-13,"GRCh38-TMEM135","TMEM135","14"
1.38815179099333e-17,0.257966282472826,0.133,0.031,1.00366150792399e-12,"GRCh38-ENSG00000258394","ENSG00000258394","14"
1.40360815180602e-17,0.492051904615126,0.919,0.773,1.01483676591879e-12,"GRCh38-MRFAP1L1","MRFAP1L1","14"
1.43120948258699e-17,0.460613931559622,0.962,0.824,1.03479308010004e-12,"GRCh38-MAP4K3","MAP4K3","14"
1.59281035855094e-17,0.493418430229542,0.91,0.787,1.1516337454395e-12,"GRCh38-RRAGB","RRAGB","14"
1.65263223893596e-17,0.273995458212586,0.986,0.945,1.19488616139548e-12,"GRCh38-VCP","VCP","14"
1.68196684620942e-17,0.279498654800227,0.99,0.927,1.21609566914633e-12,"GRCh38-TUSC3","TUSC3","14"
1.73035497354535e-17,0.469900147893892,0.867,0.628,1.25108125297276e-12,"GRCh38-TP53I11","TP53I11","14"
1.83485264010366e-17,0.406058321508194,0.948,0.778,1.32663515584775e-12,"GRCh38-PMM1","PMM1","14"
2.10206352394732e-17,0.266317444527172,1,0.955,1.51983396908439e-12,"GRCh38-GRN","GRN","14"
2.13107341131104e-17,0.520045387651396,0.967,0.876,1.54080869784611e-12,"GRCh38-SYNJ2","SYNJ2","14"
2.13564781828897e-17,0.435314852144607,0.557,0.299,1.54411608557929e-12,"GRCh38-ITIH4","ITIH4","14"
2.33823471441843e-17,0.542020416775119,0.886,0.758,1.69059046321882e-12,"GRCh38-CHPT1","CHPT1","14"
2.58753986681598e-17,0.416084488803951,0.562,0.307,1.87084307450529e-12,"GRCh38-BTBD19","BTBD19","14"
2.58848698466234e-17,0.343745242951744,0.99,0.878,1.87152785965056e-12,"GRCh38-MAML2","MAML2","14"
2.64322008800186e-17,0.434496004506483,0.652,0.388,1.9111009880271e-12,"GRCh38-SIDT2","SIDT2","14"
2.70839280335792e-17,0.407763474868864,0.967,0.879,1.95822216468384e-12,"GRCh38-UBTF","UBTF","14"
2.73134717202481e-17,0.410513298686007,0.5,0.258,1.97481863231738e-12,"GRCh38-METTL7A","METTL7A","14"
3.00752575664985e-17,-1.07084544745778,0.067,0.344,2.17450127257297e-12,"GRCh38-ERG","ERG","14"
3.02149312641547e-17,0.516257704197464,0.767,0.535,2.18459996026092e-12,"GRCh38-CCDC92","CCDC92","14"
3.08531240520853e-17,0.446863910298502,0.876,0.657,2.23074257521387e-12,"GRCh38-BIRC2","BIRC2","14"
3.10064997182676e-17,0.397974870512586,0.99,0.899,2.24183194263018e-12,"GRCh38-ENSG00000225087","ENSG00000225087","14"
3.23766157826618e-17,0.483859690984968,0.81,0.51,2.34089407431802e-12,"GRCh38-ENSG00000234147","ENSG00000234147","14"
3.3068230958616e-17,0.488928195023982,0.976,0.874,2.39089923476986e-12,"GRCh38-BICD1","BICD1","14"
3.38556288915637e-17,-1.34543900236221,0.605,0.781,2.44782968011784e-12,"GRCh38-KCNQ5","KCNQ5","14"
3.4932505856031e-17,0.518514357149952,0.843,0.612,2.52569003840276e-12,"GRCh38-MIR181A1HG","MIR181A1HG","14"
3.55205161121915e-17,0.418867161570897,0.905,0.72,2.56820435594367e-12,"GRCh38-RBM23","RBM23","14"
3.55740857919181e-17,0.477388127920117,0.629,0.358,2.57207755092726e-12,"GRCh38-FLRT2","FLRT2","14"
3.63956915011272e-17,0.469235265030721,0.59,0.32,2.6314812869145e-12,"GRCh38-NRXN1","NRXN1","14"
3.72463822550186e-17,0.598146057186716,0.962,0.874,2.69298792980235e-12,"GRCh38-GSE1","GSE1","14"
3.77290296272241e-17,0.423109799071364,0.986,0.91,2.72788430010756e-12,"GRCh38-ATP6AP1","ATP6AP1","14"
3.77459065224902e-17,-0.986775107725123,0.224,0.492,2.72910453338908e-12,"GRCh38-ST3GAL6","ST3GAL6","14"
3.97443765913969e-17,0.417194826124001,1,0.933,2.87359791631118e-12,"GRCh38-ELF2","ELF2","14"
4.07219785447183e-17,0.441701565382399,0.686,0.423,2.94428049274022e-12,"GRCh38-TCP11L2","TCP11L2","14"
4.62333136974666e-17,-2.14101763558936,0.619,0.752,3.34276104695423e-12,"GRCh38-TNC","TNC","14"
4.65786505334285e-17,0.434849582325852,0.986,0.915,3.36772959086795e-12,"GRCh38-NUCB1","NUCB1","14"
4.77365295676582e-17,0.326833779551295,1,0.961,3.45144656080082e-12,"GRCh38-LGALS3BP","LGALS3BP","14"
4.80050660383005e-17,0.354691684800016,0.738,0.449,3.47086228470121e-12,"GRCh38-KANSL1L","KANSL1L","14"
4.81114837049374e-17,0.301363557372078,0.243,0.084,3.47855649483438e-12,"GRCh38-ARL14","ARL14","14"
4.91152049570833e-17,0.266195311283645,0.995,0.927,3.55112754880704e-12,"GRCh38-ARID4B","ARID4B","14"
4.92000438432746e-17,0.445945846198599,0.986,0.898,3.55726156995644e-12,"GRCh38-ANTXR1","ANTXR1","14"
4.94368809922105e-17,0.39371986177781,0.505,0.249,3.5743853694988e-12,"GRCh38-AKT3","AKT3","14"
4.97980200961677e-17,0.296750406057158,1,0.947,3.60049644899311e-12,"GRCh38-DYNLRB1","DYNLRB1","14"
5.01847542250669e-17,0.415695354816627,0.938,0.775,3.62845809998079e-12,"GRCh38-PWWP3A","PWWP3A","14"
5.23687677554791e-17,0.341737687442493,0.767,0.505,3.78636664625665e-12,"GRCh38-AADACP1","AADACP1","14"
5.3142175763601e-17,0.339879413768146,0.981,0.926,3.84228559205988e-12,"GRCh38-C4orf48","C4orf48","14"
5.43258388379996e-17,0.451685377626919,0.729,0.466,3.92786679966505e-12,"GRCh38-CTSO","CTSO","14"
5.66611582213678e-17,0.491510264340983,0.619,0.372,4.09671506172134e-12,"GRCh38-EIF4E3","EIF4E3","14"
5.75812140158466e-17,0.361700112126254,0.314,0.127,4.16323693577374e-12,"GRCh38-MATN2","MATN2","14"
5.85757530602941e-17,0.279262398695075,1,0.972,4.23514409776538e-12,"GRCh38-BST2","BST2","14"
5.88260839250553e-17,0.397384958377949,0.981,0.929,4.25324351994935e-12,"GRCh38-SARNP","SARNP","14"
5.91218588630671e-17,0.483090201185347,0.762,0.511,4.27462863951748e-12,"GRCh38-ENSG00000236449","ENSG00000236449","14"
6.01828853683544e-17,0.533640571445011,0.695,0.442,4.35134297790276e-12,"GRCh38-POLN","POLN","14"
6.21629311366132e-17,0.569449142853997,0.8,0.553,4.49450424703941e-12,"GRCh38-GPR173","GPR173","14"
6.30819422391378e-17,-1.3161189871709,0.871,0.908,4.56095058777414e-12,"GRCh38-PLOD2","PLOD2","14"
6.38277942965919e-17,0.482718644353749,0.905,0.755,4.61487718323219e-12,"GRCh38-ENSG00000291075","ENSG00000291075","14"
6.80674083394918e-17,0.538627509383849,0.9,0.719,4.92140975776194e-12,"GRCh38-GALNT7","GALNT7","14"
7.05673279822944e-17,0.550406743454523,0.933,0.731,5.10215894777585e-12,"GRCh38-TNNT1","TNNT1","14"
7.21885351580238e-17,0.271244559936942,0.248,0.085,5.21937546899544e-12,"GRCh38-ENSG00000223829","ENSG00000223829","14"
7.40380697392245e-17,-0.960417077604742,0.69,0.825,5.35310051828541e-12,"GRCh38-PFKP","PFKP","14"
7.51725328212236e-17,0.990682132739393,0.91,0.741,5.43512446804011e-12,"GRCh38-NCAM2","NCAM2","14"
7.89726591439041e-17,0.434024439318461,0.833,0.668,5.70988120142255e-12,"GRCh38-IER5L","IER5L","14"
8.83321947002092e-17,0.325062212169417,0.957,0.817,6.38659434121453e-12,"GRCh38-H2AJ","H2AJ","14"
9.23099251869608e-17,0.318325202519576,0.386,0.172,6.67419221086764e-12,"GRCh38-HOXC13","HOXC13","14"
9.29215688377964e-17,0.432367346761786,0.91,0.779,6.71841527011035e-12,"GRCh38-MPDZ","MPDZ","14"
9.29538842741305e-17,0.524624938026141,0.738,0.522,6.72075174078818e-12,"GRCh38-ECHDC2","ECHDC2","14"
9.54144762378442e-17,0.434647337417465,0.933,0.816,6.89865746094861e-12,"GRCh38-HECTD4","HECTD4","14"
9.68780649992672e-17,0.402790499464691,0.962,0.846,7.00447785557702e-12,"GRCh38-METTL15","METTL15","14"
1.01215151670458e-16,0.459718362687791,0.952,0.807,7.31805789607749e-12,"GRCh38-GBP2","GBP2","14"
1.03649963695842e-16,0.450721462994239,0.748,0.494,7.49409967513676e-12,"GRCh38-CHMP4C","CHMP4C","14"
1.1359972997612e-16,0.484312044307799,0.676,0.448,8.21348767673344e-12,"GRCh38-EEIG2","EEIG2","14"
1.13949096115516e-16,0.403345623144021,0.962,0.858,8.23874754734402e-12,"GRCh38-TBCB","TBCB","14"
1.17203434650969e-16,0.362415176766031,0.743,0.47,8.47404273213434e-12,"GRCh38-TES","TES","14"
1.1831949756876e-16,0.831890716976248,0.495,0.268,8.55473631321649e-12,"GRCh38-COL14A1","COL14A1","14"
1.24731682047599e-16,0.408899794719262,0.495,0.265,9.01835007540548e-12,"GRCh38-CCDC9B","CCDC9B","14"
1.27543044993656e-16,0.504168976878442,0.614,0.37,9.22161723913129e-12,"GRCh38-ENSG00000232611","ENSG00000232611","14"
1.27704508937137e-16,0.258890342972871,0.114,0.025,9.23329140517287e-12,"GRCh38-PARM1","PARM1","14"
1.28767366153182e-16,0.424474433194111,0.848,0.656,9.31013810760735e-12,"GRCh38-KIF3A","KIF3A","14"
1.28912280497193e-16,1.15320967471001,0.467,0.245,9.32061570450803e-12,"GRCh38-LINC02506","LINC02506","14"
1.29476599576968e-16,-0.881577802172545,0.938,0.939,9.36141710261391e-12,"GRCh38-NOP56","NOP56","14"
1.3034049777273e-16,0.421609972008045,0.871,0.656,9.42387866996391e-12,"GRCh38-DLEU2","DLEU2","14"
1.36039665823205e-16,0.317679565430923,0.995,0.917,9.83593991834935e-12,"GRCh38-CUX1","CUX1","14"
1.39158212793834e-16,0.467956901791007,0.776,0.567,1.00614171014198e-11,"GRCh38-RCAN3","RCAN3","14"
1.41029442247566e-16,-3.09248126854003,0.014,0.272,1.01967107333835e-11,"GRCm39-Fth1","Fth1","14"
1.44515174332474e-16,0.323041949153784,1,0.954,1.04487361345866e-11,"GRCh38-SEC62","SEC62","14"
1.51858594019891e-16,-1.71933311984307,0.043,0.305,1.09796800648262e-11,"GRCh38-SERPINB3","SERPINB3","14"
1.58277269440749e-16,0.319080967883561,0.238,0.081,1.1443763135105e-11,"GRCh38-GPR137C","GPR137C","14"
1.66912566345446e-16,0.345083938677498,0.395,0.179,1.20681123719085e-11,"GRCh38-GIPR","GIPR","14"
1.6831410315526e-16,0.469519476455328,0.862,0.685,1.21694462863316e-11,"GRCh38-TSC22D3","TSC22D3","14"
1.70176993342067e-16,0.315208562956809,1,0.97,1.23041369726182e-11,"GRCh38-KRT8","KRT8","14"
1.70218892678082e-16,0.546811815809225,0.857,0.677,1.23071663784107e-11,"GRCh38-ENG","ENG","14"
1.82090335854999e-16,0.404052463037599,0.99,0.888,1.31654954629881e-11,"GRCh38-LRP10","LRP10","14"
1.82263607700335e-16,0.43664664173069,0.952,0.828,1.31780233639496e-11,"GRCh38-RAP1A","RAP1A","14"
1.89082585691331e-16,0.331217968401553,0.424,0.191,1.36710491106546e-11,"GRCh38-ENSG00000273118","ENSG00000273118","14"
1.89627279127818e-16,0.369698230711426,1,0.958,1.37104315354995e-11,"GRCh38-SNX6","SNX6","14"
1.93710426264372e-16,0.500511235525531,0.957,0.799,1.40056512397666e-11,"GRCh38-LINC02994","LINC02994","14"
1.94901715266031e-16,0.3123144754028,1,0.97,1.40917838171646e-11,"GRCh38-PFDN5","PFDN5","14"
2.06889597270586e-16,-0.956153570271007,0.229,0.492,1.49585316618579e-11,"GRCh38-WWC1","WWC1","14"
2.08207758514217e-16,0.402863550206003,0.933,0.792,1.50538373560949e-11,"GRCh38-PRAF2","PRAF2","14"
2.19000758088138e-16,0.554536454215888,0.962,0.793,1.58341928112885e-11,"GRCh38-ABCC2","ABCC2","14"
2.37941301651302e-16,0.274113476864089,0.995,0.975,1.72036319919925e-11,"GRCh38-SKP1","SKP1","14"
2.42566368695559e-16,0.348516340273205,1,0.946,1.75380335894263e-11,"GRCh38-JAK1","JAK1","14"
2.5819956627096e-16,0.437122059316851,0.995,0.903,1.86683450405229e-11,"GRCh38-OOEP","OOEP","14"
2.60988962780397e-16,0.343753932300014,1,0.969,1.88700239869483e-11,"GRCh38-BSG","BSG","14"
2.76672365901864e-16,0.263204715436298,0.243,0.084,2.00039653994366e-11,"GRCh38-FAIM2","FAIM2","14"
2.93505726685794e-16,0.438648235736232,0.867,0.684,2.12210510508363e-11,"GRCh38-TPRA1","TPRA1","14"
2.94548799906652e-16,-1.0077497676545,0.829,0.879,2.12964673308508e-11,"GRCh38-EBNA1BP2","EBNA1BP2","14"
3.03587465187417e-16,-0.994249954467821,0.424,0.667,2.19499809079806e-11,"GRCh38-SMOC1","SMOC1","14"
3.04688972082661e-16,0.46056452514551,0.89,0.688,2.20296220595205e-11,"GRCh38-TWIST1","TWIST1","14"
3.04850987329638e-16,-0.844386891367944,0.143,0.426,2.20413360859075e-11,"GRCh38-ARHGAP22","ARHGAP22","14"
3.09278291887462e-16,0.414430948325311,0.938,0.762,2.23614390600473e-11,"GRCh38-ERCC6L2","ERCC6L2","14"
3.09626944979895e-16,0.435360345735671,0.905,0.745,2.23866473759363e-11,"GRCh38-ZNF358","ZNF358","14"
3.09929905960129e-16,0.602981854686671,0.395,0.188,2.24085520607293e-11,"GRCh38-ENSG00000285588","ENSG00000285588","14"
3.18614912006897e-16,0.379680967842177,0.995,0.886,2.30364953679227e-11,"GRCh38-PHACTR4","PHACTR4","14"
3.21067759329148e-16,0.419978867658909,0.971,0.874,2.32138411350161e-11,"GRCh38-RBM41","RBM41","14"
3.31777295698905e-16,0.389051372124452,0.9,0.757,2.39881620336222e-11,"GRCh38-DCBLD2","DCBLD2","14"
3.36859600337867e-16,-0.763051673082704,0.595,0.783,2.43556228236285e-11,"GRCh38-PYCR1","PYCR1","14"
3.49522959051988e-16,0.27910218599009,0.99,0.911,2.52712089853768e-11,"GRCh38-TALAM1","TALAM1","14"
3.51283636993719e-16,0.513213038382136,0.995,0.932,2.53985095219199e-11,"GRCh38-SUCLG1","SUCLG1","14"
3.59777717180129e-16,0.398087457257068,0.952,0.836,2.60126485075577e-11,"GRCh38-THRA","THRA","14"
3.67248154722153e-16,0.404254726787093,0.657,0.401,2.65527760827211e-11,"GRCh38-TTN-AS1","TTN-AS1","14"
3.68807707941474e-16,0.414582063948475,0.705,0.459,2.66655348995845e-11,"GRCh38-SPACA6","SPACA6","14"
3.83648945809676e-16,0.387296995098559,0.376,0.173,2.77385860799312e-11,"GRCh38-ENSG00000272438","ENSG00000272438","14"
3.92378061720153e-16,0.375919386198162,0.952,0.862,2.83697186184905e-11,"GRCh38-ZNF428","ZNF428","14"
4.1190364301955e-16,0.286457872505072,0.219,0.073,2.97814571975995e-11,"GRCh38-RASA4B","RASA4B","14"
4.15331160291509e-16,0.365469047644093,0.995,0.919,3.00292735513967e-11,"GRCh38-ANKRD12","ANKRD12","14"
4.27506195698203e-16,0.502398044835074,0.438,0.211,3.09095529613715e-11,"GRCh38-TARID","TARID","14"
4.32888331719163e-16,0.382156293996321,1,0.953,3.12986921599589e-11,"GRCh38-RPS27L","RPS27L","14"
4.43566997730303e-16,0.474654764713496,0.833,0.632,3.20707810698964e-11,"GRCh38-CALCOCO1","CALCOCO1","14"
4.48957304398281e-16,0.463469429914755,0.952,0.791,3.24605110226045e-11,"GRCh38-FNBP1","FNBP1","14"
4.58220335764485e-16,0.413844844735659,0.862,0.655,3.31302467164438e-11,"GRCh38-BLMH","BLMH","14"
4.59462000858103e-16,-1.52221645102297,0.581,0.737,3.32200215860426e-11,"GRCh38-FABP5","FABP5","14"
4.62820735134901e-16,0.426362207461669,0.981,0.857,3.34628647917236e-11,"GRCh38-PHACTR2","PHACTR2","14"
4.90921157318979e-16,0.299047009582515,0.986,0.906,3.54945815164768e-11,"GRCh38-USP47","USP47","14"
4.91515457666587e-16,0.385034341204018,0.91,0.736,3.55375506202096e-11,"GRCh38-FUNDC1","FUNDC1","14"
4.99655731671548e-16,0.424685981694641,0.981,0.858,3.61261087113163e-11,"GRCh38-PIAS1","PIAS1","14"
5.06008781159813e-16,0.422345927094415,0.919,0.739,3.65854468954168e-11,"GRCh38-TTC14","TTC14","14"
5.13024726651741e-16,0.296811060410223,0.857,0.708,3.70927137863742e-11,"GRCh38-IGFBP6","IGFBP6","14"
5.26000766882756e-16,0.322402566345071,0.348,0.148,3.8030907447157e-11,"GRCh38-KLRK1","KLRK1","14"
5.3652244743304e-16,-2.848058560149,0.019,0.271,3.87916459943036e-11,"GRCm39-S100a8","S100a8","14"
5.49120282931366e-16,0.366361140689628,0.995,0.939,3.97024946965037e-11,"GRCh38-SYF2","SYF2","14"
5.62749598080863e-16,0.430096239424798,0.948,0.789,4.06879214404425e-11,"GRCh38-MBOAT7","MBOAT7","14"
5.66699716331422e-16,0.419174722645419,0.967,0.833,4.09735228901945e-11,"GRCh38-ZNF580","ZNF580","14"
5.87446667891082e-16,0.484147404631501,0.819,0.64,4.2473568981861e-11,"GRCh38-ZSCAN16-AS1","ZSCAN16-AS1","14"
6.16079466693331e-16,0.385015795471648,0.986,0.901,4.45437776008612e-11,"GRCh38-NUCB2","NUCB2","14"
6.29787732165355e-16,-2.37860010741304,0.014,0.263,4.55349126110195e-11,"GRCm39-Saa3","Saa3","14"
6.32861069738589e-16,0.43857230148514,0.967,0.858,4.57571210642394e-11,"GRCh38-ARHGAP5","ARHGAP5","14"
6.41654493990752e-16,0.432794977281985,0.914,0.787,4.63929032245194e-11,"GRCh38-YIPF4","YIPF4","14"
6.74756384559805e-16,0.398698590563285,0.957,0.827,4.8786236116443e-11,"GRCh38-FAM200B","FAM200B","14"
7.0390715670519e-16,0.517848535836314,0.595,0.358,5.08938952440986e-11,"GRCh38-TSPYL2","TSPYL2","14"
7.43303891052058e-16,0.381912805505741,0.971,0.829,5.37423579308459e-11,"GRCh38-CCN1","CCN1","14"
7.59274392407448e-16,0.363697591742307,0.99,0.919,5.48970571198433e-11,"GRCh38-CAMK2D","CAMK2D","14"
7.7597505648857e-16,-0.85187338682307,0.695,0.824,5.61045485342366e-11,"GRCh38-MRTO4","MRTO4","14"
7.8473402573113e-16,0.259609439307412,0.333,0.138,5.67378395284122e-11,"GRCh38-LINC02412","LINC02412","14"
8.09764549503844e-16,0.322168425191928,0.976,0.869,5.85475964582269e-11,"GRCh38-TRPS1","TRPS1","14"
8.38597002639718e-16,0.395631616749514,0.995,0.967,6.06322404848569e-11,"GRCh38-IL6ST","IL6ST","14"
8.39747267826361e-16,0.292314127120371,0.133,0.033,6.07154069583815e-11,"GRCh38-SLC4A10","SLC4A10","14"
8.59779582518533e-16,0.36083781488207,0.986,0.875,6.2163783375255e-11,"GRCh38-CSNK1D","CSNK1D","14"
8.7561741811864e-16,0.479324071677338,0.919,0.704,6.33088905648139e-11,"GRCh38-ENSG00000287211","ENSG00000287211","14"
8.86525723964414e-16,0.448916495662097,0.948,0.826,6.40975828940751e-11,"GRCh38-ZFX","ZFX","14"
8.90404042733472e-16,0.43352607798056,0.981,0.883,6.43779930977155e-11,"GRCh38-WWC2","WWC2","14"
8.97447322544034e-16,-0.802717935652453,0.476,0.691,6.48872363145787e-11,"GRCh38-PCOLCE2","PCOLCE2","14"
9.67372656150892e-16,0.348664008649442,0.995,0.95,6.99429777850218e-11,"GRCh38-TLE5","TLE5","14"
9.87313443484939e-16,0.382763936073617,0.576,0.319,7.13847365908481e-11,"GRCh38-SLC6A16","SLC6A16","14"
9.92314486189726e-16,0.40008612013723,0.986,0.882,7.17463219804895e-11,"GRCh38-MAGED1","MAGED1","14"
1.04998012576529e-15,-2.28283146028376,0.014,0.26,7.59156630530818e-11,"GRCm39-Malat1","Malat1","14"
1.13670300348255e-15,0.448753665295659,0.652,0.413,8.21859005577954e-11,"GRCh38-KRCC1","KRCC1","14"
1.13832987795537e-15,0.405878871942598,0.938,0.78,8.2303526835929e-11,"GRCh38-CCNG1","CCNG1","14"
1.15306817315876e-15,0.44298478780457,0.91,0.747,8.33691350557244e-11,"GRCh38-MAPRE2","MAPRE2","14"
1.24119585346209e-15,0.420692754155881,0.938,0.776,8.97409425970158e-11,"GRCh38-RSPH3","RSPH3","14"
1.27619684884051e-15,-0.7671907910801,0.543,0.726,9.22715845648666e-11,"GRCh38-IFRD2","IFRD2","14"
1.27651538109002e-15,0.400209231372651,0.971,0.889,9.22946150835706e-11,"GRCh38-ERLEC1","ERLEC1","14"
1.30967561143969e-15,-0.914494381903531,0.514,0.715,9.46921660583125e-11,"GRCh38-LYAR","LYAR","14"
1.32148632105931e-15,0.342828269296597,0.938,0.753,9.554610398523e-11,"GRCh38-CP","CP","14"
1.33229672124966e-15,0.388113622826001,0.571,0.317,9.63277175397927e-11,"GRCh38-GABRG2","GABRG2","14"
1.33738046633045e-15,-0.703269274864796,0.762,0.855,9.6695282476624e-11,"GRCh38-POLD2","POLD2","14"
1.34500154289739e-15,0.332157441296611,0.986,0.896,9.7246301554567e-11,"GRCh38-BAD","BAD","14"
1.39357448153093e-15,-0.729730302470257,0.762,0.85,1.00758222163649e-10,"GRCh38-FBLN1","FBLN1","14"
1.40357728162698e-15,-0.6281890010201,0.1,0.361,1.01481444616194e-10,"GRCh38-LINP1","LINP1","14"
1.40974083536231e-15,0.349651765692683,0.319,0.137,1.01927081878366e-10,"GRCh38-GGT1","GGT1","14"
1.44363533849544e-15,0.428457061082984,0.61,0.359,1.04377722243898e-10,"GRCh38-ZNF467","ZNF467","14"
1.49271794658977e-15,0.482327773737249,0.895,0.73,1.07926492974334e-10,"GRCh38-LINC02428","LINC02428","14"
1.50662305671469e-15,0.301350728556302,0.186,0.058,1.08931860246585e-10,"GRCh38-NDST3","NDST3","14"
1.5246699649503e-15,0.454040176721725,0.876,0.65,1.10236687805837e-10,"GRCh38-HSD17B11","HSD17B11","14"
1.52729912929273e-15,0.34951557660222,0.91,0.745,1.10426781646123e-10,"GRCh38-LINC00470","LINC00470","14"
1.57278332099182e-15,0.513091470543532,0.938,0.788,1.1371537967435e-10,"GRCh38-ENSG00000248515","ENSG00000248515","14"
1.59249155565523e-15,0.463440469129425,0.924,0.809,1.15140324456985e-10,"GRCh38-PRKACB","PRKACB","14"
1.64111192813892e-15,0.568862624970804,0.51,0.277,1.186556746283e-10,"GRCh38-ENSG00000285679","ENSG00000285679","14"
1.64625735019097e-15,-0.678188312491846,0.386,0.616,1.19027698933508e-10,"GRCh38-SNHG15","SNHG15","14"
1.71487751474334e-15,-0.743500488693333,0.405,0.624,1.23989074070973e-10,"GRCh38-NPM3","NPM3","14"
1.75970604440631e-15,0.439121004468018,0.71,0.427,1.27230266422665e-10,"GRCh38-LINC02694","LINC02694","14"
1.78961774799079e-15,-0.882365806182249,0.867,0.916,1.2939294241523e-10,"GRCh38-CMSS1","CMSS1","14"
1.90694715578001e-15,0.412858383469685,0.8,0.574,1.37876093257206e-10,"GRCh38-BRWD3","BRWD3","14"
1.92984378173973e-15,0.432209446111511,0.881,0.729,1.39531565107346e-10,"GRCh38-ARL17A","ARL17A","14"
1.9922901475061e-15,-3.05582598906862,0.029,0.272,1.44046562244986e-10,"GRCm39-S100a9","S100a9","14"
2.01499174833426e-15,0.419842833362542,0.933,0.79,1.45687933388064e-10,"GRCh38-ANXA6","ANXA6","14"
2.09052677644026e-15,0.304652787281429,1,0.955,1.51149266990183e-10,"GRCh38-LAPTM4A","LAPTM4A","14"
2.10387169059592e-15,0.399389836346702,0.748,0.528,1.52114130973466e-10,"GRCh38-TEAD2","TEAD2","14"
2.12063795365259e-15,0.250524058525372,0.162,0.046,1.5332636532499e-10,"GRCh38-BMPR1B","BMPR1B","14"
2.15446525736285e-15,-0.485930918455352,1,0.993,1.55772147037849e-10,"GRCh38-RPL3","RPL3","14"
2.20038429919558e-15,0.372052847896691,0.986,0.921,1.59092185600439e-10,"GRCh38-DCTN2","DCTN2","14"
2.31518265035722e-15,0.391162596877544,0.967,0.84,1.67392335986128e-10,"GRCh38-PIN4","PIN4","14"
2.35041791980299e-15,-1.1509141424492,0.948,0.938,1.69939916437596e-10,"GRCh38-RPL22L1","RPL22L1","14"
2.49065795107632e-15,0.445272580871996,0.714,0.503,1.8007955117872e-10,"GRCh38-TNFSF12","TNFSF12","14"
2.5032915866554e-15,0.584096334088058,0.61,0.371,1.80992988298359e-10,"GRCh38-ENSG00000237713","ENSG00000237713","14"
2.53215535069892e-15,0.383322178526469,0.976,0.798,1.83079896166233e-10,"GRCh38-ADAM10","ADAM10","14"
2.58103410619428e-15,0.979927179556511,0.357,0.165,1.86613927946059e-10,"GRCh38-KCNIP4","KCNIP4","14"
2.60438899011917e-15,0.308368547410735,0.981,0.868,1.88302532763596e-10,"GRCh38-SSH2","SSH2","14"
2.64500787659281e-15,0.396531474343821,0.943,0.856,1.91239359493413e-10,"GRCh38-ENSG00000291214","ENSG00000291214","14"
2.71055447738677e-15,0.419369271003139,0.705,0.483,1.95978509824018e-10,"GRCh38-ENSG00000238142","ENSG00000238142","14"
2.73471170349617e-15,0.338153356801227,0.933,0.8,1.9772512558618e-10,"GRCh38-TMEM41B","TMEM41B","14"
2.77459606257641e-15,0.407198108959234,0.957,0.855,2.006088445164e-10,"GRCh38-ENSG00000251574","ENSG00000251574","14"
2.77974294692068e-15,0.491589182741001,0.681,0.456,2.00980974548259e-10,"GRCh38-ABCA7","ABCA7","14"
2.81421245665876e-15,0.321738634074516,0.914,0.734,2.03473189041342e-10,"GRCh38-HTRA1","HTRA1","14"
3.05024850416381e-15,-1.82109536153587,0.01,0.246,2.20539067348052e-10,"GRCm39-Srgn","Srgn","14"
3.05146372887211e-15,0.336501253827805,0.395,0.189,2.20626930524911e-10,"GRCh38-FNDC4","FNDC4","14"
3.07148531494375e-15,0.253995691777799,1,0.973,2.22074531241063e-10,"GRCh38-CST3","CST3","14"
3.09806286343265e-15,0.27036804118379,0.324,0.137,2.23996141151907e-10,"GRCh38-ENSG00000287978","ENSG00000287978","14"
3.11645367268461e-15,0.375299199393515,1,0.957,2.25325833442443e-10,"GRCh38-TAX1BP1","TAX1BP1","14"
3.16653392743463e-15,0.417744846374378,0.952,0.863,2.28946736021378e-10,"GRCh38-PKD2","PKD2","14"
3.20639175551309e-15,0.366930893288821,0.99,0.9,2.31828536707108e-10,"GRCh38-FKBP3","FKBP3","14"
3.22610049530097e-15,0.401256219607098,0.99,0.944,2.33253518011251e-10,"GRCh38-ATRAID","ATRAID","14"
3.30042305527503e-15,0.471092343201077,0.962,0.829,2.38627187742495e-10,"GRCh38-THBS1","THBS1","14"
3.30804776031436e-15,0.351570754908431,0.995,0.954,2.39178469166249e-10,"GRCh38-RABAC1","RABAC1","14"
3.4271538212822e-15,0.365973784373737,0.919,0.755,2.47790075586346e-10,"GRCh38-ADI1","ADI1","14"
3.43604529504412e-15,0.3135806574287,0.929,0.766,2.4843294692228e-10,"GRCh38-FAM89B","FAM89B","14"
3.73392478353147e-15,-0.963955211224998,0.981,0.975,2.69970229698892e-10,"GRCh38-PPP1R14B","PPP1R14B","14"
3.765350533815e-15,0.445962217560408,0.662,0.432,2.72242374295892e-10,"GRCh38-ENSG00000290476","ENSG00000290476","14"
3.80837555662172e-15,0.409226000197942,0.919,0.785,2.75353169494864e-10,"GRCh38-NHLRC3","NHLRC3","14"
3.81014913833347e-15,0.329281469981346,0.99,0.912,2.75481402999787e-10,"GRCh38-TRAPPC1","TRAPPC1","14"
3.85720804654246e-15,0.56504188271172,0.881,0.671,2.78883856181113e-10,"GRCh38-ENPP2","ENPP2","14"
3.85931753437572e-15,0.423097451460476,0.895,0.782,2.79036376370433e-10,"GRCh38-TPGS1","TPGS1","14"
3.92782173171836e-15,0.369247821774797,0.371,0.173,2.83989366846701e-10,"GRCh38-SLC2A12","SLC2A12","14"
4.02299702414941e-15,0.358391450665463,0.529,0.28,2.90870730840051e-10,"GRCh38-NEO1","NEO1","14"
4.0449578060473e-15,0.311626004159292,0.995,0.958,2.92458539292832e-10,"GRCh38-OCIAD1","OCIAD1","14"
4.05699950389136e-15,-1.10617100370024,0.6,0.754,2.93329178130353e-10,"GRCh38-COTL1","COTL1","14"
4.17689013504904e-15,-0.664530012589862,0.981,0.95,3.01997510544316e-10,"GRCh38-BZW2","BZW2","14"
4.20993804088082e-15,0.38489144348407,0.871,0.689,3.04386940231765e-10,"GRCh38-ANKRD13D","ANKRD13D","14"
4.26340965032772e-15,0.487157066024613,0.643,0.399,3.08253044537995e-10,"GRCh38-ENSG00000263745","ENSG00000263745","14"
4.27859083708548e-15,0.461682865864842,0.876,0.735,3.09350674702954e-10,"GRCh38-CFL2","CFL2","14"
4.28197802945799e-15,0.718651950128641,0.529,0.294,3.09595575485872e-10,"GRCh38-ENSG00000286639","ENSG00000286639","14"
4.48664840124699e-15,0.373945956729654,0.852,0.694,3.2439365270696e-10,"GRCh38-TMEM14A","TMEM14A","14"
4.498853966884e-15,-0.720766018707695,0.343,0.569,3.25276139513647e-10,"GRCh38-VARS1","VARS1","14"
4.51613423417912e-15,0.365559550656688,0.9,0.673,3.26525537399619e-10,"GRCh38-MAGI3","MAGI3","14"
4.67698555526731e-15,-0.993625887914352,0.943,0.924,3.38155409616937e-10,"GRCh38-SLC38A1","SLC38A1","14"
4.68124926091327e-15,-0.480821076719817,0.133,0.4,3.38463684062551e-10,"GRCh38-CGREF1","CGREF1","14"
4.70374398100773e-15,0.409541421795024,0.886,0.723,3.40090097314821e-10,"GRCh38-KLHL24","KLHL24","14"
4.80650312304848e-15,0.433681023906059,0.524,0.281,3.47519788802651e-10,"GRCh38-ENSG00000287453","ENSG00000287453","14"
4.8924831432438e-15,0.294878291665812,0.871,0.681,3.53736316222813e-10,"GRCh38-HAT1","HAT1","14"
4.93962111234508e-15,0.373059974290802,0.381,0.177,3.57144485664774e-10,"GRCh38-SLCO2A1","SLCO2A1","14"
5.05209594879483e-15,0.394421536420252,0.99,0.856,3.65276641289764e-10,"GRCh38-STEAP1B","STEAP1B","14"
5.2604649274789e-15,0.385406136550109,0.29,0.118,3.8034213518658e-10,"GRCh38-SULT1A1","SULT1A1","14"
5.56212403310178e-15,0.279800208128682,0.352,0.155,4.02152691841325e-10,"GRCh38-PIK3C2B","PIK3C2B","14"
5.588534169688e-15,0.404963277350775,0.986,0.848,4.04062197536782e-10,"GRCh38-SMARCC2","SMARCC2","14"
5.71033925739933e-15,0.441530480613514,0.814,0.583,4.12868948988487e-10,"GRCh38-CCDC80","CCDC80","14"
5.73724880140096e-15,0.462585466271381,0.857,0.66,4.14814562838892e-10,"GRCh38-PINK1","PINK1","14"
5.92623272784909e-15,-1.13833297978909,0.543,0.719,4.28478478688945e-10,"GRCh38-GJA1","GJA1","14"
5.93399883464926e-15,0.386039994532534,0.81,0.576,4.29039983742811e-10,"GRCh38-BCLAF3","BCLAF3","14"
6.11207158207426e-15,0.440701142088917,0.9,0.714,4.41914999527133e-10,"GRCh38-CREB1","CREB1","14"
6.22339630370952e-15,-1.13943400334708,0.076,0.325,4.49963999550806e-10,"GRCh38-GALNT18","GALNT18","14"
6.42772815692218e-15,0.424497967292178,0.9,0.75,4.64737601201787e-10,"GRCh38-CENPC","CENPC","14"
6.75840787008472e-15,0.464164223313917,0.738,0.517,4.88646405822865e-10,"GRCh38-HOXC9","HOXC9","14"
6.77868222473014e-15,0.448619646897096,0.548,0.311,4.90112282212439e-10,"GRCh38-ENSG00000289007","ENSG00000289007","14"
6.7890226907773e-15,0.302213045576753,1,0.97,4.9085991858858e-10,"GRCh38-RBM39","RBM39","14"
6.85779067240421e-15,0.419227635625919,0.905,0.725,4.95831981196169e-10,"GRCh38-DENND1B","DENND1B","14"
6.91783206478867e-15,-2.06138748371462,0.014,0.249,5.0017309394835e-10,"GRCm39-Cxcl2","Cxcl2","14"
7.28952459880492e-15,0.289202604391737,1,0.969,5.27047207542793e-10,"GRCh38-CD151","CD151","14"
7.43707415503832e-15,0.347384250583635,0.481,0.254,5.37715335557581e-10,"GRCh38-RAB26","RAB26","14"
7.65543564746394e-15,0.286439445189167,1,0.969,5.53503308182937e-10,"GRCh38-DBI","DBI","14"
7.68807321727242e-15,0.423818952037407,0.738,0.52,5.5586306975523e-10,"GRCh38-GSPT2","GSPT2","14"
7.81196696659647e-15,-0.724569074985215,0.524,0.711,5.64820835618858e-10,"GRCh38-LPCAT1","LPCAT1","14"
7.98553878708519e-15,0.294651619232677,0.99,0.914,5.77370425383833e-10,"GRCh38-DHX29","DHX29","14"
8.06732189469022e-15,0.279304570738356,0.395,0.184,5.83283507629893e-10,"GRCh38-ASB9","ASB9","14"
8.36818237332668e-15,0.457893766645332,0.681,0.42,6.05036321956265e-10,"GRCh38-LEPR","LEPR","14"
8.40721548256649e-15,0.415260051954114,0.976,0.774,6.07858493820522e-10,"GRCh38-SELENOP","SELENOP","14"
8.78849532410497e-15,0.296045345963074,0.9,0.705,6.35425788923437e-10,"GRCh38-MUC15","MUC15","14"
9.06463276701892e-15,0.354909454144955,0.548,0.306,6.55391078321002e-10,"GRCh38-IGF2BP3","IGF2BP3","14"
9.76270888905061e-15,0.406177934541714,0.876,0.711,7.05863378096138e-10,"GRCh38-USP40","USP40","14"
1.0121472203834e-14,0.576570537620894,0.305,0.131,7.31802683281607e-10,"GRCh38-LINC01695","LINC01695","14"
1.01330301637852e-14,0.283062275854023,1,0.945,7.32638346901995e-10,"GRCh38-PAFAH1B1","PAFAH1B1","14"
1.0184101065853e-14,0.323395718128361,0.8,0.547,7.36330875263305e-10,"GRCh38-PDE4DIP","PDE4DIP","14"
1.02993704197202e-14,0.388663352550609,0.486,0.266,7.44665080086609e-10,"GRCh38-ELOVL4","ELOVL4","14"
1.05208752939929e-14,0.463951065118134,0.867,0.705,7.60680325506277e-10,"GRCh38-ZNF518A","ZNF518A","14"
1.10908319457902e-14,0.320631487876757,1,0.935,8.01889331344527e-10,"GRCh38-TCEAL9","TCEAL9","14"
1.20306440599276e-14,-0.629763713598314,0.5,0.683,8.69839626820889e-10,"GRCh38-SFXN4","SFXN4","14"
1.20898812536468e-14,0.344606226950054,0.69,0.436,8.74122594401173e-10,"GRCh38-HACD3","HACD3","14"
1.23063919576782e-14,0.693679424857914,0.3,0.129,8.89776751324049e-10,"GRCh38-ENSG00000248752","ENSG00000248752","14"
1.23510882423716e-14,0.366473623779859,0.843,0.629,8.9300838209995e-10,"GRCh38-RIT1","RIT1","14"
1.25572231336377e-14,0.259373696463003,1,0.969,9.0791234700827e-10,"GRCh38-ARPC3","ARPC3","14"
1.28799609237881e-14,0.351543150955598,0.971,0.894,9.31246934711724e-10,"GRCh38-FEZ2","FEZ2","14"
1.29657342770502e-14,0.420442939622614,0.948,0.851,9.37448519699282e-10,"GRCh38-DCAF6","DCAF6","14"
1.30079054648103e-14,-1.6224809531336,0.014,0.246,9.40497580916718e-10,"GRCm39-Actb","Actb","14"
1.31251286429014e-14,0.425005435285972,0.862,0.694,9.48973051139058e-10,"GRCh38-ABHD12","ABHD12","14"
1.31853285827199e-14,0.309651064676751,0.281,0.113,9.53325627187815e-10,"GRCh38-RMEL3","RMEL3","14"
1.35692198913159e-14,0.351336905061979,0.99,0.922,9.81081736581924e-10,"GRCh38-ZNF385D","ZNF385D","14"
1.42536908986896e-14,0.367342950062987,0.924,0.745,1.03057035935705e-09,"GRCh38-KCNMB2-AS1","KCNMB2-AS1","14"
1.5299889294218e-14,0.296276578654779,0.986,0.923,1.10621259575055e-09,"GRCh38-ZFP36L1","ZFP36L1","14"
1.56153768918785e-14,0.302431096454923,0.929,0.753,1.1290229800366e-09,"GRCh38-YPEL5","YPEL5","14"
1.5651964920757e-14,0.424714526046292,0.886,0.73,1.13166836770057e-09,"GRCh38-LPIN1","LPIN1","14"
1.59118899352041e-14,0.388131137274674,0.971,0.872,1.15046146609513e-09,"GRCh38-NINJ1","NINJ1","14"
1.64005969910662e-14,0.325943383619832,0.981,0.866,1.18579596364807e-09,"GRCh38-GOSR1","GOSR1","14"
1.67553651647396e-14,0.395397216135347,1,0.962,1.211446412141e-09,"GRCh38-LGALS3","LGALS3","14"
1.70476018289954e-14,0.41453075501251,0.724,0.484,1.23257570744003e-09,"GRCh38-CA11","CA11","14"
1.70998235685142e-14,0.363889514740622,0.952,0.908,1.23635144365072e-09,"GRCh38-ARGLU1","ARGLU1","14"
1.71701501385057e-14,0.323247363198199,0.99,0.907,1.24143619531424e-09,"GRCh38-MLEC","MLEC","14"
1.74654180015791e-14,-0.758329918900811,0.571,0.72,1.26278465235017e-09,"GRCh38-PRKAR1B","PRKAR1B","14"
1.87231114687896e-14,-1.44685948333449,0.014,0.245,1.35371840541643e-09,"GRCm39-Tmsb4x","Tmsb4x","14"
1.91884051618848e-14,0.396168918950747,0.967,0.846,1.38736007001459e-09,"GRCh38-WASHC3","WASHC3","14"
1.94790361615755e-14,-0.649341794473228,0.919,0.923,1.40837327255423e-09,"GRCh38-NIFK","NIFK","14"
2.08893697283346e-14,0.301488009787741,0.995,0.92,1.51034321009805e-09,"GRCh38-SNX9","SNX9","14"
2.20327289286106e-14,0.483474750042735,0.576,0.35,1.5930103669964e-09,"GRCh38-GPD2","GPD2","14"
2.25280339645123e-14,-1.8078192345475,0.01,0.236,1.62882191170217e-09,"GRCm39-Il1b","Il1b","14"
2.28088525823011e-14,0.399892237733234,0.952,0.861,1.64912565940553e-09,"GRCh38-MSRB2","MSRB2","14"
2.36770827970777e-14,-0.749399449008897,0.995,0.96,1.71190044039432e-09,"GRCh38-CTSC","CTSC","14"
2.4319530443832e-14,0.279447134182252,0.576,0.32,1.75835069014994e-09,"GRCh38-TAF9B","TAF9B","14"
2.45700085421179e-14,-0.920246996462154,0.595,0.78,1.77646075761221e-09,"GRCh38-SLC1A3","SLC1A3","14"
2.63233736148566e-14,0.369003491992801,0.395,0.199,1.90323255910136e-09,"GRCh38-MYO1F","MYO1F","14"
2.66350168311646e-14,0.636282284991405,0.643,0.427,1.92576498692687e-09,"GRCh38-LINC02438","LINC02438","14"
2.66601481360372e-14,0.36872877200014,0.91,0.75,1.92758203053176e-09,"GRCh38-ZNF618","ZNF618","14"
2.80171659187676e-14,0.326733749706078,0.967,0.811,2.02569713025873e-09,"GRCh38-SPIN1","SPIN1","14"
2.85743840909068e-14,0.375021051091006,1,0.926,2.06598511854074e-09,"GRCh38-SDF4","SDF4","14"
3.01531996748705e-14,0.454089996659297,0.457,0.242,2.18013664289249e-09,"GRCh38-SYT17","SYT17","14"
3.02587713232352e-14,0.392506440756772,0.238,0.09,2.18776968421255e-09,"GRCh38-KLHL41","KLHL41","14"
3.20746939654998e-14,0.357626871869909,0.986,0.869,2.31906452309357e-09,"GRCh38-ARMCX3","ARMCX3","14"
3.30668120042728e-14,0.378932731535603,0.99,0.925,2.39079664153294e-09,"GRCh38-NFAT5","NFAT5","14"
3.44462956663235e-14,0.373584681402545,0.843,0.663,2.49053606926652e-09,"GRCh38-ANKRA2","ANKRA2","14"
3.62950137987317e-14,0.461246283265631,0.514,0.286,2.6242020876759e-09,"GRCh38-ENSG00000286546","ENSG00000286546","14"
3.64068901132972e-14,0.288765394033657,0.2,0.069,2.63229096897161e-09,"GRCh38-ENSG00000229160","ENSG00000229160","14"
3.78785242903634e-14,0.277049786901177,1,0.981,2.73869306324186e-09,"GRCh38-HLA-B","HLA-B","14"
3.86851430982098e-14,0.399603022838476,0.557,0.339,2.79701321628676e-09,"GRCh38-B3GNT9","B3GNT9","14"
3.90408568831896e-14,0.404152289917074,0.771,0.543,2.82273203436837e-09,"GRCh38-ELMOD3","ELMOD3","14"
3.97913266579514e-14,0.598751177041187,0.857,0.673,2.8769925000232e-09,"GRCh38-SIPA1L2","SIPA1L2","14"
4.03325376988562e-14,0.363319356786023,0.548,0.307,2.9161231407027e-09,"GRCh38-GRAMD1C","GRAMD1C","14"
4.08685838479354e-14,0.539751579972062,0.295,0.128,2.95488034937343e-09,"GRCh38-SLC4A4","SLC4A4","14"
4.14570344215898e-14,0.338576955472004,1,0.948,2.99742650274979e-09,"GRCh38-CHURC1","CHURC1","14"
4.18603687328552e-14,-0.634298099787526,0.957,0.941,3.0265883801229e-09,"GRCh38-CYTOR","CYTOR","14"
4.3324210029387e-14,0.398536987464876,0.962,0.877,3.13242703354474e-09,"GRCh38-DNAJB14","DNAJB14","14"
4.50405663771535e-14,0.432326894932294,0.743,0.545,3.25652303020095e-09,"GRCh38-LINC00205","LINC00205","14"
4.53890105437634e-14,0.308960821520225,1,0.965,3.28171624033518e-09,"GRCh38-SON","SON","14"
4.68190587888075e-14,0.390469861537311,0.867,0.683,3.38511158854836e-09,"GRCh38-SYNJ2BP","SYNJ2BP","14"
4.70493860032206e-14,0.512790133408558,0.79,0.6,3.40176470680486e-09,"GRCh38-FAR2","FAR2","14"
4.72458682461613e-14,0.435309963813481,0.614,0.385,3.41597076593395e-09,"GRCh38-ENSG00000286033","ENSG00000286033","14"
4.7856012461645e-14,-1.00003118693057,0.462,0.661,3.46008541300186e-09,"GRCh38-GPC1","GPC1","14"
4.94134216498855e-14,0.324638326050497,1,0.946,3.57268921213002e-09,"GRCh38-BPTF","BPTF","14"
4.9439508935589e-14,-1.26994798702149,0.005,0.223,3.57457537506096e-09,"GRCm39-Ftl1","Ftl1","14"
5.354479171352e-14,0.358669287074926,0.771,0.506,3.87139553047092e-09,"GRCh38-C2CD5","C2CD5","14"
5.55442663606378e-14,-1.48527623062364,0.014,0.236,4.01596154640683e-09,"GRCm39-Ifitm1","Ifitm1","14"
5.71154008007041e-14,0.29658896656996,1,0.966,4.1295577086925e-09,"GRCh38-UQCR11","UQCR11","14"
5.99692713141491e-14,0.275685855740052,1,0.95,4.33589825455561e-09,"GRCh38-VKORC1","VKORC1","14"
6.06787039304381e-14,-0.633765900537181,0.643,0.788,4.38719165157854e-09,"GRCh38-NOC3L","NOC3L","14"
6.11944083561534e-14,0.26754484454343,0.99,0.937,4.4244781129666e-09,"GRCh38-RSRC2","RSRC2","14"
6.21434007127266e-14,0.375583137720303,0.99,0.823,4.49309215833156e-09,"GRCh38-NPDC1","NPDC1","14"
6.3693379657326e-14,0.451457656821879,0.938,0.809,4.60515873598398e-09,"GRCh38-RGL1","RGL1","14"
6.56365337161344e-14,0.257524574791649,0.986,0.925,4.74565266074395e-09,"GRCh38-COPS9","COPS9","14"
6.59275937835701e-14,-1.31257493933125,0.057,0.287,4.76669688573968e-09,"GRCh38-SDC1","SDC1","14"
6.68361057069604e-14,0.50085053835739,0.443,0.228,4.83238411482465e-09,"GRCh38-FRMD3","FRMD3","14"
7.07225174344326e-14,0.36712085320999,0.91,0.765,5.11337945554435e-09,"GRCh38-WDR45","WDR45","14"
7.1968553965916e-14,0.436260144252058,0.638,0.4,5.20347038884366e-09,"GRCh38-BACH2","BACH2","14"
7.23602242987663e-14,0.296295918926692,0.286,0.115,5.2317889372494e-09,"GRCh38-LINC02511","LINC02511","14"
7.29808864685909e-14,-0.704647141039435,1,0.978,5.27666405345206e-09,"GRCh38-PVT1","PVT1","14"
7.37174013506874e-14,0.460961986337353,0.681,0.456,5.3299155524574e-09,"GRCh38-ENSG00000266869","ENSG00000266869","14"
7.43556631559802e-14,0.364625872266232,0.995,0.967,5.37606315750368e-09,"GRCh38-ASPH","ASPH","14"
7.48846170775491e-14,0.439706695199415,0.752,0.527,5.41430758394096e-09,"GRCh38-TRAFD1","TRAFD1","14"
7.64337069872978e-14,0.380961226713576,0.957,0.84,5.5263098825956e-09,"GRCh38-ATXN7L3B","ATXN7L3B","14"
7.98079080536431e-14,0.603802217024896,0.714,0.487,5.7702713680945e-09,"GRCh38-SCG5","SCG5","14"
8.28167393642414e-14,0.350980470467428,0.967,0.836,5.98781588951338e-09,"GRCh38-PHF20L1","PHF20L1","14"
8.28992433258113e-14,-0.749681962148077,0.529,0.693,5.99378109094281e-09,"GRCh38-PSMG1","PSMG1","14"
8.29170458066947e-14,0.358684781501379,0.776,0.573,5.99506824591564e-09,"GRCh38-LTBP3","LTBP3","14"
8.49937551366387e-14,-1.04016508794652,0.038,0.262,6.14521848388925e-09,"GRCh38-ENSG00000276850","ENSG00000276850","14"
8.82496447051976e-14,0.370707918498546,0.881,0.722,6.38062581147519e-09,"GRCh38-GRIPAP1","GRIPAP1","14"
8.82546761728351e-14,-0.779317955876366,0.205,0.453,6.38098959664832e-09,"GRCh38-MYLK","MYLK","14"
8.84130534286066e-14,0.396423134478232,0.919,0.758,6.39244058899511e-09,"GRCh38-RILPL2","RILPL2","14"
8.92048810937343e-14,0.32745625207864,0.957,0.843,6.44969131283918e-09,"GRCh38-ABI2","ABI2","14"
8.94804829227094e-14,0.41254524000248,0.824,0.63,6.46961787627773e-09,"GRCh38-LINC01138","LINC01138","14"
8.95608407756335e-14,0.434288368004584,0.919,0.829,6.47542790975985e-09,"GRCh38-NCOA1","NCOA1","14"
9.2893570415713e-14,0.331832270436699,0.967,0.846,6.71639092819688e-09,"GRCh38-AIP","AIP","14"
9.33549532640258e-14,-0.94577133479027,0.01,0.228,6.74974983089559e-09,"GRCm39-Cmss1","Cmss1","14"
9.42802965373234e-14,-0.803872041926791,0.6,0.759,6.81665400024155e-09,"GRCh38-DSG2","DSG2","14"
9.67116473729357e-14,0.532613802035324,0.943,0.85,6.992445528358e-09,"GRCh38-ANKS1B","ANKS1B","14"
1.01347705328081e-13,0.321695897935137,0.967,0.866,7.32764179063094e-09,"GRCh38-CREBBP","CREBBP","14"
1.02394296301286e-13,-1.77657560323165,0.138,0.376,7.40331241117557e-09,"GRCh38-DSP","DSP","14"
1.07477944680722e-13,0.378964375440269,0.957,0.822,7.77087035630559e-09,"GRCh38-USPL1","USPL1","14"
1.08619671828973e-13,0.396431120793122,0.81,0.67,7.85341951257843e-09,"GRCh38-KIAA0930","KIAA0930","14"
1.08771143034407e-13,0.389505513952672,0.41,0.212,7.86437118367372e-09,"GRCh38-BCAM","BCAM","14"
1.1344841507865e-13,0.309380538209505,0.948,0.82,8.20254730701655e-09,"GRCh38-TVP23C","TVP23C","14"
1.155076716485e-13,-0.73498238709749,0.838,0.896,8.35143567552984e-09,"GRCh38-IARS1","IARS1","14"
1.16392208545511e-13,0.29911847653749,1,0.95,8.41538946225756e-09,"GRCh38-ZC3H13","ZC3H13","14"
1.1643563507027e-13,0.385863858423759,0.367,0.168,8.41852928685065e-09,"GRCh38-SLC45A2","SLC45A2","14"
1.1854415209808e-13,-1.32066290093997,0.014,0.233,8.57097928499536e-09,"GRCm39-Fau","Fau","14"
1.19297310692146e-13,0.384047837160259,0.733,0.5,8.62543415766351e-09,"GRCh38-HEXIM2-AS1","HEXIM2-AS1","14"
1.1997485881693e-13,0.460082872204473,0.771,0.56,8.67442224218164e-09,"GRCh38-PKHD1","PKHD1","14"
1.22312846244032e-13,0.484893787781455,0.538,0.32,8.84346340913603e-09,"GRCh38-MACROD2","MACROD2","14"
1.23113419763207e-13,0.306958703782886,0.995,0.969,8.90134647571939e-09,"GRCh38-TMBIM6","TMBIM6","14"
1.23441731683585e-13,-0.726659541993825,0.91,0.875,8.92508408418659e-09,"GRCh38-ASS1","ASS1","14"
1.25785765962366e-13,0.365850567737602,0.976,0.9,9.09456245061096e-09,"GRCh38-BCAS3","BCAS3","14"
1.28534299312103e-13,0.474913803781747,0.652,0.407,9.29328690886367e-09,"GRCh38-RPS6KA5","RPS6KA5","14"
1.30960302871712e-13,0.291865533354714,0.214,0.077,9.46869181823049e-09,"GRCh38-MASP1","MASP1","14"
1.31869045576185e-13,0.356480757492831,0.981,0.897,9.53439573324934e-09,"GRCh38-KDM5A","KDM5A","14"
1.36581989106564e-13,-0.682185260178317,0.843,0.88,9.87515097638276e-09,"GRCh38-AHCY","AHCY","14"
1.38081345246481e-13,0.357447233518824,1,0.963,9.98355742401106e-09,"GRCh38-TCEAL4","TCEAL4","14"
1.38774288242782e-13,0.35947751507526,0.943,0.784,1.00336585885296e-08,"GRCh38-KIFAP3","KIFAP3","14"
1.39158172001398e-13,0.309661722605774,0.971,0.892,1.00614141520451e-08,"GRCh38-MIER1","MIER1","14"
1.401091916359e-13,0.387002896675193,0.9,0.791,1.01301747736588e-08,"GRCh38-TCEAL1","TCEAL1","14"
1.41247305579852e-13,0.415185949298771,0.676,0.464,1.02124626880344e-08,"GRCh38-ENSG00000290018","ENSG00000290018","14"
1.42288531688176e-13,0.315638952354554,0.914,0.775,1.02877454181185e-08,"GRCh38-SMARCD1","SMARCD1","14"
1.5019183639364e-13,0.350711055979515,0.957,0.82,1.08591701549329e-08,"GRCh38-PCMTD1","PCMTD1","14"
1.51449325542614e-13,0.392948037670053,0.724,0.483,1.09500891353821e-08,"GRCh38-PLAG1","PLAG1","14"
1.5192654580314e-13,0.39705326055961,0.714,0.506,1.09845931146586e-08,"GRCh38-ZNF780B","ZNF780B","14"
1.53215886561153e-13,0.403607049305235,0.571,0.355,1.10778150301445e-08,"GRCh38-SOCS2","SOCS2","14"
1.53828898677611e-13,0.354733356131756,0.805,0.58,1.11221370321886e-08,"GRCh38-IRAK4","IRAK4","14"
1.55246504472196e-13,0.296216390943839,1,0.958,1.12246327663487e-08,"GRCh38-NFE2L2","NFE2L2","14"
1.5536282102748e-13,0.364562215813314,0.581,0.351,1.12330426859288e-08,"GRCh38-AVIL","AVIL","14"
1.58743965736316e-13,0.323416927819459,1,0.949,1.14775062106671e-08,"GRCh38-LUC7L3","LUC7L3","14"
1.59828339830106e-13,0.349344455969106,0.895,0.747,1.15559086263963e-08,"GRCh38-CORO1B","CORO1B","14"
1.60182164177226e-13,0.297088646126929,0.952,0.853,1.15814908343418e-08,"GRCh38-JOSD2","JOSD2","14"
1.6186468645977e-13,0.343275779836181,0.962,0.82,1.17031405604143e-08,"GRCh38-LINC01967","LINC01967","14"
1.68289231471978e-13,-1.05731628815933,0.01,0.225,1.2167648013887e-08,"GRCm39-Tpt1","Tpt1","14"
1.7193041276535e-13,0.451241884465964,0.586,0.351,1.24309127037603e-08,"GRCh38-KCNT2","KCNT2","14"
1.7727849688567e-13,0.455117556455091,0.971,0.856,1.28175898818277e-08,"GRCh38-CHMP2B","CHMP2B","14"
1.79083873050235e-13,0.432910795838361,0.957,0.855,1.29481221892781e-08,"GRCh38-COL4A6","COL4A6","14"
1.8321425490163e-13,0.398534134254001,0.848,0.696,1.32467570578976e-08,"GRCh38-DIP2A","DIP2A","14"
1.87488071581595e-13,0.376860150632588,0.962,0.853,1.35557625514925e-08,"GRCh38-TGFB1I1","TGFB1I1","14"
1.87520039697016e-13,0.371033673398175,0.976,0.907,1.35580739101737e-08,"GRCh38-FAM177A1","FAM177A1","14"
1.90704320902239e-13,0.445291197903109,0.867,0.741,1.37883038098737e-08,"GRCh38-SNHG14","SNHG14","14"
2.00645309642536e-13,0.25155662604278,0.981,0.865,1.45070571777746e-08,"GRCh38-SUPT4H1","SUPT4H1","14"
2.01069029924582e-13,0.351072295884336,0.986,0.893,1.45376930016071e-08,"GRCh38-DECR1","DECR1","14"
2.02468608502774e-13,0.425648540520999,0.767,0.577,1.46388853319676e-08,"GRCh38-COL18A1","COL18A1","14"
2.04466745753122e-13,0.373954510418157,0.952,0.885,1.47833546514423e-08,"GRCh38-CCNL2","CCNL2","14"
2.0556867073462e-13,-1.25849531792547,0.014,0.229,1.48630260314545e-08,"GRCm39-Wfdc17","Wfdc17","14"
2.06853392326745e-13,0.365150907111468,0.581,0.354,1.49559139720083e-08,"GRCh38-ZNF688","ZNF688","14"
2.06853876929756e-13,0.442858508161476,0.995,0.915,1.49559490097752e-08,"GRCh38-WLS","WLS","14"
2.11020743079147e-13,0.414269987915639,0.871,0.698,1.52572217661085e-08,"GRCh38-USP12","USP12","14"
2.15617575674286e-13,0.332808294871745,0.995,0.925,1.55895819564022e-08,"GRCh38-NREP","NREP","14"
2.24679488059217e-13,0.276907005199695,0.957,0.859,1.62447763456575e-08,"GRCh38-MBNL2","MBNL2","14"
2.51745524975332e-13,0.265706965100967,1,0.986,1.82017049467664e-08,"GRCh38-HLA-A","HLA-A","14"
2.54045149762599e-13,0.479907902482292,0.776,0.612,1.83679724181354e-08,"GRCh38-SOCS5","SOCS5","14"
2.61352350641919e-13,0.425938651410497,0.929,0.784,1.8896297656112e-08,"GRCh38-STAU2","STAU2","14"
2.63348400335124e-13,0.711632760700704,0.305,0.141,1.90406160410301e-08,"GRCh38-CNTN5","CNTN5","14"
2.71105203451651e-13,0.434971936728029,0.852,0.631,1.96014484199613e-08,"GRCh38-ENSG00000286523","ENSG00000286523","14"
2.78934744447838e-13,0.504385193702354,0.81,0.618,2.01675398930676e-08,"GRCh38-C11orf80","C11orf80","14"
2.79678337699482e-13,-1.17370827773111,0.014,0.226,2.02213031723479e-08,"GRCm39-S100a6","S100a6","14"
2.92505076004787e-13,0.377101611226277,0.943,0.857,2.11487020052981e-08,"GRCh38-TCEA2","TCEA2","14"
2.9347267560812e-13,0.399244987613153,0.99,0.89,2.12186613918183e-08,"GRCh38-NEDD4","NEDD4","14"
3.03633671185415e-13,0.315840113696059,0.943,0.837,2.19533216940479e-08,"GRCh38-DCAF7","DCAF7","14"
3.05988906151974e-13,0.429359459820183,0.581,0.374,2.21236098926e-08,"GRCh38-MARCHF2","MARCHF2","14"
3.07184668053472e-13,-0.639882942026695,0.233,0.47,2.22100658696021e-08,"GRCh38-RRS1","RRS1","14"
3.07991850207658e-13,0.440822524799552,0.414,0.216,2.22684267537141e-08,"GRCh38-LINC01118","LINC01118","14"
3.23263525084989e-13,0.332876780917437,0.976,0.903,2.33725993906949e-08,"GRCh38-YIPF3","YIPF3","14"
3.25754310485824e-13,0.397342474696989,0.686,0.474,2.35526881567461e-08,"GRCh38-GUSBP2","GUSBP2","14"
3.28051331836721e-13,0.28023917974906,0.995,0.938,2.37187673944586e-08,"GRCh38-BOD1L1","BOD1L1","14"
3.29933302821399e-13,0.396893583649257,0.962,0.854,2.38548376605928e-08,"GRCh38-UACA","UACA","14"
3.35307615091691e-13,0.276263971266799,0.943,0.828,2.42434111863594e-08,"GRCh38-PET100","PET100","14"
3.35326068185182e-13,-0.829898455816682,0.81,0.831,2.4244745381925e-08,"GRCh38-AHNAK2","AHNAK2","14"
3.51737835456406e-13,0.382128253931243,0.843,0.642,2.54313489791691e-08,"GRCh38-CEP85L","CEP85L","14"
3.5822436018549e-13,0.306706036009654,0.519,0.298,2.59003376901313e-08,"GRCh38-CSAG3","CSAG3","14"
3.6475579432464e-13,0.390828238021573,0.69,0.478,2.63725734412601e-08,"GRCh38-ZNF224","ZNF224","14"
3.64950429520361e-13,-0.679805579904738,0.343,0.553,2.63866459551812e-08,"GRCh38-BOP1","BOP1","14"
3.82388319979391e-13,0.339357867363922,0.495,0.276,2.76474403111499e-08,"GRCh38-SPINK5","SPINK5","14"
3.89064007937603e-13,-1.42906929551591,0.305,0.507,2.81301059019046e-08,"GRCh38-SERINC2","SERINC2","14"
3.8969521388098e-13,0.434000752121524,0.8,0.589,2.81757433540226e-08,"GRCh38-ENSG00000258028","ENSG00000258028","14"
4.00199857633207e-13,0.359681109659148,0.995,0.909,2.89352501065961e-08,"GRCh38-ITFG1","ITFG1","14"
4.0366839243495e-13,0.292726935734792,0.986,0.876,2.91860321098317e-08,"GRCh38-PNKD","PNKD","14"
4.06606723959497e-13,0.395299747571651,0.576,0.346,2.93984793557196e-08,"GRCh38-ADAM32","ADAM32","14"
4.08112460003635e-13,0.326724552186078,0.181,0.061,2.95073470831828e-08,"GRCh38-COL4A4","COL4A4","14"
4.12029363718409e-13,0.272305214580429,1,0.966,2.97905470555684e-08,"GRCh38-EMP3","EMP3","14"
4.29596049129489e-13,0.388528604407912,0.719,0.509,3.10606535441603e-08,"GRCh38-NOL4L","NOL4L","14"
4.38541753891971e-13,0.383337994466443,0.871,0.755,3.17074458898973e-08,"GRCh38-CDK11A","CDK11A","14"
4.40495035984437e-13,0.481989714927857,0.981,0.886,3.18486720917468e-08,"GRCh38-DTNA","DTNA","14"
4.42629549336738e-13,0.330045152217309,0.995,0.867,3.20030016761448e-08,"GRCh38-TENT2","TENT2","14"
4.61872059143392e-13,-0.614980898669372,0.386,0.61,3.33942736201856e-08,"GRCh38-MYBBP1A","MYBBP1A","14"
4.65816456215853e-13,0.364324113674152,0.981,0.872,3.36794614173186e-08,"GRCh38-RABGAP1","RABGAP1","14"
4.69341452700216e-13,0.371652847451552,0.595,0.377,3.3934325713131e-08,"GRCh38-ZNF846","ZNF846","14"
4.76815707596364e-13,-0.730646057126344,0.581,0.708,3.44747292906323e-08,"GRCh38-PTPRF","PTPRF","14"
5.02235009287243e-13,0.354148188856182,1,0.937,3.63125956414863e-08,"GRCh38-PAN3","PAN3","14"
5.02701261299691e-13,0.340712312154719,0.981,0.916,3.63463065944902e-08,"GRCh38-LEPROT","LEPROT","14"
5.12967939275911e-13,-0.733928406419507,0.448,0.646,3.70886079455269e-08,"GRCh38-SLC5A3","SLC5A3","14"
5.15392638622351e-13,0.32600946761413,0.557,0.331,3.72639185576732e-08,"GRCh38-KRBA2","KRBA2","14"
5.15522222025158e-13,0.36010466718321,0.971,0.925,3.7273287696863e-08,"GRCh38-IFNGR1","IFNGR1","14"
5.19630438421454e-13,0.402553547443786,0.743,0.536,3.7570319958748e-08,"GRCh38-ENSG00000273748","ENSG00000273748","14"
5.19750948631381e-13,-0.698907258832133,0.81,0.886,3.75790330879461e-08,"GRCh38-PUM3","PUM3","14"
5.23909870379849e-13,0.403834079733592,0.543,0.344,3.78797314482038e-08,"GRCh38-LRRC37A3","LRRC37A3","14"
5.29386969166323e-13,0.335052114266012,0.743,0.514,3.82757366446635e-08,"GRCh38-NXPE3","NXPE3","14"
5.41783895898565e-13,0.320334990447007,0.967,0.843,3.9172059241258e-08,"GRCh38-CMTM3","CMTM3","14"
5.57135712259676e-13,0.283230272741092,0.986,0.856,4.02820262677991e-08,"GRCh38-FBXL17","FBXL17","14"
5.57202033543972e-13,0.312565903110751,0.986,0.906,4.02868214292963e-08,"GRCh38-PFDN4","PFDN4","14"
5.58729961723455e-13,0.410304660825175,0.733,0.55,4.03972936925293e-08,"GRCh38-RWDD3","RWDD3","14"
5.76112251992925e-13,-0.622051008204946,0.89,0.894,4.16540680435925e-08,"GRCh38-DNPH1","DNPH1","14"
5.79005314267543e-13,0.349411428864539,0.976,0.91,4.18632422321719e-08,"GRCh38-AKAP11","AKAP11","14"
5.79620212616664e-13,-0.655557337519085,0.576,0.724,4.190770061261e-08,"GRCh38-FARSB","FARSB","14"
5.83122313406035e-13,0.348839508758847,0.967,0.884,4.21609095038831e-08,"GRCh38-MVP","MVP","14"
6.00395771262084e-13,0.306035263951171,0.952,0.828,4.34098150537912e-08,"GRCh38-SNTB2","SNTB2","14"
6.03775026493224e-13,0.474920175043871,0.567,0.352,4.36541419655131e-08,"GRCh38-RADX","RADX","14"
6.09747399682908e-13,-0.802738916605116,0.924,0.914,4.40859564918736e-08,"GRCh38-DKC1","DKC1","14"
6.12639287526045e-13,0.309446090126681,1,0.96,4.42950457667081e-08,"GRCh38-SEPTIN2","SEPTIN2","14"
6.16388245236965e-13,-1.16057417372678,0.014,0.222,4.45661029071231e-08,"GRCm39-H3f3b","H3f3b","14"
6.31317113937771e-13,0.270222403915677,0.99,0.874,4.56454899719287e-08,"GRCh38-HOOK3","HOOK3","14"
6.32187714172124e-13,0.314985113463374,0.967,0.874,4.57084361100729e-08,"GRCh38-C18orf32","C18orf32","14"
6.40764936119647e-13,0.322315246336008,0.881,0.716,4.63285864113227e-08,"GRCh38-SGCB","SGCB","14"
6.4116909161931e-13,-0.659243038273559,0.114,0.346,4.63578076622594e-08,"GRCh38-CELSR1","CELSR1","14"
6.45050016813689e-13,-0.614414934651397,0.957,0.932,4.66384063156633e-08,"GRCh38-MTHFD2","MTHFD2","14"
6.48131458119332e-13,0.330651027534739,0.867,0.669,4.6861200684944e-08,"GRCh38-SYNE1","SYNE1","14"
6.49118375594738e-13,0.313878272755145,0.952,0.803,4.69325567922508e-08,"GRCh38-HSDL2","HSDL2","14"
6.56563476978499e-13,0.519492078554928,0.781,0.62,4.74708525124995e-08,"GRCh38-AKR1C1","AKR1C1","14"
6.61393161770602e-13,0.312028496531676,0.981,0.902,4.78200483823381e-08,"GRCh38-TMEM179B","TMEM179B","14"
6.6285963465537e-13,-0.748350152892786,0.214,0.442,4.79260773048526e-08,"GRCh38-TBC1D2","TBC1D2","14"
6.63215198098679e-13,0.293747403699046,0.962,0.838,4.79517852529307e-08,"GRCh38-PSIP1","PSIP1","14"
6.65360144470862e-13,-1.24003895401211,0.014,0.221,4.81068691655323e-08,"GRCm39-Actg1","Actg1","14"
6.76497753907074e-13,0.504204488151327,0.538,0.33,4.89121406029893e-08,"GRCh38-OLFML3","OLFML3","14"
6.79745628305781e-13,0.282528675400912,0.933,0.775,4.91469684177646e-08,"GRCh38-LINC01572","LINC01572","14"
6.81364096121949e-13,0.26056678741379,0.905,0.698,4.92639868778092e-08,"GRCh38-LMBRD1","LMBRD1","14"
7.02478432073502e-13,0.320324322414993,0.962,0.846,5.07905955957784e-08,"GRCh38-KMT5B","KMT5B","14"
7.26785516518593e-13,-1.12848592545592,0.905,0.898,5.25480464153273e-08,"GRCh38-KRT7","KRT7","14"
7.58158647897187e-13,0.366227053588478,0.876,0.705,5.48163865602624e-08,"GRCh38-STAT6","STAT6","14"
7.66726596254327e-13,0.256895388811785,0.99,0.927,5.54358663623804e-08,"GRCh38-SH3GLB1","SH3GLB1","14"
7.70501105063984e-13,0.374935185946464,0.9,0.794,5.57087708983362e-08,"GRCh38-CIBAR1","CIBAR1","14"
7.90189015315172e-13,0.357624082780599,0.91,0.778,5.71322461853175e-08,"GRCh38-PCYOX1","PCYOX1","14"
7.98239473432717e-13,0.272770689373338,1,0.987,5.77143104081323e-08,"GRCh38-TPM4","TPM4","14"
7.98865642958464e-13,-1.08670629273048,0.238,0.463,5.77595837171828e-08,"GRCh38-FRMD5","FRMD5","14"
8.45688941339188e-13,0.393544008883105,0.533,0.319,6.1145001836706e-08,"GRCh38-AADACL2-AS1","AADACL2-AS1","14"
8.55366672891717e-13,0.410505038689953,0.852,0.668,6.18447211834169e-08,"GRCh38-GGT7","GGT7","14"
8.58241595398846e-13,-0.588990327765333,0.348,0.555,6.20525838305274e-08,"GRCh38-URB1","URB1","14"
8.81816041872395e-13,0.343841492301068,0.862,0.676,6.37570634594579e-08,"GRCh38-HNRNPLL","HNRNPLL","14"
8.83559506304016e-13,0.332367618902335,1,0.915,6.3883119424793e-08,"GRCh38-ORMDL1","ORMDL1","14"
9.0670085733835e-13,0.388621299447053,0.99,0.918,6.55562853872774e-08,"GRCh38-PKIG","PKIG","14"
9.08907810193223e-13,0.276912204718817,0.995,0.926,6.57158524925904e-08,"GRCh38-PPP1R12A","PPP1R12A","14"
9.13657346683932e-13,0.339371616301263,0.971,0.825,6.60592534799417e-08,"GRCh38-NEK1","NEK1","14"
9.21443479287952e-13,0.268220038237027,0.271,0.116,6.66222064394775e-08,"GRCh38-ST6GALNAC2","ST6GALNAC2","14"
9.23498715450533e-13,0.340047071823268,0.805,0.634,6.67708041245044e-08,"GRCh38-C11orf68","C11orf68","14"
9.23669226554199e-13,0.378872555312736,0.848,0.681,6.67831324183217e-08,"GRCh38-PHF23","PHF23","14"
9.28133974300134e-13,0.352030063700204,0.5,0.285,6.71059426098483e-08,"GRCh38-CNFN","CNFN","14"
9.29322480122965e-13,0.358731611489096,0.729,0.516,6.71918739578506e-08,"GRCh38-SEPTIN1","SEPTIN1","14"
9.54007694664940e-13,0.30046030441778,0.948,0.814,6.89766643396645e-08,"GRCh38-MRTFB","MRTFB","14"
9.65176007639003e-13,-0.656706083691589,0.943,0.945,6.97841557043152e-08,"GRCh38-EIF3B","EIF3B","14"
9.75334584358299e-13,0.431383843684253,0.738,0.549,7.05186411182737e-08,"GRCh38-PHLDB3","PHLDB3","14"
9.79328601976224e-13,0.415757285633409,0.871,0.73,7.08074165800849e-08,"GRCh38-FAM228B","FAM228B","14"
1.00087415494594e-12,0.43918281887408,0.867,0.699,7.23652031509013e-08,"GRCh38-C1QTNF1","C1QTNF1","14"
1.02648896778607e-12,-0.6126459119642,0.452,0.63,7.42172053488687e-08,"GRCh38-COMTD1","COMTD1","14"
1.03884596768166e-12,-0.876021848487263,0.29,0.515,7.51106411553196e-08,"GRCh38-SLC7A5","SLC7A5","14"
1.0537317383923e-12,0.369405411809846,0.89,0.725,7.61869121492402e-08,"GRCh38-ANKRD13C","ANKRD13C","14"
1.05449802308643e-12,0.322653340831618,0.976,0.882,7.62423160651947e-08,"GRCh38-ACADVL","ACADVL","14"
1.05483824644722e-12,0.340189602760259,0.962,0.839,7.62669148946268e-08,"GRCh38-NECTIN2","NECTIN2","14"
1.06281740969488e-12,0.356795944258426,0.929,0.781,7.68438243557591e-08,"GRCh38-FAM32A","FAM32A","14"
1.07147094919509e-12,0.358466284627193,0.457,0.247,7.74694925687032e-08,"GRCh38-SETDB2","SETDB2","14"
1.07233679396101e-12,0.383908597126446,0.91,0.759,7.75320948769693e-08,"GRCh38-POLR3GL","POLR3GL","14"
1.07802113641329e-12,-0.947337740313666,0.005,0.206,7.79430842049537e-08,"GRCm39-Lcn2","Lcn2","14"
1.10053211432384e-12,0.361862153799778,0.924,0.772,7.95706729298425e-08,"GRCh38-PRCP","PRCP","14"
1.12154359532417e-12,0.403601054058081,0.519,0.292,8.1089845029128e-08,"GRCh38-LINC02328","LINC02328","14"
1.17977855892326e-12,0.341672305719156,0.971,0.865,8.53003493672697e-08,"GRCh38-KC6","KC6","14"
1.20044698265652e-12,0.304711435136706,0.986,0.939,8.67947177400318e-08,"GRCh38-SP100","SP100","14"
1.20329845126702e-12,0.345048706743354,0.833,0.64,8.70008846235079e-08,"GRCh38-PITPNM2","PITPNM2","14"
1.27838095665637e-12,0.996941502852802,0.243,0.097,9.2429499928169e-08,"GRCh38-ENSG00000289309","ENSG00000289309","14"
1.28620871102183e-12,-1.23485644682343,0.014,0.218,9.29954622243001e-08,"GRCm39-Cd14","Cd14","14"
1.29183765618866e-12,-1.75492836765955,0,0.196,9.34024462177522e-08,"GRCh38-CLDN1","CLDN1","14"
1.33974333229846e-12,0.352171589028296,0.51,0.294,9.68661224118434e-08,"GRCh38-ZNF529-AS1","ZNF529-AS1","14"
1.35388114721251e-12,0.363062154306726,0.938,0.773,9.78883147057589e-08,"GRCh38-DHX40","DHX40","14"
1.39957655920365e-12,0.411015742637788,0.652,0.44,1.01192184383543e-07,"GRCh38-B3GLCT","B3GLCT","14"
1.42407386718725e-12,-0.517805519896703,1,0.982,1.02963388745373e-07,"GRCh38-EEF1B2","EEF1B2","14"
1.43019151564183e-12,0.413457333114073,0.695,0.46,1.03405706963936e-07,"GRCh38-UPRT","UPRT","14"
1.45678889229073e-12,0.434209620624428,0.89,0.692,1.05328750490405e-07,"GRCh38-TPD52L1","TPD52L1","14"
1.47097528215107e-12,0.444738258283553,0.405,0.205,1.06354454850087e-07,"GRCh38-NKAIN2","NKAIN2","14"
1.4843194288521e-12,0.371573483733096,0.79,0.61,1.07319263344864e-07,"GRCh38-TSPAN31","TSPAN31","14"
1.48455768721493e-12,0.314349205830846,0.581,0.348,1.07336489901014e-07,"GRCh38-CNTNAP1","CNTNAP1","14"
1.51280603970178e-12,0.275451162289601,0.257,0.107,1.09378902282518e-07,"GRCh38-LINC02444","LINC02444","14"
1.54013804761953e-12,0.593901297549494,0.395,0.205,1.11355061118987e-07,"GRCh38-PDGFD","PDGFD","14"
1.54637845632709e-12,-1.32651498245703,0.014,0.215,1.11806255149362e-07,"GRCm39-Retnlg","Retnlg","14"
1.54738149156145e-12,0.404881871942705,0.881,0.793,1.11878776602876e-07,"GRCh38-HGSNAT","HGSNAT","14"
1.5662141318642e-12,0.342261696554772,0.724,0.471,1.13240414162045e-07,"GRCh38-ADGRF5","ADGRF5","14"
1.57956038824112e-12,0.40891628447461,0.933,0.82,1.14205375190609e-07,"GRCh38-MPHOSPH8","MPHOSPH8","14"
1.5925224192609e-12,-1.12819994730744,0.814,0.884,1.15142555957401e-07,"GRCh38-CLMP","CLMP","14"
1.66999547032537e-12,0.324583011281719,0.39,0.203,1.20744012495465e-07,"GRCh38-HOXA10-AS","HOXA10-AS","14"
1.68596154463864e-12,0.466247924191014,0.852,0.698,1.21898391600463e-07,"GRCh38-UBP1","UBP1","14"
1.70343903737503e-12,0.286505616063531,0.995,0.97,1.23162049280289e-07,"GRCh38-CALR","CALR","14"
1.70863953897885e-12,-1.71358991058738,0.276,0.507,1.23538055947249e-07,"GRCh38-CASC19","CASC19","14"
1.71682366970913e-12,0.442514674876494,0.362,0.176,1.24129784967309e-07,"GRCh38-LINC02566","LINC02566","14"
1.75989688059053e-12,0.367292948291167,0.914,0.78,1.27244064260457e-07,"GRCh38-DTWD1","DTWD1","14"
1.79312177994676e-12,0.453432708447089,0.871,0.697,1.2964629093371e-07,"GRCh38-KITLG","KITLG","14"
1.84086646152641e-12,0.387804704566387,0.629,0.424,1.33098326901282e-07,"GRCh38-ALDH3B1","ALDH3B1","14"
1.94395690450846e-12,0.345772745682083,0.69,0.472,1.4055197210977e-07,"GRCh38-HDAC5","HDAC5","14"
1.97581385484869e-12,0.349981920575081,0.895,0.697,1.4285529333327e-07,"GRCh38-WDFY1","WDFY1","14"
2.01966775292338e-12,0.312246504734737,0.938,0.862,1.46026017871866e-07,"GRCh38-CDC73","CDC73","14"
2.02782806752633e-12,0.408723059780533,0.91,0.76,1.46616024938288e-07,"GRCh38-PLSCR4","PLSCR4","14"
2.06394007890052e-12,0.382354390344863,0.895,0.741,1.49226995584666e-07,"GRCh38-DNASE1L1","DNASE1L1","14"
2.12638947616563e-12,0.352279267044227,0.457,0.259,1.53742211905728e-07,"GRCh38-ENSG00000290796","ENSG00000290796","14"
2.13798773730744e-12,-0.556853666299252,0.638,0.79,1.54580789382802e-07,"GRCh38-WDR12","WDR12","14"
2.19519955509341e-12,0.365265376459367,0.881,0.687,1.58717318232364e-07,"GRCh38-TBC1D32","TBC1D32","14"
2.20678421770439e-12,0.34678321901428,0.605,0.379,1.59554912508463e-07,"GRCh38-HHLA3","HHLA3","14"
2.22469649478261e-12,0.325299877331975,0.471,0.27,1.60850005965772e-07,"GRCh38-DOK4","DOK4","14"
2.26879765212979e-12,0.298791024487533,0.995,0.947,1.64038607844288e-07,"GRCh38-ETFA","ETFA","14"
2.39611992932268e-12,0.36909521552544,0.2,0.074,1.73244263129889e-07,"GRCh38-ENSG00000260850","ENSG00000260850","14"
2.5863525929451e-12,0.534315508055361,0.705,0.512,1.86998465175117e-07,"GRCh38-ENSG00000251314","ENSG00000251314","14"
2.5899782607716e-12,0.359186972724088,0.729,0.522,1.87260608210309e-07,"GRCh38-RAB5B","RAB5B","14"
2.59405450164883e-12,0.285345945955535,1,0.936,1.87555328578214e-07,"GRCh38-DYNLT1","DYNLT1","14"
2.61419107169704e-12,0.329119914494236,0.914,0.753,1.8901124286584e-07,"GRCh38-JKAMP","JKAMP","14"
2.63478100034046e-12,-1.03549861219085,0.014,0.214,1.90499935886616e-07,"GRCm39-Ifitm2","Ifitm2","14"
2.64253918685578e-12,0.332848212141605,0.781,0.56,1.91060868288047e-07,"GRCh38-SNRNP35","SNRNP35","14"
2.64836826189184e-12,0.375934354569531,0.919,0.772,1.91482322071304e-07,"GRCh38-METTL16","METTL16","14"
2.67737822650617e-12,0.255080249953433,1,0.955,1.93579800532849e-07,"GRCh38-ERGIC3","ERGIC3","14"
2.68679106713585e-12,0.438988199318155,0.976,0.878,1.94260367736056e-07,"GRCh38-COL12A1","COL12A1","14"
2.70314072484513e-12,0.264369008391627,0.486,0.265,1.95442480687752e-07,"GRCh38-ANKRD44","ANKRD44","14"
2.73727583841309e-12,0.364680986891167,0.562,0.34,1.97910517668944e-07,"GRCh38-ZDHHC2","ZDHHC2","14"
2.73926717203111e-12,0.4779503518205,0.752,0.557,1.98054495072193e-07,"GRCh38-FAM171A1","FAM171A1","14"
2.75848220351697e-12,0.350413004862526,0.767,0.576,1.99443780278684e-07,"GRCh38-CDKN2AIP","CDKN2AIP","14"
2.7646608582296e-12,0.353017111012689,0.9,0.754,1.99890509371716e-07,"GRCh38-BORCS7","BORCS7","14"
2.77135991338747e-12,0.391947655950788,0.81,0.636,2.00374864457741e-07,"GRCh38-ZNF302","ZNF302","14"
2.85909088093386e-12,0.296729453222995,1,0.958,2.0671798887328e-07,"GRCh38-METAP2","METAP2","14"
2.97559234855805e-12,0.351825505669957,0.938,0.811,2.15141277985444e-07,"GRCh38-DNM2","DNM2","14"
2.99514736448367e-12,0.371454233669901,0.729,0.51,2.16555144746898e-07,"GRCh38-ACOT2","ACOT2","14"
3.00438849423836e-12,0.280054371536675,0.248,0.103,2.17223296910422e-07,"GRCh38-TYRP1","TYRP1","14"
3.0119215820902e-12,0.308644413531519,0.876,0.702,2.17767954228286e-07,"GRCh38-CRIPT","CRIPT","14"
3.01384357386061e-12,0.266857320902919,0.986,0.874,2.17906918077269e-07,"GRCh38-ILK","ILK","14"
3.13172071106771e-12,0.414550522640413,0.89,0.752,2.26429670851618e-07,"GRCh38-LTBP4","LTBP4","14"
3.18225795602412e-12,-0.740495859046901,0.467,0.658,2.30083614736456e-07,"GRCh38-SQOR","SQOR","14"
3.23799080670951e-12,0.306571215353758,0.562,0.342,2.34113211306711e-07,"GRCh38-TLR4","TLR4","14"
3.27684736237948e-12,-0.563733352144958,0.495,0.67,2.36922617994761e-07,"GRCh38-PARVB","PARVB","14"
3.29418286161401e-12,0.297101186517494,1,0.967,2.38176009260416e-07,"GRCh38-RBMX","RBMX","14"
3.326708516495e-12,0.401366149482216,0.838,0.705,2.40527679159621e-07,"GRCh38-PDHX","PDHX","14"
3.52414805558233e-12,0.384184232047647,0.905,0.727,2.54802952714713e-07,"GRCh38-ARID4A","ARID4A","14"
3.58729631524315e-12,0.273941210634478,0.971,0.89,2.5936869818471e-07,"GRCh38-CUL5","CUL5","14"
3.62425787055324e-12,0.341822680163881,1,0.895,2.6204109255674e-07,"GRCh38-SDCCAG8","SDCCAG8","14"
3.7101624082491e-12,0.454316625176315,0.619,0.393,2.68252162441227e-07,"GRCh38-STS","STS","14"
3.74325466893843e-12,0.360918738544676,0.881,0.738,2.70644799073586e-07,"GRCh38-TMLHE","TMLHE","14"
3.80583016750436e-12,0.326473297097715,0.967,0.913,2.751691327709e-07,"GRCh38-OSBPL9","OSBPL9","14"
3.93839637418875e-12,0.378094150672997,0.933,0.767,2.84753934646595e-07,"GRCh38-FBXL20","FBXL20","14"
3.95506623406011e-12,0.313418325131553,0.933,0.83,2.85959198855014e-07,"GRCh38-MIS18BP1","MIS18BP1","14"
3.96442257937817e-12,0.279895860320047,0.986,0.907,2.86635681334201e-07,"GRCh38-LRPAP1","LRPAP1","14"
4.01101772806134e-12,0.468259096854608,0.767,0.616,2.90004603774291e-07,"GRCh38-SAMD1","SAMD1","14"
4.01515742480005e-12,0.34214017382132,0.619,0.384,2.90303912127893e-07,"GRCh38-EOLA1-DT","EOLA1-DT","14"
4.04509481908626e-12,0.397559901451491,0.614,0.417,2.92468445609575e-07,"GRCh38-DDAH2","DDAH2","14"
4.08764901653199e-12,0.307998397450327,0.986,0.92,2.95545199193296e-07,"GRCh38-SREK1","SREK1","14"
4.10713119281587e-12,-0.685871220452662,0.767,0.837,2.96953799502973e-07,"GRCh38-NOP14","NOP14","14"
4.11460691409371e-12,0.255470406124277,0.429,0.225,2.97494309102803e-07,"GRCh38-LINC02904","LINC02904","14"
4.16287258010069e-12,0.395742102501374,0.895,0.788,3.0098401328644e-07,"GRCh38-UBXN2A","UBXN2A","14"
4.18096922838436e-12,0.269917982299415,1,0.964,3.02292437150646e-07,"GRCh38-NDUFA1","NDUFA1","14"
4.18416212948075e-12,0.336624289473171,0.957,0.83,3.02523290285717e-07,"GRCh38-FBXW7","FBXW7","14"
4.24489390994833e-12,0.388058561411255,0.848,0.684,3.06914319477085e-07,"GRCh38-HOXC10","HOXC10","14"
4.31150473397627e-12,0.290163168157335,0.981,0.924,3.11730415275952e-07,"GRCh38-GTF2I","GTF2I","14"
4.3158587997731e-12,0.401138282419327,0.481,0.268,3.12045222941194e-07,"GRCh38-ARHGAP28","ARHGAP28","14"
4.42074898318858e-12,0.26995465961624,0.99,0.93,3.19628992982501e-07,"GRCh38-KMT2A","KMT2A","14"
4.42266816592465e-12,0.275859002090297,1,0.959,3.19767753732684e-07,"GRCh38-TCF25","TCF25","14"
4.52506998691217e-12,0.400617872324987,0.571,0.366,3.27171610193724e-07,"GRCh38-FAM227B","FAM227B","14"
4.56807741399843e-12,0.288918369463051,0.981,0.913,3.30281133186915e-07,"GRCh38-ODF2L","ODF2L","14"
4.65572063951069e-12,0.251395858253108,0.976,0.869,3.36617913677902e-07,"GRCh38-RUNX1","RUNX1","14"
4.7269588233877e-12,-0.842148834820187,0.881,0.918,3.41768576848578e-07,"GRCh38-SSR3","SSR3","14"
4.76205731908344e-12,0.334180634469292,0.952,0.788,3.44306268284371e-07,"GRCh38-ENSG00000250954","ENSG00000250954","14"
4.788074964824e-12,0.3693523666155,0.776,0.609,3.46187396106705e-07,"GRCh38-GAS8","GAS8","14"
4.8541788905813e-12,-1.00860645025777,0.014,0.21,3.50966842146809e-07,"GRCm39-Apoe","Apoe","14"
4.85890390367268e-12,-0.538597359519151,0.357,0.571,3.51308470043342e-07,"GRCh38-RRP1","RRP1","14"
4.98427763174758e-12,0.427628553141195,0.695,0.52,3.60373241330614e-07,"GRCh38-PHLPP2","PHLPP2","14"
5.05283022038883e-12,-0.936319299091471,0.962,0.926,3.65329730594553e-07,"GRCh38-USP53","USP53","14"
5.08378807069406e-12,0.395822184539543,0.876,0.678,3.67568045087322e-07,"GRCh38-TRIM2","TRIM2","14"
5.10950723937954e-12,-0.721644190413725,0.005,0.194,3.6942759242162e-07,"GRCm39-Rplp1","Rplp1","14"
5.15646800839687e-12,0.29972766833707,0.957,0.872,3.7282294994311e-07,"GRCh38-PHKB","PHKB","14"
5.30117870711819e-12,0.372472438122678,0.581,0.364,3.8328582288206e-07,"GRCh38-PCAT7","PCAT7","14"
5.37392278797578e-12,0.300340377471333,0.514,0.297,3.88545365416225e-07,"GRCh38-LINC02256.1","LINC02256","14"
5.41350086629963e-12,0.271696577303156,0.967,0.843,3.91406939635196e-07,"GRCh38-IP6K2","IP6K2","14"
5.46607209431787e-12,0.469149709026113,0.733,0.51,3.95207944563371e-07,"GRCh38-ZFYVE28","ZFYVE28","14"
5.48114160620232e-12,0.426729766374907,0.871,0.721,3.9629750041164e-07,"GRCh38-MSRB3","MSRB3","14"
5.50062647959066e-12,0.360178331187755,0.814,0.643,3.97706295727364e-07,"GRCh38-INTS12","INTS12","14"
5.58932524857329e-12,0.33451341795475,0.952,0.813,4.04119394122346e-07,"GRCh38-EPN2","EPN2","14"
5.71423357450492e-12,0.342092104837054,0.59,0.368,4.13150515903855e-07,"GRCh38-LINC01091","LINC01091","14"
5.770729155982e-12,0.356313067083295,0.667,0.451,4.1723525943581e-07,"GRCh38-PHKA1","PHKA1","14"
5.78076284705573e-12,0.265761096090887,0.986,0.922,4.17960715367823e-07,"GRCh38-MRPS36","MRPS36","14"
5.96091425436542e-12,-1.10308741754591,0.01,0.2,4.30986022419129e-07,"GRCm39-Gapdh","Gapdh","14"
6.01187023430719e-12,0.383548282453462,0.776,0.573,4.34670241680878e-07,"GRCh38-TMEM185A","TMEM185A","14"
6.17408500547264e-12,0.368801290076871,0.8,0.594,4.46398694065683e-07,"GRCh38-ZDBF2","ZDBF2","14"
6.33288766394127e-12,0.290093636396294,0.91,0.679,4.57880443878282e-07,"GRCh38-ARL15","ARL15","14"
6.34088147249112e-12,-0.970358617508123,0.257,0.455,4.58458412224053e-07,"GRCh38-PSAT1","PSAT1","14"
6.43860499607057e-12,0.39180865768311,0.733,0.534,4.65524018425894e-07,"GRCh38-RAD51-AS1","RAD51-AS1","14"
6.49242798842433e-12,0.30238847006292,0.995,0.932,4.69415528419056e-07,"GRCh38-MPG","MPG","14"
6.75333334002273e-12,-0.804985623155096,0.014,0.205,4.88279507150323e-07,"GRCm39-Rps14","Rps14","14"
6.77548331976936e-12,0.356622420447732,0.981,0.911,4.89880994985965e-07,"GRCh38-HECTD1","HECTD1","14"
6.98683719442136e-12,0.269494845786192,0.981,0.881,5.05162302831053e-07,"GRCh38-TSG101","TSG101","14"
7.00732749091998e-12,-0.734369759576074,0.9,0.89,5.06643792248496e-07,"GRCh38-GARS1","GARS1","14"
7.11760406712813e-12,0.329286704049674,0.862,0.653,5.14617009261498e-07,"GRCh38-EOLA2-DT","EOLA2-DT","14"
7.18646407366071e-12,0.322436984413117,1,0.942,5.19595725453816e-07,"GRCh38-PRPF6","PRPF6","14"
7.46810873531392e-12,0.336645493233234,0.957,0.838,5.39959197780667e-07,"GRCh38-MON2","MON2","14"
7.52194619605308e-12,0.363794723709733,0.895,0.769,5.4385175386703e-07,"GRCh38-PRKD3","PRKD3","14"
7.55646638026009e-12,-0.819672929973263,0.01,0.201,5.46347632225565e-07,"GRCm39-Tyrobp","Tyrobp","14"
7.88200161745319e-12,-0.640533676114196,1,0.968,5.698844809451e-07,"GRCh38-SLC25A5","SLC25A5","14"
8.08439750975619e-12,0.287270417807688,1,0.963,5.84518108750392e-07,"GRCh38-SRSF11","SRSF11","14"
8.34161469118248e-12,0.327351260784109,0.948,0.81,6.03115425401876e-07,"GRCh38-FUT8","FUT8","14"
8.68432059034325e-12,0.356210298167954,0.814,0.661,6.27893747322997e-07,"GRCh38-HOTAIRM1","HOTAIRM1","14"
8.86844581658723e-12,0.33215807486915,0.371,0.189,6.4120636943089e-07,"GRCh38-LINC01684","LINC01684","14"
8.8949529869452e-12,0.2752035055349,0.914,0.773,6.43122890862112e-07,"GRCh38-WDFY2","WDFY2","14"
8.94397883269904e-12,0.358102831930921,0.91,0.757,6.46667557561806e-07,"GRCh38-DRAM2","DRAM2","14"
8.98490808799454e-12,-0.798638121772276,0.929,0.944,6.49626824578181e-07,"GRCh38-HSPA9","HSPA9","14"
9.1222997189445e-12,0.344626066952189,0.99,0.906,6.59560514279125e-07,"GRCh38-TUT4","TUT4","14"
9.18716123253785e-12,0.287531825388284,0.467,0.259,6.64250131434952e-07,"GRCh38-ENSG00000262580","ENSG00000262580","14"
9.32659221791452e-12,0.303792533489378,0.981,0.91,6.74331270539656e-07,"GRCh38-RTL8A","RTL8A","14"
9.33770506013828e-12,-0.646018909456386,1,0.984,6.75134751258118e-07,"GRCh38-NME2","NME2","14"
9.69626641817339e-12,-0.820621347243902,0.21,0.435,7.01059454566773e-07,"GRCh38-STC2","STC2","14"
9.82232034775556e-12,0.35400688296804,0.871,0.725,7.10173405783422e-07,"GRCh38-TIA1","TIA1","14"
9.97825224938504e-12,0.354563410201012,0.933,0.812,7.21447594135037e-07,"GRCh38-TAF7","TAF7","14"
1.00934961895215e-11,0.305356524897346,0.438,0.236,7.29779961494787e-07,"GRCh38-SYT11","SYT11","14"
1.00958471552431e-11,0.272846952228575,0.99,0.942,7.29949941018388e-07,"GRCh38-USP34","USP34","14"
1.01808912300731e-11,0.351107223594788,0.657,0.437,7.36098797716747e-07,"GRCh38-TTLL7","TTLL7","14"
1.02985655438318e-11,0.343323591966936,0.5,0.301,7.44606885950126e-07,"GRCh38-ENSG00000286145","ENSG00000286145","14"
1.0354733048722e-11,0.361241700686352,0.686,0.477,7.48667908888697e-07,"GRCh38-STARD4-AS1","STARD4-AS1","14"
1.04055743262787e-11,-1.59195951948652,0.067,0.273,7.52343834938602e-07,"GRCh38-TNFAIP6","TNFAIP6","14"
1.06677780337048e-11,0.29481130583053,0.319,0.156,7.71301687392924e-07,"GRCh38-TNFRSF10C","TNFRSF10C","14"
1.08093139589804e-11,0.269222215340724,0.976,0.919,7.81535017862202e-07,"GRCh38-ROCK1","ROCK1","14"
1.0862895096489e-11,0.340299036529971,0.967,0.839,7.85409041266344e-07,"GRCh38-DHRSX","DHRSX","14"
1.10695762002222e-11,0.350263977752536,0.852,0.658,8.00352498428468e-07,"GRCh38-TFAP2A","TFAP2A","14"
1.12122448338718e-11,-1.01539601368077,0.01,0.196,8.10667725978598e-07,"GRCm39-Il1r2","Il1r2","14"
1.13449089166715e-11,-0.49663610524199,0.119,0.332,8.20259604493179e-07,"GRCh38-NCR3LG1","NCR3LG1","14"
1.13831690528184e-11,-0.674631133903075,0.967,0.957,8.23025888856877e-07,"GRCh38-GTF3A","GTF3A","14"
1.14874622177245e-11,0.360693325785198,0.671,0.449,8.30566493265916e-07,"GRCh38-LINC00491","LINC00491","14"
1.15676839238392e-11,-0.806754931059963,0.219,0.427,8.36366683061425e-07,"GRCh38-CPA4","CPA4","14"
1.16425201248777e-11,0.304400356998675,0.976,0.888,8.41777490068911e-07,"GRCh38-VTI1B","VTI1B","14"
1.1784484130935e-11,0.729529595166947,0.538,0.339,8.5204177163486e-07,"GRCh38-SPTLC3","SPTLC3","14"
1.19510008771697e-11,-0.510228917465768,0.048,0.249,8.64081265421123e-07,"GRCh38-SLC29A1","SLC29A1","14"
1.22957072301894e-11,0.422035685332927,0.733,0.549,8.89004224157152e-07,"GRCh38-UBE2Q2P1","UBE2Q2P1","14"
1.23621999758078e-11,0.368399337861196,0.929,0.816,8.93811782650854e-07,"GRCh38-PDGFRA","PDGFRA","14"
1.2468258005654e-11,-0.686840475212747,0.014,0.202,9.01479990324794e-07,"GRCh38-ANXA8","ANXA8","14"
1.25931040346049e-11,0.383754695248415,0.786,0.607,9.10506607910002e-07,"GRCh38-SECTM1","SECTM1","14"
1.35702192686595e-11,0.341948185116304,0.929,0.792,9.81153993562621e-07,"GRCh38-LYST","LYST","14"
1.35716954282778e-11,0.339893228165259,0.862,0.731,9.81260722855341e-07,"GRCh38-SDF2","SDF2","14"
1.38211282971462e-11,-0.656098252187482,0,0.181,9.99295218140268e-07,"GRCm39-Ctsb","Ctsb","14"
1.39555289144572e-11,0.325371869954177,0.948,0.846,1.00901265157309e-06,"GRCh38-SGCE","SGCE","14"
1.4017301874607e-11,0.336892559213716,1,0.946,1.01347896013784e-06,"GRCh38-BIRC6","BIRC6","14"
1.43400758150003e-11,-0.751787109997277,0.005,0.187,1.03681616157615e-06,"GRCm39-B2m","B2m","14"
1.45447860129518e-11,0.308658686805726,0.886,0.743,1.05161711830844e-06,"GRCh38-ZC3H7A","ZC3H7A","14"
1.47056103733932e-11,0.34859201443789,0.838,0.66,1.06324504121707e-06,"GRCh38-CYB5D2","CYB5D2","14"
1.47197795184136e-11,0.347484383880908,0.662,0.443,1.06426949874034e-06,"GRCh38-EDIL3-DT","EDIL3-DT","14"
1.51197091932127e-11,0.284038441608908,0.924,0.791,1.09318521408767e-06,"GRCh38-LINC01748","LINC01748","14"
1.51275151336437e-11,0.414550066624982,0.595,0.393,1.09374959919271e-06,"GRCh38-BDNF-AS","BDNF-AS","14"
1.51362819241466e-11,-0.641318628134801,0,0.18,1.09438345567965e-06,"GRCm39-Rps9","Rps9","14"
1.53741468693918e-11,0.291686209694817,0.981,0.911,1.11158156695076e-06,"GRCh38-SCFD1","SCFD1","14"
1.55106618188153e-11,0.372223258313378,0.533,0.339,1.12145187082398e-06,"GRCh38-TRIM34","TRIM34","14"
1.60275116402519e-11,0.308299873215765,0.886,0.776,1.15882114661349e-06,"GRCh38-KRAS","KRAS","14"
1.63014695696084e-11,0.336904269556712,0.981,0.912,1.17862885282183e-06,"GRCh38-GOLGA2","GOLGA2","14"
1.63491060813061e-11,0.273734151241908,1,0.94,1.1820730678906e-06,"GRCh38-TCF12","TCF12","14"
1.67945224020361e-11,0.269841095810575,0.857,0.707,1.21427755871201e-06,"GRCh38-SMURF2","SMURF2","14"
1.7075412830107e-11,0.429246291766374,0.51,0.308,1.23458649844239e-06,"GRCh38-ENSG00000286850","ENSG00000286850","14"
1.78765135059609e-11,-0.706429708583018,0.01,0.193,1.29250767950798e-06,"GRCm39-mt-Co1","mt-Co1","14"
1.78803243033586e-11,0.339594702770833,0.514,0.312,1.29278320778143e-06,"GRCh38-LINC01303","LINC01303","14"
1.80820348239741e-11,0.415996682326891,0.71,0.501,1.30736728184298e-06,"GRCh38-ERCC6L2-AS1","ERCC6L2-AS1","14"
1.82222204980086e-11,0.322745000855069,0.938,0.775,1.31750298644702e-06,"GRCh38-SUDS3","SUDS3","14"
1.85084529029576e-11,0.259099949576136,1,0.952,1.33819816178964e-06,"GRCh38-IK","IK","14"
1.91471541173927e-11,0.378747498167051,0.657,0.454,1.38437753699572e-06,"GRCh38-ENSG00000272368","ENSG00000272368","14"
1.958436003234e-11,-1.69980855808103,0.176,0.379,1.41598839905825e-06,"GRCh38-SLC2A9","SLC2A9","14"
2.00384522056262e-11,0.345032841842883,0.914,0.792,1.44882017137118e-06,"GRCh38-TK2","TK2","14"
2.01019342431996e-11,0.35445754592855,0.814,0.631,1.45341004965181e-06,"GRCh38-MPP1","MPP1","14"
2.01999617938189e-11,0.284642811766771,0.824,0.681,1.4604976376167e-06,"GRCh38-MAP7D1","MAP7D1","14"
2.09421517660968e-11,-0.761537239464924,0.01,0.194,1.51415945699233e-06,"GRCm39-C1qa","C1qa","14"
2.11399704230395e-11,0.41403095580666,0.724,0.552,1.5284621415266e-06,"GRCh38-CLHC1","CLHC1","14"
2.11655659951567e-11,0.313570991901658,0.9,0.736,1.53031275258182e-06,"GRCh38-PTGR1","PTGR1","14"
2.16399724599246e-11,0.357176876766192,0.767,0.598,1.56461328879747e-06,"GRCh38-TUBG2","TUBG2","14"
2.26832835984730e-11,0.508691599876716,0.79,0.607,1.6400467707368e-06,"GRCh38-PRXL2A","PRXL2A","14"
2.34681388196764e-11,0.325376124268727,1,0.931,1.69679337294025e-06,"GRCh38-GCC2","GCC2","14"
2.36939372316899e-11,0.365147780973735,0.924,0.788,1.71311904972564e-06,"GRCh38-ZNF652","ZNF652","14"
2.37485803810621e-11,0.284063278940919,0.995,0.926,1.71706985871155e-06,"GRCh38-ECH1","ECH1","14"
2.39432032968924e-11,0.265125645195922,0.967,0.893,1.73114148477191e-06,"GRCh38-STRAP","STRAP","14"
2.47033661397599e-11,0.284430200321615,0.433,0.235,1.78610277863692e-06,"GRCh38-THBS1-IT1","THBS1-IT1","14"
2.47128351549622e-11,0.341989206277754,0.952,0.833,1.78678740737407e-06,"GRCh38-ACYP2","ACYP2","14"
2.47784413986276e-11,0.310546694833692,0.686,0.473,1.79153087000357e-06,"GRCh38-MDGA2","MDGA2","14"
2.52973051052215e-11,-0.818676119319849,0.01,0.192,1.82904575371772e-06,"GRCm39-Ifitm3","Ifitm3","14"
2.53971875179268e-11,0.359811314966607,0.624,0.415,1.83626745192114e-06,"GRCh38-CHFR","CHFR","14"
2.55291758867111e-11,0.323126137116615,0.667,0.441,1.84581047496099e-06,"GRCh38-MYO5A","MYO5A","14"
2.57805114551098e-11,-0.867219547193608,0.014,0.199,1.86398253922735e-06,"GRCm39-Fcer1g","Fcer1g","14"
2.57963964738703e-11,0.321331343399105,0.714,0.497,1.86513105785377e-06,"GRCh38-ZMAT3","ZMAT3","14"
2.58496999410826e-11,0.256123511804703,0.971,0.863,1.86898500514015e-06,"GRCh38-TCF4","TCF4","14"
2.61270103396571e-11,-0.755911545042545,0.005,0.184,1.88903510157788e-06,"GRCm39-Eif1","Eif1","14"
2.6540282704322e-11,0.303312779819314,0.971,0.886,1.91891552008789e-06,"GRCh38-GPALPP1","GPALPP1","14"
2.67723308016001e-11,-0.846093193936842,0.01,0.19,1.93569306161729e-06,"GRCm39-Cstdc4","Cstdc4","14"
2.68559570876979e-11,-0.61457384076721,0.486,0.658,1.94173940935473e-06,"GRCh38-MTHFD1","MTHFD1","14"
2.76803305146978e-11,0.31247634267364,0.39,0.213,2.00134325687368e-06,"GRCh38-TP53INP2","TP53INP2","14"
2.77328209091733e-11,-0.771888630005284,0,0.176,2.00513841737505e-06,"GRCm39-Cebpb","Cebpb","14"
2.87905522306874e-11,0.289975391908508,0.986,0.94,2.08161450738316e-06,"GRCh38-CPNE1","CPNE1","14"
2.98373350698446e-11,0.330490990487388,0.948,0.806,2.1572990002199e-06,"GRCh38-DHRS7","DHRS7","14"
2.98740503093361e-11,0.348175712974652,0.862,0.683,2.15995358546562e-06,"GRCh38-DSTYK","DSTYK","14"
2.99010688043768e-11,0.38757226386496,0.919,0.796,2.16190707669405e-06,"GRCh38-CCDC125","CCDC125","14"
3.00315941414995e-11,0.250401744170945,0.962,0.827,2.1713443196187e-06,"GRCh38-PDZD11","PDZD11","14"
3.00962438418171e-11,-0.739123071118569,0.014,0.197,2.17601862225106e-06,"GRCm39-Eef1a1","Eef1a1","14"
3.05331340928912e-11,0.256071963276421,0.857,0.672,2.20760666118422e-06,"GRCh38-CDH11","CDH11","14"
3.05999164511082e-11,0.366565531188785,0.838,0.618,2.21243515924803e-06,"GRCh38-TIAM2","TIAM2","14"
3.10446825631478e-11,0.265996232655805,1,0.987,2.24459263868071e-06,"GRCh38-NAP1L1","NAP1L1","14"
3.11671363667401e-11,-0.539608422953582,0.176,0.395,2.25344629358804e-06,"GRCh38-USP2-AS1","USP2-AS1","14"
3.23812089775191e-11,0.296039756579044,0.619,0.402,2.34122617149259e-06,"GRCh38-SPEG","SPEG","14"
3.25398992680838e-11,-0.556891861995604,0.657,0.772,2.352699796881e-06,"GRCh38-EXOSC5","EXOSC5","14"
3.31246602093595e-11,0.338744992810207,0.748,0.542,2.39497918245711e-06,"GRCh38-HLA-DMA","HLA-DMA","14"
3.42076493210492e-11,-0.635773627439455,0.495,0.668,2.4732814612105e-06,"GRCh38-UCK2","UCK2","14"
3.455270694147e-11,0.326763412610983,0.986,0.871,2.49822981728217e-06,"GRCh38-WDFY3","WDFY3","14"
3.61112974664028e-11,0.333059895107045,0.881,0.725,2.61091902941585e-06,"GRCh38-PTPN4","PTPN4","14"
3.65942446329293e-11,0.282870102725766,0.995,0.857,2.64583707545005e-06,"GRCh38-ENSG00000285080","ENSG00000285080","14"
3.68480021293752e-11,0.359514887745809,0.724,0.511,2.66418424995809e-06,"GRCh38-KIAA1549","KIAA1549","14"
3.71836044062439e-11,0.32469032589528,0.957,0.858,2.68844896578025e-06,"GRCh38-ARHGAP35","ARHGAP35","14"
3.72145305624585e-11,-0.947106660939939,0.233,0.44,2.69068498872687e-06,"GRCh38-CENPH","CENPH","14"
3.75140338163359e-11,0.284780003146791,0.89,0.712,2.71233967298872e-06,"GRCh38-OAZ2","OAZ2","14"
3.95021761580031e-11,0.331256284398693,0.59,0.379,2.85608634057594e-06,"GRCh38-APH1B","APH1B","14"
3.95333757879661e-11,0.365790941098965,0.848,0.685,2.85834213622153e-06,"GRCh38-LAMB2","LAMB2","14"
4.1057394382448e-11,-2.34164869041904,0.014,0.197,2.96853172863976e-06,"GRCh38-SAA2","SAA2","14"
4.27261557800253e-11,-1.11647414513805,0.057,0.252,3.08918651520739e-06,"GRCh38-LAMC2","LAMC2","14"
4.28723595599559e-11,1.04574099005111,0.595,0.427,3.09975734090393e-06,"GRCh38-PKN2-AS1","PKN2-AS1","14"
4.36777034305791e-11,0.307830536797045,1,0.943,3.15798531343773e-06,"GRCh38-R3HDM2","R3HDM2","14"
4.4071268533224e-11,-0.758053524410555,0.005,0.18,3.18644085748916e-06,"GRCm39-Mcl1","Mcl1","14"
4.50674227252088e-11,-0.779602404788039,0.371,0.561,3.25846479787805e-06,"GRCh38-SFTA1P","SFTA1P","14"
4.55833851276437e-11,0.29683943298683,0.986,0.87,3.29576991149889e-06,"GRCh38-COX14","COX14","14"
4.61675546953735e-11,0.389747292910988,0.852,0.748,3.33800653958489e-06,"GRCh38-MTA3","MTA3","14"
4.67928258807253e-11,0.261895935412596,0.4,0.216,3.3832148968282e-06,"GRCh38-ITFG2-AS1","ITFG2-AS1","14"
4.72517721411197e-11,0.333450816073623,0.933,0.865,3.41639762934723e-06,"GRCh38-PPP6R2","PPP6R2","14"
4.77655555332028e-11,0.299687721933901,0.962,0.864,3.45354519616163e-06,"GRCh38-NMT1","NMT1","14"
4.78141917215188e-11,0.326466043859931,0.929,0.838,3.45706168984925e-06,"GRCh38-PRMT2","PRMT2","14"
4.79730614495412e-11,0.25051051898028,0.971,0.847,3.46854828892472e-06,"GRCh38-PPIL4","PPIL4","14"
4.81243255056565e-11,0.322316717389128,0.9,0.761,3.47948498270998e-06,"GRCh38-MAP2K4","MAP2K4","14"
4.88178438016072e-11,0.318059188623285,0.857,0.69,3.52962774254381e-06,"GRCh38-KLHL20","KLHL20","14"
4.89994393479476e-11,-0.619714331836696,1,0.984,3.54275746373531e-06,"GRCh38-HSPD1","HSPD1","14"
5.077251579292e-11,-0.919069675791306,0.676,0.784,3.6709544368597e-06,"GRCh38-ZFP36L2","ZFP36L2","14"
5.23005898617526e-11,0.31443706253801,0.914,0.796,3.78143724818443e-06,"GRCh38-CETN2","CETN2","14"
5.2384421931949e-11,-0.709634168367899,0.633,0.727,3.78749847452378e-06,"GRCh38-SIGMAR1","SIGMAR1","14"
5.40397030479436e-11,-0.850618242536143,0.386,0.577,3.90717860977242e-06,"GRCh38-CHST11","CHST11","14"
5.42250713273836e-11,-0.546342257458902,0.276,0.485,3.92058110711249e-06,"GRCh38-RRP9","RRP9","14"
5.58119530619048e-11,0.307626801512331,0.49,0.285,4.03531583028184e-06,"GRCh38-MAGEA11","MAGEA11","14"
5.71631827332647e-11,-0.651104229748183,0.805,0.874,4.1330124379805e-06,"GRCh38-GTPBP4","GTPBP4","14"
5.797338350153e-11,0.328996456679075,0.852,0.652,4.19159157392762e-06,"GRCh38-CTPS2","CTPS2","14"
5.80672870787518e-11,0.300201410755738,0.514,0.319,4.19838099036792e-06,"GRCh38-ABCD1","ABCD1","14"
5.89167379663362e-11,0.39052391500608,0.867,0.727,4.25979798844204e-06,"GRCh38-ABHD18","ABHD18","14"
5.9510986381375e-11,0.366570905454118,0.838,0.663,4.30276333734618e-06,"GRCh38-LINC02616","LINC02616","14"
6.09525636307712e-11,0.280444215110099,0.829,0.627,4.40699225563202e-06,"GRCh38-LINC01446","LINC01446","14"
6.13669906128471e-11,0.281727416300936,0.629,0.408,4.43695615529007e-06,"GRCh38-ENSG00000233403","ENSG00000233403","14"
6.22634054571428e-11,-0.641974215225492,0.01,0.187,4.50176874136234e-06,"GRCm39-Rps16","Rps16","14"
6.25485903617862e-11,-0.634456257343612,0.195,0.405,4.52238818033787e-06,"GRCh38-CCDC86","CCDC86","14"
6.32293613437992e-11,0.298284168977145,0.448,0.256,4.57160928387937e-06,"GRCh38-NQO1-DT","NQO1-DT","14"
6.34600812635295e-11,-0.550701519417392,0.467,0.638,4.58829079551571e-06,"GRCh38-POLR1E","POLR1E","14"
6.40331405633242e-11,0.330964588823198,0.924,0.794,4.62972412900947e-06,"GRCh38-SPAG16","SPAG16","14"
6.43229425352845e-11,0.328588738947719,0.995,0.936,4.65067739118614e-06,"GRCh38-SNHG25","SNHG25","14"
6.45469897319024e-11,0.290796836721847,0.995,0.926,4.66687645159601e-06,"GRCh38-ZMYM4","ZMYM4","14"
6.47189012120837e-11,0.386899352753415,0.738,0.535,4.67930599543607e-06,"GRCh38-EVA1B","EVA1B","14"
6.61681437943363e-11,0.34012628729969,0.614,0.413,4.7840891326181e-06,"GRCh38-EN1","EN1","14"
6.70148250244231e-11,-0.587869134346556,0.352,0.55,4.84530587891584e-06,"GRCh38-MOCOS","MOCOS","14"
6.7035739649522e-11,0.328210742597048,0.976,0.904,4.84681804813974e-06,"GRCh38-HEXA","HEXA","14"
6.97982247467041e-11,-0.752152156724282,0.014,0.192,5.0465512456362e-06,"GRCm39-Fxyd5","Fxyd5","14"
7.05286259189297e-11,0.251644094758318,0.986,0.929,5.09936071119046e-06,"GRCh38-IDH3G","IDH3G","14"
7.07436296909038e-11,-0.610920958543486,0.895,0.91,5.11490591391172e-06,"GRCh38-YARS1","YARS1","14"
7.26743703422031e-11,0.293549225206008,0.857,0.667,5.25450232448197e-06,"GRCh38-AK1","AK1","14"
7.36610789566984e-11,0.281986609155593,0.976,0.861,5.32584333072721e-06,"GRCh38-IWS1","IWS1","14"
7.38934338206548e-11,-0.740839913049202,0.981,0.963,5.34264305210098e-06,"GRCh38-CCT6A","CCT6A","14"
7.62096727122822e-11,-0.723968874670353,0.01,0.183,5.51011175644342e-06,"GRCm39-Cstdc5","Cstdc5","14"
7.9285582716588e-11,0.326125155904051,0.5,0.302,5.73250620157475e-06,"GRCh38-MVB12B","MVB12B","14"
7.94344470842523e-11,0.325713597546433,0.876,0.74,5.74326939308561e-06,"GRCh38-YAF2","YAF2","14"
7.9884057431878e-11,-0.4097264060267,0.871,0.625,5.77577712043964e-06,"GRCh38-TENT5A","TENT5A","14"
8.23138058290691e-11,0.308080063432878,0.91,0.797,5.95145278905336e-06,"GRCh38-KATNAL1","KATNAL1","14"
8.43186812579775e-11,0.357987230103926,0.743,0.554,6.09640929231429e-06,"GRCh38-TRAK2","TRAK2","14"
8.59890142725207e-11,0.450813380082275,0.59,0.401,6.21717770993179e-06,"GRCh38-SORT1","SORT1","14"
8.59975856247195e-11,0.37358328410692,0.729,0.545,6.21779743583847e-06,"GRCh38-HCFC2","HCFC2","14"
8.6553069362025e-11,0.316358564882287,0.538,0.338,6.25796002101313e-06,"GRCh38-PEX11A","PEX11A","14"
8.78876385150047e-11,0.301526004672429,0.786,0.562,6.35445203991187e-06,"GRCh38-CROT","CROT","14"
8.85346208310959e-11,0.33047794842901,0.914,0.777,6.40123015532989e-06,"GRCh38-CRYZL1","CRYZL1","14"
8.91191518153415e-11,0.337742533554361,0.757,0.57,6.44349291455282e-06,"GRCh38-DZIP3","DZIP3","14"
9.02235730199549e-11,0.376391639472386,0.448,0.26,6.52334477648878e-06,"GRCh38-C1QTNF3","C1QTNF3","14"
9.0250218750649e-11,0.263824605702678,0.962,0.877,6.52527131610942e-06,"GRCh38-ARFGEF1","ARFGEF1","14"
9.06028943910394e-11,-1.4801559060055,0.319,0.495,6.55077047026093e-06,"GRCh38-SLC2A1","SLC2A1","14"
9.09412636442384e-11,-0.644155222419882,0.014,0.19,6.57523524400572e-06,"GRCm39-Lyz2","Lyz2","14"
9.12961373878403e-11,0.365683165186494,0.762,0.602,6.60089332541563e-06,"GRCh38-TMEM260","TMEM260","14"
9.26025653577755e-11,0.294848458133507,0.919,0.805,6.69535068049788e-06,"GRCh38-CHIC2","CHIC2","14"
9.51839334988417e-11,0.305143188850428,0.59,0.379,6.88198875983325e-06,"GRCh38-HMGN5","HMGN5","14"
9.59924757405988e-11,-0.507992013122823,0.238,0.438,6.94044798099678e-06,"GRCh38-CDC42EP1","CDC42EP1","14"
9.87475669746548e-11,0.402041553438913,0.695,0.509,7.13964658740149e-06,"GRCh38-ZNF785","ZNF785","14"
9.94580217872526e-11,0.260318024843905,0.924,0.775,7.19101389126193e-06,"GRCh38-HIPK3","HIPK3","14"
1.00277063068571e-10,-0.607842825108876,0.01,0.184,7.25023221398386e-06,"GRCm39-Rpl23","Rpl23","14"
1.01959040944156e-10,0.378734759882976,0.695,0.508,7.37184257834439e-06,"GRCh38-DYRK2","DYRK2","14"
1.03320556022383e-10,0.264995530583026,1,0.979,7.47028284153034e-06,"GRCh38-PPIB","PPIB","14"
1.03957106389317e-10,0.311520284588121,0.881,0.714,7.51630670616036e-06,"GRCh38-IFT80","IFT80","14"
1.06392605298631e-10,0.341654954180911,0.233,0.099,7.69239814830165e-06,"GRCh38-ENSG00000253377","ENSG00000253377","14"
1.09488266054635e-10,0.469475223371688,0.914,0.858,7.91622061228223e-06,"GRCh38-HES1","HES1","14"
1.09516459913293e-10,0.313227600363779,0.724,0.505,7.91825908465095e-06,"GRCh38-FAT4","FAT4","14"
1.09651098704311e-10,0.355897499793194,0.971,0.837,7.92799373851911e-06,"GRCh38-INVS","INVS","14"
1.10228734334537e-10,0.309396282171152,0.857,0.744,7.96975794985568e-06,"GRCh38-EMC10","EMC10","14"
1.11117678046297e-10,0.441220369356034,0.752,0.578,8.03403035810336e-06,"GRCh38-ETFRF1","ETFRF1","14"
1.12915901506436e-10,-3.48667788006952,0.01,0.181,8.16404551071835e-06,"GRCh38-KRT14","KRT14","14"
1.13141332713508e-10,0.28122805549858,0.21,0.086,8.18034463785203e-06,"GRCh38-SLC30A10","SLC30A10","14"
1.14212379417195e-10,-0.901255851824166,0.895,0.899,8.25778345662205e-06,"GRCh38-SLC3A2","SLC3A2","14"
1.17004415788363e-10,0.422147955490559,0.414,0.233,8.45965327033021e-06,"GRCh38-VCAM1","VCAM1","14"
1.18074962841273e-10,-0.717853409401634,0.01,0.181,8.53705596334969e-06,"GRCm39-Prdx5","Prdx5","14"
1.18210214852564e-10,0.340146312354218,0.171,0.063,8.5468349542701e-06,"GRCh38-ENSG00000287092","ENSG00000287092","14"
1.18531616782289e-10,0.257671778442497,0.952,0.82,8.57007295659306e-06,"GRCh38-IRF2","IRF2","14"
1.2104494756185e-10,0.250507670149179,0.99,0.945,8.7517917986169e-06,"GRCh38-ZNF638","ZNF638","14"
1.22301742596201e-10,0.289016307623564,0.71,0.496,8.84266059319054e-06,"GRCh38-PRKACA","PRKACA","14"
1.23561562808047e-10,0.351707809462037,0.914,0.794,8.93374811414744e-06,"GRCh38-HIBCH","HIBCH","14"
1.27609417836864e-10,0.369008560699937,0.867,0.706,9.22641612844098e-06,"GRCh38-DDX23","DDX23","14"
1.2825478679324e-10,0.32511891097881,0.99,0.83,9.27307759472483e-06,"GRCh38-KIZ-AS1","KIZ-AS1","14"
1.28287257716353e-10,-0.427383401138973,0.048,0.234,9.27542530740772e-06,"GRCh38-CPNE7","CPNE7","14"
1.29343642744962e-10,0.288965243291521,0.824,0.662,9.35180405774625e-06,"GRCh38-PLSCR3","PLSCR3","14"
1.30259773835825e-10,0.381712329700663,0.676,0.48,9.41804216787783e-06,"GRCh38-OSBPL10","OSBPL10","14"
1.31513187977526e-10,0.309344493470584,0.486,0.293,9.50866651715109e-06,"GRCh38-ARL6","ARL6","14"
1.33469432062609e-10,-0.616871724805529,0.01,0.181,9.65010687699079e-06,"GRCm39-mt-Co3","mt-Co3","14"
1.34592448438123e-10,-0.364559891238213,0.086,0.284,9.73130320697315e-06,"GRCh38-VPS9D1-AS1","VPS9D1-AS1","14"
1.35162455219705e-10,-0.552832751854424,0.457,0.628,9.77251583729514e-06,"GRCh38-PVR","PVR","14"
1.37348070765344e-10,-0.571262006084214,0,0.166,9.93054021247592e-06,"GRCm39-Lgals3","Lgals3","14"
1.39196857387558e-10,0.302526548272425,0.31,0.154,1.00642111828352e-05,"GRCh38-PRRT2","PRRT2","14"
1.40463849033592e-10,0.384082778664151,0.776,0.614,1.01558172128268e-05,"GRCh38-CCNYL2","CCNYL2","14"
1.41040839675108e-10,0.28393903986102,0.962,0.859,1.01975347901897e-05,"GRCh38-RBM5","RBM5","14"
1.41473638842163e-10,0.298131669503979,0.957,0.849,1.02288270355661e-05,"GRCh38-KIAA0319L","KIAA0319L","14"
1.42174515625624e-10,0.389123490983651,0.843,0.674,1.02795018287638e-05,"GRCh38-MAP4K3-DT","MAP4K3-DT","14"
1.43709885991487e-10,-0.501303056518626,0.262,0.468,1.03905121769565e-05,"GRCh38-ADAT2","ADAT2","14"
1.48091599674061e-10,0.382442222506886,0.419,0.225,1.0707318839634e-05,"GRCh38-TNFSF10","TNFSF10","14"
1.52574498802146e-10,-0.608968008689123,0,0.165,1.10314414123928e-05,"GRCm39-Clec4d","Clec4d","14"
1.52747698300633e-10,0.343088891828691,0.767,0.563,1.10439640825323e-05,"GRCh38-EPB41L5","EPB41L5","14"
1.53511756473535e-10,-0.621939382491845,0.005,0.172,1.10992070165495e-05,"GRCm39-Stfa2l1","Stfa2l1","14"
1.54429074332201e-10,0.291902330633308,0.819,0.653,1.11655309323668e-05,"GRCh38-ACOT9","ACOT9","14"
1.54516933771258e-10,0.279588840761246,0.633,0.422,1.11718833455295e-05,"GRCh38-TMEM175","TMEM175","14"
1.54711516951129e-10,0.326838912907994,0.495,0.296,1.11859520986005e-05,"GRCh38-CRISPLD2","CRISPLD2","14"
1.57044779272383e-10,0.327862590935174,0.705,0.522,1.13546516309518e-05,"GRCh38-GSR","GSR","14"
1.59409121287795e-10,0.361058826425632,0.743,0.553,1.15255982873502e-05,"GRCh38-FAM229B","FAM229B","14"
1.61682270388977e-10,0.428580513829032,0.79,0.617,1.16899515136638e-05,"GRCh38-SLC14A1","SLC14A1","14"
1.64958217376948e-10,0.317379780129333,0.557,0.35,1.19268090327881e-05,"GRCh38-ZBED5-AS1","ZBED5-AS1","14"
1.68355642724308e-10,0.316759294693893,0.952,0.832,1.21724496802529e-05,"GRCh38-CCDC127","CCDC127","14"
1.70881655621648e-10,0.342069528724833,0.895,0.771,1.23550854647564e-05,"GRCh38-SNRPN","SNRPN","14"
1.75521394547666e-10,0.319212997446799,0.948,0.843,1.26905478685853e-05,"GRCh38-AKAP8L","AKAP8L","14"
1.75644487925823e-10,0.310914024313443,0.895,0.743,1.26994477660128e-05,"GRCh38-S100PBP","S100PBP","14"
1.76684976716376e-10,-0.581806194349439,0.01,0.178,1.27746771865474e-05,"GRCm39-Rps8","Rps8","14"
1.83257494294302e-10,0.293150488927592,0.995,0.942,1.32498833524666e-05,"GRCh38-PTK2","PTK2","14"
1.86738021359503e-10,0.321673092426244,0.695,0.501,1.35015324203348e-05,"GRCh38-ADAMTS9","ADAMTS9","14"
1.87225039743905e-10,-0.645701416871467,0.943,0.949,1.35367448235638e-05,"GRCh38-SND1","SND1","14"
1.87282607615261e-10,0.332495010616405,0.929,0.819,1.35409070957986e-05,"GRCh38-CHPF","CHPF","14"
1.91553313555937e-10,0.301898262207878,0.633,0.427,1.38496876767214e-05,"GRCh38-RAB2B","RAB2B","14"
1.9484661808579e-10,0.252893780203816,0.843,0.685,1.40878001808388e-05,"GRCh38-SEC22B","SEC22B","14"
1.96435396892942e-10,0.423477123063041,0.871,0.723,1.42026720661535e-05,"GRCh38-ZBTB1","ZBTB1","14"
1.97717988209365e-10,0.30384331973422,0.914,0.823,1.42954059835135e-05,"GRCh38-NEK7","NEK7","14"
2.00155736543664e-10,-0.573934777376988,0.01,0.178,1.447166006358e-05,"GRCm39-Rpl32","Rpl32","14"
2.02662805514936e-10,0.302937811272506,0.971,0.906,1.46529261643409e-05,"GRCh38-CHMP3","CHMP3","14"
2.03995111571671e-10,-0.619754784292018,0.014,0.185,1.47492545568549e-05,"GRCm39-Rpl41","Rpl41","14"
2.07060194395094e-10,0.361782114614707,0.552,0.352,1.49708661751541e-05,"GRCh38-SERPING1","SERPING1","14"
2.11801058750514e-10,0.282976800040311,0.91,0.756,1.53136401497796e-05,"GRCh38-GIPC1","GIPC1","14"
2.18160124294462e-10,0.461036112826832,0.671,0.489,1.57734133067382e-05,"GRCh38-SPRY1","SPRY1","14"
2.22165329477034e-10,0.294675166232177,0.938,0.793,1.60629976518485e-05,"GRCh38-CNTNAP4","CNTNAP4","14"
2.23312657008567e-10,0.321850768481826,0.952,0.85,1.61459517270334e-05,"GRCh38-SNX14","SNX14","14"
2.25420739018583e-10,-0.517956825065161,0.005,0.169,1.62983702725216e-05,"GRCm39-mt-Atp6","mt-Atp6","14"
2.26405763606045e-10,0.346249441233838,0.181,0.069,1.63695895202443e-05,"GRCh38-LINC01821","LINC01821","14"
2.27457057562302e-10,0.330070576695872,0.862,0.715,1.64456001758696e-05,"GRCh38-NR2C1","NR2C1","14"
2.31498409106223e-10,-0.712852255031089,0.333,0.512,1.67377979751981e-05,"GRCh38-DMKN","DMKN","14"
2.3878932178233e-10,-0.697870616421139,0.005,0.169,1.7264945543506e-05,"GRCm39-Junb","Junb","14"
2.39260969488012e-10,-0.671174687503225,0.914,0.912,1.72990466159223e-05,"GRCh38-WDR43","WDR43","14"
2.40238046025488e-10,0.387110548806889,0.757,0.562,1.73696912037348e-05,"GRCh38-CALCRL-AS1","CALCRL-AS1","14"
2.4043208616388e-10,0.327304964096229,0.771,0.585,1.73837206938209e-05,"GRCh38-STING1","STING1","14"
2.42271359370861e-10,0.288065827313741,0.938,0.848,1.7516703825232e-05,"GRCh38-SUPT5H","SUPT5H","14"
2.42722723842457e-10,0.27434597894234,0.39,0.208,1.75493383792573e-05,"GRCh38-LINC02516","LINC02516","14"
2.50065885879733e-10,-0.633285460160403,0.005,0.169,1.80802636808764e-05,"GRCm39-Ubc","Ubc","14"
2.5785061481665e-10,0.303617278289689,0.71,0.512,1.86431151524735e-05,"GRCh38-NUDT16L1","NUDT16L1","14"
2.58079451444991e-10,0.286162655937197,0.776,0.564,1.86596604983758e-05,"GRCh38-FAM171B","FAM171B","14"
2.60707457313738e-10,0.424470081456352,0.424,0.243,1.88496705786979e-05,"GRCh38-ENSG00000226022","ENSG00000226022","14"
2.60790844980684e-10,-0.56870147540238,0.01,0.176,1.88556996737934e-05,"GRCm39-Rpl13","Rpl13","14"
2.61624756935079e-10,0.339821635964977,0.914,0.687,1.89159931759201e-05,"GRCh38-COLEC12","COLEC12","14"
2.64346087920324e-10,-0.597135255943386,0.014,0.184,1.91127508488152e-05,"GRCm39-Rps12","Rps12","14"
2.64783995386152e-10,0.518704398576042,0.719,0.553,1.91444124344095e-05,"GRCh38-ENSG00000287292","ENSG00000287292","14"
2.67751769919246e-10,-0.731930443925375,0.676,0.789,1.93589884687013e-05,"GRCh38-MXI1","MXI1","14"
2.71955426952282e-10,0.334387631859923,0.957,0.905,1.96629212795039e-05,"GRCh38-TNS3","TNS3","14"
2.77578058883224e-10,0.256297660713738,0.943,0.823,2.00694488133748e-05,"GRCh38-AP2A2","AP2A2","14"
2.78681368997013e-10,-0.739320154740403,0.01,0.176,2.0149220341222e-05,"GRCm39-Nfkbia","Nfkbia","14"
2.79975743065628e-10,-0.447631394158573,0.224,0.429,2.0242806175131e-05,"GRCh38-COA7","COA7","14"
2.80829599565918e-10,0.308910642159145,0.929,0.818,2.0304541707815e-05,"GRCh38-ACTR10","ACTR10","14"
2.82327942827441e-10,0.262749039644655,0.943,0.862,2.04128749223096e-05,"GRCh38-MARCHF7","MARCHF7","14"
2.87301658819926e-10,0.287392064181302,0.49,0.301,2.07724845359983e-05,"GRCh38-ZNF436-AS1","ZNF436-AS1","14"
2.98246598951059e-10,0.282173639935553,0.905,0.776,2.15638255973595e-05,"GRCh38-GDI1","GDI1","14"
3.00699319710585e-10,0.250769093069546,0.967,0.841,2.17411622137147e-05,"GRCh38-TSEN34","TSEN34","14"
3.00801023671424e-10,0.276157590887043,0.719,0.508,2.17485156134913e-05,"GRCh38-MINDY2","MINDY2","14"
3.03502684616578e-10,0.329648964298119,0.919,0.832,2.19438511031479e-05,"GRCh38-MPRIP","MPRIP","14"
3.04797407618041e-10,0.55203052426621,0.829,0.691,2.20374621655996e-05,"GRCh38-SLC16A7","SLC16A7","14"
3.05512630222512e-10,0.263415283240967,1,0.96,2.20891741903481e-05,"GRCh38-STAG2","STAG2","14"
3.1350180862173e-10,0.274895565796175,0.938,0.83,2.26668077669683e-05,"GRCh38-PURA","PURA","14"
3.16556113980359e-10,0.29719890368139,0.952,0.828,2.2887640153008e-05,"GRCh38-REST","REST","14"
3.26148476694641e-10,0.305028164179416,0.357,0.191,2.35811871619759e-05,"GRCh38-RTL8B","RTL8B","14"
3.27166514179036e-10,-1.07731923110969,0.038,0.216,2.36547933081726e-05,"GRCh38-MTSS1","MTSS1","14"
3.32148915666826e-10,0.351624082092655,0.776,0.618,2.40150309005428e-05,"GRCh38-TULP3","TULP3","14"
3.325463648157e-10,-0.712547204759932,0.757,0.829,2.40437672689047e-05,"GRCh38-TOMM40","TOMM40","14"
3.33470763828065e-10,0.319255921161475,0.981,0.906,2.41106031662967e-05,"GRCh38-NME3","NME3","14"
3.36148205243559e-10,0.338007211694389,0.824,0.677,2.43041875355198e-05,"GRCh38-CYBRD1","CYBRD1","14"
3.39127787413051e-10,0.328724294466041,0.976,0.909,2.45196172855384e-05,"GRCh38-CHD3","CHD3","14"
3.4543951749814e-10,0.303956679734875,0.7,0.503,2.49759679941505e-05,"GRCh38-WIPI1","WIPI1","14"
3.53756346177208e-10,0.325593209290953,0.671,0.473,2.55772913413045e-05,"GRCh38-PDK2","PDK2","14"
3.63285901081198e-10,0.354170499713451,0.81,0.63,2.62662972199728e-05,"GRCh38-RASSF4","RASSF4","14"
3.7051558381018e-10,0.275181183970397,0.99,0.91,2.67890177406437e-05,"GRCh38-LARP7","LARP7","14"
3.72404386020378e-10,0.340681630466192,0.8,0.645,2.69255819180454e-05,"GRCh38-ABCD3","ABCD3","14"
3.72675443762895e-10,0.365936598742019,0.143,0.049,2.69451799349448e-05,"GRCh38-ENSG00000259048","ENSG00000259048","14"
3.7787987997713e-10,0.367937347963449,0.438,0.258,2.73214710821064e-05,"GRCh38-TRIM62","TRIM62","14"
3.86933635323629e-10,-0.522069534766343,0.005,0.166,2.7976075701169e-05,"GRCm39-Rpl8","Rpl8","14"
3.87820301987512e-10,0.332253313496487,0.695,0.496,2.80401834743011e-05,"GRCh38-ZNF862","ZNF862","14"
3.93008818400606e-10,0.366761328445463,0.767,0.582,2.84153235880006e-05,"GRCh38-MTM1","MTM1","14"
4.08709086877879e-10,0.435194732961333,0.419,0.26,2.95504843994444e-05,"GRCh38-DUSP2","DUSP2","14"
4.1386119506805e-10,0.280948078908355,0.343,0.177,2.99229921258101e-05,"GRCh38-ENSG00000287778","ENSG00000287778","14"
4.14786502010625e-10,-0.598099876519018,0.51,0.671,2.99898936683722e-05,"GRCh38-PUS7","PUS7","14"
4.15426218547393e-10,0.284305056979783,0.919,0.793,3.00361464534136e-05,"GRCh38-ZMYM2","ZMYM2","14"
4.17284863188298e-10,-0.772799817972584,0.01,0.173,3.01705301782403e-05,"GRCm39-Ier3","Ier3","14"
4.20581568725497e-10,-0.796791471517526,0.09,0.282,3.04088885819909e-05,"GRCh38-PHACTR1","PHACTR1","14"
4.26893528037912e-10,0.3003027023077,0.771,0.578,3.08652558641971e-05,"GRCh38-ZRSR2","ZRSR2","14"
4.30077179366611e-10,-0.777185469007198,0.076,0.26,3.10954402225647e-05,"GRCh38-FABP6","FABP6","14"
4.35306708986144e-10,-0.558384464905538,0.01,0.172,3.14735456731162e-05,"GRCm39-Rplp2","Rplp2","14"
4.37405970389287e-10,-1.11075660450674,0.862,0.884,3.16253264710862e-05,"GRCh38-EGFR","EGFR","14"
4.37475801473585e-10,-1.2050576756947,0.476,0.645,3.16303753981432e-05,"GRCh38-TTC28","TTC28","14"
4.39895650789292e-10,0.269143671684042,0.91,0.708,3.18053353433674e-05,"GRCh38-BSDC1","BSDC1","14"
4.40012577617624e-10,-0.428744049208225,0,0.158,3.18137893869094e-05,"GRCm39-Rps23","Rps23","14"
4.40358991337579e-10,-0.535966348082064,0.01,0.174,3.18388357916897e-05,"GRCm39-Rpl13a","Rpl13a","14"
4.46348916195995e-10,0.409481980012908,0.729,0.533,3.22719193388028e-05,"GRCh38-ANKAR","ANKAR","14"
4.47898376382584e-10,0.256609159419271,0.886,0.731,3.23839484092136e-05,"GRCh38-SNRNP27","SNRNP27","14"
4.48406402861631e-10,-0.80266645040917,0.133,0.32,3.24206797397017e-05,"GRCh38-MMP14","MMP14","14"
4.55665884426983e-10,0.384635354526939,0.719,0.523,3.29455547758398e-05,"GRCh38-CDK18","CDK18","14"
4.5870950032812e-10,-1.49627336820142,0.562,0.708,3.31656142927237e-05,"GRCh38-PHLDA2","PHLDA2","14"
4.60198066785991e-10,-0.558986235383876,0.795,0.549,3.32732406247608e-05,"GRCh38-STC1","STC1","14"
4.6839090024885e-10,0.280745493188132,1,0.969,3.38655988697923e-05,"GRCh38-GPX4","GPX4","14"
4.69309998953471e-10,0.380072675867434,0.71,0.511,3.39320515443339e-05,"GRCh38-CHN1","CHN1","14"
4.695643934102e-10,-0.504419768633404,0.01,0.174,3.39504447723443e-05,"GRCm39-Rps29","Rps29","14"
4.71013813964774e-10,-0.617144111471561,0.495,0.654,3.40552407772811e-05,"GRCh38-SNHG12","SNHG12","14"
4.7931801667414e-10,0.251367834921682,0.967,0.877,3.46556512415736e-05,"GRCh38-COX16","COX16","14"
4.80659020528742e-10,0.303167854513776,0.881,0.779,3.47526085022691e-05,"GRCh38-CYP20A1","CYP20A1","14"
4.82067639188298e-10,0.298605752143344,0.533,0.34,3.48544544485923e-05,"GRCh38-ZNF585B","ZNF585B","14"
4.83377166803414e-10,-0.523420832317094,0.01,0.172,3.49491359142204e-05,"GRCm39-Rpl27a","Rpl27a","14"
4.86870916013915e-10,-0.491643456857118,0.005,0.164,3.52017409696381e-05,"GRCm39-Rps27","Rps27","14"
5.00843614417815e-10,0.255083041055946,0.905,0.721,3.62119950096369e-05,"GRCh38-LINC01278","LINC01278","14"
5.04114307308967e-10,-0.711240305097036,0.9,0.897,3.64484726470529e-05,"GRCh38-ABCE1","ABCE1","14"
5.10039622729583e-10,0.344259995902712,0.843,0.698,3.68768848025943e-05,"GRCh38-PPP1R21","PPP1R21","14"
5.10474391599958e-10,-0.622656888225978,0.514,0.671,3.69083194614602e-05,"GRCh38-IMPA2","IMPA2","14"
5.12140858541113e-10,-1.37645306831949,0.224,0.405,3.70288083542396e-05,"GRCh38-BRCA2","BRCA2","14"
5.17786771387336e-10,0.26623390071297,0.995,0.9,3.74370191448471e-05,"GRCh38-PLEKHA7","PLEKHA7","14"
5.18907398289304e-10,0.270768736353522,0.505,0.31,3.75180427111133e-05,"GRCh38-SOX13","SOX13","14"
5.29953798831687e-10,-0.485275442077389,0.005,0.165,3.83167195631286e-05,"GRCm39-Rpl28","Rpl28","14"
5.35422148957324e-10,0.270051487557647,0.857,0.699,3.87120922139125e-05,"GRCh38-USP11","USP11","14"
5.36360249239228e-10,0.584594159735951,0.49,0.303,3.87799187404946e-05,"GRCh38-CSRP2","CSRP2","14"
5.45474575536193e-10,0.390289615691136,0.895,0.751,3.94389027604178e-05,"GRCh38-PPCDC","PPCDC","14"
5.46954559588779e-10,-0.507494720866721,0.005,0.164,3.95459085673879e-05,"GRCm39-Rps10","Rps10","14"
5.5038117552253e-10,0.36717888019154,0.729,0.533,3.979365975263e-05,"GRCh38-ENSG00000260971","ENSG00000260971","14"
5.59193438389716e-10,-0.684159886303941,0.01,0.171,4.04308039824533e-05,"GRCm39-Hilpda","Hilpda","14"
5.66300785906064e-10,-0.61880888820105,0.457,0.593,4.09446794225802e-05,"GRCh38-SEL1L3","SEL1L3","14"
5.66755694483357e-10,-1.19782438697461,0.048,0.222,4.09775702225357e-05,"GRCh38-TK1","TK1","14"
5.75675561092976e-10,-0.468775317428031,0.795,0.546,4.16224944181443e-05,"GRCh38-HGF","HGF","14"
5.85017024267819e-10,0.306573992038964,0.962,0.889,4.22979008886119e-05,"GRCh38-EHD2","EHD2","14"
5.87283324431878e-10,0.400873669883987,0.91,0.811,4.24617589230736e-05,"GRCh38-ZNF280D","ZNF280D","14"
5.94688407401128e-10,-0.711747577339511,0.933,0.927,4.29971612319163e-05,"GRCh38-CEBPD","CEBPD","14"
5.9490766913728e-10,0.317938075789594,0.667,0.482,4.30130142939636e-05,"GRCh38-GTF2H2","GTF2H2","14"
5.97582108600282e-10,-0.547504747131684,0.005,0.163,4.32063816160176e-05,"GRCm39-Alox5ap","Alox5ap","14"
6.0154420497417e-10,-0.5679406605972,0.01,0.171,4.34928491080424e-05,"GRCm39-Hp","Hp","14"
6.26590215818176e-10,0.399893802466508,0.633,0.461,4.53037257840857e-05,"GRCh38-KLHDC1","KLHDC1","14"
6.2966034891085e-10,0.289574824357811,0.776,0.601,4.55257025469523e-05,"GRCh38-MCRS1","MCRS1","14"
6.380999250453e-10,-0.527479600060984,0.005,0.164,4.61359007806253e-05,"GRCm39-Mt1","Mt1","14"
6.72847551435648e-10,-0.486617290052097,0,0.155,4.86482236639002e-05,"GRCm39-Cd52","Cd52","14"
6.77956065459482e-10,0.301414533436267,0.795,0.585,4.90175794448515e-05,"GRCh38-ULK1","ULK1","14"
6.78115443802297e-10,-0.534857136942345,0.79,0.845,4.90291028177937e-05,"GRCh38-GART","GART","14"
6.82521511322638e-10,0.33630564620114,0.667,0.47,4.93476703116494e-05,"GRCh38-PLEKHH3","PLEKHH3","14"
7.07415490422171e-10,0.408442984780708,0.8,0.649,5.11475547885038e-05,"GRCh38-PTPN9","PTPN9","14"
7.10251995518515e-10,-1.02213581433285,0.681,0.761,5.13526397799797e-05,"GRCh38-IL18","IL18","14"
7.160018277496e-10,-0.791315632294187,0.81,0.867,5.17683641499516e-05,"GRCh38-EXOSC8","EXOSC8","14"
7.29230034941278e-10,0.302294401825864,0.571,0.373,5.27247899863243e-05,"GRCh38-RSL1D1-DT","RSL1D1-DT","14"
7.30776274515067e-10,0.258906281577123,0.157,0.059,5.28365861999884e-05,"GRCh38-CLEC7A","CLEC7A","14"
7.35569973218176e-10,0.348458789645998,0.519,0.343,5.31831802036206e-05,"GRCh38-MMD","MMD","14"
7.35811880456877e-10,-0.514166555377446,0.01,0.17,5.32006705807931e-05,"GRCm39-Rps20","Rps20","14"
7.39443061401303e-10,0.350588994339442,0.605,0.414,5.3463212225437e-05,"GRCh38-TRNP1","TRNP1","14"
7.41926929301508e-10,-0.521511866042555,0,0.154,5.36428008423576e-05,"GRCm39-H2-D1","H2-D1","14"
7.4839754462293e-10,-0.479352510975269,0.005,0.163,5.41106392713271e-05,"GRCm39-Rpsa","Rpsa","14"
7.50029781702435e-10,0.313391955402999,0.371,0.208,5.42286532766495e-05,"GRCh38-GPR63","GPR63","14"
7.50481754237539e-10,-0.451481433735639,0.19,0.387,5.42613317948825e-05,"GRCh38-NR2C2AP","NR2C2AP","14"
7.79708629995609e-10,0.271975165694249,0.919,0.816,5.63744933659425e-05,"GRCh38-TBRG1","TBRG1","14"
7.82717989394731e-10,0.373948533939553,0.414,0.241,5.65920760692179e-05,"GRCh38-GCNT1","GCNT1","14"
7.95182893502423e-10,-0.436928430384594,0.205,0.399,5.74933135660122e-05,"GRCh38-PUS1","PUS1","14"
8.04825332641688e-10,0.265671382915396,0.748,0.532,5.81904812006593e-05,"GRCh38-FIGN","FIGN","14"
8.17117979359497e-10,0.323442816541466,0.829,0.63,5.90792641436503e-05,"GRCh38-MARK4","MARK4","14"
8.21941072598684e-10,0.30051573736111,0.41,0.234,5.942798343103e-05,"GRCh38-GATA2","GATA2","14"
8.22668562539467e-10,0.293242646939398,0.833,0.646,5.94805824087286e-05,"GRCh38-PIGC","PIGC","14"
8.22953726980826e-10,0.250075013614451,0.39,0.22,5.95012003681677e-05,"GRCh38-ENSG00000287104","ENSG00000287104","14"
8.23559566406448e-10,0.316940847376355,0.862,0.706,5.9545003770319e-05,"GRCh38-CCDC144BP","CCDC144BP","14"
8.27604310551775e-10,0.393511611746231,0.7,0.52,5.98374468615144e-05,"GRCh38-TSTD3","TSTD3","14"
8.28083076482584e-10,0.308097185101121,0.719,0.538,5.98720625958438e-05,"GRCh38-FHIP2B","FHIP2B","14"
8.37367907661916e-10,0.261770745395761,1,0.967,6.05433744597719e-05,"GRCh38-PSME1","PSME1","14"
8.41282053985959e-10,0.312141914329324,0.976,0.894,6.08263750672928e-05,"GRCh38-MYO9A","MYO9A","14"
8.45927626066889e-10,0.56013992373218,0.138,0.048,6.11622592198882e-05,"GRCh38-ZNF385B","ZNF385B","14"
8.48282286194083e-10,0.326113316759286,0.743,0.555,6.13325058564046e-05,"GRCh38-ENSG00000290927","ENSG00000290927","14"
8.79134272431391e-10,0.312068920069859,0.59,0.41,6.35631661653345e-05,"GRCh38-GTF2H2C","GTF2H2C","14"
8.79655922908551e-10,-0.569583285521417,0,0.153,6.3600882538134e-05,"GRCm39-Ifrd1","Ifrd1","14"
8.99781758452622e-10,0.324346000535073,0.548,0.359,6.50560206996414e-05,"GRCh38-PLEKHG5","PLEKHG5","14"
9.1334227342812e-10,-0.439180322407928,0,0.153,6.60364730534e-05,"GRCm39-Rps27a","Rps27a","14"
9.36328006540123e-10,0.292317389867794,0.6,0.411,6.76983875288639e-05,"GRCh38-ZNF771","ZNF771","14"
9.65463857731499e-10,-0.616596881585266,0.029,0.194,6.98049678417028e-05,"GRCh38-SLCO4A1","SLCO4A1","14"
9.74537209961099e-10,0.338743642506819,0.329,0.175,7.04609893546074e-05,"GRCh38-PIEZO2","PIEZO2","14"
9.75363461039669e-10,0.316146544697151,0.886,0.757,7.05207289600901e-05,"GRCh38-VPS54","VPS54","14"
9.86764689799739e-10,0.302921393826677,0.852,0.72,7.13450606019008e-05,"GRCh38-PREPL","PREPL","14"
9.93694186198722e-10,0.30560031478823,0.862,0.686,7.184607705054e-05,"GRCh38-ZNF791","ZNF791","14"
9.95115477912599e-10,0.274378284312551,0.91,0.774,7.19488392840368e-05,"GRCh38-FGFR1OP2","FGFR1OP2","14"
1.00168703319405e-09,0.287531935812412,0.957,0.856,7.24239758739961e-05,"GRCh38-CARD19","CARD19","14"
1.00287582233368e-09,0.298845091715866,0.871,0.728,7.25099277063694e-05,"GRCh38-FBXO21","FBXO21","14"
1.03804127248747e-09,0.355421617065198,0.748,0.605,7.50524600833887e-05,"GRCh38-TBC1D2B","TBC1D2B","14"
1.0403884348817e-09,-0.813202173907666,0.533,0.658,7.5222164618817e-05,"GRCh38-ENSG00000230490","ENSG00000230490","14"
1.05032250653547e-09,0.279756709970826,0.781,0.594,7.59404178675278e-05,"GRCh38-PPARD","PPARD","14"
1.08278647619775e-09,0.25357527712937,0.929,0.806,7.82876278020498e-05,"GRCh38-STX10","STX10","14"
1.10087616509937e-09,0.258549849351217,0.957,0.858,7.95955484890143e-05,"GRCh38-NDUFA3","NDUFA3","14"
1.10815740413616e-09,-0.48325929775122,0.01,0.167,8.01219966338528e-05,"GRCm39-Rpl37","Rpl37","14"
1.14581172884165e-09,0.265706688852894,0.552,0.352,8.28444796187089e-05,"GRCh38-NEIL1","NEIL1","14"
1.16412687477199e-09,-0.535544335497789,0.01,0.167,8.41687012997644e-05,"GRCm39-H3f3a","H3f3a","14"
1.16695484067831e-09,0.289658220764672,0.867,0.748,8.43731688907232e-05,"GRCh38-PIK3R2","PIK3R2","14"
1.18293325593864e-09,-0.368910863995806,1,0.994,8.55284402708758e-05,"GRCh38-RPL14","RPL14","14"
1.19817313919411e-09,0.364885410192674,0.89,0.764,8.66303143100124e-05,"GRCh38-RBPMS","RBPMS","14"
1.20711608120582e-09,-0.470813660316638,1,0.987,8.7276906903343e-05,"GRCh38-RPS17","RPS17","14"
1.22104007241582e-09,-0.643811687995665,0.876,0.9,8.82836393158084e-05,"GRCh38-MRPL3","MRPL3","14"
1.2417290518613e-09,0.301170541983325,0.843,0.663,8.9779493907676e-05,"GRCh38-PSMA3-AS1","PSMA3-AS1","14"
1.24721428208484e-09,0.268137306101201,0.981,0.921,9.0176087023298e-05,"GRCh38-MKLN1","MKLN1","14"
1.24733964425507e-09,0.75696259881203,0.333,0.183,9.01851509589301e-05,"GRCh38-ADGRG6","ADGRG6","14"
1.26251694238339e-09,0.333757848225632,0.981,0.881,9.12824999682037e-05,"GRCh38-STRN3","STRN3","14"
1.2664057089697e-09,0.275603055829815,0.995,0.896,9.15636655699274e-05,"GRCh38-SAT2","SAT2","14"
1.27808050118672e-09,0.287962219862202,0.886,0.715,9.24077763968026e-05,"GRCh38-UBE2W","UBE2W","14"
1.29772597224674e-09,0.267634786079393,0.986,0.935,9.38281832453837e-05,"GRCh38-PGLS","PGLS","14"
1.29854696774792e-09,0.344118576969291,0.771,0.591,9.38875428621101e-05,"GRCh38-MR1","MR1","14"
1.3070800981319e-09,0.329225044649945,0.814,0.652,9.4504505255133e-05,"GRCh38-ITFG2","ITFG2","14"
1.31810116361097e-09,0.326171915496125,0.624,0.433,9.53013503314005e-05,"GRCh38-FLT3LG","FLT3LG","14"
1.34046227312228e-09,0.260355282407383,1,0.951,9.69181032712868e-05,"GRCh38-C12orf57","C12orf57","14"
1.34413824793715e-09,0.326890523488579,0.757,0.571,9.71838836023519e-05,"GRCh38-SMIM8","SMIM8","14"
1.35874504727025e-09,0.300985819641041,0.795,0.629,9.82399844077334e-05,"GRCh38-CC2D1A","CC2D1A","14"
1.35915811241299e-09,0.292377406182823,0.443,0.258,9.82698498436839e-05,"GRCh38-CASC20","CASC20","14"
1.36196626598347e-09,0.326876376815011,0.867,0.721,9.84728849631368e-05,"GRCh38-FAM234A","FAM234A","14"
1.37409952409865e-09,0.256943734515343,0.986,0.911,9.93501437913805e-05,"GRCh38-MAML3","MAML3","14"
1.38939300521261e-09,0.480345110109637,0.381,0.216,0.000100455893062882,"GRCh38-LINC02343","LINC02343","14"
1.41526628596522e-09,-1.43597719480977,0.043,0.21,0.000102326583007858,"GRCh38-BIRC5","BIRC5","14"
1.45590951159352e-09,-0.583948787992538,1,0.995,0.000105265169507235,"GRCh38-HSP90AB1","HSP90AB1","14"
1.47033799619531e-09,0.383162134540561,0.281,0.141,0.000106308377800913,"GRCh38-CFAP418-AS1","CFAP418-AS1","14"
1.49604661902858e-09,-0.386710597443559,1,0.99,0.000108167162649004,"GRCh38-RPL4","RPL4","14"
1.51038010388229e-09,0.256430442839737,0.933,0.814,0.000109203502270897,"GRCh38-NUMA1","NUMA1","14"
1.55679029114442e-09,-0.626798100493884,0.857,0.89,0.000112559051630324,"GRCh38-GCSH","GCSH","14"
1.55693502014209e-09,-0.681004056153638,0.8,0.836,0.000112569515826313,"GRCh38-SLC1A5","SLC1A5","14"
1.56570545200795e-09,-0.419101318196087,0.005,0.157,0.000113203635591079,"GRCm39-Rpl37a","Rpl37a","14"
1.57023925333289e-09,-1.37239628421876,0.095,0.275,0.000113531438494475,"GRCh38-SERPINB4","SERPINB4","14"
1.57181158826462e-09,0.34150014104184,0.305,0.156,0.000113645121454709,"GRCh38-ENSG00000242021","ENSG00000242021","14"
1.57772876694534e-09,0.317910216393015,0.319,0.167,0.000114072945307682,"GRCh38-LINC02795","LINC02795","14"
1.5807372836234e-09,0.358286783341952,0.186,0.076,0.000114290467080539,"GRCh38-ENSG00000253901","ENSG00000253901","14"
1.59338515576306e-09,-0.653809472784299,0.99,0.978,0.000115204933531981,"GRCh38-MYH9","MYH9","14"
1.59655246997447e-09,-0.491654201055752,0,0.149,0.000115433936684094,"GRCm39-Tpd52","Tpd52","14"
1.60139781845967e-09,0.289549086486107,0.776,0.595,0.000115784265070271,"GRCh38-ASB8","ASB8","14"
1.60501249950717e-09,0.251062986518758,0.976,0.88,0.000116045613739367,"GRCh38-LAMTOR2","LAMTOR2","14"
1.63255182955525e-09,-0.394533113758498,1,0.992,0.000118036762380504,"GRCh38-RPL10A","RPL10A","14"
1.63762550509138e-09,-0.502050743657501,0,0.149,0.000118403599269117,"GRCm39-Mxd1","Mxd1","14"
1.64263759371363e-09,-0.46969547326499,0.005,0.156,0.000118765983300683,"GRCm39-Cst3","Cst3","14"
1.6473197480326e-09,0.326639849005132,0.786,0.608,0.000119104512422253,"GRCh38-PCGF3-AS1","PCGF3-AS1","14"
1.6648331542896e-09,0.32089676454981,0.943,0.848,0.000120370766721447,"GRCh38-LPGAT1","LPGAT1","14"
1.68167680555301e-09,-0.443566828047263,0.005,0.157,0.000121588596395094,"GRCm39-mt-Co2","mt-Co2","14"
1.69525755717907e-09,-0.611709026228257,0.457,0.616,0.000122570511899161,"GRCh38-PPP1R13L","PPP1R13L","14"
1.70136159541918e-09,0.341143977524746,0.748,0.584,0.000123011846071998,"GRCh38-ZNF83","ZNF83","14"
1.72916937030475e-09,0.279048777970634,0.595,0.39,0.000125022403811774,"GRCh38-ZDHHC12-DT","ZDHHC12-DT","14"
1.74974972823185e-09,-0.781021074768497,1,0.98,0.000126510404850619,"GRCh38-CCT5","CCT5","14"
1.76883127076682e-09,0.257667304209846,0.952,0.834,0.000127890038538983,"GRCh38-ENSG00000290928","ENSG00000290928","14"
1.77531115703565e-09,0.281481690542132,0.919,0.811,0.000128358547275992,"GRCh38-SPOP","SPOP","14"
1.78546062572548e-09,-0.523309349805702,0.333,0.515,0.000129092374161204,"GRCh38-ACSL1","ACSL1","14"
1.79841841592728e-09,-0.618439871743498,0.01,0.164,0.000130029248308374,"GRCm39-Ccrl2","Ccrl2","14"
1.85138156606702e-09,-1.95628752440069,0.938,0.94,0.000133858589989778,"GRCh38-ENSG00000289901","ENSG00000289901","14"
1.86499179063897e-09,-0.515923409751178,0.486,0.648,0.000134842636446778,"GRCh38-PPAN","PPAN","14"
1.89363063995954e-09,-0.655496904806427,0.038,0.205,0.000136913282530354,"GRCh38-STON2","STON2","14"
1.89842083009383e-09,0.32756494934024,0.667,0.483,0.000137259622857444,"GRCh38-FMN2","FMN2","14"
1.90595050678984e-09,-2.62093322442361,0.124,0.294,0.000137804033541919,"GRCh38-MIR205HG","MIR205HG","14"
1.90861020610962e-09,0.481790338181211,0.724,0.593,0.000137996335122138,"GRCh38-KCTD1","KCTD1","14"
1.91541061564459e-09,-0.634871555645272,1,0.992,0.000138488018332335,"GRCh38-NPM1","NPM1","14"
1.9599909286327e-09,0.292911261976958,0.867,0.702,0.000141711264122001,"GRCh38-ORAI3","ORAI3","14"
1.9602615555502e-09,-1.11766376295869,0.438,0.585,0.000141730830989391,"GRCh38-PAG1","PAG1","14"
1.96594541110686e-09,0.304747478994113,0.786,0.636,0.000142141785113848,"GRCh38-TP53TG1","TP53TG1","14"
1.97102412699603e-09,-0.877457429164234,0.719,0.781,0.000142508986430067,"GRCh38-CENPX","CENPX","14"
2.01096362521233e-09,-0.632477077797752,0.957,0.946,0.000145396692030102,"GRCh38-SVIL","SVIL","14"
2.01186412882183e-09,0.329059306631256,0.629,0.451,0.000145461800242076,"GRCh38-ATP7A","ATP7A","14"
2.02976721357206e-09,0.376599916310341,0.69,0.534,0.000146756229075687,"GRCh38-ZNF561-AS1","ZNF561-AS1","14"
2.04456098350869e-09,0.295817834775198,0.829,0.661,0.000147825848229646,"GRCh38-GIT2","GIT2","14"
2.04529775928902e-09,-0.446306093137548,0,0.147,0.000147879118592114,"GRCm39-Ddx5","Ddx5","14"
2.06130455657531e-09,-0.695615665576662,0.41,0.567,0.000149036442049508,"GRCh38-TMEM97","TMEM97","14"
2.06298478654301e-09,0.320812153357344,0.886,0.739,0.000149157926036633,"GRCh38-PIK3CA","PIK3CA","14"
2.0755323848325e-09,0.289479725455995,0.705,0.509,0.00015006514248816,"GRCh38-RAB4B","RAB4B","14"
2.07701783252091e-09,0.276717676754471,0.79,0.649,0.000150172543326927,"GRCh38-DEXI","DEXI","14"
2.09935940939194e-09,-0.392685170578472,0,0.147,0.000151787884017856,"GRCm39-Rpl39","Rpl39","14"
2.11511406880045e-09,-0.669169087890842,0.271,0.447,0.00015292697740241,"GRCh38-SOD3","SOD3","14"
2.15800909608276e-09,-0.513211366073767,0.381,0.548,0.000156028373664976,"GRCh38-GGT5","GGT5","14"
2.16593933877781e-09,0.358491253027014,0.705,0.512,0.000156601746072313,"GRCh38-KRBOX4","KRBOX4","14"
2.16740867512987e-09,0.253493148000491,0.619,0.411,0.00015670798202924,"GRCh38-RABEP2","RABEP2","14"
2.17228345955525e-09,0.278065679675063,0.705,0.554,0.000157060438692764,"GRCh38-TMEM184C","TMEM184C","14"
2.17654986849253e-09,0.266011082492168,0.695,0.495,0.000157368908591747,"GRCh38-CDKN1B","CDKN1B","14"
2.18141208435517e-09,-0.676513954794625,0.319,0.49,0.000157720456523047,"GRCh38-DHCR24","DHCR24","14"
2.18538983265634e-09,0.31634472690435,0.748,0.595,0.000158008055680719,"GRCh38-OBSL1","OBSL1","14"
2.22532310570985e-09,0.259299587910754,0.843,0.661,0.000160895311189034,"GRCh38-SMAP2","SMAP2","14"
2.24666373834789e-09,0.357979599886747,0.9,0.768,0.000162438281610029,"GRCh38-ATP9B","ATP9B","14"
2.26073030934418e-09,0.292200947140016,0.724,0.545,0.000163455322826203,"GRCh38-PLAAT3","PLAAT3","14"
2.26123379035961e-09,-0.467814826551394,0.01,0.163,0.00016349172551058,"GRCm39-Vim","Vim","14"
2.26769414735176e-09,-0.400270440305582,1,0.994,0.000163958822241827,"GRCh38-RPL32","RPL32","14"
2.27778561092807e-09,0.319445856012503,0.771,0.59,0.000164688455241321,"GRCh38-TBC1D8B","TBC1D8B","14"
2.32115296104236e-09,-0.488808576326675,0.005,0.155,0.000167824001389285,"GRCm39-Ldha","Ldha","14"
2.33954807693762e-09,0.297864832515525,0.81,0.619,0.000169154005058744,"GRCh38-SVBP","SVBP","14"
2.34815788067981e-09,0.279515482764592,0.538,0.344,0.000169776511088912,"GRCh38-ECM1","ECM1","14"
2.34938624602262e-09,-0.556981854165781,0.01,0.161,0.000169865324359927,"GRCm39-Lcp1","Lcp1","14"
2.36504317098837e-09,0.276310948417976,0.562,0.372,0.000170997351348801,"GRCh38-TLE6","TLE6","14"
2.36564540914491e-09,0.269863095092831,0.933,0.832,0.000171040894371995,"GRCh38-DCAF10","DCAF10","14"
2.40676228463908e-09,0.297491353143264,0.805,0.63,0.000174013726703975,"GRCh38-SLC12A7","SLC12A7","14"
2.4120277412721e-09,0.324174278711454,0.986,0.888,0.000174394429749455,"GRCh38-ATXN2","ATXN2","14"
2.4146677501685e-09,-0.563981311106085,0.005,0.154,0.000174585307672683,"GRCm39-Plek","Plek","14"
2.4557575512578e-09,0.306564508834411,0.876,0.743,0.000177556182471041,"GRCh38-ORC4","ORC4","14"
2.46053248353236e-09,0.258758608810142,0.471,0.286,0.000177901419624357,"GRCh38-ENSG00000267073","ENSG00000267073","14"
2.47578925812667e-09,0.304335328389008,0.838,0.694,0.000179004514941075,"GRCh38-ST3GAL2","ST3GAL2","14"
2.4806632948785e-09,-0.612016007750158,0.319,0.496,0.000179356917546305,"GRCh38-CTPS1","CTPS1","14"
2.572566933536e-09,-0.881273769036406,0.89,0.906,0.00018600173442852,"GRCh38-CYCS","CYCS","14"
2.58847783068976e-09,0.318357092713488,0.795,0.643,0.000187152124114531,"GRCh38-ZBTB4","ZBTB4","14"
2.63168708765298e-09,0.301607010600007,0.895,0.766,0.000190276239811486,"GRCh38-GOLGA8B","GOLGA8B","14"
2.64729986604078e-09,0.332856475537894,0.671,0.49,0.000191405074914481,"GRCh38-LMBR1L","LMBR1L","14"
2.66030137357157e-09,-0.669960477643602,0.476,0.624,0.000192345109911972,"GRCh38-RTTN","RTTN","14"
2.6779435703457e-09,0.321320396579412,0.667,0.481,0.000193620676023135,"GRCh38-ATXN7L1","ATXN7L1","14"
2.68054771499585e-09,0.265178848119198,0.457,0.27,0.00019380896088963,"GRCh38-ENSG00000288061","ENSG00000288061","14"
2.68437804139130e-09,-0.885672959394035,0.2,0.391,0.000194085901148673,"GRCh38-HK2","HK2","14"
2.69943754643815e-09,0.328716271967793,0.857,0.689,0.000195174733482571,"GRCh38-GNB5","GNB5","14"
2.74255062087361e-09,0.389187984504733,0.519,0.333,0.000198291894990404,"GRCh38-ENSG00000222017","ENSG00000222017","14"
2.76790445480863e-09,-0.453433659227779,0.01,0.161,0.000200125027891573,"GRCm39-Rps11","Rps11","14"
2.79622996154051e-09,0.26880096299787,0.519,0.333,0.000202173018679302,"GRCh38-ZNF174","ZNF174","14"
2.84658906378945e-09,0.304955565600549,0.762,0.586,0.000205814082490105,"GRCh38-MRPL45P2","MRPL45P2","14"
2.84719339167759e-09,0.292678503300207,0.757,0.554,0.000205857776605073,"GRCh38-MARCHF9","MARCHF9","14"
2.91159934900558e-09,0.299393165171954,0.181,0.073,0.000210514456131801,"GRCh38-ARHGAP20","ARHGAP20","14"
2.93860947015439e-09,0.266474970520462,0.629,0.41,0.000212467341911103,"GRCh38-ZNF254","ZNF254","14"
2.94136419030886e-09,-1.04428148194022,0.524,0.657,0.000212666513687711,"GRCh38-BHLHE40","BHLHE40","14"
2.97548094106221e-09,-0.394924656247834,0,0.145,0.00021513322300068,"GRCm39-Rpl11","Rpl11","14"
2.9757876553543e-09,0.302562699195347,0.929,0.851,0.000215155399057426,"GRCh38-NTPCR","NTPCR","14"
2.97583409457332e-09,-0.657469410353837,0.19,0.368,0.00021515875670584,"GRCh38-EDEM1","EDEM1","14"
3.01403763187635e-09,0.313455877261591,0.91,0.799,0.000217920948859924,"GRCh38-TMEM35B","TMEM35B","14"
3.15658372668984e-09,-0.452438528765831,0.01,0.16,0.000228227316607129,"GRCm39-Rps13","Rps13","14"
3.16555587252205e-09,-0.570862909740845,0.281,0.471,0.000228876020695089,"GRCh38-FAS","FAS","14"
3.19440182837036e-09,0.374668541549759,0.757,0.615,0.000230961640994834,"GRCh38-LINC01376","LINC01376","14"
3.20884524932729e-09,0.357376609421692,0.757,0.572,0.000232005929216862,"GRCh38-TNS2","TNS2","14"
3.21637597324531e-09,-0.622242894079341,0.538,0.658,0.000232550415617583,"GRCh38-NIP7","NIP7","14"
3.23886483813535e-09,-0.521276269205346,0.005,0.151,0.000234176405526862,"GRCm39-Chil3","Chil3","14"
3.25760412535908e-09,0.286094511292332,0.848,0.718,0.000235531293471712,"GRCh38-ASB3","ASB3","14"
3.29424415644996e-09,0.258449985290174,0.738,0.556,0.000238180440999645,"GRCh38-STK11","STK11","14"
3.29779520923676e-09,0.288604417843264,0.576,0.393,0.000238437189218236,"GRCh38-LINC01550","LINC01550","14"
3.33428276854948e-09,-0.471577017354855,0,0.144,0.000241075312731664,"GRCm39-Btg1","Btg1","14"
3.38159546322222e-09,-0.846858633016487,0.01,0.158,0.000244496115181893,"GRCh38-GTSF1","GTSF1","14"
3.41951836405913e-09,-1.01038777976649,0.371,0.533,0.000247238016758203,"GRCh38-HMOX1","HMOX1","14"
3.43029443018682e-09,-0.480922808855917,0.014,0.165,0.000248017147891367,"GRCm39-Rpl10a","Rpl10a","14"
3.53815153698677e-09,0.307077669735176,0.61,0.435,0.000255815432427218,"GRCh38-PRMT9","PRMT9","14"
3.6572431417947e-09,0.308047542284033,0.543,0.368,0.00026442599363804,"GRCh38-LMF1","LMF1","14"
3.65998581161913e-09,-0.403675894940092,0.162,0.343,0.000264624294151686,"GRCh38-SLC19A1","SLC19A1","14"
3.66685873715763e-09,-1.25755894939269,0.086,0.254,0.000265121220413971,"GRCh38-TYMS","TYMS","14"
3.6934066484681e-09,0.303305039517155,0.738,0.571,0.000267040687497541,"GRCh38-EMP1","EMP1","14"
3.73287483714074e-09,-0.479160729537599,0.014,0.166,0.00026989431647495,"GRCm39-Rps15","Rps15","14"
3.74597610129014e-09,0.262039129682813,0.819,0.646,0.00027084156407548,"GRCh38-HCG17","HCG17","14"
3.7826589202537e-09,-0.548325664960898,0.757,0.825,0.000273493805252183,"GRCh38-AIMP2","AIMP2","14"
3.80126401768238e-09,-0.467273028934814,0.01,0.158,0.000274838991006472,"GRCm39-Myl6","Myl6","14"
3.80364563983609e-09,0.257649723997227,0.957,0.858,0.000275011187051429,"GRCh38-COMMD1","COMMD1","14"
3.80975775715531e-09,0.267705686357112,0.848,0.717,0.000275453105357844,"GRCh38-KHDC4","KHDC4","14"
3.82146835536591e-09,-0.422659286747248,0,0.143,0.000276299805029666,"GRCm39-S100a11","S100a11","14"
3.88408460887525e-09,-1.08200120086308,0.271,0.449,0.000280827085390898,"GRCh38-MARK1","MARK1","14"
3.90897612576784e-09,0.32143241003798,0.838,0.715,0.000282626791845267,"GRCh38-SLC44A1","SLC44A1","14"
3.91670718474832e-09,-1.06356625095851,0.948,0.948,0.000283185762871673,"GRCh38-MT1X","MT1X","14"
4.05559044144343e-09,0.265062158805836,0.924,0.807,0.000293227300097243,"GRCh38-CD163L1","CD163L1","14"
4.0962579278172e-09,-0.479958585792279,0.014,0.166,0.000296167640697039,"GRCm39-Rpl18a","Rpl18a","14"
4.12359258071292e-09,-0.869807624211339,0.014,0.164,0.000298143990770706,"GRCh38-RNF144B","RNF144B","14"
4.21582847080269e-09,-0.493426445350052,0.01,0.158,0.000304812830095976,"GRCm39-C1qb","C1qb","14"
4.22044898196276e-09,0.265262396955587,0.957,0.895,0.000305146902293871,"GRCh38-HDAC1","HDAC1","14"
4.28112862965061e-09,-0.531620095257831,0.462,0.624,0.000309534162180998,"GRCh38-MCMBP","MCMBP","14"
4.29362411913073e-09,0.28736791717101,0.943,0.876,0.00031043761106139,"GRCh38-CHID1","CHID1","14"
4.30268672767671e-09,0.295257142272981,0.805,0.623,0.000311092855784481,"GRCh38-STARD3NL","STARD3NL","14"
4.33094886458539e-09,0.465705538569688,0.505,0.333,0.000313136264807253,"GRCh38-NAV3","NAV3","14"
4.35519295035461e-09,-0.406255266502768,0,0.142,0.000314889160696539,"GRCm39-C1qc","C1qc","14"
4.37176032570634e-09,-0.534509435334719,0.933,0.917,0.00031608701506922,"GRCh38-HNRNPF","HNRNPF","14"
4.44288871131543e-09,-1.17529506097518,0.424,0.566,0.000321229739605528,"GRCh38-SDC4","SDC4","14"
4.49340510018739e-09,-0.520666328474489,0.019,0.17,0.000324882175553749,"GRCm39-Rpl19","Rpl19","14"
4.50182718465576e-09,0.265510606615813,0.786,0.609,0.00032549110910498,"GRCh38-PIGS","PIGS","14"
4.51569364138677e-09,0.307422293129291,0.886,0.712,0.000326493681659546,"GRCh38-RNPC3","RNPC3","14"
4.55934075756353e-09,0.295530833531263,0.8,0.637,0.000329649455453359,"GRCh38-BBS9","BBS9","14"
4.620191101694e-09,0.340608899084091,0.738,0.565,0.00033404905703468,"GRCh38-TP53I3","TP53I3","14"
4.62998514434631e-09,-0.651753246394128,1,1,0.000334757185906527,"GRCh38-FTH1","FTH1","14"
4.6488180595503e-09,-0.450781877093227,0.01,0.156,0.000336118843341606,"GRCm39-Ifi27l2a","Ifi27l2a","14"
4.66267420121988e-09,-0.401311478883807,0.005,0.15,0.0003371206700966,"GRCm39-Rps21","Rps21","14"
4.67290075566739e-09,0.259745322012327,0.843,0.678,0.000337860070436264,"GRCh38-OTUD5","OTUD5","14"
4.85966118350411e-09,0.274373605244975,0.495,0.322,0.000351363222889714,"GRCh38-BORCS6","BORCS6","14"
4.9510450555956e-09,-0.886652561322122,0.219,0.402,0.000357970459609673,"GRCh38-MCM4","MCM4","14"
5.00967296992684e-09,0.287199715251369,0.524,0.344,0.00036220937507165,"GRCh38-KCNMB3","KCNMB3","14"
5.05984056309918e-09,-0.810635242645262,0.057,0.225,0.000365836592393197,"GRCh38-ENSG00000253363","ENSG00000253363","14"
5.10182209280272e-09,-0.375304790246765,0,0.141,0.000368871940953822,"GRCm39-Rps15a","Rps15a","14"
5.16105377949616e-09,0.329053310048303,0.676,0.501,0.000373154510365131,"GRCh38-MAP3K1","MAP3K1","14"
5.24068431585287e-09,-0.56300881069663,0.157,0.346,0.000378911957404794,"GRCh38-SVEP1","SVEP1","14"
5.28470606297553e-09,-0.506545214119837,0,0.141,0.000382094817765257,"GRCm39-Dusp1","Dusp1","14"
5.32897980188057e-09,-0.442738463267061,0.295,0.48,0.000385295897635569,"GRCh38-TTLL12","TTLL12","14"
5.37245483291874e-09,0.253990715063504,0.981,0.916,0.000388439229329691,"GRCh38-TNRC6B","TNRC6B","14"
5.52417614034524e-09,-0.640925805730092,0.376,0.536,0.000399408983299242,"GRCh38-TMEM255B","TMEM255B","14"
5.73264409978681e-09,0.289859564897233,0.329,0.176,0.000414481633702786,"GRCh38-COL11A2","COL11A2","14"
5.75077526881281e-09,0.26908346525437,0.7,0.523,0.000415792553485704,"GRCh38-FHIP2A","FHIP2A","14"
5.87204606932711e-09,0.328499281203575,0.719,0.553,0.000424560674904489,"GRCh38-METTL25B","METTL25B","14"
6.00851737838714e-09,-0.737239919732182,0.371,0.54,0.000434427823492147,"GRCh38-TAF4B","TAF4B","14"
6.09455116184484e-09,0.261192191197487,0.938,0.836,0.000440648238103706,"GRCh38-PPP2R5E","PPP2R5E","14"
6.20459266448422e-09,-0.483896236432264,0.01,0.154,0.000448604458827538,"GRCm39-Ctsd","Ctsd","14"
6.21346792311046e-09,-0.529993104000804,0.01,0.155,0.000449246157776733,"GRCm39-Pkm","Pkm","14"
6.29277098297556e-09,0.330135155498101,0.619,0.456,0.000454979927611099,"GRCh38-CARF","CARF","14"
6.30834996308873e-09,-0.495450914078638,0.438,0.603,0.000456106319031241,"GRCh38-AVPI1","AVPI1","14"
6.44335271030966e-09,0.352615664316434,0.267,0.133,0.000465867287660809,"GRCh38-PKIA-AS1","PKIA-AS1","14"
6.44838149777735e-09,-1.3092284734186,0.557,0.678,0.000466230879052298,"GRCm39-Lars2","Lars2","14"
6.46457153200787e-09,0.294361540428629,0.652,0.472,0.000467401450907233,"GRCh38-ENSG00000291117","ENSG00000291117","14"
6.46586412721564e-09,0.262867911516453,0.438,0.261,0.000467494908125946,"GRCh38-TSPAN18","TSPAN18","14"
6.47718404981608e-09,0.264645231178556,0.871,0.76,0.000468313361169802,"GRCh38-TMTC3","TMTC3","14"
6.52058506778212e-09,0.295496140769204,0.695,0.497,0.000471451341570783,"GRCh38-RHOXF1","RHOXF1","14"
6.53154913866487e-09,0.266408191693895,0.957,0.852,0.000472244065823747,"GRCh38-ATG5","ATG5","14"
6.53908979527659e-09,0.276413564550062,0.343,0.191,0.000472789270378088,"GRCh38-RTL5","RTL5","14"
6.58794989667103e-09,0.289954721853352,0.833,0.702,0.000476321953429109,"GRCh38-ENSG00000290833","ENSG00000290833","14"
6.62218359335581e-09,-0.384944668481458,0,0.139,0.000478797118166812,"GRCm39-Itm2b","Itm2b","14"
6.65623780996662e-09,0.294099735649888,0.89,0.734,0.000481259306136206,"GRCh38-NBPF15","NBPF15","14"
6.73073129262599e-09,0.301708739050761,0.914,0.769,0.000486645333919445,"GRCh38-ACTR6","ACTR6","14"
6.78540567077503e-09,-1.09041068648667,0.09,0.257,0.000490598400808376,"GRCh38-NECTIN1","NECTIN1","14"
6.88978640330412e-09,0.360098982032782,0.776,0.634,0.000498145336531695,"GRCh38-BCKDHB","BCKDHB","14"
6.94879940681771e-09,0.314347153246197,0.852,0.663,0.000502412094711734,"GRCh38-OPHN1","OPHN1","14"
6.96619035559734e-09,0.328153524539593,0.795,0.654,0.000503669495090399,"GRCh38-PIKFYVE","PIKFYVE","14"
6.99401078188043e-09,-0.405647904117633,0.005,0.146,0.000505680967551519,"GRCm39-Rpl18","Rpl18","14"
7.01916061217982e-09,0.273537780958471,0.671,0.475,0.000507499350581825,"GRCh38-ENSG00000290854","ENSG00000290854","14"
7.10517829435903e-09,-0.492411732279978,0.062,0.227,0.000513718601038747,"GRCh38-ADGRE2","ADGRE2","14"
7.20189045270979e-09,-0.545933438698049,0.01,0.153,0.000520711083511823,"GRCm39-Aldoa","Aldoa","14"
7.21375078674022e-09,-0.505329479399131,0.005,0.147,0.000521568609382892,"GRCm39-Pnrc1","Pnrc1","14"
7.24751715927357e-09,0.274487295089003,0.262,0.13,0.000524009985649798,"GRCh38-FLACC1","FLACC1","14"
7.25500991012955e-09,0.252188862212919,0.986,0.907,0.000524551726522187,"GRCh38-CALCOCO2","CALCOCO2","14"
7.33079327195766e-09,-0.568384556862495,0.071,0.24,0.000530031015149083,"GRCh38-SIK1","SIK1","14"
7.3357593592022e-09,0.254224804819749,0.862,0.748,0.000530390073189037,"GRCh38-NFU1","NFU1","14"
7.34792444171239e-09,0.381477386024317,0.771,0.613,0.00053126963298469,"GRCh38-TMEM156","TMEM156","14"
7.42196041608026e-09,0.295693669374845,0.624,0.46,0.000536622582003435,"GRCh38-MEGF8","MEGF8","14"
7.49861811299182e-09,0.330494257670618,0.714,0.549,0.000542165086805535,"GRCh38-GATD1-DT","GATD1-DT","14"
7.64640873719895e-09,0.337343468283861,0.695,0.518,0.000552850644516959,"GRCh38-NBPF11","NBPF11","14"
7.67531336094598e-09,-0.364610488041586,0.148,0.326,0.000554940506623117,"GRCh38-DHODH","DHODH","14"
7.70298631566136e-09,0.273698264764591,0.548,0.359,0.000556941316594948,"GRCh38-MICAL1","MICAL1","14"
7.74872375610635e-09,0.322809503830384,0.39,0.229,0.000560248225014002,"GRCh38-FCGRT","FCGRT","14"
7.78523911578483e-09,-0.70032712890179,0.948,0.94,0.000562888358549475,"GRCh38-SNRPD1","SNRPD1","14"
7.79682151993982e-09,0.32122292568928,0.41,0.243,0.000563725789534689,"GRCh38-PNPLA7","PNPLA7","14"
7.91005641139195e-09,0.31052032974846,0.419,0.254,0.000571912898656461,"GRCh38-TRHDE","TRHDE","14"
7.91976815956364e-09,-0.429975017747829,0.01,0.153,0.00057261507747277,"GRCm39-Rpl17","Rpl17","14"
7.97348417119387e-09,-0.509385131011114,0.01,0.154,0.000576498852545659,"GRCm39-Cd44","Cd44","14"
8.03730684970059e-09,0.303882112646003,0.838,0.639,0.000581113359847052,"GRCh38-ENSG00000285899","ENSG00000285899","14"
8.20055201278332e-09,-0.531380523345757,0.99,0.968,0.00059291631162826,"GRCh38-ANP32B","ANP32B","14"
8.23698997680869e-09,0.341969170381924,0.376,0.214,0.000595550849303222,"GRCh38-ENSG00000259678","ENSG00000259678","14"
8.29717664570106e-09,-0.444332920937981,0.005,0.145,0.000599902465837478,"GRCm39-Pfn1","Pfn1","14"
8.36703515582735e-09,-0.601031495389665,0.181,0.362,0.000604953375836629,"GRCh38-LRP8","LRP8","14"
8.61038826011603e-09,-0.65052914784958,0.648,0.758,0.000622548291982909,"GRCh38-AGPAT5","AGPAT5","14"
8.69390411965158e-09,-0.40988941612371,0,0.137,0.000628586655659048,"GRCm39-Hspa8","Hspa8","14"
8.84001198565621e-09,-0.387853409929001,0.562,0.37,0.000639150546586915,"GRCh38-TEX14","TEX14","14"
8.94479954080176e-09,-0.433320958943567,0.005,0.144,0.000646726896399049,"GRCm39-Gabarap","Gabarap","14"
8.96379377924803e-09,-0.342644854292022,0,0.137,0.000648100217827191,"GRCm39-Rps25","Rps25","14"
8.97711334629514e-09,-0.409726699823212,0.01,0.153,0.000649063249163832,"GRCm39-Rpl26","Rpl26","14"
9.03498896236925e-09,-0.254056860733356,0.929,0.765,0.000653247771957222,"GRCh38-SMC4","SMC4","14"
9.08394095343121e-09,0.302071925934492,0.719,0.532,0.000656787098814983,"GRCh38-ZMYM5","ZMYM5","14"
9.11564370090762e-09,0.280303979224751,0.514,0.337,0.000659079270863023,"GRCh38-UBA7","UBA7","14"
9.25126690679872e-09,0.266206146908635,0.952,0.845,0.000668885099895361,"GRCh38-KRIT1","KRIT1","14"
9.55038709190615e-09,0.311138571736953,0.719,0.553,0.000690512087518998,"GRCh38-THAP6","THAP6","14"
9.55553495892182e-09,0.28716647822703,0.967,0.823,0.000690884288599965,"GRCh38-TPT1-AS1","TPT1-AS1","14"
9.59714873370444e-09,0.299869523619872,0.952,0.855,0.000693893047744299,"GRCh38-SLC25A43","SLC25A43","14"
9.68494354122017e-09,-0.376494039219333,0.005,0.144,0.0007002407879173,"GRCm39-Rpl35a","Rpl35a","14"
9.72152739357547e-09,-0.387421387632488,0.005,0.145,0.000702885873610294,"GRCm39-Rplp0","Rplp0","14"
9.73700363096037e-09,-0.37877933601124,0.005,0.144,0.000704004836525697,"GRCm39-Serf2","Serf2","14"
9.89607447770453e-09,-0.380967321803313,0.005,0.144,0.000715505976886993,"GRCm39-Rps7","Rps7","14"
9.96740572513607e-09,0.352142511719213,1,0.923,0.000720663368738788,"GRCh38-CMBL","CMBL","14"
9.98923953566798e-09,-0.550999337708985,0.49,0.642,0.000722241996907867,"GRCh38-ERLIN1","ERLIN1","14"
1.00635562833815e-08,0.265384366585195,0.7,0.532,0.000727615246401048,"GRCh38-MMP25-AS1","MMP25-AS1","14"
1.03091343709214e-08,-1.50215534153221,0.024,0.172,0.000745371033286357,"GRCh38-IL1A","IL1A","14"
1.0316201009791e-08,-0.358070901457919,0.105,0.276,0.000745881965409912,"GRCh38-KCNG1","KCNG1","14"
1.03482391869653e-08,0.340146312354218,0.829,0.721,0.000748198389695966,"GRCh38-HPS3","HPS3","14"
1.03852294351973e-08,-0.358700780891857,0,0.136,0.000750872858623637,"GRCm39-Rpl9","Rpl9","14"
1.06045974011947e-08,-0.445622272271268,0.019,0.164,0.000766733601301177,"GRCm39-Rps19","Rps19","14"
1.07019074252921e-08,-0.462298132557865,0.005,0.144,0.000773769310663468,"GRCm39-Litaf","Litaf","14"
1.07797506714633e-08,-0.614884584652543,0.062,0.221,0.000779397533048141,"GRCm39-Ctss","Ctss","14"
1.07962871180546e-08,-0.679128479109848,0.705,0.797,0.000780593151209584,"GRCh38-BCAT1","BCAT1","14"
1.09660706357807e-08,-0.956416092088435,0.162,0.335,0.000792868839108213,"GRCh38-KLF5","KLF5","14"
1.10134581824294e-08,0.265950198147031,0.714,0.52,0.000796295053506008,"GRCh38-TMEM187","TMEM187","14"
1.10749298576577e-08,-0.447924775021249,0,0.135,0.00080073957856837,"GRCm39-Cdkn1a","Cdkn1a","14"
1.10965053329044e-08,-0.501588440122023,0.014,0.158,0.000802299528579656,"GRCm39-Atp6v0c","Atp6v0c","14"
1.11501465927828e-08,0.30811935728151,0.705,0.539,0.00080617789895138,"GRCh38-CCDC7","CCDC7","14"
1.12143324677282e-08,-0.969694213516386,0.595,0.365,0.000810818666081685,"GRCh38-CD36","CD36","14"
1.12392084535358e-08,0.397824206923441,0.867,0.741,0.000812617249607548,"GRCh38-TMTC1","TMTC1","14"
1.12669690592225e-08,0.391402261346793,0.957,0.866,0.000814624396919903,"GRCh38-ALOX12-AS1","ALOX12-AS1","14"
1.13011308791387e-08,-0.866982747366347,0.014,0.157,0.000817094364823485,"GRCh38-MYBL2","MYBL2","14"
1.1437542649877e-08,0.306503258078772,0.819,0.646,0.000826957208671407,"GRCh38-TMEM91","TMEM91","14"
1.14740190476937e-08,0.296378172843559,0.657,0.478,0.000829594525186349,"GRCh38-CRELD1","CRELD1","14"
1.15443570869348e-08,0.250421220898684,0.429,0.264,0.000834680106099562,"GRCh38-FOXF2","FOXF2","14"
1.1805112448984e-08,-0.578474787246362,0.505,0.655,0.000853533240286438,"GRCh38-LDLRAD3","LDLRAD3","14"
1.18775082487217e-08,0.3201152685522,0.971,0.909,0.000858767601399078,"GRCh38-GOLM2","GOLM2","14"
1.18935907438078e-08,0.303334968875636,0.914,0.784,0.00085993039795879,"GRCh38-CREBZF","CREBZF","14"
1.2274919707337e-08,0.455025171045545,0.738,0.59,0.00088750124467988,"GRCh38-CDH2","CDH2","14"
1.24501132664899e-08,-0.679190509705733,0.357,0.512,0.000900168089393752,"GRCh38-MTFP1","MTFP1","14"
1.26320840482272e-08,-1.276540076805,0.433,0.577,0.000913324940854924,"GRCh38-PCLAF","PCLAF","14"
1.26836717689186e-08,-0.539130660131751,0.952,0.953,0.000917054836236354,"GRCh38-CDV3","CDV3","14"
1.28111179437926e-08,0.267761096618775,0.862,0.715,0.000926269449572092,"GRCh38-KEAP1","KEAP1","14"
1.29121960341393e-08,-0.684633284853176,1,0.975,0.00093357759766034,"GRCh38-GPX1","GPX1","14"
1.29733678553557e-08,-0.292668717084792,0.105,0.285,0.000938000442677926,"GRCh38-SORD","SORD","14"
1.32711999374116e-08,0.29926904163573,0.352,0.201,0.000959534297874731,"GRCh38-C2orf88","C2orf88","14"
1.3284895485632e-08,0.329183527227488,0.857,0.728,0.000960524513402166,"GRCh38-PRPF3","PRPF3","14"
1.33151754388041e-08,-0.604836493310181,0.019,0.164,0.000962713814576412,"GRCh38-XDH","XDH","14"
1.34810096549374e-08,0.273600953535476,0.59,0.409,0.000974703960071281,"GRCh38-C15orf39","C15orf39","14"
1.35289973401997e-08,-0.361820673406959,0,0.134,0.000978173565691115,"GRCm39-Tspo","Tspo","14"
1.36391594884623e-08,-0.378247466865718,0.005,0.142,0.000986138509334804,"GRCm39-Ptma","Ptma","14"
1.36707412774348e-08,-0.514715644812449,0.048,0.203,0.000988421935841094,"GRCh38-CDCA7","CDCA7","14"
1.39069383747215e-08,0.341557171174105,0.943,0.851,0.00100549945836911,"GRCh38-LYPLAL1","LYPLAL1","14"
1.42126255111096e-08,0.293366735746696,0.438,0.273,0.00102760124970425,"GRCh38-LINC02984","LINC02984","14"
1.43051026306221e-08,0.330826235780565,0.595,0.394,0.00103428753039924,"GRCh38-ENSG00000254186","ENSG00000254186","14"
1.4352766100547e-08,-1.93486059594816,0.529,0.623,0.00103773369460175,"GRCh38-SFN","SFN","14"
1.49610124698847e-08,-0.795816454937618,0.205,0.372,0.00108171112359761,"GRCh38-DELEC1","DELEC1","14"
1.50290612003971e-08,0.2834928574874,0.405,0.25,0.00108663118291111,"GRCh38-ENSG00000242861","ENSG00000242861","14"
1.50553953023435e-08,-0.445232757840795,0.005,0.142,0.00108853519115004,"GRCm39-Msrb1","Msrb1","14"
1.5103859443305e-08,0.260989665335668,0.729,0.561,0.00109203924546984,"GRCh38-KRBOX5","KRBOX5","14"
1.51410309844593e-08,-0.461904664125954,0.005,0.142,0.00109472682223837,"GRCm39-Plin2","Plin2","14"
1.52826960007511e-08,0.288769044792974,0.862,0.699,0.00110496948624631,"GRCh38-YJU2B","YJU2B","14"
1.53407562721571e-08,-0.369117951377647,0.176,0.36,0.0011091673599895,"GRCh38-GCAT","GCAT","14"
1.5394761443562e-08,0.308132115925375,0.8,0.638,0.00111307204189242,"GRCh38-FAM151B-DT","FAM151B-DT","14"
1.54646365939685e-08,0.298236438480026,0.967,0.832,0.00111812415501711,"GRCh38-RFTN1","RFTN1","14"
1.59118739905718e-08,0.313443056927329,0.643,0.461,0.00115046031326632,"GRCh38-YPEL2","YPEL2","14"
1.64216324324453e-08,-1.22362765945964,0.01,0.148,0.00118731686813066,"GRCh38-PI3","PI3","14"
1.64787479386806e-08,-0.439602376367104,0.005,0.14,0.00119144643346249,"GRCm39-Mif","Mif","14"
1.68362861815432e-08,0.252148639371736,0.671,0.49,0.00121729716349793,"GRCh38-SKIC2","SKIC2","14"
1.69055382798286e-08,-0.359095251431267,0.005,0.14,0.00122230422870817,"GRCm39-Rpl24","Rpl24","14"
1.70670158710222e-08,0.261599358360533,0.929,0.817,0.00123397938150664,"GRCh38-EPS15","EPS15","14"
1.72575104457997e-08,-0.473448888040291,0.014,0.156,0.00124775252025221,"GRCm39-Cyba","Cyba","14"
1.74238640048684e-08,0.26281696971164,0.624,0.447,0.00125978021528,"GRCh38-ENSG00000279168","ENSG00000279168","14"
1.74759726894766e-08,-0.427798414627067,0.005,0.14,0.00126354777739453,"GRCm39-Clec4e","Clec4e","14"
1.74923669584312e-08,-0.316063044050001,0.962,0.876,0.00126473311582849,"GRCh38-ARL6IP1","ARL6IP1","14"
1.74954183189663e-08,0.266772793216578,0.967,0.878,0.0012649537352979,"GRCh38-PDLIM2","PDLIM2","14"
1.76432254212143e-08,-0.562116371875957,0.11,0.274,0.00127564048440464,"GRCh38-MYOZ2","MYOZ2","14"
1.77465621228862e-08,0.308758905533485,0.457,0.301,0.00128311193460892,"GRCh38-SBNO1-AS1","SBNO1-AS1","14"
1.7823706385063e-08,0.255857889946178,0.848,0.71,0.00128868961905283,"GRCh38-TAB2","TAB2","14"
1.79134869228086e-08,0.263046351351285,0.757,0.593,0.00129518093149291,"GRCh38-INPP4B","INPP4B","14"
1.79844885270684e-08,-0.532829650535629,0.538,0.673,0.0013003144894841,"GRCh38-NAT10","NAT10","14"
1.79867137817343e-08,-0.624030117230565,0.662,0.746,0.00130047537984696,"GRCh38-DAZAP1","DAZAP1","14"
1.81101110333439e-08,0.259204446273939,0.962,0.846,0.00130939724793283,"GRCh38-CBFA2T2","CBFA2T2","14"
1.81538299306389e-08,0.302915966929728,0.648,0.495,0.00131255821164505,"GRCh38-JHY","JHY","14"
1.81740262349109e-08,-0.508117533638305,0.648,0.757,0.00131401844483653,"GRCh38-IMP4","IMP4","14"
1.82001014085002e-08,-0.354175354353153,0.005,0.14,0.00131590373203738,"GRCm39-Rpl23a","Rpl23a","14"
1.83267878629909e-08,-0.408644217586158,0.01,0.148,0.00132506341606997,"GRCm39-Rps3a1","Rps3a1","14"
1.83483913719297e-08,0.261335145418665,0.848,0.679,0.00132662539297326,"GRCh38-ZSWIM7","ZSWIM7","14"
1.8485112641303e-08,-0.391927423692015,0.01,0.148,0.00133651061419149,"GRCm39-Rpl36","Rpl36","14"
1.85667139236519e-08,-4.378929938528,0.495,0.588,0.00134241055010788,"GRCh38-S100A2","S100A2","14"
1.86569898605596e-08,0.332806985292292,0.79,0.646,0.00134893768089818,"GRCh38-N4BP2L1","N4BP2L1","14"
1.8801749057683e-08,0.274616004305583,0.286,0.148,0.00135940406036859,"GRCh38-ZFP14","ZFP14","14"
1.88470001195518e-08,1.1945734403881,0.21,0.103,0.00136267580264383,"GRCh38-HS6ST3","HS6ST3","14"
1.90982036432375e-08,0.364692263685767,0.876,0.775,0.00138083831981336,"GRCh38-ARHGEF28","ARHGEF28","14"
1.91347056315263e-08,-0.48982296207574,0.6,0.722,0.00138347748657061,"GRCh38-SNHG1","SNHG1","14"
1.92251946922748e-08,0.319324328398152,0.729,0.587,0.00139002002664085,"GRCh38-DHRS4","DHRS4","14"
1.93652132159773e-08,0.288808405984364,0.233,0.113,0.00140014364594159,"GRCh38-CYP1B1","CYP1B1","14"
1.96193187625977e-08,0.286436391620583,0.857,0.735,0.00141851598517334,"GRCh38-COPS4","COPS4","14"
1.96394269878496e-08,0.413197082967598,0.671,0.525,0.0014199698500755,"GRCh38-TOX2","TOX2","14"
1.97606265640944e-08,0.298907620160452,0.614,0.438,0.00142873282183716,"GRCh38-YIPF1","YIPF1","14"
1.98727771623665e-08,0.355201627423187,0.324,0.186,0.00143684153439342,"GRCh38-ABCG2","ABCG2","14"
1.99405235174626e-08,-0.529597746247826,0.99,0.941,0.00144173973135958,"GRCh38-LARS1","LARS1","14"
1.99589448564397e-08,0.299532451063075,0.462,0.295,0.0014430716310103,"GRCh38-WBP2NL","WBP2NL","14"
2.00128164965729e-08,0.255725761567872,0.771,0.593,0.00144696665833521,"GRCh38-TFE3","TFE3","14"
2.00987342907624e-08,-0.439492310850609,0.671,0.784,0.0014531786866907,"GRCh38-SLX9","SLX9","14"
2.06412491671565e-08,0.356518770966624,0.471,0.31,0.00149240359728375,"GRCh38-TXK","TXK","14"
2.07454369055528e-08,0.418328349118427,0.729,0.545,0.00149993657914528,"GRCh38-ODAD2","ODAD2","14"
2.08396166153949e-08,-0.324973487541482,0,0.131,0.00150674596052628,"GRCm39-Rps28","Rps28","14"
2.09922110787144e-08,-0.507945076624876,0.776,0.829,0.00151777884541321,"GRCh38-ADSL","ADSL","14"
2.1187572604056e-08,-0.542712960122884,0.533,0.683,0.00153190387441845,"GRCh38-ALG3","ALG3","14"
2.18005857074586e-08,0.265820058084141,0.943,0.84,0.00157622594782067,"GRCh38-RC3H1","RC3H1","14"
2.20211566806299e-08,-0.547017829303003,0.671,0.732,0.00159217367032291,"GRCh38-PDCD11","PDCD11","14"
2.2122063366258e-08,0.766581895458996,0.157,0.064,0.00159946942550719,"GRCh38-LINC03051","LINC03051","14"
2.25077701821919e-08,-0.382492377573446,0.01,0.145,0.00162735679971284,"GRCm39-Rps4x","Rps4x","14"
2.25507050377279e-08,0.272582097337128,0.29,0.156,0.00163046107563781,"GRCh38-H1-10-AS1","H1-10-AS1","14"
2.27653797850101e-08,0.260379634126787,0.462,0.287,0.0016459824892158,"GRCh38-ZNF594","ZNF594","14"
2.2786314228522e-08,-0.38156048426685,0.005,0.139,0.0016474960913506,"GRCm39-Ppia","Ppia","14"
2.28434834075525e-08,-0.471597485975907,0.724,0.806,0.00165162953733286,"GRCh38-SNX10","SNX10","14"
2.29280360164354e-08,0.25792759263957,0.2,0.089,0.00165774286006032,"GRCh38-CSRNP3","CSRNP3","14"
2.29951086203206e-08,0.274623380169027,0.552,0.376,0.00166259234346642,"GRCh38-ATP1A1-AS1","ATP1A1-AS1","14"
2.35899925962731e-08,0.28176947410817,0.69,0.52,0.00170560364469574,"GRCh38-GARRE1","GARRE1","14"
2.39106585560935e-08,-0.373739966552472,0.01,0.145,0.00172878843492267,"GRCm39-Rpl34","Rpl34","14"
2.40067965327193e-08,0.387299513420091,0.41,0.252,0.00173573940290867,"GRCh38-PRKAA2","PRKAA2","14"
2.40133554227283e-08,0.382439254336024,0.362,0.211,0.0017362136237741,"GRCh38-NEB","NEB","14"
2.43078134885526e-08,0.250878692083977,0.905,0.721,0.00175750353084933,"GRCh38-ABCB7","ABCB7","14"
2.45652359892215e-08,0.357815505098707,0.724,0.557,0.00177611569249269,"GRCh38-CACNG8","CACNG8","14"
2.46394883134009e-08,0.368357410317709,0.476,0.303,0.00178148428403551,"GRCh38-SLCO6A1","SLCO6A1","14"
2.46601448114799e-08,-0.860086389597863,0.033,0.18,0.00178297779015962,"GRCh38-PPP4R4","PPP4R4","14"
2.4941847169142e-08,-0.385851955015004,0,0.13,0.00180334543402331,"GRCm39-Lmnb1","Lmnb1","14"
2.49661436396343e-08,0.312036361788162,0.738,0.59,0.00180510211743284,"GRCh38-ERCC4","ERCC4","14"
2.51697884479298e-08,-0.674654568683266,0.99,0.963,0.00181982604436222,"GRCh38-LCP1","LCP1","14"
2.52214215814228e-08,-0.345950979922143,0.133,0.302,0.00182355922318003,"GRCh38-TFAP4","TFAP4","14"
2.54607573722513e-08,0.258677902501475,0.629,0.439,0.00184086367952851,"GRCh38-LINC02482","LINC02482","14"
2.55748464816175e-08,0.378458888760421,0.771,0.628,0.00184911255031391,"GRCh38-ENSG00000287042","ENSG00000287042","14"
2.57241256083213e-08,0.268203345324001,0.762,0.593,0.00185990572973285,"GRCh38-EDEM3","EDEM3","14"
2.60728449442666e-08,0.264237091171721,0.771,0.624,0.00188511883516037,"GRCh38-ERCC3","ERCC3","14"
2.62786203350927e-08,-0.934306896842498,0.667,0.755,0.00189999680746787,"GRCh38-BASP1","BASP1","14"
2.67145372587575e-08,0.295917135974041,0.533,0.364,0.00193151447288268,"GRCh38-ATP6AP1-DT","ATP6AP1-DT","14"
2.68924508318808e-08,-0.866436786265407,0.105,0.266,0.00194437798004664,"GRCh38-SERPINB5","SERPINB5","14"
2.73264171689662e-08,0.291479526651906,0.729,0.565,0.00197575461415059,"GRCh38-TMEM50B","TMEM50B","14"
2.81194576935407e-08,0.261429583425972,0.981,0.907,0.00203309303015838,"GRCh38-SNHG19","SNHG19","14"
2.84776850532579e-08,0.336011314782035,0.619,0.423,0.00205899358472065,"GRCh38-ENSG00000253108","ENSG00000253108","14"
2.91092681471763e-08,-0.731506033647977,0.948,0.928,0.00210465830557714,"GRCh38-ATP5MC1","ATP5MC1","14"
2.91819397347787e-08,0.270800200699939,0.824,0.673,0.00210991260670397,"GRCh38-DERA","DERA","14"
2.92711741516593e-08,-0.453027299782588,0.014,0.151,0.00211636443351327,"GRCm39-Calm1","Calm1","14"
2.94241263767796e-08,0.322594278744544,0.59,0.44,0.00212742318529392,"GRCh38-NR2F2","NR2F2","14"
2.95526732397442e-08,-0.386399769479879,0.01,0.143,0.00213671738057999,"GRCm39-Rps5","Rps5","14"
2.95760145337979e-08,-0.640108932874348,0.705,0.77,0.00213840500282266,"GRCh38-DCAF13","DCAF13","14"
2.97642097378418e-08,0.251787946844449,0.948,0.866,0.00215201189246543,"GRCh38-SUPT20H","SUPT20H","14"
3.13512042740128e-08,-0.495457930178919,0.043,0.191,0.00226675477141967,"GRCh38-BDKRB1","BDKRB1","14"
3.15384682415071e-08,0.349608915698149,0.276,0.145,0.00228029433079745,"GRCh38-LINC01320","LINC01320","14"
3.16450994212338e-08,0.253546432151885,0.524,0.354,0.00228800397835405,"GRCh38-TLCD5","TLCD5","14"
3.17505188449074e-08,0.315511774432142,0.276,0.143,0.00229562601352449,"GRCh38-NR2F1-AS1","NR2F1-AS1","14"
3.18478643718066e-08,0.252478993030984,0.457,0.291,0.00230266428981036,"GRCh38-KBTBD3","KBTBD3","14"
3.19071671020801e-08,-0.368012098006535,1,0.967,0.0023069519958146,"GRCh38-GAS5","GAS5","14"
3.2305903186568e-08,-0.358899169756279,0.01,0.144,0.00233578141219524,"GRCm39-Rps26","Rps26","14"
3.31291969598837e-08,0.262132109216214,0.148,0.058,0.00239530719859351,"GRCh38-ENSG00000231918","ENSG00000231918","14"
3.31999355497982e-08,-0.394614687891371,0.014,0.152,0.00240042174012151,"GRCm39-Rpl6","Rpl6","14"
3.40559507637131e-08,-2.10107116513435,0.062,0.211,0.00246231335211798,"GRCh38-MKI67","MKI67","14"
3.43486074487081e-08,-0.706539780331962,0.157,0.332,0.00248347301575649,"GRCh38-KIF26B","KIF26B","14"
3.50495217183484e-08,-0.501614970861815,0.048,0.197,0.00253415051928002,"GRCh38-TMEM40","TMEM40","14"
3.61267667087568e-08,-0.792701066760539,0.024,0.162,0.00261203748657653,"GRCh38-STOM","STOM","14"
3.62567864105581e-08,-0.556858595748923,0.229,0.395,0.00262143817105617,"GRCh38-CHEK2","CHEK2","14"
3.70916693617551e-08,-0.705832029331273,0.019,0.156,0.00268180187819362,"GRCh38-BUB1","BUB1","14"
3.78539812917888e-08,0.259678308060721,0.614,0.407,0.00273691855535891,"GRCh38-FAM133A","FAM133A","14"
3.83703269584252e-08,0.329688896966489,0.752,0.604,0.00277425137974806,"GRCh38-TMEM63A","TMEM63A","14"
3.88221499265467e-08,0.278655927064133,0.695,0.529,0.00280691908398918,"GRCh38-EML2","EML2","14"
3.89595045758284e-08,-0.406604318998229,0.01,0.142,0.00281685009984155,"GRCm39-Wfdc21","Wfdc21","14"
3.91948837559823e-08,0.337702573921604,0.767,0.597,0.00283386848532503,"GRCh38-LIX1-AS1","LIX1-AS1","14"
3.9544398009746e-08,0.267808301549838,0.224,0.109,0.00285913906490066,"GRCh38-PSCA","PSCA","14"
3.96115323299641e-08,-0.398970105325843,0.014,0.149,0.00286399301052107,"GRCm39-Rps3","Rps3","14"
3.96158135369212e-08,0.274680801045727,0.643,0.447,0.00286430255034647,"GRCh38-PRDM10","PRDM10","14"
3.96774208106471e-08,-0.578945156669398,0.71,0.777,0.00286875687945141,"GRCh38-MDN1","MDN1","14"
4.01477239794692e-08,0.252154937622884,0.986,0.896,0.00290276073916358,"GRCh38-ANO5","ANO5","14"
4.06628401433528e-08,0.26704513945145,0.89,0.755,0.0029400046680447,"GRCh38-RAB30-DT","RAB30-DT","14"
4.12939987033258e-08,0.315531392410761,0.876,0.742,0.00298563869424786,"GRCh38-FASTKD1","FASTKD1","14"
4.13705650421231e-08,0.387873016977129,0.329,0.19,0.00299117459367558,"GRCh38-SYNPO2","SYNPO2","14"
4.13908123142165e-08,-0.340938271158401,0.005,0.134,0.00299263851194249,"GRCm39-Cox4i1","Cox4i1","14"
4.15856999939898e-08,-0.393338713077027,0,0.126,0.00300672928096545,"GRCm39-Slfn4","Slfn4","14"
4.25837689887959e-08,-0.508370183438877,0.648,0.736,0.00307889166542792,"GRCh38-HEATR1","HEATR1","14"
4.30803651962789e-08,0.311736728919243,0.819,0.661,0.00311479656442136,"GRCh38-ADCY9","ADCY9","14"
4.39597941115743e-08,0.332974825031303,0.762,0.624,0.00317838103385505,"GRCh38-VSIG10","VSIG10","14"
4.41971377299767e-08,0.267807276512073,0.719,0.554,0.00319554145215278,"GRCh38-ENSG00000283103","ENSG00000283103","14"
4.45537289162819e-08,-0.353422247851139,0.01,0.141,0.00322132370810502,"GRCm39-Rps24","Rps24","14"
4.4830773375815e-08,-0.375019882348868,0.01,0.141,0.00324135457661818,"GRCm39-Gpx1","Gpx1","14"
4.50455898303803e-08,-1.24466335803865,0.038,0.18,0.00325688623591616,"GRCh38-CDC20","CDC20","14"
4.51510846714826e-08,-0.572034967100867,0.157,0.327,0.00326451372391754,"GRCh38-EYA2","EYA2","14"
4.53826548764855e-08,0.286916460875347,0.79,0.647,0.00328125671287965,"GRCh38-ATN1","ATN1","14"
4.60586294674834e-08,0.324155458388674,0.9,0.758,0.00333013102775799,"GRCh38-LINC02615","LINC02615","14"
4.64075567048947e-08,0.267853085807356,0.233,0.116,0.0033553591648773,"GRCh38-SOCS2-AS1","SOCS2-AS1","14"
4.64675911076398e-08,-0.686670224367758,0.852,0.864,0.00335969977226457,"GRCh38-FADS3","FADS3","14"
4.65713239400648e-08,0.293633911736368,0.671,0.516,0.00336719986351457,"GRCh38-ZNF611","ZNF611","14"
4.70641671435572e-08,0.408866755063563,0.114,0.04,0.00340283341281347,"GRCh38-ENSG00000286432","ENSG00000286432","14"
4.7115930027782e-08,0.316792475626923,0.776,0.634,0.0034065759728687,"GRCh38-SERTAD2","SERTAD2","14"
4.71333904749866e-08,-0.363305113292609,0.195,0.37,0.00340783839812248,"GRCh38-WDR4","WDR4","14"
4.73272076593881e-08,-0.738124944535327,0.971,0.946,0.00342185176818908,"GRCh38-PRELID1","PRELID1","14"
4.84305889814056e-08,0.267228858618593,0.248,0.127,0.00350162844453359,"GRCh38-PXDNL","PXDNL","14"
4.93263799685755e-08,0.261606342353041,0.952,0.826,0.00356639592448795,"GRCh38-PCNX4","PCNX4","14"
4.95812565093993e-08,0.255364473163707,0.981,0.896,0.00358482400814259,"GRCh38-OS9","OS9","14"
4.96803400361065e-08,-0.386204988644637,0.005,0.132,0.00359198794529057,"GRCm39-Hspa5","Hspa5","14"
5.04908136968731e-08,0.255439263639442,0.867,0.714,0.00365058681191132,"GRCh38-COG6","COG6","14"
5.17601677033785e-08,0.299184234800523,0.805,0.658,0.00374236364528967,"GRCh38-TEKT4P2","TEKT4P2","14"
5.18653067908244e-08,-0.320206238037672,0.005,0.132,0.00374996541159018,"GRCm39-Rpl14","Rpl14","14"
5.2315803232446e-08,-0.35874207674994,0.01,0.14,0.00378253720531231,"GRCm39-Rpl38","Rpl38","14"
5.24070018261846e-08,-0.332694093040658,0.005,0.132,0.0037891310460368,"GRCm39-Rpl7","Rpl7","14"
5.26916686865465e-08,-0.684620260935802,0.767,0.807,0.00380971302937468,"GRCh38-CSE1L","CSE1L","14"
5.34335497284973e-08,-1.02770086212155,0.014,0.146,0.00386335251246981,"GRCh38-CEP55","CEP55","14"
5.34342287907464e-08,-0.424828615156304,0.281,0.456,0.00386340161002855,"GRCh38-RPP40","RPP40","14"
5.42096990005319e-08,0.363614093270898,0.367,0.212,0.00391946965713646,"GRCh38-CALCRL","CALCRL","14"
5.56853184397679e-08,-0.835407685844498,0.905,0.91,0.0040261598938321,"GRCh38-TCP1","TCP1","14"
5.65043542469209e-08,0.265912596791972,0.548,0.366,0.00408537782076087,"GRCh38-ENSG00000227496","ENSG00000227496","14"
5.67108148894261e-08,-0.596515923156039,0.024,0.161,0.00410030533813528,"GRCh38-TNIP3","TNIP3","14"
5.76569204102907e-08,-0.558365076118504,0.39,0.536,0.00416871065950484,"GRCh38-PTDSS1","PTDSS1","14"
5.83245785637048e-08,-0.379174758655607,0,0.124,0.00421698367931298,"GRCm39-Hdc","Hdc","14"
5.99640496785905e-08,-0.501843345749542,0.01,0.14,0.00433552071986145,"GRCm39-Antxr2","Antxr2","14"
6.07112214167768e-08,0.305454589417567,0.719,0.548,0.00438954273087579,"GRCh38-ALS2","ALS2","14"
6.08692750087793e-08,-0.58239291609873,0.071,0.221,0.00440097032168476,"GRCm39-Hmgb1","Hmgb1","14"
6.09148034983743e-08,0.296417681119605,0.452,0.295,0.00440426212253946,"GRCh38-EPCAM-DT","EPCAM-DT","14"
6.12757086402641e-08,0.307797716452252,0.448,0.288,0.00443035628610838,"GRCh38-ENSG00000240291","ENSG00000240291","14"
6.13800134245513e-08,-0.340413999037368,0.1,0.261,0.00443789773062191,"GRCh38-MEGF6","MEGF6","14"
6.15925127808844e-08,0.274091775532883,0.762,0.588,0.0044532618590835,"GRCh38-TGFB2","TGFB2","14"
6.2906481747824e-08,0.318813838737797,0.624,0.461,0.00454826444333117,"GRCh38-NAAA","NAAA","14"
6.31607489649844e-08,0.25220455900971,0.962,0.864,0.0045666484716663,"GRCh38-KATNBL1","KATNBL1","14"
6.37002467231015e-08,0.300543706883073,0.467,0.303,0.00460565523857369,"GRCh38-ZNF449","ZNF449","14"
6.40923062288541e-08,-0.334092958454569,0.01,0.14,0.00463400192495861,"GRCm39-Rpl30","Rpl30","14"
6.41112206285023e-08,-0.359274328412188,0,0.123,0.00463536947388197,"GRCm39-Lilrb4a","Lilrb4a","14"
6.46352571215489e-08,-0.411579649203131,0.081,0.237,0.00467325836040223,"GRCh38-CCDC88C","CCDC88C","14"
6.48179029133145e-08,-0.874793839043193,0.986,0.967,0.00468646401643846,"GRCh38-IL32","IL32","14"
6.4846397879402e-08,-0.301688854974824,0,0.123,0.00468852425947653,"GRCm39-Oaz1","Oaz1","14"
6.66723162989958e-08,-0.398525420316458,0,0.123,0.00482054181305,"GRCm39-Dock2","Dock2","14"
6.67040985490907e-08,-2.00502424723348,0.133,0.288,0.00482283973329635,"GRCh38-NDRG1","NDRG1","14"
6.72593336118145e-08,-0.352771046418249,0.005,0.13,0.00486298433880141,"GRCm39-Rpl10","Rpl10","14"
6.76792769175226e-08,-0.988883444189631,0.929,0.932,0.00489334707969072,"GRCh38-MYO1B","MYO1B","14"
6.7794376753409e-08,-0.556643365883545,0.481,0.625,0.00490166902802498,"GRCh38-UTP4","UTP4","14"
6.78215286282848e-08,0.286299535427499,0.481,0.324,0.00490363216288225,"GRCh38-ZNF155","ZNF155","14"
6.8545176398149e-08,-1.09050017127844,0.957,0.953,0.00495595334393897,"GRCh38-FSCN1","FSCN1","14"
6.93570368957968e-08,0.3814882561148,0.519,0.363,0.0050146524816399,"GRCh38-PER3","PER3","14"
6.97774489603744e-08,-0.375896638618218,0.219,0.391,0.00504504911473299,"GRCh38-BYSL","BYSL","14"
7.08928739298829e-08,-0.453814336868016,0.014,0.145,0.00512569657087839,"GRCm39-Grina","Grina","14"
7.10666700980546e-08,-0.546818090600909,0.233,0.401,0.00513826238142954,"GRCh38-ENSG00000251670","ENSG00000251670","14"
7.30626501780413e-08,0.263941210749191,0.905,0.793,0.00528257573317275,"GRCh38-FAM230C","FAM230C","14"
7.46766067767172e-08,-0.547793749886173,0.933,0.889,0.00539926802317021,"GRCh38-RPF2","RPF2","14"
7.5211907348917e-08,-0.457801547972833,0.41,0.557,0.00543797132514139,"GRCh38-UTP25","UTP25","14"
7.57277765995644e-08,0.301363866579732,0.376,0.228,0.00547526970370171,"GRCh38-ENSG00000203279","ENSG00000203279","14"
7.57440039820467e-08,0.252624781078323,0.843,0.677,0.00547644297590994,"GRCh38-HAGH","HAGH","14"
7.6607335234361e-08,0.293847870375375,0.505,0.35,0.00553886355211477,"GRCh38-PLXNB3-AS1","PLXNB3-AS1","14"
7.70281157960135e-08,-0.514951397786274,1,0.962,0.00556928682828337,"GRCh38-SNU13","SNU13","14"
7.70309685259899e-08,-0.357201659380282,0.01,0.137,0.00556949308636612,"GRCm39-Psap","Psap","14"
7.71326066002804e-08,-0.309492230014513,0.005,0.13,0.00557684172241347,"GRCm39-Rpl15","Rpl15","14"
7.95964405311787e-08,-0.381404521048454,0.005,0.129,0.00575498184328528,"GRCm39-Stfa2","Stfa2","14"
8.11073752991796e-08,-0.421521288219629,0.005,0.13,0.00586422544888128,"GRCm39-Fos","Fos","14"
8.16601599061361e-08,0.285147905833817,0.9,0.791,0.00590419288153345,"GRCh38-STX17","STX17","14"
8.32515372111064e-08,-0.387797022941927,0.01,0.138,0.00601925264343742,"GRCm39-Picalm","Picalm","14"
8.38851941862544e-08,-0.781083742320145,0.181,0.347,0.00606506731005457,"GRCh38-PCAT1","PCAT1","14"
8.4079641806537e-08,-0.507244122514836,0.01,0.137,0.00607912626189624,"GRCm39-Igf1r","Igf1r","14"
8.49284247230611e-08,-0.400606341836556,0.005,0.129,0.00614049496432676,"GRCm39-Jun","Jun","14"
8.76337424264035e-08,-0.397139110176274,0.986,0.949,0.00633609484491383,"GRCh38-EIF3D","EIF3D","14"
8.79137666539883e-08,0.271420972401718,0.767,0.633,0.00635634115661666,"GRCh38-ETAA1","ETAA1","14"
8.85951883302046e-08,-0.316438105564617,0.138,0.305,0.00640560930665045,"GRCh38-TWNK","TWNK","14"
9.00505590876313e-08,0.349342773274479,0.552,0.384,0.00651083552315392,"GRCh38-LMCD1","LMCD1","14"
9.01235895753286e-08,0.25283730114517,0.752,0.576,0.00651611577347541,"GRCh38-STRADA","STRADA","14"
9.02486647910285e-08,0.26615290166587,0.786,0.64,0.00652515896172094,"GRCh38-PSMD10","PSMD10","14"
9.05890199849141e-08,0.327089295962458,0.814,0.672,0.00654976732294926,"GRCh38-PROS1","PROS1","14"
9.12773667363166e-08,-1.78656098726584,0.019,0.15,0.00659953616976916,"GRCh38-KRT5","KRT5","14"
9.14180344068555e-08,-0.641646399693979,0.329,0.475,0.00660970672368446,"GRCh38-PNP","PNP","14"
9.14660926096946e-08,0.318221083965028,0.829,0.739,0.00661318142786614,"GRCh38-ABLIM1","ABLIM1","14"
9.16349049217132e-08,-1.40034868197153,0.167,0.319,0.00662538689564971,"GRCh38-SERPINA1","SERPINA1","14"
9.24714740448653e-08,0.250536958775137,0.738,0.572,0.00668587251639185,"GRCh38-CASD1","CASD1","14"
9.26460299635109e-08,-1.22753873253627,0.476,0.609,0.00669849325842177,"GRCh38-ICAM1","ICAM1","14"
9.28330467820217e-08,0.337286253279263,0.519,0.365,0.00671201494843373,"GRCh38-EPB41L1","EPB41L1","14"
9.39788432634069e-08,-0.379842486421098,0.005,0.128,0.00679485832563085,"GRCm39-Ly6e","Ly6e","14"
9.44873729169836e-08,-0.368894976936326,0,0.12,0.00683162603664375,"GRCm39-Marcksl1","Marcksl1","14"
9.54193739728311e-08,0.278693356211303,0.967,0.867,0.00689901157698363,"GRCh38-CCDC122","CCDC122","14"
9.56376416563464e-08,0.27375324917312,0.41,0.253,0.00691479276703716,"GRCh38-ROM1","ROM1","14"
9.59090799226842e-08,-0.999800315973579,0.405,0.554,0.00693441829656992,"GRCh38-SLC39A8","SLC39A8","14"
9.81627310848214e-08,0.267795718550999,0.805,0.649,0.00709736178289476,"GRCh38-ZNF84","ZNF84","14"
9.93358527184649e-08,-0.562837475286155,0.624,0.72,0.00718218082325045,"GRCh38-TSR1","TSR1","14"
1.00728099976613e-07,0.252609962577703,0.857,0.736,0.00728284308450905,"GRCh38-DCAF5","DCAF5","14"
1.00766056449359e-07,-0.797801565717876,0.605,0.699,0.00728558741340152,"GRCh38-UBE2E2","UBE2E2","14"
1.02575646496533e-07,-0.348060837310256,0.052,0.199,0.00741642439299234,"GRCh38-ABLIM2","ABLIM2","14"
1.03063309080024e-07,0.257339615739056,0.671,0.513,0.00745168337310388,"GRCh38-TCP11L1","TCP11L1","14"
1.03245046127895e-07,-0.66784602541613,0.01,0.134,0.00746482332513906,"GRCh38-SHCBP1","SHCBP1","14"
1.03298794632641e-07,-0.367883910611453,0.005,0.127,0.0074687094495292,"GRCm39-Slpi","Slpi","14"
1.0386285159418e-07,0.269342092371066,0.514,0.357,0.00750949189596238,"GRCh38-DTX3","DTX3","14"
1.05450510722494e-07,0.256307735286327,0.29,0.16,0.00762428282625777,"GRCh38-EBF4","EBF4","14"
1.05647144101931e-07,-0.344459153409435,0.143,0.306,0.00763849981285779,"GRCh38-TRMT61A","TRMT61A","14"
1.0706546359778e-07,-0.522665018448698,0.281,0.432,0.00774104714904668,"GRCh38-PIEZO1","PIEZO1","14"
1.07495694493588e-07,-0.41233414458991,0.005,0.128,0.00777215370327542,"GRCm39-Pim1","Pim1","14"
1.08135122494521e-07,0.265475860805889,0.429,0.275,0.00781838562659889,"GRCh38-LINC01297","LINC01297","14"
1.09064537404005e-07,-0.736614884339826,1,0.99,0.00788558418338434,"GRCh38-YBX1","YBX1","14"
1.09869277022114e-07,0.393628251643464,0.286,0.157,0.00794376846725292,"GRCh38-ENSG00000253553","ENSG00000253553","14"
1.12038039599477e-07,0.266703233181431,0.386,0.236,0.00810057433912136,"GRCh38-ENSG00000260981","ENSG00000260981","14"
1.13158167755935e-07,0.268633751631458,1,0.967,0.00818156184508958,"GRCh38-CTSD","CTSD","14"
1.14244145052695e-07,0.250868693220442,0.829,0.673,0.00826008017559992,"GRCh38-C15orf40","C15orf40","14"
1.15278431791213e-07,0.384486757795443,0.352,0.209,0.00833486117536831,"GRCh38-QPRT","QPRT","14"
1.16199584111887e-07,0.308941986887803,0.448,0.292,0.00840146233045762,"GRCh38-KRT81","KRT81","14"
1.16430130697664e-07,0.311566176711918,0.667,0.527,0.00841813130970251,"GRCh38-UBE2Q2P2","UBE2Q2P2","14"
1.16699611964736e-07,0.274498040317131,0.938,0.842,0.00843761534427435,"GRCh38-MIB1","MIB1","14"
1.1705289663259e-07,0.280534043365241,0.919,0.82,0.00846315853232949,"GRCh38-YLPM1","YLPM1","14"
1.18629903027874e-07,-0.559398264928791,0.781,0.82,0.00857717924872133,"GRCh38-MRPS25","MRPS25","14"
1.23040961892221e-07,-0.346163052003918,0.005,0.126,0.00889610762673133,"GRCm39-Anxa2","Anxa2","14"
1.25143774353371e-07,0.319321285026175,0.686,0.527,0.0090481451732974,"GRCh38-ABTB1","ABTB1","14"
1.26717351098952e-07,-0.605579668753199,0.91,0.92,0.00916191791915641,"GRCh38-FBL","FBL","14"
1.28039128569597e-07,-0.711297632777936,0.481,0.633,0.00925748507383902,"GRCh38-MYO1E","MYO1E","14"
1.2846604371177e-07,-0.333657883818471,0,0.118,0.00928835189244839,"GRCm39-1600014C10Rik","1600014C10Rik","14"
1.29867217271539e-07,-0.798123959398866,0.048,0.186,0.00938965954316681,"GRCh38-CENPU","CENPU","14"
1.29872265871466e-07,-0.310417435761186,0.01,0.133,0.00939002456703872,"GRCm39-Rpl12","Rpl12","14"
1.32010893602482e-07,-0.587697932829534,0.957,0.929,0.00954465162924662,"GRCh38-PHB1","PHB1","14"
1.33641746683982e-07,0.332441313187716,0.81,0.635,0.00966256556874529,"GRCh38-KIF9-AS1","KIF9-AS1","14"
1.34351428921976e-07,-0.518412357728207,0.981,0.946,0.00971387701391668,"GRCh38-NDUFAF2","NDUFAF2","14"
1.36888889445226e-07,-0.593710756643165,0.962,0.946,0.0098973404846687,"GRCh38-NOP58","NOP58","14"
1.38543380402123e-07,0.311849061062279,0.805,0.687,0.0100169634898343,"GRCh38-NEK9","NEK9","14"
1.38862381936926e-07,-0.518260130359315,0.557,0.677,0.0100400279388036,"GRCh38-EMG1","EMG1","14"
1.43157414917089e-07,-0.332984727849712,0.005,0.125,0.0103505674133354,"GRCm39-Laptm5","Laptm5","14"
1.43283936541e-07,-1.50963408439187,0.029,0.163,0.0103597151797874,"GRCh38-COL1A2","COL1A2","14"
1.43507709829308e-07,0.276558615082853,0.443,0.286,0.0103758944360786,"GRCh38-VWA5A","VWA5A","14"
1.43728953115472e-07,-0.324973487541482,0,0.117,0.0103918907681549,"GRCm39-Ets2","Ets2","14"
1.44363625220788e-07,-1.1293265403194,0.262,0.424,0.0104377788307134,"GRCh38-DMD","DMD","14"
1.44700849573339e-07,0.348649241294385,0.41,0.263,0.0104621608258516,"GRCh38-ST3GAL5","ST3GAL5","14"
1.44771176819554e-07,-0.421709749038992,0.419,0.56,0.0104672456264074,"GRCh38-POLR1B","POLR1B","14"
1.46487078676247e-07,-0.434332625067388,0.486,0.631,0.01059130876245,"GRCh38-YDJC","YDJC","14"
1.46693038467942e-07,-0.759926973183111,0.986,0.967,0.0106062000673092,"GRCh38-IFI27","IFI27","14"
1.49916272964039e-07,0.348476696086368,0.514,0.357,0.010839246367846,"GRCh38-ENSG00000237773","ENSG00000237773","14"
1.51041614348557e-07,-0.25919470068846,0,0.117,0.0109206108006294,"GRCm39-Rps18","Rps18","14"
1.53369931223068e-07,-0.303809198961346,0,0.116,0.0110889527672902,"GRCm39-Gnai2","Gnai2","14"
1.54216861798994e-07,-0.769726719296135,0.995,0.976,0.0111501875417909,"GRCh38-RAN","RAN","14"
1.62562579543438e-07,-1.06438152573714,0.214,0.367,0.0117535996261496,"GRCh38-SLC22A23","SLC22A23","14"
1.62986911428995e-07,0.279739654232873,0.433,0.271,0.0117842796701392,"GRCh38-NPAS2","NPAS2","14"
1.63936262222382e-07,0.260450139634353,0.695,0.528,0.0118529196312027,"GRCh38-MIF4GD","MIF4GD","14"
1.64991452352976e-07,0.25274737644556,0.143,0.058,0.0119292119880248,"GRCh38-SNTG1","SNTG1","14"
1.659822976652e-07,0.276067190122237,0.533,0.379,0.0120008520857893,"GRCh38-RNF180","RNF180","14"
1.66221203780793e-07,1.2835431563619,0.314,0.187,0.0120181254757589,"GRCh38-LSAMP","LSAMP","14"
1.67503253691697e-07,-0.456673073181281,0.448,0.591,0.0121108202484171,"GRCh38-XPO5","XPO5","14"
1.67563598393694e-07,-0.596089541022885,0.614,0.703,0.0121151832910608,"GRCh38-WDR74","WDR74","14"
1.68905550940809e-07,0.272155882199966,0.948,0.828,0.0122122091441223,"GRCh38-SNHG18","SNHG18","14"
1.69988585548686e-07,-0.388681466440877,0.01,0.133,0.0122905147123411,"GRCm39-Spp1","Spp1","14"
1.70274503644991e-07,0.25395188242986,0.819,0.66,0.0123111871625401,"GRCh38-GARS1-DT","GARS1-DT","14"
1.71104074220635e-07,-1.3648989271896,0.338,0.479,0.0123711667743003,"GRCh38-CSTA","CSTA","14"
1.71792578710716e-07,-0.382086006103282,0.014,0.138,0.0124209470259422,"GRCm39-Lrg1","Lrg1","14"
1.72023898853137e-07,-0.408776264665925,0.005,0.123,0.0124376719348795,"GRCm39-Hbb-bs","Hbb-bs","14"
1.72162487605259e-07,-0.570339830213986,0.767,0.82,0.0124476921788354,"GRCh38-TRAP1","TRAP1","14"
1.73736810065983e-07,-0.257144495410967,0,0.116,0.0125615188413907,"GRCm39-Rpl31","Rpl31","14"
1.76833242060027e-07,-0.838054113616584,0.886,0.904,0.012785397067424,"GRCh38-STK17A","STK17A","14"
1.78527921958009e-07,-0.32800355490148,0.005,0.123,0.0129079258134079,"GRCm39-Cfl1","Cfl1","14"
1.78971165626041e-07,0.266997902468712,0.748,0.598,0.012939973217094,"GRCh38-TTC8","TTC8","14"
1.79332845781096e-07,-1.01069394734167,0.038,0.171,0.0129661234156648,"GRCh38-FAT2","FAT2","14"
1.80108169544887e-07,-0.347506254240497,0.005,0.123,0.0130221808744344,"GRCm39-Tpi1","Tpi1","14"
1.85247440161031e-07,-0.341451971412058,0.014,0.14,0.0133937604185229,"GRCm39-Rack1","Rack1","14"
1.87014400915058e-07,0.314420675119015,0.967,0.877,0.0135215152149606,"GRCh38-LINC01876","LINC01876","14"
1.92578694976951e-07,-0.452887875728996,0.971,0.957,0.0139238248042235,"GRCh38-APEX1","APEX1","14"
1.95041445087984e-07,0.348345636266404,0.695,0.54,0.0141018865627514,"GRCh38-STK39","STK39","14"
1.95375008963976e-07,-0.853875385265662,0.133,0.28,0.0141260038981134,"GRCh38-LMNB1","LMNB1","14"
1.95905194623617e-07,0.337708301444333,0.524,0.371,0.0141643373816768,"GRCh38-ZNF235","ZNF235","14"
1.9900453598425e-07,-0.347502905404729,0,0.115,0.0143884259607333,"GRCm39-Acod1","Acod1","14"
2.00329353548484e-07,-0.272654386199041,0.038,0.176,0.0144842129202625,"GRCh38-KRT80","KRT80","14"
2.0287308036865e-07,0.250227589062042,0.776,0.591,0.0146681294568141,"GRCh38-ARL4A","ARL4A","14"
2.03625069154805e-07,-1.53160648009987,0.024,0.152,0.0147224997500307,"GRCh38-GJB2","GJB2","14"
2.03729574852851e-07,0.303654385689411,0.548,0.399,0.0147300557210109,"GRCh38-ALDH6A1","ALDH6A1","14"
2.0907421383805e-07,-1.29848587035749,0.024,0.151,0.0151164838089187,"GRCh38-TREM1","TREM1","14"
2.11685154572172e-07,-0.564488635197203,0.314,0.493,0.0153052600458772,"GRCh38-GPNMB","GPNMB","14"
2.14394628116205e-07,-0.399204633213012,0.1,0.254,0.0155011604020579,"GRCh38-ENSG00000258561","ENSG00000258561","14"
2.16406966073774e-07,0.434576015917773,0.619,0.462,0.015646656461066,"GRCh38-CHSY3","CHSY3","14"
2.18277291460093e-07,0.330895203709005,0.719,0.573,0.0157818847271476,"GRCh38-ZER1","ZER1","14"
2.20204531706328e-07,-0.364172047912142,0,0.114,0.0159212280514309,"GRCm39-Spag9","Spag9","14"
2.2432428253569e-07,-0.347576187818191,0.014,0.136,0.0162190942758955,"GRCh38-SLC37A2","SLC37A2","14"
2.31424186843454e-07,0.26149092432216,0.662,0.495,0.0167324315571554,"GRCh38-WDR5B-DT","WDR5B-DT","14"
2.31633315250411e-07,-0.393152016856658,0.448,0.597,0.0167475519592352,"GRCh38-TOP1MT","TOP1MT","14"
2.32164466111863e-07,0.287842531514293,0.714,0.571,0.0167859552288199,"GRCh38-TBCEL","TBCEL","14"
2.32246602100312e-07,-0.711741808978006,0.257,0.417,0.0167918938250567,"GRCh38-ISG20","ISG20","14"
2.34224548652112e-07,-0.345092010845911,0,0.113,0.016934903316645,"GRCm39-Plaur","Plaur","14"
2.34531823235335e-07,-0.330631588189589,0.01,0.13,0.0169571198835612,"GRCm39-Gng5","Gng5","14"
2.43224887751992e-07,-0.950236539136482,0.014,0.136,0.0175856458342445,"GRCh38-ABTB3","ABTB3","14"
2.43412230853696e-07,-0.341548728398171,0,0.113,0.0175991911151839,"GRCm39-Ccl3","Ccl3","14"
2.44015622439179e-07,-0.336083265252329,0.152,0.312,0.0176428175335975,"GRCh38-PM20D2","PM20D2","14"
2.44458712632189e-07,0.268415503540478,0.929,0.852,0.0176748538407326,"GRCh38-SPECC1","SPECC1","14"
2.47289712750818e-07,-0.386789927248089,0,0.113,0.0178795408113096,"GRCm39-Alcam","Alcam","14"
2.48015326596957e-07,-0.296293255120879,0.005,0.121,0.0179320041436132,"GRCm39-Npc2","Npc2","14"
2.49953154484452e-07,-0.39285498054908,0.257,0.418,0.0180721129755349,"GRCh38-AJUBA","AJUBA","14"
2.52741338370241e-07,-0.352444288501891,0.014,0.136,0.0182737042468451,"GRCm39-Cd63","Cd63","14"
2.58805359124854e-07,0.328256166160347,0.652,0.487,0.0187121450754452,"GRCh38-MKRN3","MKRN3","14"
2.59319766259103e-07,-0.705933221854054,0.89,0.886,0.0187493377400657,"GRCh38-FBXO32","FBXO32","14"
2.60461171648419e-07,-1.75197911468233,0.219,0.381,0.018831863632524,"GRCh38-TENM2","TENM2","14"
2.62475629174282e-07,-0.998027484941656,0.295,0.448,0.018977512940559,"GRCh38-CXCL11","CXCL11","14"
2.62993401211434e-07,0.334606783827219,0.81,0.697,0.0190149488943891,"GRCh38-LMO4","LMO4","14"
2.65329114143268e-07,0.29151583485692,0.733,0.598,0.0191838256107866,"GRCh38-DBT","DBT","14"
2.71224935116416e-07,0.252866065305042,0.862,0.729,0.0196101052587871,"GRCh38-SLC38A9","SLC38A9","14"
2.75151970623455e-07,0.337283714089321,0.757,0.616,0.019894037780017,"GRCh38-TTC21B","TTC21B","14"
2.75817633627e-07,0.251813754954339,0.89,0.734,0.0199421665464994,"GRCh38-NMI","NMI","14"
2.75905565526772e-07,-0.312038970007756,0.005,0.12,0.0199485241987166,"GRCm39-Cstb","Cstb","14"
2.84461075420015e-07,-0.510103249817801,0.581,0.679,0.020567104675018,"GRCh38-IMPDH1","IMPDH1","14"
2.85580581428518e-07,-0.351815239413043,0.005,0.12,0.0206480471984447,"GRCm39-Sparc","Sparc","14"
2.8625218280085e-07,0.27339788575544,0.733,0.598,0.0206966053208671,"GRCh38-PHF11","PHF11","14"
2.89966966738136e-07,-0.522677893730126,0.99,0.936,0.0209651916291007,"GRCh38-MRPL12","MRPL12","14"
2.95165983709695e-07,0.253706296414986,0.629,0.47,0.0213410909541783,"GRCh38-INPPL1","INPPL1","14"
2.99194600769081e-07,0.251965750233862,0.529,0.366,0.0216323680248061,"GRCh38-ZSWIM4","ZSWIM4","14"
3.07096248820242e-07,0.27295414147302,0.8,0.687,0.0222036729822011,"GRCh38-CTDSP1","CTDSP1","14"
3.10938071867291e-07,0.275881162901079,0.743,0.581,0.0224814444721489,"GRCh38-ARMCX5-GPRASP2","ARMCX5-GPRASP2","14"
3.12039138484707e-07,0.262816052105889,0.924,0.797,0.0225610537907213,"GRCh38-ITSN2","ITSN2","14"
3.19533683944211e-07,0.287881247867758,0.619,0.461,0.0231029244165344,"GRCh38-SH2B3","SH2B3","14"
3.19860021101407e-07,-0.953053128555312,0.219,0.37,0.0231265192456739,"GRCh38-HELLS","HELLS","14"
3.2232638723333e-07,-0.504389927964487,0.01,0.127,0.0233048424497442,"GRCh38-MDFI","MDFI","14"
3.23078591052341e-07,-0.293209998304691,0.01,0.127,0.0233592282902663,"GRCm39-Rpl27","Rpl27","14"
3.24871719126946e-07,-0.612796706572896,0.057,0.191,0.0234888750363165,"GRCh38-CENPM","CENPM","14"
3.24988628481943e-07,-0.28090951231813,0.005,0.119,0.0234973278165015,"GRCm39-Atp5e","Atp5e","14"
3.27961934268803e-07,-0.904593100915534,0.567,0.658,0.023712303771503,"GRCh38-ANP32E","ANP32E","14"
3.2920335009987e-07,-0.322972609921432,0.005,0.119,0.0238020606189208,"GRCm39-Sqstm1","Sqstm1","14"
3.33286060292109e-07,-0.575522511219265,0.376,0.544,0.0240972487312401,"GRCh38-FIBIN","FIBIN","14"
3.36551143038392e-07,-0.267468365347495,0,0.111,0.0243333207439618,"GRCm39-mt-Cytb","mt-Cytb","14"
3.38911015538248e-07,-0.423280095815315,0.595,0.684,0.0245039442454464,"GRCh38-ST6GALNAC4","ST6GALNAC4","14"
3.39358358490298e-07,0.271508304554221,0.367,0.227,0.0245362880355656,"GRCh38-ENSG00000250075","ENSG00000250075","14"
3.41257097943204e-07,0.278991367440715,0.786,0.669,0.0246735706954896,"GRCh38-KMT2B","KMT2B","14"
3.42123166324635e-07,-0.724886668279356,0.024,0.147,0.0247361891716038,"GRCh38-TTK","TTK","14"
3.43506321881167e-07,-0.421220328237081,0.476,0.614,0.0248361940846521,"GRCh38-IL15RA","IL15RA","14"
3.4483507891566e-07,-0.273262261085276,0,0.111,0.0249322658757601,"GRCm39-Cotl1","Cotl1","14"
3.48294320760992e-07,0.268415346109515,0.338,0.201,0.0251823759796612,"GRCh38-YWHAEP7","YWHAEP7","14"
3.51215641664558e-07,-0.443956642811334,1,0.964,0.0253935933236309,"GRCh38-VDAC2","VDAC2","14"
3.51525073898275e-07,-1.44065770934382,0.024,0.148,0.025415965892993,"GRCh38-IL1B","IL1B","14"
3.51994559426932e-07,0.284536628622065,0.529,0.364,0.0254499106356861,"GRCh38-NRCAM","NRCAM","14"
3.67963344538975e-07,-1.98977771070607,0.314,0.449,0.026604485736857,"GRCh38-CXCL2","CXCL2","14"
3.71947411044725e-07,-1.23555043290957,0.19,0.343,0.0268925417133557,"GRCh38-HOMER1","HOMER1","14"
3.73031858450498e-07,-0.315565966690812,0.01,0.126,0.0269709494296879,"GRCm39-Arpc3","Arpc3","14"
3.77806779956511e-07,-0.373864392244473,0.438,0.581,0.0273161858044157,"GRCh38-RBM38","RBM38","14"
3.85292310530311e-07,0.299497761611894,0.557,0.409,0.0278574046359626,"GRCh38-NIPA1","NIPA1","14"
3.87771093560989e-07,0.261310457731452,0.638,0.481,0.0280366256066466,"GRCh38-MPPE1","MPPE1","14"
3.95227398219489e-07,-0.29430461065848,0.005,0.117,0.0285757313460655,"GRCm39-Slfn2","Slfn2","14"
4.04605441138134e-07,-0.345156353680677,0,0.109,0.0292537826051693,"GRCh38-NIPAL4","NIPAL4","14"
4.06431403890958e-07,0.257822594308022,0.862,0.783,0.0293858033641241,"GRCh38-KIAA2026","KIAA2026","14"
4.11989356819118e-07,-0.29320984320827,0.005,0.118,0.0297876544767359,"GRCm39-Cdc42","Cdc42","14"
4.14371457344221e-07,-0.449249842363474,0.543,0.673,0.0299598851089018,"GRCh38-DESI1","DESI1","14"
4.1636529855042e-07,-0.258542222356919,0.005,0.117,0.0301040438157925,"GRCm39-Rps6","Rps6","14"
4.19342908668484e-07,-0.38069017375581,0.01,0.125,0.0303193309825487,"GRCm39-Lyn","Lyn","14"
4.21518997273088e-07,-1.80905457789529,0.076,0.211,0.0304766665408388,"GRCh38-CLCA2","CLCA2","14"
4.22542673060324e-07,-0.258374968168446,0,0.109,0.0305506803476076,"GRCm39-Ucp2","Ucp2","14"
4.27041772628523e-07,-1.69240844028767,0.276,0.425,0.0308759742445875,"GRCh38-CCNB1","CCNB1","14"
4.27283260312997e-07,0.263561880764216,0.814,0.699,0.0308934342871503,"GRCh38-XRCC1","XRCC1","14"
4.27344367848215e-07,0.251970859730483,0.529,0.364,0.0308978524841617,"GRCh38-HECTD3","HECTD3","14"
4.27833057333341e-07,0.250067163100017,0.133,0.055,0.0309331857113152,"GRCh38-ENSG00000258231","ENSG00000258231","14"
4.35576175263098e-07,0.25122303141639,0.752,0.595,0.0314930286238725,"GRCh38-ZNF133","ZNF133","14"
4.48896185717729e-07,-0.5970683037266,0.51,0.621,0.0324560920197633,"GRCh38-TTF2","TTF2","14"
4.54396589539061e-07,-0.638921420234678,0.029,0.152,0.0328537822168532,"GRCh38-CDC6","CDC6","14"
4.70631233171059e-07,-0.381753124902677,0.148,0.311,0.0340275794207339,"GRCh38-BCL2","BCL2","14"
4.75542566708438e-07,0.270301209910929,0.443,0.283,0.0343826786581535,"GRCh38-ENSG00000229642","ENSG00000229642","14"
4.81255574642376e-07,-0.394213749712612,0.01,0.124,0.0347957405577931,"GRCm39-Egr1","Egr1","14"
4.8580025012707e-07,0.25858974194836,0.676,0.521,0.0351243296846874,"GRCh38-ZNF708","ZNF708","14"
4.89663543457551e-07,-0.560243931767805,1,0.995,0.0354036535190678,"GRCh38-PTMA","PTMA","14"
4.93109213355589e-07,0.260958953195074,0.929,0.827,0.0356527823440358,"GRCh38-IFT81","IFT81","14"
4.95266448903387e-07,-0.899556960258522,0.057,0.189,0.0358087547886127,"GRCh38-CDCA2","CDCA2","14"
4.97941096161375e-07,-0.627607310701213,0.305,0.449,0.0360021371346597,"GRCh38-RASSF6","RASSF6","14"
5.07658916660625e-07,0.272326224531712,0.586,0.441,0.0367047549923965,"GRCh38-ZNF586","ZNF586","14"
5.08205609506268e-07,0.288162393392573,0.533,0.382,0.0367442819785222,"GRCh38-PCTP","PCTP","14"
5.11151600691028e-07,-0.462815074135151,0.057,0.191,0.0369572830331627,"GRCh38-PSG4","PSG4","14"
5.11967303195788e-07,-0.265701855234015,0,0.108,0.0370162599556619,"GRCm39-Lamp1","Lamp1","14"
5.20050620601952e-07,-0.603724845794761,0.024,0.144,0.0376006999707623,"GRCh38-TROAP","TROAP","14"
5.22487177924599e-07,-0.728246323165507,0.162,0.315,0.0377768679383043,"GRCh38-COL4A1","COL4A1","14"
5.26375567348598e-07,0.258472098991705,0.395,0.25,0.0380580062704383,"GRCh38-APOLD1","APOLD1","14"
5.27991678984993e-07,-0.543898171636211,0.024,0.144,0.038174854373973,"GRCh38-UBASH3B","UBASH3B","14"
5.39914582734128e-07,-0.519230112317121,0.695,0.774,0.0390369041608429,"GRCh38-MRPL15","MRPL15","14"
5.43721455302844e-07,-0.316996470059826,0.01,0.123,0.0393121486613062,"GRCm39-Sat1","Sat1","14"
5.58304504173897e-07,-0.317369271116657,0.005,0.115,0.0403665322607811,"GRCm39-Lilrb4b","Lilrb4b","14"
5.61107662590768e-07,0.297554132915258,0.843,0.736,0.0405692062206377,"GRCh38-TTBK2","TTBK2","14"
5.73499127676265e-07,-0.348209337587367,0.367,0.526,0.0414651339292493,"GRCh38-TRMT1","TRMT1","14"
5.78347503483336e-07,-0.440762413743639,0.557,0.671,0.0418156811968521,"GRCh38-GSDME","GSDME","14"
5.87277121499216e-07,-0.470962990270515,0.41,0.54,0.0424613104386363,"GRCh38-HMGB1P1","HMGB1P1","14"
5.95838501764059e-07,-1.63650660782898,0.224,0.364,0.043080315354545,"GRCh38-TNFAIP3","TNFAIP3","14"
6.00215261828613e-07,0.274818451973521,0.81,0.727,0.0433967638607324,"GRCh38-ATAD2B","ATAD2B","14"
6.01339827109379e-07,-1.45163171024026,0.052,0.186,0.0434780721796623,"GRCh38-CXCL10","CXCL10","14"
6.03380893808134e-07,-0.417040779029252,0.152,0.301,0.0436256453841157,"GRCh38-SMTN","SMTN","14"
6.07248361862792e-07,-0.307411071137025,0.01,0.122,0.0439052710594036,"GRCm39-Map1lc3b","Map1lc3b","14"
6.10094329435551e-07,-0.462402713299017,0.429,0.574,0.0441110402068492,"GRCh38-EHD4","EHD4","14"
6.11138474513627e-07,-0.476711075657395,0.038,0.163,0.0441865339842842,"GRCh38-FOXM1","FOXM1","14"
6.14162259723436e-07,-0.26863751214224,0.01,0.123,0.0444051597025239,"GRCm39-Lgals1","Lgals1","14"
6.17381042026596e-07,-0.485845197289463,0.543,0.642,0.0446378841006069,"GRCh38-RIOK1","RIOK1","14"
6.19761188475485e-07,-0.574105604828222,0.171,0.324,0.0448099734491545,"GRCh38-SOCS1","SOCS1","14"
6.2826091851393e-07,-0.990746574024731,0.029,0.149,0.0454245209303942,"GRCh38-CLSPN","CLSPN","14"
6.3187387045342e-07,-0.812501115660382,0.929,0.921,0.0456857445815232,"GRCh38-PALM2AKAP2","PALM2AKAP2","14"
6.33110838702592e-07,-0.317515992262836,0,0.106,0.0457751798598748,"GRCm39-Xylt1","Xylt1","14"
6.39248136621774e-07,0.285965057084217,0.576,0.422,0.0462189187740275,"GRCh38-CSAD","CSAD","14"
6.42825453108708e-07,-0.293009413680703,0,0.106,0.0464775659106658,"GRCm39-Hcar2","Hcar2","14"
6.52041263360907e-07,-0.749417527491649,0.424,0.55,0.0471438874235203,"GRCh38-ABHD5","ABHD5","14"
6.59703435825214e-07,-0.432626679754003,0.405,0.554,0.0476978778170346,"GRCh38-ENOPH1","ENOPH1","14"
6.60803433313531e-07,-0.27893526015524,0.01,0.122,0.0477774098354349,"GRCm39-Sh3bgrl3","Sh3bgrl3","14"
6.64603761710699e-07,0.299888137390252,0.433,0.287,0.048052181179207,"GRCh38-SERTAD4","SERTAD4","14"
6.65963959182522e-07,-0.344707587285943,0.21,0.366,0.0481505261768147,"GRCh38-CCDC169","CCDC169","14"
6.75937256697941e-07,0.28252053440896,0.624,0.483,0.0488716155337745,"GRCh38-NPHP1","NPHP1","14"
7.00238765481379e-07,-0.895185024368519,0.376,0.504,0.0506286632218347,"GRCh38-SLC39A14","SLC39A14","14"
7.0588041878885e-07,-0.269402250458769,0,0.105,0.0510365660392714,"GRCm39-Atf3","Atf3","14"
7.13903433552919e-07,0.417020796304416,0.486,0.333,0.0516166460527431,"GRCh38-SYT1","SYT1","14"
7.32210684804207e-07,-0.251971882369638,0,0.105,0.0529402969327138,"GRCm39-Arpc1b","Arpc1b","14"
7.32560737718862e-07,-0.422366282966677,0.905,0.879,0.0529656064585491,"GRCh38-UTP14A","UTP14A","14"
7.35594668831638e-07,-0.295741917693231,0,0.105,0.0531849657458651,"GRCm39-Gm8797","Gm8797","14"
7.55949991858014e-07,-0.260082218960419,0,0.105,0.0546566963113181,"GRCm39-Prdx6","Prdx6","14"
7.62090246776998e-07,-0.290939932678603,0,0.105,0.0551006490224705,"GRCm39-Ccl4","Ccl4","14"
7.62169346992771e-07,-1.22391446455188,0.071,0.202,0.0551063681262714,"GRCh38-RRM2","RRM2","14"
7.64834905594796e-07,-0.598343478199488,0.21,0.364,0.055299093344315,"GRCh38-COL4A2","COL4A2","14"
7.65294040187611e-07,-0.293309259534053,0.005,0.113,0.0553322896936446,"GRCm39-Pglyrp1","Pglyrp1","14"
7.66790658905867e-07,-0.339885613902386,0.005,0.113,0.055440498220212,"GRCm39-Hba-a1","Hba-a1","14"
7.74620740070281e-07,0.26218467178034,0.862,0.768,0.0560066287485615,"GRCh38-NBR1","NBR1","14"
8.12913135184381e-07,-0.402086294146581,0.138,0.286,0.0587752455001011,"GRCh38-HTRA3","HTRA3","14"
8.15571899069813e-07,0.292136338956323,0.476,0.322,0.0589674794465456,"GRCh38-ENSG00000260058","ENSG00000260058","14"
8.16652189281308e-07,-0.98905973635224,0.024,0.141,0.0590455865894171,"GRCh38-HMMR","HMMR","14"
8.28688440561107e-07,-0.277672827164589,0.01,0.12,0.0599158316294491,"GRCm39-Ctsz","Ctsz","14"
8.33861188919117e-07,-0.756936245626251,0.019,0.134,0.06028983168123,"GRCh38-DTL","DTL","14"
8.46433260548674e-07,-0.252623761850803,0,0.104,0.0611988176041902,"GRCm39-Lamp2","Lamp2","14"
8.4877398337678e-07,-0.360502810684678,0.176,0.323,0.061368056546108,"GRCh38-CLUH","CLUH","14"
8.53616663995977e-07,-1.48353603516738,0.048,0.175,0.0617181920402371,"GRCh38-CHI3L1","CHI3L1","14"
8.70365501810779e-07,-0.442553355991852,0.267,0.409,0.0629291665119229,"GRCh38-EMSLR","EMSLR","14"
8.83039984256219e-07,-0.481193983648887,0.738,0.816,0.0638455569416931,"GRCh38-DNAJC2","DNAJC2","14"
8.90513413114387e-07,-1.144301623434,0.062,0.192,0.0643859007949964,"GRCh38-MME","MME","14"
9.11299529061043e-07,-0.718929947793467,0.019,0.136,0.0658887785501715,"GRCh38-DANT2","DANT2","14"
9.14618443999841e-07,-0.285753205268473,0,0.103,0.0661287427380765,"GRCm39-Prnp","Prnp","14"
9.29234990112244e-07,0.250167561891012,0.91,0.811,0.0671855482550954,"GRCh38-KCTD3","KCTD3","14"
9.40415630317788e-07,-0.427212652108769,0.662,0.742,0.0679939309032367,"GRCh38-PICSAR","PICSAR","14"
9.4519772838756e-07,-0.263768646240215,0.005,0.111,0.0683396861578774,"GRCm39-Rbm3","Rbm3","14"
9.52324971572703e-07,-0.296428688207067,0.01,0.119,0.0688550000946496,"GRCm39-H2-K1","H2-K1","14"
9.65269611476773e-07,-0.591167690070913,0.886,0.9,0.0697909234489937,"GRCh38-BRIX1","BRIX1","14"
9.6654279565572e-07,-0.664864392814631,0.686,0.76,0.0698829772114999,"GRCh38-GPATCH4","GPATCH4","14"
9.75880041283747e-07,-0.514578403677858,0.433,0.575,0.0705580787448975,"GRCh38-OSBPL3","OSBPL3","14"
9.76182897958183e-07,-0.313479765937555,0.005,0.111,0.0705799758881725,"GRCm39-Ubb","Ubb","14"
1.00940288379922e-06,-0.258854687025333,0.09,0.23,0.0729818473044512,"GRCh38-ALDH1B1","ALDH1B1","14"
1.01730453716816e-06,-0.271707720346482,0.005,0.111,0.0735531526463326,"GRCm39-Rap1b","Rap1b","14"
1.06458674298143e-06,-0.27386230334406,0.005,0.11,0.0769717506910436,"GRCm39-Cd53","Cd53","14"
1.09214285495407e-06,0.31440046479714,0.657,0.514,0.0789641126988891,"GRCh38-ANKRD17-DT","ANKRD17-DT","14"
1.09503050726355e-06,0.329655149648285,0.286,0.165,0.0791728957361691,"GRCh38-LINC02234","LINC02234","14"
1.10502772311181e-06,-0.261412473486941,0,0.102,0.0798957144364302,"GRCm39-Itgam","Itgam","14"
1.11733963748777e-06,0.285895250125736,0.648,0.488,0.080785890469641,"GRCh38-NIFK-AS1","NIFK-AS1","14"
1.11982133445783e-06,-0.434648623564244,0.51,0.628,0.0809653221239697,"GRCh38-FAM216A","FAM216A","14"
1.12607480424745e-06,0.321729768983708,0.657,0.544,0.0814174604966989,"GRCh38-KREMEN1","KREMEN1","14"
1.12708878974356e-06,-0.427496298679717,0.043,0.166,0.0814907736760386,"GRCh38-SYTL1","SYTL1","14"
1.12820297720305e-06,-0.290086249661336,0.005,0.11,0.0815713316577351,"GRCm39-Fbxl5","Fbxl5","14"
1.13208986185979e-06,-0.264818433183257,0.005,0.11,0.0818523611921862,"GRCm39-Rhoa","Rhoa","14"
1.14455217997946e-06,0.41394437673575,0.19,0.095,0.0827534117168752,"GRCh38-CFAP47","CFAP47","14"
1.1477581097673e-06,-0.388672187239891,0.41,0.566,0.0829852068523953,"GRCh38-ZNF121","ZNF121","14"
1.15346283768807e-06,-0.576861684538587,0.019,0.131,0.0833976700905228,"GRCh38-ASF1B","ASF1B","14"
1.17416740538056e-06,0.254918184779207,0.986,0.924,0.084894651743825,"GRCh38-ABCC3","ABCC3","14"
1.18788306714437e-06,-0.283001698599977,0,0.101,0.0858863215206721,"GRCm39-Cmip","Cmip","14"
1.19213678836686e-06,-0.276047263106917,0.005,0.109,0.0861938740725004,"GRCm39-Bsg","Bsg","14"
1.19441469450447e-06,-0.41151264221929,0.01,0.117,0.0863585712420618,"GRCh38-KCNQ3","KCNQ3","14"
1.24110227990571e-06,-0.680260598672824,0.324,0.461,0.0897341770417425,"GRCh38-TM4SF19","TM4SF19","14"
1.24632195376187e-06,-0.561591795488698,0.429,0.569,0.0901115699008907,"GRCh38-COL27A1","COL27A1","14"
1.2470661344497e-06,-0.340780883564876,0.01,0.117,0.0901653756529822,"GRCm39-Nlrp3","Nlrp3","14"
1.25545745719043e-06,-0.261598924702905,0.005,0.109,0.0907720850697823,"GRCm39-mt-Nd1","mt-Nd1","14"
1.26123923793252e-06,-0.866131839151983,0.648,0.715,0.0911901193809973,"GRCh38-RBBP8","RBBP8","14"
1.27483246172417e-06,0.378472692539821,0.648,0.526,0.0921729366475806,"GRCh38-PRKN","PRKN","14"
1.28300177882071e-06,-0.268215084359567,0,0.101,0.0927635946122948,"GRCm39-Rsrp1","Rsrp1","14"
1.28734924159309e-06,-0.344733499725139,0.876,0.89,0.0930779248656633,"GRCh38-EPB41L4A-AS1","EPB41L4A-AS1","14"
1.2955773709264e-06,-0.556155329750583,0.743,0.784,0.0936728350727202,"GRCh38-RUVBL2","RUVBL2","14"
1.31234545737784e-06,-0.534195925034082,0.243,0.385,0.0948852012593328,"GRCh38-CDCA7L","CDCA7L","14"
1.32045174725986e-06,0.320282738595343,0.862,0.75,0.0954713022303826,"GRCh38-FBXO17","FBXO17","14"
1.33327568678982e-06,-0.28027332218384,0.005,0.109,0.0963984987062777,"GRCm39-Ecm1","Ecm1","14"
1.34435821299234e-06,-0.42892314787848,0.129,0.267,0.0971997875157722,"GRCh38-WNT7B","WNT7B","14"
1.36312530787333e-06,0.32237367302306,0.519,0.375,0.0985566860098575,"GRCh38-LINC01117","LINC01117","14"
1.37087781691887e-06,0.250163815482485,0.795,0.665,0.0991172079188681,"GRCh38-MTFMT","MTFMT","14"
1.38741608310827e-06,-1.30230465441256,1,0.974,0.100312957640894,"GRCh38-FN1","FN1","14"
1.38852034747416e-06,0.255545122453053,0.59,0.447,0.100392798163077,"GRCh38-SGPP1","SGPP1","14"
1.38870346815073e-06,0.274468968982266,0.8,0.676,0.100406038154234,"GRCh38-MTERF4","MTERF4","14"
1.39155400114314e-06,-0.250289358895778,0,0.1,0.100612137390651,"GRCm39-Msn","Msn","14"
1.39178895144929e-06,0.413214915844116,0.505,0.362,0.100629124767687,"GRCh38-PODNL1","PODNL1","14"
1.40120426469257e-06,-0.936524735291707,0.133,0.267,0.101309870745802,"GRCh38-CENPW","CENPW","14"
1.40650057655799e-06,-0.327691259159843,1,0.963,0.101692804686296,"GRCh38-SNHG8","SNHG8","14"
1.41304207370866e-06,-0.499698188345236,0.367,0.499,0.102165768013283,"GRCh38-HSPG2","HSPG2","14"
1.42611441545281e-06,0.26070283802076,0.686,0.563,0.103110924466069,"GRCh38-MOB1B","MOB1B","14"
1.43815902892201e-06,-1.13461369359343,0.976,0.958,0.103981774109119,"GRCh38-TUBA1C","TUBA1C","14"
1.44150726618797e-06,-0.945686423089184,0.286,0.425,0.104223858359922,"GRCh38-HILPDA","HILPDA","14"
1.44995045127004e-06,-0.456336185985621,0.238,0.396,0.104834317527727,"GRCh38-BDKRB2","BDKRB2","14"
1.46423110072546e-06,-0.272213631013726,0,0.1,0.105866837044652,"GRCm39-Smox","Smox","14"
1.46438636760441e-06,-0.297036885282847,0.01,0.116,0.105878063150534,"GRCm39-Trem1","Trem1","14"
1.47347208436139e-06,-0.266915718190822,0.005,0.108,0.106534978643497,"GRCm39-Pla2g7","Pla2g7","14"
1.47818316777466e-06,-0.542920910066485,0.69,0.744,0.106875599396444,"GRCh38-FKBP11","FKBP11","14"
1.49407337409289e-06,0.271236964046641,0.524,0.373,0.108024493093664,"GRCh38-BTN2A2","BTN2A2","14"
1.50246469101477e-06,-0.282682666629508,0.005,0.108,0.10863120208975,"GRCm39-App","App","14"
1.51755215313567e-06,-0.400743924425844,0.957,0.833,0.109722055776015,"GRCh38-SIK3","SIK3","14"
1.52656006183633e-06,-1.29787936859967,0.486,0.564,0.11037334559089,"GRCh38-PLCG2","PLCG2","14"
1.53240691821825e-06,0.306191107252633,0.829,0.755,0.110796085001016,"GRCh38-AMD1","AMD1","14"
1.53564162983637e-06,0.262267235773379,0.81,0.619,0.111029961120429,"GRCh38-CCDC28A","CCDC28A","14"
1.55099537530903e-06,-0.411067237776736,0.305,0.438,0.112140067625594,"GRCh38-METTL1","METTL1","14"
1.55955066825403e-06,-0.593619745193725,0.105,0.239,0.112758632416103,"GRCh38-CDT1","CDT1","14"
1.59472368811009e-06,-0.43224294735888,0.01,0.116,0.115301712097736,"GRCh38-CCL20","CCL20","14"
1.60688940103728e-06,-0.273945532881718,0.01,0.116,0.116181317473797,"GRCm39-Atox1","Atox1","14"
1.61040558050756e-06,0.252226971885983,0.224,0.115,0.116435544281857,"GRCh38-KANK4","KANK4","14"
1.67555933681025e-06,-0.29798117691129,0.119,0.263,0.121146291170054,"GRCh38-HSPA12A","HSPA12A","14"
1.69874899447623e-06,0.255778521493078,0.752,0.635,0.12282294979862,"GRCh38-STAG3L4","STAG3L4","14"
1.7131355166375e-06,-0.414585515015538,0.69,0.743,0.123863124123925,"GRCh38-MOK","MOK","14"
1.72653437736825e-06,-0.516452535192976,0.381,0.524,0.124831888552479,"GRCh38-RANGAP1","RANGAP1","14"
1.77904550161371e-06,-0.369278377400762,0.986,0.943,0.128628547857675,"GRCh38-MYOF","MYOF","14"
1.79005534278888e-06,-0.545049212154982,0.21,0.358,0.129424581394322,"GRCh38-MCM6","MCM6","14"
1.80539933778014e-06,-0.485235136547354,0.781,0.81,0.13053398292018,"GRCh38-PAM16","PAM16","14"
1.80575718047096e-06,0.251778145292699,0.69,0.579,0.130559855662411,"GRCh38-TMUB2","TMUB2","14"
1.82127749752756e-06,-0.282417829333971,0.01,0.115,0.131682005626238,"GRCm39-Iqgap1","Iqgap1","14"
1.83096148342947e-06,-0.682124256177569,0.038,0.155,0.132382177174917,"GRCh38-CIT","CIT","14"
1.84303379859517e-06,-0.477433819812058,0.295,0.425,0.133255029706028,"GRCh38-BDH1","BDH1","14"
1.88204647416064e-06,0.27274664710543,0.676,0.522,0.136075724174763,"GRCh38-HEATR5A","HEATR5A","14"
1.88995865586036e-06,-0.458806050650007,0.129,0.273,0.136647790736016,"GRCh38-AQP3","AQP3","14"
1.9266548312462e-06,0.404041471999396,0.795,0.639,0.139300997608763,"GRCh38-CADM1","CADM1","14"
1.95060051624988e-06,-0.613775073462858,0.71,0.764,0.141032318525899,"GRCh38-EEF1E1","EEF1E1","14"
1.96304323473049e-06,-0.303349076558101,0.01,0.113,0.141931951957484,"GRCm39-Ptprc","Ptprc","14"
2.0016879426553e-06,0.319547120014065,0.786,0.649,0.144726041629864,"GRCh38-NTN4","NTN4","14"
2.01519869627473e-06,0.262253609016698,0.448,0.309,0.145702896138056,"GRCh38-ATP6V0D1-DT","ATP6V0D1-DT","14"
2.03591145395645e-06,-0.921840204128179,0.038,0.153,0.147200469943959,"GRCh38-PBK","PBK","14"
2.03901297117713e-06,-0.251512635494535,0.01,0.114,0.147424715842049,"GRCm39-Cox8a","Cox8a","14"
2.04075693133982e-06,-0.253569755773198,0.005,0.105,0.147550807649732,"GRCm39-Jund","Jund","14"
2.04816712471851e-06,-0.673937252839998,0.043,0.16,0.148086579451397,"GRCh38-RAD51AP1","RAD51AP1","14"
2.04927282499643e-06,-0.874444285207171,0.2,0.334,0.148166523792892,"GRCh38-ATAD5","ATAD5","14"
2.0523762122339e-06,-0.393455674016694,0.395,0.528,0.148390904896936,"GRCh38-SEH1L","SEH1L","14"
2.0550494054188e-06,-1.49558756683022,0.919,0.911,0.14858418211059,"GRCh38-NAMPT","NAMPT","14"
2.05846917720077e-06,-0.503444982681957,0.824,0.838,0.14883143844997,"GRCh38-POLR2H","POLR2H","14"
2.06299612256275e-06,-0.262714457394982,0.081,0.216,0.149158745653532,"GRCh38-CCR3","CCR3","14"
2.08787027675324e-06,-0.448374907289762,0.605,0.705,0.150957196749812,"GRCh38-RABGGTB","RABGGTB","14"
2.13402407398611e-06,-0.661306405570637,0.038,0.154,0.154294208597343,"GRCh38-BUB1B","BUB1B","14"
2.13499002603832e-06,-0.259510733789705,0.086,0.22,0.154364048862623,"GRCh38-ENSG00000290733","ENSG00000290733","14"
2.17799489524883e-06,0.262962891975271,0.781,0.664,0.157473386916281,"GRCh38-ENSG00000262879","ENSG00000262879","14"
2.21500203371292e-06,0.253481711658667,0.448,0.296,0.160149077041512,"GRCh38-KIAA0825","KIAA0825","14"
2.24729656888985e-06,-0.430186198479773,0.286,0.431,0.162484036523874,"GRCh38-SNHG4","SNHG4","14"
2.24942246893551e-06,-0.423195120853595,0.048,0.168,0.162637743348975,"GRCh38-GPR87","GPR87","14"
2.27683050036884e-06,-0.427798792572904,0.114,0.25,0.164619398837668,"GRCh38-LURAP1L-AS1","LURAP1L-AS1","14"
2.2920235679373e-06,-0.440765769184457,0.429,0.562,0.165717888009003,"GRCh38-TSKU","TSKU","14"
2.29880290733571e-06,-0.510805937423585,0.095,0.226,0.166208047806186,"GRCh38-PPP1R14B-AS1","PPP1R14B-AS1","14"
2.32088328507223e-06,-0.715818573484287,0.724,0.757,0.167804503277292,"GRCh38-FAM210A","FAM210A","14"
2.37839716057019e-06,-0.592558181968508,0.038,0.153,0.171962871503546,"GRCh38-ZWINT","ZWINT","14"
2.4086715483992e-06,-0.255599222019311,0.024,0.135,0.174151770292359,"GRCh38-ERVMER34-1","ERVMER34-1","14"
2.44755079409183e-06,-0.468733537720831,0.524,0.616,0.176962817514428,"GRCh38-SRPRB","SRPRB","14"
2.47093966691803e-06,-0.511218186608027,0.957,0.909,0.178653879797507,"GRCh38-C12orf75","C12orf75","14"
2.51347840568619e-06,-0.530319107475587,0.338,0.465,0.181729515687923,"GRCh38-CDCA4","CDCA4","14"
2.51688209743467e-06,-0.41115856561162,0.024,0.133,0.181975609408721,"GRCh38-NECTIN4","NECTIN4","14"
2.53095936475258e-06,-1.28438473056514,0.01,0.112,0.182993423990341,"GRCh38-ENSG00000289530","ENSG00000289530","14"
2.54957667571064e-06,0.278464192891791,0.557,0.42,0.184339492807231,"GRCh38-MAP3K12","MAP3K12","14"
2.56442942282888e-06,-0.26292148709428,0.005,0.104,0.185413376129374,"GRCm39-Mmp8","Mmp8","14"
2.58294491799101e-06,-0.459528323631788,0.295,0.433,0.186752083460586,"GRCh38-FSTL3","FSTL3","14"
2.60889882239129e-06,0.259228977191646,0.243,0.135,0.188628602656535,"GRCh38-HLX-AS1","HLX-AS1","14"
2.63159708044088e-06,-0.693336734287083,0.814,0.863,0.190269732110036,"GRCh38-MRPS6","MRPS6","14"
2.63360470432081e-06,0.288340196737555,0.595,0.438,0.190414887331803,"GRCh38-P3H3","P3H3","14"
2.66733262912301e-06,-0.359594543760925,0.229,0.369,0.192853483750852,"GRCh38-CAD","CAD","14"
2.72338977055485e-06,-0.408935568128045,0.524,0.63,0.196906527190657,"GRCh38-TBRG4","TBRG4","14"
2.75792025698789e-06,-1.12241127314113,0.148,0.279,0.199403150420739,"GRCh38-MX1","MX1","14"
2.76638735541885e-06,-0.847040909138075,0.119,0.248,0.200015338571493,"GRCh38-SH3RF2","SH3RF2","14"
2.78307410722309e-06,-0.427212482227217,0.967,0.933,0.201221824100444,"GRCh38-TMEM205","TMEM205","14"
2.84005972508516e-06,-0.630168135587447,0.51,0.596,0.205341998243107,"GRCh38-TRIB3","TRIB3","14"
2.91138352899206e-06,-0.27648385824571,0.005,0.103,0.210498851913184,"GRCh38-RAD51","RAD51","14"
2.91726902117347e-06,-0.281334377814399,0.01,0.11,0.210924384768884,"GRCm39-Rab7","Rab7","14"
2.91973583668455e-06,0.26351391434157,0.624,0.477,0.211102740463966,"GRCh38-GANC","GANC","14"
2.92263114491661e-06,-0.574448947979335,0.229,0.359,0.211312077039761,"GRCh38-DUSP5","DUSP5","14"
2.93127819107443e-06,-0.319679764361921,0.324,0.475,0.211937275771064,"GRCh38-ZBTB21","ZBTB21","14"
2.95791652715854e-06,-0.602301886797967,0.005,0.102,0.213863280746616,"GRCh38-MRGPRX3","MRGPRX3","14"
2.96085157326625e-06,-0.579376508319227,0.019,0.125,0.214075490450296,"GRCh38-ENSG00000285666","ENSG00000285666","14"
2.96980550043977e-06,0.256485765449724,0.367,0.237,0.214722877292796,"GRCh38-CD302","CD302","14"
3.02919562024866e-06,-0.40549437855738,0.005,0.102,0.219016901735219,"GRCh38-DSG3","DSG3","14"
3.04286781738683e-06,0.253084971155135,0.629,0.493,0.220005428932703,"GRCh38-ENSG00000260983","ENSG00000260983","14"
3.13877447916896e-06,0.278209815708804,0.714,0.582,0.226939672392874,"GRCh38-S100A3","S100A3","14"
3.15464809455567e-06,0.261504535247745,0.395,0.255,0.228087366532564,"GRCh38-DLG2","DLG2","14"
3.16006929586605e-06,-1.34576014348067,0.181,0.319,0.228479330229707,"GRCh38-ENSG00000286533","ENSG00000286533","14"
3.21234848928149e-06,-0.516217429964797,0.124,0.258,0.23225922047203,"GRCh38-NOTCH1","NOTCH1","14"
3.25486778177283e-06,-0.583571627155299,0.024,0.131,0.235333450357739,"GRCh38-CDCA5","CDCA5","14"
3.31648050837319e-06,-0.424870074191358,0.038,0.151,0.239788173716398,"GRCh38-XRCC2","XRCC2","14"
3.40792266729068e-06,-0.325166252378688,0.043,0.159,0.246399624690451,"GRCh38-NUAK2","NUAK2","14"
3.42632935830588e-06,-0.49143574950994,0.286,0.426,0.247730465264232,"GRCh38-ATAD3A","ATAD3A","14"
3.4604151760433e-06,0.258287815521355,0.376,0.256,0.250194938058282,"GRCh38-CFAP53","CFAP53","14"
3.49638447874626e-06,-0.25131290642416,0.01,0.109,0.252795590582312,"GRCm39-Clic1","Clic1","14"
3.5002923594552e-06,-0.905801936522194,0.024,0.13,0.25307813817333,"GRCh38-MPZL2","MPZL2","14"
3.5072762117929e-06,-0.564562330081505,0.2,0.33,0.25358308466505,"GRCh38-EEF1A2","EEF1A2","14"
3.50838224853708e-06,-0.469919104789924,0.538,0.668,0.253663053333728,"GRCh38-DNAAF5","DNAAF5","14"
3.51288114543226e-06,-0.484822191001104,0.01,0.109,0.253988332577043,"GRCh38-PKMYT1","PKMYT1","14"
3.5239464258869e-06,-0.403840783161514,0.424,0.548,0.254788374484474,"GRCh38-POLR3H","POLR3H","14"
3.54066477555265e-06,0.255631840318757,0.724,0.587,0.255997144602008,"GRCh38-SMARCAL1","SMARCAL1","14"
3.563712861635e-06,-0.307213453754495,0.052,0.17,0.257663567321934,"GRCh38-PPARGC1B","PPARGC1B","14"
3.56770527165968e-06,-0.491228179014277,0.333,0.471,0.257952226551538,"GRCh38-NFKB2","NFKB2","14"
3.65335266431268e-06,0.265101428381883,0.543,0.392,0.264144704335135,"GRCh38-ICA1L","ICA1L","14"
3.68506725593042e-06,-0.854766019977587,0.89,0.9,0.266437732738281,"GRCh38-RANBP1","RANBP1","14"
3.78499450790604e-06,-0.621597348830269,0.095,0.22,0.273662672910623,"GRCh38-MND1","MND1","14"
3.95482422416994e-06,-0.371870115553077,1,0.99,0.285941701055935,"GRCh38-RPSA","RPSA","14"
3.97047299384287e-06,-0.306339127415579,0.014,0.116,0.287073138400827,"GRCm39-Nfkbiz","Nfkbiz","14"
3.98128625381025e-06,0.252591176708849,0.886,0.789,0.287854958722989,"GRCh38-ASPHD1","ASPHD1","14"
4.01898322923407e-06,-0.259256032397956,0.005,0.1,0.290580525440082,"GRCm39-Stk17b","Stk17b","14"
4.03695693208838e-06,-0.344014551766116,0.233,0.377,0.291880060103854,"GRCh38-CDC42EP2","CDC42EP2","14"
4.04007730087469e-06,-0.461780686545397,0.048,0.162,0.292105669007842,"GRCh38-UHRF1","UHRF1","14"
4.06164583234352e-06,-0.321062271010163,0.238,0.382,0.293665116970101,"GRCh38-EEF1AKMT4","EEF1AKMT4","14"
4.06810950193705e-06,-0.476707819337468,0.214,0.361,0.294132453209052,"GRCh38-APCDD1L","APCDD1L","14"
4.08205387051499e-06,-0.255761218242866,0.01,0.108,0.295140658945974,"GRCm39-Fcgr3","Fcgr3","14"
4.16924252889466e-06,0.46936353281358,0.29,0.173,0.301444573324142,"GRCh38-SGCZ","SGCZ","14"
4.20382625293351e-06,-0.893941681284712,0.029,0.135,0.303945045739599,"GRCh38-GTSE1","GTSE1","14"
4.22147742461289e-06,-0.682205391346149,0.057,0.174,0.305221260754361,"GRCh38-MAF","MAF","14"
4.23289379567824e-06,-0.555849784900295,0.014,0.115,0.306046687215128,"GRCh38-POLQ","POLQ","14"
4.26365869703508e-06,-0.737984221169243,0.948,0.935,0.30827105111303,"GRCh38-GPI","GPI","14"
4.26748465057552e-06,-0.451691893384912,0.352,0.487,0.308547675205911,"GRCh38-IL6R","IL6R","14"
4.32221037322748e-06,-0.269046588571898,0.962,0.866,0.312504454405094,"GRCh38-PIK3R1","PIK3R1","14"
4.51142389066435e-06,-0.570022680853144,0.995,0.97,0.326184970142814,"GRCh38-PA2G4","PA2G4","14"
4.5684444537127e-06,0.365842842956934,0.49,0.358,0.330307670892336,"GRCh38-DDAH1","DDAH1","14"
4.60191650739255e-06,-0.513722922090738,0.986,0.967,0.332727767317496,"GRCh38-TARS1","TARS1","14"
4.65340189264085e-06,-1.20993863467476,0.152,0.272,0.336450263641719,"GRCh38-SDC2","SDC2","14"
4.77260417065179e-06,0.261340322122536,0.538,0.415,0.345068826746466,"GRCh38-ENSG00000237188","ENSG00000237188","14"
4.80171359049047e-06,-0.484952912740269,0.948,0.915,0.347173496019642,"GRCh38-NABP1","NABP1","14"
4.84644032174721e-06,-0.291027848367777,0.01,0.107,0.350407328142967,"GRCm39-Klf2","Klf2","14"
4.87960428480368e-06,-0.74570328203354,0.976,0.909,0.352805148999875,"GRCh38-H4C3","H4C3","14"
5.0067468954013e-06,-0.360571934474901,0.071,0.196,0.361997814031305,"GRCh38-SUSD4","SUSD4","14"
5.02338233989425e-06,0.256699702610917,0.738,0.608,0.363200589939034,"GRCh38-AASDH","AASDH","14"
5.06008459387307e-06,0.281820988618479,0.757,0.658,0.365854236306211,"GRCh38-CLEC11A","CLEC11A","14"
5.08187778685959e-06,-0.563453417353105,0.9,0.871,0.367429927745522,"GRCh38-NDUFAF8","NDUFAF8","14"
5.08779834274538e-06,-0.565617892690362,0.124,0.257,0.367857995777176,"GRCh38-SPHK1","SPHK1","14"
5.17325108214252e-06,0.263449474413198,0.486,0.34,0.374036399741069,"GRCh38-TBC1D4","TBC1D4","14"
5.18960507508405e-06,-0.25490368130717,0.881,0.768,0.375218826138727,"GRCh38-EGLN3","EGLN3","14"
5.27602029655882e-06,-0.346855641988963,0.271,0.412,0.381466819481796,"GRCh38-ZP3","ZP3","14"
5.38562334911729e-06,-0.839777887869587,0.067,0.185,0.389391339387879,"GRCh38-DPYSL3","DPYSL3","14"
5.41935663897937e-06,-0.360264957277317,0.11,0.236,0.391830323711486,"GRCh38-ZNF697","ZNF697","14"
5.47149068647048e-06,0.300967541424467,0.91,0.822,0.395599719613188,"GRCh38-ADGRL3","ADGRL3","14"
5.91488268529128e-06,-0.532034789064903,0.1,0.225,0.427657847911931,"GRCh38-CIP2A","CIP2A","14"
5.91857760046349e-06,-0.74532021790586,0.957,0.923,0.427924997668711,"GRCh38-MT1E","MT1E","14"
5.94424722301761e-06,-0.480971513934388,0.71,0.772,0.429780962718619,"GRCh38-BAG1","BAG1","14"
6.24314253137448e-06,0.283811760477425,0.414,0.284,0.451391691303437,"GRCh38-LGR6","LGR6","14"
6.31114236446604e-06,0.260566648584254,0.748,0.624,0.456308215235623,"GRCh38-KLF9","KLF9","14"
6.36570004314791e-06,-0.555109582770898,0.043,0.154,0.46025284451968,"GRCh38-COL5A3","COL5A3","14"
6.38375136879409e-06,-0.39580023054994,0.29,0.438,0.46155799146655,"GRCh38-CTSH","CTSH","14"
6.57625236745168e-06,-0.30804482012776,0.033,0.14,0.475476198671491,"GRCh38-POC1A","POC1A","14"
6.64134864165215e-06,-0.299937666604644,0.095,0.226,0.480182789488734,"GRCh38-LRRC8B","LRRC8B","14"
6.68025403019712e-06,-0.26803537169396,0.014,0.112,0.482995726891312,"GRCm39-Coro1a","Coro1a","14"
6.80280021048123e-06,-0.269086010917622,0.105,0.231,0.491856060818214,"GRCh38-MEX3A","MEX3A","14"
6.89512826119048e-06,0.279870636840374,0.448,0.314,0.498531563540594,"GRCh38-SPRY4-AS1","SPRY4-AS1","14"
6.92498570534727e-06,-0.934028944742734,0.638,0.699,0.500690316468018,"GRCh38-MICAL2","MICAL2","14"
6.98930696548741e-06,-0.428204596485783,0.448,0.564,0.505340872218671,"GRCh38-CEBPG","CEBPG","14"
7.04077363554682e-06,-0.435888469541625,0.5,0.61,0.509062015397306,"GRCh38-GNPNAT1","GNPNAT1","14"
7.07538381758239e-06,0.302181087024387,0.61,0.492,0.511564400778842,"GRCh38-ENSG00000259363","ENSG00000259363","14"
7.21481552858698e-06,-0.443459499015664,0.01,0.104,0.521645592347896,"GRCh38-ABCA13","ABCA13","14"
7.36991590416975e-06,-0.420992635251119,0.495,0.588,0.532859659703281,"GRCh38-RCL1","RCL1","14"
7.41647293588887e-06,-0.805598400414836,0.548,0.641,0.536225826210637,"GRCh38-FOSL1","FOSL1","14"
7.42669215058061e-06,-0.551566931519668,0.829,0.863,0.536964695871279,"GRCh38-AK2","AK2","14"
7.60717041319881e-06,-1.52724712200794,0.79,0.612,0.550013635215101,"GRCh38-HSPA1A","HSPA1A","14"
7.66475061683059e-06,0.271369292039936,0.629,0.488,0.554176799098086,"GRCh38-DNASE1","DNASE1","14"
7.73144240736363e-06,-0.511483070335391,0.305,0.435,0.558998748937205,"GRCh38-FAM107B","FAM107B","14"
7.89372736648979e-06,-0.392589170870401,0.267,0.403,0.570732276051945,"GRCh38-NUP205","NUP205","14"
8.02763195211804e-06,0.31714824817478,0.224,0.123,0.580413845402039,"GRCh38-LRRC4C","LRRC4C","14"
8.03347415753004e-06,-0.667892698870251,0.019,0.117,0.580836248537737,"GRCh38-CKAP2L","CKAP2L","14"
8.31333224308418e-06,-0.355144063772609,0.171,0.309,0.601070547839473,"GRCh38-DHCR7","DHCR7","14"
8.31827253165331e-06,-0.252543190500579,0.014,0.111,0.601427740583597,"GRCm39-Ctla2a","Ctla2a","14"
8.56990680877729e-06,-0.323018838833936,0.724,0.509,0.619621402088215,"GRCh38-CASC15","CASC15","14"
8.57702621347791e-06,-0.452065863656752,0.481,0.568,0.62013614928688,"GRCh38-SNHG17","SNHG17","14"
8.63319892279031e-06,-0.416507172362687,0.152,0.277,0.624197548515585,"GRCh38-DHRS13","DHRS13","14"
8.74729632822893e-06,-0.480466082859539,0.143,0.273,0.632447019123608,"GRCh38-LINC02873","LINC02873","14"
8.84186612505924e-06,0.255989093809431,0.219,0.123,0.639284604574033,"GRCh38-ENSG00000285424","ENSG00000285424","14"
8.85787613389728e-06,-1.21148428552251,0.59,0.664,0.640442160233041,"GRCh38-FRMD4B","FRMD4B","14"
8.8610434270022e-06,-1.34368801248079,0.776,0.82,0.640671161859113,"GRCh38-FAM162A","FAM162A","14"
8.91229445562283e-06,-0.366509679594379,0.452,0.581,0.644376713730442,"GRCh38-SNX8","SNX8","14"
9.06793719671183e-06,-0.790090272382818,0.295,0.416,0.655629995196659,"GRCh38-CDKN1A","CDKN1A","14"
9.21377055205064e-06,-0.375696370993314,0.529,0.356,0.666174038454365,"GRCh38-CDK1","CDK1","14"
9.43114527762405e-06,-0.780604525491739,0.029,0.129,0.681890665862774,"GRCh38-KIF14","KIF14","14"
9.50895671262668e-06,-0.392716846865238,0.067,0.183,0.687516588236334,"GRCh38-PODXL","PODXL","14"
9.56778689814775e-06,-0.866319543328003,0.776,0.824,0.691770128309878,"GRCh38-C3","C3","14"
9.66136032373574e-06,-0.750323624939191,0.276,0.413,0.698535674126742,"GRCh38-NHSL1","NHSL1","14"
9.66548857664061e-06,0.27515967282133,0.529,0.395,0.69883415506827,"GRCh38-RHPN2","RHPN2","14"
9.72727796885906e-06,-0.343621096672483,1,0.996,0.703301651704447,"GRCh38-RPS12","RPS12","14"
9.81076983796817e-06,-0.62298943874606,0.762,0.79,0.709338280824775,"GRCh38-MTHFD1L","MTHFD1L","14"
9.88682381809923e-06,0.27967109897935,0.686,0.565,0.71483713569621,"GRCh38-ZC3H6","ZC3H6","14"
9.9840910995431e-06,-0.42157290927797,0.662,0.721,0.721869754679165,"GRCh38-CREG1","CREG1","14"
1.00973531444298e-05,-0.388680848724576,0.362,0.538,0.73005882704856,"GRCh38-ENSG00000226965","ENSG00000226965","14"
1.01399122350132e-05,-0.316918204543296,0.014,0.109,0.733135934415925,"GRCh38-GPR153","GPR153","14"
1.0160284430983e-05,-0.378127011748095,0.19,0.318,0.734608884928931,"GRCh38-ATAD3B","ATAD3B","14"
1.01802314750002e-05,0.254275835169573,0.738,0.606,0.736051096105462,"GRCh38-CCDC28B","CCDC28B","14"
1.02326684525947e-05,-0.401434728326035,0.49,0.607,0.739842394459501,"GRCh38-DHX33","DHX33","14"
1.02590377454977e-05,-0.972164207422497,0.348,0.449,0.741748947074973,"GRCh38-HSPA4L","HSPA4L","14"
1.05384186627948e-05,-0.347090487434952,0.01,0.102,0.76194874615739,"GRCh38-MMP28","MMP28","14"
1.06788347530468e-05,-0.565720572065888,0.5,0.609,0.772101110314791,"GRCh38-TCOF1","TCOF1","14"
1.09105259677248e-05,0.266905916568566,0.59,0.454,0.788852848518437,"GRCh38-TFAP2C","TFAP2C","14"
1.09655381280473e-05,-0.418650889010827,0.562,0.653,0.792830337734074,"GRCh38-MIPEP","MIPEP","14"
1.11971623613829e-05,-0.362070861466235,0.01,0.1,0.809577233052706,"GRCh38-CDC45","CDC45","14"
1.14109415020249e-05,-0.591624611424098,0.433,0.543,0.825033892479408,"GRCh38-SPSB1","SPSB1","14"
1.16608004005671e-05,-0.464376006414255,0.952,0.866,0.843099190561804,"GRCh38-H1-2","H1-2","14"
1.16904029862394e-05,-0.706265856205377,0.148,0.268,0.845239516711084,"GRCh38-NCAPG2","NCAPG2","14"
1.18074845956004e-05,-0.30734919299282,0.357,0.508,0.853704751231097,"GRCh38-FUOM","FUOM","14"
1.19959940669953e-05,-0.521225652097065,0.738,0.756,0.867334363031897,"GRCh38-PAK1IP1","PAK1IP1","14"
1.23481788623172e-05,0.250365766050537,0.776,0.628,0.89279802810326,"GRCh38-ENSG00000259972","ENSG00000259972","14"
1.26632549364828e-05,-0.459241804155689,0.824,0.851,0.915578658417578,"GRCh38-ADSS2","ADSS2","14"
1.30497981806015e-05,-0.485904167734604,0.51,0.608,0.943526508053847,"GRCh38-ADARB1","ADARB1","14"
1.33471231945048e-05,-0.96382744531327,0.71,0.753,0.965023701209086,"GRCh38-MCTP2","MCTP2","14"
1.35292267564178e-05,-0.520189007240381,0.1,0.224,0.978190152942517,"GRCh38-LINC02015","LINC02015","14"
1.37881527752829e-05,-0.403809601189102,0.681,0.744,0.996911021958507,"GRCh38-RFK","RFK","14"
0.000621384673843089,-3.05408847124045,0.238,0.322,1,"GRCh38-CXCL8","CXCL8","14"
0.000185767314102719,-2.71227551821502,0.195,0.297,1,"GRCh38-CCL5","CCL5","14"
0.000115499962620633,-2.38580332993382,0.9,0.864,1,"GRCh38-ENSG00000289474","ENSG00000289474","14"
0.000258475835813953,-2.28063129352669,0.133,0.229,1,"GRCh38-CXCL3","CXCL3","14"
0.0015361306988113,-2.17509921652677,0.29,0.36,1,"GRCh38-TOP2A","TOP2A","14"
0.0180042750959832,-2.00595836669092,0.395,0.439,1,"GRCh38-CENPF","CENPF","14"
0.29035374940102,-1.91624596797176,0.781,0.687,1,"GRCh38-CDH13","CDH13","14"
0.00938634022950699,-1.87797681265047,0.176,0.236,1,"GRCh38-OASL","OASL","14"
0.128851403954156,-1.86817749032443,0.571,0.591,1,"GRCh38-KAZN","KAZN","14"
0.000179200146474018,-1.82001740187581,0.048,0.134,1,"GRCh38-CXCL1","CXCL1","14"
0.0266136436213939,-1.72017490061969,0.124,0.172,1,"GRCh38-ENSG00000231772","ENSG00000231772","14"
0.000407891971559705,-1.71525785732713,0.186,0.267,1,"GRCh38-IL33","IL33","14"
2.770992343566e-05,-1.71306837644199,0.095,0.202,1,"GRCh38-ASPM","ASPM","14"
0.910643725548416,-1.65263219677221,0.776,0.709,1,"GRCh38-ISG15","ISG15","14"
0.0127097111941995,-1.6413329191538,0.41,0.444,1,"GRCh38-TPX2","TPX2","14"
0.000221980683098158,-1.6344479386513,0.148,0.242,1,"GRCh38-ANGPTL4","ANGPTL4","14"
0.00590755660815155,-1.57347780474681,0.495,0.53,1,"GRCh38-PTTG1","PTTG1","14"
0.00232850953231785,-1.55879946249546,0.467,0.527,1,"GRCh38-AKR1C2","AKR1C2","14"
0.104791750320072,-1.5232999782937,0.343,0.268,1,"GRCh38-CFAP20DC-DT","CFAP20DC-DT","14"
7.8739629411252e-05,-1.49331138342049,0.176,0.289,1,"GRCh38-EREG","EREG","14"
0.770711495314715,-1.44954275114491,0.452,0.391,1,"GRCh38-HSPA1B","HSPA1B","14"
4.36209106526518e-05,-1.43238455924504,0.114,0.22,1,"GRCh38-UBE2C","UBE2C","14"
0.098430191741782,-1.38536421534282,0.829,0.799,1,"GRCh38-GRB10","GRB10","14"
8.86318921588935e-05,-1.34113364606316,0.162,0.265,1,"GRCh38-NT5E","NT5E","14"
0.00258796553382607,-1.33423216775447,0.214,0.283,1,"GRCh38-CA9","CA9","14"
0.237249332929826,-1.32105521998986,0.605,0.565,1,"GRCh38-MAST4","MAST4","14"
0.061023309316704,-1.23243404676611,0.657,0.521,1,"GRCh38-IFI6","IFI6","14"
0.981808443143998,-1.22456328265209,0.99,0.959,1,"GRCh38-TUBA1B","TUBA1B","14"
0.000252152050427781,-1.21189352574494,0.548,0.604,1,"GRCh38-ATF3","ATF3","14"
0.000106553866471176,1.19299949743566,0.824,0.743,1,"GRCh38-PEG10","PEG10","14"
0.40782678392056,-1.16619598301345,1,0.992,1,"GRCh38-LDHA","LDHA","14"
0.795461363979362,-1.15998338401979,0.5,0.432,1,"GRCh38-POSTN","POSTN","14"
0.267575109443049,-1.14933458003037,0.286,0.3,1,"GRCh38-CENPE","CENPE","14"
0.456595409199477,-1.14850157487493,0.376,0.302,1,"GRCh38-PGF","PGF","14"
0.103412818846161,-1.14626756103676,0.757,0.654,1,"GRCh38-ITGA6","ITGA6","14"
0.108977907622884,-1.14207045451643,0.1,0.131,1,"GRCh38-MMP13","MMP13","14"
0.00110859756204558,-1.13354834131915,0.738,0.729,1,"GRCh38-TUBB6","TUBB6","14"
0.0133518027765548,-1.13317755989139,0.848,0.815,1,"GRCh38-NFIA","NFIA","14"
0.920368717011588,-1.12961615136546,0.752,0.685,1,"GRCh38-H1-3","H1-3","14"
0.000120542107085551,-1.12952582464302,0.781,0.819,1,"GRCh38-CA12","CA12","14"
1.97427845465757e-05,-1.1289306980176,0.105,0.218,1,"GRCh38-ANLN","ANLN","14"
0.000232768597562126,-1.11917372509199,0.21,0.304,1,"GRCh38-PRC1","PRC1","14"
0.153193432746263,-1.11715641320499,0.762,0.732,1,"GRCh38-KIAA1217","KIAA1217","14"
0.00527118895630198,-1.10739517112463,0.319,0.379,1,"GRCh38-PRR11","PRR11","14"
0.0002217680331199,-1.10205354971597,0.595,0.639,1,"GRCh38-TMEM45A","TMEM45A","14"
3.67096791982607e-05,-1.08934398756346,0.1,0.208,1,"GRCh38-LINC02377","LINC02377","14"
3.56448383141376e-05,-1.08813447199639,0.038,0.131,1,"GRCh38-DLGAP5","DLGAP5","14"
0.564106226508315,-1.08730377651848,0.79,0.746,1,"GRCh38-ZC3HAV1","ZC3HAV1","14"
0.00290872941080051,-1.08729540132868,0.705,0.72,1,"GRCh38-ROS1","ROS1","14"
0.0105787225733361,-1.08677683814305,0.248,0.171,1,"GRCh38-IFIT2","IFIT2","14"
6.87643952054489e-05,-1.07298284060049,0.495,0.581,1,"GRCh38-MCC","MCC","14"
0.175799581127426,-1.05778080406602,0.41,0.411,1,"GRCh38-ADM","ADM","14"
0.250054941222251,-1.04434582227975,0.49,0.466,1,"GRCh38-RIGI","RIGI","14"
0.000295691297858997,-1.03002533381853,0.248,0.351,1,"GRCh38-NRN1","NRN1","14"
0.00410959114382922,-1.02037028021039,0.119,0.187,1,"GRCh38-KIF4A","KIF4A","14"
0.107086479353664,-1.01677736973895,0.786,0.737,1,"GRCh38-CD82","CD82","14"
0.137597411325984,-1.0108758733442,0.952,0.905,1,"GRCh38-HSPH1","HSPH1","14"
0.000179056204557078,-1.00996661132827,0.162,0.26,1,"GRCh38-CDKN3","CDKN3","14"
0.00190767923793264,-1.00573213845943,0.19,0.265,1,"GRCh38-ENSG00000259692","ENSG00000259692","14"
0.0139089141904249,-1.00292200648471,0.2,0.256,1,"GRCh38-PDE7B-AS1","PDE7B-AS1","14"
0.00177098317702713,-1.00130274361342,0.962,0.929,1,"GRCh38-BNIP3","BNIP3","14"
0.00196148884597677,-0.999753497117481,0.881,0.873,1,"GRCh38-NFKB1","NFKB1","14"
0.182290263527128,-0.995454621260857,0.119,0.145,1,"GRCh38-SPARCL1","SPARCL1","14"
0.0401550529241023,-0.993105822051993,0.214,0.26,1,"GRCh38-HLA-DRA","HLA-DRA","14"
0.450599031413933,-0.991584427337429,0.852,0.798,1,"GRCh38-STMN1","STMN1","14"
0.0167952163544672,-0.98790541529186,0.567,0.435,1,"GRCh38-NUSAP1","NUSAP1","14"
0.00394533761627318,-0.986498992446661,0.457,0.51,1,"GRCh38-PCNA","PCNA","14"
0.0944240180080975,-0.983952881574772,0.767,0.684,1,"GRCh38-HMGB2","HMGB2","14"
0.000297805754799438,-0.959179311223139,0.386,0.475,1,"GRCh38-EPB41L2","EPB41L2","14"
0.00709343818930184,-0.956269839111564,0.124,0.185,1,"GRCh38-COL17A1","COL17A1","14"
0.013002990584829,-0.956107657612637,1,0.992,1,"GRCh38-MT2A","MT2A","14"
0.00172126384632103,-0.953949736295765,0.271,0.363,1,"GRCh38-ENSG00000287474","ENSG00000287474","14"
0.196902349419992,-0.952814997743291,0.914,0.87,1,"GRCh38-PRNP","PRNP","14"
0.153954715745511,-0.95235358668826,0.105,0.132,1,"GRCh38-MSR1","MSR1","14"
6.06697578107407e-05,-0.949420852395792,0.829,0.838,1,"GRCh38-GCLM","GCLM","14"
0.00226311217181187,-0.945246287290593,0.129,0.21,1,"GRCh38-TFPI2","TFPI2","14"
0.0103409475839762,-0.934889779988412,0.143,0.204,1,"GRCh38-HLA-DRB1","HLA-DRB1","14"
0.0339355437311212,-0.934412994032328,0.29,0.336,1,"GRCh38-PMAIP1","PMAIP1","14"
0.00129240295490392,-0.933878179070013,0.81,0.778,1,"GRCh38-CREB5","CREB5","14"
3.87803210637805e-05,-0.9260809661261,0.552,0.371,1,"GRCh38-IFIT3","IFIT3","14"
0.625691937947168,-0.919030946280532,0.424,0.395,1,"GRCh38-NRG1","NRG1","14"
0.2999887585545,-0.918700416510859,0.948,0.895,1,"GRCh38-TUBB4B","TUBB4B","14"
0.0622902644434189,-0.917610705785192,0.319,0.347,1,"GRCh38-CD70","CD70","14"
4.68940893787926e-05,-0.905109494547216,0.357,0.464,1,"GRCh38-CKS1B","CKS1B","14"
0.120520083456112,-0.900278321049973,1,0.981,1,"GRCh38-PGK1","PGK1","14"
0.785926549106739,-0.897207718958799,0.91,0.848,1,"GRCh38-UBE2S","UBE2S","14"
0.0231015212055638,-0.896487015972433,0.238,0.28,1,"GRCh38-ITGB4","ITGB4","14"
0.00142143617056393,-0.895664097616625,0.29,0.365,1,"GRCh38-CENPK","CENPK","14"
0.00205232972004067,-0.891724143106577,0.252,0.322,1,"GRCh38-BRCA1","BRCA1","14"
0.0308885907776442,-0.891037172091907,0.929,0.882,1,"GRCh38-LRMDA","LRMDA","14"
1.59687261887704e-05,-0.890062257864661,0.271,0.384,1,"GRCh38-SGMS2","SGMS2","14"
0.000175578134932894,-0.886345539508269,0.262,0.362,1,"GRCh38-CENPP","CENPP","14"
0.00218385914930916,-0.882935871462869,0.51,0.544,1,"GRCh38-GFPT2","GFPT2","14"
0.016261837744414,-0.879386484066297,0.719,0.751,1,"GRCh38-SLC6A8","SLC6A8","14"
0.000134272333643562,-0.87229571372168,0.143,0.247,1,"GRCh38-AURKA","AURKA","14"
0.00149793646089189,-0.872044241936465,0.129,0.21,1,"GRCh38-DIAPH3","DIAPH3","14"
0.0968340280398236,-0.863444990806913,0.076,0.109,1,"GRCh38-SEMA4A","SEMA4A","14"
1.41588962215919e-05,-0.863215416699729,0.048,0.152,1,"GRCh38-PTHLH","PTHLH","14"
0.000756189903096112,-0.862099122654343,0.062,0.137,1,"GRCh38-LAPTM5","LAPTM5","14"
0.00157300395551945,-0.860767869744638,0.852,0.844,1,"GRCh38-SLC16A1","SLC16A1","14"
0.800840738102095,-0.860464316119344,0.157,0.145,1,"GRCh38-PTGS2","PTGS2","14"
2.67527664173164e-05,-0.858151273355016,0.995,0.969,1,"GRCh38-APOE","APOE","14"
4.88697786101414e-05,-0.855350800798592,0.024,0.111,1,"GRCh38-INHBA","INHBA","14"
0.00125093667467942,-0.854855873984394,0.91,0.885,1,"GRCh38-DDIT4","DDIT4","14"
0.00130885799842879,-0.850811314551773,0.919,0.915,1,"GRCh38-S100A16","S100A16","14"
0.163664537978096,-0.845041319787693,0.676,0.637,1,"GRCh38-ITPR1","ITPR1","14"
0.761187845602387,-0.844013548559726,0.743,0.665,1,"GRCh38-CKS2","CKS2","14"
0.0130123718205536,-0.84075430804266,0.829,0.708,1,"GRCh38-DNAJB1","DNAJB1","14"
0.000192663525511707,-0.839895965903139,0.281,0.373,1,"GRCh38-TRIP13","TRIP13","14"
0.0636439814940246,-0.838015340123633,0.443,0.474,1,"GRCh38-ABTB2","ABTB2","14"
0.00313357540949533,-0.832155549385278,0.057,0.121,1,"GRCh38-ENSG00000250697","ENSG00000250697","14"
0.000505064243760946,-0.830646348656243,0.124,0.211,1,"GRCh38-BRIP1","BRIP1","14"
0.000136230921818071,-0.827890028329172,0.048,0.134,1,"GRCh38-PLK1","PLK1","14"
0.000110204235094694,-0.824265231911957,0.31,0.433,1,"GRCh38-CADM3","CADM3","14"
5.38299185038412e-05,-0.816254438147,0.59,0.648,1,"GRCh38-BLCAP","BLCAP","14"
0.000404659925312876,-0.812222597889311,0.076,0.159,1,"GRCh38-ENSG00000250421","ENSG00000250421","14"
0.00765062097316041,-0.810612114769597,0.176,0.244,1,"GRCh38-HBEGF","HBEGF","14"
0.0118993097461828,-0.809865085749427,0.571,0.588,1,"GRCh38-RRM1","RRM1","14"
2.92057804574286e-05,-0.802254309457725,0.91,0.899,1,"GRCh38-TYMP","TYMP","14"
0.137856720213429,-0.79871805497522,1,0.947,1,"GRCh38-H2AZ1","H2AZ1","14"
0.0476658749751067,-0.795594802170416,0.648,0.627,1,"GRCh38-HMGCS1","HMGCS1","14"
1.9224602070177e-05,-0.793835551208496,0.114,0.229,1,"GRCh38-ORC6","ORC6","14"
0.000101685439535042,-0.792374511901349,0.343,0.449,1,"GRCh38-TNFAIP8","TNFAIP8","14"
0.0133768608029174,-0.786433946753693,0.786,0.75,1,"GRCh38-GADD45B","GADD45B","14"
0.000139689619764028,-0.786299015749525,0.1,0.198,1,"GRCh38-ZBTB7C","ZBTB7C","14"
0.0107041009676042,-0.785461115037476,0.995,0.915,1,"GRCh38-LINC02154","LINC02154","14"
0.0917398548023746,-0.784043231854101,0.333,0.352,1,"GRCh38-CRYBG1","CRYBG1","14"
0.00157171509087996,-0.781654862058531,0.529,0.564,1,"GRCh38-MCM3","MCM3","14"
0.00593235273615238,-0.7812169383826,0.538,0.576,1,"GRCh38-DOCK4","DOCK4","14"
0.000139047438658469,-0.778623583291896,0.976,0.949,1,"GRCh38-JPT1","JPT1","14"
0.000262250095540814,-0.777912079593057,0.452,0.522,1,"GRCh38-PRSS3","PRSS3","14"
2.03876520051298e-05,-0.777389241580742,0.038,0.137,1,"GRCh38-EHF","EHF","14"
1.87991041660581e-05,-0.777336650697436,0.6,0.658,1,"GRCh38-COX20","COX20","14"
0.0099016470072515,-0.770804188044293,0.105,0.163,1,"GRCh38-KNL1","KNL1","14"
0.0040613946047378,-0.77044593185102,0.205,0.279,1,"GRCh38-BBOX1-AS1","BBOX1-AS1","14"
5.94762420303633e-05,-0.764811794858593,0.386,0.24,1,"GRCh38-DISC1FP1","DISC1FP1","14"
0.747746912530564,-0.764484211425145,0.457,0.436,1,"GRCh38-CLEC2B","CLEC2B","14"
0.000446713358425005,-0.763728296921034,0.267,0.353,1,"GRCh38-MAD2L1","MAD2L1","14"
0.000196432262942219,-0.761906685287082,0.276,0.387,1,"GRCh38-TMEM158","TMEM158","14"
0.000830305165404278,-0.760403285550623,0.99,0.972,1,"GRCh38-EIF5A","EIF5A","14"
2.79967354849803e-05,-0.758959877971133,0.052,0.152,1,"GRCh38-LINC02196","LINC02196","14"
0.0168813821313441,-0.756631134591226,0.095,0.147,1,"GRCh38-NAALADL2-AS2","NAALADL2-AS2","14"
0.000113392842271016,-0.751937111332165,0.038,0.125,1,"GRCh38-ENSG00000235495","ENSG00000235495","14"
4.38069928780262e-05,-0.751163464655161,0.024,0.111,1,"GRCh38-CD83","CD83","14"
0.000307665303030742,-0.749181602542514,0.229,0.32,1,"GRCh38-FANCI","FANCI","14"
0.000160784286710051,-0.747643274441515,0.743,0.592,1,"GRCh38-CD74","CD74","14"
0.311334902495652,-0.746194038976436,1,0.961,1,"GRCh38-IER3","IER3","14"
0.352517415095078,-0.745147491011289,0.857,0.809,1,"GRCh38-ODC1","ODC1","14"
0.000564776345749808,-0.743895817238455,0.429,0.505,1,"GRCh38-LPAR3","LPAR3","14"
0.00186301379622976,-0.739035118661814,0.062,0.131,1,"GRCh38-THSD7B","THSD7B","14"
2.37311292762908e-05,-0.738221772651296,0.033,0.129,1,"GRCh38-CCNA2","CCNA2","14"
0.0330105340121719,-0.734519124320738,0.143,0.19,1,"GRCh38-KIF2C","KIF2C","14"
0.00233945318785225,-0.726770348754796,0.371,0.437,1,"GRCh38-ECT2","ECT2","14"
0.753636698318845,-0.726141826402247,0.981,0.955,1,"GRCh38-HMGN2","HMGN2","14"
0.000292337519425644,-0.726016300064969,0.152,0.249,1,"GRCh38-LAMA4","LAMA4","14"
0.466187443898071,-0.722159254007561,0.414,0.405,1,"GRCh38-ATAD2","ATAD2","14"
0.00112455181680962,-0.721839688171664,0.276,0.382,1,"GRCh38-IL6","IL6","14"
0.890045520530078,-0.718897037850899,0.981,0.941,1,"GRCh38-JUN","JUN","14"
0.601161068587885,-0.717995268422425,0.448,0.422,1,"GRCh38-KIF20B","KIF20B","14"
0.00331608745902168,-0.717201493839531,0.714,0.7,1,"GRCh38-SGMS1","SGMS1","14"
0.00620714766095836,-0.71691375061411,0.776,0.798,1,"GRCh38-TNIP1","TNIP1","14"
0.00226596463073836,-0.714746261308592,0.09,0.163,1,"GRCh38-HERC5","HERC5","14"
0.0154347250996955,-0.714236970080105,0.81,0.795,1,"GRCh38-CMIP","CMIP","14"
0.410085556634493,-0.713523369636339,0.176,0.185,1,"GRCh38-NCAPG","NCAPG","14"
0.343660591111547,-0.711515137735699,1,0.987,1,"GRCh38-TAGLN2","TAGLN2","14"
0.86001758002124,-0.710362926969481,0.971,0.945,1,"GRCh38-TXNDC17","TXNDC17","14"
0.00527275898951084,-0.709726295720777,0.129,0.196,1,"GRCh38-SLC35F3","SLC35F3","14"
0.000238877489885142,-0.709349374249873,0.943,0.947,1,"GRCh38-RAI14","RAI14","14"
0.0146762124447978,-0.709260626169622,0.633,0.621,1,"GRCh38-BEX1","BEX1","14"
0.0530063162110317,-0.706423066888016,0.31,0.344,1,"GRCh38-ITGB8","ITGB8","14"
3.4948622637041e-05,-0.706373053441257,0.995,0.958,1,"GRCh38-PRKDC","PRKDC","14"
0.00252924027928665,-0.705793166711771,0.629,0.648,1,"GRCh38-TMPO","TMPO","14"
0.00354170040544634,-0.703507537581296,0.067,0.132,1,"GRCh38-ENSG00000285822","ENSG00000285822","14"
0.419974032409732,-0.702201316289909,1,0.997,1,"GRCh38-ACTB","ACTB","14"
0.0343036841449987,-0.702116831340419,0.952,0.911,1,"GRCh38-WTAP","WTAP","14"
0.0931335202623099,-0.701288886920375,0.314,0.338,1,"GRCh38-PFKFB4","PFKFB4","14"
0.000614825830406891,-0.699228461663628,0.195,0.285,1,"GRCh38-LINC01285","LINC01285","14"
0.239844845793173,-0.697841008704144,0.167,0.184,1,"GRCh38-SESN3","SESN3","14"
0.61352562696703,-0.697474539188908,0.838,0.756,1,"GRCh38-HRAS","HRAS","14"
0.000286097202163637,-0.697221846705382,0.195,0.298,1,"GRCh38-KIF23","KIF23","14"
0.509498047498455,-0.69700963450578,1,0.986,1,"GRCh38-TUBB","TUBB","14"
0.00146794604451577,-0.696240123700387,0.062,0.132,1,"GRCh38-DEPDC1","DEPDC1","14"
0.00303649751804641,-0.69445985796851,0.976,0.958,1,"GRCh38-HNRNPAB","HNRNPAB","14"
7.58550589958864e-05,-0.693036684767878,0.224,0.337,1,"GRCh38-DEPP1","DEPP1","14"
0.000335550762002589,-0.69074923000706,0.167,0.263,1,"GRCh38-FEN1","FEN1","14"
0.000140998444478895,-0.69037425585847,0.105,0.203,1,"GRCh38-SGK1","SGK1","14"
0.0399092157793899,-0.689484325975208,0.843,0.754,1,"GRCh38-RND3","RND3","14"
0.0903626231700633,-0.689165151601582,0.886,0.808,1,"GRCh38-FAT1","FAT1","14"
0.00311773057309574,-0.688217006181581,0.519,0.567,1,"GRCh38-ALYREF","ALYREF","14"
0.00149151743340349,-0.687863665562733,0.076,0.149,1,"GRCh38-NUF2","NUF2","14"
0.200227845779126,-0.686811756505294,1,0.957,1,"GRCh38-FNDC3B","FNDC3B","14"
0.226632582696629,-0.685860357921585,0.6,0.61,1,"GRCh38-DUSP6","DUSP6","14"
0.760612336316446,-0.684958184028885,0.586,0.552,1,"GRCh38-KPNA2","KPNA2","14"
0.070112405079416,-0.682846859872043,0.79,0.748,1,"GRCh38-HMGA1","HMGA1","14"
0.878146330644358,-0.681913461731547,0.814,0.758,1,"GRCh38-FRMD6","FRMD6","14"
0.00452159374197262,-0.681842168259299,0.81,0.811,1,"GRCh38-ANKH","ANKH","14"
0.0271214002668316,-0.681278852586067,0.814,0.796,1,"GRCh38-ADAMTS6","ADAMTS6","14"
0.0175900824877486,-0.679859066882511,0.338,0.378,1,"GRCh38-SH3PXD2A","SH3PXD2A","14"
9.89038618711793e-05,-0.678446278139184,0.048,0.138,1,"GRCh38-CDCA8","CDCA8","14"
3.23124568205093e-05,-0.677569460650656,0.086,0.191,1,"GRCh38-GINS2","GINS2","14"
0.547420259205758,-0.677153120792142,0.819,0.733,1,"GRCh38-EPSTI1","EPSTI1","14"
0.0472353976459872,-0.676741286695074,0.976,0.955,1,"GRCh38-DEK","DEK","14"
0.59778322614994,-0.676361841929139,0.143,0.149,1,"GRCh38-ENSG00000253154","ENSG00000253154","14"
0.690855727300795,-0.676156646560849,0.595,0.545,1,"GRCh38-NFKBIZ","NFKBIZ","14"
0.00629334231172289,-0.673105237229135,0.076,0.137,1,"GRCh38-SNCG","SNCG","14"
0.224902063890369,-0.672515880311506,0.771,0.683,1,"GRCh38-FEZ1","FEZ1","14"
2.48149351335343e-05,-0.672325415522852,0.805,0.831,1,"GRCh38-YWHAG","YWHAG","14"
0.057283793460613,-0.671565171199647,0.467,0.479,1,"GRCh38-FHOD3","FHOD3","14"
0.828687895783297,-0.669980221482553,0.633,0.571,1,"GRCh38-H2AC20","H2AC20","14"
0.000215684220271286,-0.66698223171036,0.09,0.183,1,"GRCh38-LAYN","LAYN","14"
0.731158246801138,-0.66484568797488,0.21,0.189,1,"GRCh38-CTAG2","CTAG2","14"
0.0170229640593569,-0.661654007475096,0.829,0.821,1,"GRCh38-IL1RAP","IL1RAP","14"
0.00332061224689128,-0.661508877308658,1,0.98,1,"GRCh38-SQSTM1","SQSTM1","14"
0.00588094380894945,-0.660932889028199,0.648,0.663,1,"GRCh38-ITGA5","ITGA5","14"
0.196226259278327,-0.656380687166952,0.114,0.14,1,"GRCh38-LINC00536","LINC00536","14"
0.0082851928136556,-0.655881933626787,0.467,0.512,1,"GRCh38-NOCT","NOCT","14"
2.0516948241665e-05,-0.649756854504991,0.019,0.11,1,"GRCh38-ESCO2","ESCO2","14"
0.0368540663529126,-0.648294840630726,0.067,0.108,1,"GRCh38-ENSG00000251293","ENSG00000251293","14"
0.00158223356713285,-0.647357871247692,0.443,0.508,1,"GRCh38-MCM7","MCM7","14"
0.068047184255451,-0.64626994709243,0.986,0.961,1,"GRCh38-LIMS1","LIMS1","14"
0.0779847414813038,-0.644590061994366,0.129,0.167,1,"GRCh38-BMP2","BMP2","14"
0.000230349148158882,-0.641899225483144,0.724,0.748,1,"GRCh38-ATP13A3","ATP13A3","14"
0.504877235713847,-0.641379089170795,0.21,0.189,1,"GRCh38-CEMIP","CEMIP","14"
0.409953582158851,-0.639760274541026,0.981,0.94,1,"GRCh38-PGAM1","PGAM1","14"
0.000219310979517736,-0.63804365531639,0.781,0.8,1,"GRCh38-AGTRAP","AGTRAP","14"
0.0181090239998478,-0.63774289385396,0.243,0.289,1,"GRCh38-PTGER4","PTGER4","14"
0.0373994807651376,-0.636613547011209,0.233,0.287,1,"GRCh38-IGFBP2","IGFBP2","14"
0.202847081466674,-0.633148897416315,0.243,0.194,1,"GRCh38-IFIT1","IFIT1","14"
0.892269294081081,-0.633041585195348,0.186,0.175,1,"GRCh38-ENSG00000271860","ENSG00000271860","14"
0.819412681192913,-0.632691198157913,0.948,0.866,1,"GRCh38-MAP4K4","MAP4K4","14"
0.00531385837373224,-0.631249825388492,0.586,0.608,1,"GRCh38-PHGDH","PHGDH","14"
0.507843444752212,-0.630314983508479,0.714,0.653,1,"GRCh38-ERO1A","ERO1A","14"
0.000565539937436169,-0.629055807333563,0.948,0.946,1,"GRCh38-SYNCRIP","SYNCRIP","14"
0.529138407891799,-0.628609071184295,1,0.995,1,"GRCh38-ENO1","ENO1","14"
0.000207747808407362,-0.627292476229336,0.933,0.901,1,"GRCh38-PFDN2","PFDN2","14"
0.0310909816971273,-0.625185420963719,0.138,0.185,1,"GRCh38-APOD","APOD","14"
4.46581785197314e-05,-0.624693214718228,0.429,0.524,1,"GRCh38-DBF4","DBF4","14"
0.0367816170070876,-0.624329732283124,0.99,0.967,1,"GRCh38-SNRPB","SNRPB","14"
0.124438174270662,-0.622767109579279,0.538,0.538,1,"GRCh38-PLAT","PLAT","14"
2.77398517016222e-05,-0.620350017811686,0.7,0.761,1,"GRCh38-SCFD2","SCFD2","14"
0.0136661743106078,-0.620115088791091,0.643,0.662,1,"GRCh38-PDIA5","PDIA5","14"
4.34557619594028e-05,-0.619866983550283,0.024,0.111,1,"GRCh38-SPC25","SPC25","14"
1.4917551984049e-05,-0.61946744225177,0.138,0.26,1,"GRCh38-MAMDC2","MAMDC2","14"
0.00027418311983837,-0.618080993569242,0.167,0.264,1,"GRCh38-FANCA","FANCA","14"
0.014030246568217,-0.617703303878512,0.162,0.22,1,"GRCh38-MELK","MELK","14"
3.97076013911457e-05,-0.617210632085389,0.3,0.43,1,"GRCh38-ENSG00000243797","ENSG00000243797","14"
9.58110787768616e-05,-0.616341554210289,0.976,0.952,1,"GRCh38-C1QBP","C1QBP","14"
0.0103405797435198,-0.615913519915596,0.971,0.933,1,"GRCh38-GBE1","GBE1","14"
0.000821500775156022,-0.615746219921747,0.3,0.387,1,"GRCh38-TMEM154","TMEM154","14"
0.417647457308224,-0.615599898448935,0.938,0.9,1,"GRCh38-MCL1","MCL1","14"
0.000240612577069182,-0.615426056423859,0.976,0.94,1,"GRCh38-MRPL52","MRPL52","14"
0.00579666064858992,-0.615237494536738,0.5,0.549,1,"GRCh38-ERN1","ERN1","14"
0.00139523701549097,-0.615146613489459,0.09,0.167,1,"GRCh38-H3C4","H3C4","14"
0.0933871258311066,-0.615053920475228,0.857,0.803,1,"GRCh38-HIVEP2","HIVEP2","14"
0.000142205304274785,-0.614045782196286,0.633,0.719,1,"GRCh38-NCAM1","NCAM1","14"
0.00446375024016789,-0.613695039769788,0.462,0.526,1,"GRCh38-GMNN","GMNN","14"
7.45022056604941e-05,-0.613250473061393,0.1,0.204,1,"GRCh38-PDZK1IP1","PDZK1IP1","14"
0.101547034409967,-0.612995873528601,0.414,0.43,1,"GRCh38-PGM2L1","PGM2L1","14"
0.730321184750386,-0.612437068665946,0.295,0.286,1,"GRCh38-GEM","GEM","14"
0.000793984891149056,-0.612143712499588,0.405,0.475,1,"GRCh38-VRK1","VRK1","14"
0.0620671559778405,-0.611927781093021,0.514,0.503,1,"GRCh38-EZH2","EZH2","14"
0.0648925299348753,-0.611719440254134,0.671,0.686,1,"GRCh38-LAMB3","LAMB3","14"
0.6350149908865,-0.611336559092424,0.952,0.864,1,"GRCh38-AKR1C3","AKR1C3","14"
0.00225349527993029,-0.608623630051949,0.643,0.675,1,"GRCh38-RCC1","RCC1","14"
0.926395468845338,-0.608362620140582,0.614,0.548,1,"GRCh38-H2AX","H2AX","14"
0.00031181414258843,-0.608026562919795,0.895,0.883,1,"GRCh38-TOMM5","TOMM5","14"
0.00101654367379273,-0.607672592861582,0.733,0.763,1,"GRCh38-EFHD2","EFHD2","14"
0.00345445651384504,-0.607640163798983,0.162,0.236,1,"GRCh38-CCNB2","CCNB2","14"
0.000135629629119171,-0.60753308567622,0.214,0.323,1,"GRCh38-SRGAP3","SRGAP3","14"
0.721056932938803,-0.606797330894726,0.767,0.703,1,"GRCh38-CPQ","CPQ","14"
0.0127990042562458,-0.604417369474774,0.848,0.8,1,"GRCh38-USP1","USP1","14"
0.000360057745714882,-0.604118791559978,0.176,0.275,1,"GRCh38-CHAF1A","CHAF1A","14"
0.0727242675349147,-0.60379213508018,0.229,0.273,1,"GRCh38-SGO2","SGO2","14"
0.257310497498806,-0.60230068994893,0.3,0.314,1,"GRCh38-TACC3","TACC3","14"
0.405786674311275,-0.602079387906521,0.462,0.462,1,"GRCh38-KDM7A","KDM7A","14"
0.149779690750488,-0.601936305151991,0.295,0.322,1,"GRCh38-NCEH1","NCEH1","14"
0.0622885827217648,-0.599452315255743,0.286,0.334,1,"GRCh38-IL7R","IL7R","14"
5.45562330544732e-05,-0.597160861074997,0.09,0.195,1,"GRCh38-OAS2","OAS2","14"
0.0112594974902469,-0.594456687334144,0.367,0.263,1,"GRCh38-GPC6","GPC6","14"
0.00260977756315656,-0.593982673490519,0.119,0.192,1,"GRCh38-THSD4","THSD4","14"
0.265227487335918,-0.592570673042306,0.519,0.492,1,"GRCh38-ZFPM2","ZFPM2","14"
0.0157510222879183,-0.592229166896896,0.976,0.924,1,"GRCh38-CDCP1","CDCP1","14"
0.000258025891947844,-0.591996087479526,0.314,0.41,1,"GRCh38-PHF19","PHF19","14"
0.000112246550877705,-0.591414550777222,0.238,0.347,1,"GRCh38-ZC3H12A","ZC3H12A","14"
0.0836793463611126,-0.590987991101041,0.652,0.634,1,"GRCh38-XPR1","XPR1","14"
0.000113792681315918,-0.590415862649929,0.033,0.117,1,"GRCh38-ENSG00000249001","ENSG00000249001","14"
0.0480837982731758,-0.589665233835294,0.095,0.136,1,"GRCh38-ENSG00000242880","ENSG00000242880","14"
0.00891418294236987,-0.588275493975691,0.6,0.628,1,"GRCh38-DDX39A","DDX39A","14"
0.0281523394493108,-0.58726714853313,0.59,0.575,1,"GRCh38-B3GNT5","B3GNT5","14"
3.77234556141246e-05,-0.585976165387863,0.571,0.643,1,"GRCh38-DCTPP1","DCTPP1","14"
0.000634301029857058,-0.585776187207615,0.905,0.907,1,"GRCh38-SERPINE1","SERPINE1","14"
0.000259808570578728,-0.584876882829266,0.048,0.129,1,"GRCh38-KIF15","KIF15","14"
0.208150411158493,-0.584624222666912,0.586,0.604,1,"GRCh38-F3","F3","14"
0.000901967028719361,-0.583568452767081,0.79,0.801,1,"GRCh38-SAR1A","SAR1A","14"
0.00438369174240796,-0.581441927054368,0.905,0.882,1,"GRCh38-DNAJB6","DNAJB6","14"
0.00117646022599119,-0.5809310487273,0.676,0.709,1,"GRCh38-APCDD1L-DT","APCDD1L-DT","14"
0.000104058603982645,-0.579697447551873,0.543,0.618,1,"GRCh38-EFNA1","EFNA1","14"
0.00230320017723749,-0.579627940118759,0.51,0.555,1,"GRCh38-IVNS1ABP","IVNS1ABP","14"
0.00778376159202757,-0.579073058714403,0.467,0.521,1,"GRCh38-GNA15","GNA15","14"
0.0022956071713099,-0.577932645806595,0.386,0.459,1,"GRCh38-MMS22L","MMS22L","14"
0.0247912966646337,-0.577498008914809,0.967,0.908,1,"GRCh38-CEBPB","CEBPB","14"
0.773085692598178,-0.576089580258134,0.981,0.971,1,"GRCh38-RBM3","RBM3","14"
0.405806786456207,-0.57563840283341,0.986,0.942,1,"GRCh38-SEC61G","SEC61G","14"
0.000397655395992096,-0.575594062949522,0.038,0.114,1,"GRCh38-H3C2","H3C2","14"
0.806340346392948,-0.575333601196402,0.857,0.836,1,"GRCh38-SLC2A3","SLC2A3","14"
5.08676603026928e-05,-0.574511166297991,0.1,0.211,1,"GRCh38-RGS16","RGS16","14"
0.000136413548283265,-0.573654864517139,0.367,0.465,1,"GRCh38-RFC2","RFC2","14"
0.000326176726944707,-0.572818797663985,0.795,0.818,1,"GRCh38-ESYT2","ESYT2","14"
0.538723212026049,-0.572105605652691,0.3,0.265,1,"GRCh38-NR4A1","NR4A1","14"
0.000271992499983162,-0.572046563282107,1,0.974,1,"GRCh38-AKR1B1","AKR1B1","14"
0.187833372862774,-0.569760513566854,0.271,0.294,1,"GRCh38-KIF11","KIF11","14"
0.00201175393559325,-0.568950454071911,0.571,0.63,1,"GRCh38-IL4R","IL4R","14"
0.0248038400176585,-0.567883627867032,0.895,0.84,1,"GRCh38-EIF4A3","EIF4A3","14"
0.877336971831477,-0.56684774304429,0.248,0.239,1,"GRCh38-NDC80","NDC80","14"
0.00202869086161512,-0.56671669272387,0.533,0.584,1,"GRCh38-SPATA5","SPATA5","14"
0.606608847271261,-0.566234958946827,0.714,0.672,1,"GRCh38-BAG3","BAG3","14"
0.00398953583054522,-0.565964522124059,0.248,0.318,1,"GRCh38-CENPN","CENPN","14"
0.00397914731070082,-0.56550523986048,0.443,0.522,1,"GRCh38-HRH1","HRH1","14"
0.0108799490405073,-0.564890202900057,0.51,0.538,1,"GRCh38-TNFRSF10D","TNFRSF10D","14"
0.237865779822956,-0.564564458348955,0.171,0.193,1,"GRCh38-RGS2","RGS2","14"
0.000128920299842943,-0.563814972108084,0.695,0.741,1,"GRCh38-PLK2","PLK2","14"
1.83065884980779e-05,-0.563108827510667,0.69,0.732,1,"GRCh38-NETO2","NETO2","14"
0.0870066474441886,-0.563017368745199,0.652,0.65,1,"GRCh38-DRAM1","DRAM1","14"
0.000391275327854083,-0.561535680013599,0.319,0.407,1,"GRCh38-MXD1","MXD1","14"
5.27474951331947e-05,-0.560078153391842,0.99,0.966,1,"GRCh38-HSPE1","HSPE1","14"
0.402415117317322,-0.559854366997329,0.443,0.446,1,"GRCh38-SLC2A13","SLC2A13","14"
0.898031096043953,-0.558370307783215,0.9,0.803,1,"GRCh38-HMGB3","HMGB3","14"
0.000267318276251347,-0.55774163830759,0.395,0.484,1,"GRCh38-DDIT3","DDIT3","14"
0.0240297560672133,-0.556569061945331,0.833,0.798,1,"GRCh38-RPA3","RPA3","14"
0.4985186716604,-0.555232783374767,0.948,0.915,1,"GRCh38-CALM1","CALM1","14"
0.000284613582997045,-0.553524977367754,0.924,0.895,1,"GRCh38-TIMM8B","TIMM8B","14"
3.21036988420512e-05,-0.552898152419515,0.7,0.734,1,"GRCh38-PNPT1","PNPT1","14"
0.0411562795143809,-0.552579461793861,0.5,0.52,1,"GRCh38-PLEK2","PLEK2","14"
0.0956592492828357,-0.551328206545155,0.419,0.433,1,"GRCh38-AFF1","AFF1","14"
4.76538078621022e-05,-0.550483811985002,0.024,0.11,1,"GRCh38-KIFC1","KIFC1","14"
0.365975019411767,-0.55039204314108,0.886,0.828,1,"GRCh38-RHOB","RHOB","14"
0.00123157542066697,-0.550353689835662,0.367,0.434,1,"GRCh38-NET1","NET1","14"
0.368923951488545,-0.549987344776137,0.333,0.28,1,"GRCh38-ARHGDIB","ARHGDIB","14"
0.654462232688394,-0.549744546623208,0.743,0.633,1,"GRCh38-SMC2","SMC2","14"
7.9927334212467e-05,-0.549097627449542,0.038,0.127,1,"GRCh38-SGO1","SGO1","14"
0.310782948364192,-0.54869284109903,0.476,0.424,1,"GRCh38-ZC3H3","ZC3H3","14"
0.0114391372658389,-0.54798827430181,0.829,0.807,1,"GRCh38-HK1","HK1","14"
0.313131416710494,-0.547773991425836,0.91,0.868,1,"GRCh38-EZR","EZR","14"
0.00123953110860506,-0.547573595227005,0.143,0.229,1,"GRCh38-ARG2","ARG2","14"
0.0666744055924137,-0.545970053889069,0.567,0.564,1,"GRCh38-HAUS6","HAUS6","14"
0.000224991767065878,-0.54503475716012,0.157,0.256,1,"GRCh38-PADI3","PADI3","14"
0.00118878991385743,-0.544906797684804,0.79,0.818,1,"GRCh38-DDX10","DDX10","14"
0.0371777046285691,-0.544231688880298,0.643,0.664,1,"GRCh38-MDM2","MDM2","14"
0.000223246126940681,-0.543512909119884,0.052,0.137,1,"GRCh38-AURKB","AURKB","14"
9.19327564667409e-05,-0.543247957126793,0.729,0.76,1,"GRCh38-UPP1","UPP1","14"
0.0273807517684842,-0.542646991059753,0.086,0.134,1,"GRCh38-CNBD1","CNBD1","14"
0.00496489501999185,-0.542015582817707,0.976,0.94,1,"GRCh38-LINC00958","LINC00958","14"
0.0260370343477321,-0.541296435579541,0.8,0.679,1,"GRCh38-PHEX","PHEX","14"
5.28211084981689e-05,-0.536088099827867,0.895,0.784,1,"GRCh38-EGR1","EGR1","14"
0.00327190684096962,-0.535838062525771,0.733,0.753,1,"GRCh38-TRIM24","TRIM24","14"
0.00211239076592764,-0.535465983825326,0.114,0.191,1,"GRCh38-ENSG00000288755","ENSG00000288755","14"
5.43933468125768e-05,-0.535364554923143,0.029,0.118,1,"GRCh38-FCRLA","FCRLA","14"
0.722451359287298,-0.534827840451926,1,0.989,1,"GRCh38-TPI1","TPI1","14"
0.00036353896021809,-0.533960868127029,0.271,0.369,1,"GRCh38-PRIM1","PRIM1","14"
0.0210163466766807,-0.533441111993153,0.857,0.88,1,"GRCh38-STAT1","STAT1","14"
0.010374967283837,-0.533437982699841,0.095,0.154,1,"GRCh38-H2AC12","H2AC12","14"
0.296237439228267,-0.532884393241809,0.467,0.468,1,"GRCh38-DHFR","DHFR","14"
0.000202701247992975,-0.532072430963886,0.481,0.56,1,"GRCh38-MYO19","MYO19","14"
0.00585174132161563,-0.5309943642585,0.981,0.936,1,"GRCh38-SNRPF","SNRPF","14"
3.75362143323481e-05,-0.529678788154562,0.129,0.245,1,"GRCh38-BMAL2","BMAL2","14"
0.216193533694237,-0.529666951492034,0.857,0.813,1,"GRCh38-PMEPA1","PMEPA1","14"
0.000142517829627002,-0.529270899851153,0.69,0.529,1,"GRCh38-DLEU1","DLEU1","14"
0.131010465006697,-0.528593799278781,0.281,0.305,1,"GRCh38-KIF22","KIF22","14"
0.188748360026236,-0.528404474346602,0.471,0.476,1,"GRCh38-UAP1","UAP1","14"
0.100393376996256,-0.528318506413572,0.719,0.616,1,"GRCh38-IFI44","IFI44","14"
0.0940558882331341,-0.526352905256022,0.771,0.667,1,"GRCh38-AGT","AGT","14"
0.23755502837711,-0.526071101276077,0.829,0.771,1,"GRCh38-LRRC59","LRRC59","14"
0.00169697417275863,-0.524496273135666,0.767,0.765,1,"GRCh38-TNFRSF10B","TNFRSF10B","14"
0.00177005131755137,-0.524398437226375,0.962,0.911,1,"GRCh38-RAB32","RAB32","14"
0.00153616296634889,-0.523300421778824,0.338,0.414,1,"GRCh38-STEAP1","STEAP1","14"
0.000681811649403971,-0.523167069299282,0.062,0.141,1,"GRCh38-DNER","DNER","14"
9.07669568096343e-05,-0.522861304748276,0.41,0.516,1,"GRCh38-GTDC1","GTDC1","14"
3.61206015126134e-05,-0.522101587590191,0.59,0.669,1,"GRCh38-TANGO6","TANGO6","14"
9.01444116042863e-05,-0.521917737617071,0.405,0.515,1,"GRCh38-ITPRIP","ITPRIP","14"
0.444531263169637,-0.521808260906348,0.51,0.443,1,"GRCh38-SLC9A1","SLC9A1","14"
6.65063710262491e-05,-0.521567319250305,1,0.988,1,"GRCh38-NCL","NCL","14"
0.470423710501618,-0.521329204352993,0.99,0.949,1,"GRCh38-RAB7A","RAB7A","14"
0.00865137664695729,-0.520098308943305,0.757,0.783,1,"GRCh38-TRAF3","TRAF3","14"
0.0803527103641146,-0.516862955124328,0.571,0.591,1,"GRCh38-DNAJC9","DNAJC9","14"
0.00156127075494422,-0.515430058030982,0.671,0.711,1,"GRCh38-PPIH","PPIH","14"
0.135987753917036,-0.514957474120594,0.881,0.791,1,"GRCh38-H1-4","H1-4","14"
2.4996890287322e-05,-0.512745005017242,0.471,0.583,1,"GRCh38-C1GALT1","C1GALT1","14"
0.000854884678862037,-0.511484480216162,0.152,0.242,1,"GRCh38-SPOCK1","SPOCK1","14"
0.0348209178011668,-0.511471042234046,0.781,0.776,1,"GRCh38-WDR1","WDR1","14"
2.04789178127488e-05,-0.511270705287282,0.705,0.769,1,"GRCh38-ADISSP","ADISSP","14"
1.73471200986696e-05,-0.511147294139795,0.014,0.104,1,"GRCh38-MCM10","MCM10","14"
0.643472017517527,-0.509730392906918,0.99,0.955,1,"GRCh38-QKI","QKI","14"
0.00665312738387468,-0.509082406680472,0.186,0.25,1,"GRCh38-OAS3","OAS3","14"
0.000413148108573117,-0.508001078715408,0.662,0.704,1,"GRCh38-ACLY","ACLY","14"
0.837377540071687,-0.50752860471226,0.957,0.904,1,"GRCh38-NASP","NASP","14"
8.05474467902776e-05,-0.506607384192355,0.033,0.119,1,"GRCh38-NCAPH","NCAPH","14"
0.0101429175925754,-0.506294760038514,0.31,0.378,1,"GRCh38-LYPLAL1-DT","LYPLAL1-DT","14"
0.00894330454126793,-0.506077380096311,0.586,0.628,1,"GRCh38-TIMM10","TIMM10","14"
0.22076201335367,-0.505927816816204,1,0.99,1,"GRCh38-PKM","PKM","14"
0.718613229595988,-0.505627806957299,0.91,0.852,1,"GRCh38-ADRM1","ADRM1","14"
0.0180946645147285,-0.505257201637247,0.91,0.872,1,"GRCh38-SSRP1","SSRP1","14"
0.00114286009221341,-0.505128705983073,0.91,0.895,1,"GRCh38-PITPNB","PITPNB","14"
0.000204680612061715,-0.50465981772562,0.119,0.219,1,"GRCh38-PRSS12","PRSS12","14"
0.00011272893806508,-0.50454612104408,0.805,0.835,1,"GRCh38-GAR1","GAR1","14"
0.0912022311061172,-0.504461470445518,0.343,0.274,1,"GRCh38-LINC02725","LINC02725","14"
4.07779827925237e-05,-0.504435882768263,0.033,0.126,1,"GRCh38-ITGBL1","ITGBL1","14"
2.51105464815324e-05,-0.503838969835754,0.252,0.378,1,"GRCh38-ENC1","ENC1","14"
0.207428258951785,-0.503582343971727,0.952,0.912,1,"GRCh38-AGAP1","AGAP1","14"
0.0157783791438885,-0.503420197215913,0.09,0.146,1,"GRCh38-C16orf74","C16orf74","14"
0.112130890852614,-0.503006078011375,0.6,0.631,1,"GRCh38-NEDD4L","NEDD4L","14"
5.14445624422001e-05,-0.502849513752057,0.71,0.771,1,"GRCh38-PGD","PGD","14"
0.699495712797783,-0.501992256906282,1,0.989,1,"GRCh38-HNRNPA2B1","HNRNPA2B1","14"
2.77504779127492e-05,-0.501429654997435,0.995,0.953,1,"GRCh38-APRT","APRT","14"
0.909500442641377,-0.50132359996751,0.657,0.598,1,"GRCh38-RFX2","RFX2","14"
0.0495424184135999,-0.501079292893614,1,0.979,1,"GRCh38-TXN","TXN","14"
0.0173531049752517,-0.500821779663422,0.262,0.309,1,"GRCh38-LIG1","LIG1","14"
0.878667126733217,-0.500621182593959,0.905,0.878,1,"GRCh38-KLF6","KLF6","14"
4.37078620154342e-05,-0.500413968916387,0.257,0.382,1,"GRCh38-BRI3BP","BRI3BP","14"
7.94546036990956e-05,-0.500080693276035,0.876,0.869,1,"GRCh38-RUVBL1","RUVBL1","14"
8.12022084078104e-05,-0.498300294985484,0.31,0.416,1,"GRCh38-TTYH3","TTYH3","14"
0.000192439584589601,-0.497205372058346,0.195,0.306,1,"GRCh38-LPAR1","LPAR1","14"
0.0837891756396954,-0.496573913975882,0.871,0.856,1,"GRCh38-MRPL17","MRPL17","14"
0.0432372535233565,-0.496152549551839,0.643,0.642,1,"GRCh38-TMEM109","TMEM109","14"
0.0994372337682299,-0.494925737825349,0.443,0.46,1,"GRCh38-ACAT2","ACAT2","14"
0.00669329362794211,-0.494822340799507,0.605,0.645,1,"GRCh38-MAP2K1","MAP2K1","14"
0.00114205517709524,-0.494600387648408,0.067,0.141,1,"GRCh38-FAM83D","FAM83D","14"
0.000579614366111255,-0.493070587848523,0.052,0.128,1,"GRCh38-FYB1","FYB1","14"
0.137083591020933,-0.493058986159992,0.981,0.926,1,"GRCh38-PERP","PERP","14"
0.000270364410465013,-0.49294304488063,0.9,0.881,1,"GRCh38-SLC2A4RG","SLC2A4RG","14"
0.000298875227300596,-0.491839983479706,0.895,0.891,1,"GRCh38-RHEB","RHEB","14"
0.00245185561070446,-0.491620174125847,0.167,0.24,1,"GRCh38-MCM5","MCM5","14"
0.000328777307912865,-0.490912870294655,0.095,0.187,1,"GRCh38-NOTCH3","NOTCH3","14"
0.329482807162848,-0.489416911103838,0.757,0.711,1,"GRCh38-LYN","LYN","14"
0.00691355311718579,-0.488259179580691,0.6,0.655,1,"GRCh38-CCDC34","CCDC34","14"
0.0103929137158921,-0.488183916813687,1,0.977,1,"GRCh38-IFI16","IFI16","14"
9.34201445504737e-05,-0.487940942106303,0.524,0.598,1,"GRCh38-FGD4","FGD4","14"
0.026744819673053,-0.487669622027849,0.886,0.847,1,"GRCh38-STT3B","STT3B","14"
6.52372173169556e-05,-0.487431005601678,0.314,0.442,1,"GRCh38-MAFF","MAFF","14"
0.00326278790883931,-0.487047601869955,0.152,0.227,1,"GRCh38-ENO2","ENO2","14"
0.0979489086780238,-0.486462265705087,0.848,0.855,1,"GRCh38-ETF1","ETF1","14"
4.14693473795029e-05,-0.486314042085545,0.695,0.742,1,"GRCh38-PRMT3","PRMT3","14"
0.0886147625614845,-0.486266694850364,0.543,0.565,1,"GRCh38-POLD3","POLD3","14"
5.53170826092264e-05,-0.485793134215506,0.605,0.659,1,"GRCh38-POP7","POP7","14"
0.00109185764945295,-0.485667681140044,0.79,0.804,1,"GRCh38-SYNGR2","SYNGR2","14"
0.282648670255,-0.484458560142774,0.895,0.835,1,"GRCh38-DSE","DSE","14"
0.401079748906972,-0.483244818603483,0.571,0.548,1,"GRCh38-ZNRF2","ZNRF2","14"
0.00140651341665785,-0.482756002772842,0.248,0.343,1,"GRCh38-CADPS2","CADPS2","14"
0.683297855517745,-0.482205453138529,0.757,0.708,1,"GRCh38-SRGN","SRGN","14"
0.0192323891784552,-0.481354020857913,0.362,0.423,1,"GRCh38-CCDC18","CCDC18","14"
6.37640202995755e-05,-0.481280316879304,0.681,0.735,1,"GRCh38-PNO1","PNO1","14"
0.0119570975991572,-0.481018474412516,0.8,0.818,1,"GRCh38-FAM3C","FAM3C","14"
0.0734737917521417,-0.480251222434029,0.576,0.556,1,"GRCh38-NUDT1","NUDT1","14"
0.00201271436197188,-0.48024433434232,0.805,0.825,1,"GRCh38-XBP1","XBP1","14"
4.11557648410758e-05,-0.479153072062866,0.233,0.347,1,"GRCh38-IGSF3","IGSF3","14"
0.000785178673193012,-0.479120550407072,0.843,0.823,1,"GRCh38-NAA15","NAA15","14"
0.0247169187213501,-0.478532824339372,0.743,0.764,1,"GRCh38-GADD45A","GADD45A","14"
0.00613013740618972,-0.478011040805738,0.071,0.13,1,"GRCh38-NEIL3","NEIL3","14"
0.00063505860831274,-0.477811511721554,0.395,0.482,1,"GRCh38-GPR39","GPR39","14"
3.81450944218415e-05,-0.47760313306482,0.91,0.903,1,"GRCh38-PLSCR1","PLSCR1","14"
0.0480388896846288,-0.476546474282723,0.181,0.228,1,"GRCh38-HDAC9","HDAC9","14"
0.0131355014867066,-0.476392452555943,0.09,0.146,1,"GRCh38-CENPI","CENPI","14"
0.370057533890806,-0.476104638726792,0.467,0.461,1,"GRCh38-CHEK1","CHEK1","14"
5.77547784070209e-05,-0.475783627334259,0.795,0.852,1,"GRCh38-CD320","CD320","14"
0.975765969959278,-0.475314512376814,0.171,0.159,1,"GRCh38-ENSG00000287544","ENSG00000287544","14"
0.0583299099110065,-0.47407315651945,0.462,0.491,1,"GRCh38-NCAPD2","NCAPD2","14"
0.000144250394833496,-0.473598995993344,0.914,0.899,1,"GRCh38-CKLF","CKLF","14"
0.000310522515707245,-0.473080401251011,0.99,0.956,1,"GRCh38-EIF6","EIF6","14"
0.359609324016362,-0.472592448631679,0.652,0.6,1,"GRCh38-SLC6A6","SLC6A6","14"
0.000103186248570014,-0.472293982074989,0.724,0.788,1,"GRCh38-EVL","EVL","14"
1.41221369039309e-05,-0.471908768374718,0.038,0.141,1,"GRCh38-TGFA","TGFA","14"
0.000469825847064539,-0.471811548692153,1,0.985,1,"GRCh38-SERBP1","SERBP1","14"
2.58681414939338e-05,-0.470622858410312,0.662,0.718,1,"GRCh38-NUFIP1","NUFIP1","14"
0.0854226502528747,-0.470461112653165,0.195,0.232,1,"GRCh38-DEPDC1B","DEPDC1B","14"
6.90884532749438e-05,-0.470253742439106,0.162,0.279,1,"GRCh38-TENT5C","TENT5C","14"
0.000974019632391147,-0.468886833931283,0.738,0.751,1,"GRCh38-POLE3","POLE3","14"
0.00035409415239705,-0.467987006352498,0.067,0.155,1,"GRCh38-MARCHF3","MARCHF3","14"
0.492736448348162,-0.467658619960812,0.971,0.917,1,"GRCh38-KYNU","KYNU","14"
0.23777908620643,-0.467316191243678,0.962,0.89,1,"GRCh38-CTSL","CTSL","14"
0.639901004140278,-0.467306257342321,0.752,0.687,1,"GRCh38-CHORDC1","CHORDC1","14"
0.595623210825859,-0.466031064000166,0.857,0.823,1,"GRCh38-GALNT2","GALNT2","14"
2.63677739642025e-05,-0.465586770267321,0.024,0.115,1,"GRCh38-ENSG00000253706","ENSG00000253706","14"
0.000531820725677955,-0.465174899496921,0.395,0.48,1,"GRCh38-PDK1","PDK1","14"
6.042709310035e-05,-0.464442784609173,0.395,0.486,1,"GRCh38-CERS6","CERS6","14"
0.000750339125740043,-0.464213542060673,0.11,0.197,1,"GRCh38-SLC7A2","SLC7A2","14"
0.430358252455599,-0.463618451138995,0.905,0.886,1,"GRCh38-CD164","CD164","14"
4.70839506047311e-05,-0.463548743426321,0.505,0.627,1,"GRCh38-CEP83","CEP83","14"
0.0235050324860918,-0.463348380423226,0.595,0.623,1,"GRCh38-MTUS1","MTUS1","14"
0.689209195338351,-0.463104997417918,0.443,0.443,1,"GRCh38-DDX60","DDX60","14"
0.0171895469909783,-0.462870908719082,0.886,0.865,1,"GRCh38-LSM5","LSM5","14"
7.59531736591916e-05,-0.462047486836107,0.9,0.913,1,"GRCh38-KDELR2","KDELR2","14"
0.277146039017151,-0.461599278621523,0.976,0.922,1,"GRCh38-CCDC47","CCDC47","14"
0.00188759417185346,-0.460842207919375,0.943,0.915,1,"GRCh38-PHLDB2","PHLDB2","14"
0.648396947458234,-0.460484242311802,0.871,0.833,1,"GRCh38-P4HA1","P4HA1","14"
3.58328749293801e-05,-0.460403619147286,0.852,0.836,1,"GRCh38-ALDH3A2","ALDH3A2","14"
0.691034757192379,-0.459626479239029,0.362,0.348,1,"GRCh38-FBXO5","FBXO5","14"
4.70098566083774e-05,-0.459426734736529,0.229,0.342,1,"GRCh38-FERMT1","FERMT1","14"
5.06322007470073e-05,-0.459087966667301,0.386,0.488,1,"GRCh38-NCLN","NCLN","14"
0.00731572747585876,-0.459011751504542,0.743,0.747,1,"GRCh38-ZNRD2","ZNRD2","14"
0.964590240958131,-0.458366810765729,0.829,0.803,1,"GRCh38-GALNT1","GALNT1","14"
0.103742921562366,-0.456600088165408,0.976,0.935,1,"GRCh38-SPAG9","SPAG9","14"
0.0289172263211098,-0.45648032251054,0.862,0.872,1,"GRCh38-SSR1","SSR1","14"
0.000827784910721078,-0.456417641461941,0.724,0.747,1,"GRCh38-RYR2","RYR2","14"
0.00254640359950371,-0.455742556720425,0.514,0.586,1,"GRCh38-HES4","HES4","14"
0.0686524728994258,-0.455565336488137,0.619,0.623,1,"GRCh38-MAGOHB","MAGOHB","14"
0.0289975040823706,-0.455140130857088,0.29,0.328,1,"GRCh38-PANX1","PANX1","14"
0.436281662894212,-0.454400400085539,0.281,0.288,1,"GRCh38-ANKRD37","ANKRD37","14"
9.73703053344203e-05,-0.454275094534032,0.771,0.781,1,"GRCh38-RBM28","RBM28","14"
0.0142432735471591,-0.453948537231501,0.586,0.63,1,"GRCh38-RAP2B","RAP2B","14"
0.801806286339129,-0.45343198404729,0.724,0.665,1,"GRCh38-DTYMK","DTYMK","14"
0.100104737428845,-0.450822366187654,0.948,0.9,1,"GRCh38-G3BP1","G3BP1","14"
0.00173141664046448,-0.450663402475254,0.057,0.127,1,"GRCh38-TRAF1","TRAF1","14"
0.0043876254815163,-0.450637150511565,0.314,0.389,1,"GRCh38-RFC4","RFC4","14"
0.00782044991156707,-0.449968382056892,0.576,0.624,1,"GRCh38-UCHL3","UCHL3","14"
0.00121449745109598,-0.44935162212187,0.848,0.855,1,"GRCh38-AATF","AATF","14"
0.184799726298201,-0.448930487882395,0.819,0.812,1,"GRCh38-OXSR1","OXSR1","14"
0.422687595874909,-0.447325686760736,0.752,0.699,1,"GRCh38-CD9","CD9","14"
1.45201029499215e-05,-0.447014489942017,0.029,0.129,1,"GRCh38-NRGN","NRGN","14"
0.218544669760638,-0.446312534446725,0.543,0.557,1,"GRCh38-PLAUR","PLAUR","14"
0.000139531397031785,-0.445985513610506,0.381,0.483,1,"GRCh38-RIN1","RIN1","14"
0.597210960899602,-0.445689722029858,0.681,0.61,1,"GRCh38-FSTL1","FSTL1","14"
0.00692018986474987,-0.444936450105162,1,0.967,1,"GRCh38-SH3BGRL3","SH3BGRL3","14"
0.215586910717352,-0.444834617246763,1,0.98,1,"GRCh38-CANX","CANX","14"
0.000578287134651154,-0.444452143131197,0.6,0.646,1,"GRCh38-CRNDE","CRNDE","14"
0.00777339770075622,-0.44430641956412,0.981,0.932,1,"GRCh38-MRPL14","MRPL14","14"
4.87834413855226e-05,-0.444074903882197,0.467,0.551,1,"GRCh38-MAK16","MAK16","14"
0.742384202822526,-0.443580208478958,0.686,0.645,1,"GRCh38-SLC20A1","SLC20A1","14"
0.909046547907816,-0.443532248071901,0.305,0.291,1,"GRCh38-AKR1B10","AKR1B10","14"
0.0153904334748187,-0.443518018493506,0.352,0.411,1,"GRCh38-SPDL1","SPDL1","14"
0.0064073464923651,-0.443491803153202,0.533,0.592,1,"GRCh38-C1orf21","C1orf21","14"
0.0279691214866767,-0.443046536274537,0.99,0.97,1,"GRCh38-FLNA","FLNA","14"
0.0451516428385171,-0.442748809188134,0.995,0.959,1,"GRCh38-PDCD5","PDCD5","14"
0.0207565262092579,-0.442599696185591,0.662,0.68,1,"GRCh38-PSMG3","PSMG3","14"
2.89106475038371e-05,-0.44167301371548,0.043,0.142,1,"GRCh38-ENSG00000290113","ENSG00000290113","14"
3.27578413809531e-05,-0.441476738771044,0.024,0.114,1,"GRCh38-ATP8A2","ATP8A2","14"
0.366678411325847,-0.441444333772229,1,0.99,1,"GRCh38-HSP90AA1","HSP90AA1","14"
3.2857478525528e-05,-0.441426726402654,0.652,0.708,1,"GRCh38-RRP7A","RRP7A","14"
3.36050361545295e-05,-0.441025273450889,0.438,0.538,1,"GRCh38-TIMM8A","TIMM8A","14"
9.81705832501295e-05,-0.440981716534026,0.881,0.905,1,"GRCh38-CYP51A1","CYP51A1","14"
0.0421983969295158,-0.440683193193924,0.914,0.89,1,"GRCh38-SRPK1","SRPK1","14"
0.319630243968575,-0.440537170056148,0.948,0.922,1,"GRCh38-SPIDR","SPIDR","14"
0.00180549399566878,-0.440420574222679,0.376,0.452,1,"GRCh38-LSS","LSS","14"
0.389654427437603,-0.440345159357995,0.714,0.664,1,"GRCh38-EBP","EBP","14"
3.45899226955861e-05,-0.440300343402608,0.676,0.725,1,"GRCh38-WDR3","WDR3","14"
0.00013268414924164,-0.440063728798902,0.029,0.11,1,"GRCh38-MIR2052HG","MIR2052HG","14"
0.00517438804540378,-0.439957154755362,0.619,0.681,1,"GRCh38-SQLE","SQLE","14"
0.000514408808389065,-0.439077205055933,0.062,0.143,1,"GRCh38-TINAGL1","TINAGL1","14"
0.11467425002133,-0.438871160269958,0.952,0.905,1,"GRCh38-SMS","SMS","14"
0.000491302085906441,-0.43886823746518,0.61,0.674,1,"GRCh38-NUP155","NUP155","14"
4.94296288423512e-05,-0.438717764911019,0.876,0.887,1,"GRCh38-ENOSF1","ENOSF1","14"
0.030789037651194,-0.437938178904035,0.814,0.802,1,"GRCh38-EFEMP1","EFEMP1","14"
0.074220085042936,-0.437837419915583,0.981,0.968,1,"GRCh38-PLP2","PLP2","14"
0.701936792359237,-0.437704865276824,0.724,0.71,1,"GRCh38-SLC39A11","SLC39A11","14"
0.000145459629307188,-0.437180016298803,0.614,0.668,1,"GRCh38-DUBR","DUBR","14"
4.8094481147552e-05,-0.437036447002675,0.39,0.51,1,"GRCh38-PALS2","PALS2","14"
0.003352589888832,-0.436937740080889,0.238,0.314,1,"GRCh38-DSN1","DSN1","14"
0.00127000297159492,-0.436609204452398,0.71,0.751,1,"GRCh38-USP36","USP36","14"
1.45816102131869e-05,-0.436437026191155,0.667,0.721,1,"GRCh38-MRPS17","MRPS17","14"
0.000270521052842204,-0.436201170595902,0.876,0.869,1,"GRCh38-DNTTIP1","DNTTIP1","14"
0.447471164198509,-0.436100119076594,0.519,0.511,1,"GRCh38-UBE2T","UBE2T","14"
0.000403321131729834,-0.435020656445149,0.095,0.186,1,"GRCh38-STIL","STIL","14"
0.422943234927653,-0.43495771608952,0.571,0.509,1,"GRCh38-LUCAT1","LUCAT1","14"
0.00401779788659178,-0.434871055343382,0.9,0.884,1,"GRCh38-COA4","COA4","14"
0.00432940484341262,-0.434843749003908,0.867,0.827,1,"GRCh38-IGF1R","IGF1R","14"
0.0161970531362089,-0.4342502402554,0.233,0.293,1,"GRCh38-CATSPERB","CATSPERB","14"
5.81443613652728e-05,-0.434205353188288,0.2,0.316,1,"GRCh38-BNC1","BNC1","14"
2.70084809336497e-05,-0.434083187187664,0.633,0.684,1,"GRCh38-LONP1","LONP1","14"
2.95788775554009e-05,-0.433486044938603,0.324,0.436,1,"GRCh38-TRIM7","TRIM7","14"
2.92114561693573e-05,-0.433062698229955,0.986,0.954,1,"GRCh38-DDT","DDT","14"
0.00232131280658039,-0.433016255406876,0.852,0.816,1,"GRCh38-GRPEL1","GRPEL1","14"
0.000131968062868086,-0.432505997286585,0.719,0.787,1,"GRCh38-PTRH2","PTRH2","14"
0.00158000404787918,-0.431381291859537,1,0.972,1,"GRCh38-TOMM20","TOMM20","14"
0.909815002060245,-0.431046323798156,0.957,0.911,1,"GRCh38-MACROH2A1","MACROH2A1","14"
0.51496144418539,-0.430989461115846,0.943,0.891,1,"GRCh38-SHISA5","SHISA5","14"
0.000119451307321223,-0.430688521834481,0.029,0.111,1,"GRCh38-RAB38","RAB38","14"
0.855796737625488,-0.430662362837666,0.829,0.759,1,"GRCh38-DNMT1","DNMT1","14"
0.0045235556032529,-0.430550688349281,0.943,0.91,1,"GRCh38-TCERG1","TCERG1","14"
0.0512596173126606,-0.430055914549689,0.471,0.493,1,"GRCh38-VAV2","VAV2","14"
2.74971557359269e-05,-0.430026508215882,0.09,0.201,1,"GRCh38-C3orf52","C3orf52","14"
0.0457407553515177,-0.429857192164388,0.148,0.195,1,"GRCh38-HCCS-DT","HCCS-DT","14"
0.000364398034077327,-0.429509439689215,0.833,0.831,1,"GRCh38-PFDN6","PFDN6","14"
0.142924529126412,-0.429377470058414,0.938,0.902,1,"GRCh38-SNAPC1","SNAPC1","14"
0.369981857929452,-0.429251314131507,0.919,0.896,1,"GRCh38-STIP1","STIP1","14"
0.00251580691906426,-0.429225257197699,0.295,0.377,1,"GRCh38-LIMK2","LIMK2","14"
0.120044570471506,-0.429022233693444,0.814,0.786,1,"GRCh38-SEC61A1","SEC61A1","14"
0.103112099457942,-0.428748972401575,0.9,0.851,1,"GRCh38-MRPL18","MRPL18","14"
0.309093653595887,-0.428425236671256,0.9,0.872,1,"GRCh38-TFDP1","TFDP1","14"
0.000409345904033416,-0.427877561490753,0.39,0.478,1,"GRCh38-USP31","USP31","14"
0.000157131787129756,-0.427642293970936,0.095,0.194,1,"GRCh38-VSNL1","VSNL1","14"
0.470191402318528,-0.427513049776241,0.09,0.105,1,"GRCh38-ENSG00000259560","ENSG00000259560","14"
1.98326996330079e-05,-0.427236663163302,1,0.982,1,"GRCh38-YBX3","YBX3","14"
0.00592525359800369,-0.427214782894708,0.205,0.275,1,"GRCh38-MASTL","MASTL","14"
0.0243486726312076,-0.426690398721687,0.581,0.624,1,"GRCh38-KLHL29","KLHL29","14"
0.358743657722738,-0.426471693801312,0.805,0.731,1,"GRCh38-KIZ","KIZ","14"
0.054094724703581,-0.42483801158382,0.829,0.802,1,"GRCh38-SIPA1L3","SIPA1L3","14"
9.74081627169077e-05,-0.424079398590767,0.424,0.518,1,"GRCh38-ARHGEF4","ARHGEF4","14"
0.0141837432817481,-0.424006349945951,0.733,0.758,1,"GRCh38-IFRD1","IFRD1","14"
0.878960519857626,-0.423868896058841,0.757,0.698,1,"GRCh38-RRAD","RRAD","14"
3.47885902044256e-05,-0.423581451240583,0.89,0.887,1,"GRCh38-GNPDA1","GNPDA1","14"
5.75254011407453e-05,-0.422787845131316,0.171,0.281,1,"GRCh38-ENSG00000250041","ENSG00000250041","14"
0.835358328253151,-0.422605622044324,0.614,0.584,1,"GRCh38-RFC3","RFC3","14"
0.000297149086661331,-0.422576135094067,0.09,0.181,1,"GRCh38-WDR76","WDR76","14"
0.000261132487221904,-0.422512095496711,0.09,0.182,1,"GRCh38-FANCD2","FANCD2","14"
0.0641659779405628,-0.422435001205259,0.271,0.31,1,"GRCh38-LRG1","LRG1","14"
7.79495514538738e-05,-0.421328409250427,0.648,0.698,1,"GRCh38-XPOT","XPOT","14"
0.622681696278278,-0.421024391233453,0.81,0.734,1,"GRCh38-MRPL23","MRPL23","14"
0.356205957462332,-0.421004360618302,0.552,0.531,1,"GRCh38-CENPJ","CENPJ","14"
0.0215683051412713,-0.420813502215486,0.814,0.808,1,"GRCh38-PTBP1","PTBP1","14"
7.19816912643015e-05,-0.420105957828467,0.024,0.108,1,"GRCh38-H2AC11","H2AC11","14"
0.00313084008277369,-0.419712604675281,0.376,0.457,1,"GRCh38-ELMO1","ELMO1","14"
0.0573543308055009,-0.418990662810609,0.533,0.551,1,"GRCh38-RGS17","RGS17","14"
0.944916678023103,-0.418874176457356,0.686,0.638,1,"GRCh38-EGLN1","EGLN1","14"
4.69526062208779e-05,-0.418841519346933,0.2,0.317,1,"GRCh38-NDC1","NDC1","14"
0.00962456572012084,-0.418805025176958,0.233,0.303,1,"GRCh38-WDHD1","WDHD1","14"
0.00400672504033298,-0.418656310030421,0.405,0.467,1,"GRCh38-ATP6V1B2","ATP6V1B2","14"
6.71567360833139e-05,-0.418283767001497,0.8,0.811,1,"GRCh38-PEDS1","PEDS1","14"
0.0280621110901435,-0.41801388339906,0.995,0.967,1,"GRCh38-CCT2","CCT2","14"
0.65896113468376,-0.417624705179892,1,0.991,1,"GRCh38-PPIA","PPIA","14"
0.0547324845954651,-0.41700983052166,0.824,0.826,1,"GRCh38-AFAP1","AFAP1","14"
0.14070582715277,-0.416781651591221,0.333,0.357,1,"GRCh38-CASC8","CASC8","14"
3.31859667098383e-05,-0.416563059394507,0.019,0.107,1,"GRCh38-HLA-DRB6","HLA-DRB6","14"
0.00102898502122418,-0.416467103349085,0.3,0.394,1,"GRCh38-GRK3","GRK3","14"
0.00180572300791387,-0.416378518218256,0.738,0.762,1,"GRCh38-DHX15","DHX15","14"
0.32882947755071,-0.416250093216282,0.248,0.262,1,"GRCh38-OAS1","OAS1","14"
0.215111327591011,-0.415471759512743,0.938,0.914,1,"GRCh38-SRSF7","SRSF7","14"
8.05674708751481e-05,-0.415396626133865,0.533,0.642,1,"GRCh38-VKORC1L1","VKORC1L1","14"
0.00187152519205997,-0.41517030790905,0.433,0.497,1,"GRCh38-FASN","FASN","14"
6.76179058665659e-05,-0.414847674627659,0.186,0.306,1,"GRCh38-POLR3G","POLR3G","14"
0.330338214413258,-0.414532985702229,1,0.997,1,"GRCh38-ACTG1","ACTG1","14"
8.69184774341893e-05,-0.414325241173648,0.857,0.854,1,"GRCh38-ZNF593","ZNF593","14"
0.000712407718413068,-0.414040022304675,0.062,0.138,1,"GRCh38-LINC02932","LINC02932","14"
0.00718977877361991,-0.41364523030079,0.076,0.135,1,"GRCh38-ADGRG1","ADGRG1","14"
0.00757371383004345,-0.413137480678975,0.952,0.935,1,"GRCh38-LARP1","LARP1","14"
0.000198010540451128,-0.412287476115813,0.786,0.817,1,"GRCh38-CCDC6","CCDC6","14"
0.10486529996656,-0.411637320835122,0.986,0.924,1,"GRCh38-GPHN","GPHN","14"
0.0129110876265235,-0.41107415920554,0.852,0.844,1,"GRCh38-PDXK","PDXK","14"
0.212090371650812,-0.410503373683559,0.195,0.215,1,"GRCh38-ARHGAP11A","ARHGAP11A","14"
5.98163977828145e-05,-0.410441279349243,0.186,0.3,1,"GRCh38-SOWAHC","SOWAHC","14"
0.0108347194588122,-0.410331800161511,0.91,0.886,1,"GRCh38-GLRX3","GLRX3","14"
0.805016045838792,-0.410001290881131,0.914,0.862,1,"GRCh38-CSRP1","CSRP1","14"
0.17421041341645,-0.409935307344038,1,0.977,1,"GRCh38-VDAC1","VDAC1","14"
0.285781380476261,-0.408992321340652,0.919,0.909,1,"GRCh38-LITAF","LITAF","14"
0.464539281123973,-0.408921263907845,0.838,0.818,1,"GRCh38-PPP2R2A","PPP2R2A","14"
0.000623282516574471,-0.408555188086058,0.781,0.806,1,"GRCh38-SREBF2","SREBF2","14"
0.00123672262034035,-0.407970822423821,0.3,0.399,1,"GRCh38-TNS1","TNS1","14"
0.67130577598867,-0.407959429670863,1,0.986,1,"GRCh38-HSPA8","HSPA8","14"
0.174275256334725,-0.407529873550162,0.51,0.512,1,"GRCh38-RBL1","RBL1","14"
1.56872023363948e-05,-0.407000335458841,0.814,0.821,1,"GRCh38-MACROD1","MACROD1","14"
5.23399678984977e-05,-0.406996592676943,0.619,0.676,1,"GRCh38-IL20RB","IL20RB","14"
0.00342398775332685,-0.406912646017633,0.995,0.96,1,"GRCh38-SNRPE","SNRPE","14"
5.15888230660531e-05,-0.406404079426423,0.643,0.709,1,"GRCh38-TMEM43","TMEM43","14"
0.000743813425343112,-0.40592983089516,0.443,0.517,1,"GRCh38-CHML","CHML","14"
0.00829304387252685,-0.405842832015972,0.233,0.306,1,"GRCh38-CDH3","CDH3","14"
9.37591846060894e-05,-0.405751694443671,0.4,0.508,1,"GRCh38-RCAN1","RCAN1","14"
0.0700768387981115,-0.405675498119096,0.119,0.16,1,"GRCh38-H2AC17","H2AC17","14"
0.00434997518278325,-0.405318000825627,0.229,0.32,1,"GRCh38-LINC01615","LINC01615","14"
0.82179720755933,-0.404551793928129,0.705,0.669,1,"GRCh38-DCBLD1","DCBLD1","14"
0.00650327551692678,-0.404341395811312,0.648,0.672,1,"GRCh38-LYRM4","LYRM4","14"
0.195886528341525,-0.403987308505323,0.981,0.935,1,"GRCh38-EIF5","EIF5","14"
0.0119736846052852,-0.402718566862794,0.714,0.735,1,"GRCh38-NSUN2","NSUN2","14"
0.211099718560469,-0.402633552084802,0.938,0.911,1,"GRCh38-ITGA3","ITGA3","14"
0.000185358049259083,-0.402536055868249,0.1,0.194,1,"GRCh38-ZGRF1","ZGRF1","14"
2.18264300823528e-05,-0.40247652442989,0.262,0.379,1,"GRCh38-MARVELD1","MARVELD1","14"
0.0196054213735184,-0.402252308054883,0.662,0.693,1,"GRCh38-RNF126","RNF126","14"
0.00332976610961498,-0.401798091842087,0.181,0.261,1,"GRCh38-MAP7","MAP7","14"
0.161848947702784,-0.401483852261565,0.476,0.498,1,"GRCh38-IRAK2","IRAK2","14"
0.000429264354746711,-0.401463106200177,0.857,0.852,1,"GRCh38-HPRT1","HPRT1","14"
0.787257421126931,-0.4007946742204,0.867,0.822,1,"GRCh38-ATP1B3","ATP1B3","14"
0.00601767565548571,-0.400684281530645,0.481,0.552,1,"GRCh38-TRMT6","TRMT6","14"
0.0065464848832961,-0.399543709990491,0.305,0.378,1,"GRCh38-GM2A","GM2A","14"
0.656843971292941,-0.39926472843642,0.624,0.585,1,"GRCh38-KCNQ1OT1","KCNQ1OT1","14"
0.174562727382197,-0.399248435539903,0.148,0.175,1,"GRCh38-ENSG00000263551","ENSG00000263551","14"
1.71461556472457e-05,-0.398485515730827,0.567,0.656,1,"GRCh38-GFUS","GFUS","14"
0.00256618466758387,-0.396982881985538,0.4,0.475,1,"GRCh38-PRPS2","PRPS2","14"
0.00840934057295972,-0.396916736223335,0.471,0.506,1,"GRCh38-INSIG1","INSIG1","14"
0.601589015397391,-0.396506859264699,0.905,0.887,1,"GRCh38-PSMD12","PSMD12","14"
0.00126995747768578,-0.396232330391632,0.924,0.908,1,"GRCh38-BUD23","BUD23","14"
0.00126236926259647,-0.396189984945852,1,0.966,1,"GRCh38-CNBP","CNBP","14"
1.96503847058231e-05,-0.396063350413562,0.786,0.807,1,"GRCh38-UTP18","UTP18","14"
0.00608841517154721,-0.396026259248167,0.79,0.786,1,"GRCh38-GNL2","GNL2","14"
0.00110463372124213,-0.395798481277769,0.448,0.519,1,"GRCh38-PCSK6","PCSK6","14"
0.303545315995829,-0.395584900265151,0.962,0.933,1,"GRCh38-IPO7","IPO7","14"
0.0547368806622675,-0.395317102148484,0.876,0.862,1,"GRCh38-IKBIP","IKBIP","14"
0.053129803855004,-0.395190977216448,0.11,0.151,1,"GRCh38-HTR7","HTR7","14"
0.0735045851661194,-0.395172148275439,0.381,0.419,1,"GRCh38-FYN","FYN","14"
0.0509993388705653,-0.394541615236483,0.276,0.325,1,"GRCh38-LINC00571","LINC00571","14"
0.0597264436633654,-0.394487638701282,1,0.957,1,"GRCh38-ASAP1","ASAP1","14"
0.000319279247123658,-0.3944001651007,0.943,0.827,1,"GRCh38-TUBB3","TUBB3","14"
0.00212515068035745,-0.3941199944805,0.862,0.859,1,"GRCh38-FAM174C","FAM174C","14"
0.00565805052625368,-0.394047355355809,0.614,0.675,1,"GRCh38-PRPF19","PRPF19","14"
0.000405249213001175,-0.393465511826802,0.557,0.602,1,"GRCh38-ZPR1","ZPR1","14"
0.000557274811248833,-0.393030615857483,0.219,0.313,1,"GRCh38-LMNB2","LMNB2","14"
1.44107182739279e-05,-0.392622261748262,0.086,0.206,1,"GRCh38-ARL4C","ARL4C","14"
0.28039710547353,-0.392241629521266,0.571,0.587,1,"GRCh38-ACOT7","ACOT7","14"
7.79087109491439e-05,-0.39209887824886,0.619,0.677,1,"GRCh38-HDHD5","HDHD5","14"
0.00496739997724375,-0.391719138699504,0.695,0.712,1,"GRCh38-CCDC107","CCDC107","14"
0.0341231701536477,-0.391188662070811,0.795,0.779,1,"GRCh38-GNA12","GNA12","14"
0.000134449951117795,-0.390775552640314,0.824,0.84,1,"GRCh38-ANXA7","ANXA7","14"
0.0428555735358109,-0.390609210752651,0.557,0.574,1,"GRCh38-MSH2","MSH2","14"
0.00928147016684703,-0.3905800213829,0.79,0.78,1,"GRCh38-AHCTF1","AHCTF1","14"
0.439169538482616,-0.390402241901739,0.581,0.522,1,"GRCh38-NCAPD3","NCAPD3","14"
7.19961108260723e-05,-0.390341198663087,0.848,0.852,1,"GRCh38-DMAC1","DMAC1","14"
0.00109133809544832,-0.389941650603594,0.062,0.138,1,"GRCh38-POU2F2","POU2F2","14"
0.00159787615730263,-0.389380438661234,0.633,0.422,1,"GRCh38-LINC01287","LINC01287","14"
5.49861102429757e-05,-0.389236074157146,0.09,0.199,1,"GRCh38-LMO2","LMO2","14"
0.00241816253160798,-0.388930436049363,0.948,0.946,1,"GRCh38-LSM7","LSM7","14"
0.021005826460798,-0.388757686190415,0.414,0.456,1,"GRCh38-AFMID","AFMID","14"
0.179089471771196,-0.388723898550898,0.705,0.667,1,"GRCh38-TOPBP1","TOPBP1","14"
0.0556398410313361,-0.388598238115246,0.633,0.53,1,"GRCh38-DNM3","DNM3","14"
0.0405225344114085,-0.388337510658508,0.714,0.723,1,"GRCh38-NUP153","NUP153","14"
0.120987294158362,-0.388324685657373,0.324,0.353,1,"GRCh38-MAN1A1","MAN1A1","14"
0.126287628963676,-0.388312543582396,0.581,0.57,1,"GRCh38-PATL1","PATL1","14"
0.0721317222550866,-0.387999863095132,0.871,0.833,1,"GRCh38-COL7A1","COL7A1","14"
0.00671896265377835,-0.387771038485395,0.948,0.919,1,"GRCh38-DANCR","DANCR","14"
7.46099946018846e-05,-0.387691122434227,0.552,0.637,1,"GRCh38-ENTR1","ENTR1","14"
0.0373018984762059,-0.386200415893312,0.143,0.19,1,"GRCh38-FANCB","FANCB","14"
0.000132872847492498,-0.385839568042528,1,0.996,1,"GRCh38-RPS18","RPS18","14"
0.000783792633259074,-0.385528239713153,1,0.988,1,"GRCh38-EIF4A1","EIF4A1","14"
0.00151304887539562,-0.384972447438608,0.776,0.82,1,"GRCh38-TRMT10C","TRMT10C","14"
0.000452128439917787,-0.384648752631572,0.367,0.456,1,"GRCh38-PARP12","PARP12","14"
0.000678753155431222,-0.384576720658467,0.481,0.559,1,"GRCh38-PRPS1","PRPS1","14"
0.0855601523885226,-0.384425068259773,0.586,0.602,1,"GRCh38-TMED7","TMED7","14"
0.00150670903801746,-0.384424297064297,0.429,0.498,1,"GRCh38-PIGU","PIGU","14"
0.161993351818545,-0.383932026034773,0.167,0.196,1,"GRCh38-ADAMTS3","ADAMTS3","14"
0.00030285126148615,-0.383585469383722,0.981,0.949,1,"GRCh38-EPRS1","EPRS1","14"
0.0041075093001892,-0.3821112412024,0.248,0.334,1,"GRCh38-GPSM2","GPSM2","14"
0.401436806694933,-0.382086276505571,0.467,0.449,1,"GRCh38-ARF5","ARF5","14"
0.510815982974503,-0.381959292826237,0.91,0.847,1,"GRCh38-ATG7","ATG7","14"
0.855688250040213,-0.381835306308521,0.976,0.946,1,"GRCh38-SRSF3","SRSF3","14"
0.707116478244343,-0.38132312915726,0.676,0.649,1,"GRCh38-IER5","IER5","14"
0.000638415499542877,-0.381315162405208,0.138,0.231,1,"GRCh38-MCM8","MCM8","14"
0.00508223307754821,-0.380794712404177,0.267,0.344,1,"GRCh38-RNF19B","RNF19B","14"
4.68386559356436e-05,-0.38061838837717,0.033,0.124,1,"GRCh38-BLM","BLM","14"
0.013689299701957,-0.380593257322283,0.462,0.345,1,"GRCh38-BTG2","BTG2","14"
0.000721441196792295,-0.38051270295914,0.971,0.941,1,"GRCh38-METTL26","METTL26","14"
0.023216789473658,-0.38006219710603,0.705,0.743,1,"GRCh38-AFDN","AFDN","14"
0.00311342600539107,-0.379940209476494,0.148,0.225,1,"GRCh38-PSTPIP2","PSTPIP2","14"
0.00169256191965752,-0.379924684678453,0.7,0.729,1,"GRCh38-PTGES2","PTGES2","14"
0.551667310679113,-0.379817012911707,0.743,0.668,1,"GRCh38-FZD6","FZD6","14"
0.0565392601988032,-0.379742641805435,0.162,0.207,1,"GRCh38-FHIP1A","FHIP1A","14"
0.00445445541248951,-0.379569590115553,0.314,0.386,1,"GRCh38-TGM2","TGM2","14"
0.0137727329266274,-0.379082104024893,0.881,0.887,1,"GRCh38-UBA2","UBA2","14"
0.00038250535608426,-0.378760513330447,0.052,0.136,1,"GRCh38-LINC01605","LINC01605","14"
0.000114981816135895,-0.378617893194277,0.414,0.522,1,"GRCh38-NUP93","NUP93","14"
0.00520673716718284,-0.378611076214144,0.081,0.145,1,"GRCh38-LINC02391","LINC02391","14"
0.312127453001063,-0.378492430961359,0.314,0.266,1,"GRCh38-GK","GK","14"
0.0013764099895057,-0.378421814601642,0.2,0.297,1,"GRCh38-HSD17B1","HSD17B1","14"
0.0280476616611595,-0.377605776159028,0.229,0.286,1,"GRCh38-CENPA","CENPA","14"
0.00223393161493992,-0.377483804550525,0.481,0.547,1,"GRCh38-PKP3","PKP3","14"
0.0817761188161152,-0.377425271923246,0.605,0.623,1,"GRCh38-ZFAND2A","ZFAND2A","14"
0.0230095402176192,-0.377396294516317,0.552,0.586,1,"GRCh38-WARS1","WARS1","14"
0.315048776941169,-0.377190274635617,0.89,0.875,1,"GRCh38-HSPA4","HSPA4","14"
0.000480303097707589,-0.377165632895718,0.533,0.594,1,"GRCh38-JPT2","JPT2","14"
0.00688511481698085,-0.377110083254658,0.876,0.869,1,"GRCh38-ZYX","ZYX","14"
0.390921224820001,-0.37700618554311,0.724,0.69,1,"GRCh38-BCAR1","BCAR1","14"
0.00103262523848205,-0.376720690016642,0.143,0.231,1,"GRCh38-POLA2","POLA2","14"
0.000795285398420579,-0.376425090758175,0.233,0.335,1,"GRCh38-PTCHD4","PTCHD4","14"
0.00447350391655062,-0.376344093834708,0.895,0.883,1,"GRCh38-MRPL4","MRPL4","14"
0.410588500832453,-0.376062630061579,0.967,0.932,1,"GRCh38-PRMT1","PRMT1","14"
2.29230854735685e-05,-0.375318792576524,0.219,0.35,1,"GRCh38-NUDT8","NUDT8","14"
0.196632797479618,-0.374982690679963,0.976,0.955,1,"GRCh38-LRRFIP1","LRRFIP1","14"
0.0136936646748022,-0.374881269642025,0.557,0.655,1,"GRCh38-CEMIP2","CEMIP2","14"
0.744771484609486,-0.374771318604211,0.829,0.785,1,"GRCh38-ARL8B","ARL8B","14"
0.654086795729068,-0.374627017000694,0.69,0.666,1,"GRCh38-PHLDA3","PHLDA3","14"
0.000435551036701687,-0.374614878515784,1,0.999,1,"GRCh38-GAPDH","GAPDH","14"
0.0223396236164366,-0.374553095160391,0.914,0.895,1,"GRCh38-YIF1A","YIF1A","14"
0.000254542775728204,-0.374463350870905,0.862,0.867,1,"GRCh38-PGRMC1","PGRMC1","14"
0.0237128528277728,-0.374301519747379,0.71,0.738,1,"GRCh38-SNRPA1","SNRPA1","14"
0.00162560617802062,-0.37422037831709,0.581,0.629,1,"GRCh38-JOSD1","JOSD1","14"
8.85018219586157e-05,-0.373622142174021,0.562,0.374,1,"GRCh38-LINC01980","LINC01980","14"
0.0515900492281892,-0.37361775162033,0.976,0.922,1,"GRCh38-GMDS","GMDS","14"
0.00154494479162475,-0.373575706757538,0.79,0.79,1,"GRCh38-PRELID3B","PRELID3B","14"
0.00147969802774169,-0.373358658705269,0.767,0.803,1,"GRCh38-NXN","NXN","14"
0.645785273686595,-0.373058889502086,0.452,0.447,1,"GRCh38-NEDD9","NEDD9","14"
0.000189809585142923,-0.372907258943831,0.033,0.115,1,"GRCh38-ACER2","ACER2","14"
0.0805655584378464,-0.372818101879199,0.6,0.622,1,"GRCh38-FKBP14","FKBP14","14"
0.00020468957014509,-0.372256801389013,0.562,0.634,1,"GRCh38-WDR46","WDR46","14"
0.000159074538609246,-0.371811177725509,0.895,0.878,1,"GRCh38-MRPS30","MRPS30","14"
0.162217544301132,-0.371654886283565,0.8,0.777,1,"GRCh38-NUP98","NUP98","14"
6.28041812512233e-05,-0.371466784164096,0.257,0.384,1,"GRCh38-KCNS3","KCNS3","14"
0.000784715958712158,-0.371065315108084,1,0.979,1,"GRCh38-IRX2-DT","IRX2-DT","14"
0.00656860901128542,-0.370922154296301,1,0.967,1,"GRCh38-EIF3A","EIF3A","14"
0.485156714808094,-0.37077259466356,0.486,0.485,1,"GRCh38-ABCA6","ABCA6","14"
0.0486920903179105,-0.370727744642972,0.143,0.195,1,"GRCh38-ENSG00000287172","ENSG00000287172","14"
0.640802835394228,-0.370173396177436,0.914,0.862,1,"GRCh38-GSK3B","GSK3B","14"
0.000101712156183655,-0.370104733791521,0.99,0.946,1,"GRCh38-MICOS13","MICOS13","14"
0.114666666080153,-0.369905918935536,1,0.988,1,"GRCh38-PFN1","PFN1","14"
4.68225733989503e-05,-0.369833972699699,0.048,0.143,1,"GRCh38-HSD11B1","HSD11B1","14"
0.00147196983163333,-0.369070670626788,0.567,0.622,1,"GRCh38-IPO5","IPO5","14"
0.236418929372616,-0.36899735639557,0.69,0.589,1,"GRCh38-POLA1","POLA1","14"
0.0676827183436883,-0.368918126948197,0.295,0.337,1,"GRCh38-BARD1","BARD1","14"
4.2922537013805e-05,-0.368766211002949,0.576,0.654,1,"GRCh38-TSEN2","TSEN2","14"
0.298317646620774,-0.368584511154828,0.981,0.939,1,"GRCh38-PPM1G","PPM1G","14"
0.00529376175656881,-0.368581224560929,0.605,0.631,1,"GRCh38-YEATS4","YEATS4","14"
0.000138386919494233,-0.367808219933184,0.876,0.849,1,"GRCh38-SHMT2","SHMT2","14"
0.839334547600204,-0.367750375566871,0.381,0.361,1,"GRCh38-CFAP20DC","CFAP20DC","14"
0.0357941815027442,-0.367554687306794,0.219,0.268,1,"GRCh38-KNTC1","KNTC1","14"
0.000236192370790538,-0.366944009125466,0.448,0.537,1,"GRCh38-PLXNB2","PLXNB2","14"
0.935427429657636,-0.366879869611756,0.948,0.899,1,"GRCh38-SRSF2","SRSF2","14"
5.95887176846285e-05,-0.36677230391886,0.052,0.15,1,"GRCh38-TNS4","TNS4","14"
0.477030045803953,-0.366454924873669,0.438,0.379,1,"GRCh38-FMN1","FMN1","14"
0.0002388250641478,-0.366231506523198,0.976,0.956,1,"GRCh38-GDI2","GDI2","14"
0.00500342278598759,-0.366218782046798,0.886,0.871,1,"GRCh38-LOXL2","LOXL2","14"
0.000307368825418341,-0.366134026510042,0.543,0.633,1,"GRCh38-DUSP4","DUSP4","14"
0.00511636023209806,-0.366103356995048,0.995,0.957,1,"GRCh38-MDH2","MDH2","14"
0.0980998883649949,-0.36579829034639,0.252,0.289,1,"GRCh38-LINC01151","LINC01151","14"
0.000919672049138466,-0.365617304178163,0.719,0.762,1,"GRCh38-ACO1","ACO1","14"
0.0270226539929702,-0.365578191539981,0.438,0.479,1,"GRCh38-MICALL2","MICALL2","14"
0.276520564637878,-0.365374417969022,1,0.976,1,"GRCh38-CHCHD2","CHCHD2","14"
0.396803597701804,0.364990081010331,0.124,0.105,1,"GRCh38-CLCA4-AS1","CLCA4-AS1","14"
0.0342236855757429,-0.364940885263193,0.829,0.821,1,"GRCh38-UCHL5","UCHL5","14"
0.00450221841273944,-0.364863471906798,0.462,0.531,1,"GRCh38-C6orf120","C6orf120","14"
0.0608731649698279,-0.364818502840627,0.89,0.856,1,"GRCh38-UQCC2","UQCC2","14"
0.481087551715236,-0.364755117350739,0.971,0.927,1,"GRCh38-PSME2","PSME2","14"
0.0749659392469541,-0.364493256594114,0.167,0.206,1,"GRCh38-GINS1","GINS1","14"
0.000563778903466405,-0.364364613695611,0.467,0.56,1,"GRCh38-HMBS","HMBS","14"
0.0271769638978346,-0.364300874181669,0.886,0.851,1,"GRCh38-EIF2S1","EIF2S1","14"
0.000496075956969772,-0.364263430677264,0.41,0.507,1,"GRCh38-SURF2","SURF2","14"
2.22444334123563e-05,-0.364241066806227,0.929,0.773,1,"GRCh38-DENND2B","DENND2B","14"
0.763958506137419,-0.364209952015838,0.895,0.843,1,"GRCh38-FLNB","FLNB","14"
0.881015987289403,-0.363794249510176,0.938,0.88,1,"GRCh38-HNRNPH1","HNRNPH1","14"
0.595220399916686,-0.36373416260691,0.971,0.933,1,"GRCh38-PLS3","PLS3","14"
0.00376310329467157,-0.363591369682975,0.152,0.225,1,"GRCh38-POLE2","POLE2","14"
0.0354865639633666,-0.363588706387745,0.814,0.816,1,"GRCh38-NLN","NLN","14"
0.0155034904924146,-0.363385347063825,0.705,0.739,1,"GRCh38-RELB","RELB","14"
0.00281448443577023,-0.363305214305436,0.148,0.228,1,"GRCh38-STAT4","STAT4","14"
0.0328405696281054,-0.363026863910067,0.995,0.964,1,"GRCh38-SSBP1","SSBP1","14"
0.000275382123970956,-0.363019199947542,0.738,0.789,1,"GRCh38-ATIC","ATIC","14"
0.135761834239089,-0.362760131655094,0.186,0.217,1,"GRCh38-FAM43A","FAM43A","14"
0.883652441743843,-0.362633766635014,0.543,0.486,1,"GRCh38-MSRA","MSRA","14"
0.000942539182809779,-0.362630778046645,0.948,0.927,1,"GRCh38-EIF3J","EIF3J","14"
0.00428050065048288,-0.362328156868108,0.348,0.419,1,"GRCh38-TLCD3A","TLCD3A","14"
0.00740433551268598,-0.362212703253224,0.41,0.301,1,"GRCh38-ADAMTS9-AS2","ADAMTS9-AS2","14"
0.00633802045199317,-0.36126699003735,0.548,0.61,1,"GRCh38-AK6","AK6","14"
0.366409436535304,-0.360953205103839,0.838,0.792,1,"GRCh38-DKK3","DKK3","14"
0.929636863137767,-0.360883387228162,0.824,0.76,1,"GRCh38-MSI2","MSI2","14"
0.0213101493169302,-0.360812146490246,0.843,0.85,1,"GRCh38-GMPS","GMPS","14"
0.000149358889786063,-0.360523760385725,0.324,0.426,1,"GRCh38-NUDT14","NUDT14","14"
0.0405312074320897,-0.360521720960683,0.743,0.737,1,"GRCh38-PROCR","PROCR","14"
0.621984101983607,-0.359943961805124,0.89,0.829,1,"GRCh38-TUBA4A","TUBA4A","14"
0.88368424500927,-0.359859697326292,0.629,0.592,1,"GRCh38-CXADR","CXADR","14"
0.000269378951374189,-0.359649489221448,0.6,0.673,1,"GRCh38-NOPCHAP1","NOPCHAP1","14"
0.386687231500222,-0.359635709785523,0.848,0.806,1,"GRCh38-FNDC3A","FNDC3A","14"
0.0154676616246181,-0.359624717459312,0.71,0.749,1,"GRCh38-MAD2L2","MAD2L2","14"
0.647907695893317,-0.359458267584526,0.543,0.492,1,"GRCh38-JAG1","JAG1","14"
0.977713623606261,-0.359318651095798,0.61,0.569,1,"GRCh38-GNAI1","GNAI1","14"
3.27619705472947e-05,-0.359254680031155,1,0.964,1,"GRCh38-CCT8","CCT8","14"
0.00471482843348023,-0.359101179879759,0.067,0.129,1,"GRCh38-FLI1","FLI1","14"
0.0965848757046968,-0.358936323166084,0.448,0.467,1,"GRCh38-ARL4D","ARL4D","14"
0.0107075495852717,-0.358866652082559,0.729,0.765,1,"GRCh38-POLR1F","POLR1F","14"
1.54800401954245e-05,-0.358436690297327,0.143,0.267,1,"GRCh38-SLC25A10","SLC25A10","14"
0.0738813338267788,-0.358072165870196,0.114,0.157,1,"GRCh38-PTPRD","PTPRD","14"
0.000720759266634714,-0.357888654029475,0.543,0.613,1,"GRCh38-OGFOD1","OGFOD1","14"
8.14700823678239e-05,-0.35777301496421,0.667,0.734,1,"GRCh38-PES1","PES1","14"
0.87311623503239,-0.357616790843065,0.781,0.715,1,"GRCh38-CAV2","CAV2","14"
0.0690688467595435,-0.357385936130823,0.562,0.561,1,"GRCh38-PURB","PURB","14"
0.0551817242906617,-0.357346397673819,0.748,0.743,1,"GRCh38-MAPRE1","MAPRE1","14"
0.81160616702485,-0.357254671539001,0.971,0.904,1,"GRCh38-CD109","CD109","14"
0.853295843588627,-0.357192153631413,0.529,0.503,1,"GRCh38-RGS12","RGS12","14"
0.0527959902640417,-0.356995416601546,0.848,0.822,1,"GRCh38-TXLNG","TXLNG","14"
0.000552932149594281,-0.356835772422907,0.481,0.557,1,"GRCh38-PRKX","PRKX","14"
0.0206850865250797,-0.356456621721887,0.61,0.631,1,"GRCh38-UTP20","UTP20","14"
0.00223187185250925,-0.356291140024073,0.262,0.345,1,"GRCh38-MZT1","MZT1","14"
0.0320716445523686,-0.356060950450168,0.6,0.608,1,"GRCh38-NOP2","NOP2","14"
0.567324325267844,-0.355908267132742,0.352,0.347,1,"GRCh38-DIPK2A","DIPK2A","14"
0.202915979564814,-0.355573167708606,0.9,0.845,1,"GRCh38-STARD13","STARD13","14"
0.00016687629520576,-0.355145701794258,0.133,0.241,1,"GRCh38-TMEM178B","TMEM178B","14"
4.86896893070096e-05,-0.355029266066405,0.019,0.104,1,"GRCh38-E2F1","E2F1","14"
0.0404368893687503,-0.354781901183717,0.986,0.938,1,"GRCh38-CYC1","CYC1","14"
0.0220640148888872,-0.35469117252055,0.3,0.368,1,"GRCh38-NEBL","NEBL","14"
0.00583311114521918,-0.35443184726442,0.752,0.767,1,"GRCh38-COLGALT1","COLGALT1","14"
0.0275403722112267,-0.354090084301782,0.5,0.549,1,"GRCh38-HYOU1","HYOU1","14"
0.000672912822617821,-0.354014372815875,0.229,0.327,1,"GRCh38-SFMBT1","SFMBT1","14"
2.59495432421916e-05,-0.354002293825265,0.314,0.431,1,"GRCh38-PPRC1","PPRC1","14"
0.000455645020526236,-0.353629003275055,0.548,0.633,1,"GRCh38-NARS2","NARS2","14"
0.00300893226671819,-0.353519675957957,0.995,0.97,1,"GRCh38-APLP2","APLP2","14"
0.000927163445649981,-0.353466013750395,0.414,0.497,1,"GRCh38-NUP210","NUP210","14"
0.203214244489012,-0.353457824672212,0.843,0.828,1,"GRCh38-NAA50","NAA50","14"
0.00165281455855942,-0.3534204388795,0.738,0.765,1,"GRCh38-VPS26A","VPS26A","14"
2.49273573160886e-05,0.353168441345146,0.186,0.102,1,"GRCh38-DSEL-AS1","DSEL-AS1","14"
0.00464592004378482,-0.352985758940437,0.338,0.411,1,"GRCh38-SCHIP1","SCHIP1","14"
0.911688666902176,-0.35291263624858,1,0.974,1,"GRCh38-MT-ND2","MT-ND2","14"
0.195207693936082,0.352682188754426,0.352,0.309,1,"GRCh38-ENSG00000251095","ENSG00000251095","14"
0.00062830292729215,-0.352617660188626,0.176,0.269,1,"GRCh38-EMB","EMB","14"
0.141187513869179,-0.352016295045038,0.81,0.776,1,"GRCh38-SYNE2","SYNE2","14"
0.565801704070772,-0.351795112536917,0.99,0.948,1,"GRCh38-DUT","DUT","14"
0.000218962218784514,-0.351729914232697,0.448,0.546,1,"GRCh38-EXOSC2","EXOSC2","14"
0.076175971777786,-0.351298234184118,0.943,0.901,1,"GRCh38-RNMT","RNMT","14"
0.0527126658160023,-0.351292277430123,0.338,0.384,1,"GRCh38-LRR1","LRR1","14"
0.219858926390148,-0.350990105363822,0.219,0.241,1,"GRCh38-C21orf58","C21orf58","14"
0.10333307785712,-0.350837372492565,0.5,0.528,1,"GRCh38-TNKS1BP1","TNKS1BP1","14"
0.0642568563581024,-0.350678147945982,0.91,0.896,1,"GRCh38-DNTTIP2","DNTTIP2","14"
0.0720352417582512,-0.350668230834168,0.986,0.953,1,"GRCh38-CALU","CALU","14"
0.145523831397492,-0.350358210529094,0.524,0.531,1,"GRCh38-RAD18","RAD18","14"
0.605994223294002,-0.35030802272132,0.814,0.75,1,"GRCh38-BUB3","BUB3","14"
0.0699107876394154,-0.350202557619377,0.876,0.866,1,"GRCh38-IARS2","IARS2","14"
0.90704990746071,-0.350071657273063,0.976,0.947,1,"GRCh38-BANF1","BANF1","14"
0.00293738837314124,-0.350008415454304,0.495,0.554,1,"GRCh38-NXT1","NXT1","14"
0.000302609740967177,-0.349908802686915,0.719,0.786,1,"GRCh38-DIMT1","DIMT1","14"
0.0354539598422661,-0.349762221742376,0.186,0.237,1,"GRCh38-RACGAP1","RACGAP1","14"
0.0495560761298915,-0.349527736965101,0.538,0.544,1,"GRCh38-SKP2","SKP2","14"
0.496668735857775,-0.349463531609147,0.39,0.377,1,"GRCh38-FUT11","FUT11","14"
0.00421191090238695,-0.349233009608241,0.59,0.619,1,"GRCh38-UMPS","UMPS","14"
0.405754054397921,-0.349226165631796,0.857,0.783,1,"GRCh38-GTF2H1","GTF2H1","14"
4.56008479371121e-05,-0.349016856737491,0.024,0.112,1,"GRCh38-NIBAN1","NIBAN1","14"
0.00608268502741343,-0.348867454806468,0.31,0.381,1,"GRCh38-MIS18A","MIS18A","14"
0.000370195556102493,-0.348817272261779,0.195,0.293,1,"GRCh38-DDX11","DDX11","14"
0.417414768381959,-0.348538826588108,0.538,0.499,1,"GRCh38-ABCA1","ABCA1","14"
0.0578992722003652,-0.348270623245747,0.852,0.819,1,"GRCh38-TFAM","TFAM","14"
0.00116152492075043,-0.347852694649816,1,0.995,1,"GRCh38-RPS23","RPS23","14"
0.939783440347531,-0.347643140835722,0.1,0.095,1,"GRCh38-ENSG00000234352","ENSG00000234352","14"
0.00401898142924668,-0.347443987596833,0.814,0.805,1,"GRCh38-ASAP2","ASAP2","14"
5.15691214770367e-05,-0.347262842529053,0.076,0.18,1,"GRCh38-MCM2","MCM2","14"
0.44030557356287,-0.347156366965989,0.71,0.692,1,"GRCh38-NPC1","NPC1","14"
0.358032894623789,-0.347114004040222,0.548,0.541,1,"GRCh38-GALNT10","GALNT10","14"
0.457703613759757,-0.346879073128969,0.281,0.282,1,"GRCh38-MIR210HG","MIR210HG","14"
5.17540394093132e-05,-0.346786718101033,0.571,0.652,1,"GRCh38-STEAP3","STEAP3","14"
0.15061207017256,-0.346264970174191,0.5,0.514,1,"GRCh38-SLC35E3","SLC35E3","14"
0.58231510314552,-0.346260771306743,0.948,0.872,1,"GRCh38-SACS","SACS","14"
0.0405518980277203,-0.346239525960623,0.51,0.523,1,"GRCh38-KSR1","KSR1","14"
0.559614504434525,-0.346157812899995,0.852,0.79,1,"GRCh38-YWHAH","YWHAH","14"
0.00919851196253215,-0.346125247438036,0.367,0.432,1,"GRCh38-DCPS","DCPS","14"
0.501923188831087,-0.346058443800408,0.629,0.632,1,"GRCh38-PDLIM7","PDLIM7","14"
0.0968832824399307,-0.346027540339119,0.9,0.817,1,"GRCh38-IGF2R","IGF2R","14"
0.906838635215274,-0.345331389517892,0.229,0.217,1,"GRCh38-ENSG00000290886","ENSG00000290886","14"
9.72201742586141e-05,-0.34507201181269,0.319,0.457,1,"GRCh38-NALCN","NALCN","14"
0.3014095979058,-0.344618281114132,1,0.97,1,"GRCh38-RCN1","RCN1","14"
0.0431675849875469,-0.344466816782089,0.276,0.321,1,"GRCh38-STMN3","STMN3","14"
0.00388556024268438,-0.344343220645162,0.581,0.633,1,"GRCh38-MARS1","MARS1","14"
0.000476025850544356,-0.344228580991404,0.4,0.492,1,"GRCh38-GEMIN5","GEMIN5","14"
0.297231449925207,-0.344156203916506,0.71,0.619,1,"GRCh38-PRIM2","PRIM2","14"
0.10760473905308,-0.343911013132463,0.248,0.282,1,"GRCh38-PPM1E","PPM1E","14"
0.613368580706395,-0.34351689787272,0.638,0.617,1,"GRCh38-VPS37B","VPS37B","14"
0.0649765799936638,-0.343021444057276,0.457,0.486,1,"GRCh38-BCL6","BCL6","14"
0.0998258955396242,-0.342734370272504,0.938,0.907,1,"GRCh38-SHC1","SHC1","14"
0.969379329835499,-0.34238182621783,0.938,0.843,1,"GRCh38-TRA2B","TRA2B","14"
0.868079447453512,-0.342228526926876,0.995,0.948,1,"GRCh38-KIF2A","KIF2A","14"
3.69064968051017e-05,-0.341842680971897,0.557,0.656,1,"GRCh38-LINC00839","LINC00839","14"
0.00019722061030156,-0.341684781931811,0.343,0.458,1,"GRCh38-XYLB","XYLB","14"
0.169066088679023,-0.341574116216992,0.976,0.926,1,"GRCh38-SMC3","SMC3","14"
0.00506617135163471,-0.341388471113147,0.814,0.803,1,"GRCh38-NOL8","NOL8","14"
0.109027630018162,-0.341322458597916,0.581,0.601,1,"GRCh38-MYO1D","MYO1D","14"
0.649936857820084,-0.341272886153322,0.79,0.761,1,"GRCh38-CSTF3","CSTF3","14"
0.00575404222175448,-0.341269720901345,0.052,0.11,1,"GRCh38-ENSG00000227598","ENSG00000227598","14"
0.335898331827669,-0.341241721313059,0.886,0.808,1,"GRCh38-PLEC","PLEC","14"
0.394642831128217,-0.341178716009158,0.933,0.88,1,"GRCh38-PALLD","PALLD","14"
0.362431699476583,-0.340413037605698,0.305,0.323,1,"GRCh38-HSPB8","HSPB8","14"
0.019803829899791,-0.340339225371221,0.438,0.482,1,"GRCh38-HSPA13","HSPA13","14"
0.000178505728471799,-0.34023792617748,0.119,0.223,1,"GRCh38-ELOVL7","ELOVL7","14"
0.129627388687803,-0.340105201710462,0.624,0.649,1,"GRCh38-BOLA3","BOLA3","14"
0.000408070323320401,-0.339589758601097,0.39,0.479,1,"GRCh38-ZMYND19","ZMYND19","14"
0.00137340534454641,-0.339570954421988,0.062,0.136,1,"GRCh38-GCH1","GCH1","14"
0.00273529157774781,-0.339444773559904,0.543,0.579,1,"GRCh38-STAC2","STAC2","14"
0.0379050154887014,-0.339434900307823,0.686,0.687,1,"GRCh38-FARSA","FARSA","14"
0.00341148990990385,-0.338830614456055,0.052,0.115,1,"GRCh38-STK32A","STK32A","14"
0.940120353840599,-0.338531840861042,0.919,0.895,1,"GRCh38-NUFIP2","NUFIP2","14"
0.0266442459870123,-0.338304430182753,0.519,0.58,1,"GRCh38-TBCD","TBCD","14"
0.000204706594231855,-0.338250766756186,0.086,0.18,1,"GRCh38-DNA2","DNA2","14"
0.0300512134626096,-0.337984579792203,0.919,0.906,1,"GRCh38-FHAD1","FHAD1","14"
0.104393313643531,-0.337959286070493,0.971,0.96,1,"GRCh38-HDGF","HDGF","14"
0.199343862657985,-0.337741340421776,0.714,0.712,1,"GRCh38-BCL2L1","BCL2L1","14"
0.942997600042596,-0.336981476779143,0.729,0.657,1,"GRCh38-NDE1","NDE1","14"
0.0304289665677182,-0.33696500242692,0.857,0.85,1,"GRCh38-TOMM70","TOMM70","14"
0.00151133610447688,-0.336771489508628,0.752,0.773,1,"GRCh38-UBE2G2","UBE2G2","14"
0.000982287570665657,-0.336484055893096,0.305,0.401,1,"GRCh38-UTP15","UTP15","14"
6.416127956998e-05,-0.336055571856898,0.548,0.656,1,"GRCh38-TARBP1","TARBP1","14"
0.960089630488979,-0.335754579561255,0.41,0.375,1,"GRCh38-MAP2K3","MAP2K3","14"
1.85523571983081e-05,-0.335699157830576,0.19,0.317,1,"GRCh38-FILIP1L","FILIP1L","14"
0.00959067982997242,-0.335276917973787,0.562,0.62,1,"GRCh38-PSME3","PSME3","14"
0.00112464352913862,-0.334849846596822,0.919,0.882,1,"GRCh38-MAD1L1","MAD1L1","14"
6.62600437719938e-05,-0.334833779670394,0.538,0.637,1,"GRCh38-ALKBH2","ALKBH2","14"
0.000574224258148666,-0.334385017158807,0.114,0.206,1,"GRCh38-PLEKHG1","PLEKHG1","14"
0.635536616267019,-0.334345948848171,0.986,0.953,1,"GRCh38-KPNB1","KPNB1","14"
2.9314301391286e-05,-0.334297090226873,0.905,0.894,1,"GRCh38-GAS6","GAS6","14"
0.0207413775475468,-0.334140294410859,0.633,0.67,1,"GRCh38-METTL8","METTL8","14"
0.0597609717246341,-0.334057134262086,0.09,0.132,1,"GRCh38-DLGAP1","DLGAP1","14"
0.138547721627844,-0.333947672028548,0.995,0.952,1,"GRCh38-APP","APP","14"
0.168627030194483,-0.333921917279733,0.619,0.629,1,"GRCh38-ALDOA","ALDOA","14"
0.00570424600242304,-0.333911862573153,0.729,0.592,1,"GRCh38-POLR2A","POLR2A","14"
0.808589796534666,-0.33374250066127,0.9,0.846,1,"GRCh38-DOCK5","DOCK5","14"
0.0160797833659343,-0.333647643320268,0.452,0.499,1,"GRCh38-YKT6","YKT6","14"
0.000410933604546508,-0.333257074550316,0.51,0.609,1,"GRCh38-RABEPK","RABEPK","14"
0.645021590459894,-0.332944163977344,0.952,0.913,1,"GRCh38-ILF2","ILF2","14"
0.000544999351925177,-0.332906493653168,0.676,0.715,1,"GRCh38-MMAB","MMAB","14"
0.190427281844561,-0.332895098131911,0.833,0.81,1,"GRCh38-MRPS23","MRPS23","14"
4.87344953973096e-05,-0.332809445429301,0.438,0.534,1,"GRCh38-NSUN5","NSUN5","14"
0.000109619169161247,-0.332757350351357,0.033,0.118,1,"GRCh38-CYB5R2","CYB5R2","14"
0.0121131331929512,-0.332666808222889,0.224,0.295,1,"GRCh38-BCL11B","BCL11B","14"
0.0412927221503557,-0.332369448665928,0.919,0.847,1,"GRCh38-GLRX","GLRX","14"
0.00658667572461723,-0.332224232963643,0.91,0.892,1,"GRCh38-DAP3","DAP3","14"
6.62275971675311e-05,-0.332001018618338,0.648,0.733,1,"GRCh38-CCDC71L","CCDC71L","14"
0.0341879913227915,-0.331683712220567,0.386,0.426,1,"GRCh38-WFDC3","WFDC3","14"
0.00153504497939177,-0.331660124884982,0.733,0.76,1,"GRCh38-MRPL32","MRPL32","14"
0.535204194846558,-0.331577925655515,0.114,0.124,1,"GRCh38-ENSG00000255028","ENSG00000255028","14"
0.98944699429789,-0.331322676755987,0.843,0.798,1,"GRCh38-SLBP","SLBP","14"
0.00021099024720877,-0.331167449211719,0.21,0.315,1,"GRCh38-PDSS1","PDSS1","14"
0.0099654605170976,-0.331041103712874,0.643,0.668,1,"GRCh38-FH","FH","14"
0.0147160106612144,-0.330987626034322,0.162,0.223,1,"GRCh38-PRKCH","PRKCH","14"
0.121132477410657,-0.330768889644928,0.19,0.23,1,"GRCh38-AMPH","AMPH","14"
0.315228569307887,-0.330701428278995,0.248,0.205,1,"GRCh38-ENSG00000287390","ENSG00000287390","14"
0.00458224182546075,-0.330582342940708,0.395,0.469,1,"GRCh38-THOP1","THOP1","14"
0.0011154404780614,-0.330300912658323,0.057,0.131,1,"GRCh38-SIRPB1","SIRPB1","14"
0.168146483246744,-0.330207766312679,0.862,0.848,1,"GRCh38-ETS1","ETS1","14"
0.0018709160673277,-0.330066568294481,0.724,0.751,1,"GRCh38-WDR36","WDR36","14"
5.41648707734436e-05,-0.330047449196667,0.052,0.15,1,"GRCh38-GINS4","GINS4","14"
0.000181626149090813,-0.329795287347296,1,0.991,1,"GRCh38-RPL15","RPL15","14"
0.000165015676286339,-0.32948756964478,0.257,0.365,1,"GRCh38-F2RL1","F2RL1","14"
0.0577904340943539,-0.329278119329616,0.414,0.452,1,"GRCh38-BCL2L12","BCL2L12","14"
0.0125880521955125,-0.329032736285746,0.933,0.883,1,"GRCh38-MRPS12","MRPS12","14"
0.000171376899018855,-0.328794518828706,0.59,0.641,1,"GRCh38-F2RL2","F2RL2","14"
0.119993080405759,-0.328646523316634,1,0.99,1,"GRCh38-S100A11","S100A11","14"
4.46507187720959e-05,-0.328555720119879,0.238,0.356,1,"GRCh38-NUP35","NUP35","14"
0.0960368805536807,-0.328125965268846,0.819,0.789,1,"GRCh38-CDK5RAP2","CDK5RAP2","14"
0.257747553698357,-0.327971153355378,0.557,0.558,1,"GRCh38-FNIP2","FNIP2","14"
0.0032065296297204,-0.327946381474414,1,0.975,1,"GRCh38-EIF2S2","EIF2S2","14"
0.0204182767859206,-0.327790418110992,0.781,0.756,1,"GRCh38-EFTUD2","EFTUD2","14"
7.50127186523483e-05,-0.327779661487181,0.048,0.141,1,"GRCh38-KDM7A-DT","KDM7A-DT","14"
7.22719647466289e-05,-0.32680796002303,0.052,0.147,1,"GRCh38-RAB7B","RAB7B","14"
0.0225065762091366,-0.326466698210304,0.538,0.58,1,"GRCh38-MAN2A1","MAN2A1","14"
0.408658405019019,-0.326436269992507,0.862,0.789,1,"GRCh38-NSD2","NSD2","14"
5.21744029868984e-05,0.32635734431011,0.767,0.683,1,"GRCh38-PRAG1","PRAG1","14"
0.00401711773486359,-0.326222429277715,0.995,0.96,1,"GRCh38-BRI3","BRI3","14"
0.000206551770346864,0.326165616749011,0.552,0.469,1,"GRCh38-SPANXD","SPANXD","14"
0.0227893514243632,-0.326133308683546,0.9,0.885,1,"GRCh38-POLR2F","POLR2F","14"
0.0650334955082887,-0.325915816596534,0.29,0.338,1,"GRCh38-SORL1","SORL1","14"
0.0475675537135765,-0.325906230099216,0.357,0.403,1,"GRCh38-SLCO3A1","SLCO3A1","14"
0.249881571841263,-0.325828331201074,0.586,0.503,1,"GRCh38-LINC02882","LINC02882","14"
0.494871628250553,-0.325551449333324,0.671,0.631,1,"GRCh38-MORC4","MORC4","14"
0.285158118810929,-0.325523779699475,0.614,0.589,1,"GRCh38-SDF2L1","SDF2L1","14"
0.00315308261723078,-0.32535933501693,0.557,0.619,1,"GRCh38-ABCF2","ABCF2","14"
0.0287909591007843,-0.325354651174068,0.957,0.941,1,"GRCh38-UQCRC1","UQCRC1","14"
1.45840913306729e-05,-0.324002370445781,0.019,0.113,1,"GRCh38-PLK4","PLK4","14"
0.0112859619015845,-0.323924994046765,0.11,0.169,1,"GRCh38-PAQR4","PAQR4","14"
0.00650259352755114,-0.32382466823565,0.524,0.573,1,"GRCh38-DPCD","DPCD","14"
0.000252308190666492,-0.323655618043182,0.219,0.322,1,"GRCh38-GPT2","GPT2","14"
0.346571172290359,-0.323593334954051,0.924,0.857,1,"GRCh38-LSM3","LSM3","14"
0.00170807790503549,-0.323524104561298,0.41,0.5,1,"GRCh38-RBM19","RBM19","14"
0.0027993492528126,-0.323184588029541,0.424,0.51,1,"GRCh38-TRIM14","TRIM14","14"
0.0510722523287433,-0.323148762541519,0.967,0.917,1,"GRCh38-STOML2","STOML2","14"
0.00066413261585088,-0.322481205710194,0.624,0.698,1,"GRCh38-POLR1C","POLR1C","14"
0.742139178763595,-0.322189298028167,0.933,0.86,1,"GRCh38-FMNL2","FMNL2","14"
9.6071870423286e-05,-0.321883674556932,0.067,0.165,1,"GRCh38-DNAH11","DNAH11","14"
0.76256293556938,-0.321756958048891,0.957,0.916,1,"GRCh38-NORAD","NORAD","14"
0.0274743716106296,-0.321745508999455,0.971,0.936,1,"GRCh38-MAP3K20","MAP3K20","14"
0.408398284671179,-0.321349978709232,0.819,0.734,1,"GRCh38-TMEM132A","TMEM132A","14"
0.00538740244311206,-0.321145267516621,1,0.991,1,"GRCh38-RPS20","RPS20","14"
0.968375550276619,-0.321108755362271,0.962,0.95,1,"GRCh38-HNRNPA3","HNRNPA3","14"
0.00285913298532106,-0.320909798826571,0.19,0.273,1,"GRCh38-CHST15","CHST15","14"
0.0175106826522568,-0.320758341361462,0.667,0.676,1,"GRCh38-TIMM50","TIMM50","14"
0.0128712247160542,-0.320736506356561,0.767,0.771,1,"GRCh38-ESRRA","ESRRA","14"
0.0194708868265167,-0.320644329133875,0.281,0.339,1,"GRCh38-ZDHHC14","ZDHHC14","14"
0.00143185726982465,-0.320518050386613,0.105,0.184,1,"GRCh38-NFIL3","NFIL3","14"
0.0148362600968167,-0.32045098704536,0.924,0.912,1,"GRCh38-LINC00511","LINC00511","14"
0.701068193505825,-0.320347876178281,0.971,0.917,1,"GRCh38-LAPTM4B","LAPTM4B","14"
0.000104302506518851,0.320284757656284,0.357,0.252,1,"GRCh38-ENSG00000258526","ENSG00000258526","14"
0.000437743347337919,-0.320218369441799,0.543,0.609,1,"GRCh38-PXDC1","PXDC1","14"
0.170152444215415,-0.320056472564217,0.19,0.218,1,"GRCh38-FGL1","FGL1","14"
0.00129213891715357,-0.319932935708082,1,0.982,1,"GRCh38-SNHG5","SNHG5","14"
0.440635106205727,-0.319885231600943,0.629,0.611,1,"GRCh38-TENT4A","TENT4A","14"
0.00224913548584359,-0.319586770458857,0.195,0.279,1,"GRCh38-ZWILCH","ZWILCH","14"
0.469185785234417,-0.319329280770578,0.457,0.412,1,"GRCh38-SLC12A2","SLC12A2","14"
0.334224434395021,-0.319315410029281,0.619,0.592,1,"GRCh38-CGAS","CGAS","14"
5.42721984981325e-05,-0.319116495424709,0.467,0.571,1,"GRCh38-ZBED3","ZBED3","14"
0.617592958087884,-0.319047268073974,0.914,0.88,1,"GRCh38-CLPTM1L","CLPTM1L","14"
0.00312925172318062,-0.318957723263432,0.305,0.393,1,"GRCh38-PPIL1","PPIL1","14"
0.000351782903051197,-0.318445470653565,0.11,0.203,1,"GRCh38-HAUS8","HAUS8","14"
0.00206433257167476,-0.318396429654654,0.633,0.698,1,"GRCh38-THUMPD3","THUMPD3","14"
0.0398182627487416,-0.318254133957984,0.652,0.674,1,"GRCh38-ZRANB3","ZRANB3","14"
0.00289401779305305,0.318248686169345,0.152,0.092,1,"GRCh38-KCND2","KCND2","14"
0.000255007107074386,-0.318153375484185,0.262,0.371,1,"GRCh38-ACTA2","ACTA2","14"
0.951088522456869,-0.318153187148315,0.205,0.197,1,"GRCh38-CCNF","CCNF","14"
0.368509983079323,-0.318085285573234,0.343,0.35,1,"GRCh38-NXF1","NXF1","14"
0.97230830015282,-0.317910418785687,0.333,0.327,1,"GRCh38-LINC03002","LINC03002","14"
0.00764697254819143,-0.317731597351399,0.062,0.121,1,"GRCh38-LIMASI","LIMASI","14"
0.00158799646706419,-0.317648790978611,1,0.987,1,"GRCh38-GSTP1","GSTP1","14"
0.00437703854530883,-0.317625298106713,0.176,0.254,1,"GRCh38-FSIP2","FSIP2","14"
0.0106132067835763,-0.317608723053024,0.733,0.742,1,"GRCh38-RRP1B","RRP1B","14"
2.4421425095662e-05,-0.31748422369874,0.371,0.501,1,"GRCh38-B3GALT6","B3GALT6","14"
5.06848487851633e-05,-0.317431841744947,0.224,0.346,1,"GRCh38-PGAM5","PGAM5","14"
0.789895961430902,-0.317356976614709,0.952,0.875,1,"GRCh38-ACACA","ACACA","14"
0.053238712587719,-0.317178808347931,0.476,0.505,1,"GRCh38-ERLIN2","ERLIN2","14"
0.00217690093253843,-0.316794501493209,0.657,0.712,1,"GRCh38-NEK6","NEK6","14"
0.75731591378243,-0.316623800075132,0.852,0.794,1,"GRCh38-LINC03009","LINC03009","14"
0.0375227999246312,-0.316612937814338,0.481,0.505,1,"GRCh38-PGM2","PGM2","14"
0.661078269491315,-0.316328242106086,0.738,0.67,1,"GRCh38-ARHGAP26","ARHGAP26","14"
5.21108191140384e-05,-0.316272966761315,0.367,0.491,1,"GRCh38-FXN","FXN","14"
0.283131047445423,-0.315833712548884,0.848,0.8,1,"GRCh38-PITX1","PITX1","14"
0.00135901045063963,-0.315731331979696,0.286,0.389,1,"GRCh38-FOXC2","FOXC2","14"
0.03373567689568,-0.315549121961178,0.648,0.654,1,"GRCh38-B4GALT2","B4GALT2","14"
0.0140279111859936,-0.315501978213275,0.295,0.364,1,"GRCh38-B4GALNT3","B4GALNT3","14"
0.0153210928156665,-0.314875137572416,0.057,0.107,1,"GRCh38-CCNE2","CCNE2","14"
0.00527437559753394,-0.314831206988789,0.286,0.374,1,"GRCh38-GALNT14","GALNT14","14"
0.710633118942583,-0.314789190457795,0.776,0.727,1,"GRCh38-SLC39A6","SLC39A6","14"
0.57212613302878,-0.314770817920155,0.976,0.948,1,"GRCh38-TOMM6","TOMM6","14"
0.170045941016223,-0.314698147799397,0.99,0.957,1,"GRCh38-EIF3I","EIF3I","14"
0.037476573828951,-0.314656379320825,0.767,0.761,1,"GRCh38-FOXK2","FOXK2","14"
0.000124356843473245,-0.314627875560782,0.095,0.198,1,"GRCh38-CHRNA5","CHRNA5","14"
0.162594326338343,-0.314556807569727,0.21,0.24,1,"GRCh38-ENSG00000234261","ENSG00000234261","14"
0.286609172801109,-0.314473580879812,0.99,0.942,1,"GRCh38-OCIAD2","OCIAD2","14"
0.000122240777713702,-0.314247722615336,0.105,0.208,1,"GRCh38-F11R","F11R","14"
0.884573305028509,-0.314226529425371,0.143,0.136,1,"GRCh38-ENSG00000260658","ENSG00000260658","14"
0.956474665992871,-0.314207480202087,1,0.978,1,"GRCh38-NDUFS6","NDUFS6","14"
0.452691411549818,-0.314183657677792,0.381,0.387,1,"GRCh38-SUSD6","SUSD6","14"
0.110313915029233,-0.314109445006478,0.852,0.865,1,"GRCh38-PMM2","PMM2","14"
0.475401373837135,-0.313909724771321,0.795,0.754,1,"GRCh38-LDLR","LDLR","14"
0.00105234195125525,-0.313772738810652,0.181,0.281,1,"GRCh38-CAMK4","CAMK4","14"
0.901951850331096,-0.313486523734821,0.638,0.611,1,"GRCh38-SEC24A","SEC24A","14"
0.000587893651735191,-0.313466820140412,0.452,0.545,1,"GRCh38-DCAF1","DCAF1","14"
0.0175239812505282,-0.313354158056355,0.581,0.626,1,"GRCh38-NUDCD1","NUDCD1","14"
0.276979174258348,-0.312953494522257,0.514,0.45,1,"GRCh38-DYRK3","DYRK3","14"
0.0874446935058519,-0.312557163251899,0.89,0.874,1,"GRCh38-DCXR","DCXR","14"
8.14959492482011e-05,-0.312520969441409,0.395,0.505,1,"GRCh38-MAPKAPK3","MAPKAPK3","14"
0.0123423890968191,-0.312298462240841,0.743,0.742,1,"GRCh38-UQCC5","UQCC5","14"
5.13009359516402e-05,-0.312247809108865,1,0.991,1,"GRCh38-RPL9","RPL9","14"
0.0178074987649488,-0.312224227343791,0.719,0.755,1,"GRCh38-LTV1","LTV1","14"
0.0470237307827866,-0.312165759052255,0.405,0.446,1,"GRCh38-INO80C","INO80C","14"
0.00130187101789681,-0.311971367874851,0.429,0.511,1,"GRCh38-PTGS1","PTGS1","14"
0.852228672504589,-0.311933536156503,0.99,0.918,1,"GRCh38-ADK","ADK","14"
0.0614489434764526,-0.311870395050124,0.829,0.818,1,"GRCh38-OPA1","OPA1","14"
0.0732486350293436,-0.311519368417595,1,0.991,1,"GRCh38-HNRNPA1","HNRNPA1","14"
0.269742286626393,-0.311475702408773,0.995,0.957,1,"GRCh38-APOC1","APOC1","14"
0.0874559583939458,-0.311447473747029,0.343,0.382,1,"GRCh38-LINC00944","LINC00944","14"
0.567976547568848,-0.310750760225951,0.967,0.935,1,"GRCh38-UFM1","UFM1","14"
0.000218148932139426,-0.310386804861193,0.067,0.157,1,"GRCh38-RTKN2","RTKN2","14"
0.517770851733729,-0.310331372129716,0.548,0.548,1,"GRCh38-DYNC2I2","DYNC2I2","14"
2.35368818224341e-05,-0.310293504703752,0.029,0.123,1,"GRCh38-TP73","TP73","14"
0.00435713109088733,0.310273987335515,0.467,0.388,1,"GRCh38-HECW2","HECW2","14"
0.00215247785355838,-0.309953818577366,0.448,0.539,1,"GRCh38-AP1AR","AP1AR","14"
0.00921225623635301,-0.309871355375809,1,0.961,1,"GRCh38-COX5A","COX5A","14"
3.45535120389476e-05,-0.309845499829988,0.281,0.416,1,"GRCh38-CLN6","CLN6","14"
0.00275491304185832,-0.309286116000177,0.61,0.653,1,"GRCh38-PCBD1","PCBD1","14"
2.1316760103494e-05,-0.309091153952705,0.114,0.233,1,"GRCh38-RGMB","RGMB","14"
0.936392795044851,-0.309049472095907,0.648,0.588,1,"GRCh38-STK24","STK24","14"
0.154885535837277,-0.30853439007643,0.448,0.48,1,"GRCh38-SLC41A2","SLC41A2","14"
0.0041931620937682,-0.30826580246461,0.738,0.79,1,"GRCh38-NIT2","NIT2","14"
0.230442382790114,-0.30783090902383,0.243,0.271,1,"GRCh38-ROR1","ROR1","14"
0.000183256543035503,0.307416949730216,0.61,0.506,1,"GRCh38-SEMA6B","SEMA6B","14"
0.936259990848594,-0.307238746733707,0.933,0.9,1,"GRCh38-TM9SF3","TM9SF3","14"
6.71760341782116e-05,-0.307214480336376,0.019,0.101,1,"GRCh38-E2F8","E2F8","14"
0.000536343985837028,-0.307211584063064,0.105,0.194,1,"GRCh38-STRIP2","STRIP2","14"
0.00198245132819997,-0.307182069327312,0.333,0.416,1,"GRCh38-TMEM51","TMEM51","14"
0.537359662436484,-0.307095486556359,0.871,0.811,1,"GRCh38-DTD1","DTD1","14"
0.464697770694767,-0.307094379761638,0.938,0.872,1,"GRCh38-SIVA1","SIVA1","14"
0.764733245721534,-0.306815403804562,0.933,0.828,1,"GRCh38-SYPL1","SYPL1","14"
3.22754895254051e-05,-0.306777669873819,0.048,0.148,1,"GRCh38-CCDC15","CCDC15","14"
3.97564019339007e-05,-0.30666339413176,0.019,0.105,1,"GRCh38-ENSG00000290812","ENSG00000290812","14"
0.001391765270783,-0.306369817241923,1,0.962,1,"GRCh38-NNMT","NNMT","14"
0.296165042908343,-0.306149413862868,0.833,0.784,1,"GRCh38-TRAPPC2L","TRAPPC2L","14"
0.162594803613782,-0.305991446896493,0.743,0.723,1,"GRCh38-PYGB","PYGB","14"
8.1582395498199e-05,-0.30578955124273,0.729,0.578,1,"GRCh38-NFATC2","NFATC2","14"
0.000702442617992491,-0.305405183732792,0.405,0.503,1,"GRCh38-AKAP1","AKAP1","14"
5.88379631041037e-05,-0.304610878055245,0.029,0.116,1,"GRCh38-SPC24","SPC24","14"
0.0856131495347081,-0.304438952801421,0.71,0.685,1,"GRCh38-ACTL6A","ACTL6A","14"
0.0171628322813652,-0.304368247282858,0.614,0.659,1,"GRCh38-PPAT","PPAT","14"
0.00516890157115321,-0.304319962919713,0.638,0.688,1,"GRCh38-SORBS2","SORBS2","14"
0.648968646387153,-0.304022007812335,0.681,0.63,1,"GRCh38-BPNT2","BPNT2","14"
4.87196143025047e-05,-0.303989558529328,0.224,0.34,1,"GRCh38-PFAS","PFAS","14"
0.0155659781397415,-0.303979148835797,0.167,0.229,1,"GRCh38-ZBTB16","ZBTB16","14"
0.00266527010896347,-0.30342842924974,0.581,0.641,1,"GRCh38-ITPR3","ITPR3","14"
0.199614147335257,-0.303341400428358,0.943,0.912,1,"GRCh38-CAPN2","CAPN2","14"
0.246416640353455,-0.303161679098196,1,0.959,1,"GRCh38-PPDPF","PPDPF","14"
0.00226594787394233,-0.302893566212602,0.705,0.735,1,"GRCh38-CTIF","CTIF","14"
0.45192406964912,-0.302763276133784,0.476,0.456,1,"GRCh38-NEDD1","NEDD1","14"
0.266928779703413,-0.302733498214432,0.981,0.942,1,"GRCh38-SMARCC1","SMARCC1","14"
0.471657489255818,-0.30262460932844,0.857,0.794,1,"GRCh38-KDM4C","KDM4C","14"
0.348322280106264,-0.302559645646828,0.195,0.212,1,"GRCh38-INCENP","INCENP","14"
0.108425556141381,-0.302266391779029,0.133,0.17,1,"GRCh38-ABCA9","ABCA9","14"
0.0107204668951554,-0.302156927324273,0.424,0.492,1,"GRCh38-EVA1C","EVA1C","14"
0.0013242985483596,-0.302146383383014,0.686,0.713,1,"GRCh38-KCNAB2","KCNAB2","14"
0.0097997433959624,-0.301801151432991,0.595,0.624,1,"GRCh38-OSBPL5","OSBPL5","14"
0.0526294274157554,-0.301303871546269,0.752,0.773,1,"GRCh38-MCUR1","MCUR1","14"
0.369625493380141,-0.301254480153176,1,0.95,1,"GRCh38-HNRNPR","HNRNPR","14"
0.903293858125811,-0.301232573705732,0.919,0.895,1,"GRCh38-XPO1","XPO1","14"
0.000120771129564542,-0.301066248008456,0.933,0.9,1,"GRCh38-GYPC","GYPC","14"
0.00132453467633627,-0.30105713544238,0.338,0.426,1,"GRCh38-FDXR","FDXR","14"
4.29397442646923e-05,-0.300739917459836,0.081,0.189,1,"GRCh38-NETO1","NETO1","14"
0.230344604178651,-0.300641478515425,0.876,0.85,1,"GRCh38-IMP3","IMP3","14"
0.260495657190485,-0.300518815474529,0.362,0.302,1,"GRCh38-E2F7","E2F7","14"
0.179078116537135,-0.300483384169848,0.505,0.524,1,"GRCh38-AGRN","AGRN","14"
0.10040576811211,-0.300229308685545,0.576,0.58,1,"GRCh38-PANK3","PANK3","14"
0.00117414020348784,-0.300135629014279,0.505,0.575,1,"GRCh38-NOM1","NOM1","14"
0.410765288043335,-0.299822540716229,0.486,0.489,1,"GRCh38-GCLC","GCLC","14"
0.00770542589647426,-0.299040829302995,0.205,0.275,1,"GRCh38-SIRPA","SIRPA","14"
4.13337264233403e-05,-0.299019474754165,0.038,0.133,1,"GRCh38-ANK1","ANK1","14"
0.140124548074131,-0.298978348792324,0.271,0.296,1,"GRCh38-IGFL2-AS1","IGFL2-AS1","14"
0.592047514498667,-0.298866198217721,0.724,0.688,1,"GRCh38-TMED5","TMED5","14"
0.925192658879453,-0.298847156460699,0.59,0.543,1,"GRCh38-DIXDC1","DIXDC1","14"
0.95133181508169,-0.298803330696347,0.981,0.95,1,"GRCh38-SPCS1","SPCS1","14"
0.0246468803028706,-0.298461973006289,0.99,0.953,1,"GRCh38-TIMM13","TIMM13","14"
0.0016454281448331,-0.298451276613203,0.467,0.547,1,"GRCh38-PRMT5","PRMT5","14"
0.00692042775637899,-0.29832380460347,0.462,0.526,1,"GRCh38-SELENOI","SELENOI","14"
3.0079476993513e-05,-0.298245782648842,0.033,0.129,1,"GRCh38-MFSD2A","MFSD2A","14"
0.0161257531588077,-0.298065151327236,0.686,0.745,1,"GRCh38-BCCIP","BCCIP","14"
0.000190611790943883,-0.298056003898643,0.267,0.374,1,"GRCh38-C1orf109","C1orf109","14"
0.00470170565966705,-0.298024877372321,0.805,0.815,1,"GRCh38-BOD1","BOD1","14"
0.014839363421668,-0.298019772337145,0.581,0.63,1,"GRCh38-TOMM34","TOMM34","14"
0.703718821459022,-0.297985721359882,0.6,0.57,1,"GRCh38-BTG3","BTG3","14"
0.680138492428217,-0.297805653747609,0.671,0.6,1,"GRCh38-NCS1","NCS1","14"
0.00719458891855931,-0.297634455634587,0.995,0.97,1,"GRCh38-TPM3","TPM3","14"
0.0398170304171985,-0.297592073156376,0.148,0.199,1,"GRCh38-ARHGAP11B","ARHGAP11B","14"
0.354389209902518,-0.297462201795428,0.914,0.871,1,"GRCh38-C1S","C1S","14"
0.0469500439832129,-0.297203948323094,0.924,0.861,1,"GRCh38-TMA16","TMA16","14"
0.0344197757622752,-0.296966233814115,0.405,0.318,1,"GRCh38-ALCAM","ALCAM","14"
0.00155340253828118,-0.296945790816635,0.271,0.361,1,"GRCh38-KDM1B","KDM1B","14"
0.903721135881571,-0.296927113097522,0.348,0.327,1,"GRCh38-FMO1","FMO1","14"
0.330214734988377,-0.296916625187087,0.819,0.785,1,"GRCh38-DDB1","DDB1","14"
0.0327616930603783,-0.296710078060667,0.667,0.672,1,"GRCh38-POM121","POM121","14"
0.0335131080221438,-0.296540017844373,0.967,0.887,1,"GRCh38-ARHGDIA","ARHGDIA","14"
0.0146329074427371,-0.296492907033809,0.414,0.473,1,"GRCh38-TGFBR1","TGFBR1","14"
0.000127691326498232,-0.29643653337715,0.081,0.179,1,"GRCh38-TYMSOS","TYMSOS","14"
0.412601912076163,-0.296416687436798,0.929,0.841,1,"GRCh38-CKAP5","CKAP5","14"
0.00559532660840619,-0.296303605471745,0.419,0.496,1,"GRCh38-AIFM2","AIFM2","14"
0.828820455178256,-0.295728865232228,0.886,0.839,1,"GRCh38-LINC01473","LINC01473","14"
8.1918242513768e-05,0.295590673567741,0.295,0.195,1,"GRCh38-C1QTNF7-AS1","C1QTNF7-AS1","14"
0.815695183812901,-0.295530885192623,0.624,0.586,1,"GRCh38-SASH1","SASH1","14"
0.120837517556267,-0.295451720691879,0.829,0.719,1,"GRCh38-CFB","CFB","14"
0.0116424567120451,-0.295412292387769,0.581,0.613,1,"GRCh38-CHCHD4","CHCHD4","14"
0.0260019284681621,-0.295350607080004,0.924,0.902,1,"GRCh38-CFAP97","CFAP97","14"
0.0551135886799678,-0.295290173258352,0.414,0.456,1,"GRCh38-MFN2","MFN2","14"
0.0220276908840653,-0.295228045901195,0.819,0.806,1,"GRCh38-NT5C3A","NT5C3A","14"
0.542388673976091,-0.295058072350009,0.881,0.837,1,"GRCh38-CCNY","CCNY","14"
0.000143107941675754,-0.29503117789468,0.071,0.166,1,"GRCh38-FER1L6","FER1L6","14"
0.000151993474788754,-0.2949108029594,0.09,0.192,1,"GRCh38-IRX3","IRX3","14"
1.77375326158324e-05,-0.294868046296987,0.957,0.874,1,"GRCh38-PPP1R15A","PPP1R15A","14"
0.010544792509827,-0.294838398057111,0.948,0.935,1,"GRCh38-LRPPRC","LRPPRC","14"
0.301112840650948,-0.294756447178916,1,0.958,1,"GRCh38-GSTO1","GSTO1","14"
0.0621639985897204,-0.294295568790318,0.886,0.863,1,"GRCh38-ESF1","ESF1","14"
0.5680987658079,-0.294154386971827,0.443,0.429,1,"GRCh38-CNTRL","CNTRL","14"
0.000198027864082051,-0.293747243655612,1,0.993,1,"GRCh38-RPL18A","RPL18A","14"
0.64733978255327,-0.293683143082453,0.314,0.306,1,"GRCh38-LINC01917","LINC01917","14"
0.00754435138235733,-0.293591977940495,0.433,0.501,1,"GRCh38-QTRT2","QTRT2","14"
0.404689095943624,-0.293443622642396,0.938,0.917,1,"GRCh38-EIF4H","EIF4H","14"
0.00183100036247195,-0.293242878369438,0.419,0.491,1,"GRCh38-LONRF1","LONRF1","14"
0.124202554865111,-0.29321729504129,0.952,0.882,1,"GRCh38-SEPTIN9","SEPTIN9","14"
3.24851568897525e-05,-0.292665705898982,0.238,0.36,1,"GRCh38-NLE1","NLE1","14"
0.242837180603874,-0.292603645611845,0.224,0.245,1,"GRCh38-H4C5","H4C5","14"
0.392317594508799,-0.292409938664364,0.929,0.899,1,"GRCh38-LSM4","LSM4","14"
8.74918658954628e-05,-0.292308792845782,0.29,0.408,1,"GRCh38-LYSMD2","LYSMD2","14"
0.0164884334103077,-0.292226764088118,0.176,0.239,1,"GRCh38-BMPER","BMPER","14"
0.285691174105829,-0.292079906379239,0.129,0.149,1,"GRCh38-EGR3","EGR3","14"
0.00137455576430715,-0.291855179322969,0.376,0.451,1,"GRCh38-DPAGT1","DPAGT1","14"
0.00228713471216664,-0.291635326693999,0.714,0.755,1,"GRCh38-EXOSC7","EXOSC7","14"
0.0267717384203002,-0.291295904230165,0.967,0.902,1,"GRCh38-NAV1","NAV1","14"
0.461388194787058,-0.291147325093848,0.319,0.32,1,"GRCh38-PARPBP","PARPBP","14"
0.998983529001686,-0.291060587927557,0.995,0.976,1,"GRCh38-HNRNPDL","HNRNPDL","14"
0.0192505742916926,-0.290996368252199,0.914,0.787,1,"GRCh38-MYO10","MYO10","14"
0.0189604614601639,-0.290882172725986,0.233,0.295,1,"GRCh38-ANKRD33B","ANKRD33B","14"
0.0164711749141425,-0.290806601300914,0.481,0.53,1,"GRCh38-INF2","INF2","14"
0.336835484411664,-0.290757272432775,0.286,0.293,1,"GRCh38-ALDOC","ALDOC","14"
0.172132193131282,-0.290496676490593,0.833,0.73,1,"GRCh38-CD58","CD58","14"
0.00296234977339718,-0.290471026047747,0.519,0.575,1,"GRCh38-STAMBPL1","STAMBPL1","14"
0.000412570136270985,-0.290391231832251,0.114,0.207,1,"GRCh38-XRCC3","XRCC3","14"
0.695795764076634,-0.290214044238116,0.995,0.923,1,"GRCh38-DLG1","DLG1","14"
0.172889849577606,-0.289832618827274,0.719,0.701,1,"GRCh38-LAMA3","LAMA3","14"
0.0107421440575654,-0.289736934867903,0.686,0.723,1,"GRCh38-TEX10","TEX10","14"
0.442952476819539,-0.289597804104921,0.976,0.944,1,"GRCh38-SF3B5","SF3B5","14"
0.0652697030635513,-0.289546471406512,0.986,0.957,1,"GRCh38-EIF1AX","EIF1AX","14"
0.00224601398422178,-0.289370683590095,0.543,0.602,1,"GRCh38-GOT1","GOT1","14"
0.00102694660162146,-0.289349986426949,0.686,0.719,1,"GRCh38-DBNDD2","DBNDD2","14"
0.0615062255280767,-0.289278283869991,0.605,0.616,1,"GRCh38-GPN3","GPN3","14"
0.105766217143977,-0.28920699499661,0.967,0.928,1,"GRCh38-TXNL4A","TXNL4A","14"
0.00181954368380758,-0.288976562328363,0.386,0.461,1,"GRCh38-TEAD4","TEAD4","14"
0.000397751674917565,-0.288671970950044,0.148,0.244,1,"GRCh38-RMI2","RMI2","14"
0.0264151061868762,-0.288092395145981,0.533,0.586,1,"GRCh38-FGD6","FGD6","14"
8.33759818382461e-05,0.288002074929195,0.324,0.221,1,"GRCh38-PRUNE2","PRUNE2","14"
0.651088176780452,-0.287887807663154,0.51,0.464,1,"GRCh38-DUSP16","DUSP16","14"
2.5890559709065e-05,0.287872899566178,0.61,0.497,1,"GRCh38-MIR4500HG","MIR4500HG","14"
0.000478800257654262,-0.287809909951378,0.305,0.406,1,"GRCh38-ENTPD6","ENTPD6","14"
4.24320385157064e-05,-0.287788663078381,0.143,0.264,1,"GRCh38-ARHGAP19","ARHGAP19","14"
0.000658613111043674,-0.287654381250214,0.267,0.367,1,"GRCh38-PDXP","PDXP","14"
0.755729846966949,-0.287486301183005,0.99,0.94,1,"GRCh38-SLIRP","SLIRP","14"
0.0164669496513112,-0.287376815952993,0.833,0.843,1,"GRCh38-BMS1","BMS1","14"
0.0347768001227704,-0.287189992543029,0.581,0.628,1,"GRCh38-GFM1","GFM1","14"
0.000450273133605885,-0.287148725514321,0.3,0.416,1,"GRCh38-TLN2","TLN2","14"
2.54012157909331e-05,-0.28678402272058,0.014,0.102,1,"GRCm39-Btg2","Btg2","14"
0.807349574837058,-0.286750667649255,0.729,0.704,1,"GRCh38-FBXL13","FBXL13","14"
0.0156423790998948,-0.286732327014658,0.252,0.311,1,"GRCh38-PODXL2","PODXL2","14"
0.0134029536625468,-0.28666406950259,0.095,0.153,1,"GRCh38-DHRS3","DHRS3","14"
0.795849203604011,-0.286484078976158,0.9,0.843,1,"GRCh38-AZI2","AZI2","14"
0.581826945977259,-0.286277430400172,0.69,0.638,1,"GRCh38-PPP1R15B","PPP1R15B","14"
8.70055341820917e-05,-0.286248907354285,0.219,0.336,1,"GRCh38-TMEM38B","TMEM38B","14"
0.001510387332976,-0.286033305907847,1,0.994,1,"GRCh38-RPS6","RPS6","14"
0.716513562061776,-0.285981419024429,0.286,0.282,1,"GRCh38-IRF7","IRF7","14"
0.59499411539264,-0.285710539024487,0.186,0.169,1,"GRCh38-TAGLN","TAGLN","14"
0.557856849558656,-0.285567142789148,0.99,0.945,1,"GRCh38-MICOS10","MICOS10","14"
0.000274734365658693,-0.284894846867046,0.633,0.708,1,"GRCh38-ASPSCR1","ASPSCR1","14"
0.125088652803741,-0.284532452402876,0.79,0.669,1,"GRCh38-GLA","GLA","14"
0.360087868509849,-0.28451619280623,0.738,0.695,1,"GRCh38-FLOT2","FLOT2","14"
0.0302437659344011,-0.284494413304784,0.676,0.699,1,"GRCh38-GSS","GSS","14"
0.00109771393226144,-0.284141678651648,0.21,0.303,1,"GRCh38-RMI1","RMI1","14"
0.00011468915563137,-0.28401242831299,0.29,0.411,1,"GRCh38-DHX37","DHX37","14"
4.95173144480993e-05,-0.283913693917121,0.1,0.214,1,"GRCh38-GFOD1","GFOD1","14"
0.0670291448126857,-0.283848421373412,1,0.992,1,"GRCh38-RPL35","RPL35","14"
0.00992300378614175,-0.283801266898167,0.19,0.256,1,"GRCh38-NFE2L3","NFE2L3","14"
0.000328678662808609,-0.283501524619421,0.09,0.183,1,"GRCh38-DLL1","DLL1","14"
0.389067447296861,-0.283374275824341,0.867,0.806,1,"GRCh38-B4GALT1","B4GALT1","14"
0.0177127453355716,-0.283269565074168,0.395,0.455,1,"GRCh38-TACC2","TACC2","14"
0.189161365993884,-0.282831105689819,0.095,0.121,1,"GRCh38-SOX6","SOX6","14"
0.00115012858878942,-0.282780782717886,0.162,0.256,1,"GRCh38-PITX1-AS1","PITX1-AS1","14"
0.0668458303621662,-0.282648556550521,0.452,0.491,1,"GRCh38-SUN2","SUN2","14"
0.000446072450641205,-0.282460945885019,0.757,0.798,1,"GRCh38-FHL3","FHL3","14"
0.0340684562688778,-0.282351180771764,1,0.956,1,"GRCh38-PDLIM1","PDLIM1","14"
0.758310826084755,-0.282122504064872,0.776,0.741,1,"GRCh38-TMEM33","TMEM33","14"
0.913032335707229,-0.282039273259236,0.3,0.291,1,"GRCh38-AIM2","AIM2","14"
0.131868571251142,-0.281325478544841,0.557,0.571,1,"GRCh38-PITRM1","PITRM1","14"
0.00632547734774975,-0.280866409129623,0.081,0.145,1,"GRCh38-PSMC3IP","PSMC3IP","14"
0.000222354308342877,0.280780183864998,0.248,0.16,1,"GRCh38-MSX2","MSX2","14"
0.0585614623958059,-0.280735236002967,0.729,0.721,1,"GRCh38-TIMM23","TIMM23","14"
0.229693521982381,-0.280566294567157,0.348,0.305,1,"GRCh38-HULC","HULC","14"
0.271210285031286,-0.280510074996545,0.938,0.907,1,"GRCh38-CCNL1","CCNL1","14"
0.0748984918906001,-0.280326888903533,0.519,0.534,1,"GRCh38-PINX1","PINX1","14"
0.0117367851230788,-0.280265843574877,0.571,0.628,1,"GRCh38-DBNL","DBNL","14"
0.0385974193385976,-0.280212984860808,0.162,0.216,1,"GRCh38-ZNF503","ZNF503","14"
0.0738792718483688,-0.280193913739852,0.6,0.63,1,"GRCh38-PRPF4","PRPF4","14"
0.381871152176398,-0.279981939222409,0.838,0.821,1,"GRCh38-LYPLA1","LYPLA1","14"
0.00882056437234886,-0.279958231440745,0.705,0.719,1,"GRCh38-PSMG4","PSMG4","14"
0.42958971658829,-0.279877197741192,0.924,0.875,1,"GRCh38-FUCA2","FUCA2","14"
0.0474921925772229,-0.279652551183079,0.686,0.715,1,"GRCh38-RRP15","RRP15","14"
0.0855980773950288,-0.279499898139075,0.262,0.199,1,"GRCh38-PALMD","PALMD","14"
0.044289136742305,-0.279326606529126,0.805,0.784,1,"GRCh38-EBPL","EBPL","14"
0.00650647212584891,-0.279243327907838,0.729,0.763,1,"GRCh38-INTS10","INTS10","14"
0.0104390266036833,-0.279104322281048,0.729,0.757,1,"GRCh38-NAA25","NAA25","14"
0.000837011286691175,-0.279094279166865,0.319,0.409,1,"GRCh38-TYSND1","TYSND1","14"
0.0764992518460206,-0.278997555377313,0.99,0.914,1,"GRCh38-TM4SF1","TM4SF1","14"
0.0667800506407839,-0.278703648080107,0.633,0.658,1,"GRCh38-SRBD1","SRBD1","14"
0.0442603513822199,-0.278293853461096,1,0.992,1,"GRCh38-RPS28","RPS28","14"
0.0104241742246679,-0.278091112404572,0.352,0.433,1,"GRCh38-HPS5","HPS5","14"
0.0402806886249507,-0.278090619280614,0.857,0.822,1,"GRCh38-KARS1","KARS1","14"
0.00190322230703118,-0.278067179260704,0.052,0.121,1,"GRCh38-GPR143","GPR143","14"
0.779055145921433,-0.277826230925989,0.976,0.93,1,"GRCh38-EIF4G1","EIF4G1","14"
0.0518306862946171,-0.277608865301154,0.71,0.677,1,"GRCh38-FAHD1","FAHD1","14"
0.00501932905714014,-0.27756640558162,0.357,0.444,1,"GRCh38-TIPIN","TIPIN","14"
0.262665694436703,-0.277500271155941,0.871,0.769,1,"GRCh38-TPBG","TPBG","14"
0.502540206212243,-0.277492566519475,0.876,0.826,1,"GRCh38-LAP3","LAP3","14"
0.744352434863971,-0.277372758059135,0.767,0.713,1,"GRCh38-TMX1","TMX1","14"
0.000790191883315012,-0.277327456646532,0.576,0.657,1,"GRCh38-KIAA1522","KIAA1522","14"
0.0098076735395545,-0.277327156375703,0.062,0.116,1,"GRCh38-ABCA4","ABCA4","14"
0.375846812479582,-0.277257150579299,0.914,0.863,1,"GRCh38-NCOR2","NCOR2","14"
0.00610171065580123,-0.27724047116721,0.629,0.68,1,"GRCh38-FKBP4","FKBP4","14"
8.12816162545473e-05,-0.277078495716536,0.233,0.355,1,"GRCh38-FAM89A","FAM89A","14"
0.219260654990927,-0.276964800162037,1,0.993,1,"GRCh38-RPL27A","RPL27A","14"
0.000919415898436991,-0.276829788478605,0.038,0.108,1,"GRCh38-LIN7A","LIN7A","14"
0.0871574824304727,-0.276797949278997,0.643,0.663,1,"GRCh38-RNASEH1","RNASEH1","14"
0.511479270617704,-0.276624759470687,0.133,0.114,1,"GRCh38-ENSG00000236283","ENSG00000236283","14"
0.000965285334821211,-0.276445112540526,0.195,0.289,1,"GRCh38-ENSG00000291224","ENSG00000291224","14"
0.00043263929831809,-0.276427530812803,0.029,0.101,1,"GRCh38-PPFIA4","PPFIA4","14"
0.0781498750094706,-0.276398689659774,0.771,0.767,1,"GRCh38-DENND4A","DENND4A","14"
0.233819933459188,-0.276195670359929,0.814,0.785,1,"GRCh38-TBL1X","TBL1X","14"
0.340456434079752,-0.275954960079943,0.948,0.887,1,"GRCh38-PPP1CB","PPP1CB","14"
0.802754399309264,-0.275833142367881,0.881,0.829,1,"GRCh38-ETV6","ETV6","14"
0.0393208208239447,-0.275627335452467,0.667,0.681,1,"GRCh38-NLRC5","NLRC5","14"
0.000527432835417785,-0.275572800494669,0.51,0.593,1,"GRCh38-POLR1A","POLR1A","14"
0.00736814093540634,-0.275425151784281,0.205,0.277,1,"GRCh38-RFC5","RFC5","14"
0.584583140872239,-0.275412488833918,0.148,0.158,1,"GRCh38-ENSG00000233359","ENSG00000233359","14"
8.88924157286062e-05,-0.27534702920282,0.024,0.106,1,"GRCh38-ENSG00000236924","ENSG00000236924","14"
7.53719911953352e-05,-0.27533413454893,0.233,0.35,1,"GRCh38-THEM6","THEM6","14"
0.0125412070196385,-0.275044873453447,0.262,0.328,1,"GRCh38-GSDMC","GSDMC","14"
0.132794077507881,-0.275044754535378,0.79,0.777,1,"GRCh38-SCARB1","SCARB1","14"
0.981586988033526,-0.274975691093636,0.967,0.899,1,"GRCh38-CLINT1","CLINT1","14"
6.44113978473294e-05,0.27494648400834,0.614,0.45,1,"GRCh38-ENSG00000231424","ENSG00000231424","14"
0.238053407936344,-0.274859278388781,0.995,0.977,1,"GRCh38-PTGES3","PTGES3","14"
0.627082621488581,-0.274802817562044,0.819,0.786,1,"GRCh38-EFNA5","EFNA5","14"
0.000658194885185896,-0.274709882295387,0.29,0.389,1,"GRCh38-SLC41A1","SLC41A1","14"
0.144693140030998,-0.274573666925368,0.414,0.339,1,"GRCh38-ZC3H12C","ZC3H12C","14"
6.04915409974311e-05,0.274449434700571,0.543,0.423,1,"GRCh38-FRY","FRY","14"
0.00111819009150706,-0.274314443110616,0.1,0.181,1,"GRCh38-LINC01503","LINC01503","14"
0.846866113618659,-0.274220193096103,0.967,0.932,1,"GRCh38-TRIM44","TRIM44","14"
0.504168485955967,-0.274197556640522,0.99,0.948,1,"GRCh38-ILF3","ILF3","14"
0.210562456489507,-0.27418536127856,0.224,0.246,1,"GRCh38-ANK2","ANK2","14"
0.0909658565485235,-0.274148320344752,0.952,0.876,1,"GRCh38-SMC1A","SMC1A","14"
0.451397955169434,-0.274064019981982,0.805,0.757,1,"GRCh38-SMAD1","SMAD1","14"
0.0385266824921412,-0.2739387772915,0.624,0.648,1,"GRCh38-PMVK","PMVK","14"
0.582239861397023,-0.273891918459676,0.814,0.709,1,"GRCh38-SAE1","SAE1","14"
0.0451722664746205,-0.273546873935025,0.624,0.663,1,"GRCh38-KIF9","KIF9","14"
0.549414553667952,-0.273466443267214,0.952,0.889,1,"GRCh38-C19orf33","C19orf33","14"
0.442609128573641,-0.27292196268981,0.186,0.159,1,"GRCh38-CDH8","CDH8","14"
0.0017022181620893,-0.272735823886634,0.51,0.594,1,"GRCh38-ALDH18A1","ALDH18A1","14"
0.204791805282256,-0.272543708924602,0.6,0.611,1,"GRCh38-OAF","OAF","14"
0.342084198029052,-0.272465123577921,0.443,0.455,1,"GRCh38-ICMT","ICMT","14"
0.396779739821195,-0.272180352425464,0.919,0.869,1,"GRCh38-DCUN1D5","DCUN1D5","14"
0.0575006383456918,-0.272133789741485,0.19,0.24,1,"GRCh38-TRIM69","TRIM69","14"
0.720275720645086,-0.271862164858913,0.271,0.252,1,"GRCh38-GAS2L3","GAS2L3","14"
0.807949319856529,-0.271797706666777,0.557,0.52,1,"GRCh38-POLR3K","POLR3K","14"
6.03339832307101e-05,-0.271756522235872,0.148,0.262,1,"GRCh38-MAFK","MAFK","14"
0.0745734106491938,-0.271711597423831,0.143,0.183,1,"GRCh38-ENSG00000258168","ENSG00000258168","14"
3.73600115774998e-05,-0.271630017617164,0.038,0.134,1,"GRCh38-TNFSF9","TNFSF9","14"
0.00175230672672692,-0.271395350489216,0.081,0.156,1,"GRCh38-ARHGEF16","ARHGEF16","14"
0.00340423396601736,-0.271085525826202,0.057,0.12,1,"GRCh38-TCF19","TCF19","14"
0.202709484607974,-0.270979658022169,0.7,0.645,1,"GRCh38-FTSJ1","FTSJ1","14"
0.205808982373355,-0.27095267031093,0.805,0.707,1,"GRCh38-ELOVL5","ELOVL5","14"
3.09144548037613e-05,0.270945406805838,0.495,0.384,1,"GRCh38-PARP11","PARP11","14"
0.00460277697161093,-0.270680663446567,0.61,0.633,1,"GRCh38-MECR","MECR","14"
0.420000213216847,-0.270194756043632,0.933,0.886,1,"GRCh38-EI24","EI24","14"
0.048459786268152,-0.27003237574649,0.486,0.528,1,"GRCh38-RPA1","RPA1","14"
0.130630156482054,-0.269973539572635,0.748,0.736,1,"GRCh38-MRPL2","MRPL2","14"
0.00810038384822516,-0.269812353614247,0.057,0.113,1,"GRCh38-ABCA8","ABCA8","14"
0.337944180992111,-0.26972092300885,0.857,0.832,1,"GRCh38-ATG3","ATG3","14"
0.378783326613983,-0.269707363908649,0.843,0.79,1,"GRCh38-B4GALT5","B4GALT5","14"
0.000500344068465768,-0.269393411364254,0.19,0.287,1,"GRCh38-PTK2B","PTK2B","14"
0.944428779439835,-0.269201299007384,0.981,0.954,1,"GRCh38-SNRPD3","SNRPD3","14"
3.26806465991817e-05,-0.269081317870272,0.19,0.313,1,"GRCh38-PCDHGC3","PCDHGC3","14"
0.00372243461323471,-0.269038119149591,0.467,0.527,1,"GRCh38-XPNPEP1","XPNPEP1","14"
0.973044708366501,-0.269023751765035,0.943,0.918,1,"GRCh38-TMEM123","TMEM123","14"
0.124062851181819,-0.268799810926624,0.357,0.375,1,"GRCh38-LRRCC1","LRRCC1","14"
0.250703871574137,-0.268724437750676,0.948,0.892,1,"GRCh38-LSM2","LSM2","14"
0.391190500245031,-0.268638902384264,0.905,0.876,1,"GRCh38-FDPS","FDPS","14"
0.31214844443026,-0.268599999841351,0.533,0.534,1,"GRCh38-TBC1D9","TBC1D9","14"
0.446019902566823,-0.268468548276643,0.99,0.938,1,"GRCh38-NAA10","NAA10","14"
0.229202637592524,-0.268202088687501,0.095,0.118,1,"GRCh38-ENSG00000289152","ENSG00000289152","14"
0.0705379297444831,-0.268061543312599,0.624,0.62,1,"GRCh38-PEMT","PEMT","14"
7.01953763109462e-05,-0.26799746096838,0.029,0.116,1,"GRCh38-ACOX2","ACOX2","14"
0.0416870297410607,-0.267929550940746,0.8,0.799,1,"GRCh38-GTPBP6","GTPBP6","14"
0.0783656666166726,-0.26781279819014,0.267,0.308,1,"GRCh38-DGKG","DGKG","14"
0.400924275766498,-0.26777219085332,0.771,0.768,1,"GRCh38-PGM1","PGM1","14"
0.00269576042766401,-0.267396218606344,0.433,0.511,1,"GRCh38-DNAJA3","DNAJA3","14"
0.117580373950306,-0.267275471767834,0.567,0.593,1,"GRCh38-FANCC","FANCC","14"
1.41881267390771e-05,-0.267226918949527,0.495,0.314,1,"GRCh38-SPOCK3","SPOCK3","14"
3.19684053250511e-05,0.266630113924119,0.419,0.311,1,"GRCh38-MVP-DT","MVP-DT","14"
0.00453030347102397,-0.266572641356204,0.748,0.779,1,"GRCh38-MRPS22","MRPS22","14"
0.171881345504737,-0.266455231055332,0.995,0.952,1,"GRCh38-COL6A2","COL6A2","14"
0.625528013631908,-0.266277962043914,0.881,0.844,1,"GRCh38-RESF1","RESF1","14"
0.356537013481365,-0.266274731898632,0.7,0.612,1,"GRCh38-RAB40C","RAB40C","14"
0.166688539567802,-0.265982407266622,0.624,0.644,1,"GRCh38-NUS1","NUS1","14"
0.00786801781237998,-0.265975882141885,0.633,0.504,1,"GRCh38-MIR222HG","MIR222HG","14"
0.00022534760360603,-0.265935788003925,0.352,0.478,1,"GRCh38-SCLY","SCLY","14"
0.000153284609544112,-0.265842843041987,0.186,0.3,1,"GRCh38-QSOX2","QSOX2","14"
0.35546578742122,-0.26583038234467,0.6,0.538,1,"GRCh38-STK10","STK10","14"
0.00631937784665668,-0.265601712707369,0.938,0.861,1,"GRCh38-WSB1","WSB1","14"
7.75087425464674e-05,-0.265600028986392,0.048,0.141,1,"GRCh38-DUSP5-DT","DUSP5-DT","14"
0.177149913202817,-0.265430568469667,0.843,0.842,1,"GRCh38-MRPL11","MRPL11","14"
0.246732978196667,-0.265306277718188,0.933,0.892,1,"GRCh38-CDC123","CDC123","14"
0.232874565020409,-0.265297712116573,0.81,0.785,1,"GRCh38-REX1BD","REX1BD","14"
0.00280055789473649,-0.265112537534334,0.467,0.538,1,"GRCh38-PI4K2A","PI4K2A","14"
0.257083731955502,-0.265101500443057,0.724,0.638,1,"GRCh38-TSC22D2","TSC22D2","14"
0.0313882385027062,-0.265094974359083,0.743,0.73,1,"GRCh38-AARSD1","AARSD1","14"
0.342541094069656,-0.265037266743424,0.905,0.88,1,"GRCh38-FAM204A","FAM204A","14"
0.0492040803030247,-0.264898894009948,0.195,0.246,1,"GRCh38-LETM2","LETM2","14"
0.0987775910749256,-0.264803149810486,0.843,0.822,1,"GRCh38-SHLD2","SHLD2","14"
0.151819664595954,-0.264658496703221,0.848,0.819,1,"GRCh38-SRSF1","SRSF1","14"
1.9994101554069e-05,-0.264495096952332,0.033,0.132,1,"GRCh38-JPH1","JPH1","14"
0.135793790126184,-0.264427037574547,0.462,0.477,1,"GRCh38-BAK1","BAK1","14"
0.340340748043142,-0.264224868715649,0.738,0.7,1,"GRCh38-MRM2","MRM2","14"
0.0862424783484715,-0.264096532709922,0.786,0.812,1,"GRCh38-NOL10","NOL10","14"
0.662971670550991,-0.264074063818846,0.967,0.921,1,"GRCh38-ZFP91","ZFP91","14"
3.2983614214803e-05,-0.264046156273134,0.152,0.273,1,"GRCh38-IPO4","IPO4","14"
0.0208986592612198,-0.263871819047194,0.624,0.634,1,"GRCh38-METTL2B","METTL2B","14"
0.0125703726032571,-0.263857881361992,0.452,0.497,1,"GRCh38-OXNAD1","OXNAD1","14"
0.00163431297062972,-0.263686920022258,1,0.996,1,"GRCh38-RPL19","RPL19","14"
0.0945723121016283,-0.263603889298556,0.348,0.377,1,"GRCh38-CCP110","CCP110","14"
0.0384276512857823,-0.263588464227388,0.886,0.875,1,"GRCh38-BTF3L4","BTF3L4","14"
0.443503685837687,-0.263424373206924,0.929,0.879,1,"GRCh38-FNIP1","FNIP1","14"
0.00409121769545945,-0.263253714751275,0.129,0.204,1,"GRCh38-LINC01133","LINC01133","14"
0.00242134370167306,-0.263213850045808,0.048,0.113,1,"GRCh38-RNF152","RNF152","14"
0.0127500232300103,-0.263164237516187,1,0.98,1,"GRCh38-MT-ATP6","MT-ATP6","14"
0.134408238286324,-0.262949310674965,1,0.972,1,"GRCh38-MT-ND1","MT-ND1","14"
0.327045449717453,-0.262944379207856,0.843,0.791,1,"GRCh38-PSMD11","PSMD11","14"
0.00397612312982603,-0.262876760394348,0.762,0.776,1,"GRCh38-DDX54","DDX54","14"
0.158504047465726,-0.262829493323468,0.39,0.413,1,"GRCh38-POU6F2","POU6F2","14"
0.0090248740491925,-0.262542030499942,0.533,0.599,1,"GRCh38-CHCHD6","CHCHD6","14"
0.298253636428474,-0.26249169310713,0.486,0.488,1,"GRCh38-SLC39A13","SLC39A13","14"
0.00498485190530484,-0.262453901471438,0.471,0.55,1,"GRCh38-WDR5","WDR5","14"
0.957141582375104,-0.262375455406218,0.595,0.543,1,"GRCh38-TSPAN9","TSPAN9","14"
4.42335488037251e-05,-0.262346385369359,0.148,0.265,1,"GRCh38-URB2","URB2","14"
0.983136756178591,-0.262012558625892,0.667,0.637,1,"GRCh38-GNB4","GNB4","14"
0.000513483595662599,0.262002317955072,0.681,0.572,1,"GRCh38-LIPE-AS1","LIPE-AS1","14"
0.0175749679501361,-0.26162524744937,0.095,0.149,1,"GRCh38-DBF4B","DBF4B","14"
0.093143331251687,-0.261617931708964,0.705,0.716,1,"GRCh38-RAPGEF1","RAPGEF1","14"
0.0037364610731725,-0.261507796888354,1,0.966,1,"GRCh38-TAF1D","TAF1D","14"
0.0431294245016887,-0.261352624891217,0.514,0.56,1,"GRCh38-TTC27","TTC27","14"
0.0116812590320691,-0.260971516844267,0.195,0.267,1,"GRCh38-CSRNP1","CSRNP1","14"
0.0149742850581303,-0.260964831171858,0.995,0.951,1,"GRCh38-SNHG16","SNHG16","14"
0.427359912917458,-0.260899618058349,0.995,0.953,1,"GRCh38-CLNS1A","CLNS1A","14"
3.27262291359384e-05,0.26078543743136,0.481,0.366,1,"GRCh38-PRH1","PRH1","14"
1.48896216630822e-05,-0.260774239138642,0.129,0.258,1,"GRCh38-DPH2","DPH2","14"
0.339975376172154,-0.260659211334302,0.833,0.802,1,"GRCh38-H1-0","H1-0","14"
0.00147050753987799,0.26063464520677,0.543,0.475,1,"GRCh38-LINC02340","LINC02340","14"
0.003527049309862,-0.260630736788925,0.248,0.331,1,"GRCh38-CAPN15","CAPN15","14"
0.639172676184121,-0.260420872616753,1,0.945,1,"GRCh38-NUDC","NUDC","14"
0.00737011551931391,-0.260403421041577,0.524,0.578,1,"GRCh38-DDX31","DDX31","14"
0.242701936072988,-0.260107908203395,0.79,0.775,1,"GRCh38-GOT2","GOT2","14"
0.000102450430626509,-0.260055740122183,0.114,0.223,1,"GRCh38-SORCS2","SORCS2","14"
0.0182932883183157,-0.260016116723043,0.505,0.565,1,"GRCh38-PCBD2","PCBD2","14"
0.00322533806773613,-0.259972929003046,0.514,0.59,1,"GRCh38-POGLUT1","POGLUT1","14"
0.0197651614299822,-0.259754583482444,0.624,0.652,1,"GRCh38-EEFSEC","EEFSEC","14"
0.0604881470757836,-0.25943855951133,0.152,0.195,1,"GRCh38-DENND2C","DENND2C","14"
0.429181047003893,-0.259212549529412,0.571,0.579,1,"GRCh38-STX3","STX3","14"
0.461097285881889,-0.259132327641161,1,0.987,1,"GRCh38-RPL27","RPL27","14"
0.573845892728227,-0.259061382704561,0.41,0.403,1,"GRCh38-PLK3","PLK3","14"
0.00031851168687856,0.259050427528156,0.667,0.554,1,"GRCh38-C12orf29","C12orf29","14"
9.71470639517386e-05,0.259032323399745,0.162,0.089,1,"GRCh38-GRB14","GRB14","14"
0.0885301345752754,-0.258931173972969,0.138,0.183,1,"GRCh38-CHN2","CHN2","14"
0.000577113086166325,-0.258535015951845,0.448,0.549,1,"GRCh38-NOD1","NOD1","14"
1.60779617246255e-05,0.258479269032356,0.638,0.492,1,"GRCh38-ENSG00000226149","ENSG00000226149","14"
0.062595761946772,-0.258469127794474,0.286,0.331,1,"GRCh38-HIRIP3","HIRIP3","14"
0.197107972123115,-0.258414673156163,0.486,0.502,1,"GRCh38-PEA15","PEA15","14"
0.0781300055188043,-0.258331186913842,0.414,0.444,1,"GRCh38-OSBPL11","OSBPL11","14"
0.00811549522020084,-0.258201446122166,0.081,0.142,1,"GRCh38-LINC01182","LINC01182","14"
0.00687474863047256,-0.257907967823484,0.176,0.247,1,"GRCh38-CEP72","CEP72","14"
0.235578077865303,-0.257880690715979,0.543,0.488,1,"GRCh38-GGH","GGH","14"
0.427487320423077,-0.257772838111042,0.871,0.813,1,"GRCh38-TAX1BP3","TAX1BP3","14"
0.000368792142654324,-0.257648050152831,0.295,0.403,1,"GRCh38-SH3TC1","SH3TC1","14"
0.0923806487216462,-0.257498566628521,0.571,0.592,1,"GRCh38-DNLZ","DNLZ","14"
0.127188209384586,-0.257386424626266,0.362,0.391,1,"GRCh38-SOX7","SOX7","14"
0.14897113389423,-0.257279396938846,0.881,0.809,1,"GRCh38-ABL2","ABL2","14"
0.00772421383012573,-0.257205997300345,1,0.967,1,"GRCh38-SNHG6","SNHG6","14"
0.413619705013996,-0.257120006652288,0.643,0.579,1,"GRCh38-LBR","LBR","14"
8.74500508815461e-05,0.257075680629361,0.562,0.454,1,"GRCh38-SLC37A3","SLC37A3","14"
0.333538007344194,-0.256966557754754,0.248,0.264,1,"GRCh38-AMPD3","AMPD3","14"
0.0589628775762054,-0.256861035361167,1,0.992,1,"GRCh38-RPS21","RPS21","14"
0.24435385142518,-0.25667358827109,0.629,0.555,1,"GRCh38-SAMHD1","SAMHD1","14"
0.880596712938782,-0.256626280602589,0.324,0.306,1,"GRCh38-KNSTRN","KNSTRN","14"
0.541592933901416,-0.256625575704216,0.986,0.936,1,"GRCh38-TAF15","TAF15","14"
0.00777947531242241,-0.256600204960169,1,0.984,1,"GRCh38-PABPC1","PABPC1","14"
0.936193544923792,-0.256573539740951,0.824,0.792,1,"GRCh38-QSER1","QSER1","14"
0.260895433854605,-0.256326343908262,0.59,0.58,1,"GRCh38-SLC25A32","SLC25A32","14"
0.00110866958075261,-0.256198140608507,0.21,0.302,1,"GRCh38-CRKL","CRKL","14"
0.000491951461113856,-0.255949676870708,0.41,0.505,1,"GRCh38-METTL27","METTL27","14"
0.202724808747206,-0.255830561879917,0.876,0.829,1,"GRCh38-COA6","COA6","14"
3.31067196422363e-05,-0.255737023434434,0.014,0.1,1,"GRCm39-Ngp","Ngp","14"
0.0476723421125931,-0.255399527224766,0.152,0.2,1,"GRCh38-LINC00840","LINC00840","14"
0.00299604325417901,-0.255261592378387,0.286,0.364,1,"GRCh38-ABHD11","ABHD11","14"
0.000238988739378481,-0.255199045331385,0.167,0.28,1,"GRCh38-DNAH2","DNAH2","14"
0.00348751230933892,-0.255134241009898,0.157,0.239,1,"GRCh38-WFDC10B","WFDC10B","14"
0.0632193873620656,-0.255011108780241,0.171,0.216,1,"GRCh38-C5orf34","C5orf34","14"
0.000216450347222886,-0.254933163864995,0.052,0.138,1,"GRCh38-BCL7A","BCL7A","14"
0.970461891042656,-0.254836136522111,0.967,0.945,1,"GRCh38-RNH1","RNH1","14"
1.55849086085562e-05,-0.254791835016871,0.014,0.106,1,"GRCh38-CRLF2","CRLF2","14"
0.00336399131745641,-0.254750915821004,0.148,0.229,1,"GRCh38-GADD45G","GADD45G","14"
0.690721775309362,-0.254442329406419,1,0.959,1,"GRCh38-LPP","LPP","14"
0.0812587510332986,-0.254391554441226,0.971,0.947,1,"GRCh38-EIF2A","EIF2A","14"
0.0777631104275351,-0.254322542273818,0.338,0.38,1,"GRCh38-CEP152","CEP152","14"
0.0905260400757132,-0.254287259261639,0.6,0.61,1,"GRCh38-DTX3L","DTX3L","14"
0.010529965239296,-0.254260135564087,1,0.962,1,"GRCh38-BTG1","BTG1","14"
0.00934557301710684,-0.253972673016043,0.995,0.956,1,"GRCh38-MRPS24","MRPS24","14"
1.90949162043401e-05,0.253837144800294,0.419,0.288,1,"GRCh38-EPHB2","EPHB2","14"
0.144692074792208,-0.253750000928329,0.667,0.655,1,"GRCh38-RCC2","RCC2","14"
0.0619692922421296,-0.253586914389943,0.462,0.494,1,"GRCh38-GRK6","GRK6","14"
0.999713942845163,-0.25358639799467,0.143,0.14,1,"GRCh38-MARCHF1","MARCHF1","14"
0.0821015430028444,-0.253475301716508,0.705,0.692,1,"GRCh38-AARS1","AARS1","14"
0.0686468701574704,-0.253474999836802,0.676,0.687,1,"GRCh38-HSCB","HSCB","14"
0.123850552392899,-0.253340429946007,0.976,0.923,1,"GRCh38-NDUFA6","NDUFA6","14"
0.18968115187761,-0.253302116436404,0.943,0.88,1,"GRCh38-NAXE","NAXE","14"
0.000204409855398249,-0.25328861893357,0.024,0.101,1,"GRCh38-ZP1","ZP1","14"
0.00589234719631574,-0.25278439602643,0.971,0.901,1,"GRCh38-ELL2","ELL2","14"
0.00160543572834096,-0.252773380456735,0.1,0.178,1,"GRCh38-ABCG1","ABCG1","14"
0.526642886534468,-0.252762946317142,0.967,0.914,1,"GRCh38-SNRPC","SNRPC","14"
0.000223732034968702,-0.252722375856998,0.052,0.139,1,"GRCh38-CHAC1","CHAC1","14"
0.412650785001066,-0.252582179698958,0.733,0.656,1,"GRCh38-OSTM1","OSTM1","14"
0.174386760995633,-0.252539873085525,0.567,0.599,1,"GRCh38-RRP12","RRP12","14"
0.000227170596399198,-0.252501259023909,1,0.991,1,"GRCh38-RPL29","RPL29","14"
0.606925245828454,-0.252354600358186,0.814,0.768,1,"GRCh38-USP7","USP7","14"
2.10121326428326e-05,-0.252308630459039,0.019,0.111,1,"GRCh38-ANXA3","ANXA3","14"
0.00297462500782385,-0.252114969128824,0.21,0.298,1,"GRCh38-FMNL1-DT","FMNL1-DT","14"
0.0494999075394815,-0.252110919492743,0.41,0.46,1,"GRCh38-FOSL2","FOSL2","14"
2.06584874710077e-05,0.252102829082651,0.814,0.701,1,"GRCh38-KLHDC2","KLHDC2","14"
0.000496692547261269,-0.252040515134851,0.186,0.284,1,"GRCh38-IP6K3","IP6K3","14"
0.0365170485070134,-0.251993563359028,0.933,0.867,1,"GRCh38-CTNNB1","CTNNB1","14"
5.2204531657376e-05,0.251946393946892,0.31,0.199,1,"GRCh38-ENSG00000289228","ENSG00000289228","14"
0.00170999028840166,-0.251776915459418,0.19,0.279,1,"GRCh38-SLC19A2","SLC19A2","14"
0.0367902547476449,-0.251752235577315,0.548,0.591,1,"GRCh38-MIX23","MIX23","14"
0.490155207322725,-0.251657115713086,0.976,0.943,1,"GRCh38-NDUFB8","NDUFB8","14"
3.16746431151114e-05,0.251505473221051,0.414,0.297,1,"GRCh38-TXNDC16","TXNDC16","14"
0.712609932086086,-0.2514890867797,0.848,0.805,1,"GRCh38-SF3A3","SF3A3","14"
0.00606838332243124,-0.251331928271945,0.086,0.151,1,"GRCh38-ENSG00000250519","ENSG00000250519","14"
0.840428742035955,-0.25121494560219,0.719,0.647,1,"GRCh38-DAXX","DAXX","14"
0.102461390614917,-0.251174991294614,0.795,0.756,1,"GRCh38-ISOC2","ISOC2","14"
1.75876073443263e-05,0.251162145596185,0.6,0.483,1,"GRCh38-DHRS4-AS1","DHRS4-AS1","14"
0.893815562796442,-0.25087690020859,0.91,0.867,1,"GRCh38-SFXN1","SFXN1","14"
0.000590767365844095,0.250833870114957,0.833,0.769,1,"GRCh38-TP53BP1","TP53BP1","14"
0.750462127427347,-0.250801891601536,0.786,0.74,1,"GRCh38-TMEM181","TMEM181","14"
0.00779544767597553,-0.250508929790327,0.4,0.464,1,"GRCh38-PUSL1","PUSL1","14"
3.19930215702553e-05,-0.250459571748785,1,0.993,1,"GRCh38-RPL12","RPL12","14"
0.290362585844811,-0.250443476618831,0.986,0.924,1,"GRCh38-CDK4","CDK4","14"
0.130650222589965,-0.250403568997557,0.333,0.378,1,"GRCh38-WNT5A","WNT5A","14"
0.000725538851176638,-0.250378452049194,0.29,0.394,1,"GRCh38-TRUB1","TRUB1","14"
0.813451311921516,-0.250359168960912,0.981,0.959,1,"GRCh38-OSMR","OSMR","14"
0.000221137628113061,-0.250265106519561,0.119,0.22,1,"GRCh38-KCTD12","KCTD12","14"
0.647079353813507,-0.250257071003788,0.962,0.909,1,"GRCh38-STAT3","STAT3","14"
0.124889085095155,-0.250062151479742,0.952,0.904,1,"GRCh38-TMEM147","TMEM147","14"
0.00131059718617438,-0.250041169128209,0.1,0.18,1,"GRCh38-SERPINB8","SERPINB8","14"
