collection_id	pathway_id	leading_edge_gene_id	leading_edge_rank
H	HALLMARK_KRAS_SIGNALING_DN	CDH16	1
H	HALLMARK_KRAS_SIGNALING_DN	YPEL1	2
H	HALLMARK_KRAS_SIGNALING_DN	ITGB1BP2	3
H	HALLMARK_KRAS_SIGNALING_DN	EDN2	4
H	HALLMARK_KRAS_SIGNALING_DN	TGM1	5
H	HALLMARK_KRAS_SIGNALING_DN	GDNF	6
H	HALLMARK_KRAS_SIGNALING_DN	EPHA5	7
H	HALLMARK_KRAS_SIGNALING_DN	FGFR3	8
H	HALLMARK_KRAS_SIGNALING_DN	STAG3	9
H	HALLMARK_KRAS_SIGNALING_DN	UPK3B	10
H	HALLMARK_KRAS_SIGNALING_DN	PKP1	11
H	HALLMARK_KRAS_SIGNALING_DN	IL5	12
H	HALLMARK_KRAS_SIGNALING_DN	SLC5A5	13
H	HALLMARK_KRAS_SIGNALING_DN	EFHD1	14
H	HALLMARK_KRAS_SIGNALING_DN	DLK2	15
H	HALLMARK_KRAS_SIGNALING_DN	SMPX	16
H	HALLMARK_KRAS_SIGNALING_DN	GPRC5C	17
H	HALLMARK_KRAS_SIGNALING_DN	PDK2	18
H	HALLMARK_KRAS_SIGNALING_DN	FGF22	19
H	HALLMARK_KRAS_SIGNALING_DN	CACNA1F	20
H	HALLMARK_KRAS_SIGNALING_DN	IGFBP2	21
H	HALLMARK_KRAS_SIGNALING_DN	CD80	22
H	HALLMARK_KRAS_SIGNALING_DN	KCNN1	23
H	HALLMARK_KRAS_SIGNALING_DN	GAMT	24
H	HALLMARK_KRAS_SIGNALING_DN	TFAP2B	25
H	HALLMARK_KRAS_SIGNALING_DN	TFCP2L1	26
H	HALLMARK_KRAS_SIGNALING_DN	TG	27
H	HALLMARK_KRAS_SIGNALING_DN	CALCB	28
H	HALLMARK_KRAS_SIGNALING_DN	SLC6A3	29
H	HALLMARK_KRAS_SIGNALING_DN	KRT5	30
H	HALLMARK_KRAS_SIGNALING_DN	ARPP21	31
H	HALLMARK_KRAS_SIGNALING_DN	TAS2R4	32
H	HALLMARK_KRAS_SIGNALING_DN	TCF7L1	33
H	HALLMARK_KRAS_SIGNALING_DN	MACROH2A2	34
H	HALLMARK_KRAS_SIGNALING_DN	ABCB11	35
H	HALLMARK_KRAS_SIGNALING_DN	MYO15A	36
H	HALLMARK_KRAS_SIGNALING_DN	SIDT1	37
H	HALLMARK_KRAS_SIGNALING_DN	EGF	38
H	HALLMARK_KRAS_SIGNALING_DN	HSD11B2	39
H	HALLMARK_KRAS_SIGNALING_DN	CELSR2	40
H	HALLMARK_KRAS_SIGNALING_DN	NPHS1	41
H	HALLMARK_KRAS_SIGNALING_DN	RYR1	42
H	HALLMARK_KRAS_SIGNALING_DN	THRB	43
H	HALLMARK_KRAS_SIGNALING_DN	SGK1	44
H	HALLMARK_KRAS_SIGNALING_DN	DCC	45
H	HALLMARK_KRAS_SIGNALING_DN	CPA2	46
H	HALLMARK_KRAS_SIGNALING_DN	SLC30A3	47
H	HALLMARK_KRAS_SIGNALING_DN	CAMK1D	48
H	HALLMARK_KRAS_SIGNALING_DN	EDN1	49
H	HALLMARK_KRAS_SIGNALING_DN	GRID2	50
H	HALLMARK_KRAS_SIGNALING_DN	SLC25A23	51
H	HALLMARK_KRAS_SIGNALING_DN	NUDT11	52
H	HALLMARK_KRAS_SIGNALING_DN	FGGY	53
H	HALLMARK_KRAS_SIGNALING_DN	KRT15	54
H	HALLMARK_KRAS_SIGNALING_DN	BTG2	55
H	HALLMARK_KRAS_SIGNALING_DN	C5	56
H	HALLMARK_KRAS_SIGNALING_DN	RSAD2	57
H	HALLMARK_KRAS_SIGNALING_DN	P2RX6	58
H	HALLMARK_KRAS_SIGNALING_DN	SLC29A3	59
H	HALLMARK_KRAS_SIGNALING_DN	MAGIX	60
H	HALLMARK_KRAS_SIGNALING_DN	BMPR1B	61
H	HALLMARK_KRAS_SIGNALING_DN	SELENOP	62
H	HALLMARK_MYC_TARGETS_V1	MCM5	1
H	HALLMARK_MYC_TARGETS_V1	PCNA	2
H	HALLMARK_MYC_TARGETS_V1	MCM6	3
H	HALLMARK_MYC_TARGETS_V1	KPNB1	4
H	HALLMARK_MYC_TARGETS_V1	TFDP1	5
H	HALLMARK_MYC_TARGETS_V1	DUT	6
H	HALLMARK_MYC_TARGETS_V1	SNRPG	7
H	HALLMARK_MYC_TARGETS_V1	TYMS	8
H	HALLMARK_MYC_TARGETS_V1	LSM7	9
H	HALLMARK_MYC_TARGETS_V1	SRM	10
H	HALLMARK_MYC_TARGETS_V1	MCM7	11
H	HALLMARK_MYC_TARGETS_V1	MCM2	12
H	HALLMARK_MYC_TARGETS_V1	NDUFAB1	13
H	HALLMARK_MYC_TARGETS_V1	PPM1G	14
H	HALLMARK_MYC_TARGETS_V1	SRSF2	15
H	HALLMARK_MYC_TARGETS_V1	MCM4	16
H	HALLMARK_MYC_TARGETS_V1	USP1	17
H	HALLMARK_MYC_TARGETS_V1	RANBP1	18
H	HALLMARK_MYC_TARGETS_V1	PSMA4	19
H	HALLMARK_MYC_TARGETS_V1	TXNL4A	20
H	HALLMARK_MYC_TARGETS_V1	NOP56	21
H	HALLMARK_MYC_TARGETS_V1	NME1	22
H	HALLMARK_MYC_TARGETS_V1	SNRPD1	23
H	HALLMARK_MYC_TARGETS_V1	H2AZ1	24
H	HALLMARK_MYC_TARGETS_V1	PSMA7	25
H	HALLMARK_MYC_TARGETS_V1	HSPE1	26
H	HALLMARK_MYC_TARGETS_V1	PHB2	27
H	HALLMARK_MYC_TARGETS_V1	RFC4	28
H	HALLMARK_MYC_TARGETS_V1	SET	29
H	HALLMARK_MYC_TARGETS_V1	PRDX4	30
H	HALLMARK_MYC_TARGETS_V1	SNRPD3	31
H	HALLMARK_MYC_TARGETS_V1	GLO1	32
H	HALLMARK_MYC_TARGETS_V1	EIF1AX	33
H	HALLMARK_MYC_TARGETS_V1	NHP2	34
H	HALLMARK_MYC_TARGETS_V1	CDC45	35
H	HALLMARK_MYC_TARGETS_V1	ABCE1	36
H	HALLMARK_MYC_TARGETS_V1	SSBP1	37
H	HALLMARK_MYC_TARGETS_V1	NAP1L1	38
H	HALLMARK_MYC_TARGETS_V1	RAN	39
H	HALLMARK_MYC_TARGETS_V1	PA2G4	40
H	HALLMARK_MYC_TARGETS_V1	PSMB2	41
H	HALLMARK_MYC_TARGETS_V1	MRPL9	42
H	HALLMARK_MYC_TARGETS_V1	SRSF7	43
H	HALLMARK_MYC_TARGETS_V1	PHB1	44
H	HALLMARK_MYC_TARGETS_V1	ERH	45
H	HALLMARK_MYC_TARGETS_V1	XRCC6	46
H	HALLMARK_MYC_TARGETS_V1	CTPS1	47
H	HALLMARK_MYC_TARGETS_V1	C1QBP	48
H	HALLMARK_MYC_TARGETS_V1	PSMA1	49
H	HALLMARK_MYC_TARGETS_V1	HPRT1	50
H	HALLMARK_MYC_TARGETS_V1	PSMA2	51
H	HALLMARK_MYC_TARGETS_V1	HSP90AB1	52
H	HALLMARK_MYC_TARGETS_V1	SERBP1	53
H	HALLMARK_MYC_TARGETS_V1	UBE2L3	54
H	HALLMARK_MYC_TARGETS_V1	PTGES3	55
H	HALLMARK_MYC_TARGETS_V1	VDAC3	56
H	HALLMARK_MYC_TARGETS_V1	COX5A	57
H	HALLMARK_MYC_TARGETS_V1	SNRPD2	58
H	HALLMARK_MYC_TARGETS_V1	CCT2	59
H	HALLMARK_MYC_TARGETS_V1	CDK4	60
H	HALLMARK_MYC_TARGETS_V1	SNRPA	61
H	HALLMARK_MYC_TARGETS_V1	SLC25A3	62
H	HALLMARK_MYC_TARGETS_V1	PRDX3	63
H	HALLMARK_MYC_TARGETS_V1	LSM2	64
H	HALLMARK_MYC_TARGETS_V1	FBL	65
H	HALLMARK_MYC_TARGETS_V1	EIF4A1	66
H	HALLMARK_MYC_TARGETS_V1	NPM1	67
H	HALLMARK_MYC_TARGETS_V1	EIF2S2	68
H	HALLMARK_MYC_TARGETS_V1	SRSF3	69
H	HALLMARK_MYC_TARGETS_V1	DEK	70
H	HALLMARK_MYC_TARGETS_V1	EIF4E	71
H	HALLMARK_MYC_TARGETS_V1	POLE3	72
H	HALLMARK_MYC_TARGETS_V1	CCT7	73
H	HALLMARK_MYC_TARGETS_V1	TUFM	74
H	HALLMARK_MYC_TARGETS_V1	VDAC1	75
H	HALLMARK_MYC_TARGETS_V1	CCT3	76
H	HALLMARK_MYC_TARGETS_V1	NOLC1	77
H	HALLMARK_MYC_TARGETS_V1	HNRNPR	78
H	HALLMARK_MYC_TARGETS_V1	PSMD8	79
H	HALLMARK_MYC_TARGETS_V1	PSMB3	80
H	HALLMARK_MYC_TARGETS_V1	TRIM28	81
H	HALLMARK_MYC_TARGETS_V1	EEF1B2	82
H	HALLMARK_MYC_TARGETS_V1	HNRNPD	83
H	HALLMARK_MYC_TARGETS_V1	SRPK1	84
H	HALLMARK_MYC_TARGETS_V1	GNL3	85
H	HALLMARK_MYC_TARGETS_V1	PCBP1	86
H	HALLMARK_MYC_TARGETS_V1	PSMD1	87
H	HALLMARK_MYC_TARGETS_V1	PSMD3	88
H	HALLMARK_MYC_TARGETS_V1	SSB	89
H	HALLMARK_MYC_TARGETS_V1	HDAC2	90
H	HALLMARK_MYC_TARGETS_V1	AIMP2	91
H	HALLMARK_MYC_TARGETS_V1	TOMM70	92
H	HALLMARK_MYC_TARGETS_V1	CYC1	93
H	HALLMARK_MYC_TARGETS_V1	RRP9	94
H	HALLMARK_MYC_TARGETS_V1	RPS10	95
H	HALLMARK_MYC_TARGETS_V1	HSPD1	96
H	HALLMARK_MYC_TARGETS_V1	XPO1	97
H	HALLMARK_MYC_TARGETS_V1	EIF2S1	98
H	HALLMARK_MYC_TARGETS_V1	SRSF1	99
H	HALLMARK_MYC_TARGETS_V1	PPIA	100
H	HALLMARK_MYC_TARGETS_V1	APEX1	101
H	HALLMARK_MYC_TARGETS_V1	SNRPA1	102
H	HALLMARK_MYC_TARGETS_V1	EPRS1	103
H	HALLMARK_MYC_TARGETS_V1	RNPS1	104
H	HALLMARK_MYC_TARGETS_V1	G3BP1	105
H	HALLMARK_MYC_TARGETS_V1	POLD2	106
H	HALLMARK_MYC_TARGETS_V1	RPL18	107
H	HALLMARK_MYC_TARGETS_V1	HDDC2	108
H	HALLMARK_MYC_TARGETS_V1	PSMA6	109
H	HALLMARK_MYC_TARGETS_V1	PSMC4	110
H	HALLMARK_MYC_TARGETS_V1	CCT5	111
H	HALLMARK_MYC_TARGETS_V1	PABPC4	112
H	HALLMARK_MYC_TARGETS_V1	SYNCRIP	113
H	HALLMARK_MYC_TARGETS_V1	RPS3	114
H	HALLMARK_MYC_TARGETS_V1	RPS5	115
H	HALLMARK_MYC_TARGETS_V1	RRM1	116
H	HALLMARK_MYC_TARGETS_V1	EIF3D	117
H	HALLMARK_MYC_TARGETS_V1	RSL1D1	118
H	HALLMARK_MYC_TARGETS_V1	CCT4	119
H	HALLMARK_MYC_TARGETS_V1	PSMD7	120
H	HALLMARK_MYC_TARGETS_V1	ACP1	121
H	HALLMARK_MYC_TARGETS_V1	SF3B3	122
H	HALLMARK_MYC_TARGETS_V1	NOP16	123
H	HALLMARK_MYC_TARGETS_V1	EIF3J	124
H	HALLMARK_MYC_TARGETS_V1	CDK2	125
H	HALLMARK_MYC_TARGETS_V1	DDX18	126
H	HALLMARK_MYC_TARGETS_V1	SNRPB2	127
H	HALLMARK_MYC_TARGETS_V1	RPL22	128
H	HALLMARK_MYC_TARGETS_V1	DDX21	129
H	HALLMARK_MYC_TARGETS_V1	RPL6	130
H	HALLMARK_MYC_TARGETS_V1	PRPS2	131
H	HALLMARK_MYC_TARGETS_V1	PWP1	132
H	HALLMARK_MYC_TARGETS_V1	CLNS1A	133
H	HALLMARK_MYC_TARGETS_V1	CBX3	134
H	HALLMARK_MYC_TARGETS_V1	PSMC6	135
H	HALLMARK_MYC_TARGETS_V1	COPS5	136
H	HALLMARK_MYC_TARGETS_V1	U2AF1	137
H	HALLMARK_MYC_TARGETS_V1	CUL1	138
H	HALLMARK_MYC_TARGETS_V1	RPS6	139
H	HALLMARK_MYC_TARGETS_V1	CAD	140
H	HALLMARK_MYC_TARGETS_V1	AP3S1	141
H	HALLMARK_MYC_TARGETS_V1	RACK1	142
H	HALLMARK_MYC_TARGETS_V1	EXOSC7	143
H	HALLMARK_MYC_TARGETS_V1	GSPT1	144
H	HALLMARK_OXIDATIVE_PHOSPHORYLATION	UQCR10	1
H	HALLMARK_OXIDATIVE_PHOSPHORYLATION	BAX	2
H	HALLMARK_OXIDATIVE_PHOSPHORYLATION	NDUFAB1	3
H	HALLMARK_OXIDATIVE_PHOSPHORYLATION	MRPL11	4
H	HALLMARK_OXIDATIVE_PHOSPHORYLATION	UQCRFS1	5
H	HALLMARK_OXIDATIVE_PHOSPHORYLATION	MRPS15	6
H	HALLMARK_OXIDATIVE_PHOSPHORYLATION	MPC1	7
H	HALLMARK_OXIDATIVE_PHOSPHORYLATION	ATP5F1D	8
H	HALLMARK_OXIDATIVE_PHOSPHORYLATION	MRPL34	9
H	HALLMARK_OXIDATIVE_PHOSPHORYLATION	CYCS	10
H	HALLMARK_OXIDATIVE_PHOSPHORYLATION	TIMM8B	11
H	HALLMARK_OXIDATIVE_PHOSPHORYLATION	ATP5MC1	12
H	HALLMARK_OXIDATIVE_PHOSPHORYLATION	NDUFA6	13
H	HALLMARK_OXIDATIVE_PHOSPHORYLATION	MRPL15	14
H	HALLMARK_OXIDATIVE_PHOSPHORYLATION	ATP5MC3	15
H	HALLMARK_OXIDATIVE_PHOSPHORYLATION	LDHB	16
H	HALLMARK_OXIDATIVE_PHOSPHORYLATION	NDUFS8	17
H	HALLMARK_OXIDATIVE_PHOSPHORYLATION	SLC25A11	18
H	HALLMARK_OXIDATIVE_PHOSPHORYLATION	PHB2	19
H	HALLMARK_OXIDATIVE_PHOSPHORYLATION	TIMM9	20
H	HALLMARK_OXIDATIVE_PHOSPHORYLATION	ATP5PF	21
H	HALLMARK_OXIDATIVE_PHOSPHORYLATION	FXN	22
H	HALLMARK_OXIDATIVE_PHOSPHORYLATION	NDUFB2	23
H	HALLMARK_OXIDATIVE_PHOSPHORYLATION	POLR2F	24
H	HALLMARK_OXIDATIVE_PHOSPHORYLATION	TOMM22	25
H	HALLMARK_OXIDATIVE_PHOSPHORYLATION	MRPS12	26
H	HALLMARK_OXIDATIVE_PHOSPHORYLATION	COX7B	27
H	HALLMARK_OXIDATIVE_PHOSPHORYLATION	HSD17B10	28
H	HALLMARK_OXIDATIVE_PHOSPHORYLATION	NDUFC2	29
H	HALLMARK_OXIDATIVE_PHOSPHORYLATION	ATP5ME	30
H	HALLMARK_OXIDATIVE_PHOSPHORYLATION	NDUFA4	31
H	HALLMARK_OXIDATIVE_PHOSPHORYLATION	TIMM13	32
H	HALLMARK_OXIDATIVE_PHOSPHORYLATION	NDUFS6	33
H	HALLMARK_OXIDATIVE_PHOSPHORYLATION	VDAC3	34
H	HALLMARK_OXIDATIVE_PHOSPHORYLATION	COX5A	35
H	HALLMARK_OXIDATIVE_PHOSPHORYLATION	ATP5MF	36
H	HALLMARK_OXIDATIVE_PHOSPHORYLATION	SLC25A3	37
H	HALLMARK_OXIDATIVE_PHOSPHORYLATION	COX15	38
H	HALLMARK_OXIDATIVE_PHOSPHORYLATION	PRDX3	39
H	HALLMARK_OXIDATIVE_PHOSPHORYLATION	SUCLG1	40
H	HALLMARK_OXIDATIVE_PHOSPHORYLATION	ATP5MG	41
H	HALLMARK_OXIDATIVE_PHOSPHORYLATION	UQCRH	42
H	HALLMARK_OXIDATIVE_PHOSPHORYLATION	ISCU	43
H	HALLMARK_OXIDATIVE_PHOSPHORYLATION	UQCRB	44
H	HALLMARK_OXIDATIVE_PHOSPHORYLATION	ATP5F1B	45
H	HALLMARK_OXIDATIVE_PHOSPHORYLATION	NDUFA1	46
H	HALLMARK_OXIDATIVE_PHOSPHORYLATION	MRPL35	47
H	HALLMARK_OXIDATIVE_PHOSPHORYLATION	VDAC1	48
H	HALLMARK_OXIDATIVE_PHOSPHORYLATION	NDUFS3	49
H	HALLMARK_OXIDATIVE_PHOSPHORYLATION	IMMT	50
H	HALLMARK_OXIDATIVE_PHOSPHORYLATION	SLC25A5	51
H	HALLMARK_OXIDATIVE_PHOSPHORYLATION	TIMM10	52
H	HALLMARK_OXIDATIVE_PHOSPHORYLATION	SDHA	53
H	HALLMARK_OXIDATIVE_PHOSPHORYLATION	ATP5F1C	54
H	HALLMARK_OXIDATIVE_PHOSPHORYLATION	ATP5F1A	55
H	HALLMARK_OXIDATIVE_PHOSPHORYLATION	COX5B	56
H	HALLMARK_OXIDATIVE_PHOSPHORYLATION	NDUFS7	57
H	HALLMARK_OXIDATIVE_PHOSPHORYLATION	NDUFA8	58
H	HALLMARK_OXIDATIVE_PHOSPHORYLATION	TIMM50	59
H	HALLMARK_OXIDATIVE_PHOSPHORYLATION	ATP6V0B	60
H	HALLMARK_OXIDATIVE_PHOSPHORYLATION	ATP5PO	61
H	HALLMARK_OXIDATIVE_PHOSPHORYLATION	NDUFB8	62
H	HALLMARK_OXIDATIVE_PHOSPHORYLATION	ATP5F1E	63
H	HALLMARK_OXIDATIVE_PHOSPHORYLATION	TOMM70	64
H	HALLMARK_OXIDATIVE_PHOSPHORYLATION	CYC1	65
H	HALLMARK_OXIDATIVE_PHOSPHORYLATION	FDX1	66
H	HALLMARK_OXIDATIVE_PHOSPHORYLATION	VDAC2	67
H	HALLMARK_OXIDATIVE_PHOSPHORYLATION	SDHD	68
H	HALLMARK_OXIDATIVE_PHOSPHORYLATION	ECI1	69
H	HALLMARK_OXIDATIVE_PHOSPHORYLATION	COX11	70
H	HALLMARK_OXIDATIVE_PHOSPHORYLATION	PDHA1	71
H	HALLMARK_OXIDATIVE_PHOSPHORYLATION	NDUFB7	72
H	HALLMARK_OXIDATIVE_PHOSPHORYLATION	CPT1A	73
H	HALLMARK_OXIDATIVE_PHOSPHORYLATION	ATP5PB	74
H	HALLMARK_OXIDATIVE_PHOSPHORYLATION	NDUFA9	75
H	HALLMARK_OXIDATIVE_PHOSPHORYLATION	GRPEL1	76
H	HALLMARK_OXIDATIVE_PHOSPHORYLATION	HCCS	77
H	HALLMARK_OXIDATIVE_PHOSPHORYLATION	CYB5R3	78
H	HALLMARK_OXIDATIVE_PHOSPHORYLATION	UQCR11	79
H	HALLMARK_OXIDATIVE_PHOSPHORYLATION	AFG3L2	80
H	HALLMARK_OXIDATIVE_PHOSPHORYLATION	COX4I1	81
H	HALLMARK_OXIDATIVE_PHOSPHORYLATION	ATP6V1F	82
H	HALLMARK_OXIDATIVE_PHOSPHORYLATION	ECHS1	83
H	HALLMARK_OXIDATIVE_PHOSPHORYLATION	FH	84
H	HALLMARK_OXIDATIVE_PHOSPHORYLATION	NDUFV2	85
H	HALLMARK_OXIDATIVE_PHOSPHORYLATION	NDUFB1	86
H	HALLMARK_OXIDATIVE_PHOSPHORYLATION	NDUFB3	87
H	HALLMARK_OXIDATIVE_PHOSPHORYLATION	SDHB	88
H	HALLMARK_OXIDATIVE_PHOSPHORYLATION	OXA1L	89
H	HALLMARK_OXIDATIVE_PHOSPHORYLATION	NDUFC1	90
H	HALLMARK_OXIDATIVE_PHOSPHORYLATION	SLC25A6	91
H	HALLMARK_OXIDATIVE_PHOSPHORYLATION	DLAT	92
H	HALLMARK_OXIDATIVE_PHOSPHORYLATION	ATP6AP1	93
H	HALLMARK_OXIDATIVE_PHOSPHORYLATION	HSPA9	94
H	HALLMARK_OXIDATIVE_PHOSPHORYLATION	UQCRC2	95
H	HALLMARK_OXIDATIVE_PHOSPHORYLATION	ACAT1	96
H	HALLMARK_OXIDATIVE_PHOSPHORYLATION	PDHB	97
H	HALLMARK_OXIDATIVE_PHOSPHORYLATION	CS	98
H	HALLMARK_OXIDATIVE_PHOSPHORYLATION	NDUFB4	99
H	HALLMARK_OXIDATIVE_PHOSPHORYLATION	IDH1	100
H	HALLMARK_OXIDATIVE_PHOSPHORYLATION	COX10	101
H	HALLMARK_OXIDATIVE_PHOSPHORYLATION	ALAS1	102
H	HALLMARK_OXIDATIVE_PHOSPHORYLATION	ETFB	103
H	HALLMARK_OXIDATIVE_PHOSPHORYLATION	NDUFA5	104
H	HALLMARK_OXIDATIVE_PHOSPHORYLATION	MRPS30	105
H	HALLMARK_OXIDATIVE_PHOSPHORYLATION	ACAA1	106
H	HALLMARK_OXIDATIVE_PHOSPHORYLATION	COX7C	107
H	HALLMARK_OXIDATIVE_PHOSPHORYLATION	MRPS11	108
H	HALLMARK_OXIDATIVE_PHOSPHORYLATION	IDH3G	109
H	HALLMARK_OXIDATIVE_PHOSPHORYLATION	UQCRQ	110
H	HALLMARK_OXIDATIVE_PHOSPHORYLATION	NDUFA7	111
H	HALLMARK_OXIDATIVE_PHOSPHORYLATION	MDH2	112
H	HALLMARK_OXIDATIVE_PHOSPHORYLATION	ETFA	113
H	HALLMARK_OXIDATIVE_PHOSPHORYLATION	CYB5A	114
H	HALLMARK_OXIDATIVE_PHOSPHORYLATION	NDUFA2	115
H	HALLMARK_OXIDATIVE_PHOSPHORYLATION	DLD	116
H	HALLMARK_OXIDATIVE_PHOSPHORYLATION	ATP6V0E1	117
H	HALLMARK_OXIDATIVE_PHOSPHORYLATION	PMPCA	118
H	HALLMARK_OXIDATIVE_PHOSPHORYLATION	ATP1B1	119
H	HALLMARK_OXIDATIVE_PHOSPHORYLATION	COX7A2	120
H	HALLMARK_OXIDATIVE_PHOSPHORYLATION	GPX4	121
H	HALLMARK_OXIDATIVE_PHOSPHORYLATION	MTX2	122
H	HALLMARK_OXIDATIVE_PHOSPHORYLATION	NDUFV1	123
H	HALLMARK_OXIDATIVE_PHOSPHORYLATION	COX6C	124
H	HALLMARK_OXIDATIVE_PHOSPHORYLATION	NDUFB6	125
H	HALLMARK_OXIDATIVE_PHOSPHORYLATION	COX8A	126
H	HALLMARK_OXIDATIVE_PHOSPHORYLATION	TIMM17A	127
H	HALLMARK_OXIDATIVE_PHOSPHORYLATION	OGDH	128
H	HALLMARK_OXIDATIVE_PHOSPHORYLATION	TCIRG1	129
H	HALLMARK_OXIDATIVE_PHOSPHORYLATION	COX6B1	130
H	HALLMARK_OXIDATIVE_PHOSPHORYLATION	ATP6V1E1	131
H	HALLMARK_OXIDATIVE_PHOSPHORYLATION	SLC25A12	132
H	HALLMARK_OXIDATIVE_PHOSPHORYLATION	ACAA2	133
H	HALLMARK_OXIDATIVE_PHOSPHORYLATION	COX17	134
H	HALLMARK_OXIDATIVE_PHOSPHORYLATION	COX7A2L	135
H	HALLMARK_OXIDATIVE_PHOSPHORYLATION	GOT2	136
H	HALLMARK_OXIDATIVE_PHOSPHORYLATION	UQCRC1	137
H	HALLMARK_OXIDATIVE_PHOSPHORYLATION	ATP6V0C	138
H	HALLMARK_OXIDATIVE_PHOSPHORYLATION	SURF1	139
H	HALLMARK_OXIDATIVE_PHOSPHORYLATION	RETSAT	140
H	HALLMARK_OXIDATIVE_PHOSPHORYLATION	MDH1	141
H	HALLMARK_E2F_TARGETS	POLD3	1
H	HALLMARK_E2F_TARGETS	MCM5	2
H	HALLMARK_E2F_TARGETS	PCNA	3
H	HALLMARK_E2F_TARGETS	MCM6	4
H	HALLMARK_E2F_TARGETS	LIG1	5
H	HALLMARK_E2F_TARGETS	MCM3	6
H	HALLMARK_E2F_TARGETS	UNG	7
H	HALLMARK_E2F_TARGETS	DUT	8
H	HALLMARK_E2F_TARGETS	POLE	9
H	HALLMARK_E2F_TARGETS	MCM7	10
H	HALLMARK_E2F_TARGETS	GINS3	11
H	HALLMARK_E2F_TARGETS	MCM2	12
H	HALLMARK_E2F_TARGETS	POLA2	13
H	HALLMARK_E2F_TARGETS	SLBP	14
H	HALLMARK_E2F_TARGETS	SRSF2	15
H	HALLMARK_E2F_TARGETS	DONSON	16
H	HALLMARK_E2F_TARGETS	TCF19	17
H	HALLMARK_E2F_TARGETS	CDC25A	18
H	HALLMARK_E2F_TARGETS	CNOT9	19
H	HALLMARK_E2F_TARGETS	MMS22L	20
H	HALLMARK_E2F_TARGETS	MCM4	21
H	HALLMARK_E2F_TARGETS	RAD51C	22
H	HALLMARK_E2F_TARGETS	USP1	23
H	HALLMARK_E2F_TARGETS	RANBP1	24
H	HALLMARK_E2F_TARGETS	TIPIN	25
H	HALLMARK_E2F_TARGETS	UBE2T	26
H	HALLMARK_E2F_TARGETS	NOP56	27
H	HALLMARK_E2F_TARGETS	NME1	28
H	HALLMARK_E2F_TARGETS	RAD51AP1	29
H	HALLMARK_E2F_TARGETS	GINS1	30
H	HALLMARK_E2F_TARGETS	HELLS	31
H	HALLMARK_E2F_TARGETS	RFC2	32
H	HALLMARK_E2F_TARGETS	ATAD2	33
H	HALLMARK_E2F_TARGETS	H2AZ1	34
H	HALLMARK_E2F_TARGETS	PRDX4	35
H	HALLMARK_E2F_TARGETS	MSH2	36
H	HALLMARK_E2F_TARGETS	SNRPB	37
H	HALLMARK_E2F_TARGETS	NAP1L1	38
H	HALLMARK_E2F_TARGETS	CSE1L	39
H	HALLMARK_E2F_TARGETS	RAN	40
H	HALLMARK_E2F_TARGETS	SMC6	41
H	HALLMARK_E2F_TARGETS	PA2G4	42
H	HALLMARK_E2F_TARGETS	DSCC1	43
H	HALLMARK_E2F_TARGETS	SMC3	44
H	HALLMARK_E2F_TARGETS	BRCA1	45
H	HALLMARK_E2F_TARGETS	NASP	46
H	HALLMARK_E2F_TARGETS	CCNE1	47
H	HALLMARK_E2F_TARGETS	RFC3	48
H	HALLMARK_E2F_TARGETS	H2AX	49
H	HALLMARK_E2F_TARGETS	DNMT1	50
H	HALLMARK_E2F_TARGETS	XRCC6	51
H	HALLMARK_E2F_TARGETS	CTPS1	52
H	HALLMARK_E2F_TARGETS	PRKDC	53
H	HALLMARK_E2F_TARGETS	CDK4	54
H	HALLMARK_E2F_TARGETS	BARD1	55
H	HALLMARK_E2F_TARGETS	LYAR	56
H	HALLMARK_E2F_TARGETS	RPA1	57
H	HALLMARK_E2F_TARGETS	RRM2	58
H	HALLMARK_E2F_TARGETS	SSRP1	59
H	HALLMARK_E2F_TARGETS	DCTPP1	60
H	HALLMARK_E2F_TARGETS	DCK	61
H	HALLMARK_E2F_TARGETS	DEK	62
H	HALLMARK_E2F_TARGETS	POP7	63
H	HALLMARK_E2F_TARGETS	E2F8	64
H	HALLMARK_E2F_TARGETS	HMGA1	65
H	HALLMARK_E2F_TARGETS	BRCA2	66
H	HALLMARK_E2F_TARGETS	RPA2	67
H	HALLMARK_E2F_TARGETS	SMC1A	68
H	HALLMARK_E2F_TARGETS	NOLC1	69
H	HALLMARK_E2F_TARGETS	TMPO	70
H	HALLMARK_E2F_TARGETS	HNRNPD	71
H	HALLMARK_E2F_TARGETS	ORC6	72
H	HALLMARK_E2F_TARGETS	CHEK2	73
H	HALLMARK_E2F_TARGETS	CENPM	74
H	HALLMARK_E2F_TARGETS	DCLRE1B	75
H	HALLMARK_E2F_TARGETS	DDX39A	76
H	HALLMARK_E2F_TARGETS	MELK	77
H	HALLMARK_E2F_TARGETS	TUBB	78
H	HALLMARK_E2F_TARGETS	RAD1	79
H	HALLMARK_E2F_TARGETS	POLD1	80
H	HALLMARK_E2F_TARGETS	IPO7	81
H	HALLMARK_E2F_TARGETS	PAICS	82
H	HALLMARK_E2F_TARGETS	EED	83
H	HALLMARK_E2F_TARGETS	PSIP1	84
H	HALLMARK_E2F_TARGETS	PSMC3IP	85
H	HALLMARK_E2F_TARGETS	POLE4	86
H	HALLMARK_E2F_TARGETS	XPO1	87
H	HALLMARK_E2F_TARGETS	EIF2S1	88
H	HALLMARK_E2F_TARGETS	SRSF1	89
H	HALLMARK_E2F_TARGETS	ASF1B	90
H	HALLMARK_E2F_TARGETS	POLD2	91
H	HALLMARK_E2F_TARGETS	RPA3	92
H	HALLMARK_E2F_TARGETS	CCP110	93
H	HALLMARK_E2F_TARGETS	LUC7L3	94
H	HALLMARK_E2F_TARGETS	SYNCRIP	95
H	HALLMARK_E2F_TARGETS	MYBL2	96
H	HALLMARK_E2F_TARGETS	TBRG4	97
H	HALLMARK_E2F_TARGETS	PHF5A	98
H	HALLMARK_E2F_TARGETS	NUP107	99
H	HALLMARK_E2F_TARGETS	PNN	100
H	HALLMARK_E2F_TARGETS	ZW10	101
H	HALLMARK_E2F_TARGETS	MLH1	102
H	HALLMARK_E2F_TARGETS	CDC25B	103
H	HALLMARK_E2F_TARGETS	EZH2	104
H	HALLMARK_E2F_TARGETS	PDS5B	105
H	HALLMARK_E2F_TARGETS	TUBG1	106
H	HALLMARK_E2F_TARGETS	CHEK1	107
H	HALLMARK_E2F_TARGETS	PRIM2	108
H	HALLMARK_E2F_TARGETS	TIMELESS	109
H	HALLMARK_E2F_TARGETS	RBBP7	110
H	HALLMARK_E2F_TARGETS	AK2	111
H	HALLMARK_E2F_TARGETS	SUV39H1	112
H	HALLMARK_E2F_TARGETS	RFC1	113
H	HALLMARK_E2F_TARGETS	NAA38	114
H	HALLMARK_E2F_TARGETS	LMNB1	115
H	HALLMARK_E2F_TARGETS	RAD50	116
H	HALLMARK_E2F_TARGETS	CTCF	117
H	HALLMARK_E2F_TARGETS	PLK4	118
H	HALLMARK_E2F_TARGETS	CBX5	119
H	HALLMARK_E2F_TARGETS	NBN	120
H	HALLMARK_E2F_TARGETS	HUS1	121
H	HALLMARK_E2F_TARGETS	PPM1D	122
H	HALLMARK_E2F_TARGETS	UBR7	123
H	HALLMARK_E2F_TARGETS	GSPT1	124
H	HALLMARK_E2F_TARGETS	SHMT1	125
H	HALLMARK_E2F_TARGETS	PRPS1	126
H	HALLMARK_MTORC1_SIGNALING	UNG	1
H	HALLMARK_MTORC1_SIGNALING	MCM2	2
H	HALLMARK_MTORC1_SIGNALING	CDC25A	3
H	HALLMARK_MTORC1_SIGNALING	MCM4	4
H	HALLMARK_MTORC1_SIGNALING	PSMA4	5
H	HALLMARK_MTORC1_SIGNALING	ATP5MC1	6
H	HALLMARK_MTORC1_SIGNALING	TOMM40	7
H	HALLMARK_MTORC1_SIGNALING	SQLE	8
H	HALLMARK_MTORC1_SIGNALING	PNP	9
H	HALLMARK_MTORC1_SIGNALING	PRDX1	10
H	HALLMARK_MTORC1_SIGNALING	SLC1A5	11
H	HALLMARK_MTORC1_SIGNALING	GSR	12
H	HALLMARK_MTORC1_SIGNALING	HSPE1	13
H	HALLMARK_MTORC1_SIGNALING	ELOVL6	14
H	HALLMARK_MTORC1_SIGNALING	PSME3	15
H	HALLMARK_MTORC1_SIGNALING	PSAT1	16
H	HALLMARK_MTORC1_SIGNALING	GMPS	17
H	HALLMARK_MTORC1_SIGNALING	SLC37A4	18
H	HALLMARK_MTORC1_SIGNALING	TMEM97	19
H	HALLMARK_MTORC1_SIGNALING	HPRT1	20
H	HALLMARK_MTORC1_SIGNALING	HMBS	21
H	HALLMARK_MTORC1_SIGNALING	PSMB5	22
H	HALLMARK_MTORC1_SIGNALING	EBP	23
H	HALLMARK_MTORC1_SIGNALING	CCT6A	24
H	HALLMARK_MTORC1_SIGNALING	CACYBP	25
H	HALLMARK_MTORC1_SIGNALING	DHFR	26
H	HALLMARK_MTORC1_SIGNALING	RPA1	27
H	HALLMARK_MTORC1_SIGNALING	RRM2	28
H	HALLMARK_MTORC1_SIGNALING	EIF2S2	29
H	HALLMARK_MTORC1_SIGNALING	QDPR	30
H	HALLMARK_MTORC1_SIGNALING	DHCR24	31
H	HALLMARK_MTORC1_SIGNALING	SDF2L1	32
H	HALLMARK_MTORC1_SIGNALING	HMGCR	33
H	HALLMARK_MTORC1_SIGNALING	UCHL5	34
H	HALLMARK_MTORC1_SIGNALING	IMMT	35
H	HALLMARK_MTORC1_SIGNALING	POLR3G	36
H	HALLMARK_MTORC1_SIGNALING	EEF1E1	37
H	HALLMARK_MTORC1_SIGNALING	PSMA3	38
H	HALLMARK_MTORC1_SIGNALING	DDX39A	39
H	HALLMARK_MTORC1_SIGNALING	PITPNB	40
H	HALLMARK_MTORC1_SIGNALING	ACLY	41
H	HALLMARK_MTORC1_SIGNALING	PPA1	42
H	HALLMARK_MTORC1_SIGNALING	RRP9	43
H	HALLMARK_MTORC1_SIGNALING	HSPD1	44
H	HALLMARK_MTORC1_SIGNALING	PPIA	45
H	HALLMARK_MTORC1_SIGNALING	CYP51A1	46
H	HALLMARK_MTORC1_SIGNALING	PDAP1	47
H	HALLMARK_MTORC1_SIGNALING	PSMG1	48
H	HALLMARK_MTORC1_SIGNALING	EPRS1	49
H	HALLMARK_MTORC1_SIGNALING	PSMD12	50
H	HALLMARK_MTORC1_SIGNALING	TXNRD1	51
H	HALLMARK_MTORC1_SIGNALING	ARPC5L	52
H	HALLMARK_MTORC1_SIGNALING	NMT1	53
H	HALLMARK_MTORC1_SIGNALING	ACTR3	54
H	HALLMARK_MTORC1_SIGNALING	PSMC4	55
H	HALLMARK_MTORC1_SIGNALING	SCD	56
H	HALLMARK_MTORC1_SIGNALING	NFYC	57
H	HALLMARK_MTORC1_SIGNALING	LDLR	58
H	HALLMARK_MTORC1_SIGNALING	RPN1	59
H	HALLMARK_MTORC1_SIGNALING	SEC11A	60
H	HALLMARK_MTORC1_SIGNALING	STIP1	61
H	HALLMARK_MTORC1_SIGNALING	RDH11	62
H	HALLMARK_MTORC1_SIGNALING	SSR1	63
H	HALLMARK_MTORC1_SIGNALING	SKAP2	64
H	HALLMARK_MTORC1_SIGNALING	TUBG1	65
H	HALLMARK_MTORC1_SIGNALING	IFI30	66
H	HALLMARK_MTORC1_SIGNALING	HSPA9	67
H	HALLMARK_MTORC1_SIGNALING	DHCR7	68
H	HALLMARK_MTORC1_SIGNALING	TRIB3	69
H	HALLMARK_MTORC1_SIGNALING	IDH1	70
H	HALLMARK_MTORC1_SIGNALING	FADS1	71
H	HALLMARK_MTORC1_SIGNALING	G6PD	72
H	HALLMARK_MTORC1_SIGNALING	PSMC6	73
H	HALLMARK_MTORC1_SIGNALING	COPS5	74
H	HALLMARK_MTORC1_SIGNALING	ME1	75
H	HALLMARK_MTORC1_SIGNALING	NUFIP1	76
H	HALLMARK_MTORC1_SIGNALING	FADS2	77
H	HALLMARK_MTORC1_SIGNALING	PSMD13	78
H	HALLMARK_MTORC1_SIGNALING	ACACA	79
H	HALLMARK_MTORC1_SIGNALING	SRD5A1	80
H	HALLMARK_MTORC1_SIGNALING	WARS1	81
H	HALLMARK_MTORC1_SIGNALING	HSPA4	82
H	HALLMARK_MTORC1_SIGNALING	HMGCS1	83
H	HALLMARK_MTORC1_SIGNALING	CYB5B	84
H	HALLMARK_MTORC1_SIGNALING	SORD	85
H	HALLMARK_MTORC1_SIGNALING	NUP205	86
H	HALLMARK_MTORC1_SIGNALING	INSIG1	87
C2:CP:REACTOME	REACTOME_CLASS_A_1_RHODOPSIN_LIKE_RECEPTORS	PTGER3	1
C2:CP:REACTOME	REACTOME_CLASS_A_1_RHODOPSIN_LIKE_RECEPTORS	XK	2
C2:CP:REACTOME	REACTOME_CLASS_A_1_RHODOPSIN_LIKE_RECEPTORS	ADRA2B	3
C2:CP:REACTOME	REACTOME_CLASS_A_1_RHODOPSIN_LIKE_RECEPTORS	ACKR1	4
C2:CP:REACTOME	REACTOME_CLASS_A_1_RHODOPSIN_LIKE_RECEPTORS	NTSR1	5
C2:CP:REACTOME	REACTOME_CLASS_A_1_RHODOPSIN_LIKE_RECEPTORS	CXCL13	6
C2:CP:REACTOME	REACTOME_CLASS_A_1_RHODOPSIN_LIKE_RECEPTORS	NMBR	7
C2:CP:REACTOME	REACTOME_CLASS_A_1_RHODOPSIN_LIKE_RECEPTORS	GPR132	8
C2:CP:REACTOME	REACTOME_CLASS_A_1_RHODOPSIN_LIKE_RECEPTORS	HCRTR2	9
C2:CP:REACTOME	REACTOME_CLASS_A_1_RHODOPSIN_LIKE_RECEPTORS	RLN3	10
C2:CP:REACTOME	REACTOME_CLASS_A_1_RHODOPSIN_LIKE_RECEPTORS	GPR37L1	11
C2:CP:REACTOME	REACTOME_CLASS_A_1_RHODOPSIN_LIKE_RECEPTORS	NPSR1	12
C2:CP:REACTOME	REACTOME_CLASS_A_1_RHODOPSIN_LIKE_RECEPTORS	P2RY14	13
C2:CP:REACTOME	REACTOME_CLASS_A_1_RHODOPSIN_LIKE_RECEPTORS	GPR35	14
C2:CP:REACTOME	REACTOME_CLASS_A_1_RHODOPSIN_LIKE_RECEPTORS	DRD2	15
C2:CP:REACTOME	REACTOME_CLASS_A_1_RHODOPSIN_LIKE_RECEPTORS	NMU	16
C2:CP:REACTOME	REACTOME_CLASS_A_1_RHODOPSIN_LIKE_RECEPTORS	HCAR2	17
C2:CP:REACTOME	REACTOME_CLASS_A_1_RHODOPSIN_LIKE_RECEPTORS	TACR2	18
C2:CP:REACTOME	REACTOME_CLASS_A_1_RHODOPSIN_LIKE_RECEPTORS	XCL1	19
C2:CP:REACTOME	REACTOME_CLASS_A_1_RHODOPSIN_LIKE_RECEPTORS	F2RL3	20
C2:CP:REACTOME	REACTOME_CLASS_A_1_RHODOPSIN_LIKE_RECEPTORS	LPAR5	21
C2:CP:REACTOME	REACTOME_CLASS_A_1_RHODOPSIN_LIKE_RECEPTORS	EDN2	22
C2:CP:REACTOME	REACTOME_CLASS_A_1_RHODOPSIN_LIKE_RECEPTORS	CNR1	23
C2:CP:REACTOME	REACTOME_CLASS_A_1_RHODOPSIN_LIKE_RECEPTORS	CCL28	24
C2:CP:REACTOME	REACTOME_CLASS_A_1_RHODOPSIN_LIKE_RECEPTORS	F2	25
C2:CP:REACTOME	REACTOME_CLASS_A_1_RHODOPSIN_LIKE_RECEPTORS	ACKR2	26
C2:CP:REACTOME	REACTOME_CLASS_A_1_RHODOPSIN_LIKE_RECEPTORS	ADRB1	27
C2:CP:REACTOME	REACTOME_CLASS_A_1_RHODOPSIN_LIKE_RECEPTORS	PLPPR3	28
C2:CP:REACTOME	REACTOME_CLASS_A_1_RHODOPSIN_LIKE_RECEPTORS	PLPPR4	29
C2:CP:REACTOME	REACTOME_CLASS_A_1_RHODOPSIN_LIKE_RECEPTORS	CCR1	30
C2:CP:REACTOME	REACTOME_CLASS_A_1_RHODOPSIN_LIKE_RECEPTORS	GALR2	31
C2:CP:REACTOME	REACTOME_CLASS_A_1_RHODOPSIN_LIKE_RECEPTORS	ACKR3	32
C2:CP:REACTOME	REACTOME_CLASS_A_1_RHODOPSIN_LIKE_RECEPTORS	PTAFR	33
C2:CP:REACTOME	REACTOME_CLASS_A_1_RHODOPSIN_LIKE_RECEPTORS	GHRL	34
C2:CP:REACTOME	REACTOME_CLASS_A_1_RHODOPSIN_LIKE_RECEPTORS	CXCL5	35
C2:CP:REACTOME	REACTOME_CLASS_A_1_RHODOPSIN_LIKE_RECEPTORS	CCR10	36
C2:CP:REACTOME	REACTOME_CLASS_A_1_RHODOPSIN_LIKE_RECEPTORS	PTGER4	37
C2:CP:REACTOME	REACTOME_CLASS_A_1_RHODOPSIN_LIKE_RECEPTORS	CYSLTR2	38
C2:CP:REACTOME	REACTOME_CLASS_A_1_RHODOPSIN_LIKE_RECEPTORS	CXCL9	39
C2:CP:REACTOME	REACTOME_CLASS_A_1_RHODOPSIN_LIKE_RECEPTORS	MTNR1A	40
C2:CP:REACTOME	REACTOME_CLASS_A_1_RHODOPSIN_LIKE_RECEPTORS	ACKR4	41
C2:CP:REACTOME	REACTOME_CLASS_A_1_RHODOPSIN_LIKE_RECEPTORS	CXCL12	42
C2:CP:REACTOME	REACTOME_CLASS_A_1_RHODOPSIN_LIKE_RECEPTORS	RRH	43
C2:CP:REACTOME	REACTOME_CLASS_A_1_RHODOPSIN_LIKE_RECEPTORS	CCR7	44
C2:CP:REACTOME	REACTOME_CLASS_A_1_RHODOPSIN_LIKE_RECEPTORS	TSHR	45
C2:CP:REACTOME	REACTOME_CLASS_A_1_RHODOPSIN_LIKE_RECEPTORS	CXCR5	46
C2:CP:REACTOME	REACTOME_CLASS_A_1_RHODOPSIN_LIKE_RECEPTORS	OXTR	47
C2:CP:REACTOME	REACTOME_CLASS_A_1_RHODOPSIN_LIKE_RECEPTORS	HTR1F	48
C2:CP:REACTOME	REACTOME_CLASS_A_1_RHODOPSIN_LIKE_RECEPTORS	LHCGR	49
C2:CP:REACTOME	REACTOME_CLASS_A_1_RHODOPSIN_LIKE_RECEPTORS	ADORA1	50
C2:CP:REACTOME	REACTOME_CLASS_A_1_RHODOPSIN_LIKE_RECEPTORS	P2RY1	51
C2:CP:REACTOME	REACTOME_CLASS_A_1_RHODOPSIN_LIKE_RECEPTORS	HCAR3	52
C2:CP:REACTOME	REACTOME_CLASS_A_1_RHODOPSIN_LIKE_RECEPTORS	TACR1	53
C2:CP:REACTOME	REACTOME_CLASS_A_1_RHODOPSIN_LIKE_RECEPTORS	NPFF	54
C2:CP:REACTOME	REACTOME_CLASS_A_1_RHODOPSIN_LIKE_RECEPTORS	GRPR	55
C2:CP:REACTOME	REACTOME_CLASS_A_1_RHODOPSIN_LIKE_RECEPTORS	KISS1R	56
C2:CP:REACTOME	REACTOME_CLASS_A_1_RHODOPSIN_LIKE_RECEPTORS	SUCNR1	57
C2:CP:REACTOME	REACTOME_CLASS_A_1_RHODOPSIN_LIKE_RECEPTORS	LPAR6	58
C2:CP:REACTOME	REACTOME_CLASS_A_1_RHODOPSIN_LIKE_RECEPTORS	GAL	59
C2:CP:REACTOME	REACTOME_CLASS_A_1_RHODOPSIN_LIKE_RECEPTORS	LPAR2	60
C2:CP:REACTOME	REACTOME_CLASS_A_1_RHODOPSIN_LIKE_RECEPTORS	CHRM2	61
C2:CP:REACTOME	REACTOME_CLASS_A_1_RHODOPSIN_LIKE_RECEPTORS	SAA1	62
C2:CP:REACTOME	REACTOME_CLASS_A_1_RHODOPSIN_LIKE_RECEPTORS	S1PR5	63
C2:CP:REACTOME	REACTOME_CLASS_A_1_RHODOPSIN_LIKE_RECEPTORS	DRD4	64
C2:CP:REACTOME	REACTOME_CLASS_A_1_RHODOPSIN_LIKE_RECEPTORS	CXCR2	65
C2:CP:REACTOME	REACTOME_CLASS_A_1_RHODOPSIN_LIKE_RECEPTORS	C5AR2	66
C2:CP:REACTOME	REACTOME_CLASS_A_1_RHODOPSIN_LIKE_RECEPTORS	NPBWR1	67
C2:CP:REACTOME	REACTOME_CLASS_A_1_RHODOPSIN_LIKE_RECEPTORS	PYY	68
C2:CP:REACTOME	REACTOME_CLASS_A_1_RHODOPSIN_LIKE_RECEPTORS	CXCL16	69
C2:CP:REACTOME	REACTOME_CLASS_A_1_RHODOPSIN_LIKE_RECEPTORS	GPR68	70
C2:CP:REACTOME	REACTOME_CLASS_A_1_RHODOPSIN_LIKE_RECEPTORS	HRH2	71
C2:CP:REACTOME	REACTOME_CLASS_A_1_RHODOPSIN_LIKE_RECEPTORS	C3	72
C2:CP:REACTOME	REACTOME_CLASS_A_1_RHODOPSIN_LIKE_RECEPTORS	LPAR3	73
C2:CP:REACTOME	REACTOME_CLASS_A_1_RHODOPSIN_LIKE_RECEPTORS	C3AR1	74
C2:CP:REACTOME	REACTOME_CLASS_A_1_RHODOPSIN_LIKE_RECEPTORS	BDKRB2	75
C2:CP:REACTOME	REACTOME_CLASS_A_1_RHODOPSIN_LIKE_RECEPTORS	TACR3	76
C2:CP:REACTOME	REACTOME_CLASS_A_1_RHODOPSIN_LIKE_RECEPTORS	GNRH1	77
C2:CP:REACTOME	REACTOME_CLASS_A_1_RHODOPSIN_LIKE_RECEPTORS	GPR143	78
C2:CP:REACTOME	REACTOME_CLASS_A_1_RHODOPSIN_LIKE_RECEPTORS	GPER1	79
C2:CP:REACTOME	REACTOME_CLASS_A_1_RHODOPSIN_LIKE_RECEPTORS	UTS2B	80
C2:CP:REACTOME	REACTOME_CLASS_A_1_RHODOPSIN_LIKE_RECEPTORS	PSAP	81
C2:CP:REACTOME	REACTOME_CLASS_A_1_RHODOPSIN_LIKE_RECEPTORS	CCL17	82
C2:CP:REACTOME	REACTOME_CLASS_A_1_RHODOPSIN_LIKE_RECEPTORS	C5AR1	83
C2:CP:REACTOME	REACTOME_CLASS_A_1_RHODOPSIN_LIKE_RECEPTORS	ADRB2	84
C2:CP:REACTOME	REACTOME_CLASS_A_1_RHODOPSIN_LIKE_RECEPTORS	ADRA1B	85
C2:CP:REACTOME	REACTOME_CLASS_A_1_RHODOPSIN_LIKE_RECEPTORS	NPFFR2	86
C2:CP:REACTOME	REACTOME_CLASS_A_1_RHODOPSIN_LIKE_RECEPTORS	EDN1	87
C2:CP:REACTOME	REACTOME_CLASS_A_1_RHODOPSIN_LIKE_RECEPTORS	ADORA2A	88
C2:CP:REACTOME	REACTOME_GPCR_LIGAND_BINDING	PTGER3	1
C2:CP:REACTOME	REACTOME_GPCR_LIGAND_BINDING	XK	2
C2:CP:REACTOME	REACTOME_GPCR_LIGAND_BINDING	ADRA2B	3
C2:CP:REACTOME	REACTOME_GPCR_LIGAND_BINDING	ACKR1	4
C2:CP:REACTOME	REACTOME_GPCR_LIGAND_BINDING	NTSR1	5
C2:CP:REACTOME	REACTOME_GPCR_LIGAND_BINDING	DHH	6
C2:CP:REACTOME	REACTOME_GPCR_LIGAND_BINDING	CXCL13	7
C2:CP:REACTOME	REACTOME_GPCR_LIGAND_BINDING	NMBR	8
C2:CP:REACTOME	REACTOME_GPCR_LIGAND_BINDING	GPR132	9
C2:CP:REACTOME	REACTOME_GPCR_LIGAND_BINDING	HCRTR2	10
C2:CP:REACTOME	REACTOME_GPCR_LIGAND_BINDING	WNT6	11
C2:CP:REACTOME	REACTOME_GPCR_LIGAND_BINDING	RLN3	12
C2:CP:REACTOME	REACTOME_GPCR_LIGAND_BINDING	GPR37L1	13
C2:CP:REACTOME	REACTOME_GPCR_LIGAND_BINDING	NPSR1	14
C2:CP:REACTOME	REACTOME_GPCR_LIGAND_BINDING	P2RY14	15
C2:CP:REACTOME	REACTOME_GPCR_LIGAND_BINDING	GPR35	16
C2:CP:REACTOME	REACTOME_GPCR_LIGAND_BINDING	DRD2	17
C2:CP:REACTOME	REACTOME_GPCR_LIGAND_BINDING	NMU	18
C2:CP:REACTOME	REACTOME_GPCR_LIGAND_BINDING	HCAR2	19
C2:CP:REACTOME	REACTOME_GPCR_LIGAND_BINDING	VIPR1	20
C2:CP:REACTOME	REACTOME_GPCR_LIGAND_BINDING	TACR2	21
C2:CP:REACTOME	REACTOME_GPCR_LIGAND_BINDING	XCL1	22
C2:CP:REACTOME	REACTOME_GPCR_LIGAND_BINDING	F2RL3	23
C2:CP:REACTOME	REACTOME_GPCR_LIGAND_BINDING	LPAR5	24
C2:CP:REACTOME	REACTOME_GPCR_LIGAND_BINDING	EDN2	25
C2:CP:REACTOME	REACTOME_GPCR_LIGAND_BINDING	GRM3	26
C2:CP:REACTOME	REACTOME_GPCR_LIGAND_BINDING	CNR1	27
C2:CP:REACTOME	REACTOME_GPCR_LIGAND_BINDING	CCL28	28
C2:CP:REACTOME	REACTOME_GPCR_LIGAND_BINDING	F2	29
C2:CP:REACTOME	REACTOME_GPCR_LIGAND_BINDING	ACKR2	30
C2:CP:REACTOME	REACTOME_GPCR_LIGAND_BINDING	ADRB1	31
C2:CP:REACTOME	REACTOME_GPCR_LIGAND_BINDING	PLPPR3	32
C2:CP:REACTOME	REACTOME_GPCR_LIGAND_BINDING	PLPPR4	33
C2:CP:REACTOME	REACTOME_GPCR_LIGAND_BINDING	CCR1	34
C2:CP:REACTOME	REACTOME_GPCR_LIGAND_BINDING	GALR2	35
C2:CP:REACTOME	REACTOME_GPCR_LIGAND_BINDING	TAS1R1	36
C2:CP:REACTOME	REACTOME_GPCR_LIGAND_BINDING	ACKR3	37
C2:CP:REACTOME	REACTOME_GPCR_LIGAND_BINDING	PTAFR	38
C2:CP:REACTOME	REACTOME_GPCR_LIGAND_BINDING	GHRL	39
C2:CP:REACTOME	REACTOME_GPCR_LIGAND_BINDING	GRM8	40
C2:CP:REACTOME	REACTOME_GPCR_LIGAND_BINDING	CXCL5	41
C2:CP:REACTOME	REACTOME_GPCR_LIGAND_BINDING	TAS2R30	42
C2:CP:REACTOME	REACTOME_GPCR_LIGAND_BINDING	CCR10	43
C2:CP:REACTOME	REACTOME_GPCR_LIGAND_BINDING	PTGER4	44
C2:CP:REACTOME	REACTOME_GPCR_LIGAND_BINDING	CYSLTR2	45
C2:CP:REACTOME	REACTOME_GPCR_LIGAND_BINDING	CXCL9	46
C2:CP:REACTOME	REACTOME_GPCR_LIGAND_BINDING	GRM1	47
C2:CP:REACTOME	REACTOME_GPCR_LIGAND_BINDING	MTNR1A	48
C2:CP:REACTOME	REACTOME_GPCR_LIGAND_BINDING	ACKR4	49
C2:CP:REACTOME	REACTOME_GPCR_LIGAND_BINDING	CXCL12	50
C2:CP:REACTOME	REACTOME_GPCR_LIGAND_BINDING	WNT3A	51
C2:CP:REACTOME	REACTOME_GPCR_LIGAND_BINDING	RRH	52
C2:CP:REACTOME	REACTOME_GPCR_LIGAND_BINDING	CCR7	53
C2:CP:REACTOME	REACTOME_GPCR_LIGAND_BINDING	TSHR	54
C2:CP:REACTOME	REACTOME_GPCR_LIGAND_BINDING	CXCR5	55
C2:CP:REACTOME	REACTOME_GPCR_LIGAND_BINDING	OXTR	56
C2:CP:REACTOME	REACTOME_GPCR_LIGAND_BINDING	GLP2R	57
C2:CP:REACTOME	REACTOME_GPCR_LIGAND_BINDING	HTR1F	58
C2:CP:REACTOME	REACTOME_GPCR_LIGAND_BINDING	WNT4	59
C2:CP:REACTOME	REACTOME_GPCR_LIGAND_BINDING	LHCGR	60
C2:CP:REACTOME	REACTOME_GPCR_LIGAND_BINDING	ADORA1	61
C2:CP:REACTOME	REACTOME_GPCR_LIGAND_BINDING	P2RY1	62
C2:CP:REACTOME	REACTOME_GPCR_LIGAND_BINDING	HCAR3	63
C2:CP:REACTOME	REACTOME_GPCR_LIGAND_BINDING	TACR1	64
C2:CP:REACTOME	REACTOME_GPCR_LIGAND_BINDING	NPFF	65
C2:CP:REACTOME	REACTOME_GPCR_LIGAND_BINDING	ADGRE3	66
C2:CP:REACTOME	REACTOME_GPCR_LIGAND_BINDING	GRPR	67
C2:CP:REACTOME	REACTOME_GPCR_LIGAND_BINDING	KISS1R	68
C2:CP:REACTOME	REACTOME_GPCR_LIGAND_BINDING	CALCB	69
C2:CP:REACTOME	REACTOME_GPCR_LIGAND_BINDING	GIPR	70
C2:CP:REACTOME	REACTOME_GPCR_LIGAND_BINDING	SUCNR1	71
C2:CP:REACTOME	REACTOME_GPCR_LIGAND_BINDING	LPAR6	72
C2:CP:REACTOME	REACTOME_GPCR_LIGAND_BINDING	GAL	73
C2:CP:REACTOME	REACTOME_GPCR_LIGAND_BINDING	LPAR2	74
C2:CP:REACTOME	REACTOME_GPCR_LIGAND_BINDING	CHRM2	75
C2:CP:REACTOME	REACTOME_GPCR_LIGAND_BINDING	ADM	76
C2:CP:REACTOME	REACTOME_GPCR_LIGAND_BINDING	TAS2R4	77
C2:CP:REACTOME	REACTOME_GPCR_LIGAND_BINDING	SAA1	78
C2:CP:REACTOME	REACTOME_GPCR_LIGAND_BINDING	S1PR5	79
C2:CP:REACTOME	REACTOME_GPCR_LIGAND_BINDING	DRD4	80
C2:CP:REACTOME	REACTOME_GPCR_LIGAND_BINDING	CXCR2	81
C2:CP:REACTOME	REACTOME_GPCR_LIGAND_BINDING	C5AR2	82
C2:CP:REACTOME	REACTOME_GPCR_LIGAND_BINDING	NPBWR1	83
C2:CP:REACTOME	REACTOME_GPCR_LIGAND_BINDING	PYY	84
C2:CP:REACTOME	REACTOME_GPCR_LIGAND_BINDING	CXCL16	85
C2:CP:REACTOME	REACTOME_GPCR_LIGAND_BINDING	GPR68	86
C2:CP:REACTOME	REACTOME_GPCR_LIGAND_BINDING	HRH2	87
C2:CP:REACTOME	REACTOME_GPCR_LIGAND_BINDING	C3	88
C2:CP:REACTOME	REACTOME_GPCR_LIGAND_BINDING	LPAR3	89
C2:CP:REACTOME	REACTOME_GPCR_LIGAND_BINDING	C3AR1	90
C2:CP:REACTOME	REACTOME_GPCR_LIGAND_BINDING	BDKRB2	91
C2:CP:REACTOME	REACTOME_GPCR_LIGAND_BINDING	TACR3	92
C2:CP:REACTOME	REACTOME_GPCR_LIGAND_BINDING	GNRH1	93
C2:CP:REACTOME	REACTOME_GPCR_LIGAND_BINDING	GPR143	94
C2:CP:REACTOME	REACTOME_GPCR_LIGAND_BINDING	WNT2B	95
C2:CP:REACTOME	REACTOME_GPCR_LIGAND_BINDING	GPER1	96
C2:CP:REACTOME	REACTOME_GPCR_LIGAND_BINDING	WNT10B	97
C2:CP:REACTOME	REACTOME_GPCR_LIGAND_BINDING	FZD2	98
C2:CP:REACTOME	REACTOME_GPCR_LIGAND_BINDING	UTS2B	99
C2:CP:REACTOME	REACTOME_GPCR_LIGAND_BINDING	PSAP	100
C2:CP:REACTOME	REACTOME_GPCR_LIGAND_BINDING	CCL17	101
C2:CP:REACTOME	REACTOME_GPCR_LIGAND_BINDING	C5AR1	102
C2:CP:REACTOME	REACTOME_GPCR_LIGAND_BINDING	ADRB2	103
C2:CP:REACTOME	REACTOME_GPCR_LIGAND_BINDING	ADRA1B	104
C2:CP:REACTOME	REACTOME_GPCR_LIGAND_BINDING	NPFFR2	105
C2:CP:REACTOME	REACTOME_GPCR_LIGAND_BINDING	EDN1	106
C2:CP:REACTOME	REACTOME_GPCR_LIGAND_BINDING	ADORA2A	107
C2:CP:REACTOME	REACTOME_GPCR_LIGAND_BINDING	TAS2R20	108
C2:CP:REACTOME	REACTOME_GPCR_LIGAND_BINDING	OPRM1	109
C2:CP:REACTOME	REACTOME_GPCR_LIGAND_BINDING	FZD4	110
C2:CP:REACTOME	REACTOME_GPCR_LIGAND_BINDING	PTCH2	111
C2:CP:REACTOME	REACTOME_GPCR_LIGAND_BINDING	GIP	112
C2:CP:REACTOME	REACTOME_GPCR_LIGAND_BINDING	SSTR2	113
C2:CP:REACTOME	REACTOME_GPCR_LIGAND_BINDING	UCN	114
C2:CP:REACTOME	REACTOME_GPCR_LIGAND_BINDING	RAMP1	115
C2:CP:REACTOME	REACTOME_GPCR_LIGAND_BINDING	C5	116
C2:CP:REACTOME	REACTOME_GPCR_LIGAND_BINDING	P2RY2	117
C2:CP:REACTOME	REACTOME_GPCR_LIGAND_BINDING	GABBR2	118
C2:CP:REACTOME	REACTOME_GPCR_LIGAND_BINDING	FZD6	119
C2:CP:REACTOME	REACTOME_GPCR_LIGAND_BINDING	OPN3	120
C2:CP:REACTOME	REACTOME_GPCR_LIGAND_BINDING	RXFP1	121
C2:CP:REACTOME	REACTOME_GPCR_LIGAND_BINDING	MC1R	122
C2:CP:REACTOME	REACTOME_GPCR_LIGAND_BINDING	AGT	123
C2:CP:REACTOME	REACTOME_GPCR_LIGAND_BINDING	F2RL2	124
C2:CP:REACTOME	REACTOME_GPCR_LIGAND_BINDING	APLN	125
C2:CP:REACTOME	REACTOME_GPCR_LIGAND_BINDING	PTH2R	126
C2:CP:REACTOME	REACTOME_GPCR_LIGAND_BINDING	GNAS	127
C2:CP:REACTOME	REACTOME_GPCR_LIGAND_BINDING	GPR37	128
C2:CP:REACTOME	REACTOME_GPCR_LIGAND_BINDING	NTS	129
C2:CP:REACTOME	REACTOME_GPCR_LIGAND_BINDING	UCN2	130
C2:CP:REACTOME	REACTOME_GPCR_LIGAND_BINDING	CMKLR1	131
C2:CP:REACTOME	REACTOME_PEPTIDE_LIGAND_BINDING_RECEPTORS	XK	1
C2:CP:REACTOME	REACTOME_PEPTIDE_LIGAND_BINDING_RECEPTORS	ACKR1	2
C2:CP:REACTOME	REACTOME_PEPTIDE_LIGAND_BINDING_RECEPTORS	NTSR1	3
C2:CP:REACTOME	REACTOME_PEPTIDE_LIGAND_BINDING_RECEPTORS	CXCL13	4
C2:CP:REACTOME	REACTOME_PEPTIDE_LIGAND_BINDING_RECEPTORS	NMBR	5
C2:CP:REACTOME	REACTOME_PEPTIDE_LIGAND_BINDING_RECEPTORS	HCRTR2	6
C2:CP:REACTOME	REACTOME_PEPTIDE_LIGAND_BINDING_RECEPTORS	RLN3	7
C2:CP:REACTOME	REACTOME_PEPTIDE_LIGAND_BINDING_RECEPTORS	GPR37L1	8
C2:CP:REACTOME	REACTOME_PEPTIDE_LIGAND_BINDING_RECEPTORS	NPSR1	9
C2:CP:REACTOME	REACTOME_PEPTIDE_LIGAND_BINDING_RECEPTORS	NMU	10
C2:CP:REACTOME	REACTOME_PEPTIDE_LIGAND_BINDING_RECEPTORS	TACR2	11
C2:CP:REACTOME	REACTOME_PEPTIDE_LIGAND_BINDING_RECEPTORS	XCL1	12
C2:CP:REACTOME	REACTOME_PEPTIDE_LIGAND_BINDING_RECEPTORS	F2RL3	13
C2:CP:REACTOME	REACTOME_PEPTIDE_LIGAND_BINDING_RECEPTORS	EDN2	14
C2:CP:REACTOME	REACTOME_PEPTIDE_LIGAND_BINDING_RECEPTORS	CCL28	15
C2:CP:REACTOME	REACTOME_PEPTIDE_LIGAND_BINDING_RECEPTORS	F2	16
C2:CP:REACTOME	REACTOME_PEPTIDE_LIGAND_BINDING_RECEPTORS	ACKR2	17
C2:CP:REACTOME	REACTOME_PEPTIDE_LIGAND_BINDING_RECEPTORS	CCR1	18
C2:CP:REACTOME	REACTOME_PEPTIDE_LIGAND_BINDING_RECEPTORS	GALR2	19
C2:CP:REACTOME	REACTOME_PEPTIDE_LIGAND_BINDING_RECEPTORS	ACKR3	20
C2:CP:REACTOME	REACTOME_PEPTIDE_LIGAND_BINDING_RECEPTORS	GHRL	21
C2:CP:REACTOME	REACTOME_PEPTIDE_LIGAND_BINDING_RECEPTORS	CXCL5	22
C2:CP:REACTOME	REACTOME_PEPTIDE_LIGAND_BINDING_RECEPTORS	CCR10	23
C2:CP:REACTOME	REACTOME_PEPTIDE_LIGAND_BINDING_RECEPTORS	CXCL9	24
C2:CP:REACTOME	REACTOME_PEPTIDE_LIGAND_BINDING_RECEPTORS	ACKR4	25
C2:CP:REACTOME	REACTOME_PEPTIDE_LIGAND_BINDING_RECEPTORS	CXCL12	26
C2:CP:REACTOME	REACTOME_PEPTIDE_LIGAND_BINDING_RECEPTORS	CCR7	27
C2:CP:REACTOME	REACTOME_PEPTIDE_LIGAND_BINDING_RECEPTORS	CXCR5	28
C2:CP:REACTOME	REACTOME_PEPTIDE_LIGAND_BINDING_RECEPTORS	OXTR	29
C2:CP:REACTOME	REACTOME_PEPTIDE_LIGAND_BINDING_RECEPTORS	TACR1	30
C2:CP:REACTOME	REACTOME_PEPTIDE_LIGAND_BINDING_RECEPTORS	NPFF	31
C2:CP:REACTOME	REACTOME_PEPTIDE_LIGAND_BINDING_RECEPTORS	GRPR	32
C2:CP:REACTOME	REACTOME_PEPTIDE_LIGAND_BINDING_RECEPTORS	KISS1R	33
C2:CP:REACTOME	REACTOME_PEPTIDE_LIGAND_BINDING_RECEPTORS	GAL	34
C2:CP:REACTOME	REACTOME_PEPTIDE_LIGAND_BINDING_RECEPTORS	SAA1	35
C2:CP:REACTOME	REACTOME_PEPTIDE_LIGAND_BINDING_RECEPTORS	CXCR2	36
C2:CP:REACTOME	REACTOME_PEPTIDE_LIGAND_BINDING_RECEPTORS	C5AR2	37
C2:CP:REACTOME	REACTOME_PEPTIDE_LIGAND_BINDING_RECEPTORS	NPBWR1	38
C2:CP:REACTOME	REACTOME_PEPTIDE_LIGAND_BINDING_RECEPTORS	PYY	39
C2:CP:REACTOME	REACTOME_PEPTIDE_LIGAND_BINDING_RECEPTORS	CXCL16	40
C2:CP:REACTOME	REACTOME_PEPTIDE_LIGAND_BINDING_RECEPTORS	C3	41
C2:CP:REACTOME	REACTOME_PEPTIDE_LIGAND_BINDING_RECEPTORS	C3AR1	42
C2:CP:REACTOME	REACTOME_PEPTIDE_LIGAND_BINDING_RECEPTORS	BDKRB2	43
C2:CP:REACTOME	REACTOME_PEPTIDE_LIGAND_BINDING_RECEPTORS	TACR3	44
C2:CP:REACTOME	REACTOME_PEPTIDE_LIGAND_BINDING_RECEPTORS	GPER1	45
C2:CP:REACTOME	REACTOME_PEPTIDE_LIGAND_BINDING_RECEPTORS	UTS2B	46
C2:CP:REACTOME	REACTOME_PEPTIDE_LIGAND_BINDING_RECEPTORS	PSAP	47
C2:CP:REACTOME	REACTOME_PEPTIDE_LIGAND_BINDING_RECEPTORS	CCL17	48
C2:CP:REACTOME	REACTOME_PEPTIDE_LIGAND_BINDING_RECEPTORS	C5AR1	49
C2:CP:REACTOME	REACTOME_PEPTIDE_LIGAND_BINDING_RECEPTORS	NPFFR2	50
C2:CP:REACTOME	REACTOME_PEPTIDE_LIGAND_BINDING_RECEPTORS	EDN1	51
C2:CP:REACTOME	REACTOME_PEPTIDE_LIGAND_BINDING_RECEPTORS	OPRM1	52
C2:CP:REACTOME	REACTOME_PEPTIDE_LIGAND_BINDING_RECEPTORS	SSTR2	53
C2:CP:REACTOME	REACTOME_PEPTIDE_LIGAND_BINDING_RECEPTORS	C5	54
C2:CP:REACTOME	REACTOME_PEPTIDE_LIGAND_BINDING_RECEPTORS	RXFP1	55
C2:CP:REACTOME	REACTOME_PEPTIDE_LIGAND_BINDING_RECEPTORS	MC1R	56
C2:CP:REACTOME	REACTOME_PEPTIDE_LIGAND_BINDING_RECEPTORS	AGT	57
C2:CP:REACTOME	REACTOME_PEPTIDE_LIGAND_BINDING_RECEPTORS	F2RL2	58
C2:CP:REACTOME	REACTOME_PEPTIDE_LIGAND_BINDING_RECEPTORS	APLN	59
C2:CP:REACTOME	REACTOME_PEPTIDE_LIGAND_BINDING_RECEPTORS	GPR37	60
C2:CP:REACTOME	REACTOME_PEPTIDE_LIGAND_BINDING_RECEPTORS	NTS	61
C2:CP:REACTOME	REACTOME_OLFACTORY_SIGNALING_PATHWAY	OR1L8	1
C2:CP:REACTOME	REACTOME_OLFACTORY_SIGNALING_PATHWAY	OR1B1	2
C2:CP:REACTOME	REACTOME_OLFACTORY_SIGNALING_PATHWAY	OR14A2	3
C2:CP:REACTOME	REACTOME_OLFACTORY_SIGNALING_PATHWAY	OR4D9	4
C2:CP:REACTOME	REACTOME_OLFACTORY_SIGNALING_PATHWAY	OR2M3	5
C2:CP:REACTOME	REACTOME_OLFACTORY_SIGNALING_PATHWAY	CNGB1	6
C2:CP:REACTOME	REACTOME_OLFACTORY_SIGNALING_PATHWAY	OR2A42	7
C2:CP:REACTOME	REACTOME_OLFACTORY_SIGNALING_PATHWAY	LHX2	8
C2:CP:REACTOME	REACTOME_OLFACTORY_SIGNALING_PATHWAY	OR56A3	9
C2:CP:REACTOME	REACTOME_OLFACTORY_SIGNALING_PATHWAY	GNAL	10
C2:CP:REACTOME	REACTOME_OLFACTORY_SIGNALING_PATHWAY	REEP1	11
C2:CP:REACTOME	REACTOME_OLFACTORY_SIGNALING_PATHWAY	OR51B2	12
C2:CP:REACTOME	REACTOME_OLFACTORY_SIGNALING_PATHWAY	OR51I2	13
C2:CP:REACTOME	REACTOME_OLFACTORY_SIGNALING_PATHWAY	CNGA4	14
C2:CP:REACTOME	REACTOME_OLFACTORY_SIGNALING_PATHWAY	OR2T8	15
C2:CP:REACTOME	REACTOME_OLFACTORY_SIGNALING_PATHWAY	OR2M4	16
C2:CP:REACTOME	REACTOME_OLFACTORY_SIGNALING_PATHWAY	OR9Q1	17
C2:CP:REACTOME	REACTOME_OLFACTORY_SIGNALING_PATHWAY	OR51B4	18
C2:CP:REACTOME	REACTOME_TRANSLATION	MRPL14	1
C2:CP:REACTOME	REACTOME_TRANSLATION	NDUFAB1	2
C2:CP:REACTOME	REACTOME_TRANSLATION	EIF4EBP1	3
C2:CP:REACTOME	REACTOME_TRANSLATION	MRPL11	4
C2:CP:REACTOME	REACTOME_TRANSLATION	MRPS25	5
C2:CP:REACTOME	REACTOME_TRANSLATION	MRPL57	6
C2:CP:REACTOME	REACTOME_TRANSLATION	MRPS26	7
C2:CP:REACTOME	REACTOME_TRANSLATION	MRPS15	8
C2:CP:REACTOME	REACTOME_TRANSLATION	EIF2S3	9
C2:CP:REACTOME	REACTOME_TRANSLATION	PSMA4	10
C2:CP:REACTOME	REACTOME_TRANSLATION	MRPL34	11
C2:CP:REACTOME	REACTOME_TRANSLATION	DAP3	12
C2:CP:REACTOME	REACTOME_TRANSLATION	GADD45GIP1	13
C2:CP:REACTOME	REACTOME_TRANSLATION	MRPL20	14
C2:CP:REACTOME	REACTOME_TRANSLATION	ADRM1	15
C2:CP:REACTOME	REACTOME_TRANSLATION	MRPS34	16
C2:CP:REACTOME	REACTOME_TRANSLATION	ELOC	17
C2:CP:REACTOME	REACTOME_TRANSLATION	MRPL15	18
C2:CP:REACTOME	REACTOME_TRANSLATION	PSMA7	19
C2:CP:REACTOME	REACTOME_TRANSLATION	MRPL41	20
C2:CP:REACTOME	REACTOME_TRANSLATION	PSMB1	21
C2:CP:REACTOME	REACTOME_TRANSLATION	MRPS7	22
C2:CP:REACTOME	REACTOME_TRANSLATION	FARSB	23
C2:CP:REACTOME	REACTOME_TRANSLATION	GSPT2	24
C2:CP:REACTOME	REACTOME_TRANSLATION	EIF1AX	25
C2:CP:REACTOME	REACTOME_TRANSLATION	RPS27A	26
C2:CP:REACTOME	REACTOME_TRANSLATION	ABCE1	27
C2:CP:REACTOME	REACTOME_TRANSLATION	MRPL27	28
C2:CP:REACTOME	REACTOME_TRANSLATION	MRPL24	29
C2:CP:REACTOME	REACTOME_TRANSLATION	PSMB2	30
C2:CP:REACTOME	REACTOME_TRANSLATION	MRPL9	31
C2:CP:REACTOME	REACTOME_TRANSLATION	TRIP4	32
C2:CP:REACTOME	REACTOME_TRANSLATION	MRPS2	33
C2:CP:REACTOME	REACTOME_TRANSLATION	EIF3E	34
C2:CP:REACTOME	REACTOME_TRANSLATION	MRPL4	35
C2:CP:REACTOME	REACTOME_TRANSLATION	MRPS12	36
C2:CP:REACTOME	REACTOME_TRANSLATION	PSMA1	37
C2:CP:REACTOME	REACTOME_TRANSLATION	RPL5	38
C2:CP:REACTOME	REACTOME_TRANSLATION	PSMA2	39
C2:CP:REACTOME	REACTOME_TRANSLATION	EIF3I	40
C2:CP:REACTOME	REACTOME_TRANSLATION	PSMC3	41
C2:CP:REACTOME	REACTOME_TRANSLATION	MRPL16	42
C2:CP:REACTOME	REACTOME_TRANSLATION	EIF3K	43
C2:CP:REACTOME	REACTOME_TRANSLATION	EIF3L	44
C2:CP:REACTOME	REACTOME_TRANSLATION	PSMB5	45
C2:CP:REACTOME	REACTOME_TRANSLATION	MRPS33	46
C2:CP:REACTOME	REACTOME_TRANSLATION	MARS1	47
C2:CP:REACTOME	REACTOME_TRANSLATION	MRPS5	48
C2:CP:REACTOME	REACTOME_TRANSLATION	RPL9	49
C2:CP:REACTOME	REACTOME_TRANSLATION	MRPL22	50
C2:CP:REACTOME	REACTOME_TRANSLATION	RPS4X	51
C2:CP:REACTOME	REACTOME_TRANSLATION	MRPL36	52
C2:CP:REACTOME	REACTOME_TRANSLATION	EIF4A1	53
C2:CP:REACTOME	REACTOME_TRANSLATION	UFD1	54
C2:CP:REACTOME	REACTOME_TRANSLATION	MRPS18C	55
C2:CP:REACTOME	REACTOME_TRANSLATION	MRPL17	56
C2:CP:REACTOME	REACTOME_TRANSLATION	RPS26	57
C2:CP:REACTOME	REACTOME_TRANSLATION	EIF2S2	58
C2:CP:REACTOME	REACTOME_TRANSLATION	RPL22L1	59
C2:CP:REACTOME	REACTOME_TRANSLATION	EIF4E	60
C2:CP:REACTOME	REACTOME_TRANSLATION	VARS1	61
C2:CP:REACTOME	REACTOME_TRANSLATION	RPL7	62
C2:CP:REACTOME	REACTOME_TRANSLATION	PSMD11	63
C2:CP:REACTOME	REACTOME_TRANSLATION	EEF1D	64
C2:CP:REACTOME	REACTOME_TRANSLATION	MRPL35	65
C2:CP:REACTOME	REACTOME_TRANSLATION	MRPL51	66
C2:CP:REACTOME	REACTOME_TRANSLATION	ELOB	67
C2:CP:REACTOME	REACTOME_TRANSLATION	MRPS23	68
C2:CP:REACTOME	REACTOME_TRANSLATION	TUFM	69
C2:CP:REACTOME	REACTOME_TRANSLATION	MRPS18A	70
C2:CP:REACTOME	REACTOME_TRANSLATION	RPL27	71
C2:CP:REACTOME	REACTOME_TRANSLATION	PSMD8	72
C2:CP:REACTOME	REACTOME_TRANSLATION	PSMB3	73
C2:CP:REACTOME	REACTOME_TRANSLATION	MRPS28	74
C2:CP:REACTOME	REACTOME_TRANSLATION	PSMD6	75
C2:CP:REACTOME	REACTOME_TRANSLATION	RPS20	76
C2:CP:REACTOME	REACTOME_TRANSLATION	EEF1B2	77
C2:CP:REACTOME	REACTOME_TRANSLATION	LARS1	78
C2:CP:REACTOME	REACTOME_TRANSLATION	RPS3A	79
C2:CP:REACTOME	REACTOME_TRANSLATION	MRPS24	80
C2:CP:REACTOME	REACTOME_TRANSLATION	MALSU1	81
C2:CP:REACTOME	REACTOME_TRANSLATION	EEF1E1	82
C2:CP:REACTOME	REACTOME_TRANSLATION	PSMA5	83
C2:CP:REACTOME	REACTOME_TRANSLATION	RPL35	84
C2:CP:REACTOME	REACTOME_TRANSLATION	PSMA3	85
C2:CP:REACTOME	REACTOME_TRANSLATION	SPCS1	86
C2:CP:REACTOME	REACTOME_TRANSLATION	MRPL12	87
C2:CP:REACTOME	REACTOME_TRANSLATION	PSMC5	88
C2:CP:REACTOME	REACTOME_TRANSLATION	EIF3G	89
C2:CP:REACTOME	REACTOME_TRANSLATION	RARS1	90
C2:CP:REACTOME	REACTOME_TRANSLATION	RPL15	91
C2:CP:REACTOME	REACTOME_TRANSLATION	PSMD1	92
C2:CP:REACTOME	REACTOME_TRANSLATION	PSMB6	93
C2:CP:REACTOME	REACTOME_TRANSLATION	PSMD3	94
C2:CP:REACTOME	REACTOME_TRANSLATION	EIF5B	95
C2:CP:REACTOME	REACTOME_TRANSLATION	PPA1	96
C2:CP:REACTOME	REACTOME_TRANSLATION	AIMP2	97
C2:CP:REACTOME	REACTOME_TRANSLATION	MRPS35	98
C2:CP:REACTOME	REACTOME_TRANSLATION	FARSA	99
C2:CP:REACTOME	REACTOME_TRANSLATION	RPS19	100
C2:CP:REACTOME	REACTOME_TRANSLATION	RPS16	101
C2:CP:REACTOME	REACTOME_TRANSLATION	EIF4G1	102
C2:CP:REACTOME	REACTOME_TRANSLATION	EEF2	103
C2:CP:REACTOME	REACTOME_TRANSLATION	RPS10	104
C2:CP:REACTOME	REACTOME_TRANSLATION	MRPS6	105
C2:CP:REACTOME	REACTOME_TRANSLATION	EIF2S1	106
C2:CP:REACTOME	REACTOME_TRANSLATION	RPS17	107
C2:CP:REACTOME	REACTOME_TRANSLATION	RPS13	108
C2:CP:REACTOME	REACTOME_TRANSLATION	MRPL37	109
C2:CP:REACTOME	REACTOME_TRANSLATION	MRPL52	110
C2:CP:REACTOME	REACTOME_TRANSLATION	MRPS10	111
C2:CP:REACTOME	REACTOME_TRANSLATION	RPL7A	112
C2:CP:REACTOME	REACTOME_TRANSLATION	MIEF1	113
C2:CP:REACTOME	REACTOME_TRANSLATION	EPRS1	114
C2:CP:REACTOME	REACTOME_TRANSLATION	CHCHD1	115
C2:CP:REACTOME	REACTOME_TRANSLATION	PSMB4	116
C2:CP:REACTOME	REACTOME_TRANSLATION	PSMD12	117
C2:CP:REACTOME	REACTOME_TRANSLATION	MRRF	118
C2:CP:REACTOME	REACTOME_TRANSLATION	MRPS31	119
C2:CP:REACTOME	REACTOME_TRANSLATION	EIF3M	120
C2:CP:REACTOME	REACTOME_TRANSLATION	MTRES1	121
C2:CP:REACTOME	REACTOME_TRANSLATION	MRPS17	122
C2:CP:REACTOME	REACTOME_TRANSLATION	SARS2	123
C2:CP:REACTOME	REACTOME_TRANSLATION	RPL26L1	124
C2:CP:REACTOME	REACTOME_TRANSLATION	AURKAIP1	125
C2:CP:REACTOME	REACTOME_TRANSLATION	RPL18	126
C2:CP:REACTOME	REACTOME_TRANSLATION	MRPL58	127
C2:CP:REACTOME	REACTOME_TRANSLATION	SRP14	128
C2:CP:REACTOME	REACTOME_TRANSLATION	RPS15A	129
C2:CP:REACTOME	REACTOME_TRANSLATION	PSMA6	130
C2:CP:REACTOME	REACTOME_TRANSLATION	PSMC4	131
C2:CP:REACTOME	REACTOME_TRANSLATION	RPS7	132
C2:CP:REACTOME	REACTOME_TRANSLATION	MRPL1	133
C2:CP:REACTOME	REACTOME_TRANSLATION	RPSA	134
C2:CP:REACTOME	REACTOME_TRANSLATION	RPS3	135
C2:CP:REACTOME	REACTOME_TRANSLATION	NARS2	136
C2:CP:REACTOME	REACTOME_TRANSLATION	RPN1	137
C2:CP:REACTOME	REACTOME_TRANSLATION	RPS5	138
C2:CP:REACTOME	REACTOME_TRANSLATION	SEC11A	139
C2:CP:REACTOME	REACTOME_TRANSLATION	RPS25	140
C2:CP:REACTOME	REACTOME_TRANSLATION	RPS12	141
C2:CP:REACTOME	REACTOME_TRANSLATION	OXA1L	142
C2:CP:REACTOME	REACTOME_TRANSLATION	FAU	143
C2:CP:REACTOME	REACTOME_TRANSLATION	MRPL21	144
C2:CP:REACTOME	REACTOME_TRANSLATION	MRPL28	145
C2:CP:REACTOME	REACTOME_TRANSLATION	MRPL42	146
C2:CP:REACTOME	REACTOME_TRANSLATION	TARS2	147
C2:CP:REACTOME	REACTOME_TRANSLATION	EIF3A	148
C2:CP:REACTOME	REACTOME_TRANSLATION	EIF3D	149
C2:CP:REACTOME	REACTOME_TRANSLATION	MRPL48	150
C2:CP:REACTOME	REACTOME_TRANSLATION	RPS23	151
C2:CP:REACTOME	REACTOME_TRANSLATION	AIMP1	152
C2:CP:REACTOME	REACTOME_TRANSLATION	RPL38	153
C2:CP:REACTOME	REACTOME_TRANSLATION	MRPL32	154
C2:CP:REACTOME	REACTOME_TRANSLATION	PSMD7	155
C2:CP:REACTOME	REACTOME_TRANSLATION	MRPL3	156
C2:CP:REACTOME	REACTOME_TRANSLATION	RPS21	157
C2:CP:REACTOME	REACTOME_TRANSLATION	RPL19	158
C2:CP:REACTOME	REACTOME_TRANSLATION	UBA52	159
C2:CP:REACTOME	REACTOME_TRANSLATION	SSR1	160
C2:CP:REACTOME	REACTOME_TRANSLATION	TSFM	161
C2:CP:REACTOME	REACTOME_TRANSLATION	GARS1	162
C2:CP:REACTOME	REACTOME_TRANSLATION	EIF3J	163
C2:CP:REACTOME	REACTOME_TRANSLATION	SRPRB	164
C2:CP:REACTOME	REACTOME_TRANSLATION	RPL10A	165
C2:CP:REACTOME	REACTOME_TRANSLATION	EEF1G	166
C2:CP:REACTOME	REACTOME_TRANSLATION	EIF2B2	167
C2:CP:REACTOME	REACTOME_TRANSLATION	TARS1	168
C2:CP:REACTOME	REACTOME_TRANSLATION	MRPL10	169
C2:CP:REACTOME	REACTOME_TRANSLATION	RPL22	170
C2:CP:REACTOME	REACTOME_TRANSLATION	RPL8	171
C2:CP:REACTOME	REACTOME_TRANSLATION	PSMB7	172
C2:CP:REACTOME	REACTOME_TRANSLATION	IARS2	173
C2:CP:REACTOME	REACTOME_TRANSLATION	RPL17	174
C2:CP:REACTOME	REACTOME_TRANSLATION	RPS24	175
C2:CP:REACTOME	REACTOME_TRANSLATION	MRPS21	176
C2:CP:REACTOME	REACTOME_TRANSLATION	RPL4	177
C2:CP:REACTOME	REACTOME_TRANSLATION	MRPL33	178
C2:CP:REACTOME	REACTOME_TRANSLATION	LTN1	179
C2:CP:REACTOME	REACTOME_TRANSLATION	RPL6	180
C2:CP:REACTOME	REACTOME_TRANSLATION	RPL23	181
C2:CP:REACTOME	REACTOME_TRANSLATION	MRPL50	182
C2:CP:REACTOME	REACTOME_TRANSLATION	RPL29	183
C2:CP:REACTOME	REACTOME_TRANSLATION	MRPL46	184
C2:CP:REACTOME	REACTOME_TRANSLATION	WARS2	185
C2:CP:REACTOME	REACTOME_TRANSLATION	SEM1	186
C2:CP:REACTOME	REACTOME_TRANSLATION	RPL23A	187
C2:CP:REACTOME	REACTOME_TRANSLATION	RPL30	188
C2:CP:REACTOME	REACTOME_TRANSLATION	MRPS30	189
C2:CP:REACTOME	REACTOME_TRANSLATION	RPL32	190
C2:CP:REACTOME	REACTOME_TRANSLATION	RPL21	191
C2:CP:REACTOME	REACTOME_TRANSLATION	RPL11	192
C2:CP:REACTOME	REACTOME_TRANSLATION	RBX1	193
C2:CP:REACTOME	REACTOME_TRANSLATION	RPL35A	194
C2:CP:REACTOME	REACTOME_TRANSLATION	MRPS11	195
C2:CP:REACTOME	REACTOME_TRANSLATION	MRPL38	196
C2:CP:REACTOME	REACTOME_TRANSLATION	MRPS9	197
C2:CP:REACTOME	REACTOME_TRANSLATION	RPL24	198
C2:CP:REACTOME	REACTOME_TRANSLATION	PSMC6	199
C2:CP:REACTOME	REACTOME_TRANSLATION	RPL26	200
C2:CP:REACTOME	REACTOME_TRANSLATION	MRPS14	201
C2:CP:REACTOME	REACTOME_TRANSLATION	GFM1	202
C2:CP:REACTOME	REACTOME_TRANSLATION	QARS1	203
C2:CP:REACTOME	REACTOME_TRANSLATION	SRP9	204
C2:CP:REACTOME	REACTOME_TRANSLATION	RPS27	205
C2:CP:REACTOME	REACTOME_TRANSLATION	RPS6	206
C2:CP:REACTOME	REACTOME_TRANSLATION	SARS1	207
C2:CP:REACTOME	REACTOME_TRANSLATION	PSMD13	208
C2:CP:REACTOME	REACTOME_TRANSLATION	RPL36	209
C2:CP:REACTOME	REACTOME_TRANSLATION	MRPL40	210
C2:CP:REACTOME	REACTOME_TRANSLATION	FARS2	211
C2:CP:REACTOME	REACTOME_TRANSLATION	RPL28	212
C2:CP:REACTOME	REACTOME_TRANSLATION	MRPL47	213
C2:CP:REACTOME	REACTOME_TRANSLATION	EIF3H	214
C2:CP:REACTOME	REACTOME_TRANSLATION	TRMT112	215
C2:CP:REACTOME	REACTOME_TRANSLATION	GSPT1	216
C2:CP:REACTOME	REACTOME_TRANSLATION	RPS15	217
C2:CP:REACTOME	REACTOME_TRANSLATION	WARS1	218
C2:CP:REACTOME	REACTOME_TRANSLATION	MRPL39	219
C2:CP:REACTOME	REACTOME_TRANSLATION	MTIF2	220
C2:CP:REACTOME	REACTOME_TRANSLATION	MRPL18	221
C2:CP:REACTOME	REACTOME_TRANSLATION	MRPL55	222
C2:CP:REACTOME	REACTOME_TRANSLATION	RPL36AL	223
C2:CP:REACTOME	REACTOME_TRANSLATION	MRPL13	224
C2:CP:REACTOME	REACTOME_TRANSLATION	RPL14	225
C2:CP:REACTOME	REACTOME_TRANSLATION	NEMF	226
C2:CP:REACTOME	REACTOME_TRANSLATION	SPCS3	227
C2:CP:REACTOME	REACTOME_TRANSLATION	MRPS27	228
C2:CP:REACTOME	REACTOME_TRANSLATION	EIF2B1	229
C2:CP:REACTOME	REACTOME_TRANSLATION	MRPL19	230
C2:CP:REACTOME	REACTOME_TRANSLATION	RPL18A	231
C2:CP:REACTOME	REACTOME_TRANSLATION	MT-ND6	232
C2:CP:REACTOME	REACTOME_TRANSLATION	RPS8	233
C2:CP:REACTOME	REACTOME_TRANSLATION	MRPL45	234
C2:CP:REACTOME	REACTOME_TRANSLATION	EIF4B	235
C2:CP:REACTOME	REACTOME_TRANSLATION	YARS1	236
C2:CP:REACTOME	REACTOME_TRANSLATION	EIF2B3	237
C2:CP:REACTOME	REACTOME_TRANSLATION	EARS2	238
C2:CP:REACTOME	REACTOME_TRANSLATION	PTCD3	239
C2:CP:REACTOME	REACTOME_TRANSLATION	PSMC2	240
C2:CP:REACTOME	REACTOME_TRANSLATION	UBE2D3	241
C2:CP:REACTOME	REACTOME_TRANSLATION	RPL10	242
C2:CP:REACTOME	REACTOME_TRANSLATION	MRPS16	243
C2:CP:REACTOME	REACTOME_TRANSLATION	MRPL54	244
C2:CP:REACTOME	REACTOME_TRANSLATION	MT-ATP6	245
C2:CP:REACTOME	REACTOME_TRANSLATION	ASCC2	246
C2:CP:REACTOME	REACTOME_TRANSLATION	MT-ATP8	247
C2:CP:REACTOME	REACTOME_TRANSLATION	PELO	248
C2:CP:REACTOME	REACTOME_TRANSLATION	ZNF598	249
C2:CP:REACTOME	REACTOME_TRANSLATION	SSR3	250
C2:CP:REACTOME	REACTOME_TRANSLATION	MRPL2	251
C2:CP:REACTOME	REACTOME_TRANSLATION	MT-ND4	252
C2:CP:REACTOME	REACTOME_TRANSLATION	UBE2D2	253
C2:CP:REACTOME	REACTOME_TRANSLATION	SRPRA	254
C2:CP:REACTOME	REACTOME_TRANSLATION	RPS2	255
C2:CP:REACTOME	REACTOME_TRANSLATION	MRPS18B	256
C2:CP:REACTOME	REACTOME_TRANSLATION	RPS14	257
C2:CP:REACTOME	REACTOME_TRANSLATION	EIF3C	258
C2:CP:REACTOME	REACTOME_TRANSLATION	RPL37A	259
C2:CP:REACTOME	REACTOME_TRANSLATION	EIF4H	260
C2:CP:REACTOME	REACTOME_TRANSLATION	RPS28	261
C2:CP:REACTOME	REACTOME_TRANSLATION	RPLP2	262
C2:CP:REACTOME	REACTOME_TRANSLATION	RPL27A	263
C2:CP:REACTOME	REACTOME_TRANSLATION	RPS29	264
C2:CP:REACTOME	REACTOME_TRANSLATION	ASCC3	265
C2:CP:REACTOME	REACTOME_TRANSLATION	PSMC1	266
C2:CP:REACTOME	REACTOME_TRANSLATION	NARS1	267
C2:CP:REACTOME	REACTOME_TRANSLATION	AARS2	268
C2:CP:REACTOME	REACTOME_TRANSLATION	RPL13	269
C2:CP:REACTOME	REACTOME_TRANSLATION	MTRFR	270
C2:CP:REACTOME	REACTOME_TRANSLATION	RPL34	271
C2:CP:REACTOME	REACTOME_TRANSLATION	SEC61B	272
C2:CP:REACTOME	REACTOME_RRNA_PROCESSING	DIMT1	1
C2:CP:REACTOME	REACTOME_RRNA_PROCESSING	NOP56	2
C2:CP:REACTOME	REACTOME_RRNA_PROCESSING	RRP7A	3
C2:CP:REACTOME	REACTOME_RRNA_PROCESSING	TRUB2	4
C2:CP:REACTOME	REACTOME_RRNA_PROCESSING	RRP36	5
C2:CP:REACTOME	REACTOME_RRNA_PROCESSING	GAR1	6
C2:CP:REACTOME	REACTOME_RRNA_PROCESSING	NHP2	7
C2:CP:REACTOME	REACTOME_RRNA_PROCESSING	RPS27A	8
C2:CP:REACTOME	REACTOME_RRNA_PROCESSING	EXOSC4	9
C2:CP:REACTOME	REACTOME_RRNA_PROCESSING	FASTKD2	10
C2:CP:REACTOME	REACTOME_RRNA_PROCESSING	EXOSC3	11
C2:CP:REACTOME	REACTOME_RRNA_PROCESSING	EXOSC9	12
C2:CP:REACTOME	REACTOME_RRNA_PROCESSING	HSD17B10	13
C2:CP:REACTOME	REACTOME_RRNA_PROCESSING	RPL5	14
C2:CP:REACTOME	REACTOME_RRNA_PROCESSING	IMP4	15
C2:CP:REACTOME	REACTOME_RRNA_PROCESSING	NOL11	16
C2:CP:REACTOME	REACTOME_RRNA_PROCESSING	MPHOSPH6	17
C2:CP:REACTOME	REACTOME_RRNA_PROCESSING	RPL9	18
C2:CP:REACTOME	REACTOME_RRNA_PROCESSING	DKC1	19
C2:CP:REACTOME	REACTOME_RRNA_PROCESSING	EXOSC5	20
C2:CP:REACTOME	REACTOME_RRNA_PROCESSING	NOP10	21
C2:CP:REACTOME	REACTOME_RRNA_PROCESSING	BOP1	22
C2:CP:REACTOME	REACTOME_RRNA_PROCESSING	RPS4X	23
C2:CP:REACTOME	REACTOME_RRNA_PROCESSING	SNU13	24
C2:CP:REACTOME	REACTOME_RRNA_PROCESSING	FBL	25
C2:CP:REACTOME	REACTOME_RRNA_PROCESSING	EXOSC6	26
C2:CP:REACTOME	REACTOME_RRNA_PROCESSING	RPS26	27
C2:CP:REACTOME	REACTOME_RRNA_PROCESSING	EMG1	28
C2:CP:REACTOME	REACTOME_RRNA_PROCESSING	RPL22L1	29
C2:CP:REACTOME	REACTOME_RRNA_PROCESSING	RPL7	30
C2:CP:REACTOME	REACTOME_RRNA_PROCESSING	MRM2	31
C2:CP:REACTOME	REACTOME_RRNA_PROCESSING	ERI1	32
C2:CP:REACTOME	REACTOME_RRNA_PROCESSING	RPL27	33
C2:CP:REACTOME	REACTOME_RRNA_PROCESSING	EBNA1BP2	34
C2:CP:REACTOME	REACTOME_RRNA_PROCESSING	UTP20	35
C2:CP:REACTOME	REACTOME_RRNA_PROCESSING	RPS20	36
C2:CP:REACTOME	REACTOME_RRNA_PROCESSING	RPS3A	37
C2:CP:REACTOME	REACTOME_RRNA_PROCESSING	GNL3	38
C2:CP:REACTOME	REACTOME_RRNA_PROCESSING	ISG20L2	39
C2:CP:REACTOME	REACTOME_RRNA_PROCESSING	RPL35	40
C2:CP:REACTOME	REACTOME_RRNA_PROCESSING	BUD23	41
C2:CP:REACTOME	REACTOME_RRNA_PROCESSING	LTV1	42
C2:CP:REACTOME	REACTOME_RRNA_PROCESSING	DCAF13	43
C2:CP:REACTOME	REACTOME_RRNA_PROCESSING	LAS1L	44
C2:CP:REACTOME	REACTOME_RRNA_PROCESSING	RPL15	45
C2:CP:REACTOME	REACTOME_RRNA_PROCESSING	KRR1	46
C2:CP:REACTOME	REACTOME_RRNA_PROCESSING	PRORP	47
C2:CP:REACTOME	REACTOME_RRNA_PROCESSING	RPS19	48
C2:CP:REACTOME	REACTOME_RRNA_PROCESSING	RPS16	49
C2:CP:REACTOME	REACTOME_RRNA_PROCESSING	RRP9	50
C2:CP:REACTOME	REACTOME_RRNA_PROCESSING	RPS10	51
C2:CP:REACTOME	REACTOME_RRNA_PROCESSING	ELAC2	52
C2:CP:REACTOME	REACTOME_RRNA_PROCESSING	UTP11	53
C2:CP:REACTOME	REACTOME_RRNA_PROCESSING	RPS17	54
C2:CP:REACTOME	REACTOME_RRNA_PROCESSING	TFB1M	55
C2:CP:REACTOME	REACTOME_RRNA_PROCESSING	TSR3	56
C2:CP:REACTOME	REACTOME_RRNA_PROCESSING	RPS13	57
C2:CP:REACTOME	REACTOME_RRNA_PROCESSING	TRMT10C	58
C2:CP:REACTOME	REACTOME_RRNA_PROCESSING	RPL7A	59
C2:CP:REACTOME	REACTOME_RRNA_PROCESSING	RPL26L1	60
C2:CP:REACTOME	REACTOME_RRNA_PROCESSING	RPL18	61
C2:CP:REACTOME	REACTOME_RRNA_PROCESSING	RPS15A	62
C2:CP:REACTOME	REACTOME_RRNA_PROCESSING	HEATR1	63
C2:CP:REACTOME	REACTOME_RRNA_PROCESSING	WDR12	64
C2:CP:REACTOME	REACTOME_RRNA_PROCESSING	WDR75	65
C2:CP:REACTOME	REACTOME_RRNA_PROCESSING	RPS7	66
C2:CP:REACTOME	REACTOME_RRNA_PROCESSING	RPSA	67
C2:CP:REACTOME	REACTOME_RRNA_PROCESSING	RPS3	68
C2:CP:REACTOME	REACTOME_RRNA_PROCESSING	RPS5	69
C2:CP:REACTOME	REACTOME_RRNA_PROCESSING	RPP40	70
C2:CP:REACTOME	REACTOME_RRNA_PROCESSING	RPS25	71
C2:CP:REACTOME	REACTOME_RRNA_PROCESSING	MTERF3	72
C2:CP:REACTOME	REACTOME_RRNA_PROCESSING	RPS12	73
C2:CP:REACTOME	REACTOME_RRNA_PROCESSING	RBM28	74
C2:CP:REACTOME	REACTOME_RRNA_PROCESSING	FAU	75
C2:CP:REACTOME	REACTOME_RRNA_PROCESSING	NIP7	76
C2:CP:REACTOME	REACTOME_RRNA_PROCESSING	NOC4L	77
C2:CP:REACTOME	REACTOME_RRNA_PROCESSING	UTP18	78
C2:CP:REACTOME	REACTOME_RRNA_PROCESSING	RPUSD3	79
C2:CP:REACTOME	REACTOME_RRNA_PROCESSING	RPS23	80
C2:CP:REACTOME	REACTOME_RRNA_PROCESSING	PDCD11	81
C2:CP:REACTOME	REACTOME_RRNA_PROCESSING	WDR43	82
C2:CP:REACTOME	REACTOME_RRNA_PROCESSING	RPL38	83
C2:CP:REACTOME	REACTOME_RRNA_PROCESSING	RPS21	84
C2:CP:REACTOME	REACTOME_RRNA_PROCESSING	RPL19	85
C2:CP:REACTOME	REACTOME_RRNA_PROCESSING	UBA52	86
C2:CP:REACTOME	REACTOME_RRNA_PROCESSING	RIOK1	87
C2:CP:REACTOME	REACTOME_RRNA_PROCESSING	RPUSD4	88
C2:CP:REACTOME	REACTOME_RRNA_PROCESSING	RPL10A	89
C2:CP:REACTOME	REACTOME_RRNA_PROCESSING	UTP14A	90
C2:CP:REACTOME	REACTOME_RRNA_PROCESSING	NCL	91
C2:CP:REACTOME	REACTOME_RRNA_PROCESSING	UTP4	92
C2:CP:REACTOME	REACTOME_RRNA_PROCESSING	PELP1	93
C2:CP:REACTOME	REACTOME_RRNA_PROCESSING	RPL22	94
C2:CP:REACTOME	REACTOME_RRNA_PROCESSING	RPL8	95
C2:CP:REACTOME	REACTOME_RRNA_PROCESSING	RIOK2	96
C2:CP:REACTOME	REACTOME_RRNA_PROCESSING	RPL17	97
C2:CP:REACTOME	REACTOME_RRNA_PROCESSING	RPS24	98
C2:CP:REACTOME	REACTOME_RRNA_PROCESSING	RPL4	99
C2:CP:REACTOME	REACTOME_RRNA_PROCESSING	PWP2	100
C2:CP:REACTOME	REACTOME_RRNA_PROCESSING	UTP25	101
C2:CP:REACTOME	REACTOME_RRNA_PROCESSING	DDX21	102
C2:CP:REACTOME	REACTOME_RRNA_PROCESSING	BYSL	103
C2:CP:REACTOME	REACTOME_RRNA_PROCESSING	RPL6	104
C2:CP:REACTOME	REACTOME_RRNA_PROCESSING	RPL23	105
C2:CP:REACTOME	REACTOME_RRNA_PROCESSING	RPL29	106
C2:CP:REACTOME	REACTOME_RRNA_PROCESSING	RPL23A	107
C2:CP:REACTOME	REACTOME_RRNA_PROCESSING	RPL30	108
C2:CP:REACTOME	REACTOME_RRNA_PROCESSING	RPL32	109
C2:CP:REACTOME	REACTOME_RRNA_PROCESSING	RPL21	110
C2:CP:REACTOME	REACTOME_RRNA_PROCESSING	RPL11	111
C2:CP:REACTOME	REACTOME_RRNA_PROCESSING	EXOSC1	112
C2:CP:REACTOME	REACTOME_RRNA_PROCESSING	RPL35A	113
C2:CP:REACTOME	REACTOME_RRNA_PROCESSING	DHX37	114
C2:CP:REACTOME	REACTOME_RRNA_PROCESSING	RPP21	115
C2:CP:REACTOME	REACTOME_RRNA_PROCESSING	RPL24	116
C2:CP:REACTOME	REACTOME_RRNA_PROCESSING	RPL26	117
C2:CP:REACTOME	REACTOME_RRNA_PROCESSING	RPS27	118
C2:CP:REACTOME	REACTOME_RRNA_PROCESSING	RPS6	119
C2:CP:REACTOME	REACTOME_RRNA_PROCESSING	RPL36	120
C2:CP:REACTOME	REACTOME_RRNA_PROCESSING	WDR3	121
C2:CP:REACTOME	REACTOME_RRNA_PROCESSING	RPL28	122
C2:CP:REACTOME	REACTOME_RRNA_PROCESSING	NAT10	123
C2:CP:REACTOME	REACTOME_RRNA_PROCESSING	NOL6	124
C2:CP:REACTOME	REACTOME_RRNA_PROCESSING	TRMT112	125
C2:CP:REACTOME	REACTOME_RRNA_PROCESSING	EXOSC7	126
C2:CP:REACTOME	REACTOME_RRNA_PROCESSING	NOP58	127
C2:CP:REACTOME	REACTOME_RRNA_PROCESSING	XRN2	128
C2:CP:REACTOME	REACTOME_RRNA_PROCESSING	WDR18	129
C2:CP:REACTOME	REACTOME_RRNA_PROCESSING	THUMPD1	130
C2:CP:REACTOME	REACTOME_RRNA_PROCESSING	RPS15	131
C2:CP:REACTOME	REACTOME_RRNA_PROCESSING	EXOSC2	132
C2:CP:REACTOME	REACTOME_RRNA_PROCESSING	DDX49	133
C2:CP:REACTOME	REACTOME_RRNA_PROCESSING	RPL36AL	134
C2:CP:REACTOME	REACTOME_RRNA_PROCESSING	RPL14	135
C2:CP:REACTOME	REACTOME_RRNA_PROCESSING	NOL12	136
C2:CP:REACTOME	REACTOME_RRNA_PROCESSING	SENP3	137
C2:CP:REACTOME	REACTOME_RRNA_PROCESSING	MPHOSPH10	138
C2:CP:REACTOME	REACTOME_RRNA_PROCESSING	BMS1	139
C2:CP:REACTOME	REACTOME_RRNA_PROCESSING	RPL18A	140
C2:CP:REACTOME	REACTOME_RRNA_PROCESSING	RPS8	141
C2:CP:REACTOME	REACTOME_RRNA_PROCESSING	RPL10	142
C2:CP:REACTOME	REACTOME_RRNA_PROCESSING	EXOSC10	143
C2:CP:REACTOME	REACTOME_RRNA_PROCESSING	PES1	144
C2:CP:REACTOME	REACTOME_RRNA_PROCESSING	RPS2	145
C2:CP:REACTOME	REACTOME_RRNA_PROCESSING	RPS14	146
C2:CP:REACTOME	REACTOME_RRNA_PROCESSING	WDR36	147
C2:CP:REACTOME	REACTOME_RRNA_PROCESSING	RPP30	148
C2:CP:REACTOME	REACTOME_RRNA_PROCESSING	RPL37A	149
C2:CP:REACTOME	REACTOME_RRNA_PROCESSING	RPS28	150
C2:CP:REACTOME	REACTOME_RRNA_PROCESSING	RPLP2	151
C2:CP:REACTOME	REACTOME_RRNA_PROCESSING	NOB1	152
C2:CP:REACTOME	REACTOME_RRNA_PROCESSING	RPL27A	153
C2:CP:REACTOME	REACTOME_RRNA_PROCESSING	RPS29	154
C2:CP:REACTOME	REACTOME_RRNA_PROCESSING	RPL13	155
C2:CP:REACTOME	REACTOME_RRNA_PROCESSING	RPL34	156
C2:CP:REACTOME	REACTOME_DNA_REPAIR	POLD3	1
C2:CP:REACTOME	REACTOME_DNA_REPAIR	PCNA	2
C2:CP:REACTOME	REACTOME_DNA_REPAIR	FEN1	3
C2:CP:REACTOME	REACTOME_DNA_REPAIR	LIG1	4
C2:CP:REACTOME	REACTOME_DNA_REPAIR	CLSPN	5
C2:CP:REACTOME	REACTOME_DNA_REPAIR	UNG	6
C2:CP:REACTOME	REACTOME_DNA_REPAIR	CENPS	7
C2:CP:REACTOME	REACTOME_DNA_REPAIR	FANCA	8
C2:CP:REACTOME	REACTOME_DNA_REPAIR	POLE	9
C2:CP:REACTOME	REACTOME_DNA_REPAIR	FANCL	10
C2:CP:REACTOME	REACTOME_DNA_REPAIR	PAXIP1	11
C2:CP:REACTOME	REACTOME_DNA_REPAIR	RAD51C	12
C2:CP:REACTOME	REACTOME_DNA_REPAIR	USP1	13
C2:CP:REACTOME	REACTOME_DNA_REPAIR	NSD2	14
C2:CP:REACTOME	REACTOME_DNA_REPAIR	TIPIN	15
C2:CP:REACTOME	REACTOME_DNA_REPAIR	RAD51	16
C2:CP:REACTOME	REACTOME_DNA_REPAIR	RMI1	17
C2:CP:REACTOME	REACTOME_DNA_REPAIR	UBE2T	18
C2:CP:REACTOME	REACTOME_DNA_REPAIR	RAD51AP1	19
C2:CP:REACTOME	REACTOME_DNA_REPAIR	RFC2	20
C2:CP:REACTOME	REACTOME_DNA_REPAIR	BAZ1B	21
C2:CP:REACTOME	REACTOME_DNA_REPAIR	FIGNL1	22
C2:CP:REACTOME	REACTOME_DNA_REPAIR	EXO1	23
C2:CP:REACTOME	REACTOME_DNA_REPAIR	RFC4	24
C2:CP:REACTOME	REACTOME_DNA_REPAIR	MSH6	25
C2:CP:REACTOME	REACTOME_DNA_REPAIR	RPS27A	26
C2:CP:REACTOME	REACTOME_DNA_REPAIR	MSH2	27
C2:CP:REACTOME	REACTOME_DNA_REPAIR	XRCC3	28
C2:CP:REACTOME	REACTOME_DNA_REPAIR	PARP1	29
C2:CP:REACTOME	REACTOME_DNA_REPAIR	TOPBP1	30
C2:CP:REACTOME	REACTOME_DNA_REPAIR	DTL	31
C2:CP:REACTOME	REACTOME_DNA_REPAIR	BRCA1	32
C2:CP:REACTOME	REACTOME_DNA_REPAIR	BLM	33
C2:CP:REACTOME	REACTOME_DNA_REPAIR	POLR2F	34
C2:CP:REACTOME	REACTOME_DNA_REPAIR	RFC3	35
C2:CP:REACTOME	REACTOME_DNA_REPAIR	H2AX	36
C2:CP:REACTOME	REACTOME_DNA_REPAIR	POLR2I	37
C2:CP:REACTOME	REACTOME_DNA_REPAIR	XRCC6	38
C2:CP:REACTOME	REACTOME_DNA_REPAIR	FANCB	39
C2:CP:REACTOME	REACTOME_DNA_REPAIR	XRCC2	40
C2:CP:REACTOME	REACTOME_DNA_REPAIR	FANCI	41
C2:CP:REACTOME	REACTOME_DNA_REPAIR	CENPX	42
C2:CP:REACTOME	REACTOME_DNA_REPAIR	POLE2	43
C2:CP:REACTOME	REACTOME_DNA_REPAIR	GTF2H5	44
C2:CP:REACTOME	REACTOME_DNA_REPAIR	PRKDC	45
C2:CP:REACTOME	REACTOME_DNA_REPAIR	RFC5	46
C2:CP:REACTOME	REACTOME_DNA_REPAIR	POLR2J	47
C2:CP:REACTOME	REACTOME_DNA_REPAIR	AQR	48
C2:CP:REACTOME	REACTOME_DNA_REPAIR	PARG	49
C2:CP:REACTOME	REACTOME_DNA_REPAIR	PCLAF	50
C2:CP:REACTOME	REACTOME_DNA_REPAIR	BARD1	51
C2:CP:REACTOME	REACTOME_DNA_REPAIR	SPIDR	52
C2:CP:REACTOME	REACTOME_DNA_REPAIR	GPS1	53
C2:CP:REACTOME	REACTOME_DNA_REPAIR	UBE2N	54
C2:CP:REACTOME	REACTOME_DNA_REPAIR	FANCC	55
C2:CP:REACTOME	REACTOME_DNA_REPAIR	ACD	56
C2:CP:REACTOME	REACTOME_DNA_REPAIR	RPA1	57
C2:CP:REACTOME	REACTOME_DNA_REPAIR	UFD1	58
C2:CP:REACTOME	REACTOME_DNA_REPAIR	POLE3	59
C2:CP:REACTOME	REACTOME_DNA_REPAIR	POLQ	60
C2:CP:REACTOME	REACTOME_DNA_REPAIR	BRCA2	61
C2:CP:REACTOME	REACTOME_DNA_REPAIR	RPA2	62
C2:CP:REACTOME	REACTOME_DNA_REPAIR	RIF1	63
C2:CP:REACTOME	REACTOME_DNA_REPAIR	PPP5C	64
C2:CP:REACTOME	REACTOME_DNA_REPAIR	DNA2	65
C2:CP:REACTOME	REACTOME_DNA_REPAIR	CHEK2	66
C2:CP:REACTOME	REACTOME_DNA_REPAIR	DCLRE1B	67
C2:CP:REACTOME	REACTOME_DNA_REPAIR	RAD18	68
C2:CP:REACTOME	REACTOME_DNA_REPAIR	COPS3	69
C2:CP:REACTOME	REACTOME_DNA_REPAIR	RAD1	70
C2:CP:REACTOME	REACTOME_DNA_REPAIR	RAD51D	71
C2:CP:REACTOME	REACTOME_DNA_REPAIR	RAD51B	72
C2:CP:REACTOME	REACTOME_DNA_REPAIR	POLD1	73
C2:CP:REACTOME	REACTOME_DNA_REPAIR	BRIP1	74
C2:CP:REACTOME	REACTOME_DNA_REPAIR	NTHL1	75
C2:CP:REACTOME	REACTOME_DNA_REPAIR	POLE4	76
C2:CP:REACTOME	REACTOME_DNA_REPAIR	USP43	77
C2:CP:REACTOME	REACTOME_DNA_REPAIR	DDB2	78
C2:CP:REACTOME	REACTOME_DNA_REPAIR	PARP2	79
C2:CP:REACTOME	REACTOME_DNA_REPAIR	LIG3	80
C2:CP:REACTOME	REACTOME_DNA_REPAIR	XRCC5	81
C2:CP:REACTOME	REACTOME_DNA_REPAIR	APEX1	82
C2:CP:REACTOME	REACTOME_DNA_REPAIR	PPIE	83
C2:CP:REACTOME	REACTOME_DNA_REPAIR	ACTL6A	84
C2:CP:REACTOME	REACTOME_DNA_REPAIR	SUMO2	85
C2:CP:REACTOME	REACTOME_DNA_REPAIR	RUVBL1	86
C2:CP:REACTOME	REACTOME_DNA_REPAIR	POLD2	87
C2:CP:REACTOME	REACTOME_DNA_REPAIR	RPA3	88
C2:CP:REACTOME	REACTOME_DNA_REPAIR	COPS8	89
C2:CP:REACTOME	REACTOME_DNA_REPAIR	MSH3	90
C2:CP:REACTOME	REACTOME_DNA_REPAIR	PNKP	91
C2:CP:REACTOME	REACTOME_DNA_REPAIR	NFRKB	92
C2:CP:REACTOME	REACTOME_DNA_REPAIR	UBA7	93
C2:CP:REACTOME	REACTOME_DNA_REPAIR	H4C3	94
C2:CP:REACTOME	REACTOME_DNA_REPAIR	DCLRE1C	95
C2:CP:REACTOME	REACTOME_DNA_REPAIR	UBE2I	96
C2:CP:REACTOME	REACTOME_DNA_REPAIR	POLR2E	97
C2:CP:REACTOME	REACTOME_DNA_REPAIR	RTEL1	98
C2:CP:REACTOME	REACTOME_DNA_REPAIR	COPS7B	99
C2:CP:REACTOME	REACTOME_DNA_REPAIR	H2AC14	100
C2:CP:REACTOME	REACTOME_DNA_REPAIR	POLR2L	101
C2:CP:REACTOME	REACTOME_DNA_REPAIR	TERF1	102
C2:CP:REACTOME	REACTOME_DNA_REPAIR	NEIL2	103
C2:CP:REACTOME	REACTOME_DNA_REPAIR	GTF2H4	104
C2:CP:REACTOME	REACTOME_DNA_REPAIR	MLH1	105
C2:CP:REACTOME	REACTOME_DNA_REPAIR	PRPF19	106
C2:CP:REACTOME	REACTOME_DNA_REPAIR	RNF8	107
C2:CP:REACTOME	REACTOME_DNA_REPAIR	SUMO1	108
C2:CP:REACTOME	REACTOME_DNA_REPAIR	UBA52	109
C2:CP:REACTOME	REACTOME_DNA_REPAIR	RAD23A	110
C2:CP:REACTOME	REACTOME_DNA_REPAIR	ABRAXAS1	111
C2:CP:REACTOME	REACTOME_DNA_REPAIR	CDK2	112
C2:CP:REACTOME	REACTOME_DNA_REPAIR	CHEK1	113
C2:CP:REACTOME	REACTOME_DNA_REPAIR	POLR2K	114
C2:CP:REACTOME	REACTOME_DNA_REPAIR	SUMO3	115
C2:CP:REACTOME	REACTOME_DNA_REPAIR	SIRT6	116
C2:CP:REACTOME	REACTOME_DNA_REPAIR	PALB2	117
C2:CP:REACTOME	REACTOME_DNA_REPAIR	FANCG	118
C2:CP:REACTOME	REACTOME_DNA_REPAIR	TIMELESS	119
C2:CP:REACTOME	REACTOME_DNA_REPAIR	RBBP8	120
C2:CP:REACTOME	REACTOME_DNA_REPAIR	ATRIP	121
C2:CP:REACTOME	REACTOME_DNA_REPAIR	GTF2H2	122
C2:CP:REACTOME	REACTOME_DNA_REPAIR	SEM1	123
C2:CP:REACTOME	REACTOME_DNA_REPAIR	RFC1	124
C2:CP:REACTOME	REACTOME_DNA_REPAIR	ACTR5	125
C2:CP:REACTOME	REACTOME_DNA_REPAIR	RBX1	126
C2:CP:REACTOME	REACTOME_DNA_REPAIR	TINF2	127
C2:CP:REACTOME	REACTOME_DNA_REPAIR	POLR2G	128
C2:CP:REACTOME	REACTOME_DNA_REPAIR	FANCM	129
C2:CP:REACTOME	REACTOME_DNA_REPAIR	INO80E	130
C2:CP:REACTOME	REACTOME_DNA_REPAIR	COPS5	131
C2:CP:REACTOME	REACTOME_DNA_REPAIR	RAD50	132
C2:CP:REACTOME	REACTOME_DNA_REPAIR	ADPRS	133
C2:CP:REACTOME	REACTOME_DNA_REPAIR	POLR2H	134
C2:CP:REACTOME	REACTOME_DNA_REPAIR	H4C9	135
C2:CP:REACTOME	REACTOME_DNA_REPAIR	NBN	136
C2:CP:REACTOME	REACTOME_DNA_REPAIR	HUS1	137
C2:CP:REACTOME	REACTOME_DNA_REPAIR	RMI2	138
C2:CP:REACTOME	REACTOME_DNA_REPAIR	TFPT	139
C2:CP:REACTOME	REACTOME_DNA_REPAIR	POLH	140
C2:CP:REACTOME	REACTOME_DNA_REPAIR	FAN1	141
C2:CP:REACTOME	REACTOME_DNA_REPAIR	UBE2V2	142
C2:CP:REACTOME	REACTOME_DNA_REPAIR	FAAP24	143
C2:CP:REACTOME	REACTOME_DNA_REPAIR	BAP1	144
C2:CP:REACTOME	REACTOME_DNA_REPAIR	USP10	145
C2:CP:REACTOME	REACTOME_DNA_REPAIR	TP53	146
C2:CP:REACTOME	REACTOME_DNA_REPAIR	TERF2	147
C2:CP:REACTOME	REACTOME_DNA_REPAIR	OGG1	148
C2:CP:REACTOME	REACTOME_DNA_REPAIR	USP45	149
C2:CP:REACTOME	REACTOME_DNA_REPAIR	BABAM1	150
C2:CP:REACTOME	REACTOME_DNA_REPAIR	FANCD2	151
C2:CP:REACTOME	REACTOME_DNA_REPAIR	ERCC4	152
C2:CP:REACTOME	REACTOME_DNA_REPAIR	ATR	153
C2:CP:REACTOME	REACTOME_DNA_REPAIR	MRE11	154
C2:CP:REACTOME	REACTOME_DNA_REPAIR	HERC2	155
C2:CP:REACTOME	REACTOME_DNA_REPAIR	POLR2D	156
C2:CP:REACTOME	REACTOME_DNA_REPAIR	ASCC2	157
C2:CP:REACTOME	REACTOME_DNA_REPAIR	POLI	158
C2:CP:REACTOME	REACTOME_DNA_REPAIR	YY1	159
C2:CP:REACTOME	REACTOME_DNA_REPAIR	BABAM2	160
C2:CP:REACTOME	REACTOME_DNA_REPAIR	LIG4	161
C2:CP:REACTOME	REACTOME_DNA_REPAIR	EYA3	162
C2:CP:REACTOME	REACTOME_DNA_REPAIR	ERCC2	163
C2:CP:REACTOME	REACTOME_DNA_REPAIR	RNF168	164
C2:CP:REACTOME	REACTOME_DNA_REPAIR	H2BC12	165
C2:CP:REACTOME	REACTOME_DNA_REPAIR	MCRS1	166
C2:CP:REACTOME	REACTOME_DNA_REPAIR	ASCC3	167
C2:CP:REACTOME	REACTOME_DNA_REPAIR	TCEA1	168
C2:CP:REACTOME	REACTOME_DNA_REPAIR	XPA	169
C2:CP:REACTOME	REACTOME_DNA_REPAIR	INO80C	170
C2:CP:REACTOME	REACTOME_DNA_REPAIR	TRIM25	171
C2:CP:REACTOME	REACTOME_DNA_REPAIR	ACTB	172
C2:CP:REACTOME	REACTOME_PROCESSING_OF_CAPPED_INTRON_CONTAINING_PRE_MRNA	SNRPG	1
C2:CP:REACTOME	REACTOME_PROCESSING_OF_CAPPED_INTRON_CONTAINING_PRE_MRNA	LSM7	2
C2:CP:REACTOME	REACTOME_PROCESSING_OF_CAPPED_INTRON_CONTAINING_PRE_MRNA	SLBP	3
C2:CP:REACTOME	REACTOME_PROCESSING_OF_CAPPED_INTRON_CONTAINING_PRE_MRNA	SRSF2	4
C2:CP:REACTOME	REACTOME_PROCESSING_OF_CAPPED_INTRON_CONTAINING_PRE_MRNA	PUF60	5
C2:CP:REACTOME	REACTOME_PROCESSING_OF_CAPPED_INTRON_CONTAINING_PRE_MRNA	TXNL4A	6
C2:CP:REACTOME	REACTOME_PROCESSING_OF_CAPPED_INTRON_CONTAINING_PRE_MRNA	SNRPD1	7
C2:CP:REACTOME	REACTOME_PROCESSING_OF_CAPPED_INTRON_CONTAINING_PRE_MRNA	DDX46	8
C2:CP:REACTOME	REACTOME_PROCESSING_OF_CAPPED_INTRON_CONTAINING_PRE_MRNA	NUP62	9
C2:CP:REACTOME	REACTOME_PROCESSING_OF_CAPPED_INTRON_CONTAINING_PRE_MRNA	DHX9	10
C2:CP:REACTOME	REACTOME_PROCESSING_OF_CAPPED_INTRON_CONTAINING_PRE_MRNA	SNRPD3	11
C2:CP:REACTOME	REACTOME_PROCESSING_OF_CAPPED_INTRON_CONTAINING_PRE_MRNA	RPS27A	12
C2:CP:REACTOME	REACTOME_PROCESSING_OF_CAPPED_INTRON_CONTAINING_PRE_MRNA	RBM17	13
C2:CP:REACTOME	REACTOME_PROCESSING_OF_CAPPED_INTRON_CONTAINING_PRE_MRNA	SNRPB	14
C2:CP:REACTOME	REACTOME_PROCESSING_OF_CAPPED_INTRON_CONTAINING_PRE_MRNA	SNRPF	15
C2:CP:REACTOME	REACTOME_PROCESSING_OF_CAPPED_INTRON_CONTAINING_PRE_MRNA	POLR2F	16
C2:CP:REACTOME	REACTOME_PROCESSING_OF_CAPPED_INTRON_CONTAINING_PRE_MRNA	SRSF7	17
C2:CP:REACTOME	REACTOME_PROCESSING_OF_CAPPED_INTRON_CONTAINING_PRE_MRNA	PPIG	18
C2:CP:REACTOME	REACTOME_PROCESSING_OF_CAPPED_INTRON_CONTAINING_PRE_MRNA	ACIN1	19
C2:CP:REACTOME	REACTOME_PROCESSING_OF_CAPPED_INTRON_CONTAINING_PRE_MRNA	POLR2I	20
C2:CP:REACTOME	REACTOME_PROCESSING_OF_CAPPED_INTRON_CONTAINING_PRE_MRNA	SYMPK	21
C2:CP:REACTOME	REACTOME_PROCESSING_OF_CAPPED_INTRON_CONTAINING_PRE_MRNA	NXT1	22
C2:CP:REACTOME	REACTOME_PROCESSING_OF_CAPPED_INTRON_CONTAINING_PRE_MRNA	LSM8	23
C2:CP:REACTOME	REACTOME_PROCESSING_OF_CAPPED_INTRON_CONTAINING_PRE_MRNA	SF3B6	24
C2:CP:REACTOME	REACTOME_PROCESSING_OF_CAPPED_INTRON_CONTAINING_PRE_MRNA	LSM6	25
C2:CP:REACTOME	REACTOME_PROCESSING_OF_CAPPED_INTRON_CONTAINING_PRE_MRNA	U2AF2	26
C2:CP:REACTOME	REACTOME_PROCESSING_OF_CAPPED_INTRON_CONTAINING_PRE_MRNA	POLR2J	27
C2:CP:REACTOME	REACTOME_PROCESSING_OF_CAPPED_INTRON_CONTAINING_PRE_MRNA	AQR	28
C2:CP:REACTOME	REACTOME_PROCESSING_OF_CAPPED_INTRON_CONTAINING_PRE_MRNA	SNRPD2	29
C2:CP:REACTOME	REACTOME_PROCESSING_OF_CAPPED_INTRON_CONTAINING_PRE_MRNA	NUP188	30
C2:CP:REACTOME	REACTOME_PROCESSING_OF_CAPPED_INTRON_CONTAINING_PRE_MRNA	SNRPA	31
C2:CP:REACTOME	REACTOME_PROCESSING_OF_CAPPED_INTRON_CONTAINING_PRE_MRNA	CSTF1	32
C2:CP:REACTOME	REACTOME_PROCESSING_OF_CAPPED_INTRON_CONTAINING_PRE_MRNA	SNRNP70	33
C2:CP:REACTOME	REACTOME_PROCESSING_OF_CAPPED_INTRON_CONTAINING_PRE_MRNA	NUP155	34
C2:CP:REACTOME	REACTOME_PROCESSING_OF_CAPPED_INTRON_CONTAINING_PRE_MRNA	CSTF3	35
C2:CP:REACTOME	REACTOME_PROCESSING_OF_CAPPED_INTRON_CONTAINING_PRE_MRNA	DHX35	36
C2:CP:REACTOME	REACTOME_PROCESSING_OF_CAPPED_INTRON_CONTAINING_PRE_MRNA	SNU13	37
C2:CP:REACTOME	REACTOME_PROCESSING_OF_CAPPED_INTRON_CONTAINING_PRE_MRNA	LSM2	38
C2:CP:REACTOME	REACTOME_PROCESSING_OF_CAPPED_INTRON_CONTAINING_PRE_MRNA	BUD31	39
C2:CP:REACTOME	REACTOME_PROCESSING_OF_CAPPED_INTRON_CONTAINING_PRE_MRNA	SNRNP40	40
C2:CP:REACTOME	REACTOME_PROCESSING_OF_CAPPED_INTRON_CONTAINING_PRE_MRNA	SRSF10	41
C2:CP:REACTOME	REACTOME_PROCESSING_OF_CAPPED_INTRON_CONTAINING_PRE_MRNA	NDC1	42
C2:CP:REACTOME	REACTOME_PROCESSING_OF_CAPPED_INTRON_CONTAINING_PRE_MRNA	SF3B4	43
C2:CP:REACTOME	REACTOME_PROCESSING_OF_CAPPED_INTRON_CONTAINING_PRE_MRNA	SNRNP25	44
C2:CP:REACTOME	REACTOME_PROCESSING_OF_CAPPED_INTRON_CONTAINING_PRE_MRNA	SRSF3	45
C2:CP:REACTOME	REACTOME_PROCESSING_OF_CAPPED_INTRON_CONTAINING_PRE_MRNA	EIF4E	46
C2:CP:REACTOME	REACTOME_PROCESSING_OF_CAPPED_INTRON_CONTAINING_PRE_MRNA	LSM4	47
C2:CP:REACTOME	REACTOME_PROCESSING_OF_CAPPED_INTRON_CONTAINING_PRE_MRNA	CHTOP	48
C2:CP:REACTOME	REACTOME_PROCESSING_OF_CAPPED_INTRON_CONTAINING_PRE_MRNA	USP39	49
C2:CP:REACTOME	REACTOME_PROCESSING_OF_CAPPED_INTRON_CONTAINING_PRE_MRNA	ALYREF	50
C2:CP:REACTOME	REACTOME_PROCESSING_OF_CAPPED_INTRON_CONTAINING_PRE_MRNA	MAGOHB	51
C2:CP:REACTOME	REACTOME_PROCESSING_OF_CAPPED_INTRON_CONTAINING_PRE_MRNA	SNRPC	52
C2:CP:REACTOME	REACTOME_PROCESSING_OF_CAPPED_INTRON_CONTAINING_PRE_MRNA	HNRNPR	53
C2:CP:REACTOME	REACTOME_PROCESSING_OF_CAPPED_INTRON_CONTAINING_PRE_MRNA	HNRNPD	54
C2:CP:REACTOME	REACTOME_PROCESSING_OF_CAPPED_INTRON_CONTAINING_PRE_MRNA	PPP1CA	55
C2:CP:REACTOME	REACTOME_PROCESSING_OF_CAPPED_INTRON_CONTAINING_PRE_MRNA	HNRNPF	56
C2:CP:REACTOME	REACTOME_PROCESSING_OF_CAPPED_INTRON_CONTAINING_PRE_MRNA	RBM25	57
C2:CP:REACTOME	REACTOME_PROCESSING_OF_CAPPED_INTRON_CONTAINING_PRE_MRNA	DDX39A	58
C2:CP:REACTOME	REACTOME_PROCESSING_OF_CAPPED_INTRON_CONTAINING_PRE_MRNA	PCBP1	59
C2:CP:REACTOME	REACTOME_PROCESSING_OF_CAPPED_INTRON_CONTAINING_PRE_MRNA	DDX39B	60
C2:CP:REACTOME	REACTOME_PROCESSING_OF_CAPPED_INTRON_CONTAINING_PRE_MRNA	TUT1	61
C2:CP:REACTOME	REACTOME_PROCESSING_OF_CAPPED_INTRON_CONTAINING_PRE_MRNA	SNRPE	62
C2:CP:REACTOME	REACTOME_PROCESSING_OF_CAPPED_INTRON_CONTAINING_PRE_MRNA	NUP35	63
C2:CP:REACTOME	REACTOME_PROCESSING_OF_CAPPED_INTRON_CONTAINING_PRE_MRNA	ZCRB1	64
C2:CP:REACTOME	REACTOME_PROCESSING_OF_CAPPED_INTRON_CONTAINING_PRE_MRNA	PPIL1	65
C2:CP:REACTOME	REACTOME_PROCESSING_OF_CAPPED_INTRON_CONTAINING_PRE_MRNA	SRSF1	66
C2:CP:REACTOME	REACTOME_PROCESSING_OF_CAPPED_INTRON_CONTAINING_PRE_MRNA	SNRPA1	67
C2:CP:REACTOME	REACTOME_PROCESSING_OF_CAPPED_INTRON_CONTAINING_PRE_MRNA	PTBP1	68
C2:CP:REACTOME	REACTOME_PROCESSING_OF_CAPPED_INTRON_CONTAINING_PRE_MRNA	PPIE	69
C2:CP:REACTOME	REACTOME_PROCESSING_OF_CAPPED_INTRON_CONTAINING_PRE_MRNA	GPATCH1	70
C2:CP:REACTOME	REACTOME_PROCESSING_OF_CAPPED_INTRON_CONTAINING_PRE_MRNA	UBL5	71
C2:CP:REACTOME	REACTOME_PROCESSING_OF_CAPPED_INTRON_CONTAINING_PRE_MRNA	HNRNPM	72
C2:CP:REACTOME	REACTOME_PROCESSING_OF_CAPPED_INTRON_CONTAINING_PRE_MRNA	RNPS1	73
C2:CP:REACTOME	REACTOME_PROCESSING_OF_CAPPED_INTRON_CONTAINING_PRE_MRNA	SRSF9	74
C2:CP:REACTOME	REACTOME_PROCESSING_OF_CAPPED_INTRON_CONTAINING_PRE_MRNA	NUP93	75
C2:CP:REACTOME	REACTOME_PROCESSING_OF_CAPPED_INTRON_CONTAINING_PRE_MRNA	SF3B5	76
C2:CP:REACTOME	REACTOME_PROCESSING_OF_CAPPED_INTRON_CONTAINING_PRE_MRNA	PRPF4	77
C2:CP:REACTOME	REACTOME_PROCESSING_OF_CAPPED_INTRON_CONTAINING_PRE_MRNA	SRSF4	78
C2:CP:REACTOME	REACTOME_PROCESSING_OF_CAPPED_INTRON_CONTAINING_PRE_MRNA	LUC7L3	79
C2:CP:REACTOME	REACTOME_PROCESSING_OF_CAPPED_INTRON_CONTAINING_PRE_MRNA	GCFC2	80
C2:CP:REACTOME	REACTOME_PROCESSING_OF_CAPPED_INTRON_CONTAINING_PRE_MRNA	NUP214	81
C2:CP:REACTOME	REACTOME_PROCESSING_OF_CAPPED_INTRON_CONTAINING_PRE_MRNA	POLR2E	82
C2:CP:REACTOME	REACTOME_PROCESSING_OF_CAPPED_INTRON_CONTAINING_PRE_MRNA	PHF5A	83
C2:CP:REACTOME	REACTOME_PROCESSING_OF_CAPPED_INTRON_CONTAINING_PRE_MRNA	NUP107	84
C2:CP:REACTOME	REACTOME_PROCESSING_OF_CAPPED_INTRON_CONTAINING_PRE_MRNA	PNN	85
C2:CP:REACTOME	REACTOME_PROCESSING_OF_CAPPED_INTRON_CONTAINING_PRE_MRNA	POLR2L	86
C2:CP:REACTOME	REACTOME_PROCESSING_OF_CAPPED_INTRON_CONTAINING_PRE_MRNA	SRSF11	87
C2:CP:REACTOME	REACTOME_PROCESSING_OF_CAPPED_INTRON_CONTAINING_PRE_MRNA	YBX1	88
C2:CP:REACTOME	REACTOME_PROCESSING_OF_CAPPED_INTRON_CONTAINING_PRE_MRNA	PRPF19	89
C2:CP:REACTOME	REACTOME_PROCESSING_OF_CAPPED_INTRON_CONTAINING_PRE_MRNA	THOC7	90
C2:CP:REACTOME	REACTOME_PROCESSING_OF_CAPPED_INTRON_CONTAINING_PRE_MRNA	LSM5	91
C2:CP:REACTOME	REACTOME_PROCESSING_OF_CAPPED_INTRON_CONTAINING_PRE_MRNA	CPSF7	92
C2:CP:REACTOME	REACTOME_PROCESSING_OF_CAPPED_INTRON_CONTAINING_PRE_MRNA	CDC5L	93
C2:CP:REACTOME	REACTOME_PROCESSING_OF_CAPPED_INTRON_CONTAINING_PRE_MRNA	PPIL2	94
C2:CP:REACTOME	REACTOME_PROCESSING_OF_CAPPED_INTRON_CONTAINING_PRE_MRNA	UBA52	95
C2:CP:REACTOME	REACTOME_PROCESSING_OF_CAPPED_INTRON_CONTAINING_PRE_MRNA	SF3B3	96
C2:CP:REACTOME	REACTOME_PROCESSING_OF_CAPPED_INTRON_CONTAINING_PRE_MRNA	NUP85	97
C2:CP:REACTOME	REACTOME_PROCESSING_OF_CAPPED_INTRON_CONTAINING_PRE_MRNA	HTATSF1	98
C2:CP:REACTOME	REACTOME_PROCESSING_OF_CAPPED_INTRON_CONTAINING_PRE_MRNA	NUP160	99
C2:CP:REACTOME	REACTOME_PROCESSING_OF_CAPPED_INTRON_CONTAINING_PRE_MRNA	FIP1L1	100
C2:CP:REACTOME	REACTOME_PROCESSING_OF_CAPPED_INTRON_CONTAINING_PRE_MRNA	POLR2K	101
C2:CP:REACTOME	REACTOME_PROCESSING_OF_CAPPED_INTRON_CONTAINING_PRE_MRNA	WDR33	102
C2:CP:REACTOME	REACTOME_PROCESSING_OF_CAPPED_INTRON_CONTAINING_PRE_MRNA	SARNP	103
C2:CP:REACTOME	REACTOME_PROCESSING_OF_CAPPED_INTRON_CONTAINING_PRE_MRNA	SF3A3	104
C2:CP:REACTOME	REACTOME_PROCESSING_OF_CAPPED_INTRON_CONTAINING_PRE_MRNA	SNRPB2	105
C2:CP:REACTOME	REACTOME_PROCESSING_OF_CAPPED_INTRON_CONTAINING_PRE_MRNA	THOC5	106
C2:CP:REACTOME	REACTOME_PROCESSING_OF_CAPPED_INTRON_CONTAINING_PRE_MRNA	HSPA8	107
C2:CP:REACTOME	REACTOME_PROCESSING_OF_CAPPED_INTRON_CONTAINING_PRE_MRNA	SNRNP200	108
C2:CP:REACTOME	REACTOME_PROCESSING_OF_CAPPED_INTRON_CONTAINING_PRE_MRNA	PRCC	109
C2:CP:REACTOME	REACTOME_PROCESSING_OF_CAPPED_INTRON_CONTAINING_PRE_MRNA	EIF4A3	110
C2:CP:REACTOME	REACTOME_PROCESSING_OF_CAPPED_INTRON_CONTAINING_PRE_MRNA	YJU2	111
C2:CP:REACTOME	REACTOME_PROCESSING_OF_CAPPED_INTRON_CONTAINING_PRE_MRNA	RBM8A	112
C2:CP:REACTOME	REACTOME_PROCESSING_OF_CAPPED_INTRON_CONTAINING_PRE_MRNA	ZRSR2	113
C2:CP:REACTOME	REACTOME_PROCESSING_OF_CAPPED_INTRON_CONTAINING_PRE_MRNA	THOC1	114
C2:CP:REACTOME	REACTOME_PROCESSING_OF_CAPPED_INTRON_CONTAINING_PRE_MRNA	POLR2G	115
C2:CP:REACTOME	REACTOME_PROCESSING_OF_CAPPED_INTRON_CONTAINING_PRE_MRNA	PQBP1	116
C2:CP:REACTOME	REACTOME_PROCESSING_OF_CAPPED_INTRON_CONTAINING_PRE_MRNA	METTL14	117
C2:CP:REACTOME	REACTOME_PROCESSING_OF_CAPPED_INTRON_CONTAINING_PRE_MRNA	POLR2H	118
C2:CP:REACTOME	REACTOME_PROCESSING_OF_CAPPED_INTRON_CONTAINING_PRE_MRNA	LSM3	119
C2:CP:REACTOME	REACTOME_PROCESSING_OF_CAPPED_INTRON_CONTAINING_PRE_MRNA	U2AF1	120
C2:CP:REACTOME	REACTOME_PROCESSING_OF_CAPPED_INTRON_CONTAINING_PRE_MRNA	PLRG1	121
C2:CP:REACTOME	REACTOME_PROCESSING_OF_CAPPED_INTRON_CONTAINING_PRE_MRNA	PRPF6	122
C2:CP:REACTOME	REACTOME_PROCESSING_OF_CAPPED_INTRON_CONTAINING_PRE_MRNA	PPIH	123
C2:CP:REACTOME	REACTOME_PROCESSING_OF_CAPPED_INTRON_CONTAINING_PRE_MRNA	CCAR1	124
C2:CP:REACTOME	REACTOME_PROCESSING_OF_CAPPED_INTRON_CONTAINING_PRE_MRNA	PRKRIP1	125
C2:CP:REACTOME	REACTOME_PROCESSING_OF_CAPPED_INTRON_CONTAINING_PRE_MRNA	GTF2F2	126
C2:CP:REACTOME	REACTOME_PROCESSING_OF_CAPPED_INTRON_CONTAINING_PRE_MRNA	MAGOH	127
C2:CP:REACTOME	REACTOME_PROCESSING_OF_CAPPED_INTRON_CONTAINING_PRE_MRNA	HNRNPK	128
C2:CP:REACTOME	REACTOME_PROCESSING_OF_CAPPED_INTRON_CONTAINING_PRE_MRNA	PPWD1	129
C2:CP:REACTOME	REACTOME_PROCESSING_OF_CAPPED_INTRON_CONTAINING_PRE_MRNA	SNRNP48	130
C2:CP:REACTOME	REACTOME_PROCESSING_OF_CAPPED_INTRON_CONTAINING_PRE_MRNA	XRN2	131
C2:CP:REACTOME	REACTOME_PROCESSING_OF_CAPPED_INTRON_CONTAINING_PRE_MRNA	PRPF3	132
C2:CP:REACTOME	REACTOME_PROCESSING_OF_CAPPED_INTRON_CONTAINING_PRE_MRNA	CPSF3	133
C2:CP:REACTOME	REACTOME_PROCESSING_OF_CAPPED_INTRON_CONTAINING_PRE_MRNA	NUP205	134
C2:CP:REACTOME	REACTOME_PROCESSING_OF_CAPPED_INTRON_CONTAINING_PRE_MRNA	TPR	135
C2:CP:REACTOME	REACTOME_PROCESSING_OF_CAPPED_INTRON_CONTAINING_PRE_MRNA	THOC3	136
C2:CP:REACTOME	REACTOME_PROCESSING_OF_CAPPED_INTRON_CONTAINING_PRE_MRNA	BCAS2	137
C2:CP:REACTOME	REACTOME_PROCESSING_OF_CAPPED_INTRON_CONTAINING_PRE_MRNA	EFTUD2	138
C2:CP:REACTOME	REACTOME_PROCESSING_OF_CAPPED_INTRON_CONTAINING_PRE_MRNA	U2SURP	139
C2:CP:REACTOME	REACTOME_PROCESSING_OF_CAPPED_INTRON_CONTAINING_PRE_MRNA	CPSF4	140
C2:CP:REACTOME	REACTOME_PROCESSING_OF_CAPPED_INTRON_CONTAINING_PRE_MRNA	FYTTD1	141
C2:CP:REACTOME	REACTOME_PROCESSING_OF_CAPPED_INTRON_CONTAINING_PRE_MRNA	HNRNPA2B1	142
C2:CP:REACTOME	REACTOME_PROCESSING_OF_CAPPED_INTRON_CONTAINING_PRE_MRNA	SUGP1	143
C2:CP:REACTOME	REACTOME_PROCESSING_OF_CAPPED_INTRON_CONTAINING_PRE_MRNA	NCBP1	144
C2:CP:REACTOME	REACTOME_PROCESSING_OF_CAPPED_INTRON_CONTAINING_PRE_MRNA	POLR2D	145
C2:CP:REACTOME	REACTOME_PROCESSING_OF_CAPPED_INTRON_CONTAINING_PRE_MRNA	RAE1	146
C2:CP:REACTOME	REACTOME_PROCESSING_OF_CAPPED_INTRON_CONTAINING_PRE_MRNA	NUP37	147
C2:CP:REACTOME	REACTOME_PROCESSING_OF_CAPPED_INTRON_CONTAINING_PRE_MRNA	NCBP2	148
C2:CP:REACTOME	REACTOME_PROCESSING_OF_CAPPED_INTRON_CONTAINING_PRE_MRNA	CLP1	149
C2:CP:REACTOME	REACTOME_PROCESSING_OF_CAPPED_INTRON_CONTAINING_PRE_MRNA	HNRNPH1	150
C2:CP:REACTOME	REACTOME_PROCESSING_OF_CAPPED_INTRON_CONTAINING_PRE_MRNA	RANBP2	151
C2:CP:REACTOME	REACTOME_PROCESSING_OF_CAPPED_INTRON_CONTAINING_PRE_MRNA	SMNDC1	152
C2:CP:REACTOME	REACTOME_PROCESSING_OF_CAPPED_INTRON_CONTAINING_PRE_MRNA	TCERG1	153
C2:CP:REACTOME	REACTOME_PROCESSING_OF_CAPPED_INTRON_CONTAINING_PRE_MRNA	PCBP2	154
C2:CP:REACTOME	REACTOME_PROCESSING_OF_CAPPED_INTRON_CONTAINING_PRE_MRNA	PPP1R8	155
C2:CP:REACTOME	REACTOME_PROCESSING_OF_CAPPED_INTRON_CONTAINING_PRE_MRNA	SRSF5	156
C2:CP:REACTOME	REACTOME_PROCESSING_OF_CAPPED_INTRON_CONTAINING_PRE_MRNA	SRSF8	157
C2:CP:REACTOME	REACTOME_PROCESSING_OF_CAPPED_INTRON_CONTAINING_PRE_MRNA	RBMX2	158
C2:CP:REACTOME	REACTOME_PROCESSING_OF_CAPPED_INTRON_CONTAINING_PRE_MRNA	SNRNP27	159
C2:CP:REACTOME	REACTOME_PROCESSING_OF_CAPPED_INTRON_CONTAINING_PRE_MRNA	NUP153	160
C2:CP:REACTOME	REACTOME_PROCESSING_OF_CAPPED_INTRON_CONTAINING_PRE_MRNA	SF3A1	161
C2:CP:REACTOME	REACTOME_PROCESSING_OF_CAPPED_INTRON_CONTAINING_PRE_MRNA	SNRPN	162
C2:CP:REACTOME	REACTOME_PROCESSING_OF_CAPPED_INTRON_CONTAINING_PRE_MRNA	PRPF31	163
C2:CP:REACTOME	REACTOME_PROCESSING_OF_CAPPED_INTRON_CONTAINING_PRE_MRNA	PRPF40A	164
C2:CP:REACTOME	REACTOME_PROCESSING_OF_CAPPED_INTRON_CONTAINING_PRE_MRNA	FAM50A	165
C5:GO:BP	GOBP_DETECTION_OF_STIMULUS_INVOLVED_IN_SENSORY_PERCEPTION	NTSR1	1
C5:GO:BP	GOBP_DETECTION_OF_STIMULUS_INVOLVED_IN_SENSORY_PERCEPTION	OR1L8	2
C5:GO:BP	GOBP_DETECTION_OF_STIMULUS_INVOLVED_IN_SENSORY_PERCEPTION	PIGR	3
C5:GO:BP	GOBP_DETECTION_OF_STIMULUS_INVOLVED_IN_SENSORY_PERCEPTION	OR1B1	4
C5:GO:BP	GOBP_DETECTION_OF_STIMULUS_INVOLVED_IN_SENSORY_PERCEPTION	OR14A2	5
C5:GO:BP	GOBP_DETECTION_OF_STIMULUS_INVOLVED_IN_SENSORY_PERCEPTION	OR4D9	6
C5:GO:BP	GOBP_DETECTION_OF_STIMULUS_INVOLVED_IN_SENSORY_PERCEPTION	OR2M3	7
C5:GO:BP	GOBP_DETECTION_OF_STIMULUS_INVOLVED_IN_SENSORY_PERCEPTION	TULP1	8
C5:GO:BP	GOBP_DETECTION_OF_STIMULUS_INVOLVED_IN_SENSORY_PERCEPTION	TAC4	9
C5:GO:BP	GOBP_DETECTION_OF_STIMULUS_INVOLVED_IN_SENSORY_PERCEPTION	PRDM12	10
C5:GO:BP	GOBP_DETECTION_OF_STIMULUS_INVOLVED_IN_SENSORY_PERCEPTION	PRPH2	11
C5:GO:BP	GOBP_DETECTION_OF_STIMULUS_INVOLVED_IN_SENSORY_PERCEPTION	TMC2	12
C5:GO:BP	GOBP_DETECTION_OF_STIMULUS_INVOLVED_IN_SENSORY_PERCEPTION	TAS1R1	13
C5:GO:BP	GOBP_DETECTION_OF_STIMULUS_INVOLVED_IN_SENSORY_PERCEPTION	PDZD7	14
C5:GO:BP	GOBP_DETECTION_OF_STIMULUS_INVOLVED_IN_SENSORY_PERCEPTION	CNGB1	15
C5:GO:BP	GOBP_DETECTION_OF_STIMULUS_INVOLVED_IN_SENSORY_PERCEPTION	OR2A42	16
C5:GO:BP	GOBP_DETECTION_OF_STIMULUS_INVOLVED_IN_SENSORY_PERCEPTION	HPN	17
C5:GO:BP	GOBP_DETECTION_OF_STIMULUS_INVOLVED_IN_SENSORY_PERCEPTION	RPE65	18
C5:GO:BP	GOBP_DETECTION_OF_STIMULUS_INVOLVED_IN_SENSORY_PERCEPTION	TAS2R30	19
C5:GO:BP	GOBP_DETECTION_OF_STIMULUS_INVOLVED_IN_SENSORY_PERCEPTION	GNAT2	20
C5:GO:BP	GOBP_DETECTION_OF_STIMULUS_INVOLVED_IN_SENSORY_PERCEPTION	SCN11A	21
C5:GO:BP	GOBP_DETECTION_OF_STIMULUS_INVOLVED_IN_SENSORY_PERCEPTION	PIEZO2	22
C5:GO:BP	GOBP_DETECTION_OF_STIMULUS_INVOLVED_IN_SENSORY_PERCEPTION	OR56A3	23
C5:GO:BP	GOBP_DETECTION_OF_STIMULUS_INVOLVED_IN_SENSORY_PERCEPTION	GNAT3	24
C5:GO:BP	GOBP_DETECTION_OF_STIMULUS_INVOLVED_IN_SENSORY_PERCEPTION	CXCL12	25
C5:GO:BP	GOBP_DETECTION_OF_STIMULUS_INVOLVED_IN_SENSORY_PERCEPTION	OR51B2	26
C5:GO:BP	GOBP_DETECTION_OF_STIMULUS_INVOLVED_IN_SENSORY_PERCEPTION	CACNA1F	27
C5:GO:BP	GOBP_DETECTION_OF_STIMULUS_INVOLVED_IN_SENSORY_PERCEPTION	OR51I2	28
C5:GO:BP	GOBP_DETECTION_OF_STIMULUS_INVOLVED_IN_SENSORY_PERCEPTION	PRCD	29
C5:GO:BP	GOBP_DETECTION_OF_STIMULUS_INVOLVED_IN_SENSORY_PERCEPTION	ADORA1	30
C5:GO:BP	GOBP_DETECTION_OF_STIMULUS_INVOLVED_IN_SENSORY_PERCEPTION	OR2T8	31
C5:GO:BP	GOBP_DETECTION_OF_STIMULUS_INVOLVED_IN_SENSORY_PERCEPTION	OR2M4	32
C5:GO:BP	GOBP_DETECTION_OF_STIMULUS_INVOLVED_IN_SENSORY_PERCEPTION	WDR47	33
C5:GO:BP	GOBP_DETECTION_OF_STIMULUS_INVOLVED_IN_SENSORY_PERCEPTION	WHRN	34
C5:GO:BP	GOBP_DETECTION_OF_STIMULUS_INVOLVED_IN_SENSORY_PERCEPTION	PKD1L3	35
C5:GO:BP	GOBP_DETECTION_OF_STIMULUS_INVOLVED_IN_SENSORY_PERCEPTION	ADGRV1	36
C5:GO:BP	GOBP_DETECTION_OF_STIMULUS_INVOLVED_IN_SENSORY_PERCEPTION	KCNQ1	37
C5:GO:BP	GOBP_DETECTION_OF_STIMULUS_INVOLVED_IN_SENSORY_PERCEPTION	SEMA5B	38
C5:GO:BP	GOBP_DETECTION_OF_STIMULUS_INVOLVED_IN_SENSORY_PERCEPTION	OR9Q1	39
C5:GO:BP	GOBP_DETECTION_OF_STIMULUS_INVOLVED_IN_SENSORY_PERCEPTION	KCNK2	40
C5:GO:BP	GOBP_DETECTION_OF_STIMULUS_INVOLVED_IN_SENSORY_PERCEPTION	REST	41
C5:GO:BP	GOBP_DETECTION_OF_STIMULUS_INVOLVED_IN_SENSORY_PERCEPTION	OR51B4	42
C5:GO:BP	GOBP_DETECTION_OF_STIMULUS_INVOLVED_IN_SENSORY_PERCEPTION	TAS2R4	43
C5:GO:BP	GOBP_SENSORY_PERCEPTION_OF_CHEMICAL_STIMULUS	OR1L8	1
C5:GO:BP	GOBP_SENSORY_PERCEPTION_OF_CHEMICAL_STIMULUS	PIGR	2
C5:GO:BP	GOBP_SENSORY_PERCEPTION_OF_CHEMICAL_STIMULUS	OR1B1	3
C5:GO:BP	GOBP_SENSORY_PERCEPTION_OF_CHEMICAL_STIMULUS	OR14A2	4
C5:GO:BP	GOBP_SENSORY_PERCEPTION_OF_CHEMICAL_STIMULUS	NXNL2	5
C5:GO:BP	GOBP_SENSORY_PERCEPTION_OF_CHEMICAL_STIMULUS	DRD2	6
C5:GO:BP	GOBP_SENSORY_PERCEPTION_OF_CHEMICAL_STIMULUS	OR4D9	7
C5:GO:BP	GOBP_SENSORY_PERCEPTION_OF_CHEMICAL_STIMULUS	OR2M3	8
C5:GO:BP	GOBP_SENSORY_PERCEPTION_OF_CHEMICAL_STIMULUS	SCNN1B	9
C5:GO:BP	GOBP_SENSORY_PERCEPTION_OF_CHEMICAL_STIMULUS	CNGA1	10
C5:GO:BP	GOBP_SENSORY_PERCEPTION_OF_CHEMICAL_STIMULUS	TAS1R1	11
C5:GO:BP	GOBP_SENSORY_PERCEPTION_OF_CHEMICAL_STIMULUS	CNGB1	12
C5:GO:BP	GOBP_SENSORY_PERCEPTION_OF_CHEMICAL_STIMULUS	OR2A42	13
C5:GO:BP	GOBP_SENSORY_PERCEPTION_OF_CHEMICAL_STIMULUS	LCN1	14
C5:GO:BP	GOBP_SENSORY_PERCEPTION_OF_CHEMICAL_STIMULUS	SCNN1D	15
C5:GO:BP	GOBP_SENSORY_PERCEPTION_OF_CHEMICAL_STIMULUS	TAS2R30	16
C5:GO:BP	GOBP_SENSORY_PERCEPTION_OF_CHEMICAL_STIMULUS	GNAT2	17
C5:GO:BP	GOBP_SENSORY_PERCEPTION_OF_CHEMICAL_STIMULUS	OR56A3	18
C5:GO:BP	GOBP_SENSORY_PERCEPTION_OF_CHEMICAL_STIMULUS	GNAL	19
C5:GO:BP	GOBP_SENSORY_PERCEPTION_OF_CHEMICAL_STIMULUS	GNAT3	20
C5:GO:BP	GOBP_SENSORY_PERCEPTION_OF_CHEMICAL_STIMULUS	VN1R1	21
C5:GO:BP	GOBP_SENSORY_PERCEPTION_OF_CHEMICAL_STIMULUS	OR51B2	22
C5:GO:BP	GOBP_SENSORY_PERCEPTION_OF_CHEMICAL_STIMULUS	OR51I2	23
C5:GO:BP	GOBP_SENSORY_PERCEPTION_OF_CHEMICAL_STIMULUS	CNGA4	24
C5:GO:BP	GOBP_SENSORY_PERCEPTION_OF_CHEMICAL_STIMULUS	OR2T8	25
C5:GO:BP	GOBP_SENSORY_PERCEPTION_OF_CHEMICAL_STIMULUS	OR2M4	26
C5:GO:BP	GOBP_SENSORY_PERCEPTION_OF_CHEMICAL_STIMULUS	PKD1L3	27
C5:GO:BP	GOBP_SENSORY_PERCEPTION_OF_CHEMICAL_STIMULUS	OR9Q1	28
C5:GO:BP	GOBP_SENSORY_PERCEPTION_OF_CHEMICAL_STIMULUS	SLC6A3	29
C5:GO:BP	GOBP_SENSORY_PERCEPTION_OF_CHEMICAL_STIMULUS	CD36	30
C5:GO:BP	GOBP_SENSORY_PERCEPTION_OF_CHEMICAL_STIMULUS	OR51B4	31
C5:GO:BP	GOBP_SENSORY_PERCEPTION_OF_CHEMICAL_STIMULUS	REEP2	32
C5:GO:BP	GOBP_SENSORY_PERCEPTION_OF_CHEMICAL_STIMULUS	TAS2R4	33
C5:GO:BP	GOBP_SENSORY_PERCEPTION	GBX1	1
C5:GO:BP	GOBP_SENSORY_PERCEPTION	NTSR1	2
C5:GO:BP	GOBP_SENSORY_PERCEPTION	OR1L8	3
C5:GO:BP	GOBP_SENSORY_PERCEPTION	KCNQ4	4
C5:GO:BP	GOBP_SENSORY_PERCEPTION	COL11A2	5
C5:GO:BP	GOBP_SENSORY_PERCEPTION	GRAP	6
C5:GO:BP	GOBP_SENSORY_PERCEPTION	TUB	7
C5:GO:BP	GOBP_SENSORY_PERCEPTION	AOC2	8
C5:GO:BP	GOBP_SENSORY_PERCEPTION	MYO1A	9
C5:GO:BP	GOBP_SENSORY_PERCEPTION	GRK7	10
C5:GO:BP	GOBP_SENSORY_PERCEPTION	CPLX4	11
C5:GO:BP	GOBP_SENSORY_PERCEPTION	PIGR	12
C5:GO:BP	GOBP_SENSORY_PERCEPTION	OR1B1	13
C5:GO:BP	GOBP_SENSORY_PERCEPTION	OR14A2	14
C5:GO:BP	GOBP_SENSORY_PERCEPTION	SLC17A8	15
C5:GO:BP	GOBP_SENSORY_PERCEPTION	RPGRIP1	16
C5:GO:BP	GOBP_SENSORY_PERCEPTION	MIP	17
C5:GO:BP	GOBP_SENSORY_PERCEPTION	NXNL2	18
C5:GO:BP	GOBP_SENSORY_PERCEPTION	DRD2	19
C5:GO:BP	GOBP_SENSORY_PERCEPTION	PDE6G	20
C5:GO:BP	GOBP_SENSORY_PERCEPTION	NMU	21
C5:GO:BP	GOBP_SENSORY_PERCEPTION	OR4D9	22
C5:GO:BP	GOBP_SENSORY_PERCEPTION	TRPM1	23
C5:GO:BP	GOBP_SENSORY_PERCEPTION	CRYGC	24
C5:GO:BP	GOBP_SENSORY_PERCEPTION	OR2M3	25
C5:GO:BP	GOBP_SENSORY_PERCEPTION	TBX1	26
C5:GO:BP	GOBP_SENSORY_PERCEPTION	LCTL	27
C5:GO:BP	GOBP_SENSORY_PERCEPTION	OTOA	28
C5:GO:BP	GOBP_SENSORY_PERCEPTION	SLC38A8	29
C5:GO:BP	GOBP_SENSORY_PERCEPTION	TULP1	30
C5:GO:BP	GOBP_SENSORY_PERCEPTION	PDC	31
C5:GO:BP	GOBP_SENSORY_PERCEPTION	TAC4	32
C5:GO:BP	GOBP_SENSORY_PERCEPTION	SPNS2	33
C5:GO:BP	GOBP_SENSORY_PERCEPTION	RDH12	34
C5:GO:BP	GOBP_SENSORY_PERCEPTION	PRDM12	35
C5:GO:BP	GOBP_SENSORY_PERCEPTION	SCNN1B	36
C5:GO:BP	GOBP_SENSORY_PERCEPTION	PRPH2	37
C5:GO:BP	GOBP_SENSORY_PERCEPTION	LHFPL4	38
C5:GO:BP	GOBP_SENSORY_PERCEPTION	CNGA1	39
C5:GO:BP	GOBP_SENSORY_PERCEPTION	TMC2	40
C5:GO:BP	GOBP_SENSORY_PERCEPTION	CLDN19	41
C5:GO:BP	GOBP_SENSORY_PERCEPTION	TAS1R1	42
C5:GO:BP	GOBP_SENSORY_PERCEPTION	PDZD7	43
C5:GO:BP	GOBP_SENSORY_PERCEPTION	CNGB1	44
C5:GO:BP	GOBP_SENSORY_PERCEPTION	OR2A42	45
C5:GO:BP	GOBP_SENSORY_PERCEPTION	HPN	46
C5:GO:BP	GOBP_SENSORY_PERCEPTION	GJA3	47
C5:GO:BP	GOBP_SENSORY_PERCEPTION	SLC24A1	48
C5:GO:BP	GOBP_SENSORY_PERCEPTION	KCNK9	49
C5:GO:BP	GOBP_SENSORY_PERCEPTION	GRM8	50
C5:GO:BP	GOBP_SENSORY_PERCEPTION	LCN1	51
C5:GO:BP	GOBP_SENSORY_PERCEPTION	RPE65	52
C5:GO:BP	GOBP_SENSORY_PERCEPTION	SCNN1D	53
C5:GO:BP	GOBP_SENSORY_PERCEPTION	RIPOR2	54
C5:GO:BP	GOBP_SENSORY_PERCEPTION	TAS2R30	55
C5:GO:BP	GOBP_SENSORY_PERCEPTION	SPTBN4	56
C5:GO:BP	GOBP_SENSORY_PERCEPTION	DCDC2	57
C5:GO:BP	GOBP_SENSORY_PERCEPTION	GNAT2	58
C5:GO:BP	GOBP_SENSORY_PERCEPTION	GRM1	59
C5:GO:BP	GOBP_SENSORY_PERCEPTION	SCN11A	60
C5:GO:BP	GOBP_SENSORY_PERCEPTION	PIEZO2	61
C5:GO:BP	GOBP_SENSORY_PERCEPTION	MYO7B	62
C5:GO:BP	GOBP_SENSORY_PERCEPTION	NRL	63
C5:GO:BP	GOBP_SENSORY_PERCEPTION	OR56A3	64
C5:GO:BP	GOBP_SENSORY_PERCEPTION	GNAL	65
C5:GO:BP	GOBP_SENSORY_PERCEPTION	USH2A	66
C5:GO:BP	GOBP_SENSORY_PERCEPTION	COCH	67
C5:GO:BP	GOBP_SENSORY_PERCEPTION	GNAT3	68
C5:GO:BP	GOBP_SENSORY_PERCEPTION	CDH23	69
C5:GO:BP	GOBP_SENSORY_PERCEPTION	ABCC6	70
C5:GO:BP	GOBP_SENSORY_PERCEPTION	KRT12	71
C5:GO:BP	GOBP_SENSORY_PERCEPTION	CXCL12	72
C5:GO:BP	GOBP_SENSORY_PERCEPTION	VN1R1	73
C5:GO:BP	GOBP_SENSORY_PERCEPTION	OR51B2	74
C5:GO:BP	GOBP_SENSORY_PERCEPTION	SLC45A2	75
C5:GO:BP	GOBP_SENSORY_PERCEPTION	CDH3	76
C5:GO:BP	GOBP_SENSORY_PERCEPTION	RRH	77
C5:GO:BP	GOBP_SENSORY_PERCEPTION	SLC4A10	78
C5:GO:BP	GOBP_SENSORY_PERCEPTION	CACNA1F	79
C5:GO:BP	GOBP_SENSORY_PERCEPTION	CHRNA7	80
C5:GO:BP	GOBP_SENSORY_PERCEPTION	OR51I2	81
C5:GO:BP	GOBP_SENSORY_PERCEPTION	COL4A3	82
C5:GO:BP	GOBP_SENSORY_PERCEPTION	CNGA4	83
C5:GO:BP	GOBP_SENSORY_PERCEPTION	SLC26A4	84
C5:GO:BP	GOBP_SENSORY_PERCEPTION	ESPNL	85
C5:GO:BP	GOBP_SENSORY_PERCEPTION	BBS10	86
C5:GO:BP	GOBP_SENSORY_PERCEPTION	ZFHX2	87
C5:GO:BP	GOBP_SENSORY_PERCEPTION	MYO7A	88
C5:GO:BP	GOBP_SENSORY_PERCEPTION	PRCD	89
C5:GO:BP	GOBP_SENSORY_PERCEPTION	CDKN1B	90
C5:GO:BP	GOBP_SENSORY_PERCEPTION	ADORA1	91
C5:GO:BP	GOBP_SENSORY_PERCEPTION	TMPRSS3	92
C5:GO:BP	GOBP_SENSORY_PERCEPTION	OR2T8	93
C5:GO:BP	GOBP_SENSORY_PERCEPTION	KCNE1	94
C5:GO:BP	GOBP_SENSORY_PERCEPTION	ANKRD24	95
C5:GO:BP	GOBP_SENSORY_PERCEPTION	OR2M4	96
C5:GO:BP	GOBP_SENSORY_PERCEPTION	NGF	97
C5:GO:BP	GOBP_SENSORY_PERCEPTION	WDR47	98
C5:GO:BP	GOBP_SENSORY_PERCEPTION	CRYGS	99
C5:GO:BP	GOBP_SENSORY_PERCEPTION	ZNF513	100
C5:GO:BP	GOBP_SENSORY_PERCEPTION	WHRN	101
C5:GO:BP	GOBP_SENSORY_PERCEPTION	RIMS1	102
C5:GO:BP	GOBP_SENSORY_PERCEPTION	PKD1L3	103
C5:GO:BP	GOBP_SENSORY_PERCEPTION	NR2E3	104
C5:GO:BP	GOBP_SENSORY_PERCEPTION	ADGRV1	105
C5:GO:BP	GOBP_SENSORY_PERCEPTION	MYO3B	106
C5:GO:BP	GOBP_SENSORY_PERCEPTION	KCND2	107
C5:GO:BP	GOBP_SENSORY_PERCEPTION	KCNQ1	108
C5:GO:BP	GOBP_SENSORY_PERCEPTION	TMIE	109
C5:GO:BP	GOBP_SENSORY_PERCEPTION	SEMA5B	110
C5:GO:BP	GOBP_SENSORY_PERCEPTION	CRYBB2	111
C5:GO:BP	GOBP_SENSORY_PERCEPTION	OR9Q1	112
C5:GO:BP	GOBP_SENSORY_PERCEPTION	SLC52A3	113
C5:GO:BP	GOBP_SENSORY_PERCEPTION	SLC6A3	114
C5:GO:BP	GOBP_SENSORY_PERCEPTION	RP2	115
C5:GO:BP	GOBP_SENSORY_PERCEPTION	TULP2	116
C5:GO:BP	GOBP_SENSORY_PERCEPTION	CRYM	117
C5:GO:BP	GOBP_SENSORY_PERCEPTION	IMPG2	118
C5:GO:BP	GOBP_SENSORY_PERCEPTION	GJB6	119
C5:GO:BP	GOBP_SENSORY_PERCEPTION	KCNK2	120
C5:GO:BP	GOBP_SENSORY_PERCEPTION	SOBP	121
C5:GO:BP	GOBP_SENSORY_PERCEPTION	CD36	122
C5:GO:BP	GOBP_SENSORY_PERCEPTION	REST	123
C5:GO:BP	GOBP_SENSORY_PERCEPTION	OR51B4	124
C5:GO:BP	GOBP_SENSORY_PERCEPTION	OTOF	125
C5:GO:BP	GOBP_SENSORY_PERCEPTION	REEP2	126
C5:GO:BP	GOBP_SENSORY_PERCEPTION	TAS2R4	127
C5:GO:BP	GOBP_SENSORY_PERCEPTION	CRYBB1	128
C5:GO:BP	GOBP_SENSORY_PERCEPTION	GRIN2A	129
C5:GO:BP	GOBP_SENSORY_PERCEPTION	TRPM8	130
C5:GO:BP	GOBP_SENSORY_PERCEPTION	CEMIP	131
C5:GO:BP	GOBP_SENSORY_PERCEPTION	EPAS1	132
C5:GO:BP	GOBP_SENSORY_PERCEPTION	LXN	133
C5:GO:BP	GOBP_SENSORY_PERCEPTION	MYO15A	134
C5:GO:BP	GOBP_SENSORY_PERCEPTION	GUCA1B	135
C5:GO:BP	GOBP_SENSORY_PERCEPTION	KCNK4	136
C5:GO:BP	GOBP_SENSORY_PERCEPTION	MME	137
C5:GO:BP	GOBP_SENSORY_PERCEPTION	ABCA4	138
C5:GO:BP	GOBP_SENSORY_PERCEPTION	SLC26A5	139
C5:GO:BP	GOBP_SENSORY_PERCEPTION	CRB1	140
C5:GO:BP	GOBP_SENSORY_PERCEPTION	P2RX7	141
C5:GO:BP	GOBP_SENSORY_PERCEPTION	CNGB3	142
C5:GO:BP	GOBP_SENSORY_PERCEPTION	HOXA1	143
C5:GO:BP	GOBP_SENSORY_PERCEPTION	DDIT3	144
C5:GO:BP	GOBP_SENSORY_PERCEPTION	EPS8L2	145
C5:GO:BP	GOBP_SENSORY_PERCEPTION	CABP4	146
C5:GO:BP	GOBP_SENSORY_PERCEPTION	LHFPL3	147
C5:GO:BP	GOBP_SENSORY_PERCEPTION	GPR143	148
C5:GO:BP	GOBP_SENSORY_PERCEPTION	TIMP3	149
C5:GO:BP	GOBP_SENSORY_PERCEPTION	CNTN5	150
C5:GO:BP	GOBP_SENSORY_PERCEPTION	TMEM150C	151
C5:GO:BP	GOBP_SENSORY_PERCEPTION	TECTA	152
C5:GO:BP	GOBP_SENSORY_PERCEPTION	RP1L1	153
C5:GO:BP	GOBP_SENSORY_PERCEPTION	EYA4	154
C5:GO:BP	GOBP_SENSORY_PERCEPTION_OF_SMELL	OR1L8	1
C5:GO:BP	GOBP_SENSORY_PERCEPTION_OF_SMELL	OR1B1	2
C5:GO:BP	GOBP_SENSORY_PERCEPTION_OF_SMELL	OR14A2	3
C5:GO:BP	GOBP_SENSORY_PERCEPTION_OF_SMELL	NXNL2	4
C5:GO:BP	GOBP_SENSORY_PERCEPTION_OF_SMELL	DRD2	5
C5:GO:BP	GOBP_SENSORY_PERCEPTION_OF_SMELL	OR4D9	6
C5:GO:BP	GOBP_SENSORY_PERCEPTION_OF_SMELL	OR2M3	7
C5:GO:BP	GOBP_SENSORY_PERCEPTION_OF_SMELL	CNGB1	8
C5:GO:BP	GOBP_SENSORY_PERCEPTION_OF_SMELL	OR2A42	9
C5:GO:BP	GOBP_SENSORY_PERCEPTION_OF_SMELL	OR56A3	10
C5:GO:BP	GOBP_SENSORY_PERCEPTION_OF_SMELL	GNAL	11
C5:GO:BP	GOBP_SENSORY_PERCEPTION_OF_SMELL	OR51B2	12
C5:GO:BP	GOBP_SENSORY_PERCEPTION_OF_SMELL	OR51I2	13
C5:GO:BP	GOBP_SENSORY_PERCEPTION_OF_SMELL	CNGA4	14
C5:GO:BP	GOBP_SENSORY_PERCEPTION_OF_SMELL	OR2T8	15
C5:GO:BP	GOBP_SENSORY_PERCEPTION_OF_SMELL	OR2M4	16
C5:GO:BP	GOBP_SENSORY_PERCEPTION_OF_SMELL	OR9Q1	17
C5:GO:BP	GOBP_SENSORY_PERCEPTION_OF_SMELL	SLC6A3	18
C5:GO:BP	GOBP_SENSORY_PERCEPTION_OF_SMELL	OR51B4	19
C5:GO:BP	GOBP_RIBONUCLEOPROTEIN_COMPLEX_BIOGENESIS	SNRPG	1
C5:GO:BP	GOBP_RIBONUCLEOPROTEIN_COMPLEX_BIOGENESIS	LSM7	2
C5:GO:BP	GOBP_RIBONUCLEOPROTEIN_COMPLEX_BIOGENESIS	DIMT1	3
C5:GO:BP	GOBP_RIBONUCLEOPROTEIN_COMPLEX_BIOGENESIS	NDUFAB1	4
C5:GO:BP	GOBP_RIBONUCLEOPROTEIN_COMPLEX_BIOGENESIS	MRTO4	5
C5:GO:BP	GOBP_RIBONUCLEOPROTEIN_COMPLEX_BIOGENESIS	LUC7L2	6
C5:GO:BP	GOBP_RIBONUCLEOPROTEIN_COMPLEX_BIOGENESIS	EIF2S3	7
C5:GO:BP	GOBP_RIBONUCLEOPROTEIN_COMPLEX_BIOGENESIS	PUF60	8
C5:GO:BP	GOBP_RIBONUCLEOPROTEIN_COMPLEX_BIOGENESIS	TXNL4A	9
C5:GO:BP	GOBP_RIBONUCLEOPROTEIN_COMPLEX_BIOGENESIS	NOP56	10
C5:GO:BP	GOBP_RIBONUCLEOPROTEIN_COMPLEX_BIOGENESIS	COPRS	11
C5:GO:BP	GOBP_RIBONUCLEOPROTEIN_COMPLEX_BIOGENESIS	SNRPD1	12
C5:GO:BP	GOBP_RIBONUCLEOPROTEIN_COMPLEX_BIOGENESIS	DDX46	13
C5:GO:BP	GOBP_RIBONUCLEOPROTEIN_COMPLEX_BIOGENESIS	RRP7A	14
C5:GO:BP	GOBP_RIBONUCLEOPROTEIN_COMPLEX_BIOGENESIS	DHX9	15
C5:GO:BP	GOBP_RIBONUCLEOPROTEIN_COMPLEX_BIOGENESIS	RRP36	16
C5:GO:BP	GOBP_RIBONUCLEOPROTEIN_COMPLEX_BIOGENESIS	SNRPD3	17
C5:GO:BP	GOBP_RIBONUCLEOPROTEIN_COMPLEX_BIOGENESIS	GAR1	18
C5:GO:BP	GOBP_RIBONUCLEOPROTEIN_COMPLEX_BIOGENESIS	EIF1AX	19
C5:GO:BP	GOBP_RIBONUCLEOPROTEIN_COMPLEX_BIOGENESIS	NHP2	20
C5:GO:BP	GOBP_RIBONUCLEOPROTEIN_COMPLEX_BIOGENESIS	RPS27A	21
C5:GO:BP	GOBP_RIBONUCLEOPROTEIN_COMPLEX_BIOGENESIS	SNRPB	22
C5:GO:BP	GOBP_RIBONUCLEOPROTEIN_COMPLEX_BIOGENESIS	EXOSC4	23
C5:GO:BP	GOBP_RIBONUCLEOPROTEIN_COMPLEX_BIOGENESIS	RAN	24
C5:GO:BP	GOBP_RIBONUCLEOPROTEIN_COMPLEX_BIOGENESIS	FASTKD2	25
C5:GO:BP	GOBP_RIBONUCLEOPROTEIN_COMPLEX_BIOGENESIS	EXOSC3	26
C5:GO:BP	GOBP_RIBONUCLEOPROTEIN_COMPLEX_BIOGENESIS	PA2G4	27
C5:GO:BP	GOBP_RIBONUCLEOPROTEIN_COMPLEX_BIOGENESIS	SNRPF	28
C5:GO:BP	GOBP_RIBONUCLEOPROTEIN_COMPLEX_BIOGENESIS	MYG1	29
C5:GO:BP	GOBP_RIBONUCLEOPROTEIN_COMPLEX_BIOGENESIS	MRPS2	30
C5:GO:BP	GOBP_RIBONUCLEOPROTEIN_COMPLEX_BIOGENESIS	ESF1	31
C5:GO:BP	GOBP_RIBONUCLEOPROTEIN_COMPLEX_BIOGENESIS	EXOSC9	32
C5:GO:BP	GOBP_RIBONUCLEOPROTEIN_COMPLEX_BIOGENESIS	EIF6	33
C5:GO:BP	GOBP_RIBONUCLEOPROTEIN_COMPLEX_BIOGENESIS	EIF3E	34
C5:GO:BP	GOBP_RIBONUCLEOPROTEIN_COMPLEX_BIOGENESIS	ZNF593	35
C5:GO:BP	GOBP_RIBONUCLEOPROTEIN_COMPLEX_BIOGENESIS	C1QBP	36
C5:GO:BP	GOBP_RIBONUCLEOPROTEIN_COMPLEX_BIOGENESIS	RPUSD1	37
C5:GO:BP	GOBP_RIBONUCLEOPROTEIN_COMPLEX_BIOGENESIS	LTO1	38
C5:GO:BP	GOBP_RIBONUCLEOPROTEIN_COMPLEX_BIOGENESIS	RPL5	39
C5:GO:BP	GOBP_RIBONUCLEOPROTEIN_COMPLEX_BIOGENESIS	GTF2H5	40
C5:GO:BP	GOBP_RIBONUCLEOPROTEIN_COMPLEX_BIOGENESIS	PRKDC	41
C5:GO:BP	GOBP_RIBONUCLEOPROTEIN_COMPLEX_BIOGENESIS	LSM8	42
C5:GO:BP	GOBP_RIBONUCLEOPROTEIN_COMPLEX_BIOGENESIS	RBIS	43
C5:GO:BP	GOBP_RIBONUCLEOPROTEIN_COMPLEX_BIOGENESIS	RPS19BP1	44
C5:GO:BP	GOBP_RIBONUCLEOPROTEIN_COMPLEX_BIOGENESIS	HSP90AB1	45
C5:GO:BP	GOBP_RIBONUCLEOPROTEIN_COMPLEX_BIOGENESIS	EIF3I	46
C5:GO:BP	GOBP_RIBONUCLEOPROTEIN_COMPLEX_BIOGENESIS	DHX30	47
C5:GO:BP	GOBP_RIBONUCLEOPROTEIN_COMPLEX_BIOGENESIS	SF3B6	48
C5:GO:BP	GOBP_RIBONUCLEOPROTEIN_COMPLEX_BIOGENESIS	TMA16	49
C5:GO:BP	GOBP_RIBONUCLEOPROTEIN_COMPLEX_BIOGENESIS	PTGES3	50
C5:GO:BP	GOBP_RIBONUCLEOPROTEIN_COMPLEX_BIOGENESIS	IMP4	51
C5:GO:BP	GOBP_RIBONUCLEOPROTEIN_COMPLEX_BIOGENESIS	LSM6	52
C5:GO:BP	GOBP_RIBONUCLEOPROTEIN_COMPLEX_BIOGENESIS	NOL11	53
C5:GO:BP	GOBP_RIBONUCLEOPROTEIN_COMPLEX_BIOGENESIS	U2AF2	54
C5:GO:BP	GOBP_RIBONUCLEOPROTEIN_COMPLEX_BIOGENESIS	EIF3K	55
C5:GO:BP	GOBP_RIBONUCLEOPROTEIN_COMPLEX_BIOGENESIS	EIF3L	56
C5:GO:BP	GOBP_RIBONUCLEOPROTEIN_COMPLEX_BIOGENESIS	MPHOSPH6	57
C5:GO:BP	GOBP_RIBONUCLEOPROTEIN_COMPLEX_BIOGENESIS	SNRPD2	58
C5:GO:BP	GOBP_RIBONUCLEOPROTEIN_COMPLEX_BIOGENESIS	SHQ1	59
C5:GO:BP	GOBP_RIBONUCLEOPROTEIN_COMPLEX_BIOGENESIS	SNRPA	60
C5:GO:BP	GOBP_RIBONUCLEOPROTEIN_COMPLEX_BIOGENESIS	POP5	61
C5:GO:BP	GOBP_RIBONUCLEOPROTEIN_COMPLEX_BIOGENESIS	DKC1	62
C5:GO:BP	GOBP_RIBONUCLEOPROTEIN_COMPLEX_BIOGENESIS	WDR77	63
C5:GO:BP	GOBP_RIBONUCLEOPROTEIN_COMPLEX_BIOGENESIS	EXOSC5	64
C5:GO:BP	GOBP_RIBONUCLEOPROTEIN_COMPLEX_BIOGENESIS	NOP10	65
C5:GO:BP	GOBP_RIBONUCLEOPROTEIN_COMPLEX_BIOGENESIS	BOP1	66
C5:GO:BP	GOBP_RIBONUCLEOPROTEIN_COMPLEX_BIOGENESIS	SNRNP70	67
C5:GO:BP	GOBP_RIBONUCLEOPROTEIN_COMPLEX_BIOGENESIS	RPS4X	68
C5:GO:BP	GOBP_RIBONUCLEOPROTEIN_COMPLEX_BIOGENESIS	LYAR	69
C5:GO:BP	GOBP_RIBONUCLEOPROTEIN_COMPLEX_BIOGENESIS	SNU13	70
C5:GO:BP	GOBP_RIBONUCLEOPROTEIN_COMPLEX_BIOGENESIS	LSM2	71
C5:GO:BP	GOBP_RIBONUCLEOPROTEIN_COMPLEX_BIOGENESIS	FBL	72
C5:GO:BP	GOBP_RIBONUCLEOPROTEIN_COMPLEX_BIOGENESIS	SNRNP40	73
C5:GO:BP	GOBP_RIBONUCLEOPROTEIN_COMPLEX_BIOGENESIS	EXOSC6	74
C5:GO:BP	GOBP_RIBONUCLEOPROTEIN_COMPLEX_BIOGENESIS	MPV17L2	75
C5:GO:BP	GOBP_RIBONUCLEOPROTEIN_COMPLEX_BIOGENESIS	SRSF10	76
C5:GO:BP	GOBP_RIBONUCLEOPROTEIN_COMPLEX_BIOGENESIS	DDX1	77
C5:GO:BP	GOBP_RIBONUCLEOPROTEIN_COMPLEX_BIOGENESIS	NPM1	78
C5:GO:BP	GOBP_RIBONUCLEOPROTEIN_COMPLEX_BIOGENESIS	DROSHA	79
C5:GO:BP	GOBP_RIBONUCLEOPROTEIN_COMPLEX_BIOGENESIS	SF3B4	80
C5:GO:BP	GOBP_RIBONUCLEOPROTEIN_COMPLEX_BIOGENESIS	EIF2S2	81
C5:GO:BP	GOBP_RIBONUCLEOPROTEIN_COMPLEX_BIOGENESIS	EMG1	82
C5:GO:BP	GOBP_RIBONUCLEOPROTEIN_COMPLEX_BIOGENESIS	SNRNP25	83
C5:GO:BP	GOBP_RIBONUCLEOPROTEIN_COMPLEX_BIOGENESIS	RPL7L1	84
C5:GO:BP	GOBP_RIBONUCLEOPROTEIN_COMPLEX_BIOGENESIS	BRIX1	85
C5:GO:BP	GOBP_RIBONUCLEOPROTEIN_COMPLEX_BIOGENESIS	RPL7	86
C5:GO:BP	GOBP_RIBONUCLEOPROTEIN_COMPLEX_BIOGENESIS	NSUN5	87
C5:GO:BP	GOBP_RIBONUCLEOPROTEIN_COMPLEX_BIOGENESIS	POP7	88
C5:GO:BP	GOBP_RIBONUCLEOPROTEIN_COMPLEX_BIOGENESIS	TGS1	89
C5:GO:BP	GOBP_RIBONUCLEOPROTEIN_COMPLEX_BIOGENESIS	LSM4	90
C5:GO:BP	GOBP_RIBONUCLEOPROTEIN_COMPLEX_BIOGENESIS	NOC2L	91
C5:GO:BP	GOBP_RIBONUCLEOPROTEIN_COMPLEX_BIOGENESIS	MRM2	92
C5:GO:BP	GOBP_RIBONUCLEOPROTEIN_COMPLEX_BIOGENESIS	TUFM	93
C5:GO:BP	GOBP_RIBONUCLEOPROTEIN_COMPLEX_BIOGENESIS	ERI1	94
C5:GO:BP	GOBP_RIBONUCLEOPROTEIN_COMPLEX_BIOGENESIS	USP39	95
C5:GO:BP	GOBP_RIBONUCLEOPROTEIN_COMPLEX_BIOGENESIS	GEMIN6	96
C5:GO:BP	GOBP_RIBONUCLEOPROTEIN_COMPLEX_BIOGENESIS	RPL27	97
C5:GO:BP	GOBP_RIBONUCLEOPROTEIN_COMPLEX_BIOGENESIS	SNRPC	98
C5:GO:BP	GOBP_RIBONUCLEOPROTEIN_COMPLEX_BIOGENESIS	NOLC1	99
C5:GO:BP	GOBP_RIBONUCLEOPROTEIN_COMPLEX_BIOGENESIS	EBNA1BP2	100
C5:GO:BP	GOBP_RIBONUCLEOPROTEIN_COMPLEX_BIOGENESIS	CINP	101
C5:GO:BP	GOBP_RIBONUCLEOPROTEIN_COMPLEX_BIOGENESIS	UTP20	102
C5:GO:BP	GOBP_RIBONUCLEOPROTEIN_COMPLEX_BIOGENESIS	NOM1	103
C5:GO:BP	GOBP_RIBONUCLEOPROTEIN_COMPLEX_BIOGENESIS	NOL8	104
C5:GO:BP	GOBP_RIBONUCLEOPROTEIN_COMPLEX_BIOGENESIS	METTL5	105
C5:GO:BP	GOBP_RIBONUCLEOPROTEIN_COMPLEX_BIOGENESIS	SRPK1	106
C5:GO:BP	GOBP_RIBONUCLEOPROTEIN_COMPLEX_BIOGENESIS	RPS3A	107
C5:GO:BP	GOBP_RIBONUCLEOPROTEIN_COMPLEX_BIOGENESIS	URB2	108
C5:GO:BP	GOBP_RIBONUCLEOPROTEIN_COMPLEX_BIOGENESIS	ISG20L2	109
C5:GO:BP	GOBP_RIBONUCLEOPROTEIN_COMPLEX_BIOGENESIS	MALSU1	110
C5:GO:BP	GOBP_RIBONUCLEOPROTEIN_COMPLEX_BIOGENESIS	GTPBP6	111
C5:GO:BP	GOBP_RIBONUCLEOPROTEIN_COMPLEX_BIOGENESIS	RPL35	112
C5:GO:BP	GOBP_RIBONUCLEOPROTEIN_COMPLEX_BIOGENESIS	BUD23	113
C5:GO:BP	GOBP_RIBONUCLEOPROTEIN_COMPLEX_BIOGENESIS	LTV1	114
C5:GO:BP	GOBP_RIBONUCLEOPROTEIN_COMPLEX_BIOGENESIS	RBFA	115
C5:GO:BP	GOBP_RIBONUCLEOPROTEIN_COMPLEX_BIOGENESIS	DCAF13	116
C5:GO:BP	GOBP_RIBONUCLEOPROTEIN_COMPLEX_BIOGENESIS	EIF3G	117
C5:GO:BP	GOBP_RIBONUCLEOPROTEIN_COMPLEX_BIOGENESIS	LAS1L	118
C5:GO:BP	GOBP_RIBONUCLEOPROTEIN_COMPLEX_BIOGENESIS	KRR1	119
C5:GO:BP	GOBP_RIBONUCLEOPROTEIN_COMPLEX_BIOGENESIS	DDX39B	120
C5:GO:BP	GOBP_RIBONUCLEOPROTEIN_COMPLEX_BIOGENESIS	EIF5B	121
C5:GO:BP	GOBP_RIBONUCLEOPROTEIN_COMPLEX_BIOGENESIS	DDX55	122
C5:GO:BP	GOBP_RIBONUCLEOPROTEIN_COMPLEX_BIOGENESIS	RPF1	123
C5:GO:BP	GOBP_RIBONUCLEOPROTEIN_COMPLEX_BIOGENESIS	RPSA2	124
C5:GO:BP	GOBP_RIBONUCLEOPROTEIN_COMPLEX_BIOGENESIS	PSIP1	125
C5:GO:BP	GOBP_RIBONUCLEOPROTEIN_COMPLEX_BIOGENESIS	SNRPE	126
C5:GO:BP	GOBP_RIBONUCLEOPROTEIN_COMPLEX_BIOGENESIS	RPS19	127
C5:GO:BP	GOBP_RIBONUCLEOPROTEIN_COMPLEX_BIOGENESIS	RPS16	128
C5:GO:BP	GOBP_RIBONUCLEOPROTEIN_COMPLEX_BIOGENESIS	RRP9	129
C5:GO:BP	GOBP_RIBONUCLEOPROTEIN_COMPLEX_BIOGENESIS	REXO4	130
C5:GO:BP	GOBP_RIBONUCLEOPROTEIN_COMPLEX_BIOGENESIS	TENT4B	131
C5:GO:BP	GOBP_RIBONUCLEOPROTEIN_COMPLEX_BIOGENESIS	XPO1	132
C5:GO:BP	GOBP_RIBONUCLEOPROTEIN_COMPLEX_BIOGENESIS	UTP11	133
C5:GO:BP	GOBP_RIBONUCLEOPROTEIN_COMPLEX_BIOGENESIS	RPS17	134
C5:GO:BP	GOBP_RIBONUCLEOPROTEIN_COMPLEX_BIOGENESIS	SRSF1	135
C5:GO:BP	GOBP_RIBONUCLEOPROTEIN_COMPLEX_BIOGENESIS	TFB1M	136
C5:GO:BP	GOBP_RIBONUCLEOPROTEIN_COMPLEX_BIOGENESIS	TSR3	137
C5:GO:BP	GOBP_RIBONUCLEOPROTEIN_COMPLEX_BIOGENESIS	RPS13	138
C5:GO:BP	GOBP_RIBONUCLEOPROTEIN_COMPLEX_BIOGENESIS	XRCC5	139
C5:GO:BP	GOBP_RIBONUCLEOPROTEIN_COMPLEX_BIOGENESIS	SNRPA1	140
C5:GO:BP	GOBP_RIBONUCLEOPROTEIN_COMPLEX_BIOGENESIS	PAK1IP1	141
C5:GO:BP	GOBP_RIBONUCLEOPROTEIN_COMPLEX_BIOGENESIS	RPL7A	142
C5:GO:BP	GOBP_RIBONUCLEOPROTEIN_COMPLEX_BIOGENESIS	EPRS1	143
C5:GO:BP	GOBP_RIBONUCLEOPROTEIN_COMPLEX_BIOGENESIS	RRP1B	144
C5:GO:BP	GOBP_RIBONUCLEOPROTEIN_COMPLEX_BIOGENESIS	RUVBL1	145
C5:GO:BP	GOBP_RIBONUCLEOPROTEIN_COMPLEX_BIOGENESIS	MDN1	146
C5:GO:BP	GOBP_RIBONUCLEOPROTEIN_COMPLEX_BIOGENESIS	EIF3M	147
C5:GO:BP	GOBP_RIBONUCLEOPROTEIN_COMPLEX_BIOGENESIS	SRSF9	148
C5:GO:BP	GOBP_RIBONUCLEOPROTEIN_COMPLEX_BIOGENESIS	RPL26L1	149
C5:GO:BP	GOBP_RIBONUCLEOPROTEIN_COMPLEX_BIOGENESIS	TCOF1	150
C5:GO:BP	GOBP_RIBONUCLEOPROTEIN_COMPLEX_BIOGENESIS	ABCF1	151
C5:GO:BP	GOBP_RIBONUCLEOPROTEIN_COMPLEX_BIOGENESIS	GTF3A	152
C5:GO:BP	GOBP_RIBONUCLEOPROTEIN_COMPLEX_BIOGENESIS	DDX56	153
C5:GO:BP	GOBP_RIBONUCLEOPROTEIN_COMPLEX_BIOGENESIS	NVL	154
C5:GO:BP	GOBP_RIBONUCLEOPROTEIN_COMPLEX_BIOGENESIS	SF3B5	155
C5:GO:BP	GOBP_RIBONUCLEOPROTEIN_COMPLEX_BIOGENESIS	PRPF4	156
C5:GO:BP	GOBP_RIBONUCLEOPROTEIN_COMPLEX_BIOGENESIS	RPS15A	157
C5:GO:BP	GOBP_RIBONUCLEOPROTEIN_COMPLEX_BIOGENESIS	HEATR1	158
C5:GO:BP	GOBP_RIBONUCLEOPROTEIN_COMPLEX_BIOGENESIS	WDR12	159
C5:GO:BP	GOBP_RIBONUCLEOPROTEIN_COMPLEX_BIOGENESIS	LUC7L3	160
C5:GO:BP	GOBP_RIBONUCLEOPROTEIN_COMPLEX_BIOGENESIS	WDR75	161
C5:GO:BP	GOBP_RIBONUCLEOPROTEIN_COMPLEX_BIOGENESIS	NPM3	162
C5:GO:BP	GOBP_RIBONUCLEOPROTEIN_COMPLEX_BIOGENESIS	SYNCRIP	163
C5:GO:BP	GOBP_RIBONUCLEOPROTEIN_COMPLEX_BIOGENESIS	RPS7	164
C5:GO:BP	GOBP_RIBONUCLEOPROTEIN_COMPLEX_BIOGENESIS	RPSA	165
C5:GO:BP	GOBP_RIBONUCLEOPROTEIN_COMPLEX_BIOGENESIS	GCFC2	166
C5:GO:BP	GOBP_RIBONUCLEOPROTEIN_COMPLEX_BIOGENESIS	DENR	167
C5:GO:BP	GOBP_RIBONUCLEOPROTEIN_COMPLEX_BIOGENESIS	RPS5	168
C5:GO:BP	GOBP_RIBONUCLEOPROTEIN_COMPLEX_BIOGENESIS	RPP40	169
C5:GO:BP	GOBP_RIBONUCLEOPROTEIN_COMPLEX_BIOGENESIS	SCNM1	170
C5:GO:BP	GOBP_RIBONUCLEOPROTEIN_COMPLEX_BIOGENESIS	RPS25	171
C5:GO:BP	GOBP_RIBONUCLEOPROTEIN_COMPLEX_BIOGENESIS	MTERF3	172
C5:GO:BP	GOBP_RIBONUCLEOPROTEIN_COMPLEX_BIOGENESIS	PHF5A	173
C5:GO:BP	GOBP_RIBONUCLEOPROTEIN_COMPLEX_BIOGENESIS	GEMIN5	174
C5:GO:BP	GOBP_RIBONUCLEOPROTEIN_COMPLEX_BIOGENESIS	RPS12	175
C5:GO:BP	GOBP_RIBONUCLEOPROTEIN_COMPLEX_BIOGENESIS	POP4	176
C5:GO:BP	GOBP_RIBONUCLEOPROTEIN_COMPLEX_BIOGENESIS	FAU	177
C5:GO:BP	GOBP_RIBONUCLEOPROTEIN_COMPLEX_BIOGENESIS	NIP7	178
C5:GO:BP	GOBP_RIBONUCLEOPROTEIN_COMPLEX_BIOGENESIS	NOC4L	179
C5:GO:BP	GOBP_RIBONUCLEOPROTEIN_COMPLEX_BIOGENESIS	UTP18	180
C5:GO:BP	GOBP_RIBONUCLEOPROTEIN_COMPLEX_BIOGENESIS	PPAN	181
C5:GO:BP	GOBP_RIBONUCLEOPROTEIN_COMPLEX_BIOGENESIS	RPUSD2	182
C5:GO:BP	GOBP_RIBONUCLEOPROTEIN_COMPLEX_BIOGENESIS	EIF3A	183
C5:GO:BP	GOBP_RIBONUCLEOPROTEIN_COMPLEX_BIOGENESIS	EIF3D	184
C5:GO:BP	GOBP_RIBONUCLEOPROTEIN_COMPLEX_BIOGENESIS	RPUSD3	185
C5:GO:BP	GOBP_RIBONUCLEOPROTEIN_COMPLEX_BIOGENESIS	RPS23	186
C5:GO:BP	GOBP_RIBONUCLEOPROTEIN_COMPLEX_BIOGENESIS	PRPF19	187
C5:GO:BP	GOBP_RIBONUCLEOPROTEIN_COMPLEX_BIOGENESIS	PDCD11	188
C5:GO:BP	GOBP_RIBONUCLEOPROTEIN_COMPLEX_BIOGENESIS	LSM5	189
C5:GO:BP	GOBP_RIBONUCLEOPROTEIN_COMPLEX_BIOGENESIS	WDR43	190
C5:GO:BP	GOBP_RIBONUCLEOPROTEIN_COMPLEX_BIOGENESIS	RPL38	191
C5:GO:BP	GOBP_RIBONUCLEOPROTEIN_COMPLEX_BIOGENESIS	HSP90AA1	192
C5:GO:BP	GOBP_RIBONUCLEOPROTEIN_COMPLEX_BIOGENESIS	DDX27	193
C5:GO:BP	GOBP_RIBONUCLEOPROTEIN_COMPLEX_BIOGENESIS	RPS21	194
C5:GO:BP	GOBP_RIBONUCLEOPROTEIN_COMPLEX_BIOGENESIS	NGDN	195
C5:GO:BP	GOBP_RIBONUCLEOPROTEIN_COMPLEX_BIOGENESIS	SF3B3	196
C5:GO:BP	GOBP_RIBONUCLEOPROTEIN_COMPLEX_BIOGENESIS	SDAD1	197
C5:GO:BP	GOBP_RIBONUCLEOPROTEIN_COMPLEX_BIOGENESIS	RSL24D1	198
C5:GO:BP	GOBP_RIBONUCLEOPROTEIN_COMPLEX_BIOGENESIS	ABT1	199
C5:GO:BP	GOBP_RIBONUCLEOPROTEIN_COMPLEX_BIOGENESIS	NOP16	200
C5:GO:BP	GOBP_RIBONUCLEOPROTEIN_COMPLEX_BIOGENESIS	GTPBP4	201
C5:GO:BP	GOBP_RIBONUCLEOPROTEIN_COMPLEX_BIOGENESIS	DDX10	202
C5:GO:BP	GOBP_RIBONUCLEOPROTEIN_COMPLEX_BIOGENESIS	EIF3J	203
C5:GO:BP	GOBP_RIBONUCLEOPROTEIN_COMPLEX_BIOGENESIS	RIOK1	204
C5:GO:BP	GOBP_RIBONUCLEOPROTEIN_COMPLEX_BIOGENESIS	RPUSD4	205
C5:GO:BP	GOBP_RIBONUCLEOPROTEIN_COMPLEX_BIOGENESIS	HTATSF1	206
C5:GO:BP	GOBP_RIBONUCLEOPROTEIN_COMPLEX_BIOGENESIS	MTG2	207
C5:GO:BP	GOBP_RIBONUCLEOPROTEIN_COMPLEX_BIOGENESIS	NUDT16	208
C5:GO:BP	GOBP_RIBONUCLEOPROTEIN_COMPLEX_BIOGENESIS	DDX18	209
C5:GO:BP	GOBP_RIBONUCLEOPROTEIN_COMPLEX_BIOGENESIS	UTP14A	210
C5:GO:BP	GOBP_RIBONUCLEOPROTEIN_COMPLEX_BIOGENESIS	SF3A3	211
C5:GO:BP	GOBP_RIBONUCLEOPROTEIN_COMPLEX_BIOGENESIS	SNRPB2	212
C5:GO:BP	GOBP_RIBONUCLEOPROTEIN_COMPLEX_BIOGENESIS	UTP4	213
C5:GO:BP	GOBP_RIBONUCLEOPROTEIN_COMPLEX_BIOGENESIS	PELP1	214
C5:GO:BP	GOBP_RIBONUCLEOPROTEIN_COMPLEX_BIOGENESIS	COIL	215
C5:GO:BP	GOBP_RIBONUCLEOPROTEIN_COMPLEX_BIOGENESIS	RIOK2	216
C5:GO:BP	GOBP_RIBONUCLEOPROTEIN_COMPLEX_BIOGENESIS	TARBP2	217
C5:GO:BP	GOBP_RIBONUCLEOPROTEIN_COMPLEX_BIOGENESIS	PDCD2	218
C5:GO:BP	GOBP_RIBONUCLEOPROTEIN_COMPLEX_BIOGENESIS	ZNHIT3	219
C5:GO:BP	GOBP_RIBONUCLEOPROTEIN_COMPLEX_BIOGENESIS	RPS24	220
C5:GO:BP	GOBP_RIBONUCLEOPROTEIN_COMPLEX_BIOGENESIS	NOL7	221
C5:GO:BP	GOBP_RIBONUCLEOPROTEIN_COMPLEX_BIOGENESIS	PRMT7	222
C5:GO:BP	GOBP_RIBONUCLEOPROTEIN_COMPLEX_BIOGENESIS	SNRNP200	223
C5:GO:BP	GOBP_RIBONUCLEOPROTEIN_COMPLEX_BIOGENESIS	METTL18	224
C5:GO:BP	GOBP_RIBONUCLEOPROTEIN_COMPLEX_BIOGENESIS	MTG1	225
C5:GO:BP	GOBP_RIBONUCLEOPROTEIN_COMPLEX_BIOGENESIS	PWP2	226
C5:GO:BP	GOBP_RIBONUCLEOPROTEIN_COMPLEX_BIOGENESIS	GNL3L	227
C5:GO:BP	GOBP_RIBONUCLEOPROTEIN_COMPLEX_BIOGENESIS	SLX9	228
C5:GO:BP	GOBP_RIBONUCLEOPROTEIN_COMPLEX_BIOGENESIS	UTP25	229
C5:GO:BP	GOBP_RIBONUCLEOPROTEIN_COMPLEX_BIOGENESIS	SART3	230
C5:GO:BP	GOBP_RIBONUCLEOPROTEIN_COMPLEX_BIOGENESIS	DDX21	231
C5:GO:BP	GOBP_RIBONUCLEOPROTEIN_COMPLEX_BIOGENESIS	BYSL	232
C5:GO:BP	GOBP_RIBONUCLEOPROTEIN_COMPLEX_BIOGENESIS	EIF4A3	233
C5:GO:BP	GOBP_RIBONUCLEOPROTEIN_COMPLEX_BIOGENESIS	SUV39H1	234
C5:GO:BP	GOBP_RIBONUCLEOPROTEIN_COMPLEX_BIOGENESIS	YJU2	235
C5:GO:BP	GOBP_RIBONUCLEOPROTEIN_COMPLEX_BIOGENESIS	ZRSR2	236
C5:GO:BP	GOBP_RIBONUCLEOPROTEIN_COMPLEX_BIOGENESIS	MCAT	237
C5:GO:BP	GOBP_RIBONUCLEOPROTEIN_COMPLEX_BIOGENESIS	PWP1	238
C5:GO:BP	GOBP_RIBONUCLEOPROTEIN_COMPLEX_BIOGENESIS	RPL11	239
C5:GO:BP	GOBP_RIBONUCLEOPROTEIN_COMPLEX_BIOGENESIS	CLNS1A	240
C5:GO:BP	GOBP_RIBONUCLEOPROTEIN_COMPLEX_BIOGENESIS	EXOSC1	241
C5:GO:BP	GOBP_RIBONUCLEOPROTEIN_COMPLEX_BIOGENESIS	TAF9	242
C5:GO:BP	GOBP_RIBONUCLEOPROTEIN_COMPLEX_BIOGENESIS	RPL35A	243
C5:GO:BP	GOBP_RIBONUCLEOPROTEIN_COMPLEX_BIOGENESIS	DHX37	244
C5:GO:BP	GOBP_RIBONUCLEOPROTEIN_COMPLEX_BIOGENESIS	SFSWAP	245
C5:GO:BP	GOBP_RIBONUCLEOPROTEIN_COMPLEX_BIOGENESIS	AK6	246
C5:GO:BP	GOBP_RIBONUCLEOPROTEIN_COMPLEX_BIOGENESIS	KAT2B	247
C5:GO:BP	GOBP_RIBONUCLEOPROTEIN_COMPLEX_BIOGENESIS	RPL24	248
C5:GO:BP	GOBP_RIBONUCLEOPROTEIN_COMPLEX_BIOGENESIS	NUFIP1	249
C5:GO:BP	GOBP_RIBONUCLEOPROTEIN_COMPLEX_BIOGENESIS	RPL26	250
C5:GO:BP	GOBP_RIBONUCLEOPROTEIN_COMPLEX_BIOGENESIS	LSM3	251
C5:GO:BP	GOBP_RIBONUCLEOPROTEIN_COMPLEX_BIOGENESIS	GRWD1	252
C5:GO:BP	GOBP_RIBONUCLEOPROTEIN_COMPLEX_BIOGENESIS	RRP7BP	253
C5:GO:BP	GOBP_RIBONUCLEOPROTEIN_COMPLEX_BIOGENESIS	RPS27	254
C5:GO:BP	GOBP_RIBONUCLEOPROTEIN_COMPLEX_BIOGENESIS	RPS6	255
C5:GO:BP	GOBP_RIBONUCLEOPROTEIN_COMPLEX_BIOGENESIS	PRPF6	256
C5:GO:BP	GOBP_RIBONUCLEOPROTEIN_COMPLEX_BIOGENESIS	RRP15	257
C5:GO:BP	GOBP_RIBONUCLEOPROTEIN_COMPLEX_BIOGENESIS	TRMT2B	258
C5:GO:BP	GOBP_RIBONUCLEOPROTEIN_COMPLEX_BIOGENESIS	DNTTIP2	259
C5:GO:BP	GOBP_RIBONUCLEOPROTEIN_COMPLEX_BIOGENESIS	WDR3	260
C5:GO:BP	GOBP_RIBONUCLEOPROTEIN_COMPLEX_BIOGENESIS	TSR2	261
C5:GO:BP	GOBP_RIBONUCLEOPROTEIN_COMPLEX_BIOGENESIS	NOPCHAP1	262
C5:GO:BP	GOBP_RIBONUCLEOPROTEIN_COMPLEX_BIOGENESIS	NAT10	263
C5:GO:BP	GOBP_RIBONUCLEOPROTEIN_COMPLEX_BIOGENESIS	EIF3H	264
C5:GO:BP	GOBP_RIBONUCLEOPROTEIN_COMPLEX_BIOGENESIS	NOL6	265
C5:GO:BP	GOBP_RIBONUCLEOPROTEIN_COMPLEX_BIOGENESIS	DICER1	266
C5:GO:BP	GOBP_RIBONUCLEOPROTEIN_COMPLEX_BIOGENESIS	GEMIN4	267
C5:GO:BP	GOBP_RIBONUCLEOPROTEIN_COMPLEX_BIOGENESIS	TRMT112	268
C5:GO:BP	GOBP_RIBONUCLEOPROTEIN_COMPLEX_BIOGENESIS	EXOSC7	269
C5:GO:BP	GOBP_RIBONUCLEOPROTEIN_COMPLEX_BIOGENESIS	NOP58	270
C5:GO:BP	GOBP_RIBONUCLEOPROTEIN_COMPLEX_BIOGENESIS	SNRNP48	271
C5:GO:BP	GOBP_RIBONUCLEOPROTEIN_COMPLEX_BIOGENESIS	XRN2	272
C5:GO:BP	GOBP_RIBONUCLEOPROTEIN_COMPLEX_BIOGENESIS	WDR18	273
C5:GO:BP	GOBP_RIBONUCLEOPROTEIN_COMPLEX_BIOGENESIS	PRPF3	274
C5:GO:BP	GOBP_RIBONUCLEOPROTEIN_COMPLEX_BIOGENESIS	AATF	275
C5:GO:BP	GOBP_RIBONUCLEOPROTEIN_COMPLEX_BIOGENESIS	RPS15	276
C5:GO:BP	GOBP_RIBONUCLEOPROTEIN_COMPLEX_BIOGENESIS	EXOSC2	277
C5:GO:BP	GOBP_RIBONUCLEOPROTEIN_COMPLEX_BIOGENESIS	DDX28	278
C5:GO:BP	GOBP_RIBONUCLEOPROTEIN_COMPLEX_BIOGENESIS	MTIF2	279
C5:GO:BP	GOBP_RIBONUCLEOPROTEIN_COMPLEX_BIOGENESIS	FRG1	280
C5:GO:BP	GOBP_RIBONUCLEOPROTEIN_COMPLEX_BIOGENESIS	DDX49	281
C5:GO:BP	GOBP_RIBONUCLEOPROTEIN_COMPLEX_BIOGENESIS	AAR2	282
C5:GO:BP	GOBP_RIBONUCLEOPROTEIN_COMPLEX_BIOGENESIS	RPL14	283
C5:GO:BP	GOBP_RIBONUCLEOPROTEIN_COMPLEX_BIOGENESIS	NLE1	284
C5:GO:BP	GOBP_RIBONUCLEOPROTEIN_COMPLEX_BIOGENESIS	EFTUD2	285
C5:GO:BP	GOBP_RIBONUCLEOPROTEIN_COMPLEX_BIOGENESIS	SENP3	286
C5:GO:BP	GOBP_RIBONUCLEOPROTEIN_COMPLEX_BIOGENESIS	MPHOSPH10	287
C5:GO:BP	GOBP_RIBONUCLEOPROTEIN_COMPLEX_BIOGENESIS	RRS1	288
C5:GO:BP	GOBP_RIBONUCLEOPROTEIN_COMPLEX_BIOGENESIS	BMS1	289
C5:GO:BP	GOBP_RIBONUCLEOPROTEIN_COMPLEX_BIOGENESIS	METTL17	290
C5:GO:BP	GOBP_RIBONUCLEOPROTEIN_COMPLEX_BIOGENESIS	GEMIN7	291
C5:GO:BP	GOBP_RIBONUCLEOPROTEIN_COMPLEX_BIOGENESIS	MCTS1	292
C5:GO:BP	GOBP_RIBONUCLEOPROTEIN_COMPLEX_BIOGENESIS	RPS8	293
C5:GO:BP	GOBP_RIBONUCLEOPROTEIN_COMPLEX_BIOGENESIS	ATR	294
C5:GO:BP	GOBP_RIBONUCLEOPROTEIN_COMPLEX_BIOGENESIS	NCBP1	295
C5:GO:BP	GOBP_RIBONUCLEOPROTEIN_COMPLEX_BIOGENESIS	SBDS	296
C5:GO:BP	GOBP_RIBONUCLEOPROTEIN_COMPLEX_BIOGENESIS	SMN1	297
C5:GO:BP	GOBP_RIBOSOME_BIOGENESIS	DIMT1	1
C5:GO:BP	GOBP_RIBOSOME_BIOGENESIS	NDUFAB1	2
C5:GO:BP	GOBP_RIBOSOME_BIOGENESIS	MRTO4	3
C5:GO:BP	GOBP_RIBOSOME_BIOGENESIS	NOP56	4
C5:GO:BP	GOBP_RIBOSOME_BIOGENESIS	COPRS	5
C5:GO:BP	GOBP_RIBOSOME_BIOGENESIS	RRP7A	6
C5:GO:BP	GOBP_RIBOSOME_BIOGENESIS	RRP36	7
C5:GO:BP	GOBP_RIBOSOME_BIOGENESIS	GAR1	8
C5:GO:BP	GOBP_RIBOSOME_BIOGENESIS	EIF1AX	9
C5:GO:BP	GOBP_RIBOSOME_BIOGENESIS	NHP2	10
C5:GO:BP	GOBP_RIBOSOME_BIOGENESIS	RPS27A	11
C5:GO:BP	GOBP_RIBOSOME_BIOGENESIS	EXOSC4	12
C5:GO:BP	GOBP_RIBOSOME_BIOGENESIS	RAN	13
C5:GO:BP	GOBP_RIBOSOME_BIOGENESIS	FASTKD2	14
C5:GO:BP	GOBP_RIBOSOME_BIOGENESIS	EXOSC3	15
C5:GO:BP	GOBP_RIBOSOME_BIOGENESIS	PA2G4	16
C5:GO:BP	GOBP_RIBOSOME_BIOGENESIS	MYG1	17
C5:GO:BP	GOBP_RIBOSOME_BIOGENESIS	MRPS2	18
C5:GO:BP	GOBP_RIBOSOME_BIOGENESIS	ESF1	19
C5:GO:BP	GOBP_RIBOSOME_BIOGENESIS	EXOSC9	20
C5:GO:BP	GOBP_RIBOSOME_BIOGENESIS	EIF6	21
C5:GO:BP	GOBP_RIBOSOME_BIOGENESIS	ZNF593	22
C5:GO:BP	GOBP_RIBOSOME_BIOGENESIS	C1QBP	23
C5:GO:BP	GOBP_RIBOSOME_BIOGENESIS	RPUSD1	24
C5:GO:BP	GOBP_RIBOSOME_BIOGENESIS	LTO1	25
C5:GO:BP	GOBP_RIBOSOME_BIOGENESIS	RPL5	26
C5:GO:BP	GOBP_RIBOSOME_BIOGENESIS	GTF2H5	27
C5:GO:BP	GOBP_RIBOSOME_BIOGENESIS	PRKDC	28
C5:GO:BP	GOBP_RIBOSOME_BIOGENESIS	RBIS	29
C5:GO:BP	GOBP_RIBOSOME_BIOGENESIS	RPS19BP1	30
C5:GO:BP	GOBP_RIBOSOME_BIOGENESIS	DHX30	31
C5:GO:BP	GOBP_RIBOSOME_BIOGENESIS	TMA16	32
C5:GO:BP	GOBP_RIBOSOME_BIOGENESIS	IMP4	33
C5:GO:BP	GOBP_RIBOSOME_BIOGENESIS	LSM6	34
C5:GO:BP	GOBP_RIBOSOME_BIOGENESIS	NOL11	35
C5:GO:BP	GOBP_RIBOSOME_BIOGENESIS	MPHOSPH6	36
C5:GO:BP	GOBP_RIBOSOME_BIOGENESIS	POP5	37
C5:GO:BP	GOBP_RIBOSOME_BIOGENESIS	DKC1	38
C5:GO:BP	GOBP_RIBOSOME_BIOGENESIS	WDR77	39
C5:GO:BP	GOBP_RIBOSOME_BIOGENESIS	EXOSC5	40
C5:GO:BP	GOBP_RIBOSOME_BIOGENESIS	NOP10	41
C5:GO:BP	GOBP_RIBOSOME_BIOGENESIS	BOP1	42
C5:GO:BP	GOBP_RIBOSOME_BIOGENESIS	RPS4X	43
C5:GO:BP	GOBP_RIBOSOME_BIOGENESIS	LYAR	44
C5:GO:BP	GOBP_RIBOSOME_BIOGENESIS	SNU13	45
C5:GO:BP	GOBP_RIBOSOME_BIOGENESIS	FBL	46
C5:GO:BP	GOBP_RIBOSOME_BIOGENESIS	EXOSC6	47
C5:GO:BP	GOBP_RIBOSOME_BIOGENESIS	MPV17L2	48
C5:GO:BP	GOBP_RIBOSOME_BIOGENESIS	NPM1	49
C5:GO:BP	GOBP_RIBOSOME_BIOGENESIS	DROSHA	50
C5:GO:BP	GOBP_RIBOSOME_BIOGENESIS	EMG1	51
C5:GO:BP	GOBP_RIBOSOME_BIOGENESIS	RPL7L1	52
C5:GO:BP	GOBP_RIBOSOME_BIOGENESIS	BRIX1	53
C5:GO:BP	GOBP_RIBOSOME_BIOGENESIS	RPL7	54
C5:GO:BP	GOBP_RIBOSOME_BIOGENESIS	NSUN5	55
C5:GO:BP	GOBP_RIBOSOME_BIOGENESIS	POP7	56
C5:GO:BP	GOBP_RIBOSOME_BIOGENESIS	NOC2L	57
C5:GO:BP	GOBP_RIBOSOME_BIOGENESIS	MRM2	58
C5:GO:BP	GOBP_RIBOSOME_BIOGENESIS	TUFM	59
C5:GO:BP	GOBP_RIBOSOME_BIOGENESIS	ERI1	60
C5:GO:BP	GOBP_RIBOSOME_BIOGENESIS	RPL27	61
C5:GO:BP	GOBP_RIBOSOME_BIOGENESIS	NOLC1	62
C5:GO:BP	GOBP_RIBOSOME_BIOGENESIS	EBNA1BP2	63
C5:GO:BP	GOBP_RIBOSOME_BIOGENESIS	CINP	64
C5:GO:BP	GOBP_RIBOSOME_BIOGENESIS	UTP20	65
C5:GO:BP	GOBP_RIBOSOME_BIOGENESIS	NOM1	66
C5:GO:BP	GOBP_RIBOSOME_BIOGENESIS	NOL8	67
C5:GO:BP	GOBP_RIBOSOME_BIOGENESIS	METTL5	68
C5:GO:BP	GOBP_RIBOSOME_BIOGENESIS	RPS3A	69
C5:GO:BP	GOBP_RIBOSOME_BIOGENESIS	URB2	70
C5:GO:BP	GOBP_RIBOSOME_BIOGENESIS	ISG20L2	71
C5:GO:BP	GOBP_RIBOSOME_BIOGENESIS	MALSU1	72
C5:GO:BP	GOBP_RIBOSOME_BIOGENESIS	GTPBP6	73
C5:GO:BP	GOBP_RIBOSOME_BIOGENESIS	RPL35	74
C5:GO:BP	GOBP_RIBOSOME_BIOGENESIS	BUD23	75
C5:GO:BP	GOBP_RIBOSOME_BIOGENESIS	LTV1	76
C5:GO:BP	GOBP_RIBOSOME_BIOGENESIS	RBFA	77
C5:GO:BP	GOBP_RIBOSOME_BIOGENESIS	DCAF13	78
C5:GO:BP	GOBP_RIBOSOME_BIOGENESIS	LAS1L	79
C5:GO:BP	GOBP_RIBOSOME_BIOGENESIS	KRR1	80
C5:GO:BP	GOBP_RIBOSOME_BIOGENESIS	EIF5B	81
C5:GO:BP	GOBP_RIBOSOME_BIOGENESIS	DDX55	82
C5:GO:BP	GOBP_RIBOSOME_BIOGENESIS	RPF1	83
C5:GO:BP	GOBP_RIBOSOME_BIOGENESIS	RPSA2	84
C5:GO:BP	GOBP_RIBOSOME_BIOGENESIS	RPS19	85
C5:GO:BP	GOBP_RIBOSOME_BIOGENESIS	RPS16	86
C5:GO:BP	GOBP_RIBOSOME_BIOGENESIS	RRP9	87
C5:GO:BP	GOBP_RIBOSOME_BIOGENESIS	REXO4	88
C5:GO:BP	GOBP_RIBOSOME_BIOGENESIS	TENT4B	89
C5:GO:BP	GOBP_RIBOSOME_BIOGENESIS	XPO1	90
C5:GO:BP	GOBP_RIBOSOME_BIOGENESIS	UTP11	91
C5:GO:BP	GOBP_RIBOSOME_BIOGENESIS	RPS17	92
C5:GO:BP	GOBP_RIBOSOME_BIOGENESIS	TFB1M	93
C5:GO:BP	GOBP_RIBOSOME_BIOGENESIS	TSR3	94
C5:GO:BP	GOBP_RIBOSOME_BIOGENESIS	RPS13	95
C5:GO:BP	GOBP_RIBOSOME_BIOGENESIS	XRCC5	96
C5:GO:BP	GOBP_RIBOSOME_BIOGENESIS	PAK1IP1	97
C5:GO:BP	GOBP_RIBOSOME_BIOGENESIS	RPL7A	98
C5:GO:BP	GOBP_RIBOSOME_BIOGENESIS	RRP1B	99
C5:GO:BP	GOBP_RIBOSOME_BIOGENESIS	MDN1	100
C5:GO:BP	GOBP_RIBOSOME_BIOGENESIS	RPL26L1	101
C5:GO:BP	GOBP_RIBOSOME_BIOGENESIS	TCOF1	102
C5:GO:BP	GOBP_RIBOSOME_BIOGENESIS	ABCF1	103
C5:GO:BP	GOBP_RIBOSOME_BIOGENESIS	GTF3A	104
C5:GO:BP	GOBP_RIBOSOME_BIOGENESIS	DDX56	105
C5:GO:BP	GOBP_RIBOSOME_BIOGENESIS	NVL	106
C5:GO:BP	GOBP_RIBOSOME_BIOGENESIS	RPS15A	107
C5:GO:BP	GOBP_RIBOSOME_BIOGENESIS	HEATR1	108
C5:GO:BP	GOBP_RIBOSOME_BIOGENESIS	WDR12	109
C5:GO:BP	GOBP_RIBOSOME_BIOGENESIS	WDR75	110
C5:GO:BP	GOBP_RIBOSOME_BIOGENESIS	NPM3	111
C5:GO:BP	GOBP_RIBOSOME_BIOGENESIS	RPS7	112
C5:GO:BP	GOBP_RIBOSOME_BIOGENESIS	RPSA	113
C5:GO:BP	GOBP_RIBOSOME_BIOGENESIS	RPS5	114
C5:GO:BP	GOBP_RIBOSOME_BIOGENESIS	RPP40	115
C5:GO:BP	GOBP_RIBOSOME_BIOGENESIS	RPS25	116
C5:GO:BP	GOBP_RIBOSOME_BIOGENESIS	MTERF3	117
C5:GO:BP	GOBP_RIBOSOME_BIOGENESIS	RPS12	118
C5:GO:BP	GOBP_RIBOSOME_BIOGENESIS	POP4	119
C5:GO:BP	GOBP_RIBOSOME_BIOGENESIS	FAU	120
C5:GO:BP	GOBP_RIBOSOME_BIOGENESIS	NIP7	121
C5:GO:BP	GOBP_RIBOSOME_BIOGENESIS	NOC4L	122
C5:GO:BP	GOBP_RIBOSOME_BIOGENESIS	UTP18	123
C5:GO:BP	GOBP_RIBOSOME_BIOGENESIS	PPAN	124
C5:GO:BP	GOBP_RIBOSOME_BIOGENESIS	RPUSD2	125
C5:GO:BP	GOBP_RIBOSOME_BIOGENESIS	RPUSD3	126
C5:GO:BP	GOBP_RIBOSOME_BIOGENESIS	RPS23	127
C5:GO:BP	GOBP_RIBOSOME_BIOGENESIS	PDCD11	128
C5:GO:BP	GOBP_RIBOSOME_BIOGENESIS	WDR43	129
C5:GO:BP	GOBP_RIBOSOME_BIOGENESIS	RPL38	130
C5:GO:BP	GOBP_RIBOSOME_BIOGENESIS	DDX27	131
C5:GO:BP	GOBP_RIBOSOME_BIOGENESIS	RPS21	132
C5:GO:BP	GOBP_RIBOSOME_BIOGENESIS	NGDN	133
C5:GO:BP	GOBP_RIBOSOME_BIOGENESIS	SDAD1	134
C5:GO:BP	GOBP_RIBOSOME_BIOGENESIS	RSL24D1	135
C5:GO:BP	GOBP_RIBOSOME_BIOGENESIS	ABT1	136
C5:GO:BP	GOBP_RIBOSOME_BIOGENESIS	NOP16	137
C5:GO:BP	GOBP_RIBOSOME_BIOGENESIS	GTPBP4	138
C5:GO:BP	GOBP_RIBOSOME_BIOGENESIS	DDX10	139
C5:GO:BP	GOBP_RIBOSOME_BIOGENESIS	RIOK1	140
C5:GO:BP	GOBP_RIBOSOME_BIOGENESIS	RPUSD4	141
C5:GO:BP	GOBP_RIBOSOME_BIOGENESIS	MTG2	142
C5:GO:BP	GOBP_RIBOSOME_BIOGENESIS	NUDT16	143
C5:GO:BP	GOBP_RIBOSOME_BIOGENESIS	DDX18	144
C5:GO:BP	GOBP_RIBOSOME_BIOGENESIS	UTP14A	145
C5:GO:BP	GOBP_RIBOSOME_BIOGENESIS	UTP4	146
C5:GO:BP	GOBP_RIBOSOME_BIOGENESIS	PELP1	147
C5:GO:BP	GOBP_RIBOSOME_BIOGENESIS	RIOK2	148
C5:GO:BP	GOBP_RIBOSOME_BIOGENESIS	PDCD2	149
C5:GO:BP	GOBP_RIBOSOME_BIOGENESIS	ZNHIT3	150
C5:GO:BP	GOBP_RIBOSOME_BIOGENESIS	RPS24	151
C5:GO:BP	GOBP_RIBOSOME_BIOGENESIS	NOL7	152
C5:GO:BP	GOBP_RIBOSOME_BIOGENESIS	METTL18	153
C5:GO:BP	GOBP_RIBOSOME_BIOGENESIS	MTG1	154
C5:GO:BP	GOBP_RIBOSOME_BIOGENESIS	PWP2	155
C5:GO:BP	GOBP_RIBOSOME_BIOGENESIS	GNL3L	156
C5:GO:BP	GOBP_RIBOSOME_BIOGENESIS	SLX9	157
C5:GO:BP	GOBP_RIBOSOME_BIOGENESIS	UTP25	158
C5:GO:BP	GOBP_RIBOSOME_BIOGENESIS	DDX21	159
C5:GO:BP	GOBP_RIBOSOME_BIOGENESIS	BYSL	160
C5:GO:BP	GOBP_RIBOSOME_BIOGENESIS	EIF4A3	161
C5:GO:BP	GOBP_RIBOSOME_BIOGENESIS	SUV39H1	162
C5:GO:BP	GOBP_RIBOSOME_BIOGENESIS	MCAT	163
C5:GO:BP	GOBP_RIBOSOME_BIOGENESIS	PWP1	164
C5:GO:BP	GOBP_RIBOSOME_BIOGENESIS	RPL11	165
C5:GO:BP	GOBP_RIBOSOME_BIOGENESIS	EXOSC1	166
C5:GO:BP	GOBP_RIBOSOME_BIOGENESIS	RPL35A	167
C5:GO:BP	GOBP_RIBOSOME_BIOGENESIS	DHX37	168
C5:GO:BP	GOBP_RIBOSOME_BIOGENESIS	AK6	169
C5:GO:BP	GOBP_RIBOSOME_BIOGENESIS	KAT2B	170
C5:GO:BP	GOBP_RIBOSOME_BIOGENESIS	RPL24	171
C5:GO:BP	GOBP_RIBOSOME_BIOGENESIS	RPL26	172
C5:GO:BP	GOBP_RIBOSOME_BIOGENESIS	GRWD1	173
C5:GO:BP	GOBP_RIBOSOME_BIOGENESIS	RRP7BP	174
C5:GO:BP	GOBP_RIBOSOME_BIOGENESIS	RPS27	175
C5:GO:BP	GOBP_RIBOSOME_BIOGENESIS	RPS6	176
C5:GO:BP	GOBP_RIBOSOME_BIOGENESIS	RRP15	177
C5:GO:BP	GOBP_RIBOSOME_BIOGENESIS	TRMT2B	178
C5:GO:BP	GOBP_RIBOSOME_BIOGENESIS	DNTTIP2	179
C5:GO:BP	GOBP_RIBOSOME_BIOGENESIS	WDR3	180
C5:GO:BP	GOBP_RIBOSOME_BIOGENESIS	TSR2	181
C5:GO:BP	GOBP_RIBOSOME_BIOGENESIS	NAT10	182
C5:GO:BP	GOBP_RIBOSOME_BIOGENESIS	NOL6	183
C5:GO:BP	GOBP_RIBOSOME_BIOGENESIS	GEMIN4	184
C5:GO:BP	GOBP_RIBOSOME_BIOGENESIS	TRMT112	185
C5:GO:BP	GOBP_RIBOSOME_BIOGENESIS	EXOSC7	186
C5:GO:BP	GOBP_RIBOSOME_BIOGENESIS	NOP58	187
C5:GO:BP	GOBP_RIBOSOME_BIOGENESIS	XRN2	188
C5:GO:BP	GOBP_RIBOSOME_BIOGENESIS	WDR18	189
C5:GO:BP	GOBP_RIBOSOME_BIOGENESIS	AATF	190
C5:GO:BP	GOBP_RIBOSOME_BIOGENESIS	RPS15	191
C5:GO:BP	GOBP_RIBOSOME_BIOGENESIS	EXOSC2	192
C5:GO:BP	GOBP_RIBOSOME_BIOGENESIS	DDX28	193
C5:GO:BP	GOBP_RIBOSOME_BIOGENESIS	FRG1	194
C5:GO:BP	GOBP_RIBOSOME_BIOGENESIS	DDX49	195
C5:GO:BP	GOBP_RIBOSOME_BIOGENESIS	RPL14	196
C5:GO:BP	GOBP_RIBOSOME_BIOGENESIS	NLE1	197
C5:GO:BP	GOBP_RIBOSOME_BIOGENESIS	SENP3	198
C5:GO:BP	GOBP_RIBOSOME_BIOGENESIS	MPHOSPH10	199
C5:GO:BP	GOBP_RIBOSOME_BIOGENESIS	RRS1	200
C5:GO:BP	GOBP_RIBOSOME_BIOGENESIS	BMS1	201
C5:GO:BP	GOBP_RIBOSOME_BIOGENESIS	METTL17	202
C5:GO:BP	GOBP_DNA_REPLICATION	POLD3	1
C5:GO:BP	GOBP_DNA_REPLICATION	MCM10	2
C5:GO:BP	GOBP_DNA_REPLICATION	MCM5	3
C5:GO:BP	GOBP_DNA_REPLICATION	PCNA	4
C5:GO:BP	GOBP_DNA_REPLICATION	GMNN	5
C5:GO:BP	GOBP_DNA_REPLICATION	MCM6	6
C5:GO:BP	GOBP_DNA_REPLICATION	FEN1	7
C5:GO:BP	GOBP_DNA_REPLICATION	LIG1	8
C5:GO:BP	GOBP_DNA_REPLICATION	MCM3	9
C5:GO:BP	GOBP_DNA_REPLICATION	CHAF1A	10
C5:GO:BP	GOBP_DNA_REPLICATION	MCMBP	11
C5:GO:BP	GOBP_DNA_REPLICATION	GINS2	12
C5:GO:BP	GOBP_DNA_REPLICATION	CENPS	13
C5:GO:BP	GOBP_DNA_REPLICATION	DUT	14
C5:GO:BP	GOBP_DNA_REPLICATION	TYMS	15
C5:GO:BP	GOBP_DNA_REPLICATION	POLE	16
C5:GO:BP	GOBP_DNA_REPLICATION	MCM7	17
C5:GO:BP	GOBP_DNA_REPLICATION	GINS3	18
C5:GO:BP	GOBP_DNA_REPLICATION	WDHD1	19
C5:GO:BP	GOBP_DNA_REPLICATION	MCM2	20
C5:GO:BP	GOBP_DNA_REPLICATION	POLA2	21
C5:GO:BP	GOBP_DNA_REPLICATION	DONSON	22
C5:GO:BP	GOBP_DNA_REPLICATION	CDC25A	23
C5:GO:BP	GOBP_DNA_REPLICATION	MMS22L	24
C5:GO:BP	GOBP_DNA_REPLICATION	MCM4	25
C5:GO:BP	GOBP_DNA_REPLICATION	RAD51C	26
C5:GO:BP	GOBP_DNA_REPLICATION	USP1	27
C5:GO:BP	GOBP_DNA_REPLICATION	TIPIN	28
C5:GO:BP	GOBP_DNA_REPLICATION	RAD51	29
C5:GO:BP	GOBP_DNA_REPLICATION	RMI1	30
C5:GO:BP	GOBP_DNA_REPLICATION	ATAD5	31
C5:GO:BP	GOBP_DNA_REPLICATION	NFIC	32
C5:GO:BP	GOBP_DNA_REPLICATION	GINS1	33
C5:GO:BP	GOBP_DNA_REPLICATION	DDX11	34
C5:GO:BP	GOBP_DNA_REPLICATION	RFC2	35
C5:GO:BP	GOBP_DNA_REPLICATION	PRIM1	36
C5:GO:BP	GOBP_DNA_REPLICATION	ORC3	37
C5:GO:BP	GOBP_DNA_REPLICATION	ELOC	38
C5:GO:BP	GOBP_DNA_REPLICATION	CDC6	39
C5:GO:BP	GOBP_DNA_REPLICATION	EXO1	40
C5:GO:BP	GOBP_DNA_REPLICATION	DHX9	41
C5:GO:BP	GOBP_DNA_REPLICATION	RFC4	42
C5:GO:BP	GOBP_DNA_REPLICATION	SET	43
C5:GO:BP	GOBP_DNA_REPLICATION	MSH2	44
C5:GO:BP	GOBP_DNA_REPLICATION	ENDOG	45
C5:GO:BP	GOBP_DNA_REPLICATION	CDC45	46
C5:GO:BP	GOBP_DNA_REPLICATION	XRCC3	47
C5:GO:BP	GOBP_DNA_REPLICATION	SSBP1	48
C5:GO:BP	GOBP_DNA_REPLICATION	NAP1L1	49
C5:GO:BP	GOBP_DNA_REPLICATION	PARP1	50
C5:GO:BP	GOBP_DNA_REPLICATION	FAM111B	51
C5:GO:BP	GOBP_DNA_REPLICATION	TOPBP1	52
C5:GO:BP	GOBP_DNA_REPLICATION	DTL	53
C5:GO:BP	GOBP_DNA_REPLICATION	DNAJA3	54
C5:GO:BP	GOBP_DNA_REPLICATION	CDT1	55
C5:GO:BP	GOBP_DNA_REPLICATION	DSCC1	56
C5:GO:BP	GOBP_DNA_REPLICATION	SMC3	57
C5:GO:BP	GOBP_DNA_REPLICATION	BRCA1	58
C5:GO:BP	GOBP_DNA_REPLICATION	NASP	59
C5:GO:BP	GOBP_DNA_REPLICATION	BLM	60
C5:GO:BP	GOBP_DNA_REPLICATION	CCNE1	61
C5:GO:BP	GOBP_DNA_REPLICATION	LRR1	62
C5:GO:BP	GOBP_DNA_REPLICATION	RFC3	63
C5:GO:BP	GOBP_DNA_REPLICATION	CTBP1-DT	64
C5:GO:BP	GOBP_DNA_REPLICATION	E4F1	65
C5:GO:BP	GOBP_DNA_REPLICATION	CENPX	66
C5:GO:BP	GOBP_DNA_REPLICATION	POLE2	67
C5:GO:BP	GOBP_DNA_REPLICATION	RFC5	68
C5:GO:BP	GOBP_DNA_REPLICATION	ORC1	69
C5:GO:BP	GOBP_DNA_REPLICATION	SUPT16H	70
C5:GO:BP	GOBP_DNA_REPLICATION	PCLAF	71
C5:GO:BP	GOBP_DNA_REPLICATION	BARD1	72
C5:GO:BP	GOBP_DNA_REPLICATION	UBE2V1	73
C5:GO:BP	GOBP_DNA_REPLICATION	UBE2N	74
C5:GO:BP	GOBP_DNA_REPLICATION	CACYBP	75
C5:GO:BP	GOBP_DNA_REPLICATION	DHFR	76
C5:GO:BP	GOBP_DNA_REPLICATION	RPA1	77
C5:GO:BP	GOBP_DNA_REPLICATION	SSRP1	78
C5:GO:BP	GOBP_DNA_REPLICATION	POLE3	79
C5:GO:BP	GOBP_DNA_REPLICATION	CCNE2	80
C5:GO:BP	GOBP_DNA_REPLICATION	E2F8	81
C5:GO:BP	GOBP_DNA_REPLICATION	POLQ	82
C5:GO:BP	GOBP_DNA_REPLICATION	ELOB	83
C5:GO:BP	GOBP_DNA_REPLICATION	BRCA2	84
C5:GO:BP	GOBP_DNA_REPLICATION	RPA2	85
C5:GO:BP	GOBP_DNA_REPLICATION	POLA1	86
C5:GO:BP	GOBP_DNA_REPLICATION	CDC7	87
C5:GO:BP	GOBP_DNA_REPLICATION	E2F7	88
C5:GO:BP	GOBP_DNA_REPLICATION	CINP	89
C5:GO:BP	GOBP_DNA_REPLICATION	UCHL5	90
C5:GO:BP	GOBP_DNA_REPLICATION	MCM8	91
C5:GO:BP	GOBP_DNA_REPLICATION	KIN	92
C5:GO:BP	GOBP_DNA_REPLICATION	DNA2	93
C5:GO:BP	GOBP_DNA_REPLICATION	CDK2AP1	94
C5:GO:BP	GOBP_DNA_REPLICATION	CHAF1B	95
C5:GO:BP	GOBP_DNA_REPLICATION	ORC6	96
C5:GO:BP	GOBP_DNA_REPLICATION	ORC5	97
C5:GO:BP	GOBP_DNA_REPLICATION	RAD18	98
C5:GO:BP	GOBP_DNA_REPLICATION	CDC34	99
C5:GO:BP	GOBP_DNA_REPLICATION	POLD1	100
C5:GO:BP	GOBP_DNA_REPLICATION	FBXO5	101
C5:GO:BP	GOBP_DNA_REPLICATION	POLE4	102
C5:GO:BP	GOBP_DNA_REPLICATION	OBI1	103
C5:GO:BP	GOBP_DNA_REPLICATION	USP43	104
C5:GO:BP	GOBP_DNA_REPLICATION	RFWD3	105
C5:GO:BP	GOBP_DNA_REPLICATION	USP37	106
C5:GO:BP	GOBP_DNA_REPLICATION	LIG3	107
C5:GO:BP	GOBP_DNA_REPLICATION	TONSL	108
C5:GO:BP	GOBP_DNA_REPLICATION	ACTL6A	109
C5:GO:BP	GOBP_DNA_REPLICATION	RUVBL1	110
C5:GO:BP	GOBP_DNA_REPLICATION	POLD2	111
C5:GO:BP	GOBP_DNA_REPLICATION	RPA3	112
C5:GO:BP	GOBP_DNA_REPLICATION	ESCO2	113
C5:GO:BP	GOBP_DNA_REPLICATION	ZNF365	114
C5:GO:BP	GOBP_DNA_REPLICATION	POLDIP2	115
C5:GO:BP	GOBP_DNA_REPLICATION	PNKP	116
C5:GO:BP	GOBP_DNA_REPLICATION	NFRKB	117
C5:GO:BP	GOBP_DNA_REPLICATION	NOC3L	118
C5:GO:BP	GOBP_DNA_REPLICATION	JADE3	119
C5:GO:BP	GOBP_DNA_REPLICATION	RTEL1	120
C5:GO:BP	GOBP_DNA_REPLICATION	RRM1	121
C5:GO:BP	GOBP_DNA_REPLICATION	TERF1	122
C5:GO:BP	GOBP_DNA_REPLICATION	NFIB	123
C5:GO:BP	GOBP_DNA_REPLICATION	MGME1	124
C5:GO:BP	GOBP_DNA_REPLICATION	MEAF6	125
C5:GO:BP	GOBP_DNA_REPLICATION	GTPBP4	126
C5:GO:BP	GOBP_DNA_REPLICATION	CDK2	127
C5:GO:BP	GOBP_DNA_REPLICATION	CHEK1	128
C5:GO:BP	GOBP_DNA_REPLICATION	WDR33	129
C5:GO:BP	GOBP_DNA_REPLICATION	ZMPSTE24	130
C5:GO:BP	GOBP_DNA_REPLICATION	PRIM2	131
C5:GO:BP	GOBP_DNA_REPLICATION	TTF1	132
C5:GO:BP	GOBP_DNA_REPLICATION	TICRR	133
C5:GO:BP	GOBP_DNA_REPLICATION	TIMELESS	134
C5:GO:BP	GOBP_DNA_REPLICATION	NFIX	135
C5:GO:BP	GOBP_DNA_REPLICATION	RBBP7	136
C5:GO:BP	GOBP_DNA_REPLICATION	RBBP8	137
C5:GO:BP	GOBP_DNA_REPLICATION	RFC1	138
C5:GO:BP	GOBP_DNA_REPLICATION	ACTR5	139
C5:GO:BP	GOBP_DNA_REPLICATION	RBX1	140
C5:GO:BP	GOBP_DNA_REPLICATION	SAMHD1	141
C5:GO:BP	GOBP_DNA_REPLICATION	FANCM	142
C5:GO:BP	GOBP_DNA_REPLICATION	INO80E	143
C5:GO:BP	GOBP_DNA_REPLICATION	RAD50	144
C5:GO:BP	GOBP_DNA_REPLICATION	RBBP4	145
C5:GO:BP	GOBP_DNA_REPLICATION	GRWD1	146
C5:GO:BP	GOBP_DNA_REPLICATION	CARM1	147
C5:GO:BP	GOBP_DNA_REPLICATION	NBN	148
C5:GO:BP	GOBP_DNA_REPLICATION	UPF1	149
C5:GO:BP	GOBP_DNA_REPLICATION	RMI2	150
C5:GO:BP	GOBP_DNA_REPLICATION	TFPT	151
C5:GO:BP	GOBP_DNA_REPLICATION	POLH	152
C5:GO:BP	GOBP_DNA_REPLICATION	WDR18	153
C5:GO:BP	GOBP_DNA_REPLICATION	HLTF	154
C5:GO:BP	GOBP_DNA_REPLICATION	UBE2V2	155
C5:GO:BP	GOBP_DNA_REPLICATION	SHMT1	156
C5:GO:BP	GOBP_DNA_REPLICATION	JADE1	157
C5:GO:BP	GOBP_DNA_REPLICATION	USP10	158
C5:GO:BP	GOBP_DNA_REPLICATION	RECQL	159
C5:GO:BP	GOBP_DNA_REPLICATION	TERF2	160
C5:GO:BP	GOBP_DNA_REPLICATION	FAM111A	161
C5:GO:BP	GOBP_DNA_REPLICATION	ZPR1	162
C5:GO:BP	GOBP_DNA_REPLICATION	DBF4	163
C5:GO:BP	GOBP_DNA_REPLICATION	ANKRD17	164
C5:GO:BP	GOBP_DNA_REPLICATION	ATR	165
C5:GO:BP	GOBP_DNA_REPLICATION	MRE11	166
C5:GO:BP	GOBP_DNA_REPLICATION	ASCC2	167
C5:GO:BP	GOBP_DNA_REPLICATION	ING5	168
C5:GO:BP	GOBP_DNA_REPLICATION	PURA	169
C5:GO:BP	GOBP_DNA_REPLICATION	DBF4B	170
C5:GO:BP	GOBP_DNA_REPLICATION	NT5M	171
C5:GO:BP	GOBP_DNA_REPLICATION	POLI	172
C5:GO:BP	GOBP_DNA_REPLICATION	YY1	173
C5:GO:BP	GOBP_DNA_REPLICATION	RNASEH2A	174
C5:GO:BP	GOBP_DNA_REPLICATION	CDK1	175
C5:GO:BP	GOBP_DNA_REPLICATION	PHIP	176
C5:GO:BP	GOBP_RRNA_METABOLIC_PROCESS	DIMT1	1
C5:GO:BP	GOBP_RRNA_METABOLIC_PROCESS	MRTO4	2
C5:GO:BP	GOBP_RRNA_METABOLIC_PROCESS	NOP56	3
C5:GO:BP	GOBP_RRNA_METABOLIC_PROCESS	COPRS	4
C5:GO:BP	GOBP_RRNA_METABOLIC_PROCESS	DDX11	5
C5:GO:BP	GOBP_RRNA_METABOLIC_PROCESS	RRP7A	6
C5:GO:BP	GOBP_RRNA_METABOLIC_PROCESS	GTF3C6	7
C5:GO:BP	GOBP_RRNA_METABOLIC_PROCESS	RRP36	8
C5:GO:BP	GOBP_RRNA_METABOLIC_PROCESS	POLR1H	9
C5:GO:BP	GOBP_RRNA_METABOLIC_PROCESS	GAR1	10
C5:GO:BP	GOBP_RRNA_METABOLIC_PROCESS	NHP2	11
C5:GO:BP	GOBP_RRNA_METABOLIC_PROCESS	POLR1A	12
C5:GO:BP	GOBP_RRNA_METABOLIC_PROCESS	EXOSC4	13
C5:GO:BP	GOBP_RRNA_METABOLIC_PROCESS	EXOSC3	14
C5:GO:BP	GOBP_RRNA_METABOLIC_PROCESS	PA2G4	15
C5:GO:BP	GOBP_RRNA_METABOLIC_PROCESS	MYG1	16
C5:GO:BP	GOBP_RRNA_METABOLIC_PROCESS	POLR2F	17
C5:GO:BP	GOBP_RRNA_METABOLIC_PROCESS	ESF1	18
C5:GO:BP	GOBP_RRNA_METABOLIC_PROCESS	EXOSC9	19
C5:GO:BP	GOBP_RRNA_METABOLIC_PROCESS	EIF6	20
C5:GO:BP	GOBP_RRNA_METABOLIC_PROCESS	RPUSD1	21
C5:GO:BP	GOBP_RRNA_METABOLIC_PROCESS	RPL5	22
C5:GO:BP	GOBP_RRNA_METABOLIC_PROCESS	GTF2H5	23
C5:GO:BP	GOBP_RRNA_METABOLIC_PROCESS	PRKDC	24
C5:GO:BP	GOBP_RRNA_METABOLIC_PROCESS	IMP4	25
C5:GO:BP	GOBP_RRNA_METABOLIC_PROCESS	LSM6	26
C5:GO:BP	GOBP_RRNA_METABOLIC_PROCESS	NOL11	27
C5:GO:BP	GOBP_RRNA_METABOLIC_PROCESS	TRIR	28
C5:GO:BP	GOBP_RRNA_METABOLIC_PROCESS	MPHOSPH6	29
C5:GO:BP	GOBP_RRNA_METABOLIC_PROCESS	MARS1	30
C5:GO:BP	GOBP_RRNA_METABOLIC_PROCESS	POP5	31
C5:GO:BP	GOBP_RRNA_METABOLIC_PROCESS	DKC1	32
C5:GO:BP	GOBP_RRNA_METABOLIC_PROCESS	WDR77	33
C5:GO:BP	GOBP_RRNA_METABOLIC_PROCESS	EXOSC5	34
C5:GO:BP	GOBP_RRNA_METABOLIC_PROCESS	NOP10	35
C5:GO:BP	GOBP_RRNA_METABOLIC_PROCESS	BOP1	36
C5:GO:BP	GOBP_RRNA_METABOLIC_PROCESS	LYAR	37
C5:GO:BP	GOBP_RRNA_METABOLIC_PROCESS	SNU13	38
C5:GO:BP	GOBP_RRNA_METABOLIC_PROCESS	FBL	39
C5:GO:BP	GOBP_RRNA_METABOLIC_PROCESS	EXOSC6	40
C5:GO:BP	GOBP_RRNA_METABOLIC_PROCESS	DROSHA	41
C5:GO:BP	GOBP_RRNA_METABOLIC_PROCESS	EMG1	42
C5:GO:BP	GOBP_RRNA_METABOLIC_PROCESS	RPL7L1	43
C5:GO:BP	GOBP_RRNA_METABOLIC_PROCESS	BRIX1	44
C5:GO:BP	GOBP_RRNA_METABOLIC_PROCESS	RPL7	45
C5:GO:BP	GOBP_RRNA_METABOLIC_PROCESS	NSUN5	46
C5:GO:BP	GOBP_RRNA_METABOLIC_PROCESS	POP7	47
C5:GO:BP	GOBP_RRNA_METABOLIC_PROCESS	MRM2	48
C5:GO:BP	GOBP_RRNA_METABOLIC_PROCESS	ERI1	49
C5:GO:BP	GOBP_RRNA_METABOLIC_PROCESS	RPL27	50
C5:GO:BP	GOBP_RRNA_METABOLIC_PROCESS	NOLC1	51
C5:GO:BP	GOBP_RRNA_METABOLIC_PROCESS	EBNA1BP2	52
C5:GO:BP	GOBP_RRNA_METABOLIC_PROCESS	UTP20	53
C5:GO:BP	GOBP_RRNA_METABOLIC_PROCESS	NOL8	54
C5:GO:BP	GOBP_RRNA_METABOLIC_PROCESS	METTL5	55
C5:GO:BP	GOBP_RRNA_METABOLIC_PROCESS	RPL35	56
C5:GO:BP	GOBP_RRNA_METABOLIC_PROCESS	BUD23	57
C5:GO:BP	GOBP_RRNA_METABOLIC_PROCESS	RBFA	58
C5:GO:BP	GOBP_RRNA_METABOLIC_PROCESS	DCAF13	59
C5:GO:BP	GOBP_RRNA_METABOLIC_PROCESS	GTF3C5	60
C5:GO:BP	GOBP_RRNA_METABOLIC_PROCESS	LAS1L	61
C5:GO:BP	GOBP_RRNA_METABOLIC_PROCESS	POLR1G	62
C5:GO:BP	GOBP_RRNA_METABOLIC_PROCESS	KRR1	63
C5:GO:BP	GOBP_RRNA_METABOLIC_PROCESS	DDX55	64
C5:GO:BP	GOBP_RRNA_METABOLIC_PROCESS	NIFK	65
C5:GO:BP	GOBP_RRNA_METABOLIC_PROCESS	RPF1	66
C5:GO:BP	GOBP_RRNA_METABOLIC_PROCESS	RPS19	67
C5:GO:BP	GOBP_RRNA_METABOLIC_PROCESS	RPS16	68
C5:GO:BP	GOBP_RRNA_METABOLIC_PROCESS	RRP9	69
C5:GO:BP	GOBP_RRNA_METABOLIC_PROCESS	REXO4	70
C5:GO:BP	GOBP_RRNA_METABOLIC_PROCESS	TENT4B	71
C5:GO:BP	GOBP_RRNA_METABOLIC_PROCESS	UTP11	72
C5:GO:BP	GOBP_RRNA_METABOLIC_PROCESS	RPS17	73
C5:GO:BP	GOBP_RRNA_METABOLIC_PROCESS	TFB1M	74
C5:GO:BP	GOBP_RRNA_METABOLIC_PROCESS	TSR3	75
C5:GO:BP	GOBP_RRNA_METABOLIC_PROCESS	PAK1IP1	76
C5:GO:BP	GOBP_RRNA_METABOLIC_PROCESS	RPL7A	77
C5:GO:BP	GOBP_RRNA_METABOLIC_PROCESS	RRP1B	78
C5:GO:BP	GOBP_RRNA_METABOLIC_PROCESS	MDN1	79
C5:GO:BP	GOBP_RRNA_METABOLIC_PROCESS	TCOF1	80
C5:GO:BP	GOBP_RRNA_METABOLIC_PROCESS	GTF3A	81
C5:GO:BP	GOBP_RRNA_METABOLIC_PROCESS	DDX56	82
C5:GO:BP	GOBP_RRNA_METABOLIC_PROCESS	NVL	83
C5:GO:BP	GOBP_RRNA_METABOLIC_PROCESS	HEATR1	84
C5:GO:BP	GOBP_RRNA_METABOLIC_PROCESS	WDR12	85
C5:GO:BP	GOBP_RRNA_METABOLIC_PROCESS	WDR75	86
C5:GO:BP	GOBP_RRNA_METABOLIC_PROCESS	NPM3	87
C5:GO:BP	GOBP_RRNA_METABOLIC_PROCESS	RPS7	88
C5:GO:BP	GOBP_RRNA_METABOLIC_PROCESS	RPP40	89
C5:GO:BP	GOBP_RRNA_METABOLIC_PROCESS	POLR2E	90
C5:GO:BP	GOBP_RRNA_METABOLIC_PROCESS	RPS25	91
C5:GO:BP	GOBP_RRNA_METABOLIC_PROCESS	POP4	92
C5:GO:BP	GOBP_RRNA_METABOLIC_PROCESS	NOC4L	93
C5:GO:BP	GOBP_RRNA_METABOLIC_PROCESS	UTP18	94
C5:GO:BP	GOBP_RRNA_METABOLIC_PROCESS	PPAN	95
C5:GO:BP	GOBP_RRNA_METABOLIC_PROCESS	POLR2L	96
C5:GO:BP	GOBP_RRNA_METABOLIC_PROCESS	RPUSD2	97
C5:GO:BP	GOBP_RRNA_METABOLIC_PROCESS	RPUSD3	98
C5:GO:BP	GOBP_RRNA_METABOLIC_PROCESS	PDCD11	99
C5:GO:BP	GOBP_RRNA_METABOLIC_PROCESS	WDR43	100
C5:GO:BP	GOBP_RRNA_METABOLIC_PROCESS	DDX27	101
C5:GO:BP	GOBP_RRNA_METABOLIC_PROCESS	RPS21	102
C5:GO:BP	GOBP_RRNA_METABOLIC_PROCESS	NGDN	103
C5:GO:BP	GOBP_RRNA_METABOLIC_PROCESS	ABT1	104
C5:GO:BP	GOBP_RRNA_METABOLIC_PROCESS	GTPBP4	105
C5:GO:BP	GOBP_RRNA_METABOLIC_PROCESS	DDX10	106
C5:GO:BP	GOBP_RRNA_METABOLIC_PROCESS	RIOK1	107
C5:GO:BP	GOBP_RRNA_METABOLIC_PROCESS	RPUSD4	108
C5:GO:BP	GOBP_RRNA_METABOLIC_PROCESS	POLR2K	109
C5:GO:BP	GOBP_RRNA_METABOLIC_PROCESS	NUDT16	110
C5:GO:BP	GOBP_RRNA_METABOLIC_PROCESS	DDX18	111
C5:GO:BP	GOBP_RRNA_METABOLIC_PROCESS	UTP14A	112
C5:GO:BP	GOBP_RRNA_METABOLIC_PROCESS	POLR1E	113
C5:GO:BP	GOBP_RRNA_METABOLIC_PROCESS	NCL	114
C5:GO:BP	GOBP_RRNA_METABOLIC_PROCESS	UTP4	115
C5:GO:BP	GOBP_RRNA_METABOLIC_PROCESS	PELP1	116
C5:GO:BP	GOBP_RRNA_METABOLIC_PROCESS	RIOK2	117
C5:GO:BP	GOBP_RRNA_METABOLIC_PROCESS	ZNHIT3	118
C5:GO:BP	GOBP_RRNA_METABOLIC_PROCESS	RPS24	119
C5:GO:BP	GOBP_RRNA_METABOLIC_PROCESS	NOL7	120
C5:GO:BP	GOBP_RRNA_METABOLIC_PROCESS	METTL18	121
C5:GO:BP	GOBP_RRNA_METABOLIC_PROCESS	PWP2	122
C5:GO:BP	GOBP_RRNA_METABOLIC_PROCESS	SLX9	123
C5:GO:BP	GOBP_RRNA_METABOLIC_PROCESS	UTP25	124
C5:GO:BP	GOBP_RRNA_METABOLIC_PROCESS	DDX21	125
C5:GO:BP	GOBP_RRNA_METABOLIC_PROCESS	BYSL	126
C5:GO:BP	GOBP_RRNA_METABOLIC_PROCESS	EIF4A3	127
C5:GO:BP	GOBP_RRNA_METABOLIC_PROCESS	SUV39H1	128
C5:GO:BP	GOBP_RRNA_METABOLIC_PROCESS	PWP1	129
C5:GO:BP	GOBP_RRNA_METABOLIC_PROCESS	RPL11	130
C5:GO:BP	GOBP_RRNA_METABOLIC_PROCESS	EXOSC1	131
C5:GO:BP	GOBP_RRNA_METABOLIC_PROCESS	RPL35A	132
C5:GO:BP	GOBP_RRNA_METABOLIC_PROCESS	DHX37	133
C5:GO:BP	GOBP_RRNA_METABOLIC_PROCESS	AK6	134
C5:GO:BP	GOBP_RRNA_METABOLIC_PROCESS	KAT2B	135
C5:GO:BP	GOBP_RRNA_METABOLIC_PROCESS	POLR2H	136
C5:GO:BP	GOBP_RRNA_METABOLIC_PROCESS	RPL26	137
C5:GO:BP	GOBP_RRNA_METABOLIC_PROCESS	RRP7BP	138
C5:GO:BP	GOBP_RRNA_METABOLIC_PROCESS	RPS27	139
C5:GO:BP	GOBP_RRNA_METABOLIC_PROCESS	RPS6	140
C5:GO:BP	GOBP_RRNA_METABOLIC_PROCESS	RRP15	141
C5:GO:BP	GOBP_RRNA_METABOLIC_PROCESS	TRMT2B	142
C5:GO:BP	GOBP_RRNA_METABOLIC_PROCESS	DNTTIP2	143
C5:GO:BP	GOBP_RRNA_METABOLIC_PROCESS	WDR3	144
C5:GO:BP	GOBP_RRNA_METABOLIC_PROCESS	TSR2	145
C5:GO:BP	GOBP_RRNA_METABOLIC_PROCESS	NAT10	146
C5:GO:BP	GOBP_RRNA_METABOLIC_PROCESS	NOL6	147
C5:GO:BP	GOBP_RRNA_METABOLIC_PROCESS	GEMIN4	148
C5:GO:BP	GOBP_RRNA_METABOLIC_PROCESS	TRMT112	149
C5:GO:BP	GOBP_RRNA_METABOLIC_PROCESS	EXOSC7	150
C5:GO:BP	GOBP_RRNA_METABOLIC_PROCESS	NOP58	151
C5:GO:BP	GOBP_RRNA_METABOLIC_PROCESS	XRN2	152
C5:GO:BP	GOBP_RRNA_METABOLIC_PROCESS	WDR18	153
C5:GO:BP	GOBP_RRNA_METABOLIC_PROCESS	SMARCA4	154
C5:GO:BP	GOBP_RRNA_METABOLIC_PROCESS	AATF	155
C5:GO:BP	GOBP_RRNA_METABOLIC_PROCESS	RPS15	156
C5:GO:BP	GOBP_RRNA_METABOLIC_PROCESS	EXOSC2	157
C5:GO:BP	GOBP_RRNA_METABOLIC_PROCESS	FRG1	158
C5:GO:BP	GOBP_RRNA_METABOLIC_PROCESS	DDX49	159
C5:GO:BP	GOBP_RRNA_METABOLIC_PROCESS	RPL14	160
C5:GO:BP	GOBP_RRNA_METABOLIC_PROCESS	SENP3	161
C5:GO:BP	GOBP_RRNA_METABOLIC_PROCESS	MPHOSPH10	162
C5:GO:BP	GOBP_RRNA_METABOLIC_PROCESS	RRS1	163
C5:GO:BP	GOBP_RRNA_METABOLIC_PROCESS	BMS1	164
C5:GO:BP	GOBP_RRNA_METABOLIC_PROCESS	POLR1F	165
C5:GO:BP	GOBP_RRNA_METABOLIC_PROCESS	RPS8	166
C5:GO:BP	GOBP_RRNA_METABOLIC_PROCESS	MTOR	167
C5:GO:BP	GOBP_RRNA_METABOLIC_PROCESS	MACROH2A1	168
C5:GO:BP	GOBP_RRNA_METABOLIC_PROCESS	SBDS	169
C5:GO:BP	GOBP_RRNA_METABOLIC_PROCESS	EXOSC10	170
C5:GO:BP	GOBP_RRNA_METABOLIC_PROCESS	PELO	171
C5:GO:BP	GOBP_RRNA_METABOLIC_PROCESS	PES1	172
C5:GO:BP	GOBP_RRNA_METABOLIC_PROCESS	NAF1	173
C5:GO:BP	GOBP_RRNA_METABOLIC_PROCESS	SLFN12	174
C5:GO:BP	GOBP_RRNA_METABOLIC_PROCESS	RPS14	175
C5:GO:BP	GOBP_RRNA_METABOLIC_PROCESS	WDR36	176
C5:GO:BP	GOBP_RRNA_METABOLIC_PROCESS	IPPK	177
C5:GO:BP	GOBP_RRNA_METABOLIC_PROCESS	ERCC2	178
C5:GO:BP	GOBP_RRNA_METABOLIC_PROCESS	GTF3C3	179
C5:GO:BP	GOBP_RRNA_METABOLIC_PROCESS	RPP30	180
C5:GO:BP	GOBP_RRNA_METABOLIC_PROCESS	NSA2	181
C5:GO:BP	GOBP_RRNA_METABOLIC_PROCESS	RPS28	182
C5:GO:BP	GOBP_RRNA_METABOLIC_PROCESS	GTF3C4	183
C5:GO:BP	GOBP_RRNA_METABOLIC_PROCESS	NOB1	184
C5:GO:BP	GOBP_RRNA_METABOLIC_PROCESS	DIS3L	185
