"tgi_measure","iteration","n","pearson_r","pearson_p","spearman_rho","spearman_p"
"TGI_percent_Day_24_control_median",1,8,1,0,1,2.73691106313438e-47
"TGI_percent_Day_24_control_median",2,8,0.857611799297271,0.00646831539758476,0.620253164556962,0.100875222859378
"TGI_percent_Day_24_control_median",3,8,0.858140887041319,0.00639914891654077,0.62962962962963,0.0943451651056068
"TGI_percent_Day_24_control_median",4,8,0.675855392746883,0.0657870399291729,0.51219512195122,0.194378892157874
"TGI_percent_Day_24_control_median",5,8,0.647748411994424,0.0824354641810045,-0.0632911392405063,0.881645645130732
"TGI_percent_Day_24_control_median",6,8,0.911828298246216,0.00160234725881325,0.917808219178082,0.00130395207243573
"TGI_percent_Day_24_control_median",7,8,0.771040326193255,0.0250898395724307,0.658536585365854,0.0757845840293002
"TGI_percent_Day_24_control_median",8,8,0.920180145304631,0.00119647693407743,0.89873417721519,0.00240296148046003
"TGI_percent_Day_24_control_median",9,8,0.442132076431074,0.272702103726247,0.291139240506329,0.484176479990479
"TGI_percent_Day_24_control_median",10,8,0.880934256488393,0.00385202468274502,0.902439024390244,0.00215494723497795
"TGI_percent_Day_24_control_median",11,8,0.930001448115233,0.000813061955337317,0.851851851851852,0.00725239908517074
"TGI_percent_Day_24_control_median",12,8,0.926862382416584,0.000925188507832657,0.974683544303797,3.97984255471566e-05
"TGI_percent_Day_24_control_median",13,8,0.835818015847034,0.00974645103778093,0.634146341463415,0.0912890821441658
"TGI_percent_Day_24_control_median",14,8,0.766370551631795,0.0265552063411851,0.662650602409638,0.07333419331769
"TGI_percent_Day_24_control_median",15,8,0.856445290310028,0.00662249498412924,0.62962962962963,0.0943451651056068
"TGI_percent_Day_24_control_median",16,8,0.886069103495024,0.00338841413301579,0.555555555555556,0.152822232383275
"TGI_percent_Day_24_control_median",17,8,0.982597311579821,1.30047885786709e-05,0.917808219178082,0.00130395207243573
"TGI_percent_Day_24_control_median",18,8,0.75162750861586,0.0315236564923499,0.536585365853659,0.170340970786708
"TGI_percent_Day_24_control_median",19,8,0.997616519983257,3.37907538639075e-08,1,3.42113882891805e-48
"TGI_percent_Day_24_control_median",20,8,0.702282057352312,0.0521177840604364,0.634146341463415,0.0912890821441658
"TGI_percent_Day_24_control_median",21,8,0.462992995263683,0.247970390174615,0.0886075949367088,0.834728317893272
"TGI_percent_Day_24_control_median",22,8,-0.057120489979129,0.893131815634867,-0.432432432432432,0.284598569995075
"TGI_percent_Day_24_control_median",23,8,0.892369521631904,0.00287086270966768,0.842105263157895,0.0087124949365918
"TGI_percent_Day_24_control_median",24,8,0.47968440398987,0.22903546888371,0.297297297297297,0.47454266274421
"TGI_percent_Day_24_control_median",25,8,0.802202468063144,0.016590026873697,0.829268292682927,0.0109030266752834
"TGI_percent_Day_24_control_median",26,8,0.901946448701163,0.00218691602735839,0.9,0.00231624999999999
"TGI_percent_Day_24_control_median",27,8,0.857897308137632,0.0064309323806447,0.615384615384616,0.104365016307875
"TGI_percent_Day_24_control_median",28,8,0.865880305993055,0.00544097108671437,0.925925925925926,0.000960491276443564
"TGI_percent_Day_24_control_median",29,8,0.895512701999172,0.002633056919969,0.951219512195122,0.000279674283468003
"TGI_percent_Day_24_control_median",30,8,0.706824350266769,0.0499577580456925,0.469879518072289,0.240065454942807
"TGI_percent_Day_24_control_median",31,8,0.640109302561798,0.087343261346757,0.45679012345679,0.255201343606103
"TGI_percent_Day_24_control_median",32,8,0.923173685118617,0.00106931094913356,0.731707317073171,0.0390863390212493
"TGI_percent_Day_24_control_median",33,8,0.78391451382348,0.0213129017232047,0.710843373493976,0.0480922136045094
"TGI_percent_Day_24_control_median",34,8,0.529411021252395,0.17723547177865,0.225,0.592147037353516
"TGI_percent_Day_24_control_median",35,8,0.923776822585611,0.00104480923459898,0.848101265822785,0.00779410868380385
"TGI_percent_Day_24_control_median",36,8,0.898299342699554,0.00243322666494764,0.746835443037975,0.033252559177418
"TGI_percent_Day_24_control_median",37,8,0.819952250859317,0.0126921695753284,0.853658536585366,0.00700028132287885
"TGI_percent_Day_24_control_median",38,8,0.73046216136858,0.0395922717799008,0.566265060240964,0.143389618739712
"TGI_percent_Day_24_control_median",39,8,0.694188448080147,0.056103300171016,0.634146341463415,0.0912890821441658
"TGI_percent_Day_24_control_median",40,8,0.723792483745809,0.0423699595448775,0.658536585365854,0.0757845840293002
"TGI_percent_Day_24_control_median",41,8,0.905771425685345,0.00194661073935013,0.641025641025641,0.0867458407693925
"TGI_percent_Day_24_control_median",42,8,0.439862915703992,0.275462810304439,-0.0632911392405063,0.881645645130732
"TGI_percent_Day_24_control_median",43,8,0.881392561017214,0.00380908001549322,0.804878048780488,0.0159601987985088
"TGI_percent_Day_24_control_median",44,8,0.738351145924626,0.0364534132480056,0.675,0.0662613269042968
"TGI_percent_Day_24_control_median",45,8,-0.0817908291788875,0.847324771857122,-0.538461538461539,0.16856229446825
"TGI_percent_Day_24_control_median",46,8,0.902337131537692,0.00216153516510372,0.822784810126582,0.0121299609627337
"TGI_percent_Day_24_control_median",47,8,0.784030808769479,0.0212805158255309,0.710843373493976,0.0480922136045094
"TGI_percent_Day_24_control_median",48,8,0.818774873995201,0.0129306031534542,0.731707317073171,0.0390863390212493
"TGI_percent_Day_24_control_median",49,8,0.669764669096483,0.0692081463630491,0.414634146341463,0.307070866237017
"TGI_percent_Day_24_control_median",50,8,0.613563248288421,0.105688042412343,0.44578313253012,0.268289002774831
"TGI_percent_Day_24_control_median",51,8,0.991763660765023,1.38821286586006e-06,1,0
"TGI_percent_Day_24_control_median",52,8,0.57429408888832,0.136534894511334,0.215189873417721,0.608801860963225
"TGI_percent_Day_24_control_median",53,8,0.837220858185858,0.00950934905737385,0.69620253164557,0.0550950655487157
"TGI_percent_Day_24_control_median",54,8,0.761983585645246,0.0279789375435729,0.7,0.05322375
"TGI_percent_Day_24_control_median",55,8,0.911553390222317,0.00161703773119281,0.726027397260274,0.0414264515948147
"TGI_percent_Day_24_control_median",56,8,0.155073351469842,0.713865292134692,0.215189873417721,0.608801860963225
"TGI_percent_Day_24_control_median",57,8,0.837961161227563,0.00938571755541624,0.589041095890411,0.124429494317035
"TGI_percent_Day_24_control_median",58,8,0.287860743795542,0.489336438295391,-0.0975609756097561,0.818230605541778
"TGI_percent_Day_24_control_median",59,8,0.713759182305883,0.0467654368087819,0.468354430379747,0.241804882823014
"TGI_percent_Day_24_control_median",60,8,0.727063922284537,0.0409932330442783,0.682926829268293,0.0619431712593441
"TGI_percent_Day_24_control_median",61,8,0.443391204583165,0.271176146651579,0.367088607594937,0.371042516598345
"TGI_percent_Day_24_control_median",62,8,0.784925980514845,0.021032252719366,0.69620253164557,0.0550950655487157
"TGI_percent_Day_24_control_median",63,8,0.7567424079927,0.0297404023778429,0.772151898734177,0.0247485870017686
"TGI_percent_Day_24_control_median",64,8,0.926865188457847,0.000925084020820605,0.643835616438356,0.0849286568753826
"TGI_percent_Day_24_control_median",65,8,0.754903408875818,0.030374206410838,0.753086419753086,0.0310085131644479
"TGI_percent_Day_24_control_median",66,8,0.824533318784148,0.0117909100993493,0.851851851851852,0.00725239908517074
"TGI_percent_Day_24_control_median",67,8,0.815012148022975,0.0137114746284828,0.69620253164557,0.0550950655487157
"TGI_percent_Day_24_control_median",68,8,0.778708963476743,0.0227940872909429,0.658536585365854,0.0757845840293002
"TGI_percent_Day_24_control_median",69,8,0.75162750861586,0.0315236564923499,0.536585365853659,0.170340970786708
"TGI_percent_Day_24_control_median",70,8,0.594208007659269,0.12033657621693,0.373493975903614,0.362100237410523
"TGI_percent_Day_24_control_median",71,8,0.911844195462901,0.00160150041388847,0.925925925925926,0.000960491276443564
"TGI_percent_Day_24_control_median",72,8,0.752604519585072,0.0311780963638252,0.384615384615385,0.346809662449871
"TGI_percent_Day_24_control_median",73,8,0.277938810095315,0.505081210051771,-0.230769230769231,0.58242412326653
"TGI_percent_Day_24_control_median",74,8,0.732004152376798,0.0389663124797265,0.923076923076923,0.00107327636125646
"TGI_percent_Day_24_control_median",75,8,0.901946448701163,0.00218691602735839,0.9,0.00231624999999999
"TGI_percent_Day_24_control_median",76,8,0.714126918424022,0.0465996937451414,0.555555555555556,0.152822232383275
"TGI_percent_Day_24_control_median",77,8,0.736226179199899,0.0372833710221008,0.390243902439024,0.339186635335989
"TGI_percent_Day_24_control_median",78,8,0.819060080567039,0.0128725882038041,0.875,0.00443649291992186
"TGI_percent_Day_24_control_median",79,8,0.668633510035203,0.0698548044689493,0.62962962962963,0.0943451651056068
"TGI_percent_Day_24_control_median",80,8,0.871253758759611,0.0048332217832097,0.424657534246575,0.294313618526343
"TGI_percent_Day_24_control_median",81,8,0.868501708865011,0.00513871318620637,0.822784810126582,0.0121299609627337
"TGI_percent_Day_24_control_median",82,8,0.829540352746276,0.0108533421010956,0.725,0.041858585205078
"TGI_percent_Day_24_control_median",83,8,0.88613197064492,0.00338297414325379,0.62962962962963,0.0943451651056068
"TGI_percent_Day_24_control_median",84,8,0.786239874139398,0.0206711415032493,0.846153846153846,0.00808525881177396
"TGI_percent_Day_24_control_median",85,8,0.657607931460433,0.0763442524485501,0.493670886075949,0.213762737730047
"TGI_percent_Day_24_control_median",86,8,0.869145658240414,0.00506615253843223,0.710843373493976,0.0480922136045094
"TGI_percent_Day_24_control_median",87,8,0.677618062832698,0.0648160492149648,0.469879518072289,0.240065454942807
"TGI_percent_Day_24_control_median",88,8,0.920808767509913,0.00116899711810787,0.725,0.041858585205078
"TGI_percent_Day_24_control_median",89,8,0.774841767803494,0.0239347369712716,0.731707317073171,0.0390863390212493
"TGI_percent_Day_24_control_median",90,8,0.677640734151387,0.0648036160708071,0.463414634146342,0.247482670349255
"TGI_percent_Day_24_control_median",91,8,0.943501953446383,0.000431969947702145,0.924050632911392,0.00103380815542862
"TGI_percent_Day_24_control_median",92,8,0.78391451382348,0.0213129017232047,0.710843373493976,0.0480922136045094
"TGI_percent_Day_24_control_median",93,8,0.751249326496867,0.0316580443573786,0.686746987951807,0.0599235467192919
"TGI_percent_Day_24_control_median",94,8,-0.641411603181248,0.0864949188149702,-0.28,0.5017946112
"TGI_percent_Day_24_control_median",95,8,0.758343265564756,0.0291953520806984,0.542168674698795,0.165077483817168
"TGI_percent_Day_24_control_median",96,8,0.747073922376486,0.0331651791990394,0.686746987951807,0.0599235467192919
"TGI_percent_Day_24_control_median",97,8,0.923173685118617,0.00106931094913356,0.731707317073171,0.0390863390212493
"TGI_percent_Day_24_control_median",98,8,0.728698889790336,0.0403155053815866,0.5,0.20703125
"TGI_percent_Day_24_control_median",99,8,0.648315985975488,0.082077399880733,0.24390243902439,0.560495956966516
"TGI_percent_Day_24_control_median",100,8,0.99558881387208,2.13879042989691e-07,1,2.73691106313438e-47
"TGI_percent_Day_24_control_median",101,8,0.680799508052116,0.0630851131835692,0.585365853658537,0.127387674311883
"TGI_percent_Day_24_control_median",102,8,0.631313614466505,0.0931989618497523,0.45679012345679,0.255201343606103
"TGI_percent_Day_24_control_median",103,8,0.872717016284834,0.00467566050476097,0.777777777777778,0.023065589595082
"TGI_percent_Day_24_control_median",104,8,0.89861220666738,0.00241142606113802,0.728395061728395,0.0404409294591197
"TGI_percent_Day_24_control_median",105,8,0.758697187235745,0.0290756877488747,0.536585365853659,0.170340970786708
"TGI_percent_Day_24_control_median",106,8,0.608085746624434,0.109724235096473,0.113924050632911,0.788233439851227
"TGI_percent_Day_24_control_median",107,8,0.694219139226709,0.056087854390056,0.518072289156627,0.188431668335035
"TGI_percent_Day_24_control_median",108,8,0.603821445072368,0.112926153320687,0.555555555555556,0.152822232383275
"TGI_percent_Day_24_control_median",109,8,0.756662226125005,0.02976786548909,0.654320987654321,0.07834458818895
"TGI_percent_Day_24_control_median",110,8,0.881392561017214,0.00380908001549323,0.804878048780488,0.0159601987985088
"TGI_percent_Day_24_control_median",111,8,0.277732375507247,0.50541082420809,0.232876712328767,0.578885910188631
"TGI_percent_Day_24_control_median",112,8,0.77121472498872,0.0250361077515099,0.846153846153846,0.00808525881177396
"TGI_percent_Day_24_control_median",113,8,0.770489887589868,0.0252598962229934,0.848101265822785,0.00779410868380385
"TGI_percent_Day_24_control_median",114,8,0.769424742332454,0.025590991463198,0.560975609756098,0.148007079914522
"TGI_percent_Day_24_control_median",115,8,0.667560640967765,0.0704714177696197,0.726027397260274,0.0414264515948147
"TGI_percent_Day_24_control_median",116,8,0.439862915703992,0.275462810304439,-0.0632911392405063,0.881645645130732
"TGI_percent_Day_24_control_median",117,8,0.850257623655821,0.00747961905949668,0.5,0.20703125
"TGI_percent_Day_24_control_median",118,8,0.739472142573366,0.036020165907419,-0.105263157894737,0.804084671089484
"TGI_percent_Day_24_control_median",119,8,0.544149163461138,0.163231936448999,0.102564102564103,0.809036692029818
"TGI_percent_Day_24_control_median",120,8,0.776316069915616,0.0234958064128011,0.560975609756098,0.148007079914522
"TGI_percent_Day_24_control_median",121,8,0.583564373978923,0.12885191003369,0.135802469135802,0.74848368865351
"TGI_percent_Day_24_control_median",122,8,0.730920386383191,0.0394056251438111,0.625,0.0975379943847654
"TGI_percent_Day_24_control_median",123,8,0.973970744945726,4.32322778042552e-05,0.924050632911392,0.00103380815542862
"TGI_percent_Day_24_control_median",124,8,0.744254744932812,0.0342071646263682,0.609756097560976,0.108484275261192
"TGI_percent_Day_24_control_median",125,8,0.635482619632934,0.0903960599146408,0.307692307692308,0.458455990282607
"TGI_percent_Day_24_control_median",126,8,0.373487631425054,0.362109045944189,0.291139240506329,0.484176479990479
"TGI_percent_Day_24_control_median",127,8,0.800074919760554,0.0171018005597098,0.560975609756098,0.148007079914522
"TGI_percent_Day_24_control_median",128,8,0.900246736287278,0.00229958804922613,0.802469135802469,0.016526566994929
"TGI_percent_Day_24_control_median",129,8,0.86753705234485,0.0052486538747629,0.924050632911392,0.00103380815542862
"TGI_percent_Day_24_control_median",130,8,0.916320392634765,0.00137447325029231,0.780487804878049,0.0222809739808402
"TGI_percent_Day_24_control_median",131,8,0.929090597834619,0.000844624699302904,0.654320987654321,0.07834458818895
"TGI_percent_Day_24_control_median",132,8,0.794504729706047,0.0184881539887537,0.634146341463415,0.0912890821441658
"TGI_percent_Day_24_control_median",133,8,0.745931769036348,0.0335849486041431,0.536585365853659,0.170340970786708
"TGI_percent_Day_24_control_median",134,8,0.962624597493451,0.000126894683441152,0.974683544303797,3.97984255471566e-05
"TGI_percent_Day_24_control_median",135,8,0.901974893512504,0.00218506160755602,0.620253164556962,0.100875222859378
"TGI_percent_Day_24_control_median",136,8,0.81189070622835,0.0143812949214387,0.615384615384616,0.104365016307875
"TGI_percent_Day_24_control_median",137,8,0.834136734909327,0.0100355139706567,0.731707317073171,0.0390863390212493
"TGI_percent_Day_24_control_median",138,8,0.920141959222164,0.00119815965194686,0.62962962962963,0.0943451651056068
"TGI_percent_Day_24_control_median",139,8,0.755957112207654,0.0300100461606666,0.367088607594937,0.371042516598345
"TGI_percent_Day_24_control_median",140,8,0.861516131579175,0.00596903204562035,0.848101265822785,0.00779410868380385
"TGI_percent_Day_24_control_median",141,8,0.941787533093237,0.000471879822133994,0.972602739726027,5.03610200209817e-05
"TGI_percent_Day_24_control_median",142,8,0.731058139764948,0.0393496195351219,0.62962962962963,0.0943451651056068
"TGI_percent_Day_24_control_median",143,8,0.863248185205303,0.0057557011459098,0.972972972972973,4.83603783960581e-05
"TGI_percent_Day_24_control_median",144,8,0.390217503143455,0.339222206532018,0.113924050632911,0.788233439851227
"TGI_percent_Day_24_control_median",145,8,0.796448688341158,0.0179966407611381,0.731707317073171,0.0390863390212493
"TGI_percent_Day_24_control_median",146,8,0.912863036783971,0.00154783231212815,0.925925925925926,0.000960491276443564
"TGI_percent_Day_24_control_median",147,8,0.568896309492093,0.141122714360139,0.835616438356164,0.00978082574112047
"TGI_percent_Day_24_control_median",148,8,0.746340967105187,0.033434186502639,0.555555555555556,0.152822232383275
"TGI_percent_Day_24_control_median",149,8,0.936335403908893,0.000614699493063508,0.902439024390244,0.00215494723497795
"TGI_percent_Day_24_control_median",150,8,0.824533318784148,0.0117909100993493,0.851851851851852,0.00725239908517074
"TGI_percent_Day_24_control_median",151,8,0.928256427512445,0.00087422385591087,0.848101265822785,0.00779410868380385
"TGI_percent_Day_24_control_median",152,8,0.638205190732741,0.0885922862697462,0.493670886075949,0.213762737730047
"TGI_percent_Day_24_control_median",153,8,0.77129948205114,0.0250100200622453,0.707317073170732,0.0497267470387709
"TGI_percent_Day_24_control_median",154,8,0.929090597834619,0.000844624699302904,0.654320987654321,0.07834458818895
"TGI_percent_Day_24_control_median",155,8,0.601827415363607,0.114441353181492,0.670886075949367,0.0685705618098423
"TGI_percent_Day_24_control_median",156,8,0.882017488142821,0.00375102134399806,0.746835443037975,0.033252559177418
"TGI_percent_Day_24_control_median",157,8,0.837333196449671,0.00949052227859561,0.851851851851852,0.00725239908517074
"TGI_percent_Day_24_control_median",158,8,0.62102913349822,0.100325277179874,0.291139240506329,0.484176479990479
"TGI_percent_Day_24_control_median",159,8,0.997977747521114,2.06436845912254e-08,1,0
"TGI_percent_Day_24_control_median",160,8,0.805998854947254,0.0157008932061084,0.707317073170732,0.0497267470387709
"TGI_percent_Day_24_control_median",161,8,0.880263578060984,0.00391542995319102,1,0
"TGI_percent_Day_24_control_median",162,8,0.921710291192985,0.00113031141732141,0.853658536585366,0.00700028132287885
"TGI_percent_Day_24_control_median",163,8,0.837418389390252,0.00947626058005454,0.731707317073171,0.0390863390212493
"TGI_percent_Day_24_control_median",164,8,0.931216857842293,0.000772161645308233,0.846153846153846,0.00808525881177396
"TGI_percent_Day_24_control_median",165,8,0.373487631425054,0.362109045944189,0.291139240506329,0.484176479990479
"TGI_percent_Day_24_control_median",166,8,0.590693981381349,0.123111801334716,0.424657534246575,0.294313618526343
"TGI_percent_Day_24_control_median",167,8,0.854844080133375,0.00683792584068125,0.829268292682927,0.0109030266752834
"TGI_percent_Day_24_control_median",168,8,0.6583627906382,0.0758891407241096,0.392405063291139,0.336280494675457
"TGI_percent_Day_24_control_median",169,8,0.63318084974316,0.0919374706152388,0.620253164556962,0.100875222859378
"TGI_percent_Day_24_control_median",170,8,0.603042962181854,0.113516335981243,0.615384615384616,0.104365016307875
"TGI_percent_Day_24_control_median",171,8,0.905858541364177,0.00194134786826092,0.79746835443038,0.0177421304392543
"TGI_percent_Day_24_control_median",172,8,0.663901147715641,0.0725987014747114,0.24390243902439,0.560495956966516
"TGI_percent_Day_24_control_median",173,8,0.960107095297857,0.000154007382525605,0.925925925925926,0.000960491276443564
"TGI_percent_Day_24_control_median",174,8,0.941909903000148,0.000468954151619616,1,0
"TGI_percent_Day_24_control_median",175,8,0.396500673985353,0.330805009408483,0.384615384615385,0.346809662449871
"TGI_percent_Day_24_control_median",176,8,0.341776634723159,0.407324200549475,0.2,0.63488
"TGI_percent_Day_24_control_median",177,8,0.737840493460013,0.0366518211902665,0.615384615384616,0.104365016307875
"TGI_percent_Day_24_control_median",178,8,0.656429080392856,0.0770581837085346,0.333333333333333,0.419753086419753
"TGI_percent_Day_24_control_median",179,8,0.726701558665411,0.0411443697234657,0.79746835443038,0.0177421304392543
"TGI_percent_Day_24_control_median",180,8,0.891403189775178,0.0029466647529956,0.853658536585366,0.00700028132287885
"TGI_percent_Day_24_control_median",181,8,0.746517025259345,0.0333694486230313,0.62962962962963,0.0943451651056068
"TGI_percent_Day_24_control_median",182,8,0.925487310186913,0.00097732449085424,0.615384615384616,0.104365016307875
"TGI_percent_Day_24_control_median",183,8,0.638605538020996,0.0883288201041093,0.121951219512195,0.773598436910598
"TGI_percent_Day_24_control_median",184,8,0.639409361209479,0.0878012014193129,0.620253164556962,0.100875222859378
"TGI_percent_Day_24_control_median",185,8,0.142402653028562,0.736582709135039,-0.160493827160494,0.70420169577901
"TGI_percent_Day_24_control_median",186,8,0.925110348947197,0.000991944574442468,0.772151898734177,0.0247485870017686
"TGI_percent_Day_24_control_median",187,8,0.74293868315204,0.0347003579846721,0.731707317073171,0.0390863390212493
"TGI_percent_Day_24_control_median",188,8,0.891108012521478,0.00297007460209017,0.615384615384616,0.104365016307875
"TGI_percent_Day_24_control_median",189,8,0.829426140083922,0.0108741825237539,0.726027397260274,0.0414264515948147
"TGI_percent_Day_24_control_median",190,8,0.700140725471093,0.0531551464573259,0.62962962962963,0.0943451651056068
"TGI_percent_Day_24_control_median",191,8,0.906632211461687,0.00189501362601064,0.829268292682927,0.0109030266752834
"TGI_percent_Day_24_control_median",192,8,0.805998854947254,0.0157008932061084,0.707317073170732,0.0497267470387709
"TGI_percent_Day_24_control_median",193,8,0.803175958350492,0.0163590987762344,0.65,0.0810203515624999
"TGI_percent_Day_24_control_median",194,8,0.85660001065833,0.0066019116402014,0.289473684210526,0.486795192697768
"TGI_percent_Day_24_control_median",195,8,0.899864382454213,0.00232544141103459,0.80722891566265,0.0154193727622323
"TGI_percent_Day_24_control_median",196,8,0.862139826428595,0.00589164054334621,0.89873417721519,0.00240296148046003
"TGI_percent_Day_24_control_median",197,8,0.782007490418269,0.0218483505972435,0.746835443037975,0.033252559177418
"TGI_percent_Day_24_control_median",198,8,0.497483265354545,0.209694520674074,0.0769230769230769,0.856337178454751
"TGI_percent_Day_24_control_median",199,8,0.235767139252914,0.574045167372493,-0.189873417721519,0.652451422291919
"TGI_percent_Day_24_control_median",200,8,0.856599987938888,0.00660191465969377,0.439024390243902,0.276486445900293
"TGI_percent_Day_24_control_median",201,8,0.585572224653823,0.127220534692722,0.341463414634146,0.407782409074504
"TGI_percent_Day_24_control_median",202,8,0.790493423741277,0.0195286788303323,0.544303797468354,0.163088312636417
"TGI_percent_Day_24_control_median",203,8,0.470847811639079,0.23896438895215,0.135802469135802,0.74848368865351
"TGI_percent_Day_24_control_median",204,8,0.703427927539443,0.0515676999744157,0.69620253164557,0.0550950655487157
"TGI_percent_Day_24_control_median",205,8,0.65330007424934,0.0789720531151608,0.24390243902439,0.560495956966516
"TGI_percent_Day_24_control_median",206,8,0.885660076930666,0.00342394574881006,0.851851851851852,0.00725239908517074
"TGI_percent_Day_24_control_median",207,8,0.622135563916063,0.0995441060136112,0.24390243902439,0.560495956966516
"TGI_percent_Day_24_control_median",208,8,0.937589804531091,0.000579633268323445,0.95,0.000300898437499997
"TGI_percent_Day_24_control_median",209,8,0.537425548064917,0.169543201515075,0.5,0.20703125
"TGI_percent_Day_24_control_median",210,8,0.75068811700408,0.0318581184865863,0.634146341463415,0.0912890821441658
"TGI_percent_Day_24_control_median",211,8,0.905610304950439,0.00195636883825816,0.925925925925926,0.000960491276443564
"TGI_percent_Day_24_control_median",212,8,0.296994582741993,0.475014446047334,0.024390243902439,0.9542864261534
"TGI_percent_Day_24_control_median",213,8,0.722721467904984,0.0428266803857595,0.731707317073171,0.0390863390212493
"TGI_percent_Day_24_control_median",214,8,0.675855392746883,0.0657870399291729,0.51219512195122,0.194378892157874
"TGI_percent_Day_24_control_median",215,8,0.802443218967563,0.0165327278298316,0.289473684210526,0.486795192697768
"TGI_percent_Day_24_control_median",216,8,0.0666295315325644,0.875438887719284,-0.291139240506329,0.484176479990479
"TGI_percent_Day_24_control_median",217,8,0.650269416424471,0.080851981115828,0.121951219512195,0.773598436910598
"TGI_percent_Day_24_control_median",218,8,0.719760177005202,0.0441049589726905,0.468354430379747,0.241804882823014
"TGI_percent_Day_24_control_median",219,8,0.910326357487409,0.0016836759963341,0.804878048780488,0.0159601987985088
"TGI_percent_Day_24_control_median",220,8,0.726494984021845,0.0412306801788743,0.634146341463415,0.0912890821441658
"TGI_percent_Day_24_control_median",221,8,0.668829039959807,0.0697427708947953,0.373493975903614,0.362100237410523
"TGI_percent_Day_24_control_median",222,8,0.987048308418209,5.37887270215888e-06,1,0
"TGI_percent_Day_24_control_median",223,8,0.655753599461414,0.0774690203703141,0.225,0.592147037353516
"TGI_percent_Day_24_control_median",224,8,0.75160501053842,0.0315316414191845,0.392405063291139,0.336280494675457
"TGI_percent_Day_24_control_median",225,8,0.685738521754278,0.0604528327672507,0.69620253164557,0.0550950655487157
"TGI_percent_Day_24_control_median",226,8,0.926206576776065,0.000949820501190522,0.822784810126582,0.0121299609627337
"TGI_percent_Day_24_control_median",227,8,0.90234753365626,0.00216086201315051,0.620253164556962,0.100875222859378
"TGI_percent_Day_24_control_median",228,8,0.843484490873525,0.00849546158105305,0.855421686746988,0.00675970481475433
"TGI_percent_Day_24_control_median",229,8,0.751249326496866,0.0316580443573786,0.686746987951807,0.0599235467192919
"TGI_percent_Day_24_control_median",230,8,0.440599401370207,0.274565283574419,0.215189873417721,0.608801860963225
"TGI_percent_Day_24_control_median",231,8,0.790432842381522,0.0195446667496681,0.780487804878049,0.0222809739808402
"TGI_percent_Day_24_control_median",232,8,0.837624828457073,0.00944175817834973,0.80722891566265,0.0154193727622323
"TGI_percent_Day_24_control_median",233,8,0.970644775613622,6.18564771485232e-05,0.726027397260274,0.0414264515948147
"TGI_percent_Day_24_control_median",234,8,0.918861899154411,0.00125546396421255,0.802469135802469,0.016526566994929
"TGI_percent_Day_24_control_median",235,8,0.91852193045904,0.00127097778196769,0.822784810126582,0.0121299609627337
"TGI_percent_Day_24_control_median",236,8,0.67186765498685,0.0680153334136739,0.518987341772152,0.187514534406167
"TGI_percent_Day_24_control_median",237,8,0.823110455491719,0.0120663549589535,0.707317073170732,0.0497267470387709
"TGI_percent_Day_24_control_median",238,8,0.355163438941835,0.387950218668844,0.135802469135802,0.74848368865351
"TGI_percent_Day_24_control_median",239,8,0.758343265564756,0.0291953520806984,0.542168674698795,0.165077483817168
"TGI_percent_Day_24_control_median",240,8,0.740516001136889,0.0356195711923481,0.825,0.0117014416503906
"TGI_percent_Day_24_control_median",241,8,0.825793953211849,0.0115502197039292,0.69620253164557,0.0550950655487157
"TGI_percent_Day_24_control_median",242,8,0.628607143176638,0.0950450631363491,0.641025641025641,0.0867458407693925
"TGI_percent_Day_24_control_median",243,8,0.795373919949469,0.0182673632831692,0.8,0.01712
"TGI_percent_Day_24_control_median",244,8,0.66806569336768,0.0701807496802762,0.842105263157895,0.0087124949365918
"TGI_percent_Day_24_control_median",245,8,0.772742801210948,0.0245683567509103,0.682926829268293,0.0619431712593441
"TGI_percent_Day_24_control_median",246,8,0.733547918989303,0.0383457020372933,0.4,0.32616
"TGI_percent_Day_24_control_median",247,8,0.679537462329939,0.0637684340688427,0.842105263157895,0.0087124949365918
"TGI_percent_Day_24_control_median",248,8,0.800074919760554,0.0171018005597098,0.560975609756098,0.148007079914522
"TGI_percent_Day_24_control_median",249,8,0.820185776614157,0.01264521004691,0.686746987951807,0.0599235467192919
"TGI_percent_Day_24_control_median",250,8,0.911689611537957,0.00160974746359721,0.725,0.041858585205078
"TGI_percent_Day_24_control_median",251,8,0.914031727938903,0.0014877287918728,0.972972972972973,4.83603783960581e-05
"TGI_percent_Day_24_control_median",252,8,0.903400671059891,0.00209341233071617,0.802469135802469,0.016526566994929
"TGI_percent_Day_24_control_median",253,8,0.296994582741993,0.475014446047334,0.024390243902439,0.9542864261534
"TGI_percent_Day_24_control_median",254,8,0.653107066441042,0.0790910068433133,0.615384615384616,0.104365016307875
"TGI_percent_Day_24_control_median",255,8,0.971671083911895,5.56360821049743e-05,0.924050632911392,0.00103380815542862
"TGI_percent_Day_24_control_median",256,8,0.647881847235997,0.0823512024878682,0.45679012345679,0.255201343606103
"TGI_percent_Day_24_control_median",257,8,0.742170070971532,0.0349903942986293,0.620253164556962,0.100875222859378
"TGI_percent_Day_24_control_median",258,8,0.803841670589307,0.0162023476257244,0.686746987951807,0.0599235467192919
"TGI_percent_Day_24_control_median",259,8,0.744343680009783,0.0341739919539635,0.493670886075949,0.213762737730047
"TGI_percent_Day_24_control_median",260,8,0.942418695473587,0.00045691742609297,0.924050632911392,0.00103380815542862
"TGI_percent_Day_24_control_median",261,8,0.790432842381522,0.0195446667496681,0.780487804878049,0.0222809739808402
"TGI_percent_Day_24_control_median",262,8,0.80334631477262,0.0163188958782162,0.753086419753086,0.0310085131644479
"TGI_percent_Day_24_control_median",263,8,0.754894746577742,0.0303772113008382,0.560975609756098,0.148007079914522
"TGI_percent_Day_24_control_median",264,8,0.94437248478896,0.000412583102024287,0.777777777777778,0.023065589595082
"TGI_percent_Day_24_control_median",265,8,0.760632512200303,0.0284266786527744,0.89873417721519,0.00240296148046003
"TGI_percent_Day_24_control_median",266,8,0.529238295138414,0.177403275484972,0.365853658536585,0.37277785416078
"TGI_percent_Day_24_control_median",267,8,0.672968351051346,0.0673958944638817,0.670886075949367,0.0685705618098423
"TGI_percent_Day_24_control_median",268,8,0.390217503143455,0.339222206532018,0.113924050632911,0.788233439851227
"TGI_percent_Day_24_control_median",269,8,0.617201220083983,0.10305492500851,-0.0632911392405063,0.881645645130732
"TGI_percent_Day_24_control_median",270,8,0.899568006736913,0.00234561035694829,0.974683544303797,3.97984255471566e-05
"TGI_percent_Day_24_control_median",271,8,0.923636274370733,0.00105048571159213,0.702702702702703,0.0519154430428595
"TGI_percent_Day_24_control_median",272,8,0.783466953492763,0.0214378246932781,0.544303797468354,0.163088312636417
"TGI_percent_Day_24_control_median",273,8,0.940353906703463,0.00050705214774614,0.848101265822785,0.00779410868380385
"TGI_percent_Day_24_control_median",274,8,0.772535696446844,0.0246314325976523,0.923076923076923,0.00107327636125646
"TGI_percent_Day_24_control_median",275,8,0.79161697545921,0.0192336421651155,0.594936708860759,0.119765536998206
"TGI_percent_Day_24_control_median",276,8,0.610690125831988,0.107794407909155,0.4,0.32616
"TGI_percent_Day_24_control_median",277,8,0.814331795276069,0.0138557573022879,0.772151898734177,0.0247485870017686
"TGI_percent_Day_24_control_median",278,8,0.782709465941369,0.0216502904671579,0.662650602409638,0.07333419331769
"TGI_percent_Day_24_control_median",279,8,0.939066948079072,0.000540054015859443,0.924050632911392,0.00103380815542862
"TGI_percent_Day_24_control_median",280,8,0.751197730316666,0.0316764063833996,0.62962962962963,0.0943451651056068
"TGI_percent_Day_24_control_median",281,8,0.904191230971656,0.00204368839280342,0.842105263157895,0.0087124949365918
"TGI_percent_Day_24_control_median",282,8,0.826962055896259,0.0113299908863307,0.802469135802469,0.016526566994929
"TGI_percent_Day_24_control_median",283,8,0.895512701999172,0.00263305691996899,0.951219512195122,0.000279674283468003
"TGI_percent_Day_24_control_median",284,8,0.995887780027201,1.73311995355444e-07,1,2.73691106313438e-47
"TGI_percent_Day_24_control_median",285,8,0.637775868603283,0.0888753258635333,0.113924050632911,0.788233439851227
"TGI_percent_Day_24_control_median",286,8,0.677150967193046,0.0650725228825751,0.620253164556962,0.100875222859378
"TGI_percent_Day_24_control_median",287,8,0.91886591474389,0.00125528146243014,0.604938271604938,0.112082511292616
"TGI_percent_Day_24_control_median",288,8,0.546807111198691,0.160772798536903,0.342465753424658,0.406316873398979
"TGI_percent_Day_24_control_median",289,8,0.605414021730048,0.111724223222692,0.645569620253164,0.0838184337745055
"TGI_percent_Day_24_control_median",290,8,0.671069753757952,0.0684664621082293,0.468354430379747,0.241804882823014
"TGI_percent_Day_24_control_median",291,8,0.645379406364407,0.0839398063987327,0.275,0.509781307373047
"TGI_percent_Day_24_control_median",292,8,0.83523750750752,0.00984565228870059,0.682926829268293,0.0619431712593441
"TGI_percent_Day_24_control_median",293,8,0.909215515629077,0.00174552225437263,0.594936708860759,0.119765536998206
"TGI_percent_Day_24_control_median",294,8,0.793024379785731,0.0188680145291714,0.725,0.041858585205078
"TGI_percent_Day_24_control_median",295,8,0.915669984701245,0.00140606589949338,0.555555555555556,0.152822232383275
"TGI_percent_Day_24_control_median",296,8,0.716240262512954,0.0456540589362923,0.51219512195122,0.194378892157874
"TGI_percent_Day_24_control_median",297,8,0.381589170936321,0.350940473013476,-0.0410958904109589,0.923031918656945
"TGI_percent_Day_24_control_median",298,8,0.850375648265442,0.0074626439322949,0.848101265822785,0.00779410868380385
"TGI_percent_Day_24_control_median",299,8,0.684541961001139,0.061084433451983,0.45679012345679,0.255201343606103
"TGI_percent_Day_24_control_median",300,8,0.773600564707648,0.0243081819632009,1,0
"TGI_percent_Day_24_control_median",301,8,0.888434331786631,0.0031876130539945,0.710843373493976,0.0480922136045094
"TGI_percent_Day_24_control_median",302,8,0.596332273903002,0.118676189562265,0.536585365853659,0.170340970786708
"TGI_percent_Day_24_control_median",303,8,0.841896013117439,0.00874572698281782,0.620253164556962,0.100875222859378
"TGI_percent_Day_24_control_median",304,8,0.813822968559891,0.0139642867044262,0.731707317073171,0.0390863390212493
"TGI_percent_Day_24_control_median",305,8,0.767516864266704,0.0261907278766454,0.725,0.041858585205078
"TGI_percent_Day_24_control_median",306,8,-0.264851570908452,0.526137567905479,-0.68421052631579,0.0612600707806917
"TGI_percent_Day_24_control_median",307,8,0.00271172679729167,0.994915537180749,-0.523809523809524,0.182720750539714
"TGI_percent_Day_24_control_median",308,8,0.782709465941369,0.0216502904671579,0.662650602409638,0.07333419331769
"TGI_percent_Day_24_control_median",309,8,0.764436657320001,0.0271771712631112,0.682926829268293,0.0619431712593441
"TGI_percent_Day_24_control_median",310,8,0.694188448080147,0.056103300171016,0.634146341463415,0.0912890821441658
"TGI_percent_Day_24_control_median",311,8,0.904154805212527,0.00204596243396765,0.746835443037975,0.033252559177418
"TGI_percent_Day_24_control_median",312,8,0.763827087097977,0.027375062127006,0.746835443037975,0.033252559177418
"TGI_percent_Day_24_control_median",313,8,0.9439095172124,0.000422820648060483,1,0
"TGI_percent_Day_24_control_median",314,8,0.150079276101221,0.722798247874574,-0.105263157894737,0.804084671089484
"TGI_percent_Day_24_control_median",315,8,0.947351696641928,0.000350578031076078,0.848101265822785,0.00779410868380385
"TGI_percent_Day_24_control_median",316,8,0.886254804142514,0.00337236145144971,0.783132530120482,0.0215314655741672
"TGI_percent_Day_24_control_median",317,8,0.77085470471527,0.0251471074259044,0.609756097560976,0.108484275261192
"TGI_percent_Day_24_control_median",318,8,0.942313031887712,0.000459400264055433,0.746835443037975,0.033252559177418
"TGI_percent_Day_24_control_median",319,8,0.495290308171213,0.212029662302927,0.0410958904109589,0.923031918656945
"TGI_percent_Day_24_control_median",320,8,0.905533139242458,0.00196105352304666,0.853658536585366,0.00700028132287885
"TGI_percent_Day_24_control_median",321,8,0.526752711322582,0.179827461650523,0.121951219512195,0.773598436910598
"TGI_percent_Day_24_control_median",322,8,0.838271296571284,0.00933422965458946,0.525,0.181547481689453
"TGI_percent_Day_24_control_median",323,8,0.993977203252552,5.43714367634437e-07,1,0
"TGI_percent_Day_24_control_median",324,8,0.68643359907954,0.0600877300012434,0.463414634146342,0.247482670349255
"TGI_percent_Day_24_control_median",325,8,0.897056761692256,0.00252107081637556,0.731707317073171,0.0390863390212493
"TGI_percent_Day_24_control_median",326,8,0.712458282494756,0.0473546193994814,0.614457831325301,0.105037035536878
"TGI_percent_Day_24_control_median",327,8,0.748696401009993,0.0325744294733827,0.654320987654321,0.07834458818895
"TGI_percent_Day_24_control_median",328,8,0.819702652914036,0.0127424825489444,0.731707317073171,0.0390863390212493
"TGI_percent_Day_24_control_median",329,8,0.913192743261577,0.00153071908973133,0.772151898734177,0.0247485870017686
"TGI_percent_Day_24_control_median",330,8,0.891634170877621,0.00292842961569294,0.972972972972973,4.83603783960581e-05
"TGI_percent_Day_24_control_median",331,8,0.89550384210855,0.00263370861562001,0.555555555555556,0.152822232383275
"TGI_percent_Day_24_control_median",332,8,0.782955950781757,0.0215810114804012,0.468354430379747,0.241804882823014
"TGI_percent_Day_24_control_median",333,8,0.757014527920465,0.0296473147575139,0.707317073170732,0.0497267470387709
"TGI_percent_Day_24_control_median",334,8,0.911994560527603,0.00159350486653998,0.846153846153846,0.00808525881177396
"TGI_percent_Day_24_control_median",335,8,0.837624828457073,0.00944175817834973,0.80722891566265,0.0154193727622323
"TGI_percent_Day_24_control_median",336,8,0.576904207232537,0.134346601703382,0.463414634146342,0.247482670349255
"TGI_percent_Day_24_control_median",337,8,0.970862240579572,6.05018972301037e-05,0.917808219178082,0.00130395207243573
"TGI_percent_Day_24_control_median",338,8,0.804463813388532,0.0160567101448032,0.682926829268293,0.0619431712593441
"TGI_percent_Day_24_control_median",339,8,0.792537032195465,0.0189941260967787,0.605263157894737,0.111837768489366
"TGI_percent_Day_24_control_median",340,8,0.917906968730693,0.00129935687681213,0.848101265822785,0.00779410868380385
"TGI_percent_Day_24_control_median",341,8,0.733195740728215,0.038486747583,0.728395061728395,0.0404409294591197
"TGI_percent_Day_24_control_median",342,8,0.723365099671575,0.0425518561716694,0.414634146341463,0.307070866237017
"TGI_percent_Day_24_control_median",343,8,0.812454034720644,0.0142589231778234,0.804878048780488,0.0159601987985088
"TGI_percent_Day_24_control_median",344,8,0.803414540165902,0.0163028125649441,0.62962962962963,0.0943451651056068
"TGI_percent_Day_24_control_median",345,8,0.685481496273139,0.0605881736750508,0.835616438356164,0.00978082574112047
"TGI_percent_Day_24_control_median",346,8,0.747073922376486,0.0331651791990392,0.686746987951807,0.0599235467192919
"TGI_percent_Day_24_control_median",347,8,0.668829039959807,0.0697427708947953,0.373493975903614,0.362100237410523
"TGI_percent_Day_24_control_median",348,8,0.836739538992819,0.00959028181293658,0.851851851851852,0.00725239908517074
"TGI_percent_Day_24_control_median",349,8,0.896248872050509,0.00257927149070096,0.555555555555556,0.152822232383275
"TGI_percent_Day_24_control_median",350,8,0.729231459824771,0.0400962245146654,0.560975609756098,0.148007079914522
"TGI_percent_Day_24_control_median",351,8,0.623679544588902,0.0984598634915986,0.333333333333333,0.419753086419753
"TGI_percent_Day_24_control_median",352,8,0.869277633394846,0.00505136320557884,0.609756097560976,0.108484275261192
"TGI_percent_Day_24_control_median",353,8,0.872224696116337,0.00472829837586136,0.804878048780488,0.0159601987985088
"TGI_percent_Day_24_control_median",354,8,0.943501953446383,0.000431969947702138,0.924050632911392,0.00103380815542862
"TGI_percent_Day_24_control_median",355,8,0.825907472323863,0.0115286996081292,0.925925925925926,0.000960491276443564
"TGI_percent_Day_24_control_median",356,8,0.734384773490842,0.0380118101536658,0.625,0.0975379943847654
"TGI_percent_Day_24_control_median",357,8,0.917079986956805,0.00133816696055246,0.731707317073171,0.0390863390212493
"TGI_percent_Day_24_control_median",358,8,0.781153305343486,0.0220908706286287,0.620253164556962,0.100875222859378
"TGI_percent_Day_24_control_median",359,8,0.878820606972672,0.00405411751931,0.848101265822785,0.00779410868380385
"TGI_percent_Day_24_control_median",360,8,0.877964825176916,0.00413784299429447,0.424657534246575,0.294313618526343
"TGI_percent_Day_24_control_median",361,8,0.667415358946823,0.0705551616782292,0.560975609756098,0.148007079914522
"TGI_percent_Day_24_control_median",362,8,0.658749277742233,0.0756567410733823,0.493670886075949,0.213762737730047
"TGI_percent_Day_24_control_median",363,8,0.612282159894344,0.106624316307893,0.392405063291139,0.336280494675457
"TGI_percent_Day_24_control_median",364,8,0.644316018020724,0.0846202213535671,0.407407407407407,0.316429397723464
"TGI_percent_Day_24_control_median",365,8,0.100352600944927,0.813098325860727,-0.189873417721519,0.652451422291919
"TGI_percent_Day_24_control_median",366,8,0.809699910848956,0.0148634741397037,0.407407407407407,0.316429397723464
"TGI_percent_Day_24_control_median",367,8,0.624821109355592,0.097662594231555,0.567567567567568,0.142264970543864
"TGI_percent_Day_24_control_median",368,8,0.936541771695255,0.000608837597972872,0.902439024390244,0.00215494723497795
"TGI_percent_Day_24_control_median",369,8,0.89629770880112,0.00257572881745869,0.972972972972973,4.83603783960581e-05
"TGI_percent_Day_24_control_median",370,8,0.916118744565361,0.00138421801237279,0.6,0.11584
"TGI_percent_Day_24_control_median",371,8,0.818106092229958,0.0130672885807415,0.89873417721519,0.00240296148046003
"TGI_percent_Day_24_control_median",372,8,0.887358754362404,0.00327794469393564,0.902439024390244,0.00215494723497795
"TGI_percent_Day_24_control_median",373,8,0.268318323662082,0.520528487943828,-0.0769230769230769,0.856337178454751
"TGI_percent_Day_24_control_median",374,8,0.778708963476743,0.0227940872909428,0.658536585365854,0.0757845840293002
"TGI_percent_Day_24_control_median",375,8,0.885307436970793,0.00345477144051458,0.902439024390244,0.00215494723497795
"TGI_percent_Day_24_control_median",376,8,0.497069216373054,0.210134381894664,0.121951219512195,0.773598436910598
"TGI_percent_Day_24_control_median",377,8,0.910158964837638,0.00169290287425081,0.725,0.041858585205078
"TGI_percent_Day_24_control_median",378,8,0.93671751201399,0.000603874665148316,0.772151898734177,0.0247485870017686
"TGI_percent_Day_24_control_median",379,8,0.695355469320223,0.0555177668745622,0.463414634146342,0.247482670349255
"TGI_percent_Day_24_control_median",380,8,0.757303256638966,0.0295487418063669,0.555555555555556,0.152822232383275
"TGI_percent_Day_24_control_median",381,8,0.837458007396434,0.00946963297870525,0.8,0.01712
"TGI_percent_Day_24_control_median",382,8,0.825568205022938,0.0115930907886175,0.925925925925926,0.000960491276443564
"TGI_percent_Day_24_control_median",383,8,0.96533584564301,0.000101442979126518,0.846153846153846,0.00808525881177396
"TGI_percent_Day_24_control_median",384,8,0.77440359207656,0.0240661632264454,1,0
"TGI_percent_Day_24_control_median",385,8,0.846945002357462,0.00796615570887455,0.518987341772152,0.187514534406167
"TGI_percent_Day_24_control_median",386,8,0.78187543144304,0.0218857360172172,0.544303797468354,0.163088312636417
"TGI_percent_Day_24_control_median",387,8,0.87329966630851,0.00461385325577865,0.924050632911392,0.00103380815542862
"TGI_percent_Day_24_control_median",388,8,0.812986117267488,0.0141439426234227,0.725,0.041858585205078
"TGI_percent_Day_24_control_median",389,8,0.880741764667753,0.00387015443625835,0.731707317073171,0.0390863390212493
"TGI_percent_Day_24_control_median",390,8,0.909662778428968,0.00172044630290653,0.682926829268293,0.0619431712593441
"TGI_percent_Day_24_control_median",391,8,0.75215736287343,0.0313359615109657,0.634146341463415,0.0912890821441658
"TGI_percent_Day_24_control_median",392,8,0.826788351545464,0.0113625706781137,0.315068493150685,0.447177633966065
"TGI_percent_Day_24_control_median",393,8,0.770212715224941,0.0253457972017299,0.728395061728395,0.0404409294591197
"TGI_percent_Day_24_control_median",394,8,0.997065504493441,6.30353309932007e-08,1,0
"TGI_percent_Day_24_control_median",395,8,0.677640734151387,0.064803616070807,0.463414634146342,0.247482670349255
"TGI_percent_Day_24_control_median",396,8,0.67553791212727,0.065962837215882,0.215189873417721,0.608801860963225
"TGI_percent_Day_24_control_median",397,8,0.654486978403541,0.078242844905259,0.536585365853659,0.170340970786708
"TGI_percent_Day_24_control_median",398,8,0.874450787651053,0.00449329228682487,0.917808219178082,0.00130395207243573
"TGI_percent_Day_24_control_median",399,8,0.702282057352312,0.0521177840604364,0.634146341463415,0.0912890821441658
"TGI_percent_Day_24_control_median",400,8,0.812488565889184,0.0142514433722457,0.804878048780488,0.0159601987985088
"TGI_percent_Day_24_control_median",401,8,0.858463369420199,0.00635722453201308,0.609756097560976,0.108484275261192
"TGI_percent_Day_24_control_median",402,8,0.903414867489899,0.00209251256698021,0.89873417721519,0.00240296148046003
"TGI_percent_Day_24_control_median",403,8,0.741305480864432,0.0353184133163644,0.614457831325301,0.105037035536878
"TGI_percent_Day_24_control_median",404,8,0.763171820607862,0.0275887767898199,0.536585365853659,0.170340970786708
"TGI_percent_Day_24_control_median",405,8,0.596810268035002,0.118304368399754,0.620253164556962,0.100875222859378
"TGI_percent_Day_24_control_median",406,8,0.697371403386941,0.0545149444385995,0.634146341463415,0.0912890821441658
"TGI_percent_Day_24_control_median",407,8,0.804946543821896,0.0159442755230451,0.851851851851852,0.00725239908517074
"TGI_percent_Day_24_control_median",408,8,0.850362634122182,0.00746451451083061,0.731707317073171,0.0390863390212493
"TGI_percent_Day_24_control_median",409,8,0.727063922284537,0.0409932330442783,0.682926829268293,0.0619431712593441
"TGI_percent_Day_24_control_median",410,8,0.696889271793492,0.0547537854123531,0.463414634146342,0.247482670349255
"TGI_percent_Day_24_control_median",411,8,0.803344849493414,0.0163192414091978,0.675,0.0662613269042968
"TGI_percent_Day_24_control_median",412,8,0.484905956759,0.223270011849047,0.28,0.5017946112
"TGI_percent_Day_24_control_median",413,8,0.953672436114566,0.000240018645542204,0.333333333333333,0.419753086419753
"TGI_percent_Day_24_control_median",414,8,0.43213308470771,0.284969676805992,0.6,0.11584
"TGI_percent_Day_24_control_median",415,8,0.690821545511713,0.0578131941962724,0.275,0.509781307373047
"TGI_percent_Day_24_control_median",416,8,0.898299342699555,0.00243322666494763,0.746835443037975,0.033252559177418
"TGI_percent_Day_24_control_median",417,8,0.835818015847033,0.00974645103778094,0.634146341463415,0.0912890821441658
"TGI_percent_Day_24_control_median",418,8,0.86603719035217,0.00542256921569172,0.802469135802469,0.016526566994929
"TGI_percent_Day_24_control_median",419,8,0.91571757714469,0.00140373828695368,0.731707317073171,0.0390863390212493
"TGI_percent_Day_24_control_median",420,8,0.754492119087671,0.0305170816284196,0.234567901234568,0.576051906571553
"TGI_percent_Day_24_control_median",421,8,0.513214494929222,0.193340343170955,-0.0632911392405063,0.881645645130732
"TGI_percent_Day_24_control_median",422,8,0.473545718813525,0.235910144458114,0.215189873417721,0.608801860963225
"TGI_percent_Day_24_control_median",423,8,0.812454034720644,0.0142589231778235,0.804878048780488,0.0159601987985088
"TGI_percent_Day_24_control_median",424,8,0.82566815975591,0.0115740963287676,0.783132530120482,0.0215314655741672
"TGI_percent_Day_24_control_median",425,8,0.543578374045641,0.163762679441039,0.234567901234568,0.576051906571553
"TGI_percent_Day_24_control_median",426,8,0.791428714232913,0.0192828828195958,0.731707317073171,0.0390863390212493
"TGI_percent_Day_24_control_median",427,8,0.877969934514657,0.00413733984850283,0.746835443037975,0.033252559177418
"TGI_percent_Day_24_control_median",428,8,0.719489116664793,0.0442231036753395,0.620253164556962,0.100875222859378
"TGI_percent_Day_24_control_median",429,8,0.942753018360754,0.000449119723205138,0.615384615384616,0.104365016307875
"TGI_percent_Day_24_control_median",430,8,0.789516732847917,0.0197874315645232,0.679012345679012,0.0640540395718031
"TGI_percent_Day_24_control_median",431,8,0.943447960779061,0.000433191679234151,0.736842105263158,0.0370416328264742
"TGI_percent_Day_24_control_median",432,8,0.764744925578672,0.0270774322600741,0.794871794871795,0.0183947102705782
"TGI_percent_Day_24_control_median",433,8,0.67724481669358,0.0650209436853285,0.51219512195122,0.194378892157874
"TGI_percent_Day_24_control_median",434,8,0.221041038719106,0.598850019208595,-0.5,0.20703125
"TGI_percent_Day_24_control_median",435,8,0.823263429219631,0.012036548580469,0.316455696202532,0.445069441835733
"TGI_percent_Day_24_control_median",436,8,0.911177220677993,0.00163728098579481,0.822784810126582,0.0121299609627337
"TGI_percent_Day_24_control_median",437,8,0.917079986956805,0.00133816696055245,0.731707317073171,0.0390863390212493
"TGI_percent_Day_24_control_median",438,8,0.848170015003077,0.00778395442537493,0.7,0.05322375
"TGI_percent_Day_24_control_median",439,8,0.850439509344254,0.00745346924000633,0.923076923076923,0.00107327636125646
"TGI_percent_Day_24_control_median",440,8,0.666271562452442,0.0712165194345276,0.536585365853659,0.170340970786708
"TGI_percent_Day_24_control_median",441,8,0.841733513825914,0.00877158984379922,0.851851851851852,0.00725239908517074
"TGI_percent_Day_24_control_median",442,8,0.901717418199246,0.00220188456932882,0.731707317073171,0.0390863390212493
"TGI_percent_Day_24_control_median",443,8,0.65259549533216,0.0794068023813033,0.728395061728395,0.0404409294591197
"TGI_percent_Day_24_control_median",444,8,0.914925485670992,0.0014428051549945,0.544303797468354,0.163088312636417
"TGI_percent_Day_24_control_median",445,8,0.973174349670891,4.72946326499371e-05,1,0
"TGI_percent_Day_24_control_median",446,8,0.907034033998062,0.00187123512031436,0.902439024390244,0.00215494723497795
"TGI_percent_Day_24_control_median",447,8,0.908538273399489,0.00178394246942432,0.95,0.000300898437499997
"TGI_percent_Day_24_control_median",448,8,0.65424462989065,0.0783914173026171,0.51219512195122,0.194378892157874
"TGI_percent_Day_24_control_median",449,8,0.80781731935714,0.0152858357258406,0.731707317073171,0.0390863390212493
"TGI_percent_Day_24_control_median",450,8,0.659872976925211,0.0749834188115367,-0.0632911392405063,0.881645645130732
"TGI_percent_Day_24_control_median",451,8,0.912098441081478,0.00158799629854122,0.925925925925926,0.000960491276443564
"TGI_percent_Day_24_control_median",452,8,0.719760177005202,0.0441049589726906,0.468354430379747,0.241804882823014
"TGI_percent_Day_24_control_median",453,8,0.65612448512578,0.0772432843796357,0.24390243902439,0.560495956966516
"TGI_percent_Day_24_control_median",454,8,0.802443218967563,0.0165327278298316,0.289473684210526,0.486795192697768
"TGI_percent_Day_24_control_median",455,8,0.790656985020173,0.0194855544254696,0.7,0.05322375
"TGI_percent_Day_24_control_median",456,8,0.83415452338812,0.0100324275042424,0.851851851851852,0.00725239908517074
"TGI_percent_Day_24_control_median",457,8,0.849528513545432,0.00758503097832429,0.536585365853659,0.170340970786708
"TGI_percent_Day_24_control_median",458,8,0.767516864266704,0.0261907278766454,0.725,0.041858585205078
"TGI_percent_Day_24_control_median",459,8,0.737036280507937,0.0369656217876764,0.392405063291139,0.336280494675457
"TGI_percent_Day_24_control_median",460,8,0.945630989703889,0.000385580168959566,0.89873417721519,0.00240296148046003
"TGI_percent_Day_24_control_median",461,8,0.663901147715641,0.0725987014747113,0.24390243902439,0.560495956966516
"TGI_percent_Day_24_control_median",462,8,0.747827889451208,0.0328898480214463,0.634146341463415,0.0912890821441658
"TGI_percent_Day_24_control_median",463,8,0.870586662730782,0.0049061704501852,0.536585365853659,0.170340970786708
"TGI_percent_Day_24_control_median",464,8,0.700535550612402,0.0529629525432202,0.468354430379747,0.241804882823014
"TGI_percent_Day_24_control_median",465,8,0.925584869663619,0.00097356381599343,0.974683544303797,3.97984255471566e-05
"TGI_percent_Day_24_control_median",466,8,0.771984898429031,0.0247996714364662,0.634146341463415,0.0912890821441658
"TGI_percent_Day_24_control_median",467,8,0.733713696825725,0.038279417998271,0.634146341463415,0.0912890821441658
"TGI_percent_Day_24_control_median",468,8,0.931216857842293,0.00077216164530824,0.846153846153846,0.00808525881177396
"TGI_percent_Day_24_control_median",469,8,0.825668159755911,0.0115740963287676,0.783132530120482,0.0215314655741672
"TGI_percent_Day_24_control_median",470,8,0.812973291560314,0.0141467073103263,0.605263157894737,0.111837768489366
"TGI_percent_Day_24_control_median",471,8,0.678398220064027,0.0643890162748208,0.463414634146342,0.247482670349255
"TGI_percent_Day_24_control_median",472,8,0.826573550482153,0.0114029403973001,0.560975609756098,0.148007079914522
"TGI_percent_Day_24_control_median",473,8,0.794568312962184,0.0184719464184266,0.731707317073171,0.0390863390212493
"TGI_percent_Day_24_control_median",474,8,0.89717849024427,0.00251237592340832,0.902439024390244,0.00215494723497795
"TGI_percent_Day_24_control_median",475,8,0.714625586150225,0.0463755051660291,0.79746835443038,0.0177421304392543
"TGI_percent_Day_24_control_median",476,8,0.679639955437394,0.063712777369116,0.469879518072289,0.240065454942807
"TGI_percent_Day_24_control_median",477,8,0.925001059849071,0.000996209799434892,0.925925925925926,0.000960491276443564
"TGI_percent_Day_24_control_median",478,8,0.917895917745712,0.00129987059610771,0.851851851851852,0.00725239908517074
"TGI_percent_Day_24_control_median",479,8,0.763414433882726,0.0275095290991219,0.780487804878049,0.0222809739808402
"TGI_percent_Day_24_control_median",480,8,0.792695063811004,0.0189531745682848,0.731707317073171,0.0390863390212493
"TGI_percent_Day_24_control_median",481,8,0.680864111866265,0.063050251596834,0.609756097560976,0.108484275261192
"TGI_percent_Day_24_control_median",482,8,0.933925145225165,0.000685921265907218,1,0
"TGI_percent_Day_24_control_median",483,8,0.168583413605565,0.689844039766701,-0.189873417721519,0.652451422291919
"TGI_percent_Day_24_control_median",484,8,0.73911241745624,0.0361588494687341,0.392405063291139,0.336280494675457
"TGI_percent_Day_24_control_median",485,8,0.816208759474443,0.0134600120943267,0.544303797468354,0.163088312636417
"TGI_percent_Day_24_control_median",486,8,0.737061322633733,0.0369558258319443,0.5,0.20703125
"TGI_percent_Day_24_control_median",487,8,0.753815281683215,0.0307531014017259,0.542168674698795,0.165077483817168
"TGI_percent_Day_24_control_median",488,8,0.893360101085689,0.00279447975322701,0.731707317073171,0.0390863390212493
"TGI_percent_Day_24_control_median",489,8,0.854041027806524,0.00694763465008909,0.851851851851852,0.00725239908517074
"TGI_percent_Day_24_control_median",490,8,0.75896375064141,0.028985759805768,0.518987341772152,0.187514534406167
"TGI_percent_Day_24_control_median",491,8,0.81729326567219,0.0132346358859006,0.62962962962963,0.0943451651056068
"TGI_percent_Day_24_control_median",492,8,0.975524134127626,3.59871599985709e-05,0.96875,7.45169818401346e-05
"TGI_percent_Day_24_control_median",493,8,0.905858541364177,0.00194134786826092,0.79746835443038,0.0177421304392543
"TGI_percent_Day_24_control_median",494,8,0.928530343808925,0.000864430824634476,0.670886075949367,0.0685705618098423
"TGI_percent_Day_24_control_median",495,8,0.811742384265213,0.0144136243529126,0.780487804878049,0.0222809739808402
"TGI_percent_Day_24_control_median",496,8,0.78187543144304,0.0218857360172171,0.544303797468354,0.163088312636417
"TGI_percent_Day_24_control_median",497,8,0.738455096914586,0.0364131048066193,0.333333333333333,0.419753086419753
"TGI_percent_Day_24_control_median",498,8,0.237543017344357,0.571077925012091,0.0379746835443038,0.928865891742792
"TGI_percent_Day_24_control_median",499,8,0.932175294764448,0.000740876380545201,0.69620253164557,0.0550950655487157
"TGI_percent_Day_24_control_median",500,8,0.809512525284285,0.0149051813465247,0.555555555555556,0.152822232383275
"TGI_percent_Day_24_control_median",501,8,0.591352400210262,0.122589099647292,0.45679012345679,0.255201343606103
"TGI_percent_Day_24_control_median",502,8,0.943676668262618,0.000428032061791544,0.589041095890411,0.124429494317035
"TGI_percent_Day_24_control_median",503,8,0.917246057692155,0.00133031349976862,0.79746835443038,0.0177421304392543
"TGI_percent_Day_24_control_median",504,8,0.835818015847033,0.00974645103778097,0.634146341463415,0.0912890821441658
"TGI_percent_Day_24_control_median",505,8,0.906915281815576,0.00187824217189786,0.731707317073171,0.0390863390212493
"TGI_percent_Day_24_control_median",506,8,0.735712778520099,0.0374856031747308,0.3,0.47033875
"TGI_percent_Day_24_control_median",507,8,0.581037151870043,0.130921813737091,0.234567901234568,0.576051906571553
"TGI_percent_Day_24_control_median",508,8,0.879371931345501,0.00400076112274586,0.53125,0.175454188138247
"TGI_percent_Day_24_control_median",509,8,0.644316018020723,0.0846202213535671,0.407407407407407,0.316429397723464
"TGI_percent_Day_24_control_median",510,8,0.77129948205114,0.0250100200622453,0.707317073170732,0.0497267470387709
"TGI_percent_Day_24_control_median",511,8,0.706824350266769,0.0499577580456925,0.469879518072289,0.240065454942807
"TGI_percent_Day_24_control_median",512,8,0.596654616904642,0.118425373707298,0.615384615384616,0.104365016307875
"TGI_percent_Day_24_control_median",513,8,0.8040588856857,0.0161514059895192,0.675,0.0662613269042968
"TGI_percent_Day_24_control_median",514,8,0.420360992430043,0.29975012170458,0.054054054054054,0.898845897271193
"TGI_percent_Day_24_control_median",515,8,0.769424742332454,0.025590991463198,0.560975609756098,0.148007079914522
"TGI_percent_Day_24_control_median",516,8,0.763802233179537,0.027383149508157,-0.0769230769230769,0.856337178454751
"TGI_percent_Day_24_control_median",517,8,0.655683291368494,0.0775118561893464,0.463414634146342,0.247482670349255
"TGI_percent_Day_24_control_median",518,8,0.880300482554192,0.00391192368446971,0.69620253164557,0.0550950655487157
"TGI_percent_Day_24_control_median",519,8,0.86302483445215,0.00578293150297217,0.780487804878049,0.0222809739808402
"TGI_percent_Day_24_control_median",520,8,0.682871497490223,0.0619727164545333,0.615384615384616,0.104365016307875
"TGI_percent_Day_24_control_median",521,8,0.806980427985486,0.0154759857661786,0.682926829268293,0.0619431712593441
"TGI_percent_Day_24_control_median",522,8,0.488376744082275,0.219479629459251,0.291139240506329,0.484176479990479
"TGI_percent_Day_24_control_median",523,8,0.803159510576424,0.0163629836171722,0.783132530120482,0.0215314655741672
"TGI_percent_Day_24_control_median",524,8,0.436554073864056,0.279512957445612,0.365853658536585,0.37277785416078
"TGI_percent_Day_24_control_median",525,8,0.104530795191286,0.805427798064166,0.210526315789474,0.61677158304252
"TGI_percent_Day_24_control_median",526,8,0.485361981755431,0.222770081323525,0.333333333333333,0.419753086419753
"TGI_percent_Day_24_control_median",527,8,0.591688071134878,0.12232310039156,0.518987341772152,0.187514534406167
"TGI_percent_Day_24_control_median",528,8,0.914825761017007,0.00144777328419615,0.725,0.041858585205078
"TGI_percent_Day_24_control_median",529,8,0.771984898429031,0.0247996714364662,0.634146341463415,0.0912890821441658
"TGI_percent_Day_24_control_median",530,8,0.942418695473587,0.000456917426092972,0.924050632911392,0.00103380815542862
"TGI_percent_Day_24_control_median",531,8,0.613298286748199,0.105881301245263,0.315068493150685,0.447177633966065
"TGI_percent_Day_24_control_median",532,8,0.912098441081478,0.00158799629854122,0.925925925925926,0.000960491276443564
"TGI_percent_Day_24_control_median",533,8,0.910551184881304,0.0016713348069177,0.746835443037975,0.033252559177418
"TGI_percent_Day_24_control_median",534,8,0.607380761116697,0.110249976822367,0.24390243902439,0.560495956966516
"TGI_percent_Day_24_control_median",535,8,0.625967366631006,0.0968657934345283,0.463414634146342,0.247482670349255
"TGI_percent_Day_24_control_median",536,8,0.661316734793589,0.0741234949498091,0.407407407407407,0.316429397723464
"TGI_percent_Day_24_control_median",537,8,0.803334049407648,0.0163217883446835,0.567567567567568,0.142264970543864
"TGI_percent_Day_24_control_median",538,8,0.763989881572192,0.0273221258007014,0.707317073170732,0.0497267470387709
"TGI_percent_Day_24_control_median",539,8,0.68856637168596,0.0589756553016994,0.51219512195122,0.194378892157874
"TGI_percent_Day_24_control_median",540,8,0.784925980514845,0.021032252719366,0.69620253164557,0.0550950655487157
"TGI_percent_Day_24_control_median",541,8,0.648315985975488,0.0820773998807329,0.24390243902439,0.560495956966516
"TGI_percent_Day_24_control_median",542,8,0.722721467904984,0.0428266803857595,0.731707317073171,0.0390863390212493
"TGI_percent_Day_24_control_median",543,8,0.643863133677431,0.0849109721796374,0.291139240506329,0.484176479990479
"TGI_percent_Day_24_control_median",544,8,0.872810020257346,0.00466575921044456,0.609756097560976,0.108484275261192
"TGI_percent_Day_24_control_median",545,8,0.644895118327313,0.084249284626705,0.538461538461539,0.16856229446825
"TGI_percent_Day_24_control_median",546,8,0.930473893182893,0.000796999292850548,0.923076923076923,0.00107327636125646
"TGI_percent_Day_24_control_median",547,8,0.577685056624925,0.133695768463468,0.234567901234568,0.576051906571553
"TGI_percent_Day_24_control_median",548,8,0.824169166935408,0.0118610218747024,0.846153846153846,0.00808525881177396
"TGI_percent_Day_24_control_median",549,8,0.710486419467135,0.0482561765529378,0.658536585365854,0.0757845840293002
"TGI_percent_Day_24_control_median",550,8,0.837961161227564,0.0093857175554162,0.589041095890411,0.124429494317035
"TGI_percent_Day_24_control_median",551,8,0.750572843037045,0.0318993100451496,0.679012345679012,0.0640540395718031
"TGI_percent_Day_24_control_median",552,8,0.708815139365064,0.0490283361614965,0.566265060240964,0.143389618739712
"TGI_percent_Day_24_control_median",553,8,0.783466953492763,0.0214378246932781,0.544303797468354,0.163088312636417
"TGI_percent_Day_24_control_median",554,8,0.970276224095667,6.41977203233935e-05,0.848101265822785,0.00779410868380385
"TGI_percent_Day_24_control_median",555,8,0.785883821033791,0.0207686147815156,0.575,0.135941126708984
"TGI_percent_Day_24_control_median",556,8,0.802168072666299,0.0165982231713653,0.780821917808219,0.0221854065027459
"TGI_percent_Day_24_control_median",557,8,0.79886775881648,0.0173965208020605,0.679012345679012,0.0640540395718031
"TGI_percent_Day_24_control_median",558,8,0.294341990029345,0.479156478888012,0.307692307692308,0.458455990282607
"TGI_percent_Day_24_control_median",559,8,0.995455857327449,2.33783891683913e-07,1,0
"TGI_percent_Day_24_control_median",560,8,0.65330007424934,0.0789720531151608,0.24390243902439,0.560495956966516
"TGI_percent_Day_24_control_median",561,8,0.698026549236698,0.0541913955370052,0.615384615384616,0.104365016307875
"TGI_percent_Day_24_control_median",562,8,0.766370551631794,0.0265552063411851,0.662650602409638,0.07333419331769
"TGI_percent_Day_24_control_median",563,8,0.527504844700298,0.179092045416385,0.643835616438356,0.0849286568753826
"TGI_percent_Day_24_control_median",564,8,0.245597437171852,0.557687187646547,-0.27027027027027,0.517380169839457
"TGI_percent_Day_24_control_median",565,8,0.862878357701994,0.00580083430888785,0.846153846153846,0.00808525881177396
"TGI_percent_Day_24_control_median",566,8,0.884778150581905,0.00350137374681523,0.658536585365854,0.0757845840293002
"TGI_percent_Day_24_control_median",567,8,0.655273602793497,0.0777617381989537,0.439024390243902,0.276486445900293
"TGI_percent_Day_24_control_median",568,8,0.671401481907908,0.0682786911186886,0.414634146341463,0.307070866237017
"TGI_percent_Day_24_control_median",569,8,0.872808459011586,0.00466592531087502,0.902439024390244,0.00215494723497795
"TGI_percent_Day_24_control_median",570,8,0.63318084974316,0.0919374706152388,0.620253164556962,0.100875222859378
"TGI_percent_Day_24_control_median",571,8,0.945658687982183,0.000384999320605555,0.772151898734177,0.0247485870017686
"TGI_percent_Day_24_control_median",572,8,0.921054250781243,0.00115837883925893,0.851851851851852,0.00725239908517074
"TGI_percent_Day_24_control_median",573,8,0.3863777709165,0.344414352408399,0.342465753424658,0.406316873398979
"TGI_percent_Day_24_control_median",574,8,0.596538012575782,0.118516069243669,0.392405063291139,0.336280494675457
"TGI_percent_Day_24_control_median",575,8,0.923278786919242,0.0010650146164636,0.780487804878049,0.0222809739808402
"TGI_percent_Day_24_control_median",576,8,0.932202955495704,0.000739986026171581,0.951219512195122,0.000279674283468003
"TGI_percent_Day_24_control_median",577,8,0.888434331786631,0.0031876130539945,0.710843373493976,0.0480922136045094
"TGI_percent_Day_24_control_median",578,8,0.831606904110233,0.0104806181196805,0.62962962962963,0.0943451651056068
"TGI_percent_Day_24_control_median",579,8,0.651663586636876,0.0799839647171941,0.658536585365854,0.0757845840293002
"TGI_percent_Day_24_control_median",580,8,0.771381528929244,0.0249847825861313,0.658536585365854,0.0757845840293002
"TGI_percent_Day_24_control_median",581,8,0.672039645520115,0.0679183215820184,0.555555555555556,0.152822232383275
"TGI_percent_Day_24_control_median",582,8,0.654786716565141,0.0780593175948931,0.24390243902439,0.560495956966516
"TGI_percent_Day_24_control_median",583,8,0.862033677703989,0.00590476640617038,0.367088607594937,0.371042516598345
"TGI_percent_Day_24_control_median",584,8,0.680864111866265,0.0630502515968341,0.609756097560976,0.108484275261192
"TGI_percent_Day_24_control_median",585,8,0.654486978403541,0.0782428449052591,0.536585365853659,0.170340970786708
"TGI_percent_Day_24_control_median",586,8,0.865880305993055,0.00544097108671435,0.925925925925926,0.000960491276443564
"TGI_percent_Day_24_control_median",587,8,0.91955645076861,0.00122415442076369,0.925925925925926,0.000960491276443564
"TGI_percent_Day_24_control_median",588,8,0.923173685118617,0.00106931094913356,0.731707317073171,0.0390863390212493
"TGI_percent_Day_24_control_median",589,8,0.693397980514894,0.0565019905906457,0.481481481481481,0.227042659068039
"TGI_percent_Day_24_control_median",590,8,0.592360517275014,0.121791204338695,0.407407407407407,0.316429397723464
"TGI_percent_Day_24_control_median",591,8,0.724457282227548,0.0420879564514878,0.753086419753086,0.0310085131644479
"TGI_percent_Day_24_control_median",592,8,0.713994950692116,0.0466591323391995,0.469879518072289,0.240065454942807
"TGI_percent_Day_24_control_median",593,8,0.527825683834668,0.178778828807473,0.425,0.29388235961914
"TGI_percent_Day_24_control_median",594,8,0.994393698096743,4.3867367076539e-07,1,0
"TGI_percent_Day_24_control_median",595,8,0.379673565457395,0.353566873941271,0.146341463414634,0.729502115730517
"TGI_percent_Day_24_control_median",596,8,0.635482619632934,0.0903960599146408,0.307692307692308,0.458455990282607
"TGI_percent_Day_24_control_median",597,8,0.75162750861586,0.0315236564923499,0.536585365853659,0.170340970786708
"TGI_percent_Day_24_control_median",598,8,0.801535053940859,0.016749522626124,0.555555555555556,0.152822232383275
"TGI_percent_Day_24_control_median",599,8,0.762204444214395,0.0279061621724108,0.560975609756098,0.148007079914522
"TGI_percent_Day_24_control_median",600,8,0.982198386718691,1.39155894076182e-05,1,0
"TGI_percent_Day_24_control_median",601,8,0.57210769398195,0.138383078667889,0.24390243902439,0.560495956966516
"TGI_percent_Day_24_control_median",602,8,0.8523007379594,0.00718922616328074,0.560975609756098,0.148007079914522
"TGI_percent_Day_24_control_median",603,8,0.778474132827936,0.0228623678251169,0.822784810126582,0.0121299609627337
"TGI_percent_Day_24_control_median",604,8,0.871268169573735,0.00483165366423704,0.973684210526316,4.46660881693344e-05
"TGI_percent_Day_24_control_median",605,8,0.6824157490602,0.0622163882259922,0.34375,0.404442485421896
"TGI_percent_Day_24_control_median",606,8,0.669811088088186,0.0691816854024826,0.481481481481481,0.227042659068039
"TGI_percent_Day_24_control_median",607,8,0.646626265620362,0.0831460641212402,0.468354430379747,0.241804882823014
"TGI_percent_Day_24_control_median",608,8,0.473568924719497,0.235883960454672,0.0886075949367088,0.834728317893272
"TGI_percent_Day_24_control_median",609,8,0.68643359907954,0.0600877300012436,0.463414634146342,0.247482670349255
"TGI_percent_Day_24_control_median",610,8,0.70518514260987,0.0507309311482423,0.634146341463415,0.0912890821441658
"TGI_percent_Day_24_control_median",611,8,0.497069216373054,0.210134381894664,0.121951219512195,0.773598436910598
"TGI_percent_Day_24_control_median",612,8,0.797874706406224,0.0176413355750222,0.609756097560976,0.108484275261192
"TGI_percent_Day_24_control_median",613,8,0.912295084072858,0.00157760269591997,-0.111111111111111,0.793374993649342
"TGI_percent_Day_24_control_median",614,8,0.803414540165902,0.0163028125649441,0.62962962962963,0.0943451651056068
"TGI_percent_Day_24_control_median",615,8,0.31726701374321,0.443838351533428,0.605263157894737,0.111837768489366
"TGI_percent_Day_24_control_median",616,8,0.800724860773433,0.0169444258506462,0.645569620253164,0.0838184337745055
"TGI_percent_Day_24_control_median",617,8,0.655683291368494,0.0775118561893464,0.463414634146342,0.247482670349255
"TGI_percent_Day_24_control_median",618,8,0.992067184746468,1.24060792923003e-06,1,2.73691106313438e-47
"TGI_percent_Day_24_control_median",619,8,0.817109277568298,0.0132727024292927,0.6,0.11584
"TGI_percent_Day_24_control_median",620,8,0.885307436970793,0.0034547714405146,0.902439024390244,0.00215494723497795
"TGI_percent_Day_24_control_median",621,8,0.57501168630771,0.135931309029576,0.390243902439024,0.339186635335989
"TGI_percent_Day_24_control_median",622,8,0.917104880359525,0.00133698783519166,0.777777777777778,0.023065589595082
"TGI_percent_Day_24_control_median",623,8,0.892875976853499,0.00283164379032918,-0.2,0.63488
"TGI_percent_Day_24_control_median",624,8,0.737204252071749,0.036899945131964,0.407407407407407,0.316429397723464
"TGI_percent_Day_24_control_median",625,8,0.693464299988539,0.0564684760320571,0.772151898734177,0.0247485870017686
"TGI_percent_Day_24_control_median",626,8,0.474035921525511,0.23535734767541,0.45679012345679,0.255201343606103
"TGI_percent_Day_24_control_median",627,8,0.907495781996472,0.00184415084191639,0.853658536585366,0.00700028132287885
"TGI_percent_Day_24_control_median",628,8,0.780356755086422,0.0223185283262822,0.726027397260274,0.0414264515948147
"TGI_percent_Day_24_control_median",629,8,0.71905851880136,0.044411177827414,0.728395061728395,0.0404409294591197
"TGI_percent_Day_24_control_median",630,8,0.858140887041319,0.00639914891654079,0.62962962962963,0.0943451651056068
"TGI_percent_Day_24_control_median",631,8,0.620329051119021,0.100821364417763,0.317073170731707,0.444132360252344
"TGI_percent_Day_24_control_median",632,8,0.589617756037142,0.123968881273861,0.555555555555556,0.152822232383275
"TGI_percent_Day_24_control_median",633,8,0.81036863804296,0.0147152309946307,0.72972972972973,0.0398917240906803
"TGI_percent_Day_24_control_median",634,8,0.86012438233894,0.00614406738154314,0.780487804878049,0.0222809739808402
"TGI_percent_Day_24_control_median",635,8,0.521566859064729,0.184941971795759,0.121951219512195,0.773598436910598
"TGI_percent_Day_24_control_median",636,8,0.741966791871834,0.0350673486940388,0.848101265822785,0.00779410868380385
"TGI_percent_Day_24_control_median",637,8,0.796198060732153,0.0180595452500072,0.780487804878049,0.0222809739808402
"TGI_percent_Day_24_control_median",638,8,0.309615007564781,0.455505098236444,0.28,0.5017946112
"TGI_percent_Day_24_control_median",639,8,0.805204772363527,0.0158843338964281,0.662650602409638,0.07333419331769
"TGI_percent_Day_24_control_median",640,8,0.884634630703048,0.00351407981702334,0.5,0.20703125
"TGI_percent_Day_24_control_median",641,8,0.812454034720644,0.0142589231778234,0.804878048780488,0.0159601987985088
"TGI_percent_Day_24_control_median",642,8,0.660729269644801,0.0744726956896563,0.615384615384616,0.104365016307875
"TGI_percent_Day_24_control_median",643,8,0.791428714232913,0.0192828828195959,0.731707317073171,0.0390863390212493
"TGI_percent_Day_24_control_median",644,8,0.635437702071964,0.0904259954736218,0.463414634146342,0.247482670349255
"TGI_percent_Day_24_control_median",645,8,0.494776929498529,0.21257827510039,0.544303797468354,0.163088312636417
"TGI_percent_Day_24_control_median",646,8,0.674508346217987,0.0665348451366931,0.62962962962963,0.0943451651056068
"TGI_percent_Day_24_control_median",647,8,0.785883544583422,0.0207686905736809,0.734939759036145,0.0377913597475923
"TGI_percent_Day_24_control_median",648,8,0.881138610651149,0.00383283767693869,0.804878048780488,0.0159601987985088
"TGI_percent_Day_24_control_median",649,8,0.57365023956151,0.137077714165783,0.615384615384616,0.104365016307875
"TGI_percent_Day_24_control_median",650,8,0.557423572933035,0.151153132759347,0.53125,0.175454188138247
"TGI_percent_Day_24_control_median",651,8,0.714017894223403,0.0466487952328417,0.62962962962963,0.0943451651056068
"TGI_percent_Day_24_control_median",652,8,0.79137331932522,0.0192973865969272,0.560975609756098,0.148007079914522
"TGI_percent_Day_24_control_median",653,8,0.53420459867471,0.172612540719597,0.234567901234568,0.576051906571553
"TGI_percent_Day_24_control_median",654,8,0.591688071134878,0.12232310039156,0.518987341772152,0.187514534406167
"TGI_percent_Day_24_control_median",655,8,0.872717016284834,0.00467566050476097,0.777777777777778,0.023065589595082
"TGI_percent_Day_24_control_median",656,8,0.822599105659018,0.012166327928835,0.851851851851852,0.00725239908517074
"TGI_percent_Day_24_control_median",657,8,0.963451189928837,0.000118734869980452,0.925925925925926,0.000960491276443564
"TGI_percent_Day_24_control_median",658,8,0.175119353810293,0.678302387497681,-0.2,0.63488
"TGI_percent_Day_24_control_median",659,8,0.756753401244814,0.0297366382919206,0.468354430379747,0.241804882823014
"TGI_percent_Day_24_control_median",660,8,0.712458282494756,0.0473546193994814,0.614457831325301,0.105037035536878
"TGI_percent_Day_24_control_median",661,8,0.782709465941369,0.0216502904671579,0.662650602409638,0.07333419331769
"TGI_percent_Day_24_control_median",662,8,0.946268516124911,0.000372356177783208,0.925925925925926,0.000960491276443564
"TGI_percent_Day_24_control_median",663,8,0.719784559839639,0.0440943408116413,0.772151898734177,0.0247485870017686
"TGI_percent_Day_24_control_median",664,8,0.618815562105408,0.101898636842723,0.373493975903614,0.362100237410523
"TGI_percent_Day_24_control_median",665,8,0.667415358946823,0.0705551616782292,0.560975609756098,0.148007079914522
"TGI_percent_Day_24_control_median",666,8,0.731745466518809,0.0390709005619874,0.62962962962963,0.0943451651056068
"TGI_percent_Day_24_control_median",667,8,0.710482426919145,0.0482580123874682,0.341463414634146,0.407782409074504
"TGI_percent_Day_24_control_median",668,8,0.508158059428375,0.198520803671845,0.234567901234568,0.576051906571553
"TGI_percent_Day_24_control_median",669,8,0.655273602793497,0.0777617381989537,0.439024390243902,0.276486445900293
"TGI_percent_Day_24_control_median",670,8,0.734201258163782,0.0380848776979902,0.560975609756098,0.148007079914522
"TGI_percent_Day_24_control_median",671,8,0.93276150063528,0.000722156947369292,0.846153846153846,0.00808525881177396
"TGI_percent_Day_24_control_median",672,8,0.814891748809297,0.0137369384879039,0.848101265822785,0.00779410868380385
"TGI_percent_Day_24_control_median",673,8,0.711689353648017,0.0477049634978571,0.615384615384616,0.104365016307875
"TGI_percent_Day_24_control_median",674,8,0.985764539497717,7.13520076915854e-06,1,0
"TGI_percent_Day_24_control_median",675,8,0.927323227395425,0.000908131478291242,0.645569620253164,0.0838184337745055
"TGI_percent_Day_24_control_median",676,8,0.745552447009325,0.0337250745086119,0.62962962962963,0.0943451651056068
"TGI_percent_Day_24_control_median",677,8,0.631313614466505,0.0931989618497523,0.45679012345679,0.255201343606103
"TGI_percent_Day_24_control_median",678,8,0.671401481907908,0.0682786911186886,0.414634146341463,0.307070866237017
"TGI_percent_Day_24_control_median",679,8,0.91886591474389,0.00125528146243015,0.604938271604938,0.112082511292616
"TGI_percent_Day_24_control_median",680,8,0.771336551013174,0.0249986157610489,0.620253164556962,0.100875222859378
"TGI_percent_Day_24_control_median",681,8,0.840611246789787,0.00895153478134524,0.620253164556962,0.100875222859378
"TGI_percent_Day_24_control_median",682,8,0.756840045393143,0.0297069816221939,0.69620253164557,0.0550950655487157
"TGI_percent_Day_24_control_median",683,8,0.740940779583494,0.0354573394850254,0.291139240506329,0.484176479990479
"TGI_percent_Day_24_control_median",684,8,0.905694095315339,0.00195129021248556,0.875,0.00443649291992186
"TGI_percent_Day_24_control_median",685,8,0.884778150581905,0.00350137374681521,0.658536585365854,0.0757845840293002
"TGI_percent_Day_24_control_median",686,8,0.733251232949085,0.0384645023123648,0.682926829268293,0.0619431712593441
"TGI_percent_Day_24_control_median",687,8,0.747958169803893,0.0328424151288837,0.518987341772152,0.187514534406167
"TGI_percent_Day_24_control_median",688,8,0.529238295138414,0.177403275484972,0.365853658536585,0.37277785416078
"TGI_percent_Day_24_control_median",689,8,0.605414021730048,0.111724223222692,0.645569620253164,0.0838184337745055
"TGI_percent_Day_24_control_median",690,8,0.620901275649153,0.100415774185959,0.407407407407407,0.316429397723464
"TGI_percent_Day_24_control_median",691,8,0.779786105005335,0.0224825153345122,0.7,0.05322375
"TGI_percent_Day_24_control_median",692,8,0.636582950517244,0.0896645281925024,0.846153846153846,0.00808525881177396
"TGI_percent_Day_24_control_median",693,8,0.872867545544064,0.00465964176352256,0.620253164556962,0.100875222859378
"TGI_percent_Day_24_control_median",694,8,0.737336603971136,0.0368482458840889,0.375,0.360012054443359
"TGI_percent_Day_24_control_median",695,8,0.870586662730782,0.00490617045018517,0.536585365853659,0.170340970786708
"TGI_percent_Day_24_control_median",696,8,0.926212456341042,0.000949597783750448,0.670886075949367,0.0685705618098423
"TGI_percent_Day_24_control_median",697,8,0.677640734151387,0.0648036160708072,0.463414634146342,0.247482670349255
"TGI_percent_Day_24_control_median",698,8,0.817083327238121,0.0132780770153396,0.34375,0.404442485421896
"TGI_percent_Day_24_control_median",699,8,0.442132076431074,0.272702103726247,0.291139240506329,0.484176479990479
"TGI_percent_Day_24_control_median",700,8,0.732962391216689,0.0385803765440006,0.609756097560976,0.108484275261192
"TGI_percent_Day_24_control_median",701,8,0.927918066173686,0.000886420711599988,0.89873417721519,0.00240296148046003
"TGI_percent_Day_24_control_median",702,8,0.564420270437815,0.144990875624282,0.24390243902439,0.560495956966516
"TGI_percent_Day_24_control_median",703,8,-0.237842384436733,0.570578245962175,-0.777777777777778,0.023065589595082
"TGI_percent_Day_24_control_median",704,8,0.770489887589868,0.0252598962229935,0.848101265822785,0.00779410868380385
"TGI_percent_Day_24_control_median",705,8,0.560896582180822,0.148076679338571,0.0886075949367088,0.834728317893272
"TGI_percent_Day_24_control_median",706,8,0.825746065394141,0.0115593055271949,0.904761904761905,0.00200827550542946
"TGI_percent_Day_24_control_median",707,8,0.598639685386986,0.116887386527084,0.842105263157895,0.0087124949365918
"TGI_percent_Day_24_control_median",708,8,0.796694608329457,0.0179350511907085,0.721518987341772,0.043343002111805
"TGI_percent_Day_24_control_median",709,8,0.70064829959333,0.0529081448981673,0.620253164556962,0.100875222859378
"TGI_percent_Day_24_control_median",710,8,0.761950022610747,0.0279900071706629,0.407407407407407,0.316429397723464
"TGI_percent_Day_24_control_median",711,8,0.826573550482153,0.0114029403973001,0.560975609756098,0.148007079914522
"TGI_percent_Day_24_control_median",712,8,0.851038080162074,0.00736782436981784,0.731707317073171,0.0390863390212493
"TGI_percent_Day_24_control_median",713,8,0.677618062832698,0.0648160492149648,0.469879518072289,0.240065454942807
"TGI_percent_Day_24_control_median",714,8,0.739060493299943,0.036178894480538,0.317073170731707,0.444132360252344
"TGI_percent_Day_24_control_median",715,8,0.875866903858695,0.00434778146975554,0.851851851851852,0.00725239908517074
"TGI_percent_Day_24_control_median",716,8,0.731058139764948,0.0393496195351219,0.62962962962963,0.0943451651056068
"TGI_percent_Day_24_control_median",717,8,0.649900962247939,0.081082296074722,0.51219512195122,0.194378892157874
"TGI_percent_Day_24_control_median",718,8,0.883298548838499,0.00363379534409104,0.620253164556962,0.100875222859378
"TGI_percent_Day_24_control_median",719,8,0.969587988404587,6.87252864443331e-05,0.974683544303797,3.97984255471566e-05
"TGI_percent_Day_24_control_median",720,8,0.492698021692818,0.214807410606867,0.121951219512195,0.773598436910598
"TGI_percent_Day_24_control_median",721,8,0.837418389390252,0.00947626058005454,0.731707317073171,0.0390863390212493
"TGI_percent_Day_24_control_median",722,8,0.756840045393143,0.0297069816221939,0.69620253164557,0.0550950655487157
"TGI_percent_Day_24_control_median",723,8,0.923126653973056,0.00107123713886423,0.670886075949367,0.0685705618098423
"TGI_percent_Day_24_control_median",724,8,0.934529035499222,0.000667595126801724,0.615384615384616,0.104365016307875
"TGI_percent_Day_24_control_median",725,8,0.891403189775178,0.00294666475299558,0.853658536585366,0.00700028132287885
"TGI_percent_Day_24_control_median",726,8,0.94449490568838,0.00040990352464065,0.902439024390244,0.00215494723497795
"TGI_percent_Day_24_control_median",727,8,0.86753705234485,0.00524865387476288,0.924050632911392,0.00103380815542862
"TGI_percent_Day_24_control_median",728,8,0.872867545544064,0.00465964176352256,0.620253164556962,0.100875222859378
"TGI_percent_Day_24_control_median",729,8,0.758343265564756,0.0291953520806983,0.542168674698795,0.165077483817168
"TGI_percent_Day_24_control_median",730,8,0.507007077349579,0.199710124010178,-0.0632911392405063,0.881645645130732
"TGI_percent_Day_24_control_median",731,8,0.884958469678391,0.0034854518484988,0.620253164556962,0.100875222859378
"TGI_percent_Day_24_control_median",732,8,0.775537311019516,0.0237270314416774,0.390243902439024,0.339186635335989
"TGI_percent_Day_24_control_median",733,8,0.929914662376986,0.000816035413378893,0.746835443037975,0.033252559177418
"TGI_percent_Day_24_control_median",734,8,0.932285142022086,0.00073734470754743,0.772151898734177,0.0247485870017686
"TGI_percent_Day_24_control_median",735,8,0.866728166934849,0.00534199571929137,0.525,0.181547481689453
"TGI_percent_Day_24_control_median",736,8,0.63822325971739,0.0885803853814248,0.054054054054054,0.898845897271193
"TGI_percent_Day_24_control_median",737,8,0.638563484606885,0.088356473835742,0.702702702702703,0.0519154430428595
"TGI_percent_Day_24_control_median",738,8,0.96533584564301,0.000101442979126518,0.846153846153846,0.00808525881177396
"TGI_percent_Day_24_control_median",739,8,0.549348537590828,0.15844045994993,0.375,0.360012054443359
"TGI_percent_Day_24_control_median",740,8,0.75351435616876,0.0308583960674083,0.682926829268293,0.0619431712593441
"TGI_percent_Day_24_control_median",741,8,0.529411021252395,0.17723547177865,0.225,0.592147037353516
"TGI_percent_Day_24_control_median",742,8,0.935180939077432,0.000648175227846002,0.974683544303797,3.97984255471566e-05
"TGI_percent_Day_24_control_median",743,8,0.997287575719028,4.97884912710191e-08,1,0
"TGI_percent_Day_24_control_median",744,8,0.791085943129838,0.0193727381741001,0.917808219178082,0.00130395207243573
"TGI_percent_Day_24_control_median",745,8,0.910752248759621,0.00166034801350092,0.925925925925926,0.000960491276443564
"TGI_percent_Day_24_control_median",746,8,0.81729326567219,0.0132346358859006,0.62962962962963,0.0943451651056068
"TGI_percent_Day_24_control_median",747,8,0.63318084974316,0.0919374706152388,0.620253164556962,0.100875222859378
"TGI_percent_Day_24_control_median",748,8,0.751197730316666,0.0316764063833997,0.62962962962963,0.0943451651056068
"TGI_percent_Day_24_control_median",749,8,0.740302265536774,0.0357013723917634,0.731707317073171,0.0390863390212493
"TGI_percent_Day_24_control_median",750,8,0.516349366848776,0.190164968572363,0.0886075949367088,0.834728317893272
"TGI_percent_Day_24_control_median",751,8,0.965401926943533,0.000100868993462199,0.974683544303797,3.97984255471566e-05
"TGI_percent_Day_24_control_median",752,8,0.511600737921917,0.19498581661369,0.234567901234568,0.576051906571553
"TGI_percent_Day_24_control_median",753,8,0.867254322778748,0.00528115965661933,0.620253164556962,0.100875222859378
"TGI_percent_Day_24_control_median",754,8,0.805204772363527,0.0158843338964281,0.662650602409638,0.07333419331769
"TGI_percent_Day_24_control_median",755,8,0.5185992985078,0.187903169548381,0.307692307692308,0.458455990282607
"TGI_percent_Day_24_control_median",756,8,0.77424840641569,0.0241128165684418,0.560975609756098,0.148007079914522
"TGI_percent_Day_24_control_median",757,8,0.662908851021009,0.073181950762129,0.493670886075949,0.213762737730047
"TGI_percent_Day_24_control_median",758,8,0.872093344079788,0.00474240632098806,0.62962962962963,0.0943451651056068
"TGI_percent_Day_24_control_median",759,8,0.0803563910513251,0.849979101909166,-0.164556962025316,0.696980493011756
"TGI_percent_Day_24_control_median",760,8,0.906294985298733,0.00191512034757513,0.594936708860759,0.119765536998206
"TGI_percent_Day_24_control_median",761,8,0.615421775173866,0.104338122782688,0.113924050632911,0.788233439851227
"TGI_percent_Day_24_control_median",762,8,0.836619908273572,0.00961046506174303,0.925925925925926,0.000960491276443564
"TGI_percent_Day_24_control_median",763,8,0.772187417829182,0.0247377303256818,0.746835443037975,0.033252559177418
"TGI_percent_Day_24_control_median",764,8,0.713352645632128,0.0469490810475994,0.316455696202532,0.445069441835733
"TGI_percent_Day_24_control_median",765,8,0.594208007659269,0.12033657621693,0.373493975903614,0.362100237410523
"TGI_percent_Day_24_control_median",766,8,0.773542162668717,0.0243258419071442,0.615384615384616,0.104365016307875
"TGI_percent_Day_24_control_median",767,8,0.746936417495898,0.0332155444570858,0.842105263157895,0.0087124949365918
"TGI_percent_Day_24_control_median",768,8,0.911511151143596,0.00161930262969929,0.848101265822785,0.00779410868380385
"TGI_percent_Day_24_control_median",769,8,0.825668159755911,0.0115740963287676,0.783132530120482,0.0215314655741672
"TGI_percent_Day_24_control_median",770,8,-0.0845770672630972,0.842172630308994,-0.538461538461539,0.16856229446825
"TGI_percent_Day_24_control_median",771,8,0.793201643318907,0.0188222738754004,0.544303797468354,0.163088312636417
"TGI_percent_Day_24_control_median",772,8,0.921960599052313,0.00111972063149412,0.772151898734177,0.0247485870017686
"TGI_percent_Day_24_control_median",773,8,0.895512701999172,0.00263305691996899,0.951219512195122,0.000279674283468003
"TGI_percent_Day_24_control_median",774,8,0.908195279729405,0.00180360853174245,0.80722891566265,0.0154193727622323
"TGI_percent_Day_24_control_median",775,8,0.675855392746883,0.0657870399291728,0.51219512195122,0.194378892157874
"TGI_percent_Day_24_control_median",776,8,0.659064945691444,0.0754672358283238,0.414634146341463,0.307070866237017
"TGI_percent_Day_24_control_median",777,8,0.724545692377519,0.0420505394428205,0.835616438356164,0.00978082574112047
"TGI_percent_Day_24_control_median",778,8,0.75465236088256,0.0304613672929164,0.794871794871795,0.0183947102705782
"TGI_percent_Day_24_control_median",779,8,0.820185776614157,0.01264521004691,0.686746987951807,0.0599235467192919
"TGI_percent_Day_24_control_median",780,8,0.449862599006838,0.26340032301279,0.135802469135802,0.74848368865351
"TGI_percent_Day_24_control_median",781,8,0.853121961684396,0.00707456466237257,0.7,0.05322375
"TGI_percent_Day_24_control_median",782,8,0.772787833948928,0.0245546548332272,0.662650602409638,0.07333419331769
"TGI_percent_Day_24_control_median",783,8,0.911911977896682,0.0015978929111026,0.594936708860759,0.119765536998206
"TGI_percent_Day_24_control_median",784,8,0.818381825673428,0.013010824432273,0.746835443037975,0.033252559177418
"TGI_percent_Day_24_control_median",785,8,0.7091727778654,0.0488624803775235,0.414634146341463,0.307070866237017
"TGI_percent_Day_24_control_median",786,8,0.783599124388013,0.0214008859029629,0.605263157894737,0.111837768489366
"TGI_percent_Day_24_control_median",787,8,0.660010624710754,0.0749011826697589,0.658536585365854,0.0757845840293002
"TGI_percent_Day_24_control_median",788,8,0.922302267873024,0.00110536911720921,0.780487804878049,0.0222809739808402
"TGI_percent_Day_24_control_median",789,8,0.972420170850993,5.13674233942728e-05,0.828571428571429,0.0110309466293806
"TGI_percent_Day_24_control_median",790,8,0.648529240265817,0.0819430992517144,0.439024390243902,0.276486445900293
"TGI_percent_Day_24_control_median",791,8,0.764494663828448,0.0271583861901379,0.333333333333333,0.419753086419753
"TGI_percent_Day_24_control_median",792,8,0.774763371132271,0.0239582184723658,0.731707317073171,0.0390863390212493
"TGI_percent_Day_24_control_median",793,8,0.894419009741466,0.00271429567437854,0.726027397260274,0.0414264515948147
"TGI_percent_Day_24_control_median",794,8,0.772742801210948,0.0245683567509103,0.682926829268293,0.0619431712593441
"TGI_percent_Day_24_control_median",795,8,0.900819017930423,0.00226124188536662,0.620253164556962,0.100875222859378
"TGI_percent_Day_24_control_median",796,8,0.597623811049607,0.117673045054183,0.560975609756098,0.148007079914522
"TGI_percent_Day_24_control_median",797,8,0.684541961001139,0.0610844334519831,0.45679012345679,0.255201343606103
"TGI_percent_Day_24_control_median",798,8,0.930074540367599,0.000810563170444002,0.851851851851852,0.00725239908517074
"TGI_percent_Day_24_control_median",799,8,0.685738521754278,0.0604528327672508,0.69620253164557,0.0550950655487157
"TGI_percent_Day_24_control_median",800,8,0.914659952485191,0.00145605825013898,0.974683544303797,3.97984255471566e-05
"TGI_percent_Day_24_control_median",801,8,0.883027085352546,0.00365843591332242,0.34375,0.404442485421896
"TGI_percent_Day_24_control_median",802,8,0.760736689978915,0.02839199851702,0.728395061728395,0.0404409294591197
"TGI_percent_Day_24_control_median",803,8,0.501545153175235,0.205404954827509,0.0886075949367088,0.834728317893272
"TGI_percent_Day_24_control_median",804,8,0.725276977503102,0.0417418178154692,0.62962962962963,0.0943451651056068
"TGI_percent_Day_24_control_median",805,8,0.787744018389168,0.0202625127067956,0.924050632911392,0.00103380815542862
"TGI_percent_Day_24_control_median",806,8,0.791373319325219,0.0192973865969273,0.560975609756098,0.148007079914522
"TGI_percent_Day_24_control_median",807,8,0.376947266903917,0.357320193357744,0.234567901234568,0.576051906571553
"TGI_percent_Day_24_control_median",808,8,0.714625586150225,0.0463755051660291,0.79746835443038,0.0177421304392543
"TGI_percent_Day_24_control_median",809,8,0.900490109246118,0.00228322955265334,0.753086419753086,0.0310085131644479
"TGI_percent_Day_24_control_median",810,8,0.758697187235745,0.0290756877488747,0.536585365853659,0.170340970786708
"TGI_percent_Day_24_control_median",811,8,0.659688881860477,0.075093487114039,0.390243902439024,0.339186635335989
"TGI_percent_Day_24_control_median",812,8,0.577147815061744,0.134143367149406,0.594936708860759,0.119765536998206
"TGI_percent_Day_24_control_median",813,8,0.91541803575578,0.00141842990710608,0.384615384615385,0.346809662449871
"TGI_percent_Day_24_control_median",814,8,0.757913585063743,0.0293410380831767,0.731707317073171,0.0390863390212493
"TGI_percent_Day_24_control_median",815,8,0.942418695473587,0.000456917426092972,0.924050632911392,0.00103380815542862
"TGI_percent_Day_24_control_median",816,8,0.133663472800253,0.752350016222736,-0.230769230769231,0.58242412326653
"TGI_percent_Day_24_control_median",817,8,0.675759062085271,0.0658403513910304,0.658536585365854,0.0757845840293002
"TGI_percent_Day_24_control_median",818,8,0.659486085672421,0.0752148462297938,0.468354430379747,0.241804882823014
"TGI_percent_Day_24_control_median",819,8,0.708815139365064,0.0490283361614966,0.566265060240964,0.143389618739712
"TGI_percent_Day_24_control_median",820,8,0.967184884612163,8.61809808963752e-05,0.726027397260274,0.0414264515948147
"TGI_percent_Day_24_control_median",821,8,0.747095664541461,0.0331572197700873,0.634146341463415,0.0912890821441658
"TGI_percent_Day_24_control_median",822,8,0.934703605481249,0.000662357923038082,0.825,0.0117014416503906
"TGI_percent_Day_24_control_median",823,8,0.8187748739952,0.0129306031534543,0.731707317073171,0.0390863390212493
"TGI_percent_Day_24_control_median",824,8,0.705241040893845,0.0507044477659845,0.721518987341772,0.043343002111805
"TGI_percent_Day_24_control_median",825,8,0.828798638292489,0.0109891350422194,0.726027397260274,0.0414264515948147
"TGI_percent_Day_24_control_median",826,8,0.707419638020223,0.0496787408916139,0.382716049382716,0.34939965019076
"TGI_percent_Day_24_control_median",827,8,0.626489870769887,0.0965038286612447,0.24390243902439,0.560495956966516
"TGI_percent_Day_24_control_median",828,8,0.803159510576424,0.0163629836171722,0.783132530120482,0.0215314655741672
"TGI_percent_Day_24_control_median",829,8,0.837239289467453,0.00950625853258505,0.658536585365854,0.0757845840293002
"TGI_percent_Day_24_control_median",830,8,0.622135563916063,0.099544106013611,0.24390243902439,0.560495956966516
"TGI_percent_Day_24_control_median",831,8,0.917441317080718,0.00132111821137698,0.728395061728395,0.0404409294591197
"TGI_percent_Day_24_control_median",832,8,0.743947005019704,0.0343221032317946,0.44578313253012,0.268289002774831
"TGI_percent_Day_24_control_median",833,8,0.325115939460245,0.432001566431855,0.0886075949367088,0.834728317893272
"TGI_percent_Day_24_control_median",834,8,0.497069216373054,0.210134381894664,0.121951219512195,0.773598436910598
"TGI_percent_Day_24_control_median",835,8,0.708566994438338,0.0491436128215052,0.566265060240964,0.143389618739712
"TGI_percent_Day_24_control_median",836,8,0.891576335309917,0.00293298865962382,1,0
"TGI_percent_Day_24_control_median",837,8,0.753815281683215,0.0307531014017259,0.542168674698795,0.165077483817168
"TGI_percent_Day_24_control_median",838,8,0.85814088704132,0.00639914891654074,0.62962962962963,0.0943451651056068
"TGI_percent_Day_24_control_median",839,8,0.682022842231336,0.0624269168401286,0.0410958904109589,0.923031918656945
"TGI_percent_Day_24_control_median",840,8,0.747650239232591,0.0329545951059866,0.463414634146342,0.247482670349255
"TGI_percent_Day_24_control_median",841,8,-0.064727382476839,0.878974711851579,-0.753424657534246,0.0308898246525729
"TGI_percent_Day_24_control_median",842,8,0.426020180963812,0.292599486107813,0.113924050632911,0.788233439851227
"TGI_percent_Day_24_control_median",843,8,0.758343265564756,0.0291953520806985,0.542168674698795,0.165077483817168
"TGI_percent_Day_24_control_median",844,8,0.683745596376723,0.0615069565924105,0.585365853658537,0.127387674311883
"TGI_percent_Day_24_control_median",845,8,0.771336551013174,0.0249986157610489,0.620253164556962,0.100875222859378
"TGI_percent_Day_24_control_median",846,8,0.970080201225302,6.5466504774385e-05,0.848101265822785,0.00779410868380385
"TGI_percent_Day_24_control_median",847,8,0.834136734909327,0.0100355139706567,0.731707317073171,0.0390863390212493
"TGI_percent_Day_24_control_median",848,8,0.567498152950679,0.142324783014024,0.45679012345679,0.255201343606103
"TGI_percent_Day_24_control_median",849,8,0.876764476467292,0.00425714284342671,0.853658536585366,0.00700028132287885
"TGI_percent_Day_24_control_median",850,8,0.487435947081358,0.220503740729068,0.316455696202532,0.445069441835733
"TGI_percent_Day_24_control_median",851,8,0.472927144848047,0.236608649035011,0.24390243902439,0.560495956966516
"TGI_percent_Day_24_control_median",852,8,0.877150979775954,0.00421849080349539,0.925925925925926,0.000960491276443564
"TGI_percent_Day_24_control_median",853,8,0.960126463974124,0.000153785437431716,0.802469135802469,0.016526566994929
"TGI_percent_Day_24_control_median",854,8,0.998598249633281,6.87852551322075e-09,1,0
"TGI_percent_Day_24_control_median",855,8,0.79899141022275,0.0173661871278159,0.804878048780488,0.0159601987985088
"TGI_percent_Day_24_control_median",856,8,0.2896408799729,0.486532065375089,-0.164556962025316,0.696980493011756
"TGI_percent_Day_24_control_median",857,8,0.917089733972963,0.001337705193114,0.772151898734177,0.0247485870017686
"TGI_percent_Day_24_control_median",858,8,0.403083380450524,0.32209268576654,0.232876712328767,0.578885910188631
"TGI_percent_Day_24_control_median",859,8,0.687489816060335,0.059535449234834,0.620253164556962,0.100875222859378
"TGI_percent_Day_24_control_median",860,8,0.585201812312539,0.127520618877528,0.589041095890411,0.124429494317035
"TGI_percent_Day_24_control_median",861,8,0.658968845976787,0.0755248979620581,0.62962962962963,0.0943451651056068
"TGI_percent_Day_24_control_median",862,8,0.833743181469032,0.0101039532816424,0.848101265822785,0.00779410868380385
"TGI_percent_Day_24_control_median",863,8,0.870206394222346,0.00494806837418786,0.853658536585366,0.00700028132287885
"TGI_percent_Day_24_control_median",864,8,0.662908851021009,0.0731819507621291,0.493670886075949,0.213762737730047
"TGI_percent_Day_24_control_median",865,8,0.835888220892941,0.00973449710689823,0.7,0.05322375
"TGI_percent_Day_24_control_median",866,8,0.351896313834039,0.392640501337795,0.054054054054054,0.898845897271193
"TGI_percent_Day_24_control_median",867,8,0.791496267678324,0.0192652048419442,0.620253164556962,0.100875222859378
"TGI_percent_Day_24_control_median",868,8,0.671401481907908,0.0682786911186886,0.414634146341463,0.307070866237017
"TGI_percent_Day_24_control_median",869,8,0.854045257054266,0.00694705394841429,0.654320987654321,0.07834458818895
"TGI_percent_Day_24_control_median",870,8,0.805998854947254,0.0157008932061084,0.707317073170732,0.0497267470387709
"TGI_percent_Day_24_control_median",871,8,0.537425548064917,0.169543201515075,0.5,0.20703125
"TGI_percent_Day_24_control_median",872,8,0.47303460584598,0.236487226552498,0.135802469135802,0.74848368865351
"TGI_percent_Day_24_control_median",873,8,0.819896172780793,0.0127034626357785,0.734939759036145,0.0377913597475923
"TGI_percent_Day_24_control_median",874,8,0.761301706686754,0.0282043622141756,0.731707317073171,0.0390863390212493
"TGI_percent_Day_24_control_median",875,8,0.730179759867837,0.0397075682498968,0.923076923076923,0.00107327636125646
"TGI_percent_Day_24_control_median",876,8,0.815069057152584,0.0136994489743085,0.802469135802469,0.016526566994929
"TGI_percent_Day_24_control_median",877,8,0.722981846908682,0.0427153720763044,0.555555555555556,0.152822232383275
"TGI_percent_Day_24_control_median",878,8,0.891743539314409,0.00291982088724107,0.307692307692308,0.458455990282607
"TGI_percent_Day_24_control_median",879,8,0.635437702071964,0.0904259954736218,0.463414634146342,0.247482670349255
"TGI_percent_Day_24_control_median",880,8,0.796198060732153,0.0180595452500072,0.780487804878049,0.0222809739808402
"TGI_percent_Day_24_control_median",881,8,0.894422884768542,0.00271400501488643,0.923076923076923,0.00107327636125646
"TGI_percent_Day_24_control_median",882,8,0.794265410389714,0.0185492368875698,0.746835443037975,0.033252559177418
"TGI_percent_Day_24_control_median",883,8,0.413279786628557,0.308814545506114,0.0886075949367088,0.834728317893272
"TGI_percent_Day_24_control_median",884,8,0.65612448512578,0.0772432843796357,0.24390243902439,0.560495956966516
"TGI_percent_Day_24_control_median",885,8,0.772162888824047,0.0247452274837286,0.682926829268293,0.0619431712593441
"TGI_percent_Day_24_control_median",886,8,0.923173685118616,0.00106931094913356,0.731707317073171,0.0390863390212493
"TGI_percent_Day_24_control_median",887,8,0.885433650952202,0.00344371807146647,0.925925925925926,0.000960491276443564
"TGI_percent_Day_24_control_median",888,8,0.538023900763332,0.168976287692633,0.2,0.63488
"TGI_percent_Day_24_control_median",889,8,0.6583627906382,0.0758891407241096,0.392405063291139,0.336280494675457
"TGI_percent_Day_24_control_median",890,8,0.877930785011085,0.00414119613026136,0.367088607594937,0.371042516598345
"TGI_percent_Day_24_control_median",891,8,0.943108565121787,0.00044092342791063,0.853658536585366,0.00700028132287885
"TGI_percent_Day_24_control_median",892,8,0.834110989308593,0.0100399821382554,0.80722891566265,0.0154193727622323
"TGI_percent_Day_24_control_median",893,8,0.839041797784935,0.00920709057592688,0.615384615384616,0.104365016307875
"TGI_percent_Day_24_control_median",894,8,0.2896408799729,0.486532065375089,-0.164556962025316,0.696980493011756
"TGI_percent_Day_24_control_median",895,8,0.956992926261814,0.000192506313724128,0.972602739726027,5.03610200209817e-05
"TGI_percent_Day_24_control_median",896,8,0.794986672677385,0.0183655266225068,0.829268292682927,0.0109030266752834
"TGI_percent_Day_24_control_median",897,8,0.858026319317861,0.00641408577363673,0.974683544303797,3.97984255471566e-05
"TGI_percent_Day_24_control_median",898,8,0.744345984452445,0.0341731326614729,0.609756097560976,0.108484275261192
"TGI_percent_Day_24_control_median",899,8,0.276300006100452,0.507700142218233,0,1
"TGI_percent_Day_24_control_median",900,8,0.769661103300385,0.0255172894496573,0.780487804878049,0.0222809739808402
"TGI_percent_Day_24_control_median",901,8,0.91593763140604,0.00139300868800643,0.975308641975309,3.69400528358044e-05
"TGI_percent_Day_24_control_median",902,8,0.626489870769887,0.0965038286612449,0.24390243902439,0.560495956966516
"TGI_percent_Day_24_control_median",903,8,0.482073691219699,0.226387909483375,0.316455696202532,0.445069441835733
"TGI_percent_Day_24_control_median",904,8,0.583564373978923,0.128851910033691,0.135802469135802,0.74848368865351
"TGI_percent_Day_24_control_median",905,8,0.425560571779072,0.293177106148112,0.215189873417721,0.608801860963225
"TGI_percent_Day_24_control_median",906,8,0.899200911844992,0.00237074865585853,0.851851851851852,0.00725239908517074
"TGI_percent_Day_24_control_median",907,8,0.751197730316666,0.0316764063833998,0.62962962962963,0.0943451651056068
"TGI_percent_Day_24_control_median",908,8,0.790388725233096,0.0195563147652622,0.731707317073171,0.0390863390212493
"TGI_percent_Day_24_control_median",909,8,0.827493584143524,0.0112306653631384,0.62962962962963,0.0943451651056068
"TGI_percent_Day_24_control_median",910,8,0.799757886514113,0.0171788969018419,0.72972972972973,0.0398917240906803
"TGI_percent_Day_24_control_median",911,8,0.902968100591278,0.00212094899045182,0.924050632911392,0.00103380815542862
"TGI_percent_Day_24_control_median",912,8,0.437077770195203,0.278869997689224,0.780821917808219,0.0221854065027459
"TGI_percent_Day_24_control_median",913,8,0.758343265564756,0.0291953520806983,0.542168674698795,0.165077483817168
"TGI_percent_Day_24_control_median",914,8,0.917079986956805,0.00133816696055245,0.731707317073171,0.0390863390212493
"TGI_percent_Day_24_control_median",915,8,0.761927467325125,0.0279974477825625,0.0886075949367088,0.834728317893272
"TGI_percent_Day_24_control_median",916,8,0.9256478102699,0.000971142637381143,0.538461538461539,0.16856229446825
"TGI_percent_Day_24_control_median",917,8,0.88613197064492,0.00338297414325379,0.62962962962963,0.0943451651056068
"TGI_percent_Day_24_control_median",918,8,0.764436657320001,0.0271771712631112,0.682926829268293,0.0619431712593441
"TGI_percent_Day_24_control_median",919,8,0.669764669096483,0.0692081463630491,0.414634146341463,0.307070866237017
"TGI_percent_Day_24_control_median",920,8,0.966948454607954,8.80414183086351e-05,0.972972972972973,4.83603783960581e-05
"TGI_percent_Day_24_control_median",921,8,0.856415574811285,0.00662645289891158,0.45679012345679,0.255201343606103
"TGI_percent_Day_24_control_median",922,8,0.613216572189895,0.105940943220266,0.5,0.20703125
"TGI_percent_Day_24_control_median",923,8,0.880741764667753,0.00387015443625837,0.731707317073171,0.0390863390212493
"TGI_percent_Day_24_control_median",924,8,0.597623811049607,0.117673045054183,0.560975609756098,0.148007079914522
"TGI_percent_Day_24_control_median",925,8,0.82566815975591,0.0115740963287676,0.783132530120482,0.0215314655741672
"TGI_percent_Day_24_control_median",926,8,0.926504386784476,0.000938582352339262,0.702702702702703,0.0519154430428595
"TGI_percent_Day_24_control_median",927,8,0.839579944860211,0.00911894798937926,0.392405063291139,0.336280494675457
"TGI_percent_Day_24_control_median",928,8,0.912863036783971,0.00154783231212815,0.925925925925926,0.000960491276443564
"TGI_percent_Day_24_control_median",929,8,0.729231459824771,0.0400962245146654,0.560975609756098,0.148007079914522
"TGI_percent_Day_24_control_median",930,8,0.349439015122561,0.396184470489234,-0.0769230769230769,0.856337178454751
"TGI_percent_Day_24_control_median",931,8,0.933106151788283,0.000711297121427603,0.925925925925926,0.000960491276443564
"TGI_percent_Day_24_control_median",932,8,0.502397391012375,0.20451083834047,0.135802469135802,0.74848368865351
"TGI_percent_Day_24_control_median",933,8,0.767926334333517,0.0260612877652747,-0.105263157894737,0.804084671089484
"TGI_percent_Day_24_control_median",934,8,0.786727871954073,0.0205380106189198,0.802469135802469,0.016526566994929
"TGI_percent_Day_24_control_median",935,8,0.937589804531091,0.000579633268323445,0.95,0.000300898437499997
"TGI_percent_Day_24_control_median",936,8,0.805872906917885,0.0157298992033678,0.707317073170732,0.0497267470387709
"TGI_percent_Day_24_control_median",937,8,0.976706475568579,3.10475512104759e-05,0.972972972972973,4.83603783960581e-05
"TGI_percent_Day_24_control_median",938,8,0.806687087653151,0.0155429853268594,0.69620253164557,0.0550950655487157
"TGI_percent_Day_24_control_median",939,8,0.645379406364407,0.0839398063987328,0.275,0.509781307373047
"TGI_percent_Day_24_control_median",940,8,0.472927144848047,0.236608649035011,0.24390243902439,0.560495956966516
"TGI_percent_Day_24_control_median",941,8,0.736839173910881,0.0370427810511466,0.518072289156627,0.188431668335035
"TGI_percent_Day_24_control_median",942,8,0.805872906917885,0.0157298992033678,0.707317073170732,0.0497267470387709
"TGI_percent_Day_24_control_median",943,8,0.95301763073238,0.000250215674556163,0.923076923076923,0.00107327636125646
"TGI_percent_Day_24_control_median",944,8,0.694219139226709,0.0560878543900558,0.518072289156627,0.188431668335035
"TGI_percent_Day_24_control_median",945,8,0.785244627441667,0.0209443178291509,0.731707317073171,0.0390863390212493
"TGI_percent_Day_24_control_median",946,8,0.810548959528793,0.0146754172233012,0.662650602409638,0.07333419331769
"TGI_percent_Day_24_control_median",947,8,0.772787833948928,0.0245546548332272,0.662650602409638,0.07333419331769
"TGI_percent_Day_24_control_median",948,8,0.473461078605225,0.236005659423609,0.289473684210526,0.486795192697768
"TGI_percent_Day_24_control_median",949,8,0.722227379112622,0.0430383789483929,0.658536585365854,0.0757845840293002
"TGI_percent_Day_24_control_median",950,8,0.841245783755796,0.00884950731547088,0.804878048780488,0.0159601987985088
"TGI_percent_Day_24_control_median",951,8,-0.0817908291788875,0.847324771857122,-0.538461538461539,0.16856229446825
"TGI_percent_Day_24_control_median",952,8,0.713994950692116,0.0466591323391995,0.469879518072289,0.240065454942807
"TGI_percent_Day_24_control_median",953,8,0.8523007379594,0.00718922616328074,0.560975609756098,0.148007079914522
"TGI_percent_Day_24_control_median",954,8,0.645672624855147,0.0837527507317087,0.463414634146342,0.247482670349255
"TGI_percent_Day_24_control_median",955,8,0.936335403908893,0.000614699493063508,0.902439024390244,0.00215494723497795
"TGI_percent_Day_24_control_median",956,8,0.871268169573735,0.00483165366423704,0.973684210526316,4.46660881693344e-05
"TGI_percent_Day_24_control_median",957,8,0.645536205172678,0.0838397480370247,0.560975609756098,0.148007079914522
"TGI_percent_Day_24_control_median",958,8,0.778106821579592,0.0229694234896411,0.772151898734177,0.0247485870017686
"TGI_percent_Day_24_control_median",959,8,0.909706441371967,0.0017180109544817,0.731707317073171,0.0390863390212493
"TGI_percent_Day_24_control_median",960,8,0.825143811101011,0.0116739581029443,0.79746835443038,0.0177421304392543
"TGI_percent_Day_24_control_median",961,8,0.536976704127431,0.169969135807237,0.102564102564103,0.809036692029818
"TGI_percent_Day_24_control_median",962,8,0.728141698041507,0.0405457022178824,1,0
"TGI_percent_Day_24_control_median",963,8,0.531745199589461,0.174976177211524,0.0886075949367088,0.834728317893272
"TGI_percent_Day_24_control_median",964,8,0.7367795424837,0.0370661436775256,0.5,0.20703125
"TGI_percent_Day_24_control_median",965,8,0.995274809796418,2.628194646748e-07,1,0
"TGI_percent_Day_24_control_median",966,8,0.466964405705081,0.243395821443379,0.215189873417721,0.608801860963225
"TGI_percent_Day_24_control_median",967,8,0.857559875193427,0.00647512896299829,0.289473684210526,0.486795192697768
"TGI_percent_Day_24_control_median",968,8,0.860370879368452,0.00611283012245843,0.615384615384616,0.104365016307875
"TGI_percent_Day_24_control_median",969,8,0.747073922376486,0.0331651791990393,0.686746987951807,0.0599235467192919
"TGI_percent_Day_24_control_median",970,8,0.741305480864432,0.0353184133163644,0.614457831325301,0.105037035536878
"TGI_percent_Day_24_control_median",971,8,0.306513826364857,0.460268502051757,0.0886075949367088,0.834728317893272
"TGI_percent_Day_24_control_median",972,8,0.621569803972808,0.099943111005981,0.291139240506329,0.484176479990479
"TGI_percent_Day_24_control_median",973,8,0.787839351385712,0.0202367848777954,0.45679012345679,0.255201343606103
"TGI_percent_Day_24_control_median",974,8,0.601889717547925,0.114393838520686,0.615384615384616,0.104365016307875
"TGI_percent_Day_24_control_median",975,8,0.876215028539947,0.00431248125899399,0.924050632911392,0.00103380815542862
"TGI_percent_Day_24_control_median",976,8,0.600438893343437,0.115503207287152,0.384615384615385,0.346809662449871
"TGI_percent_Day_24_control_median",977,8,0.679562125982946,0.0637550383645612,0.6,0.11584
"TGI_percent_Day_24_control_median",978,8,0.663901147715641,0.0725987014747114,0.24390243902439,0.560495956966516
"TGI_percent_Day_24_control_median",979,8,0.590693981381349,0.123111801334716,0.424657534246575,0.294313618526343
"TGI_percent_Day_24_control_median",980,8,0.607755157205279,0.109970593692266,0.333333333333333,0.419753086419753
"TGI_percent_Day_24_control_median",981,8,0.910563464214975,0.00167066247182154,0.822784810126582,0.0121299609627337
"TGI_percent_Day_24_control_median",982,8,0.927109267455766,0.000916024872408287,0.780487804878049,0.0222809739808402
"TGI_percent_Day_24_control_median",983,8,0.899912960717826,0.002322146330596,0.731707317073171,0.0390863390212493
"TGI_percent_Day_24_control_median",984,8,0.120174500488539,0.776832849076306,-0.341772151898734,0.407330756890686
"TGI_percent_Day_24_control_median",985,8,0.774628244232839,0.0239987254166791,0.662650602409638,0.07333419331769
"TGI_percent_Day_24_control_median",986,8,0.761366789002728,0.028182798277949,0.728395061728395,0.0404409294591197
"TGI_percent_Day_24_control_median",987,8,0.903092780639453,0.00211298811927368,0.780487804878049,0.0222809739808402
"TGI_percent_Day_24_control_median",988,8,0.657607931460433,0.0763442524485502,0.493670886075949,0.213762737730047
"TGI_percent_Day_24_control_median",989,8,0.764975514733433,0.027002973978432,0.746835443037975,0.033252559177418
"TGI_percent_Day_24_control_median",990,8,0.618815562105408,0.101898636842723,0.373493975903614,0.362100237410523
"TGI_percent_Day_24_control_median",991,8,0.875134763126196,0.00442262670833704,0.746835443037975,0.033252559177418
"TGI_percent_Day_24_control_median",992,8,0.973635222936527,4.49143288191888e-05,0.917808219178082,0.00130395207243573
"TGI_percent_Day_24_control_median",993,8,0.803414540165902,0.0163028125649441,0.62962962962963,0.0943451651056068
"TGI_percent_Day_24_control_median",994,8,0.626489870769887,0.096503828661245,0.24390243902439,0.560495956966516
"TGI_percent_Day_24_control_median",995,8,0.78646213784232,0.0206104392040874,0.731707317073171,0.0390863390212493
"TGI_percent_Day_24_control_median",996,8,0.932761500635281,0.000722156947369285,0.846153846153846,0.00808525881177396
"TGI_percent_Day_24_control_median",997,8,0.910225349655893,0.00168923974111787,0.848101265822785,0.00779410868380385
"TGI_percent_Day_24_control_median",998,8,0.618815562105408,0.101898636842723,0.373493975903614,0.362100237410523
"TGI_percent_Day_24_control_median",999,8,0.793514821706039,0.0187416314802082,0.924050632911392,0.00103380815542862
"TGI_percent_Day_24_control_median",1000,8,0.565270743065255,0.144251455125103,0.234567901234568,0.576051906571553
